<COLLADA xmlns="http://www.collada.org/2005/11/COLLADASchema" version="1.4.1">
  <asset>
    <created>2026-09-03T21:36:14.749297</created>
    <modified>2026-09-03T21:36:14.749303</modified>
    <up_axis>Y_UP</up_axis>
  </asset>
  <library_effects>
    <effect id="daefcf6c5e664b4c925fcc9716920bb0" name="daefcf6c5e664b4c925fcc9716920bb0">
      <profile_COMMON>
        <technique sid="common">
          <phong>
            <emission>
              <color>0.0 0.0 0.0 1.0</color>
            </emission>
            <ambient>
              <color>0.0 0.0 0.0 1.0</color>
            </ambient>
            <diffuse>
              <color>0.0 0.0 0.0 1.0</color>
            </diffuse>
            <specular>
              <color>0.0 0.0 0.0 1.0</color>
            </specular>
            <shininess>
              <float>0.0</float>
            </shininess>
            <reflective>
              <color>0.0 0.0 0.0 1.0</color>
            </reflective>
            <reflectivity>
              <float>0.0</float>
            </reflectivity>
            <transparent>
              <color>0.0 0.0 0.0 1.0</color>
            </transparent>
            <transparency>
              <float>1.0</float>
            </transparency>
          </phong>
        </technique>
        <extra>
          <technique profile="GOOGLEEARTH">
            <double_sided>0</double_sided>
          </technique>
        </extra>
      </profile_COMMON>
    </effect>
  </library_effects>
  <library_geometries>
    <geometry id="847665e1e0424ff8802821bfd3750ede" name="c85b6ce1de3c4c11a67adfc197d9b984">
      <mesh>
        <source id="verts-array">
          <float_array count="17928" id="verts-array-array">0.02547 0.0003033373 0.0103422 0.022 0 0.01 0.02515678 0.0004792381 0.008566437 0.02504374 0.00461305 0.01084429 0.02473052 0.004788951 0.009068529 0.02157374 0.004309712 0.01050209 0.0239977 0.0005267275 0.007174798 0.02357144 0.00483644 0.00767689 0.02230334 0.0004330807 0.006540169 0.02187708 0.004742793 0.007042261 0.0205277 0.0002233902 0.0068326 0.02010144 0.004533103 0.007334691 0.01914656 -4.615745e-05 0.007973732 0.0187203 0.004263555 0.008475824 0.01853 -0.0003033373 0.009657801 0.01810374 0.004006375 0.01015989 0.01884322 -0.0004792381 0.01143356 0.01841697 0.003830474 0.01193566 0.0200023 -0.0005267275 0.0128252 0.01957605 0.003782985 0.01332729 0.02169666 -0.0004330807 0.01345983 0.02127041 0.003876632 0.01396192 0.0234723 -0.0002233902 0.0131674 0.02304604 0.004086322 0.01366949 0.02485344 4.615745e-05 0.01202627 0.02442718 0.00435587 0.01252836 0.02481066 0.005173162 0.01151543 0.02480872 0.005390564 0.009716786 0.0235484 0.00931587 0.01201752 0.02354646 0.009533272 0.01021888 0.02031149 0.00845242 0.01100418 0.02393997 0.005318353 0.008128568 0.02267771 0.009461061 0.008630659 0.02243719 0.004975878 0.007176332 0.02117494 0.009118586 0.007678424 0.02070305 0.004454904 0.007115232 0.0194408 0.008597612 0.007617324 0.01920222 0.003895026 0.007961638 0.01793996 0.008037735 0.00846373 0.01833683 0.003446263 0.009488757 0.01707458 0.007588971 0.009990849 0.01833877 0.003228861 0.0112874 0.01707651 0.007371569 0.01178949 0.01920752 0.003301071 0.01287562 0.01794526 0.00744378 0.01337771 0.02071029 0.003643547 0.01382785 0.01944804 0.007786255 0.01432994 0.02244443 0.004164521 0.01388895 0.02118218 0.008307229 0.01439104 0.02394527 0.004724399 0.01304255 0.02268301 0.008867106 0.01354464 0.02311801 0.009743442 0.01264939 0.02338752 0.01011876 0.01089757 0.02106867 0.01355861 0.01315148 0.02133818 0.01393393 0.01139966 0.01826215 0.01226759 0.01150628 0.02283281 0.01004758 0.009174312 0.02078347 0.01386275 0.009676404 0.02160251 0.009548977 0.00794137 0.01955317 0.01336415 0.008443463 0.02002629 0.008756556 0.007529107 0.01797695 0.01257173 0.008031199 0.01852648 0.007882642 0.008047988 0.01647714 0.01169781 0.00855008 0.01750497 0.0071614 0.009358979 0.01545563 0.01097657 0.009861072 0.01723546 0.006786085 0.0111108 0.01518612 0.01060126 0.01161289 0.01779017 0.006857264 0.01283406 0.01574083 0.01067244 0.01333615 0.01902047 0.007355864 0.014067 0.01697113 0.01117104 0.01456909 0.02059669 0.008148285 0.01447926 0.01854736 0.01196346 0.01498135 0.0220965 0.0090222 0.01396038 0.02004716 0.01283737 0.01446247 0.02050704 0.01378801 0.0137196 0.02096649 0.01441341 0.01208248 0.01775003 0.01712781 0.01422169 0.01820949 0.0177532 0.01258457 0.01550514 0.01560739 0.01200837 0.02070132 0.01446384 0.01029097 0.01794431 0.01780363 0.01079306 0.01978257 0.01392578 0.008825094 0.01702556 0.01726558 0.009327186 0.01845643 0.01294342 0.008077644 0.01569942 0.01628321 0.008579736 0.01707823 0.01177996 0.008248893 0.01432122 0.01511976 0.008750984 0.01601726 0.01074717 0.009292955 0.01326025 0.01408697 0.009795046 0.01555781 0.01012178 0.01093007 0.0128008 0.01346157 0.01143217 0.01582298 0.01007135 0.01272159 0.01306598 0.01341114 0.01322368 0.01674173 0.0106094 0.01418746 0.01398472 0.0139492 0.01468955 0.01806788 0.01159177 0.01493491 0.01531087 0.01493156 0.015437 0.01944607 0.01275522 0.01476366 0.01668907 0.01609501 0.01526575 0.01714337 0.01712382 0.01470404 0.01768211 0.01805308 0.01324506 0.01378553 0.01985882 0.01520613 0.01432427 0.02078808 0.01374715 0.0121473 0.01834238 0.01251046 0.01763753 0.01832702 0.01145471 0.01427969 0.02106202 0.01195681 0.01702158 0.01787224 0.009812716 0.01366373 0.02060723 0.01031481 0.0159993 0.01681059 0.008759042 0.01264146 0.01954558 0.009261134 0.01484461 0.01542654 0.008576023 0.01148677 0.01816154 0.009078115 0.01386692 0.01409095 0.009312698 0.01050907 0.01682595 0.00981479 0.01332818 0.01316169 0.01077168 0.009970338 0.01589669 0.01127377 0.01337276 0.01288775 0.01256202 0.01001492 0.01562275 0.01306412 0.01398871 0.01334254 0.01420402 0.01063087 0.01607753 0.01470611 0.01501099 0.01440419 0.01525769 0.01165315 0.01713918 0.01575979 0.01616568 0.01578823 0.01544071 0.01280783 0.01852323 0.0159428 0.01322696 0.01962206 0.01558402 0.01372215 0.02086232 0.01435972 0.009398405 0.02164627 0.01608611 0.009893593 0.02288654 0.01486181 0.008318745 0.0203666 0.01301255 0.01379536 0.02142737 0.01263991 0.009966803 0.02345159 0.01314201 0.01342697 0.0211658 0.01088542 0.009598415 0.02319002 0.01138751 0.0127157 0.0201477 0.009566355 0.008887142 0.02217192 0.01006845 0.01185212 0.01864587 0.009036159 0.008023567 0.02067008 0.009538251 0.01106764 0.01706271 0.0094369 0.007239083 0.01908693 0.009938992 0.01057245 0.01582245 0.0106612 0.006743895 0.01784667 0.01116329 0.01049924 0.0152574 0.01238101 0.006670686 0.01728162 0.0128831 0.01086763 0.01551897 0.0141355 0.007039073 0.01754318 0.01463759 0.01157891 0.01653707 0.01545457 0.007750347 0.01856129 0.01595666 0.01244248 0.0180389 0.01598476 0.008613923 0.02006312 0.01648685 0.008973671 0.02121308 0.0163449 0.009309168 0.02272375 0.01540272 0.004822757 0.02244808 0.01684699 0.005158253 0.02395875 0.01590481 0.00416783 0.0216016 0.01351464 0.009379281 0.02360282 0.0138201 0.005228366 0.02483782 0.01432219 0.009165224 0.02361475 0.0120211 0.005014309 0.02484975 0.01252319 0.008724353 0.02275634 0.01048775 0.004573439 0.02399134 0.01098984 0.0081748 0.02125761 0.009630927 0.004023886 0.0224926 0.01013302 0.007663817 0.01952012 0.009680204 0.003512903 0.02075512 0.0101823 0.007328321 0.01800945 0.01062238 0.003177406 0.01924445 0.01112447 0.007258208 0.01713038 0.012205 0.003107294 0.01836538 0.0127071 0.007472265 0.01711845 0.01400401 0.003321351 0.01835345 0.0145061 0.007913135 0.01797686 0.01553735 0.003762221 0.01921186 0.01603944 0.008462688 0.0194756 0.01639418 0.004311773 0.0207106 0.01689627 0.004597054 0.02188495 0.01697665 0.004681225 0.02358392 0.0163531 0.0002846336 0.02228288 0.01747874 0.0003688043 0.02398184 0.0168552 -0.0001445911 0.02199952 0.01401674 0.004627832 0.02475172 0.01496899 0.0003154112 0.02514965 0.01547108 0.004451182 0.02507546 0.01319519 0.0001387608 0.02547338 0.01369728 0.004198608 0.02446837 0.01150699 -0.0001138135 0.02486629 0.01200908 0.003937786 0.02309314 0.01035673 -0.0003746346 0.02349106 0.01085883 0.003738605 0.02131825 0.01005264 -0.0005738158 0.02171617 0.01055473 0.003654434 0.01961928 0.01067619 -0.0006579865 0.02001721 0.01117828 0.003707827 0.01845148 0.0120603 -0.0006045934 0.0188494 0.01256239 0.003884478 0.01812775 0.0138341 -0.000427943 0.01852567 0.01433619 0.004137052 0.01873483 0.0155223 -0.0001753687 0.01913276 0.01602439 0.004397873 0.02011007 0.01667256 8.545243e-05 0.02050799 0.01717465 0.0002926079 0.02167626 0.01747424 7.239926e-05 0.0234525 0.01719349 -0.00401421 0.02122168 0.01797634 -0.004234419 0.02299793 0.01769558 -0.004451409 0.02154495 0.01451883 -0.0002059518 0.02483943 0.01606153 -0.00451277 0.02438486 0.01656362 -0.0004678613 0.0254654 0.01438167 -0.004774679 0.02501083 0.01488376 -0.0006431508 0.0251627 0.01260402 -0.004949969 0.02470813 0.01310611 -0.0006848517 0.02401242 0.01120491 -0.00499167 0.02355785 0.01170701 -0.0005817901 0.02232279 0.01055923 -0.004888608 0.02186822 0.01106132 -0.0003615814 0.02054654 0.01083998 -0.004668399 0.02009197 0.01134207 -8.323037e-05 0.01915962 0.01197194 -0.004390048 0.01870505 0.01247404 0.0001786791 0.01853365 0.01365181 -0.004128139 0.01807907 0.0141539 0.0003539686 0.01883635 0.01542945 -0.003952849 0.01838178 0.01593154 0.0003956695 0.01998662 0.01682856 -0.003911148 0.01953205 0.01733065 -0.003773783 0.02066468 0.01783786 -0.004304702 0.02239534 0.01791078 -0.007908106 0.01937523 0.01833995 -0.008439025 0.02110589 0.01841287 -0.008585731 0.0202555 0.01502092 -0.004874932 0.02389814 0.01707483 -0.009009255 0.02260869 0.01757692 -0.005331679 0.02477041 0.015554 -0.009466002 0.02348095 0.01605609 -0.005552558 0.02477841 0.0137558 -0.009686881 0.02348896 0.01425789 -0.005478385 0.02392001 0.01216205 -0.009612708 0.02263056 0.01266414 -0.005129035 0.02242522 0.0111998 -0.009263358 0.02113577 0.01170189 -0.004598115 0.02069456 0.01112688 -0.008732438 0.01940511 0.01162897 -0.004027886 0.01919176 0.01196283 -0.008162209 0.01790231 0.01246492 -0.003571139 0.0183195 0.01348366 -0.007705462 0.01703005 0.01398575 -0.00335026 0.01831149 0.01528186 -0.007484582 0.01702204 0.01578395 -0.003424432 0.01916989 0.01687561 -0.007558755 0.01788044 0.0173777 -0.007472131 0.01895335 0.01807285 -0.008272399 0.02052254 0.01849662 -0.01127375 0.01687898 0.01857495 -0.01207402 0.01844818 0.01899872 -0.01238735 0.01818113 0.01552301 -0.009156625 0.02202018 0.01798908 -0.01295824 0.01994582 0.01849117 -0.009887879 0.02304498 0.01668622 -0.0136895 0.02097061 0.01718831 -0.01027022 0.02332233 0.01493714 -0.01407184 0.02124796 0.01543924 -0.01020121 0.02277793 0.01321052 -0.01400283 0.02070356 0.01371261 -0.009699332 0.02155765 0.01196899 -0.01350095 0.01948328 0.01247108 -0.008899064 0.01998845 0.01154522 -0.01270068 0.01791408 0.01204731 -0.008014839 0.01849081 0.01205276 -0.01181646 0.01641645 0.01255485 -0.007283584 0.01746602 0.01335562 -0.0110852 0.01539165 0.01385771 -0.006901239 0.01718866 0.0151047 -0.01070286 0.0151143 0.01560679 -0.006970252 0.01773307 0.01683132 -0.01077187 0.0156587 0.01733342 -0.01070915 0.01665699 0.01818959 -0.01169606 0.01797362 0.01894778 -0.01403076 0.01387809 0.01869168 -0.01501766 0.01519473 0.01944988 -0.01570895 0.01540223 0.01602511 -0.0128682 0.01934586 0.01878831 -0.0161898 0.01656696 0.0192904 -0.0139115 0.02040601 0.01775391 -0.0172331 0.01762711 0.018256 -0.0145464 0.02087001 0.01612174 -0.017868 0.01809111 0.01662383 -0.01460279 0.02061352 0.01432914 -0.01792439 0.01783462 0.01483123 -0.01406555 0.01970528 0.01285644 -0.01738715 0.01692638 0.01335853 -0.01307864 0.01838864 0.01209824 -0.01640024 0.01560974 0.01260033 -0.0119065 0.0170164 0.01225771 -0.01522811 0.0142375 0.0127598 -0.01086321 0.01595625 0.01329212 -0.01418481 0.01317735 0.01379421 -0.01022831 0.01549226 0.01492429 -0.01354991 0.01271336 0.01542638 -0.01017192 0.01574874 0.01671689 -0.01349352 0.01296984 0.01721898 -0.0134242 0.01389005 0.01820299 -0.01448639 0.01490181 0.01926623 -0.01613707 0.0105143 0.01870508 -0.01719926 0.01152606 0.01976832 -0.01842182 0.01202649 0.0165272 -0.01587616 0.01604765 0.01946102 -0.01858903 0.01267191 0.01996311 -0.01722114 0.01702056 0.01873515 -0.01993401 0.01364481 0.01923724 -0.01816092 0.01755983 0.01728313 -0.02087379 0.01418409 0.01778522 -0.0184437 0.01752098 0.01549402 -0.02115657 0.01414524 0.01599611 -0.01799371 0.01691442 0.01384722 -0.02070658 0.01353867 0.01434931 -0.01693152 0.01590266 0.01278398 -0.01964439 0.01252692 0.01328607 -0.01554174 0.01475681 0.01258919 -0.01825461 0.01138107 0.01309129 -0.01419677 0.01378391 0.01331506 -0.01690964 0.01040816 0.01381715 -0.01325699 0.01324463 0.01476708 -0.01596986 0.009868887 0.01526917 -0.01297421 0.01328348 0.01655619 -0.01568708 0.009907737 0.01705828 -0.01558166 0.01075839 0.018132 -0.01659622 0.01145974 0.01945909 -0.01758067 0.006916609 0.01863409 -0.01859523 0.00761796 0.01996118 -0.02042084 0.008184709 0.01702929 -0.01809995 0.01231295 0.02000057 -0.02009896 0.00847117 0.02050266 -0.01968992 0.0130894 0.01961137 -0.02168894 0.009247624 0.02011346 -0.02094011 0.01358105 0.01839577 -0.02293913 0.009739271 0.01889786 -0.02151553 0.01365615 0.01667948 -0.02351454 0.009814374 0.01718158 -0.02126199 0.01329459 0.01492239 -0.023261 0.00945281 0.01542448 -0.02024743 0.01259324 0.01359531 -0.02224644 0.008751458 0.0140974 -0.0187437 0.01174003 0.01305382 -0.02074271 0.007898247 0.01355591 -0.01715372 0.01096357 0.01344302 -0.01915274 0.007121793 0.01394511 -0.01590353 0.01047193 0.01465863 -0.01790255 0.006630146 0.01516072 -0.01532812 0.01039682 0.01637491 -0.01732713 0.006555044 0.016877 -0.01716167 0.007355346 0.01799882 -0.018013 0.007788416 0.01953832 -0.01836936 0.003196404 0.01850091 -0.01922069 0.003629474 0.02004042 -0.02162853 0.004025767 0.01753138 -0.0195095 0.008327672 0.02040553 -0.02071719 0.00416873 0.02090763 -0.0212502 0.008828621 0.02036808 -0.02245789 0.00466968 0.02087017 -0.02276867 0.009157035 0.019436 -0.02397636 0.004998093 0.01993809 -0.02365804 0.009224915 0.01785905 -0.02486573 0.005065973 0.01836114 -0.02368 0.009014072 0.01605976 -0.02488769 0.00485513 0.01656185 -0.02282868 0.008581002 0.01452025 -0.02403637 0.00442206 0.01502234 -0.02133217 0.008041745 0.01365304 -0.02253986 0.003882804 0.01415514 -0.01959147 0.007540796 0.0136905 -0.02079916 0.003381854 0.01419259 -0.018073 0.007212383 0.01462258 -0.01928069 0.003053441 0.01512467 -0.01718363 0.007144503 0.01619953 -0.01839133 0.002985561 0.01670163 -0.01815108 0.003762449 0.01782807 -0.01874863 0.004010543 0.01952034 -0.01852065 -0.0005524935 0.01833016 -0.0191182 -0.0003043998 0.02002243 -0.0219981 -0.0002891759 0.01803347 -0.02011784 0.004262716 0.02067966 -0.02048741 -5.222684e-05 0.02118176 -0.02189185 0.004451399 0.02099541 -0.02226142 0.0001364558 0.0214975 -0.02359529 0.004526034 0.02038297 -0.02396486 0.0002110907 0.02088507 -0.02477174 0.004466623 0.01900645 -0.02514132 0.0001516796 0.01950854 -0.02510597 0.004289085 0.01723469 -0.02547555 -2.585837e-05 0.01773678 -0.02450843 0.004040991 0.01554242 -0.024878 -0.0002739521 0.01604452 -0.02313921 0.003788818 0.0143831 -0.02350878 -0.000526125 0.01488519 -0.02136521 0.003600135 0.01406735 -0.02173478 -0.0007148077 0.01456944 -0.01966176 0.0035255 0.01467979 -0.02003134 -0.0007894426 0.01518188 -0.01848531 0.003584911 0.01605631 -0.01885488 -0.0007300315 0.0165584 -0.0185366 5.397141e-05 0.01764583 -0.01882878 0.0002287879 0.01942528 -0.01805373 -0.004249766 0.01814792 -0.01834591 -0.004074949 0.01992737 -0.02151523 -0.004592913 0.01853557 -0.01997017 0.0002648164 0.0208318 -0.01948731 -0.004038921 0.02133389 -0.02165495 0.0001524031 0.02148851 -0.02117208 -0.004151334 0.0219906 -0.02343168 -7.833094e-05 0.02121944 -0.02294881 -0.004382068 0.02172153 -0.02482427 -0.0003655607 0.0200967 -0.0243414 -0.004669298 0.02059879 -0.0254596 -0.0006323233 0.01842112 -0.02497673 -0.00493606 0.01892321 -0.02516742 -0.0008071398 0.01664167 -0.02468455 -0.005110877 0.01714376 -0.02402602 -0.0008431682 0.01523515 -0.02354315 -0.005146905 0.01573724 -0.02234125 -0.000730755 0.01457844 -0.02185838 -0.005034492 0.01508053 -0.02056452 -0.0005000209 0.0148475 -0.02008165 -0.004803758 0.01534959 -0.01917193 -0.0002127911 0.01597025 -0.01868906 -0.004516528 0.01647234 -0.01830146 -0.003695974 0.0174786 -0.01828355 -0.003471488 0.01927628 -0.01698486 -0.007821733 0.01798069 -0.01696696 -0.007597247 0.01977838 -0.02019863 -0.008718672 0.01903766 -0.01913157 -0.003547487 0.02087549 -0.01781498 -0.007673245 0.02137758 -0.02061829 -0.003903606 0.02184772 -0.01930169 -0.008029365 0.02234981 -0.02234535 -0.004444425 0.02193245 -0.02102875 -0.008570184 0.02243455 -0.02384997 -0.005025032 0.021107 -0.02253337 -0.00915079 0.02160909 -0.024729 -0.005489852 0.01959253 -0.0234124 -0.00961561 0.02009462 -0.02474691 -0.005714338 0.01779485 -0.02343031 -0.009840097 0.01829694 -0.02389889 -0.00563834 0.01619564 -0.02258229 -0.009764099 0.01669773 -0.02241217 -0.00528222 0.01522341 -0.02109557 -0.009407979 0.0157255 -0.02068512 -0.004741401 0.01513867 -0.01936852 -0.008867159 0.01564077 -0.01918049 -0.004160795 0.01596413 -0.01786389 -0.008286553 0.01646622 -0.01742634 -0.007405623 0.01735234 -0.01714123 -0.007016144 0.01909859 -0.01532703 -0.01119353 0.01785443 -0.01504193 -0.01080405 0.01960068 -0.01809932 -0.01250658 0.01953975 -0.01767535 -0.007082856 0.02082851 -0.01557605 -0.01087076 0.02133061 -0.01888558 -0.007587884 0.02207858 -0.01678628 -0.01137579 0.02258067 -0.02044764 -0.008395905 0.02251383 -0.01834834 -0.01218381 0.02301593 -0.02194298 -0.009290412 0.02201765 -0.01984367 -0.01307832 0.02251974 -0.02297092 -0.01003172 0.02072298 -0.02087162 -0.01381963 0.02122507 -0.02325603 -0.0104212 0.01897673 -0.02115672 -0.0142091 0.01947882 -0.02272191 -0.01035449 0.0172468 -0.0206226 -0.01414239 0.01774889 -0.02151168 -0.009849461 0.01599673 -0.01941237 -0.01363736 0.01649882 -0.01994962 -0.009041439 0.01556148 -0.01785031 -0.01282934 0.01606357 -0.01845428 -0.008146932 0.01605766 -0.01635497 -0.01193484 0.01655976 -0.0158945 -0.01097897 0.01729138 -0.01542609 -0.0103345 0.01891853 -0.01309383 -0.01428224 0.01779347 -0.01262542 -0.01363777 0.01942062 -0.01529866 -0.01580984 0.02004184 -0.01567397 -0.01027204 0.02071214 -0.0128733 -0.01357531 0.02121423 -0.01657172 -0.01080832 0.02219161 -0.01377105 -0.01411159 0.0226937 -0.01787879 -0.01179965 0.02296051 -0.01507812 -0.01510291 0.0234626 -0.01924495 -0.01298039 0.02281282 -0.01644428 -0.01628366 0.02331492 -0.02030415 -0.01403418 0.02178812 -0.01750348 -0.01733745 0.02229021 -0.02077256 -0.01467865 0.02016097 -0.01797189 -0.01798192 0.02066306 -0.02052468 -0.01474111 0.01836736 -0.01772401 -0.01804438 0.01886945 -0.01962693 -0.01420483 0.01688789 -0.01682626 -0.0175081 0.01738998 -0.01831986 -0.01321351 0.01611899 -0.01551919 -0.01651677 0.01662108 -0.0169537 -0.01203276 0.01626667 -0.01415303 -0.01533603 0.01676876 -0.01370018 -0.01430217 0.01731754 -0.0131605 -0.01335186 0.01876254 -0.01030668 -0.0169928 0.01781964 -0.009766998 -0.01604248 0.01926464 -0.01190515 -0.01850047 0.02054393 -0.01319373 -0.01306016 0.02055033 -0.009800234 -0.01575079 0.02105242 -0.01379098 -0.01350524 0.02220187 -0.01039748 -0.01619587 0.02270396 -0.01479221 -0.01456783 0.02327463 -0.01139871 -0.01725846 0.02377672 -0.01592914 -0.01596322 0.02348117 -0.01253564 -0.01865385 0.02398326 -0.01689713 -0.01731751 0.02276614 -0.01350363 -0.02000814 0.02326823 -0.01743681 -0.01826783 0.02132114 -0.01404331 -0.02095845 0.02182323 -0.01740358 -0.01855952 0.01953335 -0.01401007 -0.02125015 0.02003544 -0.01680633 -0.01811445 0.01788181 -0.01341283 -0.02080507 0.0183839 -0.0158051 -0.01705185 0.01680905 -0.0124116 -0.01974248 0.01731114 -0.01466817 -0.01565646 0.01660251 -0.01127467 -0.01834709 0.01710461 -0.01085883 -0.01724416 0.01744928 -0.01037086 -0.01598409 0.01865613 -0.007003996 -0.01921788 0.01795137 -0.006516021 -0.01795781 0.01915823 -0.00805032 -0.02047419 0.02104603 -0.010294 -0.01539829 0.02036882 -0.006439161 -0.01737201 0.02087091 -0.01064884 -0.01564371 0.02212843 -0.006794009 -0.01761743 0.02263052 -0.01134032 -0.0166546 0.02346348 -0.007485485 -0.01862832 0.02396557 -0.01218314 -0.01816009 0.02401623 -0.008328307 -0.02013381 0.02451832 -0.01295148 -0.01975678 0.02363859 -0.009096644 -0.0217305 0.02414068 -0.01343945 -0.02101684 0.02243173 -0.009584618 -0.02299056 0.02293383 -0.01351631 -0.02160265 0.02071904 -0.009661479 -0.02357636 0.02122114 -0.01316146 -0.02135722 0.01895943 -0.00930663 -0.02333094 0.01946153 -0.01246999 -0.02034633 0.01762439 -0.008615155 -0.02232005 0.01812648 -0.01162717 -0.01884085 0.01707163 -0.007772332 -0.02081457 0.01757373 -0.007417195 -0.01966208 0.01770093 -0.007095966 -0.01813591 0.01862288 -0.003250406 -0.02084242 0.01820303 -0.002929177 -0.01931624 0.01912497 -0.00388353 -0.02165452 0.02154812 -0.007030455 -0.01723627 0.0201941 -0.002863666 -0.0184166 0.02069619 -0.007238216 -0.01720423 0.02199359 -0.003071427 -0.01838456 0.02249569 -0.00766358 -0.01804838 0.02353919 -0.00349679 -0.01922871 0.02404128 -0.00819257 -0.01954251 0.02441674 -0.004025781 -0.02072284 0.02491884 -0.008683444 -0.02128629 0.02439112 -0.004516655 -0.02246662 0.02489321 -0.009004673 -0.02281247 0.02346918 -0.004837884 -0.0239928 0.02397127 -0.009070184 -0.0237121 0.02189795 -0.004903395 -0.02489243 0.02240005 -0.008862423 -0.02374414 0.02009846 -0.004695634 -0.02492447 0.02060055 -0.00843706 -0.0229 0.01855286 -0.00427027 -0.02408033 0.01905495 -0.00790807 -0.02140586 0.01767531 -0.00374128 -0.02258619 0.0181774 -0.003461228 -0.02141128 0.01808221 -0.003396187 -0.01970348 0.01868352 0.0008560507 -0.02175249 0.0185843 0.0009210918 -0.02004469 0.01918561 0.0004337483 -0.02199572 0.02205021 -0.003461729 -0.01851846 0.02005238 0.0008555495 -0.01885966 0.02055448 -0.003640293 -0.01817374 0.02182204 0.000676986 -0.01851495 0.02232413 -0.003884031 -0.0187617 0.02351829 0.0004332472 -0.0191029 0.02402038 -0.004127636 -0.02012478 0.02468664 0.0001896426 -0.02046598 0.02518873 -0.004305833 -0.02189776 0.02501402 1.144589e-05 -0.02223896 0.02551611 -0.004370874 -0.02360556 0.02441272 -5.359518e-05 -0.02394676 0.02491481 -0.004305332 -0.02479058 0.02304385 1.194703e-05 -0.02513178 0.02354594 -0.004126768 -0.0251353 0.0212742 0.0001905105 -0.0254765 0.02177629 -0.003883029 -0.02454734 0.01957794 0.0004342494 -0.02488855 0.02008004 -0.003639425 -0.02318426 0.0184096 0.000677854 -0.02352546 0.01891169 0.0008799682 -0.02235869 0.0185978 0.0006387035 -0.02058163 0.01885516 0.005180439 -0.02184754 0.01909989 0.004939174 -0.02007049 0.01935725 0.004734219 -0.02148458 0.0225523 0.0003425212 -0.01918348 0.01996863 0.004642992 -0.01867233 0.02047073 7.078313e-05 -0.01853886 0.02163986 0.004371254 -0.01802772 0.02214196 -0.0001036987 -0.01882051 0.02342105 0.004196772 -0.01830937 0.02392314 -0.0001341721 -0.01995296 0.02483491 0.004166299 -0.01944181 0.02533701 -1.247164e-05 -0.02163276 0.02550262 0.004287999 -0.02112162 0.02600471 0.0002287931 -0.02340982 0.02524526 0.004529264 -0.02289867 0.02574735 0.0005249754 -0.02480797 0.02413178 0.004825446 -0.02429682 0.02463388 0.0007967135 -0.02545258 0.02246056 0.005097184 -0.02494144 0.02296265 0.0009711953 -0.02517093 0.02067937 0.005271666 -0.02465979 0.02118147 0.001001669 -0.02403849 0.01926551 0.005302139 -0.02352735 0.0197676 0.005435424 -0.02239803 0.01924717 0.004884754 -0.02067472 0.01915062 0.009552441 -0.02105435 0.01974926 0.009001771 -0.01933103 0.01965271 0.008851236 -0.02014089 0.02305439 0.004293749 -0.0191684 0.01996554 0.008410765 -0.01782472 0.02046764 0.003820766 -0.01828271 0.02147359 0.007937783 -0.01693902 0.02197568 0.003592543 -0.01825495 0.02327068 0.00770956 -0.01691126 0.02377277 0.003670231 -0.01909257 0.02487528 0.007787248 -0.01774888 0.02537737 0.004033013 -0.02057113 0.02585744 0.00815003 -0.01922744 0.02635953 0.004583683 -0.02229444 0.02595399 0.0087007 -0.02095076 0.02645608 0.005174689 -0.02380076 0.02513906 0.009291706 -0.02245707 0.02564115 0.005647671 -0.02468645 0.02363101 0.009764688 -0.02334277 0.0241331 0.005875895 -0.02471421 0.02183392 0.009992911 -0.02337052 0.02233602 0.005798207 -0.02387659 0.02022932 0.009915223 -0.0225329 0.02073142 0.009999354 -0.02146462 0.02002461 0.009183673 -0.01990979 0.01957789 0.01377338 -0.01934046 0.0205267 0.0129577 -0.01778563 0.02007998 0.01262526 -0.01801674 0.02355649 0.008278917 -0.01841689 0.02006269 0.01205294 -0.01629273 0.02056479 0.007527512 -0.01738593 0.02134912 0.01130154 -0.01526178 0.02185121 0.007130797 -0.01709317 0.02309248 0.01090482 -0.01496901 0.02359457 0.007195074 -0.01761704 0.02482563 0.0109691 -0.01549288 0.02532772 0.007703117 -0.01881717 0.02608418 0.01147714 -0.01669301 0.02658627 0.008518797 -0.020372 0.0265309 0.01229282 -0.01824784 0.02703299 0.009423555 -0.0218649 0.02604609 0.01319758 -0.01974074 0.02654818 0.01017496 -0.02289585 0.02475967 0.01394899 -0.0207717 0.02526176 0.01057167 -0.02318862 0.02301631 0.0143457 -0.02106446 0.0235184 0.0105074 -0.02266475 0.02128316 0.01428142 -0.0205406 0.02178525 0.01434362 -0.01954754 0.02091946 0.013348 -0.01825009 0.02013988 0.01762841 -0.01672522 0.02142155 0.01663279 -0.01542777 0.02064197 0.01591005 -0.01519442 0.02405858 0.01215873 -0.01689011 0.02027577 0.01544351 -0.0140678 0.02077787 0.01109446 -0.01583201 0.02129073 0.01437925 -0.0130097 0.02179283 0.01044037 -0.01535931 0.0229128 0.01372516 -0.01253699 0.02341489 0.01037172 -0.01559866 0.02470734 0.01365651 -0.01277634 0.02520943 0.0109069 -0.01648593 0.02619351 0.01419169 -0.01366362 0.0266956 0.01190252 -0.01778338 0.02697309 0.01518731 -0.01496106 0.02747518 0.0130918 -0.01914336 0.0268372 0.01637658 -0.01632104 0.02733929 0.01415606 -0.02020146 0.02582224 0.01744085 -0.01737914 0.02632433 0.01481015 -0.02067416 0.02420017 0.01809494 -0.01785184 0.02470227 0.0148788 -0.02043481 0.02240563 0.01816359 -0.01761249 0.02290772 0.01823444 -0.01669732 0.0219165 0.01717158 -0.01570662 0.02083427 0.0209027 -0.01328621 0.02241859 0.01983984 -0.01229551 0.02133636 0.01857831 -0.01178331 0.02456067 0.01577069 -0.01457868 0.02061598 0.01843896 -0.01116757 0.02111808 0.01440715 -0.01361573 0.02132014 0.01707541 -0.01020462 0.02182223 0.0134463 -0.01307578 0.02275806 0.01611457 -0.009664671 0.02326015 0.01314562 -0.01310352 0.02454445 0.01581388 -0.009692411 0.02504655 0.01358566 -0.01369152 0.02620066 0.01625392 -0.0102804 0.02670275 0.01464852 -0.01468221 0.02728289 0.01731678 -0.0112711 0.02778498 0.01604941 -0.01581015 0.02750117 0.01871767 -0.01239904 0.02800326 0.01741295 -0.01677311 0.02679701 0.02008121 -0.01336199 0.0272991 0.01837379 -0.01731305 0.02535909 0.02104206 -0.01390194 0.02586119 0.01867448 -0.01728531 0.0235727 0.02134275 -0.0138742 0.02407479 0.0214515 -0.01302761 0.02299654 0.02044442 -0.01234596 0.0216536 0.02339984 -0.009159886 0.02349864 0.02239276 -0.008478236 0.02215569 0.02052666 -0.007915583 0.02506276 0.01893731 -0.01151355 0.0210896 0.02088565 -0.007645824 0.02159169 0.01733401 -0.01075342 0.02145567 0.01928235 -0.006885694 0.02195776 0.01606412 -0.01026924 0.02265372 0.01801246 -0.006401521 0.02315581 0.01546791 -0.01019076 0.02436274 0.01741625 -0.00632304 0.02486483 0.01570512 -0.010539 0.0261248 0.01765347 -0.00667128 0.02662689 0.01671221 -0.01122065 0.02746774 0.01866055 -0.007352929 0.02796984 0.01821932 -0.01205306 0.02803174 0.02016766 -0.008185341 0.02853383 0.01982262 -0.01281319 0.02766567 0.02177096 -0.008945472 0.02816776 0.02109251 -0.01329737 0.02646762 0.02304085 -0.009429645 0.02696971 0.02168872 -0.01337585 0.0247586 0.02363706 -0.009508125 0.02526069 0.02380717 -0.008710287 0.0241372 0.02297031 -0.008292534 0.02258558 0.02496009 -0.00453583 0.02463929 0.02412323 -0.004118077 0.02308767 0.02167957 -0.003741126 0.02556485 0.02147868 -0.007773779 0.02169771 0.0226316 -0.003599322 0.02219981 0.01973195 -0.007293019 0.02171151 0.02088487 -0.003118563 0.02221361 0.01819816 -0.006979075 0.02262328 0.01935108 -0.002804618 0.02312537 0.01728829 -0.006916068 0.0241887 0.01844121 -0.002741611 0.02469079 0.01724614 -0.007120879 0.02598832 0.01839906 -0.002946422 0.02649042 0.018083 -0.007538631 0.02753995 0.01923592 -0.003364174 0.02804204 0.01957463 -0.008057387 0.02842781 0.02072755 -0.00388293 0.0289299 0.02132136 -0.008538147 0.02841401 0.02247428 -0.00436369 0.0289161 0.02285515 -0.008852091 0.02750225 0.02400807 -0.004677634 0.02800434 0.02376502 -0.008915098 0.02593683 0.02491794 -0.004740641 0.02643892 0.02516342 -0.003964242 0.02531372 0.02458511 -0.003724732 0.02361355 0.02547624 0.000355186 0.02581581 0.02489793 0.0005946966 0.02411564 0.0219924 0.0005783019 0.02606695 0.02322827 -0.003489614 0.02243623 0.02354109 0.0008298141 0.02293832 0.02145646 -0.003321889 0.02209722 0.02176928 0.0009975393 0.02259932 0.01974443 -0.003266498 0.02268736 0.02005725 0.00105293 0.02318946 0.01855092 -0.003338283 0.02404853 0.01886375 0.0009811446 0.02455062 0.01819573 -0.00351801 0.02581599 0.01850856 0.0008014178 0.02631808 0.01877404 -0.003757521 0.02751616 0.01908686 0.0005619072 0.02801825 0.02013088 -0.003992638 0.02869348 0.0204437 0.0003267897 0.02919557 0.02190269 -0.004160363 0.02903248 0.02221551 0.0001590646 0.02953458 0.02361472 -0.004215754 0.02844234 0.02392754 0.0001036738 0.02894443 0.02480823 -0.004143969 0.02708118 0.02512105 0.0001754592 0.02758327 0.02544435 0.0009610222 0.02649997 0.02517324 0.001135308 0.02471714 0.02490496 0.005258041 0.02700206 0.02463384 0.005432326 0.02521923 0.021453 0.00487532 0.02656904 0.02404982 0.001160344 0.02329598 0.02351043 0.005457363 0.02379807 0.02237512 0.001029423 0.02261731 0.02183572 0.005326441 0.0231194 0.02059786 0.000777624 0.02286296 0.02005847 0.005074642 0.02336505 0.01919428 0.0004724169 0.02396711 0.01865488 0.004769435 0.02446921 0.01854044 0.0001955816 0.02563392 0.01800104 0.0044926 0.02613601 0.01881155 2.129597e-05 0.02741675 0.01827216 0.004318314 0.02791885 0.01993497 -3.740407e-06 0.02883791 0.01939558 0.004293278 0.02934 0.02160968 0.000127181 0.02951659 0.02107028 0.004424199 0.03001868 0.02338693 0.0003789799 0.02927093 0.02284754 0.004675998 0.02977303 0.02479052 0.0006841869 0.02816678 0.02425112 0.004981205 0.02866887 0.02464276 0.005805129 0.02766944 0.02468032 0.006037218 0.02587303 0.02327204 0.009913226 0.02817154 0.0233096 0.01014531 0.02637512 0.02008229 0.008983416 0.02707113 0.02385312 0.005957978 0.02426311 0.0224824 0.01006607 0.0247652 0.02238281 0.00558864 0.02327106 0.02101209 0.009696737 0.02377316 0.02066336 0.00502817 0.0231627 0.01929265 0.009136266 0.0236648 0.01915549 0.004426742 0.02396707 0.01778478 0.008534839 0.02446916 0.01826324 0.003945512 0.02546863 0.01689253 0.008053608 0.02597072 0.01822568 0.003713422 0.02726504 0.01685497 0.007821519 0.02776713 0.01905288 0.003792663 0.02887496 0.01768217 0.007900759 0.02937705 0.02052319 0.004162 0.02986701 0.01915248 0.008270097 0.0303691 0.02224264 0.004722471 0.02997537 0.02087193 0.008830568 0.03047746 0.02375051 0.005323898 0.029171 0.02237979 0.009431995 0.0296731 0.02281978 0.01031759 0.02879628 0.02312011 0.01072164 0.0270559 0.02067086 0.01407757 0.02929837 0.02097119 0.01448162 0.02755799 0.01793337 0.0127434 0.02757322 0.02260646 0.01065993 0.0253196 0.02045754 0.01441991 0.02582169 0.02141646 0.010149 0.02405262 0.01926754 0.01390899 0.02455471 0.01986897 0.00932576 0.02359445 0.01772005 0.01308574 0.02409654 0.01837863 0.008410785 0.02406785 0.01622972 0.01217077 0.02456995 0.0173448 0.007649247 0.02534598 0.01519588 0.01140923 0.02584808 0.01704446 0.007245198 0.02708636 0.01489555 0.01100518 0.02758846 0.01755811 0.007306903 0.02882266 0.0154092 0.01106689 0.02932475 0.01874812 0.007817829 0.03008964 0.0165992 0.01157781 0.03059173 0.02029561 0.008641073 0.03054781 0.01814669 0.01240106 0.0310499 0.02178594 0.009556049 0.0300744 0.01963702 0.01331603 0.0305765 0.02009795 0.01427714 0.02985626 0.02057482 0.0149409 0.02823935 0.0172541 0.0175433 0.03035835 0.01773097 0.01820707 0.02874144 0.01508952 0.01600957 0.02807531 0.02034391 0.01501585 0.02644396 0.01750007 0.01828202 0.02694605 0.01946711 0.0144819 0.02495115 0.01662326 0.01774807 0.02545324 0.01817933 0.01348212 0.02416092 0.01533549 0.01674828 0.02466301 0.01682566 0.0122844 0.02428502 0.01398181 0.01555056 0.02478711 0.01576879 0.01120966 0.02529019 0.01292494 0.01447583 0.02579228 0.01529192 0.0105459 0.02690709 0.01244808 0.01381207 0.02740918 0.01552283 0.01047095 0.02870249 0.01267898 0.01373712 0.02920458 0.01639964 0.0110049 0.0301953 0.01355579 0.01427107 0.03069739 0.01768741 0.01200468 0.03098552 0.01484356 0.01527085 0.03148761 0.01904108 0.0132024 0.03086143 0.01619724 0.01646857 0.03136352 0.01664849 0.01750744 0.03082777 0.01718856 0.01847882 0.02939699 0.01321991 0.02015323 0.03132986 0.01375999 0.02112461 0.02989908 0.01166095 0.01865536 0.02857741 0.0171662 0.01878856 0.02761207 0.01373763 0.02143435 0.02811417 0.0165874 0.01835368 0.02595128 0.01315882 0.02099947 0.02645337 0.01560724 0.01729069 0.02485962 0.01217866 0.01993648 0.02536171 0.01448835 0.01588443 0.0246296 0.01105978 0.01853022 0.02513169 0.01353056 0.0145117 0.02532286 0.01010198 0.01715748 0.02582495 0.01299048 0.01354032 0.02675363 0.009561909 0.01618611 0.02725573 0.01301285 0.01323057 0.02853855 0.009584271 0.01587636 0.02904065 0.01359165 0.01366546 0.03019935 0.01016308 0.01631124 0.03070144 0.01457181 0.01472844 0.03129101 0.01114324 0.01737423 0.0317931 0.01569069 0.01613471 0.03152103 0.01226212 0.01878049 0.03202312 0.01267456 0.01988744 0.03169262 0.0131548 0.0211671 0.03050342 0.008794117 0.02181032 0.03219471 0.00927436 0.02308998 0.03100551 0.007780504 0.02057824 0.0290795 0.01323477 0.02177375 0.02879814 0.009354324 0.02369663 0.02930024 0.01289303 0.02154482 0.02703372 0.009012586 0.0234677 0.02753581 0.01222116 0.02054167 0.02568293 0.008340712 0.02246455 0.02618502 0.01139918 0.01903307 0.02510771 0.00751873 0.02095595 0.0256098 0.01064734 0.01742327 0.02546219 0.006766891 0.01934615 0.02596428 0.01016709 0.01614361 0.02665139 0.006286649 0.01806649 0.02715348 0.01008713 0.01553696 0.02835667 0.006206684 0.01745984 0.02885876 0.01042887 0.01576589 0.03012109 0.006548423 0.01768877 0.03062318 0.01110074 0.01676905 0.03147188 0.007220297 0.01869193 0.03197398 0.01192272 0.01827764 0.0320471 0.008042278 0.02020052 0.03254919 0.008392736 0.0213554 0.03243675 0.008699296 0.0228967 0.03153521 0.004210792 0.02248086 0.03293885 0.004517352 0.02402216 0.0320373 0.00359856 0.02170369 0.02958159 0.008759666 0.02381677 0.02997566 0.004577722 0.02494223 0.03047775 0.008557671 0.02386908 0.02817598 0.004375726 0.02499454 0.02867807 0.008147433 0.02303961 0.0266184 0.00396549 0.02416507 0.02712049 0.007638878 0.02155061 0.02572027 0.003456934 0.02267607 0.02622236 0.007168272 0.01980107 0.02572224 0.002986328 0.02092653 0.02622433 0.006861712 0.01825977 0.02662379 0.002679768 0.01938523 0.02712588 0.006801342 0.0173397 0.02818334 0.002619398 0.01846516 0.02868543 0.007003338 0.01728739 0.02998302 0.002821394 0.01841285 0.03048511 0.007413574 0.01811686 0.03154059 0.003231631 0.01924232 0.03204269 0.00792213 0.01960586 0.03243873 0.003740186 0.02073132 0.03294082 0.004014997 0.02190665 0.03305079 0.004060683 0.02362278 0.03247184 -0.0003063936 0.02219108 0.03355289 -0.0002607078 0.02390721 0.03297393 -0.0007228305 0.02198812 0.03008368 0.003982543 0.02482469 0.03111845 -0.0003388475 0.02510912 0.03162054 0.003801516 0.02519034 0.02935325 -0.0005198751 0.02547476 0.02985534 0.003566106 0.02462174 0.02764924 -0.0007552844 0.02490616 0.02815133 0.003339393 0.02327125 0.026463 -0.0009819978 0.02355568 0.02696509 0.003182123 0.02150074 0.02611238 -0.001139267 0.02178517 0.02661448 0.003136437 0.01978461 0.02669134 -0.001184953 0.02006904 0.02719343 0.003214577 0.0185827 0.02804473 -0.001106814 0.01886712 0.02854683 0.003395605 0.01821705 0.02980993 -0.000925786 0.01850148 0.03031202 0.003631014 0.01878565 0.03151394 -0.0006903767 0.01907008 0.03201603 0.003857727 0.02013614 0.03270018 -0.0004636633 0.02042057 0.03320227 -0.0002665494 0.02158571 0.0335304 -0.0005288841 0.02336302 0.03329647 -0.00455993 0.02101809 0.03403249 -0.004822264 0.0227954 0.03379856 -0.005016211 0.0214205 0.03058577 -0.0008431866 0.02477193 0.03220168 -0.005136567 0.0242043 0.03270377 -0.00112524 0.02543492 0.03053937 -0.00541862 0.02486729 0.03104146 -0.001299468 0.02517434 0.02875496 -0.005592848 0.02460671 0.02925705 -0.001319186 0.02406002 0.02732658 -0.005612567 0.02349239 0.02782867 -0.001179112 0.02239053 0.02663696 -0.005472492 0.02182291 0.02713905 -0.000916777 0.02061322 0.02687089 -0.005210157 0.02004559 0.02737298 -0.0006024745 0.01920431 0.02796568 -0.004895855 0.01863669 0.02846778 -0.0003204213 0.01854132 0.02962799 -0.004613802 0.0179737 0.03013008 -0.0001461933 0.0188019 0.0314124 -0.004439574 0.01823428 0.03191449 -0.0001264748 0.01991623 0.03284078 -0.004419855 0.0193486 0.03334288 -0.004290562 0.02047449 0.03387645 -0.004860783 0.02218995 0.03399661 -0.008389561 0.01907681 0.03437854 -0.008959781 0.02079226 0.0344987 -0.00911521 0.02002281 0.03108787 -0.00547265 0.02369923 0.03320284 -0.009571649 0.02230154 0.03370493 -0.005962215 0.02459793 0.03170783 -0.01006121 0.02320024 0.03220993 -0.006198299 0.02464523 0.02991217 -0.0102973 0.02324755 0.03041426 -0.006117643 0.02382847 0.028297 -0.01021664 0.02243079 0.02879909 -0.00574186 0.0223665 0.0272951 -0.009840859 0.02096882 0.0277972 -0.005171639 0.02065104 0.02717494 -0.009270638 0.01925336 0.02767703 -0.004559772 0.01914176 0.02796871 -0.008658771 0.01774408 0.0284708 -0.004070207 0.01824307 0.02946371 -0.008169206 0.01684538 0.02996581 -0.003834123 0.01819576 0.03125938 -0.007933122 0.01679807 0.03176147 -0.003914779 0.01901252 0.03287455 -0.008013777 0.01761483 0.03337664 -0.007932018 0.01867842 0.03409497 -0.008762728 0.02021848 0.03456457 -0.0116778 0.01650484 0.03459707 -0.01250851 0.0180449 0.03506666 -0.01286099 0.01784923 0.03158996 -0.009687886 0.02170611 0.03410259 -0.01343367 0.01953253 0.03460468 -0.0104596 0.0227427 0.03283281 -0.01420537 0.02056912 0.03333491 -0.01087108 0.02305049 0.03109548 -0.01461686 0.02087691 0.03159757 -0.01081208 0.02254703 0.02935611 -0.01455786 0.02037345 0.0298582 -0.0102984 0.0213672 0.02808076 -0.01404418 0.01919361 0.02858285 -0.009467692 0.01982714 0.02761116 -0.01321347 0.01765356 0.02811325 -0.008542534 0.01833951 0.02807314 -0.01228831 0.01616593 0.02857524 -0.007770824 0.01730292 0.02934292 -0.0115166 0.01512934 0.02984501 -0.007359342 0.01699513 0.03108025 -0.01110512 0.01482155 0.03158234 -0.007418343 0.0174986 0.03281962 -0.01116412 0.01532501 0.03332171 -0.01110231 0.01631283 0.03419697 -0.01210613 0.01759087 0.03499781 -0.01434972 0.01344757 0.03469906 -0.01535354 0.01472561 0.0354999 -0.0161084 0.01498398 0.03209205 -0.01331221 0.01893813 0.03488551 -0.01655962 0.01607288 0.03538761 -0.01439739 0.01999363 0.03389018 -0.0176448 0.01712838 0.03439227 -0.01507089 0.02047454 0.0322785 -0.0183183 0.01760929 0.03278059 -0.01515225 0.02025199 0.03048233 -0.01839966 0.01738674 0.03098442 -0.01461967 0.01938563 0.02898294 -0.01786707 0.01652038 0.02948504 -0.01361585 0.01810759 0.02818211 -0.01686325 0.01524234 0.0286842 -0.01240976 0.01676033 0.0282944 -0.01565717 0.01389507 0.0287965 -0.01132459 0.01570483 0.02928974 -0.01457199 0.01283958 0.02979183 -0.01065109 0.01522392 0.03090142 -0.01389849 0.01235867 0.03140351 -0.01056973 0.01544646 0.03269759 -0.01381713 0.01258121 0.03319968 -0.01374463 0.0134914 0.03419795 -0.0148076 0.01446102 0.03529899 -0.01636782 0.01004551 0.03470004 -0.0174308 0.01101513 0.03580108 -0.01873159 0.01153809 0.03259414 -0.01621913 0.01557077 0.03554073 -0.01884232 0.01212488 0.03604282 -0.01760098 0.01652329 0.03485841 -0.02022417 0.0130774 0.0353605 -0.01858289 0.01706335 0.03343483 -0.02120609 0.01361746 0.03393693 -0.01890177 0.01704625 0.03165147 -0.02152497 0.01360036 0.03215356 -0.01847216 0.01647656 0.02998615 -0.02109536 0.01303067 0.03048825 -0.01740919 0.01550694 0.02888511 -0.02003238 0.01206105 0.0293872 -0.01599767 0.01439719 0.02864337 -0.01862086 0.0109513 0.02914546 -0.01461581 0.01344467 0.0293257 -0.01723901 0.009998776 0.02982779 -0.0136339 0.0129046 0.03074927 -0.01625709 0.009458714 0.03125136 -0.01331502 0.01292171 0.03253263 -0.01593822 0.009475819 0.03303473 -0.01582601 0.01031844 0.03411732 -0.01682511 0.01098059 0.0354759 -0.01772335 0.006425443 0.03461941 -0.01872244 0.007087594 0.03597799 -0.02062893 0.007645089 0.03309624 -0.01833505 0.01179212 0.03606232 -0.02023238 0.007899126 0.03656441 -0.01995124 0.01253559 0.03571944 -0.02184857 0.008642589 0.03622153 -0.02124063 0.01301177 0.03453914 -0.02313796 0.009118772 0.03504123 -0.02185772 0.01309308 0.03283768 -0.02375505 0.009200084 0.03333977 -0.02163717 0.01275773 0.03107096 -0.02353451 0.008864736 0.03157306 -0.02063807 0.01209558 0.02971238 -0.02253541 0.008202584 0.03021448 -0.01912814 0.01128405 0.02912597 -0.02102547 0.007391053 0.02962806 -0.01751195 0.01054059 0.02946885 -0.01940928 0.00664759 0.02997094 -0.01622256 0.01006441 0.03064915 -0.01811989 0.006171407 0.03115124 -0.01560546 0.009983093 0.03235061 -0.0175028 0.006090095 0.0328527 -0.01732798 0.006885595 0.03397767 -0.01814997 0.007288414 0.03554114 -0.01842593 0.002696344 0.03447976 -0.01924792 0.003099163 0.03604323 -0.02172688 0.003455839 0.03359833 -0.0196362 0.007786804 0.0364495 -0.02073415 0.003597554 0.03695159 -0.02138842 0.008247222 0.03645936 -0.02248637 0.004057972 0.03696145 -0.02293714 0.008546299 0.03556807 -0.02403509 0.004357048 0.03607016 -0.02386738 0.008603898 0.03401445 -0.02496533 0.004414647 0.03451655 -0.02392987 0.008404585 0.0322148 -0.02502782 0.004215334 0.03271689 -0.02310788 0.008001764 0.03065133 -0.02420583 0.003812514 0.03115342 -0.02162166 0.007503374 0.02974297 -0.02271961 0.003314124 0.03024506 -0.01986943 0.007042957 0.02973311 -0.02096738 0.002853706 0.0302352 -0.01832071 0.00674388 0.0306244 -0.01941866 0.002554629 0.03112649 -0.01739048 0.006686281 0.03217801 -0.01848843 0.00249703 0.03268011 -0.0182377 0.003273079 0.03380386 -0.01879654 0.003504515 0.03551164 -0.01849372 -0.001050088 0.03430595 -0.01905256 -0.0008186518 0.03601373 -0.0219829 -0.000867328 0.03410042 -0.02014056 0.003722908 0.03670675 -0.02039658 -0.0006002584 0.03720884 -0.02190964 0.003869741 0.03706896 -0.02216566 -0.0004534261 0.03757105 -0.02362974 0.003905668 0.03650121 -0.02388576 -0.0004174984 0.03700331 -0.02483997 0.003821064 0.03515565 -0.02509599 -0.0005021022 0.03565774 -0.02521605 0.003638599 0.03339279 -0.02547207 -0.000684568 0.03389489 -0.02465721 0.003407163 0.03168501 -0.02491323 -0.0009160041 0.03218711 -0.02331319 0.003188769 0.0304899 -0.02356921 -0.001134397 0.030992 -0.02154412 0.003041937 0.03012769 -0.02180014 -0.00128123 0.03062979 -0.01982401 0.003006009 0.03069544 -0.02008003 -0.001317158 0.03119753 -0.01861378 0.003090613 0.03204101 -0.0188698 -0.001232554 0.0325431 -0.01854152 -0.0004452993 0.03362209 -0.01879156 -0.0002709905 0.03540799 -0.01794569 -0.004734857 0.03412418 -0.01819573 -0.004560547 0.03591009 -0.02138706 -0.005156885 0.03460251 -0.01989672 -0.0002564699 0.03684354 -0.01930089 -0.004546027 0.03734563 -0.02156087 -0.0004056282 0.03754407 -0.02096504 -0.004695185 0.03804616 -0.0233381 -0.0006784986 0.03732187 -0.02274227 -0.004968056 0.03782396 -0.0247522 -0.001001966 0.03623649 -0.02415637 -0.005291523 0.03673859 -0.02542428 -0.001289357 0.03457875 -0.02482844 -0.005578914 0.03508084 -0.02517423 -0.001463665 0.03279284 -0.0245784 -0.005753222 0.03329493 -0.02406907 -0.001478186 0.0313573 -0.02347324 -0.005767743 0.03185939 -0.02240493 -0.001329028 0.03065677 -0.02180909 -0.005618585 0.03115886 -0.02062769 -0.001056157 0.03087896 -0.02003186 -0.005345714 0.03138106 -0.01921359 -0.0007326903 0.03196435 -0.01861776 -0.005022247 0.03246644 -0.01822218 -0.00419485 0.03345885 -0.01816517 -0.003954643 0.03525368 -0.01679758 -0.008284574 0.03396094 -0.01674058 -0.008044368 0.03575578 -0.01996247 -0.009246609 0.0351046 -0.01897147 -0.004036576 0.03687403 -0.01754688 -0.008126301 0.03737613 -0.02042503 -0.004418695 0.03788574 -0.01900044 -0.00850842 0.03838783 -0.02213636 -0.004998612 0.0380177 -0.02071177 -0.009088336 0.03851979 -0.02364692 -0.005620937 0.03723456 -0.02222233 -0.009710662 0.03773665 -0.02455195 -0.006118921 0.03574617 -0.02312736 -0.01020864 0.03624827 -0.02460896 -0.006359127 0.03395134 -0.02318436 -0.01044885 0.03445343 -0.02380266 -0.006277194 0.03233099 -0.02237806 -0.01036692 0.03283308 -0.0223491 -0.005895074 0.03131929 -0.0209245 -0.009984799 0.03182138 -0.02063777 -0.005315158 0.03118732 -0.01921317 -0.009404883 0.03168942 -0.01912721 -0.004692832 0.03197046 -0.01770261 -0.008782557 0.03247255 -0.01726032 -0.007892241 0.03333993 -0.01694516 -0.007473227 0.03507414 -0.01506217 -0.01162365 0.03384202 -0.014747 -0.01120464 0.03557623 -0.01776432 -0.01297802 0.03560669 -0.01743848 -0.00752939 0.03681651 -0.01524032 -0.0112608 0.0373186 -0.0186081 -0.00804568 0.03810018 -0.01640995 -0.01177709 0.03860227 -0.02014063 -0.008883758 0.03858118 -0.01794247 -0.01261517 0.03908327 -0.02162541 -0.009819062 0.03813064 -0.01942726 -0.01355048 0.03863273 -0.02266462 -0.01060098 0.03686928 -0.02046647 -0.01433239 0.03737137 -0.02297978 -0.01101999 0.03513507 -0.02078163 -0.0147514 0.03563716 -0.02248646 -0.01096383 0.0333927 -0.02028831 -0.01469524 0.03389479 -0.02131684 -0.01044754 0.03210903 -0.01911869 -0.01417895 0.03261112 -0.01978431 -0.009609461 0.03162802 -0.01758616 -0.01334087 0.03213011 -0.01829953 -0.008674156 0.03207856 -0.01610137 -0.01240557 0.03258066 -0.01564013 -0.01143922 0.03328939 -0.01515531 -0.01075593 0.03489577 -0.01275359 -0.01466772 0.03379148 -0.01226878 -0.01398444 0.03539786 -0.01487778 -0.01620653 0.03610879 -0.01536958 -0.01066806 0.03669264 -0.01248305 -0.01389656 0.03719473 -0.01622551 -0.01119913 0.03819853 -0.01333898 -0.01442764 0.03870063 -0.01749377 -0.01220686 0.03900994 -0.01460723 -0.01543537 0.03951204 -0.01883452 -0.01342122 0.03890946 -0.01594798 -0.01664973 0.03941155 -0.01988851 -0.01451683 0.037924 -0.01700197 -0.01774533 0.03842609 -0.02037332 -0.01520011 0.03631762 -0.01748679 -0.01842862 0.03681971 -0.02015906 -0.01528799 0.03452075 -0.01727252 -0.01851649 0.03502284 -0.01930312 -0.01475691 0.03301486 -0.01641659 -0.01798542 0.03351695 -0.01803487 -0.01374918 0.03220344 -0.01514833 -0.01697769 0.03270553 -0.01669412 -0.01253482 0.03230393 -0.01380759 -0.01576333 0.03280602 -0.01335806 -0.01471949 0.03332865 -0.01281814 -0.01372704 0.03474495 -0.009895001 -0.01731998 0.03383074 -0.009355089 -0.01632754 0.03524705 -0.01141473 -0.01880702 0.03661088 -0.01283011 -0.01339897 0.03652669 -0.009367055 -0.01599946 0.03702879 -0.01339075 -0.01382318 0.03819646 -0.009927695 -0.01642367 0.03869855 -0.01434984 -0.014886 0.03930683 -0.01088678 -0.01748649 0.03980892 -0.01545039 -0.01630266 0.03956029 -0.01198734 -0.01890315 0.04006238 -0.01639751 -0.01769356 0.03888892 -0.01293446 -0.02029405 0.03939101 -0.01693743 -0.01868601 0.03747262 -0.01347437 -0.0212865 0.03797471 -0.01692546 -0.01901409 0.03569088 -0.0134624 -0.02161458 0.03619297 -0.01636482 -0.01858988 0.03402112 -0.01290176 -0.02119037 0.03452321 -0.01540573 -0.01752705 0.03291074 -0.01194267 -0.02012754 0.03341283 -0.01430518 -0.01611039 0.03265728 -0.01084212 -0.01871089 0.03315938 -0.01043318 -0.01760002 0.03347564 -0.00996118 -0.01630096 0.03464699 -0.006527794 -0.01947173 0.03397774 -0.006055797 -0.01817267 0.03514908 -0.007509344 -0.02067873 0.03711297 -0.00987866 -0.0156734 0.03634455 -0.005973276 -0.01754511 0.03684665 -0.01020773 -0.01588549 0.03811348 -0.006302343 -0.0177572 0.03861557 -0.01086021 -0.0168804 0.03947979 -0.006954826 -0.01875211 0.03998188 -0.01166128 -0.01839155 0.04007737 -0.007755891 -0.02026326 0.04057947 -0.01239628 -0.02001402 0.03974612 -0.008490894 -0.02188573 0.04024821 -0.01286828 -0.02131308 0.03857477 -0.008962892 -0.02318479 0.03907686 -0.0129508 -0.02194064 0.0368772 -0.009045413 -0.02381235 0.03737929 -0.01262173 -0.02172855 0.03510828 -0.008716345 -0.02360026 0.03561037 -0.01196925 -0.02073364 0.03374197 -0.008063863 -0.02260534 0.03424406 -0.01116818 -0.01922249 0.03314438 -0.007262798 -0.0210942 0.03364648 -0.006917078 -0.01993703 0.03374413 -0.006625581 -0.018381 0.03462512 -0.002720702 -0.02100743 0.03424622 -0.002429204 -0.01945139 0.03512721 -0.003312968 -0.02174912 0.03761506 -0.006570887 -0.01744063 0.03617273 -0.002374511 -0.01851103 0.03667482 -0.006767652 -0.01736791 0.03797228 -0.002571276 -0.01843831 0.03847437 -0.007163153 -0.01818233 0.03954158 -0.002966777 -0.01925272 0.04004367 -0.007651416 -0.01966565 0.04046013 -0.00345504 -0.02073604 0.04096222 -0.00810161 -0.02142042 0.04048182 -0.003905234 -0.02249081 0.04098391 -0.008393108 -0.02297646 0.03960082 -0.004196732 -0.02404685 0.04010291 -0.008447802 -0.02391682 0.03805321 -0.004251426 -0.02498721 0.0385553 -0.008251037 -0.02398954 0.03625366 -0.00405466 -0.02505993 0.03675575 -0.007855535 -0.02317513 0.03468436 -0.003659159 -0.02424552 0.03518645 -0.007367272 -0.02169181 0.03376581 -0.003170896 -0.0227622 0.0342679 -0.002901335 -0.02158659 0.03414315 -0.002875217 -0.01986264 0.03469966 0.00142342 -0.02181419 0.03464525 0.001449539 -0.02009024 0.03520175 0.001011788 -0.02197672 0.03811716 -0.002966394 -0.01864417 0.03603735 0.001358362 -0.01887177 0.03653944 -0.003150435 -0.01825767 0.03779778 0.001174321 -0.01848528 0.03829987 -0.003378027 -0.01880671 0.03950926 0.0009467293 -0.01903431 0.04001135 -0.003588186 -0.02014416 0.04071318 0.0007365702 -0.02037176 0.04121527 -0.0037246 -0.02191165 0.04108697 0.0006001554 -0.02213925 0.04158906 -0.003750719 -0.0236356 0.04053047 0.0005740373 -0.0238632 0.04103256 -0.003659542 -0.02485407 0.03919278 0.000665214 -0.02508167 0.03969487 -0.003475501 -0.02524057 0.03743235 0.000849255 -0.02546817 0.03793444 -0.003247909 -0.02469154 0.03572087 0.001076846 -0.02491914 0.03622296 -0.00303775 -0.02335409 0.03451695 0.001287006 -0.02358169 0.03501904 0.001479164 -0.0224183 0.03467672 0.00119576 -0.02064129 0.03488718 0.005764712 -0.02179429 0.03517881 0.005481308 -0.02001727 0.03538927 0.005297336 -0.02135271 0.03861925 0.0008630604 -0.0192221 0.0359631 0.005148609 -0.01859809 0.03646519 0.0005702127 -0.01854102 0.0376162 0.004855761 -0.01791701 0.03811829 0.0003956847 -0.01878053 0.03940353 0.004681233 -0.01815652 0.03990562 0.000386241 -0.01987645 0.04084618 0.00467179 -0.01925244 0.04134827 0.0005444121 -0.02153515 0.04155759 0.00482996 -0.02091113 0.04205968 0.0008278163 -0.02331216 0.04134713 0.005113365 -0.02268815 0.04184923 0.001160515 -0.02473134 0.04027121 0.005446064 -0.02410733 0.0407733 0.001453363 -0.02541242 0.03861811 0.005738912 -0.02478841 0.0391202 0.001627891 -0.02517292 0.03683078 0.00591344 -0.0245489 0.03733287 0.001637335 -0.02407699 0.03538813 0.005922883 -0.02345298 0.03589022 0.006048276 -0.02233061 0.03534361 0.005458719 -0.02062353 0.03519985 0.01012855 -0.02087917 0.0358457 0.009538991 -0.01917209 0.03570195 0.00937761 -0.01990127 0.03912134 0.004825919 -0.01911183 0.03597232 0.008906192 -0.01766038 0.03647441 0.004319435 -0.01820057 0.03745403 0.008399708 -0.01674913 0.03795612 0.004074979 -0.01813393 0.03924796 0.008155253 -0.01668248 0.03975005 0.004158053 -0.01892975 0.04087342 0.008238326 -0.01747831 0.04137551 0.004546397 -0.02037481 0.04189488 0.00862667 -0.01892337 0.04239698 0.005135954 -0.02208189 0.04203864 0.009216228 -0.02063045 0.04254073 0.005768754 -0.02359359 0.04126617 0.009849027 -0.02214215 0.04176826 0.006275238 -0.02450485 0.03978446 0.01035551 -0.02305341 0.04028656 0.006519693 -0.02457149 0.03799054 0.01059997 -0.02312005 0.03849263 0.00643662 -0.02377567 0.03636507 0.01051689 -0.02232422 0.03686716 0.01059641 -0.02126539 0.03613743 0.009751059 -0.01974049 0.03564503 0.01431329 -0.01904276 0.03663952 0.01346794 -0.01751786 0.03614713 0.01309449 -0.01767864 0.03962343 0.008805647 -0.01825867 0.03608412 0.01252253 -0.01603604 0.03658621 0.008013492 -0.01721699 0.03733702 0.01173038 -0.01499436 0.03783911 0.00758685 -0.01689455 0.03906802 0.01130373 -0.01467192 0.03957012 0.007640041 -0.01737777 0.04081332 0.01135693 -0.01515514 0.04131541 0.008158813 -0.01853715 0.04210525 0.0118757 -0.01631452 0.04260734 0.00900416 -0.02006205 0.04259764 0.01272104 -0.01783942 0.04309973 0.009949572 -0.02154386 0.04215856 0.01366646 -0.01932123 0.04266066 0.01074173 -0.02258555 0.04090566 0.01445861 -0.02036292 0.04140776 0.01116837 -0.02290798 0.03917465 0.01488525 -0.02068535 0.03967674 0.01111518 -0.02242477 0.03742936 0.01483206 -0.02020214 0.03793145 0.01489362 -0.01921958 0.03704688 0.01388212 -0.01796116 0.03622493 0.01810309 -0.01631189 0.03754897 0.01709158 -0.01505347 0.03672702 0.01630396 -0.01477095 0.04012552 0.01265956 -0.01662704 0.0363136 0.01586903 -0.01371935 0.0368157 0.01155355 -0.01557469 0.03728914 0.01476302 -0.012667 0.03779123 0.01086043 -0.01508609 0.03889015 0.0140699 -0.01217841 0.03939225 0.01076593 -0.01529217 0.04068765 0.01397539 -0.01238448 0.04118974 0.01129536 -0.01613769 0.04219998 0.01450483 -0.01323001 0.04270208 0.01230687 -0.01739612 0.04302194 0.01551634 -0.01448843 0.04352403 0.01352942 -0.01873024 0.04293326 0.01673889 -0.01582255 0.04343535 0.01463544 -0.01978259 0.04195772 0.0178449 -0.0168749 0.04245981 0.01532855 -0.02027118 0.04035671 0.01853802 -0.01736349 0.0408588 0.01542306 -0.02006511 0.03855921 0.01863252 -0.01715742 0.03906131 0.01870682 -0.01625218 0.03805617 0.01764428 -0.01530362 0.03693651 0.02128449 -0.01277211 0.03855826 0.02022196 -0.01182355 0.0374386 0.01888163 -0.01129088 0.04062761 0.01622261 -0.01421234 0.03667135 0.01880028 -0.01073226 0.03717344 0.01482273 -0.01327073 0.03733173 0.0174004 -0.009790657 0.03783382 0.01381975 -0.01273111 0.0387407 0.01639742 -0.009251034 0.03924279 0.01348241 -0.01273806 0.04052074 0.01606008 -0.009257984 0.04102283 0.0139011 -0.01328972 0.04219488 0.01647878 -0.009809647 0.04269697 0.01496364 -0.01423828 0.04331454 0.01754131 -0.0107582 0.04381663 0.01638531 -0.01532956 0.0435797 0.01896299 -0.01184949 0.04408179 0.01778519 -0.01627117 0.04291932 0.02036286 -0.0127911 0.04342141 0.01878817 -0.01681079 0.04151034 0.02136585 -0.01333072 0.04201244 0.01912551 -0.01680384 0.03973031 0.02170319 -0.01332377 0.0402324 0.02181895 -0.01248502 0.03914565 0.02082835 -0.01184215 0.03777167 0.02366494 -0.008567422 0.03964774 0.02267435 -0.007924552 0.03827377 0.02072763 -0.007373275 0.04112971 0.01931613 -0.01105157 0.03716294 0.02116213 -0.007133968 0.03766504 0.01768749 -0.01032511 0.03748257 0.01953349 -0.006407506 0.03798466 0.01637882 -0.009857423 0.03864491 0.01822482 -0.005939821 0.039147 0.01574078 -0.009773831 0.04033851 0.01758678 -0.005856229 0.0408406 0.01594432 -0.01009673 0.04210958 0.01779032 -0.006179128 0.04261167 0.01693492 -0.0107396 0.04348356 0.01878092 -0.006821998 0.04398565 0.01844714 -0.01153018 0.04409229 0.02029314 -0.007612582 0.04459438 0.02007578 -0.01225664 0.04377266 0.02192178 -0.008339044 0.04427475 0.02138445 -0.01272433 0.04261032 0.02323045 -0.008806729 0.04311241 0.02202249 -0.01280792 0.04091672 0.02386849 -0.008890321 0.04141881 0.02404808 -0.008097036 0.04029256 0.02324134 -0.007708753 0.0387175 0.02509087 -0.003893716 0.04079465 0.02428413 -0.003505433 0.0392196 0.02177043 -0.003169954 0.0416318 0.02176106 -0.007230579 0.0377888 0.02280385 -0.003027258 0.03829089 0.02000387 -0.00679064 0.03775529 0.02104666 -0.00258732 0.03825738 0.01844062 -0.006506818 0.03862595 0.01948341 -0.002303497 0.03912804 0.01749017 -0.006455162 0.04016749 0.01853296 -0.002251841 0.04066958 0.01740719 -0.006649514 0.04196686 0.01844998 -0.002446193 0.04246895 0.01821393 -0.007037797 0.04354191 0.01925672 -0.002834476 0.044044 0.01969421 -0.007515971 0.04447062 0.020737 -0.00331265 0.04497271 0.0214514 -0.00795591 0.04450412 0.02249419 -0.003752589 0.04500622 0.02301465 -0.008239732 0.04363346 0.02405744 -0.004036411 0.04413556 0.0239651 -0.008291388 0.04209192 0.02500789 -0.004088067 0.04259402 0.02526387 -0.003312232 0.0414719 0.0247247 -0.003088356 0.03975681 0.02546305 0.001013926 0.041974 0.02492387 0.001237802 0.0402589 0.0219696 0.001156204 0.04213389 0.02339393 -0.002886344 0.03854411 0.02359311 0.001439814 0.03904621 0.02162815 -0.002760325 0.03815877 0.02182732 0.001565833 0.03866086 0.01990048 -0.002744066 0.03870401 0.02009966 0.001582092 0.0392061 0.01867387 -0.002841923 0.04003375 0.01887304 0.001484235 0.04053585 0.01827697 -0.003027676 0.0417917 0.01847615 0.001298482 0.04229379 0.01881615 -0.003251553 0.04350679 0.01901532 0.001074606 0.04400888 0.02014692 -0.003453565 0.04471948 0.02034609 0.0008725938 0.04522157 0.0219127 -0.003579583 0.04510483 0.02211187 0.0007465751 0.04560693 0.02364037 -0.003595842 0.04455959 0.02383954 0.000730316 0.04506168 0.02486698 -0.003497985 0.04322984 0.02506615 0.0008281734 0.04373194 0.02539937 0.00161725 0.04265745 0.02517039 0.001792135 0.04086877 0.0247472 0.005898604 0.04315954 0.02451822 0.00607349 0.04137086 0.02131743 0.005437559 0.04263598 0.02408376 0.001796624 0.03941908 0.0234316 0.006077978 0.03992118 0.02243064 0.001629512 0.03869683 0.02177848 0.005910867 0.03919892 0.02065399 0.001335578 0.03889553 0.02000182 0.005616933 0.03939762 0.01922985 0.0009935811 0.03996195 0.01857769 0.005274936 0.04046404 0.01853983 0.0006951587 0.04161033 0.01788766 0.004976513 0.04211243 0.01876881 0.000520273 0.04339901 0.01811664 0.004801628 0.0439011 0.01985543 0.0005157845 0.0448487 0.01920327 0.004797139 0.04535079 0.02150855 0.0006828959 0.04557095 0.02085639 0.004964251 0.04607305 0.0232852 0.0009768299 0.04537226 0.02263304 0.005258185 0.04587435 0.02470934 0.001318827 0.04430583 0.02405718 0.005600182 0.04480793 0.02445661 0.006431157 0.0438227 0.02453284 0.006679988 0.04202976 0.02297839 0.0105018 0.0443248 0.02305461 0.01075063 0.04253185 0.0198392 0.009508205 0.04313808 0.02374751 0.006595912 0.04039925 0.02226928 0.01066656 0.04090134 0.02231103 0.006201456 0.03936807 0.0208328 0.0102721 0.03987017 0.02060832 0.005602315 0.03921253 0.0191301 0.00967296 0.03971462 0.01909562 0.004959026 0.0399743 0.01761739 0.009029672 0.04047639 0.01817825 0.004443961 0.04144926 0.01670002 0.008514606 0.04195135 0.01810202 0.004195129 0.04324221 0.0166238 0.008265775 0.0437443 0.01888736 0.004279206 0.04487272 0.01740913 0.008349852 0.04537481 0.02032384 0.004673662 0.04590389 0.01884561 0.008744307 0.04640598 0.02202654 0.005272803 0.04605943 0.02054831 0.009343449 0.04656153 0.02353925 0.005916091 0.04529767 0.02206102 0.009986737 0.04579976 0.02250549 0.01088184 0.04494197 0.02283509 0.0113162 0.04321424 0.02025848 0.01458403 0.04544406 0.02058808 0.0150184 0.04371633 0.01759219 0.0132104 0.04364017 0.02236195 0.01126611 0.04146609 0.02011494 0.01496831 0.04196819 0.02121284 0.010745 0.04016596 0.01896583 0.01444719 0.04066805 0.01969566 0.00989248 0.0396622 0.01744865 0.01359468 0.04016429 0.01821695 0.008936999 0.0400898 0.01596994 0.0126392 0.04059189 0.01717292 0.008134573 0.04133418 0.01492591 0.01183677 0.04183627 0.01684332 0.007700209 0.04306192 0.0145963 0.01140241 0.04356401 0.01731646 0.007750296 0.04481006 0.01506945 0.01145249 0.04531215 0.01846557 0.008271414 0.04611019 0.01621856 0.01197361 0.04661229 0.01998275 0.009123929 0.04661395 0.01773574 0.01282613 0.04711604 0.02146146 0.01007941 0.04618635 0.01921445 0.01378161 0.04668844 0.01967588 0.01475321 0.04599134 0.02016812 0.01545621 0.04439576 0.01674715 0.0179435 0.04649343 0.0172394 0.0186465 0.04489785 0.01466347 0.01640069 0.04414226 0.01997015 0.01555745 0.04259773 0.01704143 0.01874774 0.04309982 0.01913501 0.0150298 0.04107901 0.01620629 0.01822008 0.0415811 0.01788647 0.01401464 0.04024655 0.01495775 0.01720493 0.04074865 0.01655908 0.01278399 0.04032341 0.01363036 0.01597427 0.04082551 0.01550851 0.01166759 0.04128899 0.01257979 0.01485787 0.04179109 0.01501627 0.01096459 0.04288457 0.01208755 0.01415487 0.04338666 0.01521424 0.01086335 0.04468261 0.01228552 0.01405363 0.0451847 0.01604938 0.011391 0.04620132 0.01312066 0.01458129 0.04670342 0.01729792 0.01240616 0.04703378 0.0143692 0.01559645 0.04753587 0.01862531 0.01363682 0.04695692 0.01569659 0.0168271 0.04745901 0.01614426 0.01787586 0.0469496 0.01668346 0.01888937 0.04554801 0.01264732 0.0204306 0.04745169 0.01318652 0.02144411 0.0460501 0.01116654 0.01895543 0.04464435 0.0166814 0.01923604 0.04376975 0.01318446 0.02179078 0.04427185 0.01613864 0.01882298 0.04209131 0.01264171 0.02137772 0.0425934 0.01520061 0.01776087 0.04096242 0.01170368 0.02031561 0.04146451 0.01411866 0.0163343 0.04068556 0.01062172 0.01888905 0.04118765 0.01318269 0.01492552 0.04133492 0.009685747 0.01748027 0.04183701 0.01264349 0.01391201 0.04273651 0.009146551 0.01646676 0.0432386 0.01264555 0.01356534 0.04451476 0.009148608 0.01612008 0.04501686 0.01318831 0.0139784 0.04619321 0.009691367 0.01653314 0.0466953 0.01412634 0.01504051 0.0473221 0.0106294 0.01759525 0.04782419 0.01520829 0.01646708 0.04759896 0.01171135 0.01902182 0.04810105 0.01211669 0.02013652 0.04779907 0.01257994 0.02145475 0.04664578 0.008187044 0.02195673 0.04830116 0.008650291 0.02327496 0.04714788 0.007236887 0.02077565 0.04514644 0.01266447 0.02210328 0.04495622 0.008734817 0.02392349 0.04545831 0.01234762 0.02190836 0.04318309 0.008417973 0.02372857 0.04368518 0.01171431 0.0209222 0.0418015 0.007784659 0.02274241 0.0423036 0.01093422 0.01940904 0.04118165 0.007004569 0.02122926 0.04168375 0.01021638 0.01777435 0.04148963 0.00628673 0.01959456 0.04199173 0.009753132 0.01645612 0.04264292 0.005823483 0.01827634 0.04314501 0.009668606 0.01580759 0.04433249 0.005738957 0.0176278 0.04483458 0.00998545 0.01600251 0.04610562 0.006055801 0.01782273 0.04660771 0.01061876 0.01698867 0.0474872 0.006689115 0.01880888 0.04798929 0.01139885 0.01850182 0.04810705 0.007469204 0.02032204 0.04860914 0.007810127 0.02148135 0.04852629 0.008086179 0.02305172 0.047666 0.003600043 0.02249649 0.04902839 0.003876096 0.02406687 0.04816809 0.003026803 0.02179079 0.04564853 0.008134666 0.02401222 0.0461306 0.003924582 0.02502737 0.04663269 0.007942592 0.02410549 0.04433149 0.003732509 0.02512063 0.04483358 0.007561426 0.02330652 0.04275075 0.003351342 0.02432166 0.04325284 0.0070933 0.02182941 0.04181193 0.002883216 0.02284455 0.04231402 0.006663647 0.02006994 0.0417666 0.002453564 0.02108508 0.04226869 0.006387594 0.01849957 0.04262689 0.002177511 0.01951471 0.04312898 0.006339108 0.01753907 0.04416229 0.002129025 0.01855421 0.04466438 0.006531181 0.01744581 0.0459614 0.002321098 0.01846095 0.04646349 0.006912348 0.01824477 0.04754214 0.002702265 0.01925992 0.04804423 0.007380474 0.01972189 0.04848095 0.003170391 0.02073703 0.04898305 0.003434696 0.02191279 0.04912255 0.003441048 0.02364404 0.04858858 -0.0008926783 0.02208352 0.04962464 -0.0008863264 0.02381477 0.04909068 -0.00130057 0.02196152 0.04615063 0.003336403 0.02487871 0.04726684 -0.0009909709 0.02504944 0.04776893 0.003148802 0.02528597 0.04551147 -0.001178572 0.02545671 0.04601356 0.002928511 0.02475671 0.04379283 -0.001398863 0.02492744 0.04429492 0.002734558 0.02343273 0.04257142 -0.001592816 0.02360346 0.04307351 0.002618911 0.02166879 0.04217453 -0.001708463 0.02183953 0.04267662 0.00261256 0.01993754 0.04270849 -0.001714814 0.02010828 0.04321058 0.002717204 0.01870287 0.04403023 -0.00161017 0.0188736 0.04453233 0.002904805 0.0182956 0.0457856 -0.001422569 0.01846634 0.04628769 0.003125096 0.01882487 0.04750424 -0.001202278 0.0189956 0.04800633 0.003319049 0.02014885 0.04872565 -0.001008325 0.02031958 0.04922774 -0.0008210744 0.02148109 0.04958418 -0.001125533 0.02325724 0.04939724 -0.00509805 0.0208008 0.05008627 -0.005402509 0.02257696 0.04989933 -0.005577547 0.02128123 0.04665272 -0.001476892 0.02468622 0.04834037 -0.005753868 0.02400593 0.04884246 -0.001781006 0.02538511 0.04669676 -0.006057982 0.02470482 0.04719885 -0.001956388 0.02516665 0.04490682 -0.006233364 0.02448636 0.04540891 -0.001956044 0.02408938 0.04345015 -0.00623302 0.0234091 0.04395225 -0.001780067 0.02244196 0.04271708 -0.006057043 0.02176167 0.04321917 -0.001475608 0.0206658 0.04290402 -0.005752584 0.01998551 0.04340611 -0.001124249 0.01923683 0.04396089 -0.005401225 0.01855654 0.04446298 -0.0008201344 0.01853794 0.04560449 -0.00509711 0.01785765 0.04610658 -0.0006447526 0.0187564 0.04739444 -0.004921729 0.01807611 0.04789653 -0.0006450966 0.01983366 0.0488511 -0.004922073 0.01915337 0.04935319 -0.004800486 0.02027211 0.04991276 -0.005409154 0.02197032 0.05008008 -0.008861328 0.01876716 0.05041485 -0.009469996 0.02046537 0.05058217 -0.009638389 0.01977628 0.04715481 -0.006062943 0.02348389 0.04932905 -0.01012378 0.02197894 0.04983114 -0.006586669 0.02440725 0.04786089 -0.01064751 0.0229023 0.04836298 -0.006840002 0.02449301 0.04606901 -0.01090084 0.02298806 0.0465711 -0.006755061 0.02371817 0.04443353 -0.0108159 0.02221322 0.04493562 -0.006354607 0.02229036 0.04339268 -0.01041545 0.02078541 0.04389478 -0.005745939 0.02059215 0.04322536 -0.009806781 0.0190872 0.04372745 -0.005092151 0.01907858 0.04397639 -0.009152993 0.01757363 0.04447848 -0.004568424 0.01815522 0.04544455 -0.008629266 0.01665027 0.04594664 -0.00431509 0.01806946 0.04723643 -0.008375932 0.01656451 0.04773852 -0.004400031 0.0188443 0.04887191 -0.008460874 0.01733935 0.049374 -0.008383481 0.01839338 0.05011501 -0.009243061 0.01990274 0.05063011 -0.01207083 0.01612208 0.0506171 -0.01293041 0.01763144 0.05113221 -0.01332574 0.01750499 0.0476569 -0.01020857 0.02137822 0.05021401 -0.01389592 0.01910692 0.05071611 -0.0110213 0.02242446 0.0489782 -0.01470865 0.02015316 0.0494803 -0.01146348 0.02276112 0.04725382 -0.01515082 0.02048983 0.04775591 -0.01141663 0.022298 0.0455029 -0.01510397 0.02002671 0.04600499 -0.0108933 0.02115919 0.04419461 -0.01458065 0.0188879 0.04469671 -0.01003372 0.01964983 0.04367951 -0.01372107 0.01737854 0.0441816 -0.00906821 0.01817436 0.04409561 -0.01275556 0.01590306 0.0445977 -0.008255481 0.01712811 0.04533142 -0.01194283 0.01485682 0.04583351 -0.007813301 0.01679145 0.04705581 -0.01150065 0.01452015 0.0475579 -0.007860153 0.01725457 0.04880672 -0.0115475 0.01498327 0.04930881 -0.01148605 0.01596058 0.05020255 -0.01250473 0.01719918 0.05104548 -0.01465702 0.01301095 0.05070464 -0.0156757 0.01424956 0.05154757 -0.0164967 0.01455537 0.048159 -0.0137434 0.01851973 0.05098043 -0.01691436 0.01557011 0.05148253 -0.01487015 0.01956838 0.05002486 -0.01804112 0.01661876 0.05052695 -0.01558308 0.02006415 0.04843479 -0.01875405 0.01711452 0.04893688 -0.01569116 0.01987419 0.04663628 -0.01886213 0.01692457 0.04713838 -0.01516543 0.01904941 0.04511126 -0.01833639 0.01609978 0.04561335 -0.01414675 0.0178108 0.04426833 -0.01731771 0.01486118 0.04477042 -0.01290808 0.01649025 0.04433337 -0.01607905 0.01354063 0.04483546 -0.01178132 0.0154416 0.04528895 -0.01495229 0.01249198 0.04579104 -0.01106839 0.01494584 0.04687902 -0.01423936 0.01199621 0.04738111 -0.01096031 0.01513579 0.04867752 -0.01413128 0.01218617 0.04917961 -0.01405506 0.01308651 0.05019145 -0.01511661 0.01401402 0.05132953 -0.01658677 0.00957286 0.05069354 -0.01764832 0.01050037 0.05183162 -0.01902841 0.01104171 0.04866109 -0.01654795 0.01508658 0.05161807 -0.01907966 0.01157293 0.05212016 -0.01796556 0.01601681 0.05097975 -0.02049727 0.01250315 0.05148184 -0.01898959 0.01655544 0.04958561 -0.0215213 0.01304178 0.05008771 -0.01934565 0.01655815 0.04780922 -0.02187736 0.0130445 0.04831131 -0.01893834 0.01602422 0.04612654 -0.02147005 0.01251057 0.04662864 -0.0178768 0.01509671 0.04498846 -0.02040851 0.01158306 0.04549056 -0.01644546 0.01402415 0.04469992 -0.01897717 0.0105105 0.04520202 -0.01502785 0.01309393 0.04533824 -0.01755956 0.009580275 0.04584033 -0.01400382 0.0125553 0.04673238 -0.01653553 0.009041644 0.04723447 -0.01364776 0.01255258 0.04850877 -0.01617946 0.00903893 0.04901087 -0.01606005 0.009873892 0.05010159 -0.01704165 0.01049771 0.05149072 -0.0178544 0.005932365 0.05060368 -0.018836 0.006556183 0.05199281 -0.02082276 0.007100186 0.04916318 -0.0185556 0.01126729 0.05212166 -0.02034994 0.007325766 0.05262375 -0.02019624 0.01197643 0.05182534 -0.02199058 0.008034905 0.05232743 -0.02152396 0.01243511 0.05068116 -0.0233183 0.008493588 0.05118325 -0.022183 0.01252044 0.04899571 -0.02397735 0.00857891 0.0494978 -0.02199677 0.01220954 0.04722059 -0.02379112 0.008268008 0.04772268 -0.02101518 0.01158572 0.04583145 -0.02280952 0.00764419 0.04633354 -0.01950123 0.01081613 0.04520052 -0.02129558 0.006874606 0.04570261 -0.01786059 0.01010699 0.04549684 -0.01965494 0.006165467 0.04599893 -0.01653287 0.009648312 0.04664101 -0.01832722 0.005706785 0.04714311 -0.01587383 0.009562991 0.04832647 -0.01766817 0.005621464 0.04882856 -0.01748377 0.006412659 0.0499559 -0.01827487 0.006786811 0.05154226 -0.01847121 0.002195995 0.050458 -0.01926232 0.002570147 0.05204436 -0.02181021 0.002883522 0.04966527 -0.01974868 0.007244932 0.05249115 -0.02073613 0.003028268 0.05299325 -0.02151029 0.007664269 0.05254831 -0.02249774 0.003447605 0.0530504 -0.02308767 0.00793246 0.05169843 -0.02407512 0.003715796 0.05220052 -0.02405818 0.007977644 0.05016923 -0.02504563 0.00376098 0.05067132 -0.02416176 0.007787714 0.04837045 -0.02514921 0.00357105 0.04887255 -0.02337065 0.007413561 0.0467841 -0.0243581 0.003196897 0.04728619 -0.02189684 0.00695544 0.04583521 -0.02288429 0.002738776 0.0463373 -0.02013523 0.006536104 0.04577805 -0.02112268 0.002319439 0.04628014 -0.01855785 0.006267913 0.04662793 -0.0195453 0.002051248 0.04713002 -0.01758734 0.006222729 0.04815713 -0.01857479 0.002006064 0.04865922 -0.01831355 0.002781825 0.0497795 -0.01883287 0.002998661 0.05150162 -0.01845584 -0.001546578 0.0502816 -0.01897516 -0.001329742 0.05200371 -0.0219525 -0.001444881 0.05016736 -0.02014996 0.003184645 0.05273168 -0.02029224 -0.001143757 0.05323378 -0.02191191 0.003289944 0.05314011 -0.0220542 -0.001038459 0.0536422 -0.02364661 0.003286342 0.05261745 -0.0237889 -0.00104206 0.05311954 -0.02488925 0.003174806 0.05130376 -0.02503154 -0.001153597 0.05180585 -0.02530687 0.002985219 0.04955104 -0.02544916 -0.001343183 0.05005313 -0.02478756 0.002768384 0.04782893 -0.02492985 -0.001560019 0.04833102 -0.02347047 0.002582399 0.04659886 -0.02361276 -0.001746004 0.04710095 -0.02170851 0.0024771 0.04619044 -0.0218508 -0.001851302 0.04669253 -0.01997381 0.002480702 0.04671309 -0.0201161 -0.001847701 0.04721518 -0.01873117 0.002592239 0.04802678 -0.01887346 -0.001736164 0.04852887 -0.01853536 -0.000945137 0.04959868 -0.0187433 -0.0007691208 0.05138981 -0.01782698 -0.005217549 0.05010077 -0.01803492 -0.005041533 0.0518919 -0.02124412 -0.005717293 0.05066946 -0.01981114 -0.0007741739 0.05285339 -0.01910276 -0.005046587 0.05335548 -0.02145276 -0.0009589423 0.05359725 -0.02074437 -0.005231355 0.05409934 -0.02322828 -0.001273917 0.05342208 -0.0225199 -0.00554633 0.05392417 -0.02466196 -0.001634702 0.05237481 -0.02395358 -0.005907115 0.0528769 -0.02536964 -0.001944624 0.05073605 -0.02466126 -0.006217037 0.05123815 -0.0251617 -0.00212064 0.04894492 -0.02445332 -0.006393053 0.04944701 -0.02409386 -0.002115587 0.04748134 -0.02338548 -0.006388 0.04798343 -0.02245224 -0.001930819 0.04673748 -0.02174386 -0.006203231 0.04723957 -0.02067672 -0.001615844 0.04691265 -0.01996834 -0.005888256 0.04741474 -0.01924304 -0.001255059 0.04795992 -0.01853466 -0.005527472 0.04846201 -0.01813146 -0.00469282 0.04943988 -0.01803624 -0.00443486 0.05123063 -0.01659986 -0.008743684 0.04994198 -0.01650464 -0.008485724 0.05173272 -0.01971251 -0.009768157 0.05117155 -0.01880057 -0.004520528 0.05287101 -0.01726897 -0.008571391 0.0533731 -0.02021964 -0.004926867 0.05392148 -0.01868804 -0.008977731 0.05442357 -0.02191322 -0.005545001 0.05410058 -0.02038162 -0.009595864 0.05460267 -0.02342752 -0.0062093 0.05336031 -0.02189591 -0.01026016 0.0538624 -0.02435677 -0.006741766 0.05189903 -0.02282516 -0.01079263 0.05240112 -0.02445199 -0.006999726 0.05010828 -0.02292039 -0.01105059 0.05061037 -0.02368766 -0.006914059 0.0484679 -0.02215606 -0.01096492 0.04897 -0.02226859 -0.006507719 0.04741743 -0.02073698 -0.01055858 0.04791952 -0.02057501 -0.005889585 0.04723833 -0.0190434 -0.009940449 0.04774043 -0.01906072 -0.005225286 0.0479786 -0.01752911 -0.00927615 0.04848069 -0.01708258 -0.008376212 0.04932874 -0.01673895 -0.007926124 0.05104971 -0.0147871 -0.01204855 0.04983083 -0.01444347 -0.01159847 0.0515518 -0.01741703 -0.0134405 0.05167364 -0.01719208 -0.007969608 0.05280332 -0.01489661 -0.01164195 0.05330541 -0.01832057 -0.008495011 0.0541197 -0.01602509 -0.01216735 0.05462179 -0.01982202 -0.009361553 0.05464612 -0.01752654 -0.01303389 0.05514822 -0.02129413 -0.01033704 0.05424154 -0.01899865 -0.01400939 0.05474363 -0.02234245 -0.0111601 0.05301436 -0.02004697 -0.01483244 0.05351645 -0.02268607 -0.01161019 0.05129339 -0.02039059 -0.01528253 0.05179548 -0.02223294 -0.01156671 0.04953978 -0.01993746 -0.01523905 0.05004187 -0.02110446 -0.0110413 0.0482234 -0.01880898 -0.01471364 0.04872549 -0.019603 -0.01017476 0.04769697 -0.01730753 -0.0138471 0.04819907 -0.01813089 -0.009199269 0.04810156 -0.01583542 -0.01287161 0.04860365 -0.01537395 -0.01189475 0.04928901 -0.0148748 -0.01117184 0.0508735 -0.01240355 -0.01504626 0.0497911 -0.0119044 -0.01432335 0.05137559 -0.01444663 -0.01659201 0.05217573 -0.01505683 -0.01105682 0.05267239 -0.01208643 -0.01420833 0.05317448 -0.01587128 -0.0115805 0.05420367 -0.01290088 -0.01473201 0.05470576 -0.01709991 -0.01260257 0.05505703 -0.01412951 -0.01575408 0.05555912 -0.01841351 -0.01384916 0.05500381 -0.01544311 -0.01700067 0.0555059 -0.01946011 -0.01498625 0.05405827 -0.01648971 -0.01813776 0.05456037 -0.01995927 -0.01570916 0.05247378 -0.01698887 -0.01886067 0.05297587 -0.01977723 -0.01582418 0.05067489 -0.01680683 -0.01897569 0.05117698 -0.01896279 -0.0153005 0.04914361 -0.01599238 -0.01845201 0.0496457 -0.01773415 -0.01427843 0.04829025 -0.01476375 -0.01742994 0.04879234 -0.01642055 -0.01303184 0.04834347 -0.01345015 -0.01618335 0.04884556 -0.01300446 -0.01512973 0.04934168 -0.01246653 -0.01409518 0.05072831 -0.00947424 -0.01763829 0.04984377 -0.008936312 -0.01660375 0.0512304 -0.01091641 -0.01910057 0.05267783 -0.01245917 -0.01372966 0.05250277 -0.008928951 -0.01623823 0.05300486 -0.01298435 -0.01413111 0.0541896 -0.009454129 -0.01663967 0.05469169 -0.01390134 -0.01519195 0.05533682 -0.01037113 -0.01770051 0.05583891 -0.01496445 -0.01662794 0.05563703 -0.01143423 -0.0191365 0.05613912 -0.01588881 -0.0180543 0.05500979 -0.01235859 -0.02056286 0.05551188 -0.01642673 -0.01908884 0.05362316 -0.01289652 -0.0215974 0.05412525 -0.01643409 -0.01945436 0.05184869 -0.01290388 -0.02196292 0.05235079 -0.01590892 -0.01905292 0.05016186 -0.0123787 -0.02156148 0.05066396 -0.01499192 -0.01799208 0.04901464 -0.0114617 -0.02050064 0.04951673 -0.01392881 -0.01655609 0.04871444 -0.0103986 -0.01906465 0.04921653 -0.009996957 -0.01794622 0.04950417 -0.009542963 -0.01660906 0.0506392 -0.006043722 -0.01971462 0.05000627 -0.005589728 -0.01837746 0.05114129 -0.006963179 -0.02086898 0.05317992 -0.009456985 -0.0159395 0.05232047 -0.005503749 -0.0177079 0.05282256 -0.009762059 -0.01611695 0.0540975 -0.005808824 -0.01788535 0.05459959 -0.01037644 -0.01709386 0.05549412 -0.006423207 -0.01886226 0.05599621 -0.01113551 -0.01860846 0.05613612 -0.007182274 -0.02037686 0.05663821 -0.01183587 -0.02025493 0.05585147 -0.007882636 -0.02202333 0.05635357 -0.01228986 -0.02159208 0.05471645 -0.00833663 -0.02336049 0.05521854 -0.01237584 -0.02226164 0.05303518 -0.008422608 -0.02403004 0.05353727 -0.01207077 -0.0220842 0.05125815 -0.008117534 -0.0238526 0.05176025 -0.01145639 -0.02110729 0.04986153 -0.007503151 -0.02287569 0.05036362 -0.01069732 -0.01959268 0.04921953 -0.006744083 -0.02136108 0.04972162 -0.006408014 -0.02019974 0.04978965 -0.006147776 -0.01861545 0.05062909 -0.002184951 -0.02115946 0.05029174 -0.001924713 -0.01957516 0.05113118 -0.002740116 -0.02182869 0.05368201 -0.006106026 -0.01763498 0.05215202 -0.001882962 -0.0185947 0.05265411 -0.006293948 -0.01752106 0.05395037 -0.002070885 -0.01848078 0.05445247 -0.006661191 -0.01830421 0.05554229 -0.002438128 -0.01926393 0.05604438 -0.007109351 -0.01977459 0.05650121 -0.002886288 -0.02073431 0.0570033 -0.007518345 -0.02153821 0.05657018 -0.003295281 -0.02249792 0.05707228 -0.007778582 -0.0231225 0.05573075 -0.003555519 -0.02408222 0.05623284 -0.007820332 -0.02410297 0.05420781 -0.00359727 -0.02506268 0.05470991 -0.00763241 -0.02421689 0.05240946 -0.003409347 -0.02517661 0.05291155 -0.007265167 -0.02343374 0.05081755 -0.003042104 -0.02439345 0.05131964 -0.006817007 -0.02196336 0.04985863 -0.002593944 -0.02292308 0.05036072 -0.002334897 -0.02174731 0.0502065 -0.002348497 -0.02000928 0.05071782 0.001994347 -0.02186115 0.05070859 0.001980747 -0.02012312 0.05121991 0.001589128 -0.02194253 0.0541841 -0.00246703 -0.01875877 0.0520234 0.001862214 -0.01887261 0.05252549 -0.002658737 -0.01833083 0.0537734 0.001670507 -0.01844467 0.05427549 -0.002872249 -0.01884015 0.05549891 0.001456995 -0.01895398 0.056001 -0.003050356 -0.02015024 0.05673758 0.001278888 -0.02026408 0.05723968 -0.003145335 -0.02191007 0.05715752 0.00118391 -0.02202391 0.05765961 -0.003131735 -0.0236481 0.05664619 0.001197509 -0.02376194 0.05714829 -0.003013202 -0.02489862 0.05534062 0.001316043 -0.02501246 0.05584271 -0.002821495 -0.02532655 0.05359062 0.001507749 -0.02544039 0.05409271 -0.002607983 -0.02481724 0.05186511 0.001721261 -0.02493108 0.0523672 -0.002429876 -0.02350714 0.05062643 0.001899368 -0.02362099 0.05112853 0.002081762 -0.0224615 0.05075803 0.001756279 -0.02068675 0.05092142 0.006349427 -0.02172505 0.05126012 0.006023944 -0.0199503 0.05142352 0.005856793 -0.02120608 0.05468619 0.001386008 -0.01924848 0.05195905 0.005653673 -0.01851203 0.05246114 0.001070163 -0.01853209 0.05359288 0.005337828 -0.01779564 0.05409497 0.0008933747 -0.01872952 0.05538513 0.005161039 -0.01799307 0.05588722 0.0009030126 -0.01978787 0.05685556 0.005170677 -0.01905143 0.05735765 0.001096495 -0.02142357 0.05761018 0.005364159 -0.02068712 0.05811227 0.001421977 -0.02319832 0.05744678 0.005689642 -0.02246187 0.05794887 0.001792248 -0.02463658 0.05640915 0.006059912 -0.02390013 0.05691124 0.002108093 -0.02535298 0.05477532 0.006375758 -0.02461653 0.05527741 0.002284882 -0.02515555 0.05298308 0.006552546 -0.0244191 0.05348517 0.002275244 -0.02409719 0.05151264 0.006542908 -0.02336074 0.05201473 0.006660785 -0.02224573 0.05144232 0.006033247 -0.0205569 0.05125146 0.0107015 -0.02068753 0.05194441 0.01007396 -0.0189987 0.05175355 0.009897503 -0.01964789 0.05518828 0.005358428 -0.01904202 0.05198093 0.009399138 -0.01748382 0.05248302 0.004817146 -0.018107 0.05343527 0.008857856 -0.0165488 0.05393736 0.004554436 -0.01800237 0.0552248 0.008595146 -0.01644417 0.0557269 0.004640692 -0.01875618 0.05687001 0.008681402 -0.01719798 0.0573721 0.005052801 -0.02016644 0.05793007 0.009093511 -0.01860824 0.05843216 0.005680338 -0.02185527 0.05812093 0.009721049 -0.02029707 0.05862302 0.006355158 -0.02337015 0.05739146 0.01039587 -0.02181195 0.05789355 0.00689644 -0.02430517 0.05593711 0.01093715 -0.02274697 0.0564392 0.00715915 -0.0244098 0.05414758 0.01119986 -0.0228516 0.05464967 0.007072894 -0.02365599 0.05250237 0.0111136 -0.02209779 0.05300447 0.011189 -0.02104863 0.05225231 0.0103156 -0.01955518 0.05171458 0.01484618 -0.01872906 0.0527544 0.01397278 -0.01723561 0.05221668 0.01355468 -0.01732832 0.05569038 0.009330175 -0.01808656 0.05210763 0.01298735 -0.015767 0.05260973 0.00849676 -0.01703631 0.05332614 0.01215394 -0.01471674 0.05382823 0.008038674 -0.01668582 0.05504361 0.01169585 -0.01436626 0.0555457 0.00807866 -0.01712902 0.05679984 0.01173584 -0.01480945 0.05730193 0.008606003 -0.01824714 0.05812426 0.01226318 -0.01592758 0.05862635 0.009479402 -0.0197406 0.05866199 0.01313658 -0.01742103 0.05916408 0.01046483 -0.02120921 0.05826893 0.01412201 -0.01888964 0.05877103 0.01129824 -0.02225946 0.05705043 0.01495542 -0.0199399 0.05755252 0.01175633 -0.02260995 0.05533296 0.01541351 -0.02029039 0.05583505 0.01171635 -0.02216675 0.05357673 0.01537352 -0.01984719 0.05407882 0.015435 -0.01887514 0.05317608 0.01440968 -0.01765653 0.05231232 0.01856693 -0.01588409 0.05367817 0.0175416 -0.01466548 0.05281441 0.0166866 -0.01433727 0.05619247 0.01315525 -0.01634998 0.05235372 0.01628718 -0.01335893 0.05285581 0.01200786 -0.01530557 0.05328917 0.01513978 -0.01231452 0.05379126 0.01127493 -0.01480315 0.05486802 0.01440685 -0.0118121 0.05537011 0.01115286 -0.01497736 0.05666722 0.01428478 -0.01198631 0.05716931 0.01167435 -0.0157815 0.05820468 0.01480628 -0.01279045 0.05870677 0.01269968 -0.01700011 0.05906843 0.0158316 -0.01400906 0.05957052 0.0139541 -0.01830667 0.05902704 0.01708603 -0.01531562 0.05952913 0.0151015 -0.01935107 0.05809158 0.01823342 -0.01636003 0.05859368 0.01583443 -0.01985349 0.05651273 0.01896635 -0.01686244 0.05701483 0.0159565 -0.01967929 0.05471353 0.01908842 -0.01668824 0.05521562 0.01916668 -0.01579273 0.05419727 0.01810668 -0.01488624 0.05304096 0.02165199 -0.01224611 0.05469936 0.02059199 -0.01133961 0.05354305 0.01917191 -0.01079064 0.05669456 0.01666617 -0.01383265 0.0527291 0.01915148 -0.01028602 0.05323119 0.01523114 -0.01291427 0.05334524 0.01771644 -0.009367646 0.05384733 0.01418609 -0.01237719 0.0547243 0.0166714 -0.00883056 0.05522639 0.01381106 -0.0123653 0.05649675 0.01629636 -0.008818677 0.05699884 0.01420652 -0.01288181 0.05818767 0.01669183 -0.00933518 0.05868976 0.01526652 -0.0137883 0.05934398 0.01775183 -0.01024167 0.05984607 0.01670703 -0.01484189 0.05965584 0.01919233 -0.01129526 0.06015793 0.01814207 -0.01576027 0.0590397 0.02062737 -0.01221364 0.05954179 0.01918711 -0.01629736 0.05766064 0.02167242 -0.01275073 0.05816273 0.01956215 -0.01630924 0.05588819 0.02204745 -0.01276261 0.05639028 0.02217061 -0.01193133 0.05529578 0.02119852 -0.01132632 0.05389172 0.02391299 -0.00796656 0.05579787 0.0229409 -0.007361551 0.05439382 0.02091429 -0.006825871 0.05719665 0.01968339 -0.01057778 0.05323869 0.02142578 -0.006613006 0.05374078 0.01803122 -0.00988627 0.05351165 0.0197736 -0.005921498 0.05401374 0.01668469 -0.009437089 0.05463747 0.01842707 -0.005472316 0.05513956 0.01600461 -0.009350591 0.05631448 0.01774699 -0.005385818 0.05681658 0.0161732 -0.009649954 0.05809334 0.01791558 -0.005685181 0.05859543 0.0171453 -0.01025496 0.0594974 0.01888768 -0.006290191 0.05999949 0.01866042 -0.01100351 0.06015044 0.0204028 -0.007038736 0.06065253 0.0203126 -0.01169502 0.05987747 0.02205498 -0.007730244 0.06037956 0.02165913 -0.0121442 0.05875165 0.02340151 -0.008179425 0.05925374 0.02233921 -0.0122307 0.05707464 0.02408159 -0.008265924 0.05757673 0.02427088 -0.00747669 0.05644849 0.02349577 -0.007116252 0.0548511 0.02520282 -0.00324741 0.05695058 0.02442771 -0.002886972 0.05535319 0.02184623 -0.002596592 0.05769875 0.02202896 -0.006678007 0.05388219 0.0229609 -0.002448727 0.05438428 0.02026347 -0.006279381 0.05380139 0.02119541 -0.002050102 0.05430349 0.01867237 -0.006027188 0.05463035 0.01960431 -0.001797909 0.05513244 0.01768199 -0.005989001 0.05614695 0.01861393 -0.001759721 0.05664904 0.0175577 -0.006175052 0.05794481 0.01848964 -0.001945773 0.0584469 0.01833281 -0.00653549 0.05954221 0.01926475 -0.002306211 0.0600443 0.01979962 -0.006973736 0.06051111 0.02073156 -0.002744456 0.06101321 0.02156511 -0.007372361 0.06059191 0.02249705 -0.003143081 0.061094 0.02315621 -0.007624554 0.05976295 0.02408815 -0.003395275 0.06026505 0.02414659 -0.007662741 0.05824636 0.02507853 -0.003433462 0.05874845 0.02534503 -0.002657638 0.0576302 0.02484575 -0.002447318 0.05590136 0.02543041 0.001672261 0.05813229 0.02493114 0.001882581 0.05640345 0.02193161 0.001733307 0.05820084 0.02354276 -0.002276996 0.05465414 0.02362814 0.002052903 0.05515623 0.02178518 -0.002192309 0.05422271 0.02187057 0.00213759 0.0547248 0.02004396 -0.002215949 0.05472268 0.02012935 0.00211395 0.05522477 0.01878566 -0.002341583 0.05602009 0.01887104 0.001988316 0.05652218 0.01834743 -0.002535545 0.05776729 0.01843282 0.001794354 0.05826938 0.01884671 -0.002745865 0.05949613 0.01893209 0.001584034 0.05999822 0.0201497 -0.002916187 0.06074335 0.02023508 0.001413712 0.06124545 0.02190728 -0.003000874 0.06117478 0.02199266 0.001329025 0.06167687 0.02364849 -0.002977234 0.06067481 0.02373388 0.001352665 0.0611769 0.0249068 -0.002851601 0.0593774 0.02499218 0.001478298 0.05987949 0.02533511 0.002271404 0.05881456 0.02514818 0.002449103 0.05702128 0.02457063 0.006534136 0.05931665 0.0243837 0.006711835 0.05752337 0.02116713 0.00599604 0.05870293 0.02409937 0.002435006 0.05554406 0.02333489 0.006697738 0.05604615 0.02246971 0.002232888 0.05477872 0.02170523 0.006495621 0.05528081 0.02069587 0.001896909 0.05493034 0.01993139 0.006159641 0.05543243 0.01925315 0.001517093 0.05595828 0.01848867 0.005779825 0.05646037 0.01852812 0.001195211 0.05758711 0.01776364 0.005457943 0.0580892 0.01871505 0.001017512 0.05938039 0.01795057 0.005280244 0.05988248 0.01976386 0.001031609 0.06085761 0.01899938 0.005294342 0.06135971 0.02139352 0.001233726 0.06162295 0.02062904 0.005496458 0.06212504 0.02316736 0.001569706 0.06147134 0.02240288 0.005832438 0.06197343 0.02461008 0.001949522 0.06044339 0.0238456 0.006212254 0.06094548 0.02425245 0.00705068 0.05997514 0.02436642 0.007318264 0.0581869 0.02266773 0.01108106 0.06047723 0.0227817 0.01134865 0.05868899 0.01958241 0.01002642 0.05920502 0.02362314 0.007231558 0.05653694 0.02203842 0.01126194 0.05703903 0.02222177 0.006813796 0.05546734 0.02063705 0.01084418 0.05596944 0.02053782 0.006176917 0.05526473 0.0189531 0.0102073 0.05576682 0.01902249 0.005491572 0.05598337 0.01743777 0.009521954 0.05648546 0.01808181 0.004941399 0.05743072 0.01649709 0.008971781 0.05793281 0.01796784 0.004673815 0.05921895 0.01638312 0.008704197 0.05972105 0.01871113 0.004760521 0.06086892 0.01712641 0.008790903 0.06137101 0.02011249 0.005178283 0.06193851 0.01852777 0.009208664 0.0624406 0.02179645 0.005815162 0.06214113 0.02021173 0.009845544 0.06264322 0.02331178 0.006500507 0.06142249 0.02172706 0.01053089 0.06192458 0.02217552 0.01143572 0.06108642 0.02253276 0.01190189 0.05937253 0.01983197 0.01507757 0.06158851 0.02018921 0.01554374 0.05987462 0.01723886 0.01366827 0.05970711 0.02209945 0.01186554 0.05761375 0.0197559 0.01550739 0.05811584 0.02099171 0.01133639 0.05628135 0.01864816 0.01497824 0.05678344 0.01950634 0.01045624 0.05573235 0.01716279 0.01409809 0.05623444 0.01804136 0.009460919 0.05611384 0.01569781 0.01310277 0.05661594 0.0169893 0.008617125 0.05732362 0.01464575 0.01225898 0.05782571 0.01663207 0.00815095 0.05903752 0.01428851 0.0117928 0.05953961 0.01706537 0.008187306 0.06079629 0.01472182 0.01182916 0.06129839 0.01817312 0.008716452 0.06212869 0.01582956 0.0123583 0.06263079 0.01965848 0.009596603 0.0626777 0.01731493 0.01323845 0.06317979 0.02112346 0.01059192 0.0622962 0.01877991 0.01423378 0.06279829 0.01924128 0.0152159 0.0621248 0.01974682 0.01595889 0.06055165 0.01622971 0.01832809 0.06262689 0.01673525 0.01907108 0.06105375 0.01422729 0.01678047 0.0602092 0.01958035 0.01608811 0.05875222 0.01656878 0.0192003 0.05925431 0.01878649 0.01556894 0.05720865 0.01577492 0.01868113 0.05771074 0.01757794 0.01454048 0.05633454 0.01456637 0.01765268 0.05683663 0.01627853 0.01327832 0.0563641 0.01326696 0.01639052 0.0568662 0.01523645 0.01212065 0.05728943 0.01222488 0.01523285 0.05779152 0.01473091 0.01137766 0.05886257 0.01171934 0.01448986 0.05936467 0.01489737 0.01124844 0.06066201 0.0118858 0.01436063 0.0611641 0.01569124 0.01176761 0.06220558 0.01267967 0.01487981 0.06270767 0.01689979 0.01279606 0.06307969 0.01388822 0.01590826 0.06358178 0.01819919 0.01405822 0.06305012 0.01518762 0.01717042 0.06355222 0.0156312 0.01822886 0.06306949 0.01616731 0.0192844 0.06169806 0.01206832 0.0206908 0.06357158 0.01260442 0.02174634 0.06220015 0.01066441 0.01924241 0.0607113 0.01618359 0.01966901 0.05992769 0.01262071 0.02213095 0.06042979 0.01567568 0.01927964 0.05823276 0.0121128 0.02174158 0.05873485 0.01477968 0.01822062 0.05706742 0.01121679 0.02068256 0.05756951 0.01373566 0.01677571 0.05674391 0.01017278 0.01923765 0.057246 0.01282338 0.01533208 0.05734893 0.009260494 0.01779402 0.05785102 0.01228727 0.01427654 0.05872035 0.008724388 0.01673849 0.05922244 0.01227099 0.01389193 0.06049072 0.008708107 0.01635388 0.06099281 0.0127789 0.0142813 0.06218565 0.009216016 0.01674325 0.06268774 0.01367491 0.01534032 0.063351 0.01011202 0.01780227 0.06385309 0.01471892 0.01678523 0.0636745 0.01115603 0.01924717 0.0641766 0.01155388 0.02036924 0.06390333 0.01199812 0.02172508 0.06278677 0.007577738 0.02208553 0.06440543 0.008021985 0.02344136 0.06328886 0.006688268 0.0209587 0.06121339 0.012085 0.02241569 0.06111408 0.008108864 0.02413197 0.06161617 0.01179123 0.02225602 0.05933347 0.007815095 0.02397231 0.05983556 0.01119553 0.02128886 0.05792204 0.007219394 0.02300515 0.05842413 0.01045752 0.01977336 0.057258 0.006481378 0.02148964 0.05776009 0.009774936 0.01811559 0.05751926 0.005798799 0.01983187 0.05802135 0.00933069 0.01675975 0.05863583 0.005354552 0.01847603 0.05913792 0.009243811 0.01606914 0.06030852 0.005267673 0.01778542 0.06081061 0.009537579 0.0162288 0.06208913 0.005561442 0.01794509 0.06259122 0.01013328 0.01719596 0.06350055 0.006157143 0.01891225 0.06400265 0.0108713 0.01871147 0.0641646 0.006895158 0.02042776 0.06466669 0.007226324 0.02159099 0.06461349 0.007470386 0.02318879 0.06379505 0.002991011 0.02249512 0.06511559 0.003235072 0.02409292 0.06429714 0.002452955 0.02186282 0.06171548 0.007504879 0.02418904 0.06228485 0.003269566 0.02509316 0.06278694 0.007320562 0.02432372 0.06048756 0.003085249 0.02522784 0.06098965 0.006966823 0.02355675 0.05888475 0.00273151 0.02446087 0.05938684 0.006538445 0.02209363 0.0579059 0.002303132 0.02299775 0.05840799 0.006150212 0.02032641 0.05781329 0.001914899 0.02123053 0.05831538 0.005906151 0.0187286 0.05863173 0.001670838 0.01963273 0.05913382 0.005871657 0.01772836 0.06014192 0.001636344 0.01863248 0.06064402 0.006055974 0.01759368 0.06193922 0.001820661 0.0184978 0.06244131 0.006409714 0.01836065 0.06354202 0.0021744 0.01926477 0.06404412 0.006838092 0.01982377 0.06452088 0.002602779 0.02072789 0.06502297 0.002856569 0.02190353 0.06519189 0.002822847 0.02364781 0.06470329 -0.001473798 0.02196045 0.06569398 -0.00150752 0.02370473 0.06520539 -0.001877412 0.02191975 0.06221757 0.002690012 0.0249138 0.06341411 -0.001640354 0.02497073 0.0639162 0.002493659 0.02536229 0.06166978 -0.001836708 0.02541921 0.06217187 0.002286399 0.0248731 0.0599377 -0.002043968 0.02493002 0.06043979 0.002123767 0.0235773 0.05868197 -0.0022066 0.02363423 0.05918406 0.002049341 0.02182212 0.05823907 -0.002281025 0.02187904 0.05874116 0.002083064 0.02007784 0.05872767 -0.002247303 0.02013476 0.05922976 0.002215898 0.01881185 0.06001685 -0.002114469 0.01886877 0.06051894 0.002412252 0.01836336 0.06176118 -0.001918115 0.01842028 0.06226327 0.002619512 0.01885255 0.06349327 -0.001710855 0.01890947 0.06399535 0.002782143 0.02014834 0.064749 -0.001548223 0.02020526 0.06525108 -0.001370632 0.02136261 0.06563558 -0.001717095 0.0231354 0.06549575 -0.005628248 0.02057013 0.06613767 -0.005974711 0.02234292 0.06599785 -0.006135027 0.02112727 0.06271967 -0.002106515 0.02458246 0.06447754 -0.00636413 0.02378998 0.06497964 -0.002434546 0.02531605 0.06285378 -0.006692162 0.02452357 0.06335586 -0.002613294 0.0251396 0.06105953 -0.00687091 0.02434712 0.06156163 -0.002594863 0.02410039 0.05957559 -0.006852479 0.02330791 0.06007769 -0.002384191 0.02247688 0.05879956 -0.006641807 0.0216844 0.05930166 -0.002037728 0.02070409 0.05893939 -0.006295344 0.01991161 0.05944148 -0.001648308 0.01925703 0.0599576 -0.005905924 0.01846455 0.0604597 -0.001320277 0.01852345 0.06158137 -0.005577893 0.01773097 0.06208346 -0.001141529 0.0186999 0.06337561 -0.005399145 0.01790742 0.0638777 -0.00115996 0.0197391 0.06485955 -0.005417576 0.01894663 0.06536165 -0.00530331 0.02005781 0.06594682 -0.005949465 0.02173677 0.06616119 -0.009323189 0.01844664 0.06644891 -0.009969344 0.0201256 0.06666328 -0.01015491 0.01951609 0.06322176 -0.006645342 0.02325242 0.0654534 -0.01066522 0.02164124 0.06595549 -0.00720448 0.02419863 0.06401312 -0.01122436 0.02258745 0.0645152 -0.007477059 0.02432187 0.06222625 -0.01149694 0.0227107 0.06272834 -0.007390042 0.02358912 0.06057159 -0.01140992 0.02197795 0.06107369 -0.006966745 0.02219672 0.05949251 -0.01098662 0.02058554 0.0599946 -0.006320589 0.02051776 0.05927815 -0.01034047 0.01890659 0.05978024 -0.005624713 0.01900212 0.05998593 -0.009644592 0.01739094 0.06048802 -0.005065575 0.01805591 0.06142621 -0.009085454 0.01644473 0.06192831 -0.004792995 0.01793266 0.06321308 -0.008812875 0.01632149 0.06371517 -0.004880012 0.01866541 0.06486773 -0.008899892 0.01705424 0.06536983 -0.008826357 0.01809848 0.066133 -0.009713153 0.01957567 0.06669325 -0.01245273 0.01573105 0.06663509 -0.01333952 0.01720824 0.06719535 -0.01378128 0.01714866 0.06372385 -0.01071832 0.0210369 0.06632333 -0.01434469 0.01866946 0.06682542 -0.01157251 0.02209062 0.06512233 -0.01519889 0.01972319 0.06562442 -0.01204687 0.02245451 0.06341208 -0.01567324 0.02008707 0.06391417 -0.01201427 0.02203104 0.06165083 -0.01564064 0.01966361 0.06215293 -0.01148346 0.0209337 0.06031051 -0.01510983 0.01856626 0.0608126 -0.01059666 0.01945651 0.05975026 -0.01422303 0.01708908 0.06025235 -0.009591497 0.01799529 0.06012019 -0.01321787 0.01562785 0.06062228 -0.008737299 0.01694156 0.06132118 -0.01236367 0.01457413 0.06182327 -0.008262947 0.01657768 0.06303144 -0.01188932 0.01421024 0.06353353 -0.008295545 0.01700114 0.06479269 -0.01192192 0.01463371 0.06529477 -0.01186027 0.0156005 0.06620637 -0.01289171 0.01679895 0.0670908 -0.0149526 0.01256854 0.06670847 -0.01598405 0.01376699 0.0675929 -0.01687361 0.0141167 0.06422594 -0.01416152 0.0180911 0.06707306 -0.01725385 0.01505914 0.06757516 -0.01532944 0.01913073 0.0661579 -0.01842177 0.01609877 0.06665999 -0.01608253 0.01963926 0.06459054 -0.01917486 0.0166073 0.06509263 -0.016219 0.01948044 0.06279095 -0.01931134 0.01644848 0.06329304 -0.01570229 0.01869682 0.06124132 -0.01879462 0.01566486 0.06174342 -0.01467084 0.01749837 0.0603569 -0.01776318 0.01446641 0.06085899 -0.01340104 0.01620621 0.06037464 -0.01649337 0.01317426 0.06087673 -0.01223312 0.01516659 0.0612898 -0.01532545 0.01213463 0.06179189 -0.01148003 0.01465805 0.06285716 -0.01457236 0.0116261 0.06335925 -0.01134355 0.01481688 0.06465675 -0.01443589 0.01178492 0.06515884 -0.01435546 0.01267563 0.06618354 -0.01541336 0.01356116 0.06735788 -0.01679393 0.009096642 0.06668564 -0.01785183 0.009982169 0.06785997 -0.01931209 0.01053771 0.06472804 -0.01686254 0.01459554 0.06769301 -0.01930101 0.01101655 0.0681951 -0.01831468 0.01550162 0.06709915 -0.02075315 0.01192263 0.06760124 -0.01938069 0.01603661 0.06573541 -0.02181917 0.01245762 0.0662375 -0.01977494 0.01605716 0.06396721 -0.02221341 0.01247817 0.0644693 -0.01939177 0.01555777 0.06226834 -0.02183024 0.01197878 0.06277043 -0.01833387 0.01467224 0.061094 -0.02077234 0.01109325 0.0615961 -0.01688469 0.01363785 0.06075887 -0.01932316 0.01005887 0.06126096 -0.01543255 0.01273178 0.06135273 -0.01787102 0.009152788 0.06185482 -0.01436653 0.01219679 0.06271647 -0.01680501 0.008617799 0.06321856 -0.01397229 0.01217624 0.06448467 -0.01641076 0.008597247 0.06498677 -0.01628376 0.00942494 0.06608485 -0.01724586 0.0100114 0.06750359 -0.01797388 0.005437607 0.06658695 -0.01893598 0.006024065 0.06800568 -0.0210022 0.006550376 0.06523012 -0.01876161 0.01073888 0.06817862 -0.02045173 0.006751548 0.0686807 -0.02042486 0.01141246 0.06792906 -0.02211497 0.007425127 0.06843115 -0.02178994 0.01185165 0.06682179 -0.02348005 0.007864317 0.06732389 -0.02249108 0.01193877 0.0651535 -0.0241812 0.007951437 0.0656556 -0.02234042 0.01165048 0.06337121 -0.02403053 0.007663146 0.0638733 -0.02137831 0.01106402 0.06195248 -0.02306843 0.007076688 0.06245457 -0.01986256 0.01033654 0.06127745 -0.02155268 0.006349205 0.06177954 -0.01819932 0.009662959 0.06152701 -0.01988943 0.005675626 0.0620291 -0.01683424 0.009223768 0.06263427 -0.01852435 0.005236436 0.06313637 -0.01613309 0.009136648 0.06430256 -0.01782321 0.005149315 0.06480466 -0.01762899 0.005936716 0.06593359 -0.01838775 0.006283865 0.06754175 -0.01850526 0.001695553 0.06643569 -0.01926401 0.002042701 0.06804384 -0.02187847 0.002309213 0.06573222 -0.01984704 0.006702425 0.0685305 -0.02072331 0.002461261 0.06903259 -0.02161586 0.007080243 0.06863493 -0.02249213 0.00283908 0.06913701 -0.02322025 0.007316085 0.06782704 -0.02409652 0.003074921 0.06832913 -0.02423032 0.007346755 0.0663233 -0.02510659 0.003105592 0.0668254 -0.02437542 0.007164036 0.06452666 -0.02525168 0.002922873 0.06502875 -0.02361666 0.006816888 0.06291851 -0.02449293 0.002575724 0.0634206 -0.02215736 0.006398328 0.06192975 -0.02303363 0.002157164 0.06243184 -0.02038854 0.006020509 0.06182532 -0.02126481 0.001779345 0.06232742 -0.01878415 0.005784668 0.06263322 -0.01966042 0.001543504 0.06313531 -0.01777409 0.005753998 0.06413694 -0.01865035 0.001512834 0.06463904 -0.01837861 0.002288859 0.06575507 -0.01885768 0.002493192 0.06749032 -0.01840707 -0.002041788 0.06625716 -0.01888614 -0.001837455 0.06799242 -0.02190693 -0.002021435 0.06623431 -0.02014617 0.002648228 0.0687545 -0.02017463 -0.001682419 0.06925659 -0.02189882 0.002712425 0.06920885 -0.02192729 -0.001618222 0.06971095 -0.02364603 0.002668582 0.06873165 -0.0236745 -0.001662066 0.06923374 -0.02491962 0.002528446 0.06745075 -0.02494808 -0.001802202 0.06795284 -0.02537834 0.002329566 0.06570937 -0.0254068 -0.002001081 0.06621146 -0.02489927 0.002125233 0.06397411 -0.02492773 -0.002205414 0.0644762 -0.02361078 0.001970197 0.06270994 -0.02363924 -0.00236045 0.06321203 -0.02185812 0.001906 0.06225558 -0.02188658 -0.002424647 0.06275767 -0.02011091 0.001949844 0.06273279 -0.02013938 -0.002380804 0.06323488 -0.01883732 0.00208998 0.06401369 -0.01886578 -0.002240668 0.06451578 -0.01851808 -0.001445357 0.06557566 -0.01868406 -0.001265423 0.06737078 -0.01769764 -0.005697673 0.06607775 -0.01786362 -0.005517739 0.06787287 -0.02108649 -0.00627375 0.0667364 -0.01971361 -0.001288062 0.06886138 -0.01889317 -0.005540377 0.06936347 -0.02133086 -0.001507207 0.06964806 -0.02051041 -0.005759522 0.07015015 -0.02310246 -0.001864139 0.06952003 -0.02228202 -0.006116454 0.07002212 -0.02455373 -0.002263218 0.0685116 -0.02373328 -0.006515534 0.06901368 -0.02529579 -0.002597512 0.06689296 -0.02447534 -0.006849827 0.06739505 -0.0251298 -0.002777446 0.06509785 -0.02430936 -0.007029761 0.06559993 -0.02410026 -0.002754807 0.06360724 -0.02327981 -0.007007123 0.06410933 -0.02248301 -0.002535662 0.06282055 -0.02166257 -0.006787978 0.06332265 -0.02071141 -0.00217873 0.06294858 -0.01989096 -0.006431045 0.06345068 -0.01926014 -0.001779651 0.06395702 -0.0184397 -0.006031966 0.06445912 -0.01802928 -0.00518967 0.06542177 -0.01789683 -0.004911974 0.06720719 -0.01639172 -0.009198874 0.06592386 -0.01625927 -0.008921177 0.06770928 -0.01944893 -0.01028295 0.06723849 -0.01861905 -0.004999164 0.06886646 -0.01698149 -0.009008368 0.06936856 -0.02000241 -0.005427879 0.06995498 -0.01836485 -0.009437082 0.07045708 -0.02167625 -0.006083244 0.07018109 -0.02003869 -0.01009245 0.07068318 -0.02319207 -0.006789655 0.0694842 -0.02155451 -0.01079886 0.06998629 -0.0241437 -0.00735783 0.06805103 -0.02250614 -0.01136703 0.06855313 -0.02427615 -0.007635526 0.06626561 -0.02263859 -0.01164473 0.06676771 -0.02355393 -0.007548336 0.06460635 -0.02191637 -0.01155754 0.06510843 -0.02217057 -0.007119621 0.06351782 -0.02053301 -0.01112883 0.06401991 -0.02049673 -0.006464256 0.06329171 -0.01885917 -0.01047346 0.0637938 -0.01898091 -0.005757845 0.0639886 -0.01734335 -0.009767049 0.0644907 -0.01689309 -0.008857279 0.06531883 -0.01652267 -0.008374665 0.06702536 -0.01450187 -0.01246801 0.06582092 -0.01413145 -0.0119854 0.06752745 -0.01705771 -0.01389369 0.06774059 -0.01693634 -0.008403375 0.068789 -0.01454512 -0.01201411 0.06929109 -0.01802325 -0.008935717 0.07013719 -0.01563204 -0.01254645 0.07063928 -0.01949218 -0.00982905 0.07070867 -0.01710096 -0.01343978 0.07121076 -0.02094952 -0.01084401 0.07035032 -0.0185583 -0.01445474 0.07085241 -0.02200477 -0.01170863 0.06915816 -0.01961355 -0.01531936 0.06966025 -0.02237519 -0.01219124 0.06745163 -0.01998397 -0.01580197 0.06795372 -0.02196152 -0.01216253 0.06568798 -0.0195703 -0.01577326 0.06619008 -0.0208746 -0.01163019 0.0643398 -0.01848339 -0.01524092 0.0648419 -0.01940568 -0.01073686 0.06376832 -0.01701446 -0.01434759 0.06427041 -0.01794834 -0.009721901 0.06412667 -0.01555712 -0.01333263 0.06462876 -0.01509599 -0.01234526 0.06529027 -0.0145846 -0.01158203 0.06685179 -0.01204378 -0.0154176 0.06579236 -0.01153238 -0.01465437 0.06735388 -0.01400549 -0.01696603 0.06824268 -0.01473588 -0.0114382 0.06865145 -0.01168366 -0.01451055 0.06915355 -0.01550928 -0.01195232 0.07020706 -0.01245707 -0.01502467 0.07070915 -0.01669759 -0.01298663 0.07110177 -0.01364538 -0.01605897 0.07160386 -0.01798239 -0.01426398 0.07109585 -0.01493018 -0.01733632 0.07159795 -0.01901943 -0.01544211 0.0701909 -0.01596721 -0.01851446 0.07069299 -0.01953082 -0.01620534 0.06862938 -0.0164786 -0.01927769 0.06913148 -0.01937955 -0.01634917 0.06682972 -0.01632733 -0.01942151 0.06733181 -0.01860614 -0.01583505 0.06527411 -0.01555392 -0.01890739 0.06577621 -0.01741783 -0.01480074 0.0643794 -0.01436561 -0.01787308 0.0648815 -0.01613303 -0.01352339 0.06438532 -0.01308081 -0.01659573 0.0648874 -0.01263947 -0.01553253 0.06535666 -0.01210573 -0.01445606 0.06671266 -0.009044528 -0.01794743 0.06585876 -0.008510794 -0.01687096 0.06721475 -0.01041056 -0.01938093 0.06874477 -0.01208104 -0.01405213 0.06847861 -0.0084861 -0.01646703 0.06898071 -0.012572 -0.01442898 0.07018135 -0.008977061 -0.01684388 0.07068345 -0.01344707 -0.01548563 0.07136463 -0.009852127 -0.01790052 0.07186672 -0.01447176 -0.01693895 0.07171138 -0.01087682 -0.01935384 0.07221346 -0.01537152 -0.01839952 0.07112869 -0.01177658 -0.02081442 0.07163078 -0.01590526 -0.019476 0.0697727 -0.01231032 -0.0218909 0.07027479 -0.01592995 -0.01987993 0.06800674 -0.01233501 -0.02229482 0.06850883 -0.01543899 -0.01950308 0.066304 -0.01184405 -0.02191798 0.06680609 -0.01456392 -0.01844643 0.06512073 -0.01096899 -0.02086133 0.06562282 -0.01353923 -0.01699311 0.06477398 -0.009944288 -0.01940801 0.06527607 -0.00955034 -0.01828241 0.0655349 -0.009116327 -0.01690815 0.06663281 -0.005551985 -0.01994628 0.06603699 -0.005117973 -0.01857203 0.06713491 -0.006412202 -0.0210448 0.06924686 -0.009029103 -0.01619647 0.06829663 -0.005030748 -0.01786035 0.06879872 -0.009312036 -0.01633807 0.07008053 -0.005313682 -0.01800194 0.07058262 -0.009889319 -0.01729499 0.07150651 -0.005890965 -0.01895886 0.07200859 -0.01060627 -0.01881084 0.07219248 -0.006607911 -0.02047472 0.07269457 -0.01127077 -0.02047945 0.07195465 -0.007272418 -0.02214332 0.07245673 -0.01170478 -0.0218537 0.07085672 -0.007706431 -0.02351758 0.07135881 -0.01179201 -0.02256538 0.06919291 -0.007793656 -0.02422926 0.069695 -0.01150907 -0.02242379 0.06740902 -0.007510721 -0.02408766 0.0679111 -0.01093179 -0.02146686 0.06598303 -0.006933439 -0.02313074 0.06648513 -0.01021485 -0.01995101 0.06529706 -0.006216492 -0.02161489 0.06579915 -0.005890278 -0.02044988 0.06583751 -0.005662743 -0.01883901 0.06663482 -0.001643447 -0.02129826 0.0663396 -0.001415911 -0.01968738 0.06713691 -0.00216537 -0.02189318 0.06974895 -0.005636024 -0.01781918 0.06813201 -0.001389193 -0.01866755 0.06863411 -0.005817282 -0.01766365 0.06992794 -0.00157045 -0.01851202 0.07043003 -0.006157948 -0.0184141 0.07154136 -0.001911117 -0.01926247 0.07204346 -0.006566741 -0.01986944 0.07253999 -0.00231991 -0.02071781 0.07304207 -0.006934125 -0.02163972 0.07265621 -0.002687294 -0.0224881 0.0731583 -0.007161661 -0.02325059 0.07185891 -0.00291483 -0.02409897 0.072361 -0.007188379 -0.02427043 0.07036171 -0.002941548 -0.0251188 0.0708638 -0.007007122 -0.02442596 0.06856579 -0.00276029 -0.02527433 0.06906788 -0.006666455 -0.02367551 0.06695236 -0.002419624 -0.02452388 0.06745445 -0.006257663 -0.02222016 0.06595374 -0.002010831 -0.02306854 0.06645583 -0.001762292 -0.02189318 0.06627224 -0.001816294 -0.02014318 0.06673803 0.002568449 -0.02189318 0.06677433 0.002514447 -0.02014318 0.06724013 0.00216537 -0.02189318 0.07025105 -0.001963831 -0.01886209 0.0680106 0.00236691 -0.01886209 0.06851269 -0.00216537 -0.01839318 0.06974895 0.00216537 -0.01839318 0.07025105 -0.00236691 -0.01886209 0.07148731 0.001963831 -0.01886209 0.0719894 -0.002514447 -0.02014318 0.07275987 0.001816294 -0.02014318 0.07326197 -0.002568449 -0.02189318 0.07322567 0.001762292 -0.02189318 0.07372776 -0.002514447 -0.02364318 0.07275987 0.001816294 -0.02364318 0.07326197 -0.00236691 -0.02492427 0.07148731 0.001963831 -0.02492427 0.0719894 -0.00216537 -0.02539318 0.06974895 0.00216537 -0.02539318 0.07025105 -0.001963831 -0.02492427 0.0680106 0.00236691 -0.02492427 0.06851269 -0.001816294 -0.02364318 0.06673803 0.002514447 -0.02364318 0.06724013 0.002687294 -0.0224881 0.0668417 0.00231991 -0.02071781 0.06695793 0.006934125 -0.02163972 0.06734379 0.006566741 -0.01986944 0.06746002 0.006412202 -0.0210448 0.07075313 0.001911117 -0.01926247 0.06795654 0.006157948 -0.0184141 0.06845864 0.00157045 -0.01851202 0.06956998 0.005817282 -0.01766365 0.07007206 0.001389193 -0.01866755 0.07136589 0.005636024 -0.01781918 0.07186799 0.001415911 -0.01968738 0.07286309 0.005662743 -0.01883901 0.07336518 0.001643447 -0.02129826 0.0736604 0.005890278 -0.02044988 0.07416249 0.002010831 -0.02306854 0.07354417 0.006257663 -0.02222016 0.07404626 0.002419624 -0.02452388 0.07254555 0.006666455 -0.02367551 0.07304764 0.00276029 -0.02527433 0.07093212 0.007007122 -0.02442596 0.07143421 0.002941548 -0.0251188 0.06913619 0.007188379 -0.02427043 0.06963829 0.00291483 -0.02409897 0.067639 0.007161661 -0.02325059 0.0681411 0.007272418 -0.02214332 0.06754327 0.006607911 -0.02047472 0.06730543 0.01127077 -0.02047945 0.06804536 0.01060627 -0.01881084 0.06780752 0.01041056 -0.01938093 0.07125523 0.005890965 -0.01895886 0.06799141 0.009889319 -0.01729499 0.06849349 0.005313682 -0.01800194 0.06941738 0.009312036 -0.01633807 0.06991947 0.005030748 -0.01786035 0.07120127 0.009029103 -0.01619647 0.07170337 0.005117973 -0.01857203 0.07286509 0.009116327 -0.01690815 0.07336719 0.005551985 -0.01994628 0.07396301 0.00955034 -0.01828241 0.0744651 0.006216492 -0.02161489 0.07420085 0.01021485 -0.01995101 0.07470294 0.006933439 -0.02313074 0.07351487 0.01093179 -0.02146686 0.07401697 0.007510721 -0.02408766 0.0720889 0.01150907 -0.02242379 0.07259098 0.007793656 -0.02422926 0.070305 0.01179201 -0.02256538 0.07080709 0.007706431 -0.02351758 0.06864119 0.01170478 -0.0218537 0.06914328 0.01177658 -0.02081442 0.06836922 0.01087682 -0.01935384 0.06778653 0.01537152 -0.01839952 0.06887131 0.01447176 -0.01693895 0.06828862 0.01400549 -0.01696603 0.07175732 0.009852127 -0.01790052 0.06813328 0.01344707 -0.01548563 0.06863537 0.008977061 -0.01684388 0.06931655 0.012572 -0.01442898 0.06981865 0.0084861 -0.01646703 0.07101929 0.01208104 -0.01405213 0.07152139 0.008510794 -0.01687096 0.07278525 0.01210573 -0.01445606 0.07328735 0.009044528 -0.01794743 0.07414124 0.01263947 -0.01553253 0.07464334 0.009944288 -0.01940801 0.07472393 0.01353923 -0.01699311 0.07522602 0.01096899 -0.02086133 0.07437718 0.01456392 -0.01844643 0.07487927 0.01184405 -0.02191798 0.07319391 0.01543899 -0.01950308 0.073696 0.01233501 -0.02229482 0.07149117 0.01592995 -0.01987993 0.07199326 0.01231032 -0.0218909 0.06972521 0.01590526 -0.019476 0.0702273 0.01596721 -0.01851446 0.06930701 0.01493018 -0.01733632 0.06840205 0.01901943 -0.01544211 0.0698091 0.01798239 -0.01426398 0.06890415 0.01705771 -0.01389369 0.07225941 0.01364538 -0.01605897 0.06839614 0.01669759 -0.01298663 0.06889823 0.01245707 -0.01502467 0.06929085 0.01550928 -0.01195232 0.06979294 0.01168366 -0.01451055 0.07084645 0.01473588 -0.0114382 0.07134854 0.01153238 -0.01465437 0.07264612 0.0145846 -0.01158203 0.07314821 0.01204378 -0.0154176 0.07420763 0.01509599 -0.01234526 0.07470973 0.01308081 -0.01659573 0.0751126 0.01613303 -0.01352339 0.07561468 0.01436561 -0.01787308 0.0751185 0.01741783 -0.01480074 0.0756206 0.01555392 -0.01890739 0.07422379 0.01860614 -0.01583505 0.07472589 0.01632733 -0.01942151 0.07266819 0.01937955 -0.01634917 0.07317028 0.0164786 -0.01927769 0.07086852 0.01953082 -0.01620534 0.07137062 0.01961355 -0.01531936 0.07033975 0.0185583 -0.01445474 0.06914759 0.02200477 -0.01170863 0.07084184 0.02094952 -0.01084401 0.06964968 0.01944893 -0.01028295 0.07276151 0.01710096 -0.01343978 0.06878924 0.01949218 -0.00982905 0.06929133 0.01563204 -0.01254645 0.06936073 0.01802325 -0.008935717 0.06986281 0.01454512 -0.01201411 0.07070891 0.01693634 -0.008403375 0.071211 0.01413145 -0.0119854 0.07247255 0.01652267 -0.008374665 0.07297464 0.01450187 -0.01246801 0.07417908 0.01689309 -0.008857279 0.07468117 0.01555712 -0.01333263 0.07537124 0.01794834 -0.009721901 0.07587333 0.01701446 -0.01434759 0.07572959 0.01940568 -0.01073686 0.07623168 0.01848339 -0.01524092 0.0751581 0.0208746 -0.01163019 0.0756602 0.0195703 -0.01577326 0.07380992 0.02196152 -0.01216253 0.07431201 0.01998397 -0.01580197 0.07204628 0.02237519 -0.01219124 0.07254837 0.02250614 -0.01136703 0.07144687 0.02155451 -0.01079886 0.07001371 0.0241437 -0.00735783 0.07194897 0.02319207 -0.006789655 0.0705158 0.02108649 -0.00627375 0.0732636 0.02003869 -0.01009245 0.06931682 0.02167625 -0.006083244 0.06981891 0.01836485 -0.009437082 0.06954292 0.02000241 -0.005427879 0.07004502 0.01698149 -0.009008368 0.07063144 0.01861905 -0.004999164 0.07113354 0.01625927 -0.008921177 0.07229072 0.01789683 -0.004911974 0.07279281 0.01639172 -0.009198874 0.07407614 0.01802928 -0.00518967 0.07457823 0.01734335 -0.009767049 0.0755093 0.01898091 -0.005757845 0.0760114 0.01885917 -0.01047346 0.07620619 0.02049673 -0.006464256 0.07670829 0.02053301 -0.01112883 0.07598009 0.02217057 -0.007119621 0.07648218 0.02191637 -0.01155754 0.07489157 0.02355393 -0.007548336 0.07539365 0.02263859 -0.01164473 0.07323229 0.02427615 -0.007635526 0.07373439 0.02447534 -0.006849827 0.07260495 0.02373328 -0.006515534 0.07098632 0.02529579 -0.002597512 0.07310704 0.02455373 -0.002263218 0.0714884 0.02190693 -0.002021435 0.07376569 0.02228202 -0.006116454 0.06997788 0.02310246 -0.001864139 0.07047997 0.02051041 -0.005759522 0.06984985 0.02133086 -0.001507207 0.07035194 0.01889317 -0.005540377 0.07063653 0.01971361 -0.001288062 0.07113862 0.01786362 -0.005517739 0.07212713 0.01868406 -0.001265423 0.07262922 0.01769764 -0.005697673 0.07392225 0.01851808 -0.001445357 0.07442434 0.0184397 -0.006031966 0.07554089 0.01926014 -0.001779651 0.07604297 0.01989096 -0.006431045 0.07654932 0.02071141 -0.00217873 0.07705142 0.02166257 -0.006787978 0.07667735 0.02248301 -0.002535662 0.07717944 0.02327981 -0.007007123 0.07589067 0.02410026 -0.002754807 0.07639276 0.02430936 -0.007029761 0.07440007 0.0251298 -0.002777446 0.07490215 0.0254068 -0.002001081 0.07378854 0.02494808 -0.001802202 0.07204716 0.02537834 0.002329566 0.07429063 0.02491962 0.002528446 0.07254925 0.02187847 0.002309213 0.07426778 0.0236745 -0.001662066 0.07076626 0.02364603 0.002668582 0.07126835 0.02192729 -0.001618222 0.07028905 0.02189882 0.002712425 0.07079115 0.02017463 -0.001682419 0.07074341 0.02014617 0.002648228 0.0712455 0.01888614 -0.001837455 0.07200758 0.01885768 0.002493192 0.07250968 0.01840707 -0.002041788 0.07374284 0.01837861 0.002288859 0.07424493 0.01886578 -0.002240668 0.07548422 0.01883732 0.00208998 0.07598631 0.02013938 -0.002380804 0.07676512 0.02011091 0.001949844 0.07726721 0.02188658 -0.002424647 0.07724233 0.02185812 0.001906 0.07774442 0.02363924 -0.00236045 0.07678797 0.02361078 0.001970197 0.07729007 0.02492773 -0.002205414 0.0755238 0.02489927 0.002125233 0.07602589 0.02525168 0.002922873 0.07497125 0.02510659 0.003105592 0.0731746 0.02437542 0.007164036 0.07547334 0.02423032 0.007346755 0.0736767 0.0210022 0.006550376 0.07476988 0.02409652 0.003074921 0.07167087 0.02322025 0.007316085 0.07217296 0.02249213 0.00283908 0.07086299 0.02161586 0.007080243 0.07136507 0.02072331 0.002461261 0.07096741 0.01984704 0.006702425 0.0714695 0.01926401 0.002042701 0.07195617 0.01838775 0.006283865 0.07245825 0.01850526 0.001695553 0.07356431 0.01762899 0.005936716 0.07406641 0.01865035 0.001512834 0.07536096 0.01777409 0.005753998 0.07586306 0.01966042 0.001543504 0.07686469 0.01878415 0.005784668 0.07736678 0.02126481 0.001779345 0.07767259 0.02038854 0.006020509 0.07817467 0.02303363 0.002157164 0.07756816 0.02215736 0.006398328 0.07807025 0.02449293 0.002575724 0.0765794 0.02361666 0.006816888 0.07708149 0.02403053 0.007663146 0.07612669 0.0241812 0.007951437 0.0743444 0.02234042 0.01165048 0.07662879 0.02249108 0.01193877 0.0748465 0.01931209 0.01053771 0.07527196 0.02348005 0.007864317 0.07267611 0.02178994 0.01185165 0.07317821 0.02211497 0.007425127 0.07156885 0.02042486 0.01141246 0.07207094 0.02045173 0.006751548 0.0713193 0.01876161 0.01073888 0.07182138 0.01893598 0.006024065 0.07199432 0.01724586 0.0100114 0.07249641 0.01797388 0.005437607 0.07341305 0.01628376 0.00942494 0.07391515 0.01782321 0.005149315 0.07519534 0.01613309 0.009136648 0.07569744 0.01852435 0.005236436 0.07686363 0.01683424 0.009223768 0.07736573 0.01988943 0.005675626 0.0779709 0.01819932 0.009662959 0.07847299 0.02155268 0.006349205 0.07822046 0.01986256 0.01033654 0.07872254 0.02306843 0.007076688 0.07754543 0.02137831 0.01106402 0.07804752 0.02183024 0.01197878 0.07722957 0.02221341 0.01247817 0.07553069 0.01939177 0.01555777 0.07773166 0.01977494 0.01605716 0.07603279 0.01687361 0.0141167 0.07577406 0.02181917 0.01245762 0.0737625 0.01938069 0.01603661 0.07426459 0.02075315 0.01192263 0.07239876 0.01831468 0.01550162 0.07290085 0.01930101 0.01101655 0.0718049 0.01686254 0.01459554 0.07230698 0.01785183 0.009982169 0.07214003 0.01541336 0.01356116 0.07264212 0.01679393 0.009096642 0.07331436 0.01435546 0.01267563 0.07381646 0.01641076 0.008597247 0.07501324 0.01397229 0.01217624 0.07551533 0.01680501 0.008617799 0.07678144 0.01436653 0.01219679 0.07728353 0.01787102 0.009152788 0.07814518 0.01543255 0.01273178 0.07864726 0.01932316 0.01005887 0.07873904 0.01688469 0.01363785 0.07924113 0.02077234 0.01109325 0.07840391 0.01833387 0.01467224 0.07890599 0.01879462 0.01566486 0.07825658 0.01931134 0.01644848 0.07670696 0.01570229 0.01869682 0.07875867 0.016219 0.01948044 0.07720906 0.01378128 0.01714866 0.07627615 0.01917486 0.0166073 0.07490737 0.01608253 0.01963926 0.07540946 0.01842177 0.01609877 0.07334001 0.01532944 0.01913073 0.0738421 0.01725385 0.01505914 0.07242484 0.01416152 0.0180911 0.07292694 0.01598405 0.01376699 0.0724071 0.01289171 0.01679895 0.0729092 0.0149526 0.01256854 0.07329153 0.01186027 0.0156005 0.07379363 0.01443589 0.01178492 0.07484116 0.01134355 0.01481688 0.07534325 0.01457236 0.0116261 0.07664075 0.01148003 0.01465805 0.07714284 0.01532545 0.01213463 0.07820811 0.01223312 0.01516659 0.0787102 0.01649337 0.01317426 0.07912327 0.01340104 0.01620621 0.07962536 0.01776318 0.01446641 0.07914101 0.01467084 0.01749837 0.07964311 0.01510983 0.01856626 0.07918739 0.01564064 0.01966361 0.07784708 0.01148346 0.0209337 0.07968949 0.01201427 0.02203104 0.07834917 0.01015491 0.01951609 0.07677824 0.01567324 0.02008707 0.07608583 0.01204687 0.02245451 0.07658792 0.01519889 0.01972319 0.07437558 0.01157251 0.02209062 0.07487767 0.01434469 0.01866946 0.07317458 0.01071832 0.0210369 0.07367668 0.01333952 0.01720824 0.07280465 0.009713153 0.01957567 0.07330675 0.01245273 0.01573105 0.07336491 0.008826357 0.01809848 0.073867 0.01192192 0.01463371 0.07470523 0.008295545 0.01700114 0.07520732 0.01188932 0.01421024 0.07646647 0.008262947 0.01657768 0.07696857 0.01236367 0.01457413 0.07817672 0.008737299 0.01694156 0.07867882 0.01321787 0.01562785 0.07937772 0.009591497 0.01799529 0.07987981 0.01422303 0.01708908 0.07974765 0.01059666 0.01945651 0.08024974 0.01098662 0.02058554 0.08000539 0.01140992 0.02197795 0.07892632 0.006966745 0.02219672 0.08050749 0.007390042 0.02358912 0.0794284 0.006135027 0.02112727 0.07728034 0.01149694 0.0227107 0.07727166 0.007477059 0.02432187 0.07777375 0.01122436 0.02258745 0.0754848 0.00720448 0.02419863 0.07598688 0.01066522 0.02164124 0.0740445 0.006645342 0.02325242 0.0745466 0.009969344 0.0201256 0.07333672 0.005949465 0.02173677 0.07383882 0.009323189 0.01844664 0.07355109 0.00530331 0.02005781 0.07405318 0.008899892 0.01705424 0.07463017 0.004880012 0.01866541 0.07513227 0.008812875 0.01632149 0.07628483 0.004792995 0.01793266 0.07678692 0.009085454 0.01644473 0.07807169 0.005065575 0.01805591 0.07857379 0.009644592 0.01739094 0.07951198 0.005624713 0.01900212 0.08001407 0.01034047 0.01890659 0.08021976 0.006320589 0.02051776 0.08072186 0.006641807 0.0216844 0.08069834 0.006852479 0.02330791 0.07992232 0.002384191 0.02247688 0.08120044 0.002594863 0.02410039 0.08042441 0.001877412 0.02191975 0.07778243 0.00687091 0.02434712 0.07843837 0.002613294 0.0251396 0.07894047 0.006692162 0.02452357 0.07664413 0.002434546 0.02531605 0.07714622 0.00636413 0.02378998 0.07502037 0.002106515 0.02458246 0.07552246 0.005974711 0.02234292 0.07400215 0.001717095 0.0231354 0.07450424 0.005628248 0.02057013 0.07386233 0.001370632 0.02136261 0.07436442 0.005417576 0.01894663 0.07463835 0.00115996 0.0197391 0.07514045 0.005399145 0.01790742 0.0761223 0.001141529 0.0186999 0.07662439 0.005577893 0.01773097 0.07791653 0.001320277 0.01852345 0.07841863 0.005905924 0.01846455 0.0795403 0.001648308 0.01925703 0.0800424 0.006295344 0.01991161 0.08055852 0.002037728 0.02070409 0.08106061 0.002281025 0.02187904 0.08125884 0.0022066 0.02363423 0.08081593 -0.002049341 0.02182212 0.08176093 -0.002123767 0.0235773 0.08131803 -0.002452955 0.02186282 0.07828452 0.002043968 0.02493002 0.07956021 -0.002286399 0.0248731 0.0800623 0.001836708 0.02541921 0.07782812 -0.002493659 0.02536229 0.07833022 0.001640354 0.02497073 0.07608379 -0.002690012 0.0249138 0.07658589 0.00150752 0.02370473 0.07479461 -0.002822847 0.02364781 0.07529671 0.001473798 0.02196045 0.07430602 -0.002856569 0.02190353 0.07480811 0.001548223 0.02020526 0.07474892 -0.002782143 0.02014834 0.07525101 0.001710855 0.01890947 0.07600465 -0.002619512 0.01885255 0.07650673 0.001918115 0.01842028 0.07773673 -0.002412252 0.01836336 0.07823882 0.002114469 0.01886877 0.07948106 -0.002215898 0.01881185 0.07998314 0.002247303 0.02013476 0.08077024 -0.002083064 0.02007784 0.08127233 -0.001914899 0.02123053 0.08168462 -0.002303132 0.02299775 0.08159201 -0.006150212 0.02032641 0.08218671 -0.006538445 0.02209363 0.0820941 -0.006688268 0.0209587 0.07878661 -0.00273151 0.02446087 0.08061316 -0.006966823 0.02355675 0.08111525 -0.003085249 0.02522784 0.07901035 -0.007320562 0.02432372 0.07951244 -0.003269566 0.02509316 0.07721306 -0.007504879 0.02418904 0.07771514 -0.003235072 0.02409292 0.07570286 -0.007470386 0.02318879 0.07620495 -0.002991011 0.02249512 0.07488441 -0.007226324 0.02159099 0.07538651 -0.002602779 0.02072789 0.07497703 -0.006838092 0.01982377 0.07547912 -0.0021744 0.01926477 0.07595588 -0.006409714 0.01836065 0.07645797 -0.001820661 0.0184978 0.07755869 -0.006055974 0.01759368 0.07806078 -0.001636344 0.01863248 0.07935598 -0.005871657 0.01772836 0.07985808 -0.001670838 0.01963273 0.08086618 -0.005906151 0.0187286 0.08136827 -0.005798799 0.01983187 0.08197865 -0.006481378 0.02148964 0.08223991 -0.009774936 0.01811559 0.08248074 -0.01045752 0.01977336 0.08274201 -0.01066441 0.01924241 0.07928871 -0.007219394 0.02300515 0.08157587 -0.01119553 0.02128886 0.08207796 -0.007815095 0.02397231 0.08016444 -0.01179123 0.02225602 0.08066653 -0.008108864 0.02413197 0.07838383 -0.012085 0.02241569 0.07888592 -0.008021985 0.02344136 0.07671114 -0.01199812 0.02172508 0.07721324 -0.007577738 0.02208553 0.07559457 -0.01155388 0.02036924 0.07609666 -0.006895158 0.02042776 0.07533331 -0.0108713 0.01871147 0.0758354 -0.006157143 0.01891225 0.07599735 -0.01013328 0.01719596 0.07649945 -0.005561442 0.01794509 0.07740878 -0.009537579 0.0162288 0.07791087 -0.005267673 0.01778542 0.07918939 -0.009243811 0.01606914 0.07969148 -0.005354552 0.01847603 0.08086208 -0.00933069 0.01675975 0.08136417 -0.009260494 0.01779402 0.08214898 -0.01017278 0.01923765 0.082754 -0.01282338 0.01533208 0.08265107 -0.01373566 0.01677571 0.08325609 -0.01422729 0.01678047 0.07979079 -0.01121679 0.02068256 0.0824305 -0.01477968 0.01822062 0.08293258 -0.0121128 0.02174158 0.08126514 -0.01567568 0.01927964 0.08176724 -0.01262071 0.02213095 0.07957021 -0.01618359 0.01966901 0.08007231 -0.01260442 0.02174634 0.07779985 -0.01616731 0.0192844 0.07830194 -0.01206832 0.0206908 0.07642842 -0.0156312 0.01822886 0.07693052 -0.01115603 0.01924717 0.0758234 -0.01471892 0.01678523 0.0763255 -0.01011202 0.01780227 0.07614692 -0.01367491 0.01534032 0.076649 -0.009216016 0.01674325 0.07731226 -0.0127789 0.0142813 0.07781435 -0.008708107 0.01635388 0.07900719 -0.01227099 0.01389193 0.07950928 -0.008724388 0.01673849 0.08077756 -0.01228727 0.01427654 0.08127965 -0.01222488 0.01523285 0.08220848 -0.01326696 0.01639052 0.0831338 -0.01523645 0.01212065 0.08271057 -0.01627853 0.01327832 0.0836359 -0.01723886 0.01366827 0.08029289 -0.01456637 0.01765268 0.08316337 -0.01757794 0.01454048 0.08366547 -0.01577492 0.01868113 0.08228926 -0.01878649 0.01556894 0.08279135 -0.01656878 0.0192003 0.08074569 -0.01958035 0.01608811 0.08124778 -0.01673525 0.01907108 0.07894626 -0.01974682 0.01595889 0.07944834 -0.01622971 0.01832809 0.07737311 -0.01924128 0.0152159 0.0778752 -0.01518762 0.01717042 0.07644778 -0.01819919 0.01405822 0.07694988 -0.01388822 0.01590826 0.07641822 -0.01689979 0.01279606 0.07692031 -0.01267967 0.01487981 0.07729233 -0.01569124 0.01176761 0.07779442 -0.0118858 0.01436063 0.0788359 -0.01489737 0.01124844 0.07933799 -0.01171934 0.01448986 0.08063534 -0.01473091 0.01137766 0.08113743 -0.01464575 0.01225898 0.08217429 -0.01569781 0.01310277 0.08338407 -0.0169893 0.008617125 0.08267638 -0.01804136 0.009460919 0.08388615 -0.01958241 0.01002642 0.08079498 -0.01716279 0.01409809 0.08376556 -0.01950634 0.01045624 0.08426765 -0.01864816 0.01497824 0.08321656 -0.02099171 0.01133639 0.08371865 -0.0197559 0.01550739 0.08188416 -0.02209945 0.01186554 0.08238626 -0.02018921 0.01554374 0.08012538 -0.02253276 0.01190189 0.08062748 -0.01983197 0.01507757 0.07841149 -0.02217552 0.01143572 0.07891358 -0.01877991 0.01423378 0.07720171 -0.02112346 0.01059192 0.0777038 -0.01731493 0.01323845 0.07682021 -0.01965848 0.009596603 0.0773223 -0.01582956 0.0123583 0.07736921 -0.01817312 0.008716452 0.07787131 -0.01472182 0.01182916 0.07870162 -0.01706537 0.008187306 0.0792037 -0.01428851 0.0117928 0.08046039 -0.01663207 0.00815095 0.08096248 -0.01649709 0.008971781 0.08206719 -0.01743777 0.009521954 0.08351454 -0.01808181 0.004941399 0.08256928 -0.01902249 0.005491572 0.08401663 -0.02116713 0.00599604 0.08129707 -0.0189531 0.0102073 0.08423318 -0.02053782 0.006176917 0.08473527 -0.02063705 0.01084418 0.08403056 -0.02222177 0.006813796 0.08453266 -0.02203842 0.01126194 0.08296097 -0.02362314 0.007231558 0.08346307 -0.0227817 0.01134865 0.081311 -0.02436642 0.007318264 0.0818131 -0.02266773 0.01108106 0.07952277 -0.02425245 0.00705068 0.08002486 -0.02172706 0.01053089 0.07807542 -0.02331178 0.006500507 0.07857751 -0.02021173 0.009845544 0.07735678 -0.02179645 0.005815162 0.07785887 -0.01852777 0.009208664 0.0775594 -0.02011249 0.005178283 0.07806148 -0.01712641 0.008790903 0.07862899 -0.01871113 0.004760521 0.07913108 -0.01638312 0.008704197 0.08027896 -0.01796784 0.004673815 0.08078104 -0.01776364 0.005457943 0.0819108 -0.01848867 0.005779825 0.08353963 -0.01852812 0.001195211 0.08241288 -0.01925315 0.001517093 0.08404172 -0.02193161 0.001733307 0.08179916 -0.01993139 0.006159641 0.08456757 -0.02069587 0.001896909 0.08506966 -0.02170523 0.006495621 0.08471919 -0.02246971 0.002232888 0.08522128 -0.02333489 0.006697738 0.08395385 -0.02409937 0.002435006 0.08445594 -0.0243837 0.006711835 0.08247663 -0.02514818 0.002449103 0.08297872 -0.02457063 0.006534136 0.08068335 -0.02533511 0.002271404 0.08118544 -0.0238456 0.006212254 0.07905451 -0.02461008 0.001949522 0.07955661 -0.02240288 0.005832438 0.07802657 -0.02316736 0.001569706 0.07852867 -0.02062904 0.005496458 0.07787496 -0.02139352 0.001233726 0.07837705 -0.01899938 0.005294342 0.0786403 -0.01976386 0.001031609 0.07914238 -0.01795057 0.005280244 0.08011752 -0.01871505 0.001017512 0.0806196 -0.01843282 0.001794354 0.08173062 -0.01887104 0.001988316 0.08347782 -0.01834743 -0.002535545 0.08223271 -0.01878566 -0.002341583 0.08397991 -0.02184623 -0.002596592 0.08230125 -0.02012935 0.00211395 0.08477522 -0.02004396 -0.002215949 0.08527732 -0.02187057 0.00213759 0.0852752 -0.02178518 -0.002192309 0.08577729 -0.02362814 0.002052903 0.08484377 -0.02354276 -0.002276996 0.08534586 -0.02493114 0.001882581 0.08359654 -0.02484575 -0.002447318 0.08409864 -0.02543041 0.001672261 0.08186771 -0.02534503 -0.002657638 0.0823698 -0.02499218 0.001478298 0.08012051 -0.0249068 -0.002851601 0.0806226 -0.02373388 0.001352665 0.0788231 -0.02364849 -0.002977234 0.07932519 -0.02199266 0.001329025 0.07832313 -0.02190728 -0.003000874 0.07882522 -0.02023508 0.001413712 0.07875455 -0.0201497 -0.002916187 0.07925665 -0.01893209 0.001584034 0.08000178 -0.01884671 -0.002745865 0.08050387 -0.01848964 -0.001945773 0.08155309 -0.01861393 -0.001759721 0.08335096 -0.0175577 -0.006175052 0.08205519 -0.01768199 -0.005989001 0.08385305 -0.02091429 -0.006825871 0.08280335 -0.01960431 -0.001797909 0.08486756 -0.01867237 -0.006027188 0.08536965 -0.02119541 -0.002050102 0.08569651 -0.02026347 -0.006279381 0.08619861 -0.0229609 -0.002448727 0.08561572 -0.02202896 -0.006678007 0.08611781 -0.02442771 -0.002886972 0.08464681 -0.02349577 -0.007116252 0.0851489 -0.02520282 -0.00324741 0.08304942 -0.02427088 -0.00747669 0.0835515 -0.02507853 -0.003433462 0.08125155 -0.02414659 -0.007662741 0.08175364 -0.02408815 -0.003395275 0.07973495 -0.02315621 -0.007624554 0.08023705 -0.02249705 -0.003143081 0.078906 -0.02156511 -0.007372361 0.07940809 -0.02073156 -0.002744456 0.07898679 -0.01979962 -0.006973736 0.07948889 -0.01926475 -0.002306211 0.0799557 -0.01833281 -0.00653549 0.08045779 -0.01791558 -0.005685181 0.08140457 -0.01774699 -0.005385818 0.08318342 -0.0161732 -0.009649954 0.08190665 -0.01600461 -0.009350591 0.08368552 -0.01917191 -0.01079064 0.08330544 -0.01842707 -0.005472316 0.08486044 -0.01668469 -0.009437089 0.08536253 -0.0197736 -0.005921498 0.08598626 -0.01803122 -0.00988627 0.08648835 -0.02142578 -0.006613006 0.08625922 -0.01968339 -0.01057778 0.08676131 -0.0229409 -0.007361551 0.08560619 -0.02119852 -0.01132632 0.08610827 -0.02391299 -0.00796656 0.08420213 -0.02217061 -0.01193133 0.08470422 -0.02408159 -0.008265924 0.08242327 -0.02233921 -0.0122307 0.08292536 -0.02340151 -0.008179425 0.08074626 -0.02165913 -0.0121442 0.08124834 -0.02205498 -0.007730244 0.07962044 -0.0203126 -0.01169502 0.08012252 -0.0204028 -0.007038736 0.07934747 -0.01866042 -0.01100351 0.07984956 -0.01888768 -0.006290191 0.08000051 -0.0171453 -0.01025496 0.0805026 -0.01669183 -0.00933518 0.08131024 -0.01629636 -0.008818677 0.08300116 -0.01420652 -0.01288181 0.08181233 -0.01381106 -0.0123653 0.08350325 -0.0166866 -0.01433727 0.08380753 -0.0166714 -0.00883056 0.08477361 -0.01418609 -0.01237719 0.0852757 -0.01771644 -0.009367646 0.08615267 -0.01523114 -0.01291427 0.08665476 -0.01915148 -0.01028602 0.08676881 -0.01666617 -0.01383265 0.0872709 -0.02059199 -0.01133961 0.08645695 -0.01810668 -0.01488624 0.08695904 -0.02165199 -0.01224611 0.08530064 -0.01916668 -0.01579273 0.08580273 -0.02204745 -0.01276261 0.08360972 -0.01956215 -0.01630924 0.08411181 -0.02167242 -0.01275073 0.08183727 -0.01918711 -0.01629736 0.08233936 -0.02062737 -0.01221364 0.08045821 -0.01814207 -0.01576027 0.0809603 -0.01919233 -0.01129526 0.07984207 -0.01670703 -0.01484189 0.08034416 -0.01775183 -0.01024167 0.08015393 -0.01526652 -0.0137883 0.08065602 -0.01480628 -0.01279045 0.08129323 -0.01428478 -0.01198631 0.08283069 -0.01167435 -0.0157815 0.08179532 -0.01115286 -0.01497736 0.08333278 -0.01355468 -0.01732832 0.08430962 -0.01440685 -0.0118121 0.08462989 -0.01127493 -0.01480315 0.08513198 -0.01513978 -0.01231452 0.08620874 -0.01200786 -0.01530557 0.08671083 -0.01628718 -0.01335893 0.08714419 -0.01315525 -0.01634998 0.08764628 -0.0175416 -0.01466548 0.08718558 -0.01440968 -0.01765653 0.08768768 -0.01856693 -0.01588409 0.08632183 -0.015435 -0.01887514 0.08682393 -0.01908842 -0.01668824 0.08478437 -0.0159565 -0.01967929 0.08528647 -0.01896635 -0.01686244 0.08298518 -0.01583443 -0.01985349 0.08348726 -0.01823342 -0.01636003 0.08140633 -0.0151015 -0.01935107 0.08190841 -0.01708603 -0.01531562 0.08047087 -0.0139541 -0.01830667 0.08097296 -0.0158316 -0.01400906 0.08042948 -0.01269968 -0.01700011 0.08093157 -0.01226318 -0.01592758 0.08137365 -0.01173584 -0.01480945 0.08269807 -0.008606003 -0.01824714 0.08187574 -0.00807866 -0.01712902 0.08320016 -0.009897503 -0.01964789 0.08481172 -0.01169585 -0.01436626 0.0844543 -0.008038674 -0.01668582 0.08495639 -0.01215394 -0.01471674 0.08617177 -0.00849676 -0.01703631 0.08667386 -0.01298735 -0.015767 0.08739027 -0.009330175 -0.01808656 0.08789237 -0.01397278 -0.01723561 0.08778332 -0.0103156 -0.01955518 0.08828542 -0.01484618 -0.01872906 0.0872456 -0.011189 -0.02104863 0.08774769 -0.01537352 -0.01984719 0.08592118 -0.01171635 -0.02216675 0.08642327 -0.01541351 -0.02029039 0.08416495 -0.01175633 -0.02260995 0.08466704 -0.01495542 -0.0199399 0.08244748 -0.01129824 -0.02225946 0.08294957 -0.01412201 -0.01888964 0.08122897 -0.01046483 -0.02120921 0.08173107 -0.01313658 -0.01742103 0.08083592 -0.009479402 -0.0197406 0.08133802 -0.009093511 -0.01860824 0.08156784 -0.008681402 -0.01719798 0.08262789 -0.005052801 -0.02016644 0.08206993 -0.004640692 -0.01875618 0.08312999 -0.005856793 -0.02120608 0.0853138 -0.008595146 -0.01644417 0.08427311 -0.004554436 -0.01800237 0.08477519 -0.008857856 -0.0165488 0.08606263 -0.004817146 -0.018107 0.08656473 -0.009399138 -0.01748382 0.08751698 -0.005358428 -0.01904202 0.08801907 -0.01007396 -0.0189987 0.08824646 -0.006033247 -0.0205569 0.08874854 -0.0107015 -0.02068753 0.08805559 -0.006660785 -0.02224573 0.08855768 -0.0111136 -0.02209779 0.08699553 -0.007072894 -0.02365599 0.08749763 -0.01119986 -0.0228516 0.08535033 -0.00715915 -0.0244098 0.08585242 -0.01093715 -0.02274697 0.08356079 -0.00689644 -0.02430517 0.08406289 -0.01039587 -0.02181195 0.08210645 -0.006355158 -0.02337015 0.08260854 -0.009721049 -0.02029707 0.08137698 -0.005680338 -0.02185527 0.08187907 -0.005364159 -0.02068712 0.08188773 -0.005170677 -0.01905143 0.08264235 -0.001096495 -0.02142357 0.08238982 -0.0009030126 -0.01978787 0.08314444 -0.001589128 -0.02194253 0.0858159 -0.005161039 -0.01799307 0.08411278 -0.0008933747 -0.01872952 0.08461487 -0.005337828 -0.01779564 0.08590502 -0.001070163 -0.01853209 0.08640712 -0.005653673 -0.01851203 0.08753885 -0.001386008 -0.01924848 0.08804095 -0.006023944 -0.0199503 0.08857649 -0.001756279 -0.02068675 0.08907858 -0.006349427 -0.02172505 0.08873988 -0.002081762 -0.0224615 0.08924197 -0.006542908 -0.02336074 0.08798526 -0.002275244 -0.02409719 0.08848736 -0.006552546 -0.0244191 0.08651483 -0.002284882 -0.02515555 0.08701693 -0.006375758 -0.02461653 0.08472259 -0.002108093 -0.02535298 0.08522468 -0.006059912 -0.02390013 0.08308876 -0.001792248 -0.02463658 0.08359085 -0.005689642 -0.02246187 0.08205113 -0.001421977 -0.02319832 0.08255322 -0.00118391 -0.02202391 0.08234039 -0.001278888 -0.02026408 0.08276033 0.003145335 -0.02191007 0.08284248 0.003050356 -0.02015024 0.08326241 0.002740116 -0.02182869 0.08631799 -0.001456995 -0.01895398 0.083999 0.002872249 -0.01884015 0.08450109 -0.001670507 -0.01844467 0.08572451 0.002658737 -0.01833083 0.0862266 -0.001862214 -0.01887261 0.08747451 0.00246703 -0.01875877 0.0879766 -0.001980747 -0.02012312 0.08878008 0.002348497 -0.02000928 0.08928218 -0.001994347 -0.02186115 0.08929141 0.002334897 -0.02174731 0.0897935 -0.001899368 -0.02362099 0.08887148 0.002429876 -0.02350714 0.08937357 -0.001721261 -0.02493108 0.08763281 0.002607983 -0.02481724 0.08813489 -0.001507749 -0.02544039 0.08590729 0.002821495 -0.02532655 0.08640938 -0.001316043 -0.02501246 0.08415729 0.003013202 -0.02489862 0.08465938 -0.001197509 -0.02376194 0.08285172 0.003131735 -0.0236481 0.0833538 0.003295281 -0.02249792 0.08292773 0.002886288 -0.02073431 0.0829967 0.007518345 -0.02153821 0.08342981 0.007109351 -0.01977459 0.0834988 0.006963179 -0.02086898 0.08682008 0.002438128 -0.01926393 0.08395562 0.006661191 -0.01830421 0.08445771 0.002070885 -0.01848078 0.08554754 0.006293948 -0.01752106 0.08604962 0.001882962 -0.0185947 0.08734589 0.006106026 -0.01763498 0.08784798 0.001924713 -0.01957516 0.08886882 0.006147776 -0.01861545 0.08937091 0.002184951 -0.02115946 0.08970826 0.006408014 -0.02019974 0.09021036 0.002593944 -0.02292308 0.08963928 0.006817007 -0.02196336 0.09014137 0.003042104 -0.02439345 0.08868036 0.007265167 -0.02343374 0.08918245 0.003409347 -0.02517661 0.08708845 0.00763241 -0.02421689 0.08759055 0.00359727 -0.02506268 0.0852901 0.007820332 -0.02410297 0.08579218 0.003555519 -0.02408222 0.08376716 0.007778582 -0.0231225 0.08426926 0.007882636 -0.02202333 0.08364643 0.007182274 -0.02037686 0.08336178 0.01183587 -0.02025493 0.08414853 0.01113551 -0.01860846 0.08386388 0.01091641 -0.01910057 0.08732218 0.006423207 -0.01886226 0.08400378 0.01037644 -0.01709386 0.08450588 0.005808824 -0.01788535 0.08540041 0.009762059 -0.01611695 0.0859025 0.005503749 -0.0177079 0.08717744 0.009456985 -0.0159395 0.08767953 0.005589728 -0.01837746 0.08885871 0.009542963 -0.01660906 0.0893608 0.006043722 -0.01971462 0.08999374 0.009996957 -0.01794622 0.09049582 0.006744083 -0.02136108 0.09027838 0.01069732 -0.01959268 0.09078047 0.007503151 -0.02287569 0.08963638 0.01145639 -0.02110729 0.09013847 0.008117534 -0.0238526 0.08823975 0.01207077 -0.0220842 0.08874185 0.008422608 -0.02403004 0.08646273 0.01237584 -0.02226164 0.08696482 0.00833663 -0.02336049 0.08478145 0.01228986 -0.02159208 0.08528355 0.01235859 -0.02056286 0.08448812 0.01143423 -0.0191365 0.08386088 0.01588881 -0.0180543 0.08499022 0.01496445 -0.01662794 0.08436297 0.01444663 -0.01659201 0.08782427 0.01037113 -0.01770051 0.08416109 0.01390134 -0.01519195 0.08466318 0.009454129 -0.01663967 0.08530831 0.01298435 -0.01413111 0.0858104 0.008928951 -0.01623823 0.08699514 0.01245917 -0.01372966 0.08749723 0.008936312 -0.01660375 0.0887696 0.01246653 -0.01409518 0.08927169 0.00947424 -0.01763829 0.09015623 0.01300446 -0.01512973 0.09065832 0.0103986 -0.01906465 0.09078347 0.01392881 -0.01655609 0.09128556 0.0114617 -0.02050064 0.09048326 0.01499192 -0.01799208 0.09098536 0.0123787 -0.02156148 0.08933605 0.01590892 -0.01905292 0.08983814 0.01290388 -0.02196292 0.08764921 0.01643409 -0.01945436 0.08815131 0.01289652 -0.0215974 0.08587475 0.01642673 -0.01908884 0.08637684 0.01648971 -0.01813776 0.08543964 0.01544311 -0.01700067 0.0844941 0.01946011 -0.01498625 0.08594172 0.01841351 -0.01384916 0.08499619 0.01741703 -0.0134405 0.08832636 0.01412951 -0.01575408 0.08444088 0.01709991 -0.01260257 0.08494297 0.01290088 -0.01473201 0.08529424 0.01587128 -0.0115805 0.08579633 0.01208643 -0.01420833 0.08682551 0.01505683 -0.01105682 0.08732761 0.0119044 -0.01432335 0.0886244 0.0148748 -0.01117184 0.0891265 0.01240355 -0.01504626 0.0902089 0.01537395 -0.01189475 0.09071099 0.01345015 -0.01618335 0.09115443 0.01642055 -0.01303184 0.09165653 0.01476375 -0.01742994 0.09120765 0.01773415 -0.01427843 0.09170975 0.01599238 -0.01845201 0.0903543 0.01896279 -0.0153005 0.09085639 0.01680683 -0.01897569 0.08882302 0.01977723 -0.01582418 0.08932512 0.01698887 -0.01886067 0.08702413 0.01995927 -0.01570916 0.08752622 0.02004697 -0.01483244 0.08648355 0.01899865 -0.01400939 0.08525637 0.02234245 -0.0111601 0.08698565 0.02129413 -0.01033704 0.08575846 0.01971251 -0.009768157 0.08882845 0.01752654 -0.01303389 0.08485179 0.01982202 -0.009361553 0.08535387 0.01602509 -0.01216735 0.08537821 0.01832057 -0.008495011 0.0858803 0.01489661 -0.01164195 0.08669459 0.01719208 -0.007969608 0.08719669 0.01444347 -0.01159847 0.0884482 0.01673895 -0.007926124 0.08895029 0.0147871 -0.01204855 0.09016917 0.01708258 -0.008376212 0.09067126 0.01583542 -0.01287161 0.09139635 0.01813089 -0.009199269 0.09189844 0.01730753 -0.0138471 0.09180094 0.019603 -0.01017476 0.09230303 0.01880898 -0.01471364 0.09127451 0.02110446 -0.0110413 0.0917766 0.01993746 -0.01523905 0.08995813 0.02223294 -0.01156671 0.09046022 0.02039059 -0.01528253 0.08820452 0.02268607 -0.01161019 0.08870661 0.02282516 -0.01079263 0.08759888 0.02189591 -0.01026016 0.0861376 0.02435677 -0.006741766 0.08810097 0.02342752 -0.0062093 0.08663969 0.02124412 -0.005717293 0.08933055 0.02038162 -0.009595864 0.08539733 0.02191322 -0.005545001 0.08589942 0.01868804 -0.008977731 0.08557642 0.02021964 -0.004926867 0.08607852 0.01726897 -0.008571391 0.0866269 0.01880057 -0.004520528 0.08712899 0.01650464 -0.008485724 0.08826728 0.01803624 -0.00443486 0.08876937 0.01659986 -0.008743684 0.09005802 0.01813146 -0.00469282 0.09056012 0.01752911 -0.00927615 0.0915193 0.01906072 -0.005225286 0.0920214 0.0190434 -0.009940449 0.09225958 0.02057501 -0.005889585 0.09276167 0.02073698 -0.01055858 0.09208048 0.02226859 -0.006507719 0.09258257 0.02215606 -0.01096492 0.09103 0.02368766 -0.006914059 0.0915321 0.02292039 -0.01105059 0.08938962 0.02445199 -0.006999726 0.08989172 0.02466126 -0.006217037 0.08876186 0.02395358 -0.005907115 0.0871231 0.02536964 -0.001944624 0.08926395 0.02466196 -0.001634702 0.08762519 0.0219525 -0.001444881 0.08983263 0.0225199 -0.00554633 0.08607583 0.02322828 -0.001273917 0.08657792 0.02074437 -0.005231355 0.08590066 0.02145276 -0.0009589423 0.08640275 0.01910276 -0.005046587 0.08664452 0.01981114 -0.0007741739 0.08714661 0.01803492 -0.005041533 0.0881081 0.0187433 -0.0007691208 0.08861019 0.01782698 -0.005217549 0.08989923 0.01853536 -0.000945137 0.09040132 0.01853466 -0.005527472 0.09153799 0.01924304 -0.001255059 0.09204008 0.01996834 -0.005888256 0.09258526 0.02067672 -0.001615844 0.09308735 0.02174386 -0.006203231 0.09276043 0.02245224 -0.001930819 0.09326252 0.02338548 -0.006388 0.09201657 0.02409386 -0.002115587 0.09251866 0.02445332 -0.006393053 0.09055299 0.0251617 -0.00212064 0.09105508 0.02544916 -0.001343183 0.08994687 0.02503154 -0.001153597 0.08819415 0.02530687 0.002985219 0.09044896 0.02488925 0.003174806 0.08869623 0.02181021 0.002883522 0.09033473 0.0237889 -0.00104206 0.08688045 0.02364661 0.003286342 0.08738255 0.0220542 -0.001038459 0.0863578 0.02191191 0.003289944 0.08685989 0.02029224 -0.001143757 0.08676623 0.02014996 0.003184645 0.08726832 0.01897516 -0.001329742 0.08799629 0.01883287 0.002998661 0.08849838 0.01845584 -0.001546578 0.08971841 0.01831355 0.002781825 0.0902205 0.01887346 -0.001736164 0.09147113 0.01873117 0.002592239 0.09197322 0.0201161 -0.001847701 0.09278481 0.01997381 0.002480702 0.09328691 0.0218508 -0.001851302 0.09330747 0.02170851 0.0024771 0.09380956 0.02361276 -0.001746004 0.09289905 0.02347047 0.002582399 0.09340114 0.02492985 -0.001560019 0.09166898 0.02478756 0.002768384 0.09217107 0.02514921 0.00357105 0.09112746 0.02504563 0.00376098 0.08932868 0.02416176 0.007787714 0.09162954 0.02405818 0.007977644 0.08983077 0.02082276 0.007100186 0.09083682 0.02407512 0.003715796 0.08779948 0.02308767 0.00793246 0.08830157 0.02249774 0.003447605 0.08694959 0.02151029 0.007664269 0.08745169 0.02073613 0.003028268 0.08700676 0.01974868 0.007244932 0.08750885 0.01926232 0.002570147 0.08795565 0.01827487 0.006786811 0.08845773 0.01847121 0.002195995 0.089542 0.01748377 0.006412659 0.0900441 0.01857479 0.002006064 0.09134077 0.01758734 0.006222729 0.09184287 0.0195453 0.002051248 0.09286997 0.01855785 0.006267913 0.09337207 0.02112268 0.002319439 0.09371986 0.02013523 0.006536104 0.09422195 0.02288429 0.002738776 0.0936627 0.02189684 0.00695544 0.09416479 0.0243581 0.003196897 0.09271381 0.02337065 0.007413561 0.09321591 0.02379112 0.008268008 0.09227732 0.02397735 0.00857891 0.0905022 0.02199677 0.01220954 0.09277941 0.022183 0.01252044 0.0910043 0.01902841 0.01104171 0.09133891 0.0233183 0.008493588 0.08881675 0.02152396 0.01243511 0.08931884 0.02199058 0.008034905 0.08767257 0.02019624 0.01197643 0.08817466 0.02034994 0.007325766 0.08737625 0.0185556 0.01126729 0.08787834 0.018836 0.006556183 0.08800719 0.01704165 0.01049771 0.08850928 0.0178544 0.005932365 0.08939632 0.01606005 0.009873892 0.08989841 0.01766817 0.005621464 0.09117144 0.01587383 0.009562991 0.09167353 0.01832722 0.005706785 0.09285689 0.01653287 0.009648312 0.09335899 0.01965494 0.006165467 0.09400107 0.01786059 0.01010699 0.09450316 0.02129558 0.006874606 0.09429739 0.01950123 0.01081613 0.09479948 0.02280952 0.00764419 0.09366646 0.02101518 0.01158572 0.09416854 0.02147005 0.01251057 0.09337136 0.02187736 0.0130445 0.09168869 0.01893834 0.01602422 0.09387346 0.01934565 0.01655815 0.09219078 0.0164967 0.01455537 0.091841 0.0215213 0.01304178 0.0899123 0.01898959 0.01655544 0.09041438 0.02049727 0.01250315 0.08851816 0.01796556 0.01601681 0.08902024 0.01907966 0.01157293 0.08787984 0.01654795 0.01508658 0.08838193 0.01764832 0.01050037 0.08816838 0.01511661 0.01401402 0.08867047 0.01658677 0.00957286 0.08930646 0.01405506 0.01308651 0.08980855 0.01617946 0.00903893 0.09098914 0.01364776 0.01255258 0.09149123 0.01653553 0.009041644 0.09276553 0.01400382 0.0125553 0.09326763 0.01755956 0.009580275 0.09415967 0.01502785 0.01309393 0.09466176 0.01897717 0.0105105 0.09479798 0.01644546 0.01402415 0.09530008 0.02040851 0.01158306 0.09450945 0.0178768 0.01509671 0.09501154 0.01833639 0.01609978 0.09438665 0.01886213 0.01692457 0.09286162 0.01516543 0.01904941 0.09488875 0.01569116 0.01987419 0.09336372 0.01332574 0.01750499 0.0923431 0.01875405 0.01711452 0.09106312 0.01558308 0.02006415 0.09156521 0.01804112 0.01661876 0.08947305 0.01487015 0.01956838 0.08997514 0.01691436 0.01557011 0.08851747 0.0137434 0.01851973 0.08901957 0.0156757 0.01424956 0.08845243 0.01250473 0.01719918 0.08895452 0.01465702 0.01301095 0.08929536 0.01148605 0.01596058 0.08979744 0.01413128 0.01218617 0.09082039 0.01096031 0.01513579 0.09132247 0.01423936 0.01199621 0.09261889 0.01106839 0.01494584 0.09312098 0.01495229 0.01249198 0.09420896 0.01178132 0.0154416 0.09471105 0.01607905 0.01354063 0.09516454 0.01290808 0.01649025 0.09566662 0.01731771 0.01486118 0.09522957 0.01414675 0.0178108 0.09573167 0.01458065 0.0188879 0.0953033 0.01510397 0.02002671 0.093995 0.0108933 0.02115919 0.09580538 0.01141663 0.022298 0.0944971 0.009638389 0.01977628 0.09284519 0.01515082 0.02048983 0.09224409 0.01146348 0.02276112 0.09274618 0.01470865 0.02015316 0.0905197 0.0110213 0.02242446 0.0910218 0.01389592 0.01910692 0.08928389 0.01020857 0.02137822 0.08978599 0.01293041 0.01763144 0.08886779 0.009243061 0.01990274 0.08936989 0.01207083 0.01612208 0.0893829 0.008383481 0.01839338 0.08988499 0.0115475 0.01498327 0.09069119 0.007860153 0.01725457 0.09119328 0.01150065 0.01452015 0.0924421 0.007813301 0.01679145 0.09294419 0.01194283 0.01485682 0.09416649 0.008255481 0.01712811 0.09466858 0.01275556 0.01590306 0.0954023 0.00906821 0.01817436 0.09590439 0.01372107 0.01737854 0.0958184 0.01003372 0.01964983 0.09632049 0.01041545 0.02078541 0.09610523 0.0108159 0.02221322 0.09506438 0.006354607 0.02229036 0.09660732 0.006755061 0.02371817 0.09556647 0.005577547 0.02128123 0.09334728 0.01090084 0.02298806 0.0934289 0.006840002 0.02449301 0.09393099 0.01064751 0.0229023 0.09163702 0.006586669 0.02440725 0.09213911 0.01012378 0.02197894 0.09016886 0.006062943 0.02348389 0.09067095 0.009469996 0.02046537 0.08941783 0.005409154 0.02197032 0.08991992 0.008861328 0.01876716 0.08958515 0.004800486 0.02027211 0.09008724 0.008460874 0.01733935 0.090626 0.004400031 0.0188443 0.09112809 0.008375932 0.01656451 0.09226148 0.00431509 0.01806946 0.09276357 0.008629266 0.01665027 0.09405336 0.004568424 0.01815522 0.09455545 0.009152993 0.01757363 0.09552152 0.005092151 0.01907858 0.0960236 0.009806781 0.0190872 0.09627255 0.005745939 0.02059215 0.09677465 0.006057043 0.02176167 0.09678083 0.00623302 0.0234091 0.09604775 0.001780067 0.02244196 0.09728292 0.001956044 0.02408938 0.09654985 0.00130057 0.02196152 0.09384938 0.006233364 0.02448636 0.09459109 0.001956388 0.02516665 0.09509318 0.006057982 0.02470482 0.09280115 0.001781006 0.02538511 0.09330324 0.005753868 0.02400593 0.09115754 0.001476892 0.02468622 0.09165963 0.005402509 0.02257696 0.09010067 0.001125533 0.02325724 0.09060276 0.00509805 0.0208008 0.08991373 0.0008210744 0.02148109 0.09041582 0.004922073 0.01915337 0.0906468 0.0006450966 0.01983366 0.0911489 0.004921729 0.01807611 0.09210347 0.0006447526 0.0187564 0.09260556 0.00509711 0.01785765 0.09389342 0.0008201344 0.01853794 0.0943955 0.005401225 0.01855654 0.09553702 0.001124249 0.01923683 0.09603912 0.005752584 0.01998551 0.09659389 0.001475608 0.0206658 0.09709598 0.001708463 0.02183953 0.09732338 0.001592816 0.02360346 0.09692649 -0.002618911 0.02166879 0.09782548 -0.002734558 0.02343273 0.09742858 -0.003026803 0.02179079 0.09435146 0.001398863 0.02492744 0.09570508 -0.002928511 0.02475671 0.09620717 0.001178572 0.02545671 0.09398644 -0.003148802 0.02528597 0.09448853 0.0009909709 0.02504944 0.09223107 -0.003336403 0.02487871 0.09273316 0.0008863264 0.02381477 0.09090932 -0.003441048 0.02364404 0.09141142 0.0008926783 0.02208352 0.09037536 -0.003434696 0.02191279 0.09087746 0.001008325 0.02031958 0.09077226 -0.003319049 0.02014885 0.09127435 0.001202278 0.0189956 0.09199367 -0.003125096 0.01882487 0.09249575 0.001422569 0.01846634 0.09371231 -0.002904805 0.0182956 0.0942144 0.00161017 0.0188736 0.09546767 -0.002717204 0.01870287 0.09596977 0.001714814 0.02010828 0.09678942 -0.00261256 0.01993754 0.09729151 -0.002453564 0.02108508 0.09773131 -0.002883216 0.02284455 0.09768598 -0.006663647 0.02006994 0.0982334 -0.0070933 0.02182941 0.09818806 -0.007236887 0.02077565 0.09485356 -0.003351342 0.02432166 0.09674716 -0.007561426 0.02330652 0.09724925 -0.003732509 0.02512063 0.09516642 -0.007942592 0.02410549 0.09566851 -0.003924582 0.02502737 0.09336731 -0.008134666 0.02401222 0.0938694 -0.003876096 0.02406687 0.09183191 -0.008086179 0.02305172 0.092334 -0.003600043 0.02249649 0.09097162 -0.007810127 0.02148135 0.09147371 -0.003170391 0.02073703 0.09101696 -0.007380474 0.01972189 0.09151904 -0.002702265 0.01925992 0.09195577 -0.006912348 0.01824477 0.09245786 -0.002321098 0.01846095 0.09353651 -0.006531181 0.01744581 0.0940386 -0.002129025 0.01855421 0.09533562 -0.006339108 0.01753907 0.09583771 -0.002177511 0.01951471 0.09687102 -0.006387594 0.01849957 0.09737311 -0.00628673 0.01959456 0.09800828 -0.007004569 0.02122926 0.09831625 -0.01021638 0.01777435 0.09851036 -0.01093422 0.01940904 0.09881835 -0.01116654 0.01895543 0.09535564 -0.007784659 0.02274241 0.09769641 -0.01171431 0.0209222 0.0981985 -0.008417973 0.02372857 0.09631482 -0.01234762 0.02190836 0.09681691 -0.008734817 0.02392349 0.09454169 -0.01266447 0.02210328 0.09504378 -0.008650291 0.02327496 0.09285212 -0.01257994 0.02145475 0.09335422 -0.008187044 0.02195673 0.09169884 -0.01211669 0.02013652 0.09220093 -0.007469204 0.02032204 0.09139086 -0.01139885 0.01850182 0.09189295 -0.006689115 0.01880888 0.09201071 -0.01061876 0.01698867 0.0925128 -0.006055801 0.01782273 0.09339229 -0.00998545 0.01600251 0.09389438 -0.005738957 0.0176278 0.09516542 -0.009668606 0.01580759 0.09566752 -0.005823483 0.01827634 0.09685499 -0.009753132 0.01645612 0.09735708 -0.009685747 0.01748027 0.09816299 -0.01062172 0.01888905 0.09881235 -0.01318269 0.01492552 0.09866508 -0.01411866 0.0163343 0.09931444 -0.01466347 0.01640069 0.09585774 -0.01170368 0.02031561 0.09853549 -0.01520061 0.01776087 0.09903758 -0.01264171 0.02137772 0.0974066 -0.01613864 0.01882298 0.09790869 -0.01318446 0.02179078 0.09572815 -0.0166814 0.01923604 0.09623025 -0.01318652 0.02144411 0.0939499 -0.01668346 0.01888937 0.09445199 -0.01264732 0.0204306 0.09254831 -0.01614426 0.01787586 0.09305041 -0.01171135 0.01902182 0.09189895 -0.01520829 0.01646708 0.09240104 -0.0106294 0.01759525 0.0921758 -0.01412634 0.01504051 0.0926779 -0.009691367 0.01653314 0.0933047 -0.01318831 0.0139784 0.0938068 -0.009148608 0.01612008 0.09498315 -0.01264555 0.01356534 0.09548523 -0.009146551 0.01646676 0.0967614 -0.01264349 0.01391201 0.09726349 -0.01257979 0.01485787 0.09820891 -0.01363036 0.01597427 0.09917449 -0.01550851 0.01166759 0.09871101 -0.01655908 0.01278399 0.09967659 -0.01759219 0.0132104 0.09635983 -0.01495775 0.01720493 0.09925135 -0.01788647 0.01401464 0.09975345 -0.01620629 0.01822008 0.0984189 -0.01913501 0.0150298 0.09892099 -0.01704143 0.01874774 0.09690018 -0.01997015 0.01555745 0.09740227 -0.0172394 0.0186465 0.09510215 -0.02016812 0.01545621 0.09560423 -0.01674715 0.0179435 0.09350657 -0.01967588 0.01475321 0.09400866 -0.01569659 0.0168271 0.09254099 -0.01862531 0.01363682 0.09304308 -0.0143692 0.01559645 0.09246413 -0.01729792 0.01240616 0.09296622 -0.01312066 0.01458129 0.09329659 -0.01604938 0.011391 0.09379867 -0.01228552 0.01405363 0.0948153 -0.01521424 0.01086335 0.09531739 -0.01208755 0.01415487 0.09661334 -0.01501627 0.01096459 0.09711543 -0.01492591 0.01183677 0.09816373 -0.01596994 0.0126392 0.09940811 -0.01717292 0.008134573 0.09866582 -0.01821695 0.008936999 0.09991021 -0.0198392 0.009508205 0.09686192 -0.01744865 0.01359468 0.09983571 -0.01969566 0.00989248 0.1003378 -0.01896583 0.01444719 0.09933195 -0.02121284 0.010745 0.09983404 -0.02011494 0.01496831 0.09803181 -0.02236195 0.01126611 0.09853391 -0.02058808 0.0150184 0.09628367 -0.02283509 0.0113162 0.09678576 -0.02025848 0.01458403 0.09455594 -0.02250549 0.01088184 0.09505803 -0.01921445 0.01378161 0.09331156 -0.02146146 0.01007941 0.09381364 -0.01773574 0.01282613 0.09288395 -0.01998275 0.009123929 0.09338605 -0.01621856 0.01197361 0.09338772 -0.01846557 0.008271414 0.09388981 -0.01506945 0.01145249 0.09468785 -0.01731646 0.007750296 0.09518994 -0.0145963 0.01140241 0.09643599 -0.01684332 0.007700209 0.09693809 -0.01670002 0.008514606 0.09804864 -0.01761739 0.009029672 0.09952361 -0.01817825 0.004443961 0.09855074 -0.01909562 0.004959026 0.1000257 -0.02131743 0.005437559 0.09736402 -0.0191301 0.00967296 0.1002854 -0.02060832 0.005602315 0.1007875 -0.0208328 0.0102721 0.1001298 -0.02231103 0.006201456 0.1006319 -0.02226928 0.01066656 0.09909866 -0.02374751 0.006595912 0.09960075 -0.02305461 0.01075063 0.09746815 -0.02453284 0.006679988 0.09797024 -0.02297839 0.0105018 0.09567521 -0.02445661 0.006431157 0.09617729 -0.02206102 0.009986737 0.09420024 -0.02353925 0.005916091 0.09470233 -0.02054831 0.009343449 0.09343848 -0.02202654 0.005272803 0.09394056 -0.01884561 0.008744307 0.09359401 -0.02032384 0.004673662 0.09409611 -0.01740913 0.008349852 0.09462519 -0.01888736 0.004279206 0.09512728 -0.0166238 0.008265775 0.0962557 -0.01810202 0.004195129 0.09675779 -0.01788766 0.004976513 0.09788758 -0.01857769 0.005274936 0.09953596 -0.01853983 0.0006951587 0.09838966 -0.01922985 0.0009935811 0.1000381 -0.0219696 0.001156204 0.09786611 -0.02000182 0.005616933 0.1006024 -0.02065399 0.001335578 0.1011045 -0.02177848 0.005910867 0.1008011 -0.02243064 0.001629512 0.1013032 -0.0234316 0.006077978 0.1000788 -0.02408376 0.001796624 0.1005809 -0.02451822 0.00607349 0.09862914 -0.02517039 0.001792135 0.09913123 -0.0247472 0.005898604 0.09684046 -0.02539937 0.00161725 0.09734255 -0.02405718 0.005600182 0.09519207 -0.02470934 0.001318827 0.09569416 -0.02263304 0.005258185 0.09412565 -0.0232852 0.0009768299 0.09462775 -0.02085639 0.004964251 0.09392695 -0.02150855 0.0006828959 0.09442905 -0.01920327 0.004797139 0.09464921 -0.01985543 0.0005157845 0.0951513 -0.01811664 0.004801628 0.0960989 -0.01876881 0.000520273 0.09660099 -0.01847615 0.001298482 0.09770621 -0.01887304 0.001484235 0.09946416 -0.01827697 -0.003027676 0.09820831 -0.01867387 -0.002841923 0.09996624 -0.02177043 -0.003169954 0.0983682 -0.02009966 0.001582092 0.1007939 -0.01990048 -0.002744066 0.101296 -0.02182732 0.001565833 0.1013391 -0.02162815 -0.002760325 0.1018412 -0.02359311 0.001439814 0.1009538 -0.02339393 -0.002886344 0.1014559 -0.02492387 0.001237802 0.0997411 -0.0247247 -0.003088356 0.1002432 -0.02546305 0.001013926 0.09802601 -0.02526387 -0.003312232 0.09852809 -0.02506615 0.0008281734 0.09626807 -0.02486698 -0.003497985 0.09677016 -0.02383954 0.000730316 0.09493832 -0.02364037 -0.003595842 0.09544041 -0.02211187 0.0007465751 0.09439307 -0.0219127 -0.003579583 0.09489517 -0.02034609 0.0008725938 0.09477843 -0.02014692 -0.003453565 0.09528052 -0.01901532 0.001074606 0.09599112 -0.01881615 -0.003251553 0.09649321 -0.01844998 -0.002446193 0.09753105 -0.01853296 -0.002251841 0.09933042 -0.01740719 -0.006649514 0.09803315 -0.01749017 -0.006455162 0.09983251 -0.02072763 -0.007373275 0.09887029 -0.01948341 -0.002303497 0.100872 -0.01844062 -0.006506818 0.1013741 -0.02104666 -0.00258732 0.1017426 -0.02000387 -0.00679064 0.1022447 -0.02280385 -0.003027258 0.1017091 -0.02176106 -0.007230579 0.1022112 -0.02428413 -0.003505433 0.1007804 -0.02324134 -0.007708753 0.1012825 -0.02509087 -0.003893716 0.09920535 -0.02404808 -0.008097036 0.09970745 -0.02500789 -0.004088067 0.09740598 -0.0239651 -0.008291388 0.09790808 -0.02405744 -0.004036411 0.09586444 -0.02301465 -0.008239732 0.09636653 -0.02249419 -0.003752589 0.09499379 -0.0214514 -0.00795591 0.09549587 -0.020737 -0.00331265 0.09502729 -0.01969421 -0.007515971 0.09552938 -0.01925672 -0.002834476 0.095956 -0.01821393 -0.007037797 0.09645809 -0.01779032 -0.006179128 0.09738833 -0.01758678 -0.005856229 0.0991594 -0.01594432 -0.01009673 0.09789042 -0.01574078 -0.009773831 0.09966148 -0.01888163 -0.01129088 0.09937239 -0.01822482 -0.005939821 0.100853 -0.01637882 -0.009857423 0.1013551 -0.01953349 -0.006407506 0.1020153 -0.01768749 -0.01032511 0.1025174 -0.02116213 -0.007133968 0.102335 -0.01931613 -0.01105157 0.1028371 -0.02267435 -0.007924552 0.1017262 -0.02082835 -0.01184215 0.1022283 -0.02366494 -0.008567422 0.1003523 -0.02181895 -0.01248502 0.1008544 -0.02386849 -0.008890321 0.09858119 -0.02202249 -0.01280792 0.09908328 -0.02323045 -0.008806729 0.09688759 -0.02138445 -0.01272433 0.09738968 -0.02192178 -0.008339044 0.09572525 -0.02007578 -0.01225664 0.09622734 -0.02029314 -0.007612582 0.09540562 -0.01844714 -0.01153018 0.09590771 -0.01878092 -0.006821998 0.09601435 -0.01693492 -0.0107396 0.09651645 -0.01647878 -0.009809647 0.09730303 -0.01606008 -0.009257984 0.09897717 -0.0139011 -0.01328972 0.09780512 -0.01348241 -0.01273806 0.09947927 -0.01630396 -0.01477095 0.09987447 -0.01639742 -0.009251034 0.1007572 -0.01381975 -0.01273111 0.1012593 -0.0174004 -0.009790657 0.1021662 -0.01482273 -0.01327073 0.1026683 -0.01880028 -0.01073226 0.1028266 -0.01622261 -0.01421234 0.1033287 -0.02022196 -0.01182355 0.1025614 -0.01764428 -0.01530362 0.1030635 -0.02128449 -0.01277211 0.1014417 -0.01870682 -0.01625218 0.1019438 -0.02170319 -0.01332377 0.0997676 -0.01912551 -0.01680384 0.1002697 -0.02136585 -0.01333072 0.09798756 -0.01878817 -0.01681079 0.09848966 -0.02036286 -0.0127911 0.09657859 -0.01778519 -0.01627117 0.09708068 -0.01896299 -0.01184949 0.09591821 -0.01638531 -0.01532956 0.0964203 -0.01754131 -0.0107582 0.09618337 -0.01496364 -0.01423828 0.09668546 -0.01450483 -0.01323001 0.09729792 -0.01397539 -0.01238448 0.09881026 -0.01129536 -0.01613769 0.09780002 -0.01076593 -0.01529217 0.09931235 -0.01309449 -0.01767864 0.1003766 -0.0140699 -0.01217841 0.1006078 -0.01086043 -0.01508609 0.1011098 -0.01476302 -0.012667 0.1022088 -0.01155355 -0.01557469 0.1027109 -0.01586903 -0.01371935 0.1031843 -0.01265956 -0.01662704 0.1036864 -0.01709158 -0.01505347 0.103273 -0.01388212 -0.01796116 0.1037751 -0.01810309 -0.01631189 0.102451 -0.01489362 -0.01921958 0.1029531 -0.01863252 -0.01715742 0.1009387 -0.01542306 -0.02006511 0.1014408 -0.01853802 -0.01736349 0.0991412 -0.01532855 -0.02027118 0.09964329 -0.0178449 -0.0168749 0.09754019 -0.01463544 -0.01978259 0.09804228 -0.01673889 -0.01582255 0.09656465 -0.01352942 -0.01873024 0.09706674 -0.01551634 -0.01448843 0.09647597 -0.01230687 -0.01739612 0.09697806 -0.0118757 -0.01631452 0.09739266 -0.01135693 -0.01515514 0.09868459 -0.008158813 -0.01853715 0.09789475 -0.007640041 -0.01737777 0.09918668 -0.00937761 -0.01990127 0.1008787 -0.01130373 -0.01467192 0.1004299 -0.00758685 -0.01689455 0.100932 -0.01173038 -0.01499436 0.1021609 -0.008013492 -0.01721699 0.102663 -0.01252253 -0.01603604 0.1034138 -0.008805647 -0.01825867 0.1039159 -0.01346794 -0.01751786 0.1038529 -0.009751059 -0.01974049 0.104355 -0.01431329 -0.01904276 0.1033605 -0.01059641 -0.02126539 0.1038626 -0.01483206 -0.02020214 0.1020686 -0.01111518 -0.02242477 0.1025706 -0.01488525 -0.02068535 0.1003233 -0.01116837 -0.02290798 0.1008253 -0.01445861 -0.02036292 0.09859224 -0.01074173 -0.02258555 0.09909434 -0.01366646 -0.01932123 0.09733935 -0.009949572 -0.02154386 0.09784143 -0.01272104 -0.01783942 0.09690027 -0.00900416 -0.02006205 0.09740236 -0.00862667 -0.01892337 0.09760302 -0.008238326 -0.01747831 0.09862448 -0.004546397 -0.02037481 0.09810512 -0.004158053 -0.01892975 0.09912658 -0.005297336 -0.02135271 0.1013808 -0.008155253 -0.01668248 0.1002499 -0.004074979 -0.01813393 0.100752 -0.008399708 -0.01674913 0.1020439 -0.004319435 -0.01820057 0.102546 -0.008906192 -0.01766038 0.1035256 -0.004825919 -0.01911183 0.1040277 -0.009538991 -0.01917209 0.1042981 -0.005458719 -0.02062353 0.1048001 -0.01012855 -0.02087917 0.1041543 -0.006048276 -0.02233061 0.1046564 -0.01051689 -0.02232422 0.1031328 -0.00643662 -0.02377567 0.1036349 -0.01059997 -0.02312005 0.1015074 -0.006519693 -0.02457149 0.1020095 -0.01035551 -0.02305341 0.09971344 -0.006275238 -0.02450485 0.1002155 -0.009849027 -0.02214215 0.09823173 -0.005768754 -0.02359359 0.09873383 -0.009216228 -0.02063045 0.09745927 -0.005135954 -0.02208189 0.09796136 -0.00482996 -0.02091113 0.09794032 -0.00467179 -0.01925244 0.09865173 -0.0005444121 -0.02153515 0.09844241 -0.000386241 -0.01987645 0.09915382 -0.001011788 -0.02197672 0.1018828 -0.004681233 -0.01815652 0.1000944 -0.0003956847 -0.01878053 0.1005965 -0.004855761 -0.01791701 0.1018817 -0.0005702127 -0.01854102 0.1023838 -0.005148609 -0.01859809 0.1035348 -0.0008630604 -0.0192221 0.1040369 -0.005481308 -0.02001727 0.1046107 -0.00119576 -0.02064129 0.1051128 -0.005764712 -0.02179429 0.1048212 -0.001479164 -0.0224183 0.1053233 -0.005922883 -0.02345298 0.1041098 -0.001637335 -0.02407699 0.1046119 -0.00591344 -0.0245489 0.1026671 -0.001627891 -0.02517292 0.1031692 -0.005738912 -0.02478841 0.1008798 -0.001453363 -0.02541242 0.1013819 -0.005446064 -0.02410733 0.0992267 -0.001160515 -0.02473134 0.09972879 -0.005113365 -0.02268815 0.09815077 -0.0008278163 -0.02331216 0.09865287 -0.0006001554 -0.02213925 0.09841093 -0.0007365702 -0.02037176 0.09878473 0.0037246 -0.02191165 0.09891303 0.003588186 -0.02014416 0.09928682 0.003312968 -0.02174912 0.1023849 -0.0009467293 -0.01903431 0.09998865 0.003378027 -0.01880671 0.1004907 -0.001174321 -0.01848528 0.1017001 0.003150435 -0.01825767 0.1022022 -0.001358362 -0.01887177 0.1034606 0.002966394 -0.01864417 0.1039627 -0.001449539 -0.02009024 0.1047982 0.002875217 -0.01986264 0.1053003 -0.00142342 -0.02181419 0.1053548 0.002901335 -0.02158659 0.1058568 -0.001287006 -0.02358169 0.104981 0.00303775 -0.02335409 0.1054831 -0.001076846 -0.02491914 0.103777 0.003247909 -0.02469154 0.1042791 -0.000849255 -0.02546817 0.1020656 0.003475501 -0.02524057 0.1025677 -0.000665214 -0.02508167 0.1003051 0.003659542 -0.02485407 0.1008072 -0.0005740373 -0.0238632 0.09896744 0.003750719 -0.0236356 0.09946954 0.003905234 -0.02249081 0.09901609 0.00345504 -0.02073604 0.09903777 0.00810161 -0.02142042 0.09951819 0.007651416 -0.01966565 0.09953987 0.007509344 -0.02067873 0.102887 0.002966777 -0.01925272 0.09995633 0.007163153 -0.01818233 0.1004584 0.002571276 -0.01843831 0.1015256 0.006767652 -0.01736791 0.1020277 0.002374511 -0.01851103 0.1033252 0.006570887 -0.01744063 0.1038273 0.002429204 -0.01945139 0.1048728 0.006625581 -0.018381 0.1053749 0.002720702 -0.02100743 0.1057538 0.006917078 -0.01993703 0.1062559 0.003170896 -0.0227622 0.1057321 0.007367272 -0.02169181 0.1062342 0.003659159 -0.02424552 0.1048135 0.007855535 -0.02317513 0.1053156 0.00405466 -0.02505993 0.1032442 0.008251037 -0.02398954 0.1037463 0.004251426 -0.02498721 0.1014447 0.008447802 -0.02391682 0.1019468 0.004196732 -0.02404685 0.09989709 0.008393108 -0.02297646 0.1003992 0.008490894 -0.02188573 0.09975179 0.007755891 -0.02026326 0.09942053 0.01239628 -0.02001402 0.1002539 0.01166128 -0.01839155 0.09992263 0.01141473 -0.01880702 0.1033891 0.006954826 -0.01875211 0.1000181 0.01086021 -0.0168804 0.1005202 0.006302343 -0.0177572 0.1013844 0.01020773 -0.01588549 0.1018865 0.005973276 -0.01754511 0.1031534 0.00987866 -0.0156734 0.1036554 0.006055797 -0.01817267 0.1048509 0.00996118 -0.01630096 0.105353 0.006527794 -0.01947173 0.1060223 0.01043318 -0.01760002 0.1065244 0.007262798 -0.0210942 0.1063535 0.01116818 -0.01922249 0.1068556 0.008063863 -0.02260534 0.1057559 0.01196925 -0.02073364 0.106258 0.008716345 -0.02360026 0.1043896 0.01262173 -0.02172855 0.1048917 0.009045413 -0.02381235 0.1026207 0.0129508 -0.02194064 0.1031228 0.008962892 -0.02318479 0.1009231 0.01286828 -0.02131308 0.1014252 0.01293446 -0.02029405 0.100609 0.01198734 -0.01890315 0.09993762 0.01639751 -0.01769356 0.1011111 0.01545039 -0.01630266 0.1004397 0.01487778 -0.01620653 0.1038912 0.01088678 -0.01748649 0.1001911 0.01434984 -0.014886 0.1006932 0.009927695 -0.01642367 0.1013015 0.01339075 -0.01382318 0.1018035 0.009367055 -0.01599946 0.1029712 0.01283011 -0.01339897 0.1034733 0.009355089 -0.01632754 0.104753 0.01281814 -0.01372704 0.105255 0.009895001 -0.01731998 0.1061693 0.01335806 -0.01471949 0.1066713 0.01084212 -0.01871089 0.1068406 0.01430518 -0.01611039 0.1073427 0.01194267 -0.02012754 0.1065872 0.01540573 -0.01752705 0.1070893 0.01290176 -0.02119037 0.1054768 0.01636482 -0.01858988 0.1059789 0.0134624 -0.02161458 0.103807 0.01692546 -0.01901409 0.1043091 0.01347437 -0.0212865 0.1020253 0.01693743 -0.01868601 0.1025274 0.01700197 -0.01774533 0.1015739 0.01594798 -0.01664973 0.1005884 0.01988851 -0.01451683 0.102076 0.01883452 -0.01342122 0.1010905 0.01776432 -0.01297802 0.1043933 0.01460723 -0.01543537 0.100488 0.01749377 -0.01220686 0.1009901 0.01333898 -0.01442764 0.1012994 0.01622551 -0.01119913 0.1018015 0.01248305 -0.01389656 0.1028053 0.01536958 -0.01066806 0.1033074 0.01226878 -0.01398444 0.1046021 0.01515531 -0.01075593 0.1051042 0.01275359 -0.01466772 0.1062085 0.01564013 -0.01143922 0.1067106 0.01380759 -0.01576333 0.107194 0.01669412 -0.01253482 0.1076961 0.01514833 -0.01697769 0.1072945 0.01803487 -0.01374918 0.1077966 0.01641659 -0.01798542 0.106483 0.01930312 -0.01475691 0.1069851 0.01727252 -0.01851649 0.1049772 0.02015906 -0.01528799 0.1054793 0.01748679 -0.01842862 0.1031803 0.02037332 -0.01520011 0.1036824 0.02046647 -0.01433239 0.1026286 0.01942726 -0.01355048 0.1013673 0.02266462 -0.01060098 0.1031307 0.02162541 -0.009819062 0.1018694 0.01996247 -0.009246609 0.1048954 0.01794247 -0.01261517 0.1009167 0.02014063 -0.008883758 0.1014188 0.01640995 -0.01177709 0.1013977 0.0186081 -0.00804568 0.1018998 0.01524032 -0.0112608 0.1026814 0.01743848 -0.00752939 0.1031835 0.014747 -0.01120464 0.1044238 0.01694516 -0.007473227 0.1049259 0.01506217 -0.01162365 0.106158 0.01726032 -0.007892241 0.1066601 0.01610137 -0.01240557 0.1074193 0.01829953 -0.008674156 0.1079214 0.01758616 -0.01334087 0.1078699 0.01978431 -0.009609461 0.108372 0.01911869 -0.01417895 0.1073889 0.02131684 -0.01044754 0.107891 0.02028831 -0.01469524 0.1061052 0.02248646 -0.01096383 0.1066073 0.02078163 -0.0147514 0.1043628 0.02297978 -0.01101999 0.1048649 0.02312736 -0.01020864 0.1037517 0.02222233 -0.009710662 0.1022633 0.02455195 -0.006118921 0.1042538 0.02364692 -0.005620937 0.1027654 0.02138706 -0.005156885 0.1053975 0.02071177 -0.009088336 0.1014802 0.02213636 -0.004998612 0.1019823 0.01900044 -0.00850842 0.1016122 0.02042503 -0.004418695 0.1021143 0.01754688 -0.008126301 0.1026239 0.01897147 -0.004036576 0.103126 0.01674058 -0.008044368 0.1042442 0.01816517 -0.003954643 0.1047463 0.01679758 -0.008284574 0.1060391 0.01822218 -0.00419485 0.1065411 0.01770261 -0.008782557 0.1075274 0.01912721 -0.004692832 0.1080295 0.01921317 -0.009404883 0.1083106 0.02063777 -0.005315158 0.1088127 0.0209245 -0.009984799 0.1081786 0.0223491 -0.005895074 0.1086807 0.02237806 -0.01036692 0.1071669 0.02380266 -0.006277194 0.107669 0.02318436 -0.01044885 0.1055466 0.02460896 -0.006359127 0.1060487 0.02482844 -0.005578914 0.1049192 0.02415637 -0.005291523 0.1032614 0.02542428 -0.001289357 0.1054212 0.0247522 -0.001001966 0.1037635 0.0219829 -0.000867328 0.1058996 0.02274227 -0.004968056 0.102176 0.0233381 -0.0006784986 0.1026781 0.02096504 -0.004695185 0.1019538 0.02156087 -0.0004056282 0.1024559 0.01930089 -0.004546027 0.1026544 0.01989672 -0.0002564699 0.1031565 0.01819573 -0.004560547 0.1040899 0.01879156 -0.0002709905 0.104592 0.01794569 -0.004734857 0.1058758 0.01854152 -0.0004452993 0.1063779 0.01861776 -0.005022247 0.1075336 0.01921359 -0.0007326903 0.1080357 0.02003186 -0.005345714 0.1086189 0.02062769 -0.001056157 0.109121 0.02180909 -0.005618585 0.1088411 0.02240493 -0.001329028 0.1093432 0.02347324 -0.005767743 0.1081406 0.02406907 -0.001478186 0.1086427 0.0245784 -0.005753222 0.1067051 0.02517423 -0.001463665 0.1072072 0.02547207 -0.000684568 0.1061051 0.02509599 -0.0005021022 0.1043423 0.02521605 0.003638599 0.1066072 0.02483997 0.003821064 0.1048444 0.02172688 0.003455839 0.1064017 0.02388576 -0.0004174984 0.1029967 0.02362974 0.003905668 0.1034988 0.02216566 -0.0004534261 0.102429 0.02190964 0.003869741 0.102931 0.02039658 -0.0006002584 0.1027912 0.02014056 0.003722908 0.1032933 0.01905256 -0.0008186518 0.1039863 0.01879654 0.003504515 0.1044884 0.01849372 -0.001050088 0.105694 0.0182377 0.003273079 0.1061961 0.0188698 -0.001232554 0.1074569 0.01861378 0.003090613 0.107959 0.02008003 -0.001317158 0.1088025 0.01982401 0.003006009 0.1093046 0.02180014 -0.00128123 0.1093702 0.02154412 0.003041937 0.1098723 0.02356921 -0.001134397 0.109008 0.02331319 0.003188769 0.1095101 0.02491323 -0.0009160041 0.1078129 0.02465721 0.003407163 0.108315 0.02502782 0.004215334 0.1072831 0.02496533 0.004414647 0.1054835 0.02392987 0.008404585 0.1077852 0.02386738 0.008603898 0.1059855 0.02062893 0.007645089 0.1069038 0.02403509 0.004357048 0.1039298 0.02293714 0.008546299 0.1044319 0.02248637 0.004057972 0.1030385 0.02138842 0.008247222 0.1035406 0.02073415 0.003597554 0.1030484 0.0196362 0.007786804 0.1035505 0.01924792 0.003099163 0.1039568 0.01814997 0.007288414 0.1044589 0.01842593 0.002696344 0.1055202 0.01732798 0.006885595 0.1060223 0.01848843 0.00249703 0.1073199 0.01739048 0.006686281 0.107822 0.01941866 0.002554629 0.1088735 0.01832071 0.00674388 0.1093756 0.02096738 0.002853706 0.1097648 0.01986943 0.007042957 0.1102669 0.02271961 0.003314124 0.1097549 0.02162166 0.007503374 0.110257 0.02420583 0.003812514 0.1088466 0.02310788 0.008001764 0.1093487 0.02353451 0.008864736 0.1084269 0.02375505 0.009200084 0.1066602 0.02163717 0.01275773 0.108929 0.02185772 0.01309308 0.1071623 0.01873159 0.01153809 0.1074059 0.02313796 0.009118772 0.1049588 0.02124063 0.01301177 0.1054609 0.02184857 0.008642589 0.1037785 0.01995124 0.01253559 0.1042806 0.02023238 0.007899126 0.1034356 0.01833505 0.01179212 0.1039377 0.01872244 0.007087594 0.104022 0.01682511 0.01098059 0.1045241 0.01772335 0.006425443 0.1053806 0.01582601 0.01031844 0.1058827 0.0175028 0.006090095 0.1071473 0.01560546 0.009983093 0.1076494 0.01811989 0.006171407 0.1088488 0.01622256 0.01006441 0.1093509 0.01940928 0.00664759 0.1100291 0.01751195 0.01054059 0.1105312 0.02102547 0.007391053 0.1103719 0.01912814 0.01128405 0.110874 0.02253541 0.008202584 0.1097855 0.02063807 0.01209558 0.1102876 0.02109536 0.01303067 0.1095118 0.02152497 0.01360036 0.1078464 0.01847216 0.01647656 0.1100139 0.01890177 0.01704625 0.1083485 0.0161084 0.01498398 0.107908 0.02120609 0.01361746 0.1060631 0.01858289 0.01706335 0.1065652 0.02022417 0.0130774 0.1046395 0.01760098 0.01652329 0.1051416 0.01884232 0.01212488 0.1039572 0.01621913 0.01557077 0.1044593 0.0174308 0.01101513 0.1041989 0.0148076 0.01446102 0.104701 0.01636782 0.01004551 0.1053 0.01374463 0.0134914 0.1058021 0.01593822 0.009475819 0.1069653 0.01331502 0.01292171 0.1074674 0.01625709 0.009458714 0.1087486 0.0136339 0.0129046 0.1092507 0.01723901 0.009998776 0.1101722 0.01461581 0.01344467 0.1106743 0.01862086 0.0109513 0.1108545 0.01599767 0.01439719 0.1113566 0.02003238 0.01206105 0.1106128 0.01740919 0.01550694 0.1111149 0.01786707 0.01652038 0.110515 0.01839966 0.01738674 0.1090156 0.01461967 0.01938563 0.1110171 0.01515225 0.02025199 0.1095177 0.01286099 0.01784923 0.10841 0.0183183 0.01760929 0.1072194 0.01507089 0.02047454 0.1077215 0.0176448 0.01712838 0.1056077 0.01439739 0.01999363 0.1061098 0.01655962 0.01607288 0.1046124 0.01331221 0.01893813 0.1051145 0.01535354 0.01472561 0.1045001 0.01210613 0.01759087 0.1050022 0.01434972 0.01344757 0.1053009 0.01110231 0.01631283 0.105803 0.01381713 0.01258121 0.1068003 0.01056973 0.01544646 0.1073024 0.01389849 0.01235867 0.1085965 0.01065109 0.01522392 0.1090986 0.01457199 0.01283958 0.1102082 0.01132459 0.01570483 0.1107103 0.01565717 0.01389507 0.1112035 0.01240976 0.01676033 0.1117056 0.01686325 0.01524234 0.1113158 0.01361585 0.01810759 0.1118179 0.01404418 0.01919361 0.1114171 0.01455786 0.02037345 0.1101418 0.0102984 0.0213672 0.1119192 0.01081208 0.02254703 0.1106439 0.00911521 0.02002281 0.1089121 0.01461686 0.02087691 0.1084024 0.01087108 0.02305049 0.1089045 0.01420537 0.02056912 0.1066651 0.0104596 0.0227427 0.1071672 0.01343367 0.01953253 0.1053953 0.009687886 0.02170611 0.1058974 0.01250851 0.0180449 0.1049333 0.008762728 0.02021848 0.1054354 0.0116778 0.01650484 0.1054029 0.007932018 0.01867842 0.105905 0.01116412 0.01532501 0.1066783 0.007418343 0.0174986 0.1071804 0.01110512 0.01482155 0.1084177 0.007359342 0.01699513 0.1089197 0.0115166 0.01512934 0.110155 0.007770824 0.01730292 0.1106571 0.01228831 0.01616593 0.1114248 0.008542534 0.01833951 0.1119269 0.01321347 0.01765356 0.1118867 0.009467692 0.01982714 0.1123888 0.009840859 0.02096882 0.1122028 0.01021664 0.02243079 0.1112009 0.00574186 0.0223665 0.1127049 0.006117643 0.02382847 0.111703 0.005016211 0.0214205 0.1094142 0.0102973 0.02324755 0.1095857 0.006198299 0.02464523 0.1100878 0.01006121 0.02320024 0.1077901 0.005962215 0.02459793 0.1082922 0.009571649 0.02230154 0.1062951 0.00547265 0.02369923 0.1067972 0.008959781 0.02079226 0.1055013 0.004860783 0.02218995 0.1060034 0.008389561 0.01907681 0.1056215 0.004290562 0.02047449 0.1061236 0.008013777 0.01761483 0.1066234 0.003914779 0.01901252 0.1071255 0.007933122 0.01679807 0.1082385 0.003834123 0.01819576 0.1087406 0.008169206 0.01684538 0.1100342 0.004070207 0.01824307 0.1105363 0.008658771 0.01774408 0.1115292 0.004559772 0.01914176 0.1120313 0.009270638 0.01925336 0.112323 0.005171639 0.02065104 0.1128251 0.005472492 0.02182291 0.1128609 0.005612567 0.02349239 0.1121713 0.001179112 0.02239053 0.113363 0.001319186 0.02406002 0.1126734 0.0007228305 0.02198812 0.1099163 0.005592848 0.02460671 0.1107429 0.001299468 0.02517434 0.111245 0.00541862 0.02486729 0.1089585 0.00112524 0.02543492 0.1094606 0.005136567 0.0242043 0.1072962 0.0008431866 0.02477193 0.1077983 0.004822264 0.0227954 0.1062014 0.0005288841 0.02336302 0.1067035 0.00455993 0.02101809 0.1059675 0.0002665494 0.02158571 0.1064696 0.004419855 0.0193486 0.1066571 0.0001264748 0.01991623 0.1071592 0.004439574 0.01823428 0.1080855 0.0001461933 0.0188019 0.1085876 0.004613802 0.0179737 0.1098699 0.0003204213 0.01854132 0.110372 0.004895855 0.01863669 0.1115322 0.0006024745 0.01920431 0.1120343 0.005210157 0.02004559 0.112627 0.000916777 0.02061322 0.1131291 0.001139267 0.02178517 0.1133855 0.0009819978 0.02355568 0.1130349 -0.003182123 0.02150074 0.1138876 -0.003339393 0.02327125 0.113537 -0.00359856 0.02170369 0.1104184 0.0007552844 0.02490616 0.1118487 -0.003566106 0.02462174 0.1123508 0.0005198751 0.02547476 0.1101447 -0.003801516 0.02519034 0.1106467 0.0003388475 0.02510912 0.1083795 -0.003982543 0.02482469 0.1088816 0.0002607078 0.02390721 0.1070261 -0.004060683 0.02362278 0.1075282 0.0003063936 0.02219108 0.1064471 -0.004014997 0.02190665 0.1069492 0.0004636633 0.02042057 0.1067977 -0.003857727 0.02013614 0.1072998 0.0006903767 0.01907008 0.107984 -0.003631014 0.01878565 0.1084861 0.000925786 0.01850148 0.109688 -0.003395605 0.01821705 0.1101901 0.001106814 0.01886712 0.1114532 -0.003214577 0.0185827 0.1119553 0.001184953 0.02006904 0.1128066 -0.003136437 0.01978461 0.1133087 -0.002986328 0.02092653 0.1137757 -0.003456934 0.02267607 0.1137776 -0.007168272 0.01980107 0.1142778 -0.007638878 0.02155061 0.1142797 -0.007780504 0.02057824 0.1109205 -0.00396549 0.02416507 0.1128795 -0.008147433 0.02303961 0.1133816 -0.004375726 0.02499454 0.1113219 -0.008557671 0.02386908 0.111824 -0.004577722 0.02494223 0.1095223 -0.008759666 0.02381677 0.1100243 -0.004517352 0.02402216 0.1079627 -0.008699296 0.0228967 0.1084648 -0.004210792 0.02248086 0.1070612 -0.008392736 0.0213554 0.1075632 -0.003740186 0.02073132 0.1070592 -0.00792213 0.01960586 0.1075613 -0.003231631 0.01924232 0.1079573 -0.007413574 0.01811686 0.1084594 -0.002821394 0.01841285 0.1095149 -0.007003338 0.01728739 0.110017 -0.002619398 0.01846516 0.1113146 -0.006801342 0.0173397 0.1118167 -0.002679768 0.01938523 0.1128741 -0.006861712 0.01825977 0.1133762 -0.006766891 0.01934615 0.1140357 -0.00751873 0.02095595 0.1143902 -0.01064734 0.01742327 0.1145378 -0.01139918 0.01903307 0.1148923 -0.01166095 0.01865536 0.1114226 -0.008340712 0.02246455 0.113815 -0.01222116 0.02054167 0.1143171 -0.009012586 0.0234677 0.1124642 -0.01289303 0.02154482 0.1129663 -0.009354324 0.02369663 0.1106998 -0.01323477 0.02177375 0.1112019 -0.00927436 0.02308998 0.1089945 -0.0131548 0.0211671 0.1094966 -0.008794117 0.02181032 0.1078053 -0.01267456 0.01988744 0.1083074 -0.008042278 0.02020052 0.1074508 -0.01192272 0.01827764 0.1079529 -0.007220297 0.01869193 0.108026 -0.01110074 0.01676905 0.1085281 -0.006548423 0.01768877 0.1093768 -0.01042887 0.01576589 0.1098789 -0.006206684 0.01745984 0.1111412 -0.01008713 0.01553696 0.1116433 -0.006286649 0.01806649 0.1128465 -0.01016709 0.01614361 0.1133486 -0.01010198 0.01715748 0.1141751 -0.01105978 0.01853022 0.1148683 -0.01353056 0.0145117 0.1146771 -0.01448835 0.01588443 0.1153704 -0.01508952 0.01600957 0.1119247 -0.01217866 0.01993648 0.1146383 -0.01560724 0.01729069 0.1151404 -0.01315882 0.02099947 0.1135466 -0.0165874 0.01835368 0.1140487 -0.01373763 0.02143435 0.1118858 -0.0171662 0.01878856 0.1123879 -0.01375999 0.02112461 0.1101009 -0.01718856 0.01847882 0.110603 -0.01321991 0.02015323 0.1086701 -0.01664849 0.01750744 0.1091722 -0.01226212 0.01878049 0.1079769 -0.01569069 0.01613471 0.108479 -0.01114324 0.01737423 0.1082069 -0.01457181 0.01472844 0.108709 -0.01016308 0.01631124 0.1092986 -0.01359165 0.01366546 0.1098007 -0.009584271 0.01587636 0.1109594 -0.01301285 0.01323057 0.1114614 -0.009561909 0.01618611 0.1127443 -0.01299048 0.01354032 0.1132464 -0.01292494 0.01447583 0.1142077 -0.01398181 0.01555056 0.1152129 -0.01576879 0.01120966 0.1147098 -0.01682566 0.0122844 0.115715 -0.01793337 0.0127434 0.1124268 -0.01533549 0.01674828 0.115337 -0.01817933 0.01348212 0.1158391 -0.01662326 0.01774807 0.1145468 -0.01946711 0.0144819 0.1150489 -0.01750007 0.01828202 0.113054 -0.02034391 0.01501585 0.113556 -0.01773097 0.01820707 0.1112586 -0.02057482 0.0149409 0.1117606 -0.0172541 0.0175433 0.1096416 -0.02009795 0.01427714 0.1101437 -0.01619724 0.01646857 0.1086365 -0.01904108 0.0132024 0.1091386 -0.01484356 0.01527085 0.1085124 -0.01768741 0.01200468 0.1090145 -0.01355579 0.01427107 0.1093026 -0.01639964 0.0110049 0.1098047 -0.01267898 0.01373712 0.1107954 -0.01552283 0.01047095 0.1112975 -0.01244808 0.01381207 0.1125908 -0.01529192 0.0105459 0.1130929 -0.01519588 0.01140923 0.1141519 -0.01622972 0.01217077 0.1154301 -0.0173448 0.007649247 0.114654 -0.01837863 0.008410785 0.1159321 -0.02008229 0.008983416 0.1129289 -0.01772005 0.01308574 0.1159035 -0.01986897 0.00932576 0.1164055 -0.01926754 0.01390899 0.1154453 -0.02141646 0.010149 0.1159474 -0.02045754 0.01441991 0.1141783 -0.02260646 0.01065993 0.1146804 -0.02097119 0.01448162 0.112442 -0.02312011 0.01072164 0.1129441 -0.02067086 0.01407757 0.1107016 -0.02281978 0.01031759 0.1112037 -0.01963702 0.01331603 0.1094235 -0.02178594 0.009556049 0.1099256 -0.01814669 0.01240106 0.1089501 -0.02029561 0.008641073 0.1094522 -0.0165992 0.01157781 0.1094083 -0.01874812 0.007817829 0.1099104 -0.0154092 0.01106689 0.1106752 -0.01755811 0.007306903 0.1111773 -0.01489555 0.01100518 0.1124115 -0.01704446 0.007245198 0.1129136 -0.01689253 0.008053608 0.1140293 -0.01778478 0.008534839 0.1155308 -0.01826324 0.003945512 0.1145314 -0.01915549 0.004426742 0.1160329 -0.021453 0.00487532 0.113431 -0.01929265 0.009136266 0.1163352 -0.02066336 0.00502817 0.1168373 -0.02101209 0.009696737 0.1162268 -0.02238281 0.00558864 0.1167289 -0.0224824 0.01006607 0.1152348 -0.02385312 0.005957978 0.1157369 -0.0233096 0.01014531 0.1136249 -0.02468032 0.006037218 0.114127 -0.02327204 0.009913226 0.1118285 -0.02464276 0.005805129 0.1123306 -0.02237979 0.009431995 0.1103269 -0.02375051 0.005323898 0.110829 -0.02087193 0.008830568 0.1095225 -0.02224264 0.004722471 0.1100246 -0.01915248 0.008270097 0.1096309 -0.02052319 0.004162 0.110133 -0.01768217 0.007900759 0.1106229 -0.01905288 0.003792663 0.111125 -0.01685497 0.007821519 0.1122329 -0.01822568 0.003713422 0.112735 -0.01800104 0.0044926 0.113864 -0.01865488 0.004769435 0.1155308 -0.01854044 0.0001955816 0.1143661 -0.01919428 0.0004724169 0.1160329 -0.0219924 0.0005783019 0.1139331 -0.02005847 0.005074642 0.116635 -0.02059786 0.000777624 0.117137 -0.02183572 0.005326441 0.1168806 -0.02237512 0.001029423 0.1173827 -0.02351043 0.005457363 0.1162019 -0.02404982 0.001160344 0.116704 -0.02463384 0.005432326 0.1147808 -0.02517324 0.001135308 0.1152829 -0.02490496 0.005258041 0.1129979 -0.02544435 0.0009610222 0.1135 -0.02425112 0.004981205 0.1113311 -0.02479052 0.0006841869 0.1118332 -0.02284754 0.004675998 0.110227 -0.02338693 0.0003789799 0.1107291 -0.02107028 0.004424199 0.1099813 -0.02160968 0.000127181 0.1104834 -0.01939558 0.004293278 0.11066 -0.01993497 -3.740407e-06 0.1111621 -0.01827216 0.004318314 0.1120812 -0.01881155 2.129597e-05 0.1125832 -0.01850856 0.0008014178 0.1136819 -0.01886375 0.0009811446 0.1154494 -0.01819573 -0.00351801 0.114184 -0.01855092 -0.003338283 0.1159515 -0.02167957 -0.003741126 0.1144351 -0.02005725 0.00105293 0.1168105 -0.01974443 -0.003266498 0.1173126 -0.02176928 0.0009975393 0.1174007 -0.02145646 -0.003321889 0.1179028 -0.02354109 0.0008298141 0.1170617 -0.02322827 -0.003489614 0.1175638 -0.02489793 0.0005946966 0.1158844 -0.02458511 -0.003724732 0.1163865 -0.02547624 0.000355186 0.1141842 -0.02516342 -0.003964242 0.1146863 -0.02512105 0.0001754592 0.1124167 -0.02480823 -0.004143969 0.1129188 -0.02392754 0.0001036738 0.1110556 -0.02361472 -0.004215754 0.1115577 -0.02221551 0.0001590646 0.1104654 -0.02190269 -0.004160363 0.1109675 -0.0204437 0.0003267897 0.1108044 -0.02013088 -0.003992638 0.1113065 -0.01908686 0.0005619072 0.1119817 -0.01877404 -0.003757521 0.1124838 -0.01839906 -0.002946422 0.1135096 -0.01844121 -0.002741611 0.1153092 -0.01724614 -0.007120879 0.1140117 -0.01728829 -0.006916068 0.1158113 -0.02052666 -0.007915583 0.1149372 -0.01935108 -0.002804618 0.1168746 -0.01819816 -0.006979075 0.1173767 -0.02088487 -0.003118563 0.1177864 -0.01973195 -0.007293019 0.1182885 -0.0226316 -0.003599322 0.1178002 -0.02147868 -0.007773779 0.1183023 -0.02412323 -0.004118077 0.1169123 -0.02297031 -0.008292534 0.1174144 -0.02496009 -0.00453583 0.1153607 -0.02380717 -0.008710287 0.1158628 -0.02491794 -0.004740641 0.1135611 -0.02376502 -0.008915098 0.1140632 -0.02400807 -0.004677634 0.1119957 -0.02285515 -0.008852091 0.1124978 -0.02247428 -0.00436369 0.1110839 -0.02132136 -0.008538147 0.111586 -0.02072755 -0.00388293 0.1110701 -0.01957463 -0.008057387 0.1115722 -0.01923592 -0.003364174 0.111958 -0.018083 -0.007538631 0.1124601 -0.01765347 -0.00667128 0.1133731 -0.01741625 -0.00632304 0.1151352 -0.01570512 -0.010539 0.1138752 -0.01546791 -0.01019076 0.1156373 -0.01857831 -0.01178331 0.1154393 -0.01801246 -0.006401521 0.1168442 -0.01606412 -0.01026924 0.1173463 -0.01928235 -0.006885694 0.1180422 -0.01733401 -0.01075342 0.1185443 -0.02088565 -0.007645824 0.1184083 -0.01893731 -0.01151355 0.1189104 -0.02239276 -0.008478236 0.1178443 -0.02044442 -0.01234596 0.1183464 -0.02339984 -0.009159886 0.1165014 -0.0214515 -0.01302761 0.1170035 -0.02363706 -0.009508125 0.1147393 -0.02168872 -0.01337585 0.1152414 -0.02304085 -0.009429645 0.1130303 -0.02109251 -0.01329737 0.1135324 -0.02177096 -0.008945472 0.1118322 -0.01982262 -0.01281319 0.1123343 -0.02016766 -0.008185341 0.1114662 -0.01821932 -0.01205306 0.1119683 -0.01866055 -0.007352929 0.1120302 -0.01671221 -0.01122065 0.1125323 -0.01625392 -0.0102804 0.1132973 -0.01581388 -0.009692411 0.1149535 -0.01358566 -0.01369152 0.1137993 -0.01314562 -0.01310352 0.1154555 -0.01591005 -0.01519442 0.1159414 -0.01611457 -0.009664671 0.1167398 -0.0134463 -0.01307578 0.1172419 -0.01707541 -0.01020462 0.1181778 -0.01440715 -0.01361573 0.1186799 -0.01843896 -0.01116757 0.1188819 -0.01577069 -0.01457868 0.119384 -0.01983984 -0.01229551 0.1186636 -0.01717158 -0.01570662 0.1191657 -0.0209027 -0.01328621 0.1175814 -0.01823444 -0.01669732 0.1180835 -0.02134275 -0.0138742 0.1159252 -0.01867448 -0.01728531 0.1164273 -0.02104206 -0.01390194 0.1141388 -0.01837379 -0.01731305 0.1146409 -0.02008121 -0.01336199 0.1127009 -0.01741295 -0.01677311 0.113203 -0.01871767 -0.01239904 0.1119967 -0.01604941 -0.01581015 0.1124988 -0.01731678 -0.0112711 0.112215 -0.01464852 -0.01468221 0.1127171 -0.01419169 -0.01366362 0.1133044 -0.01365651 -0.01277634 0.1147906 -0.0109069 -0.01648593 0.1138065 -0.01037172 -0.01559866 0.1152927 -0.01262526 -0.01801674 0.1164435 -0.01372516 -0.01253699 0.1165851 -0.01044037 -0.01535931 0.1170872 -0.01437925 -0.0130097 0.1182072 -0.01109446 -0.01583201 0.1187093 -0.01544351 -0.0140678 0.1192221 -0.01215873 -0.01689011 0.1197242 -0.01663279 -0.01542777 0.119358 -0.013348 -0.01825009 0.1198601 -0.01762841 -0.01672522 0.1185784 -0.01434362 -0.01954754 0.1190805 -0.01816359 -0.01761249 0.1170923 -0.0148788 -0.02043481 0.1175944 -0.01809494 -0.01785184 0.1152977 -0.01481015 -0.02067416 0.1157998 -0.01744085 -0.01737914 0.1136757 -0.01415606 -0.02020146 0.1141778 -0.01637658 -0.01632104 0.1126607 -0.0130918 -0.01914336 0.1131628 -0.01518731 -0.01496106 0.1125248 -0.01190252 -0.01778338 0.1130269 -0.01147714 -0.01669301 0.1134137 -0.0109691 -0.01549288 0.1146723 -0.007703117 -0.01881717 0.1139158 -0.007195074 -0.01761704 0.1151744 -0.008851236 -0.02014089 0.1169456 -0.01090482 -0.01496901 0.1164054 -0.007130797 -0.01709317 0.1169075 -0.01130154 -0.01526178 0.1181488 -0.007527512 -0.01738593 0.1186509 -0.01205294 -0.01629273 0.1194352 -0.008278917 -0.01841689 0.1199373 -0.0129577 -0.01778563 0.11992 -0.009183673 -0.01990979 0.1204221 -0.01377338 -0.01934046 0.1194733 -0.009999354 -0.02146462 0.1199754 -0.01428142 -0.0205406 0.1182147 -0.0105074 -0.02266475 0.1187168 -0.0143457 -0.02106446 0.1164816 -0.01057167 -0.02318862 0.1169837 -0.01394899 -0.0207717 0.1147382 -0.01017496 -0.02289585 0.1152403 -0.01319758 -0.01974074 0.1134518 -0.009423555 -0.0218649 0.1139539 -0.01229282 -0.01824784 0.112967 -0.008518797 -0.020372 0.1134691 -0.00815003 -0.01922744 0.1136405 -0.007787248 -0.01774888 0.1146226 -0.004033013 -0.02057113 0.1141426 -0.003670231 -0.01909257 0.1151247 -0.004734219 -0.02148458 0.1174477 -0.00770956 -0.01691126 0.1162272 -0.003592543 -0.01825495 0.1167293 -0.007937783 -0.01693902 0.1180243 -0.003820766 -0.01828271 0.1185264 -0.008410765 -0.01782472 0.1195324 -0.004293749 -0.0191684 0.1200345 -0.009001771 -0.01933103 0.1203473 -0.004884754 -0.02067472 0.1208494 -0.009552441 -0.02105435 0.1202507 -0.005435424 -0.02239803 0.1207528 -0.009915223 -0.0225329 0.1192686 -0.005798207 -0.02387659 0.1197707 -0.009992911 -0.02337052 0.117664 -0.005875895 -0.02471421 0.1181661 -0.009764688 -0.02334277 0.1158669 -0.005647671 -0.02468645 0.116369 -0.009291706 -0.02245707 0.1143588 -0.005174689 -0.02380076 0.1148609 -0.0087007 -0.02095076 0.1135439 -0.004583683 -0.02229444 0.114046 -0.004287999 -0.02112162 0.1139953 -0.004166299 -0.01944181 0.114663 1.247164e-05 -0.02163276 0.1144974 0.0001341721 -0.01995296 0.1151651 -0.0004337483 -0.02199572 0.1179498 -0.004196772 -0.01830937 0.1160769 0.0001036987 -0.01882051 0.116579 -0.004371254 -0.01802772 0.117858 -7.078313e-05 -0.01853886 0.1183601 -0.004642992 -0.01867233 0.1195293 -0.0003425212 -0.01918348 0.1200314 -0.004939174 -0.02007049 0.1206427 -0.0006387035 -0.02058163 0.1211448 -0.005180439 -0.02184754 0.1209001 -0.0008799682 -0.02235869 0.1214022 -0.005302139 -0.02352735 0.1202324 -0.001001669 -0.02403849 0.1207345 -0.005271666 -0.02465979 0.1188185 -0.0009711953 -0.02517093 0.1193206 -0.005097184 -0.02494144 0.1170374 -0.0007967135 -0.02545258 0.1175394 -0.004825446 -0.02429682 0.1153661 -0.0005249754 -0.02480797 0.1158682 -0.004529264 -0.02289867 0.1142526 -0.0002287931 -0.02340982 0.1147547 -1.144589e-05 -0.02223896 0.1144839 -0.0001896426 -0.02046598 0.1148113 0.004305833 -0.02189776 0.114986 0.004127636 -0.02012478 0.1153134 0.00388353 -0.02165452 0.1184519 -0.0004332472 -0.0191029 0.1159796 0.003884031 -0.0187617 0.1164817 -0.000676986 -0.01851495 0.1176759 0.003640293 -0.01817374 0.118178 -0.0008555495 -0.01885966 0.1194455 0.003461729 -0.01851846 0.1199476 -0.0009210918 -0.02004469 0.1208144 0.003396187 -0.01970348 0.1213165 -0.0008560507 -0.02175249 0.1214157 0.003461228 -0.02141128 0.1219178 -0.000677854 -0.02352546 0.1210883 0.003639425 -0.02318426 0.1215904 -0.0004342494 -0.02488855 0.11992 0.003883029 -0.02454734 0.1204221 -0.0001905105 -0.0254765 0.1182237 0.004126768 -0.0251353 0.1187258 -1.194703e-05 -0.02513178 0.1164541 0.004305332 -0.02479058 0.1169562 5.359518e-05 -0.02394676 0.1150852 0.004370874 -0.02360556 0.1155873 0.004516655 -0.02246662 0.1151068 0.004025781 -0.02072284 0.1150812 0.008683444 -0.02128629 0.1156089 0.00819257 -0.01954251 0.1155833 0.00805032 -0.02047419 0.118954 0.00349679 -0.01922871 0.1159587 0.00766358 -0.01804838 0.1164608 0.003071427 -0.01838456 0.1175043 0.007238216 -0.01720423 0.1180064 0.002863666 -0.0184166 0.1193038 0.007030455 -0.01723627 0.1198059 0.002929177 -0.01931624 0.120875 0.007095966 -0.01813591 0.1213771 0.003250406 -0.02084242 0.121797 0.007417195 -0.01966208 0.1222991 0.00374128 -0.02258619 0.1218226 0.00790807 -0.02140586 0.1223247 0.00427027 -0.02408033 0.120945 0.00843706 -0.0229 0.1214471 0.004695634 -0.02492447 0.1193995 0.008862423 -0.02374414 0.1199015 0.004903395 -0.02489243 0.1176 0.009070184 -0.0237121 0.118102 0.004837884 -0.0239928 0.1160287 0.009004673 -0.02281247 0.1165308 0.009096644 -0.0217305 0.1158593 0.008328307 -0.02013381 0.1154817 0.01295148 -0.01975678 0.1163614 0.01218314 -0.01816009 0.1159838 0.01190515 -0.01850047 0.1194561 0.007485485 -0.01862832 0.1160344 0.01134032 -0.0166546 0.1165365 0.006794009 -0.01761743 0.1173695 0.01064884 -0.01564371 0.1178716 0.006439161 -0.01737201 0.1191291 0.010294 -0.01539829 0.1196312 0.006516021 -0.01795781 0.1208418 0.01037086 -0.01598409 0.1213439 0.007003996 -0.01921788 0.1220486 0.01085883 -0.01724416 0.1225507 0.007772332 -0.02081457 0.1224263 0.01162717 -0.01884085 0.1229284 0.008615155 -0.02232005 0.1218735 0.01246999 -0.02034633 0.1223756 0.00930663 -0.02333094 0.1205385 0.01316146 -0.02135722 0.1210406 0.009661479 -0.02357636 0.1187789 0.01351631 -0.02160265 0.119281 0.009584618 -0.02299056 0.1170662 0.01343945 -0.02101684 0.1175683 0.01350363 -0.02000814 0.1167318 0.01253564 -0.01865385 0.1160167 0.01689713 -0.01731751 0.1172339 0.01592914 -0.01596322 0.1165188 0.01529866 -0.01580984 0.1199582 0.01139871 -0.01725846 0.1162233 0.01479221 -0.01456783 0.1167254 0.01039748 -0.01619587 0.117296 0.01379098 -0.01350524 0.1177981 0.009800234 -0.01575079 0.1189476 0.01319373 -0.01306016 0.1194497 0.009766998 -0.01604248 0.1207354 0.0131605 -0.01335186 0.1212375 0.01030668 -0.0169928 0.1221804 0.01370018 -0.01430217 0.1226825 0.01127467 -0.01834709 0.1228954 0.01466817 -0.01565646 0.1233975 0.0124116 -0.01974248 0.1226889 0.0158051 -0.01705185 0.1231909 0.01341283 -0.02080507 0.1216161 0.01680633 -0.01811445 0.1221182 0.01401007 -0.02125015 0.1199646 0.01740358 -0.01855952 0.1204666 0.01404331 -0.02095845 0.1181768 0.01743681 -0.01826783 0.1186789 0.01750348 -0.01733745 0.1177098 0.01644428 -0.01628366 0.1166851 0.02030415 -0.01403418 0.1182119 0.01924495 -0.01298039 0.1171872 0.01809932 -0.01250658 0.1204602 0.01507812 -0.01510291 0.1165374 0.01787879 -0.01179965 0.1170395 0.01377105 -0.01411159 0.1173063 0.01657172 -0.01080832 0.1178084 0.0128733 -0.01357531 0.1187858 0.01567397 -0.01027204 0.1192879 0.01262542 -0.01363777 0.1205794 0.01542609 -0.0103345 0.1210815 0.01309383 -0.01428224 0.1222065 0.0158945 -0.01097897 0.1227086 0.01415303 -0.01533603 0.1232312 0.0169537 -0.01203276 0.1237333 0.01551919 -0.01651677 0.1233789 0.01831986 -0.01321351 0.123881 0.01682626 -0.0175081 0.12261 0.01962693 -0.01420483 0.1231121 0.01772401 -0.01804438 0.1211305 0.02052468 -0.01474111 0.1216326 0.01797189 -0.01798192 0.1193369 0.02077256 -0.01467865 0.119839 0.02087162 -0.01381963 0.1187749 0.01984367 -0.01307832 0.1174803 0.02297092 -0.01003172 0.119277 0.02194298 -0.009290412 0.1179824 0.02019863 -0.008718672 0.1209623 0.01834834 -0.01218381 0.1169841 0.02044764 -0.008395905 0.1174862 0.01678628 -0.01137579 0.1174193 0.01888558 -0.007587884 0.1179214 0.01557605 -0.01087076 0.1186694 0.01767535 -0.007082856 0.1191715 0.01504193 -0.01080405 0.1203993 0.01714123 -0.007016144 0.1209014 0.01532703 -0.01119353 0.1221456 0.01742634 -0.007405623 0.1226477 0.01635497 -0.01193484 0.1234402 0.01845428 -0.008146932 0.1239423 0.01785031 -0.01282934 0.1239364 0.01994962 -0.009041439 0.1244385 0.01941237 -0.01363736 0.1235012 0.02151168 -0.009849461 0.1240033 0.0206226 -0.01414239 0.1222511 0.02272191 -0.01035449 0.1227532 0.02115672 -0.0142091 0.1205212 0.02325603 -0.0104212 0.1210233 0.0234124 -0.00961561 0.1199054 0.02253337 -0.00915079 0.1183909 0.024729 -0.005489852 0.1204075 0.02384997 -0.005025032 0.118893 0.02151523 -0.004592913 0.1214644 0.02102875 -0.008570184 0.1175655 0.02234535 -0.004444425 0.1180675 0.01930169 -0.008029365 0.1176502 0.02061829 -0.003903606 0.1181523 0.01781498 -0.007673245 0.1186224 0.01913157 -0.003547487 0.1191245 0.01696696 -0.007597247 0.1202216 0.01828355 -0.003471488 0.1207237 0.01698486 -0.007821733 0.1220193 0.01830146 -0.003695974 0.1225214 0.01786389 -0.008286553 0.1235338 0.01918049 -0.004160795 0.1240359 0.01936852 -0.008867159 0.1243592 0.02068512 -0.004741401 0.1248613 0.02109557 -0.009407979 0.1242745 0.02241217 -0.00528222 0.1247766 0.02258229 -0.009764099 0.1233023 0.02389889 -0.00563834 0.1238044 0.02343031 -0.009840097 0.1217031 0.02474691 -0.005714338 0.1222052 0.02497673 -0.00493606 0.1210768 0.0243414 -0.004669298 0.1194012 0.0254596 -0.0006323233 0.1215789 0.02482427 -0.0003655607 0.1199033 0.0219981 -0.0002891759 0.1219665 0.02294881 -0.004382068 0.1182785 0.02343168 -7.833094e-05 0.1187806 0.02117208 -0.004151334 0.1180094 0.02165495 0.0001524031 0.1185115 0.01948731 -0.004038921 0.1186661 0.01997017 0.0002648164 0.1191682 0.01834591 -0.004074949 0.1200726 0.01882878 0.0002287879 0.1205747 0.01805373 -0.004249766 0.1218521 0.0185366 5.397141e-05 0.1223542 0.01868906 -0.004516528 0.1235277 0.01917193 -0.0002127911 0.1240298 0.02008165 -0.004803758 0.1246504 0.02056452 -0.0005000209 0.1251525 0.02185838 -0.005034492 0.1249195 0.02234125 -0.000730755 0.1254216 0.02354315 -0.005146905 0.1242628 0.02402602 -0.0008431682 0.1247649 0.02468455 -0.005110877 0.1228562 0.02516742 -0.0008071398 0.1233583 0.02547555 -2.585837e-05 0.1222632 0.02514132 0.0001516796 0.1204915 0.02510597 0.004289085 0.1227653 0.02477174 0.004466623 0.1209935 0.02162853 0.004025767 0.1224686 0.02396486 0.0002110907 0.1191149 0.02359529 0.004526034 0.119617 0.02226142 0.0001364558 0.1185025 0.02189185 0.004451399 0.1190046 0.02048741 -5.222684e-05 0.1188182 0.02011784 0.004262716 0.1193203 0.0191182 -0.0003043998 0.1199776 0.01874863 0.004010543 0.1204797 0.01852065 -0.0005524935 0.1216698 0.01815108 0.003762449 0.1221719 0.01885488 -0.0007300315 0.1234416 0.01848531 0.003584911 0.1239437 0.02003134 -0.0007894426 0.1248181 0.01966176 0.0035255 0.1253202 0.02173478 -0.0007148077 0.1254306 0.02136521 0.003600135 0.1259326 0.02350878 -0.000526125 0.1251148 0.02313921 0.003788818 0.1256169 0.024878 -0.0002739521 0.1239555 0.02450843 0.004040991 0.1244576 0.02488769 0.00485513 0.1234381 0.02486573 0.005065973 0.1216389 0.02368 0.009014072 0.1239402 0.02365804 0.009224915 0.122141 0.02042084 0.008184709 0.1229707 0.02397636 0.004998093 0.1200619 0.02276867 0.009157035 0.120564 0.02245789 0.00466968 0.1191298 0.0212502 0.008828621 0.1196319 0.02071719 0.00416873 0.1190924 0.0195095 0.008327672 0.1195945 0.01922069 0.003629474 0.1199596 0.018013 0.007788416 0.1204617 0.01836936 0.003196404 0.1214991 0.01716167 0.007355346 0.1220012 0.01839133 0.002985561 0.1232984 0.01718363 0.007144503 0.1238005 0.01928069 0.003053441 0.1248753 0.018073 0.007212383 0.1253774 0.02079916 0.003381854 0.1258074 0.01959147 0.007540796 0.1263095 0.02253986 0.003882804 0.1258449 0.02133217 0.008041745 0.126347 0.02403637 0.00442206 0.1249777 0.02282868 0.008581002 0.1254797 0.023261 0.00945281 0.1245755 0.02351454 0.009814374 0.1228184 0.02126199 0.01329459 0.1250776 0.02151553 0.01365615 0.1233205 0.01842182 0.01202649 0.1234728 0.02293913 0.009739271 0.1211021 0.02094011 0.01358105 0.1216042 0.02168894 0.009247624 0.1198865 0.01968992 0.0130894 0.1203886 0.02009896 0.00847117 0.1194973 0.01809995 0.01231295 0.1199994 0.01859523 0.00761796 0.1200388 0.01659622 0.01145974 0.1205409 0.01758067 0.006916609 0.1213659 0.01558166 0.01075839 0.121868 0.01732713 0.006555044 0.123123 0.01532812 0.01039682 0.1236251 0.01790255 0.006630146 0.1248393 0.01590353 0.01047193 0.1253414 0.01915274 0.007121793 0.1260549 0.01715372 0.01096357 0.126557 0.02074271 0.007898247 0.1264441 0.0187437 0.01174003 0.1269462 0.02224644 0.008751458 0.1259026 0.02024743 0.01259324 0.1264047 0.02070658 0.01353867 0.1256507 0.02115657 0.01414524 0.1240039 0.01799371 0.01691442 0.1261528 0.0184437 0.01752098 0.124506 0.01570895 0.01540223 0.1239749 0.02087379 0.01418409 0.1222148 0.01816092 0.01755983 0.1227169 0.01993401 0.01364481 0.1207628 0.01722114 0.01702056 0.1212649 0.01858903 0.01267191 0.1200369 0.01587616 0.01604765 0.120539 0.01719926 0.01152606 0.1202317 0.01448639 0.01490181 0.1207338 0.01613707 0.0105143 0.1212949 0.0134242 0.01389005 0.121797 0.01568708 0.009907737 0.1229417 0.01297421 0.01328348 0.1234438 0.01596986 0.009868887 0.1247308 0.01325699 0.01324463 0.1252329 0.01690964 0.01040816 0.1261828 0.01419677 0.01378391 0.1266849 0.01825461 0.01138107 0.1269087 0.01554174 0.01475681 0.1274108 0.01964439 0.01252692 0.1267139 0.01693152 0.01590266 0.127216 0.01738715 0.01692638 0.1266415 0.01792439 0.01783462 0.1251688 0.01406555 0.01970528 0.1271436 0.01460279 0.02061352 0.1256709 0.01238735 0.01818113 0.124477 0.017868 0.01809111 0.1233762 0.0145464 0.02087001 0.1238783 0.0172331 0.01762711 0.121744 0.0139115 0.02040601 0.1222461 0.0161898 0.01656696 0.1207096 0.0128682 0.01934586 0.1212117 0.01501766 0.01519473 0.1205501 0.01169606 0.01797362 0.1210522 0.01403076 0.01387809 0.1213083 0.01070915 0.01665699 0.1218104 0.01349352 0.01296984 0.122781 0.01017192 0.01574874 0.1232831 0.01354991 0.01271336 0.1245736 0.01022831 0.01549226 0.1250757 0.01418481 0.01317735 0.1262058 0.01086321 0.01595625 0.1267079 0.01522811 0.0142375 0.1272402 0.0119065 0.0170164 0.1277423 0.01640024 0.01560974 0.1273997 0.01307864 0.01838864 0.1279018 0.01350095 0.01948328 0.1275289 0.01400283 0.02070356 0.1262874 0.009699332 0.02155765 0.128031 0.01020121 0.02277793 0.1267895 0.008585731 0.0202555 0.1249791 0.01407184 0.02124796 0.1245608 0.01027022 0.02332233 0.1250629 0.0136895 0.02097061 0.1228117 0.009887879 0.02304498 0.1233138 0.01295824 0.01994582 0.1215088 0.009156625 0.02202018 0.1220109 0.01207402 0.01844818 0.1210013 0.008272399 0.02052254 0.1215034 0.01127375 0.01687898 0.1214251 0.007472131 0.01895335 0.1219271 0.01077187 0.0156587 0.1226666 0.006970252 0.01773307 0.1231687 0.01070286 0.0151143 0.1243932 0.006901239 0.01718866 0.1248953 0.0110852 0.01539165 0.1261423 0.007283584 0.01746602 0.1266444 0.01181646 0.01641645 0.1274451 0.008014839 0.01849081 0.1279472 0.01270068 0.01791408 0.1279527 0.008899064 0.01998845 0.1284548 0.009263358 0.02113577 0.1282981 0.009612708 0.02263056 0.1273359 0.005129035 0.02242522 0.1288002 0.005478385 0.02392001 0.1278379 0.004451409 0.02154495 0.1254812 0.009686881 0.02348896 0.1257421 0.005552558 0.02477841 0.1262442 0.009466002 0.02348095 0.1239439 0.005331679 0.02477041 0.124446 0.009009255 0.02260869 0.1224231 0.004874932 0.02389814 0.1229252 0.008439025 0.02110589 0.1215871 0.004304702 0.02239534 0.1220892 0.007908106 0.01937523 0.1216601 0.003773783 0.02066468 0.1221621 0.007558755 0.01788044 0.1226223 0.003424432 0.01916989 0.1231244 0.007484582 0.01702204 0.124216 0.00335026 0.01831149 0.1247181 0.007705462 0.01703005 0.1260142 0.003571139 0.0183195 0.1265163 0.008162209 0.01790231 0.1275351 0.004027886 0.01919176 0.1280372 0.008732438 0.01940511 0.128371 0.004598115 0.02069456 0.1288731 0.004888608 0.02186822 0.1289387 0.00499167 0.02355785 0.128293 0.0005817901 0.02232279 0.1294408 0.0006848517 0.02401242 0.1287951 0.0001445911 0.02199952 0.1259833 0.004949969 0.02470813 0.1268939 0.0006431508 0.0251627 0.127396 0.004774679 0.02501083 0.1251162 0.0004678613 0.0254654 0.1256183 0.00451277 0.02438486 0.1234364 0.0002059518 0.02483943 0.1239385 0.004234419 0.02299793 0.1223044 -7.239926e-05 0.0234525 0.1228065 0.00401421 0.02122168 0.1220237 -0.0002926079 0.02167626 0.1225258 0.003911148 0.01953205 0.1226693 -0.0003956695 0.01998662 0.1231714 0.003952849 0.01838178 0.1240685 -0.0003539686 0.01883635 0.1245705 0.004128139 0.01807907 0.1258461 -0.0001786791 0.01853365 0.1263482 0.004390048 0.01870505 0.127526 8.323037e-05 0.01915962 0.1280281 0.004668399 0.02009197 0.1286579 0.0003615814 0.02054654 0.12916 0.0005738158 0.02171617 0.1294453 0.0003746346 0.02349106 0.1291412 -0.003738605 0.02131825 0.1299474 -0.003937786 0.02309314 0.1296433 -0.00416783 0.0216016 0.1264854 0.0001138135 0.02486629 0.1279909 -0.004198608 0.02446837 0.128493 -0.0001387608 0.02547338 0.1263027 -0.004451182 0.02507546 0.1268048 -0.0003154112 0.02514965 0.1245289 -0.004627832 0.02475172 0.125031 -0.0003688043 0.02398184 0.1231448 -0.004681225 0.02358392 0.1236469 -0.0002846336 0.02228288 0.1225213 -0.004597054 0.02188495 0.1230234 -8.545243e-05 0.02050799 0.1228254 -0.004397873 0.02011007 0.1233274 0.0001753687 0.01913276 0.1239756 -0.004137052 0.01873483 0.1244777 0.000427943 0.01852567 0.1256638 -0.003884478 0.01812775 0.1261659 0.0006045934 0.0188494 0.1274376 -0.003707827 0.01845148 0.1279397 0.0006579865 0.02001721 0.1288217 -0.003654434 0.01961928 0.1293238 -0.003512903 0.02075512 0.1298177 -0.004023886 0.0224926 0.129867 -0.007663817 0.01952012 0.1303198 -0.0081748 0.02125761 0.1303691 -0.008318745 0.0203666 0.1269874 -0.004573439 0.02399134 0.1290102 -0.008724353 0.02275634 0.1295123 -0.005014309 0.02484975 0.1274768 -0.009165224 0.02361475 0.1279789 -0.005228366 0.02483782 0.1256778 -0.009379281 0.02360282 0.1261799 -0.005158253 0.02395875 0.1240952 -0.009309168 0.02272375 0.1245973 -0.004822757 0.02244808 0.123153 -0.008973671 0.02121308 0.1236551 -0.004311773 0.0207106 0.1231037 -0.008462688 0.0194756 0.1236058 -0.003762221 0.01921186 0.1239606 -0.007913135 0.01797686 0.1244626 -0.003321351 0.01835345 0.1254939 -0.007472265 0.01711845 0.125996 -0.003107294 0.01836538 0.1272929 -0.007258208 0.01713038 0.127795 -0.003177406 0.01924445 0.1288755 -0.007328321 0.01800945 0.1293776 -0.007239083 0.01908693 0.130061 -0.008023567 0.02067008 0.1304618 -0.01106764 0.01706271 0.1305631 -0.01185212 0.01864587 0.1309638 -0.0121473 0.01834238 0.1274895 -0.008887142 0.02217192 0.1299316 -0.0127157 0.0201477 0.1304336 -0.009598415 0.02319002 0.1286125 -0.01342697 0.0211658 0.1291146 -0.009966803 0.02345159 0.126858 -0.01379536 0.02142737 0.1273601 -0.009893593 0.02288654 0.1251382 -0.01372215 0.02086232 0.1256403 -0.009398405 0.02164627 0.1239139 -0.01322696 0.01962206 0.124416 -0.008613923 0.02006312 0.1235131 -0.01244248 0.0180389 0.1240152 -0.007750347 0.01856129 0.1240433 -0.01157891 0.01653707 0.1245454 -0.007039073 0.01754318 0.1253624 -0.01086763 0.01551897 0.1258645 -0.006670686 0.01728162 0.1271169 -0.01049924 0.0152574 0.127619 -0.006743895 0.01784667 0.1288367 -0.01057245 0.01582245 0.1293388 -0.01050907 0.01682595 0.1301852 -0.01148677 0.01816154 0.1309219 -0.01386692 0.01409095 0.1306873 -0.01484461 0.01542654 0.131424 -0.01550514 0.01560739 0.1279916 -0.01264146 0.01954558 0.1307389 -0.0159993 0.01681059 0.131241 -0.01366373 0.02060723 0.1296852 -0.01702158 0.01787224 0.1301873 -0.01427969 0.02106202 0.1280432 -0.01763753 0.01832702 0.1285453 -0.01432427 0.02078808 0.1262528 -0.01768211 0.01805308 0.1267549 -0.01378553 0.01985882 0.1247939 -0.01714337 0.01712382 0.125296 -0.01280783 0.01852323 0.1240572 -0.01616568 0.01578823 0.1245593 -0.01165315 0.01713918 0.1242402 -0.01501099 0.01440419 0.1247423 -0.01063087 0.01607753 0.1252939 -0.01398871 0.01334254 0.125796 -0.01001492 0.01562275 0.1269359 -0.01337276 0.01288775 0.127438 -0.009970338 0.01589669 0.1287262 -0.01332818 0.01316169 0.1292283 -0.01326025 0.01408697 0.130205 -0.01432122 0.01511976 0.131249 -0.01601726 0.01074717 0.130707 -0.01707823 0.01177996 0.1317511 -0.01826215 0.01226759 0.1284937 -0.01569942 0.01628321 0.1314203 -0.01845643 0.01294342 0.1319223 -0.01702556 0.01726558 0.1306728 -0.01978257 0.01392578 0.1311749 -0.01794431 0.01780363 0.1292069 -0.02070132 0.01446384 0.129709 -0.01820949 0.0177532 0.1274154 -0.02096649 0.01441341 0.1279175 -0.01775003 0.01712781 0.1257783 -0.02050704 0.01378801 0.1262804 -0.01668907 0.01609501 0.1247342 -0.01944607 0.01275522 0.1252363 -0.01531087 0.01493156 0.124563 -0.01806788 0.01159177 0.1250651 -0.01398472 0.0139492 0.1253105 -0.01674173 0.0106094 0.1258125 -0.01306598 0.01341114 0.1267763 -0.01582298 0.01007135 0.1272784 -0.0128008 0.01346157 0.1285678 -0.01555781 0.01012178 0.1290699 -0.01545563 0.01097657 0.1301389 -0.01647714 0.01169781 0.1314499 -0.01750497 0.0071614 0.130641 -0.01852648 0.007882642 0.131952 -0.02031149 0.00845242 0.1289958 -0.01797695 0.01257173 0.1319688 -0.02002629 0.008756556 0.1324709 -0.01955317 0.01336415 0.1315565 -0.02160251 0.009548977 0.1320586 -0.02078347 0.01386275 0.1303236 -0.02283281 0.01004758 0.1308257 -0.02133818 0.01393393 0.1286003 -0.02338752 0.01011876 0.1291024 -0.02106867 0.01355861 0.1268485 -0.02311801 0.009743442 0.1273506 -0.02004716 0.01283737 0.1255375 -0.0220965 0.0090222 0.1260396 -0.01854736 0.01196346 0.1250186 -0.02059669 0.008148285 0.1255207 -0.01697113 0.01117104 0.1254309 -0.01902047 0.007355864 0.125933 -0.01574083 0.01067244 0.1266638 -0.01779017 0.006857264 0.1271659 -0.01518612 0.01060126 0.1283871 -0.01723546 0.006786085 0.1288892 -0.01707458 0.007588971 0.1300091 -0.01793996 0.008037735 0.1315363 -0.01833683 0.003446263 0.1305112 -0.01920222 0.003895026 0.1320384 -0.02157374 0.004309712 0.1294979 -0.0194408 0.008597612 0.1323827 -0.02070305 0.004454904 0.1328848 -0.02117494 0.009118586 0.1323216 -0.02243719 0.004975878 0.1328237 -0.02267771 0.009461061 0.1313693 -0.02393997 0.005318353 0.1318714 -0.02354646 0.009533272 0.1297811 -0.02480872 0.005390564 0.1302832 -0.0235484 0.00931587 0.1279825 -0.02481066 0.005173162 0.1284846 -0.02268301 0.008867106 0.1264554 -0.02394527 0.004724399 0.1269574 -0.02118218 0.008307229 0.125609 -0.02244443 0.004164521 0.126111 -0.01944804 0.007786255 0.1256701 -0.02071029 0.003643547 0.1261722 -0.01794526 0.00744378 0.1266223 -0.01920752 0.003301071 0.1271244 -0.01707651 0.007371569 0.1282105 -0.01833877 0.003228861 0.1287126 -0.01810374 0.004006375 0.1298401 -0.0187203 0.004263555 0.1315242 -0.01853 -0.0003033373 0.1303422 -0.01914656 -4.615745e-05 0.1320263 -0.022 1.188286e-16 0.13 -0.02010144 0.004533103 0.1326653 -0.0205277 0.0002233902 0.1331674 -0.02187708 0.004742793 0.1329577 -0.02230334 0.0004330807 0.1334598 -0.02357144 0.00483644 0.1323231 -0.0239977 0.0005267275 0.1328252 -0.02473052 0.004788951 0.1309315 -0.02515678 0.0004792381 0.1314336 -0.02504374 0.00461305 0.1291557 -0.02547 0.0003033373 0.1296578 -0.02442718 0.00435587 0.1274716 -0.02485344 4.615745e-05 0.1279737 -0.02304604 0.004086322 0.1263305 -0.0234723 -0.0002233902 0.1268326 -0.02127041 0.003876632 0.1260381 -0.02169666 -0.0004330807 0.1265402 -0.01957605 0.003782985 0.1266727 -0.0200023 -0.0005267275 0.1271748 -0.01841697 0.003830474 0.1280643 -0.01884322 -0.0004792381 0.1285664</float_array>
          <technique_common>
            <accessor count="5976" source="#verts-array-array" stride="3">
              <param type="float" name="X" />
              <param type="float" name="Y" />
              <param type="float" name="Z" />
            </accessor>
          </technique_common>
        </source>
        <source id="normals-array">
          <float_array count="17928" id="normals-array-array">0.8145385 -0.5801082 -0.001200558 0.09777104 -0.988523 -0.1151654 0.7467785 -0.542055 -0.3853547 0.6868052 0.7113514 0.1492576 0.6190452 0.7494042 -0.2348966 0.9806247 0.1958959 1.24249e-16 0.4960326 -0.5317817 -0.6864109 0.3682992 0.7596779 -0.5359526 0.1294882 -0.5520404 -0.8237015 0.001754948 0.7394189 -0.6732434 -0.2546394 -0.5974032 -0.7604395 -0.3823727 0.6940562 -0.6099813 -0.5534235 -0.655715 -0.5135759 -0.6811569 0.6357443 -0.3631177 -0.6868052 -0.7113513 -0.1492577 -0.8145385 0.5801082 0.001200596 -0.6190452 -0.7494042 0.2348965 -0.7467785 0.542055 0.3853547 -0.3682993 -0.7596778 0.5359527 -0.4960326 0.5317817 0.6864109 -0.001754923 -0.739419 0.6732433 -0.1294882 0.5520405 0.8237015 0.3823727 -0.6940561 0.6099813 0.2546394 0.5974032 0.7604395 0.6811568 -0.6357443 0.3631177 0.5534236 0.655715 0.5135759 0.8893733 -0.4339155 0.1439879 0.8889537 -0.3868844 -0.2451159 0.511123 0.8074991 0.294446 0.5107036 0.8545301 -0.09465776 0.9232494 0.3842011 -1.222723e-14 0.7010156 -0.4025058 -0.5886987 0.3227653 0.8389087 -0.4382405 0.3759169 -0.4765942 -0.7946977 -0.002333343 0.7648202 -0.6442395 0.0007673389 -0.5892975 -0.8079157 -0.3774828 0.6521169 -0.6574575 -0.3239115 -0.7104174 -0.6248107 -0.7021619 0.5309974 -0.4743526 -0.5111234 -0.8074988 -0.2944461 -0.8893733 0.4339155 -0.1439879 -0.5107033 -0.8545303 0.09465769 -0.8889538 0.3868842 0.2451159 -0.3227655 -0.8389086 0.4382405 -0.7010156 0.4025059 0.5886987 0.002333296 -0.7648202 0.6442395 -0.3759169 0.4765943 0.7946977 0.3774828 -0.6521169 0.6574575 -0.0007675065 0.5892977 0.8079156 0.7021619 -0.5309973 0.4743527 0.3239118 0.7104171 0.6248109 0.9141956 -0.2923426 0.2806815 0.9724988 -0.2111503 -0.09829392 0.300086 0.8509212 0.4311398 0.3583893 0.9321137 0.05216423 0.8300979 0.5576177 1.379164e-14 0.8524968 -0.2265483 -0.4710892 0.238387 0.9167156 -0.3206309 0.586344 -0.3344116 -0.737814 -0.02776544 0.8088523 -0.5873559 0.2453561 -0.5058378 -0.8269997 -0.3687536 0.6374263 -0.6765416 -0.07910003 -0.6948933 -0.7147493 -0.6932095 0.4483706 -0.564291 -0.3000859 -0.8509213 -0.4311397 -0.9141956 0.2923426 -0.2806815 -0.358389 -0.9321138 -0.05216429 -0.9724988 0.2111503 0.09829391 -0.2383874 -0.9167154 0.3206311 -0.8524968 0.2265483 0.4710892 0.02776561 -0.8088524 0.5873558 -0.586344 0.3344116 0.737814 0.3687536 -0.6374263 0.6765415 -0.2453559 0.5058377 0.8269998 0.6932096 -0.4483706 0.564291 0.07909982 0.6948934 0.7147491 0.8987278 -0.17149 0.4035834 0.9981219 -0.03619681 0.04942181 0.07255591 0.8293212 0.5540416 0.1719498 0.9646146 0.19988 0.7047792 0.7094267 -5.991625e-14 0.9407561 -0.02528768 -0.3381398 0.1145843 0.9755235 -0.1876817 0.7420015 -0.1416863 -0.6552548 -0.0841704 0.859125 -0.5047966 0.4551142 -0.3542033 -0.8169523 -0.3710577 0.646608 -0.666494 0.1569657 -0.6058952 -0.7799056 -0.6692063 0.3949161 -0.6294475 -0.07255584 -0.8293212 -0.5540416 -0.8987278 0.17149 -0.4035834 -0.17195 -0.9646145 -0.19988 -0.9981219 0.03619685 -0.04942183 -0.1145842 -0.9755235 0.1876816 -0.9407561 0.02528766 0.3381398 0.0841704 -0.859125 0.5047966 -0.7420015 0.1416863 0.6552547 0.3710577 -0.6466079 0.6664941 -0.4551142 0.3542032 0.8169524 0.6692063 -0.3949162 0.6294475 -0.1569657 0.6058952 0.7799056 0.8575112 -0.0817351 0.507931 0.974057 0.1192936 0.1923072 -0.1487083 0.7378412 0.6583891 -0.03216258 0.9388703 0.3427655 0.5521501 0.8337447 5.962822e-14 0.9644127 0.178556 -0.1950024 -0.04180668 0.9981323 -0.04454431 0.8311627 0.08017164 -0.5502192 -0.1750569 0.8997479 -0.3997608 0.6100113 -0.1494973 -0.7781624 -0.3962081 0.6700792 -0.6277045 0.3602155 -0.4489105 -0.8177555 -0.6460041 0.370666 -0.6672971 0.1487082 -0.7378412 -0.6583891 -0.8575112 0.08173507 -0.5079311 0.03216262 -0.9388703 -0.3427655 -0.974057 -0.1192936 -0.1923072 0.04180683 -0.9981323 0.04454431 -0.9644127 -0.1785559 0.1950024 0.1750566 -0.8997479 0.399761 -0.8311626 -0.08017169 0.5502192 0.3962084 -0.6700793 0.6277043 -0.6100113 0.1494972 0.7781625 0.6460039 -0.3706659 0.6672973 -0.3602156 0.4489106 0.8177555 0.8072029 -0.02645715 0.5896809 0.9143282 0.2418519 0.3248256 -0.3400723 0.5801252 0.7401389 -0.2329474 0.8484344 0.4752837 0.3781249 0.9257546 5.269286e-15 0.9301656 0.3640905 -0.04722391 -0.2171097 0.970673 0.1032343 0.8504717 0.3075046 -0.4267773 -0.2968039 0.9140871 -0.2763191 0.6966003 0.08725663 -0.7121337 -0.4506751 0.693839 -0.5616755 0.5097811 -0.2376385 -0.826832 -0.6374943 0.368944 -0.6763737 0.3400723 -0.5801252 -0.7401389 -0.807203 0.0264572 -0.5896808 0.2329474 -0.8484344 -0.4752837 -0.9143282 -0.2418519 -0.3248255 0.2171097 -0.970673 -0.1032343 -0.9301657 -0.3640903 0.04722389 0.2968038 -0.9140871 0.2763191 -0.8504715 -0.307505 0.4267774 0.4506751 -0.693839 0.5616755 -0.6966003 -0.08725649 0.7121336 0.6374944 -0.368944 0.6763736 -0.5097812 0.2376385 0.8268319 0.7636185 -0.001920839 0.6456649 0.8361972 0.3248852 0.4418413 -0.4802551 0.3681622 0.7961229 -0.4076765 0.6949683 0.5922996 0.1894468 0.981891 4.552031e-15 0.8513647 0.5150573 0.09946959 -0.3925088 0.8851401 0.2499277 0.8050576 0.5176377 -0.2897128 -0.4388163 0.8877209 -0.1392545 0.7096831 0.3319364 -0.6214243 -0.5341905 0.7020195 -0.4709661 0.5907972 0.007711111 -0.8067833 -0.6530766 0.3777941 -0.656325 0.480255 -0.3681622 -0.7961229 -0.7636186 0.001920936 -0.6456647 0.4076766 -0.6949683 -0.5922996 -0.8361971 -0.3248853 -0.4418415 0.3925089 -0.8851401 -0.2499277 -0.8513648 -0.515057 -0.0994695 0.4388162 -0.8877209 0.1392546 -0.8050573 -0.5176381 0.2897128 0.5341905 -0.7020195 0.4709662 -0.7096832 -0.3319362 0.6214242 0.6530767 -0.3777941 0.6563249 -0.5907971 -0.007711122 0.8067833 0.7389907 0.001676768 0.6737136 0.7571993 0.3692175 0.5388205 -0.5532804 0.1209194 0.8241719 -0.5350716 0.4884601 0.6892787 -0.006572475 0.9999784 -1.112593e-15 0.7456489 0.621851 0.2393932 -0.5466222 0.7410938 0.3898514 0.7074335 0.6918849 -0.1443368 -0.5848374 0.8111274 0.00612135 0.6527937 0.560553 -0.5095495 -0.6394774 0.6797956 -0.3590913 0.5963698 0.2630459 -0.7583864 -0.6959013 0.3822887 -0.6079283 0.5532803 -0.1209195 -0.8241719 -0.7389906 -0.001676733 -0.6737137 0.5350716 -0.4884601 -0.6892786 -0.7571995 -0.3692174 -0.5388205 0.5466224 -0.7410937 -0.3898514 -0.7456487 -0.6218512 -0.2393933 0.5848373 -0.8111275 -0.006121319 -0.7074336 -0.6918848 0.1443368 0.6394774 -0.6797956 0.3590913 -0.6527938 -0.5605529 0.5095495 0.6959012 -0.3822887 0.6079283 -0.5963697 -0.263046 0.7583864 0.7398761 -0.001824509 0.6727406 0.692238 0.3824353 0.6120047 -0.5507156 -0.1380429 0.8231989 -0.5983541 0.2462169 0.7624628 -0.2023367 0.979316 -1.46275e-15 0.6320217 0.6824718 0.3671252 -0.6585704 0.5462533 0.5175833 0.5753623 0.8178902 0.003717047 -0.7152297 0.6816718 0.1541752 0.5374414 0.7524056 -0.3808446 -0.7531505 0.6161871 -0.2303864 0.5284204 0.503564 -0.6835167 -0.7621716 0.3673457 -0.5330586 0.5507157 0.1380429 -0.8231989 -0.7398762 0.001824497 -0.6727405 0.598354 -0.246217 -0.7624629 -0.692238 -0.3824353 -0.6120047 0.6585704 -0.5462533 -0.5175833 -0.6320217 -0.6824718 -0.3671251 0.7152297 -0.6816718 -0.1541752 -0.5753622 -0.8178903 -0.003717064 0.7531504 -0.6161871 0.2303864 -0.5374414 -0.7524056 0.3808446 0.7621717 -0.3673457 0.5330585 -0.5284204 -0.503564 0.6835167 0.7660433 0.002769951 0.6427831 0.6511881 0.3771671 0.6585582 -0.4728587 -0.3836312 0.7932413 -0.5877134 -0.009233778 0.8090165 -0.3902606 0.9207044 -9.092767e-15 0.5278292 0.7022708 0.4777155 -0.7110725 0.3158697 0.6281737 0.4290202 0.8909694 0.1487117 -0.8098815 0.5045685 0.29917 0.381237 0.8927014 -0.2402968 -0.8576648 0.5063004 -0.08983862 0.3972828 0.7070028 -0.5850756 -0.8416188 0.3206017 -0.4346174 0.4728586 0.3836312 -0.7932414 -0.7660431 -0.002769808 -0.6427832 0.5877136 0.009233836 -0.8090164 -0.6511882 -0.3771672 -0.6585582 0.7110725 -0.3158698 -0.6281737 -0.5278292 -0.7022708 -0.4777155 0.8098815 -0.5045685 -0.2991699 -0.4290202 -0.8909694 -0.1487118 0.8576649 -0.5063003 0.08983861 -0.3812369 -0.8927014 0.2402968 0.8416187 -0.3206019 0.4346175 -0.3972829 -0.7070027 0.5850756 0.8105092 0.029109 0.5850022 0.6373853 0.3685757 0.6766771 -0.3286943 -0.5925014 0.7354605 -0.5018177 -0.2530344 0.8271352 -0.5630613 0.8264151 -6.607787e-15 0.4460992 0.6925633 0.5668789 -0.693104 0.07095301 0.7173371 0.2879053 0.9142589 0.2850285 -0.851298 0.2926484 0.4354867 0.2051916 0.9742596 -0.09335252 -0.9340114 0.3526494 0.05710564 0.2201216 0.8564881 -0.4668775 -0.9190817 0.234878 -0.3164194 0.3286941 0.5925014 -0.7354606 -0.8105092 -0.029109 -0.5850022 0.5018177 0.2530344 -0.8271352 -0.6373853 -0.3685757 -0.6766771 0.6931041 -0.07095285 -0.717337 -0.4460992 -0.6925633 -0.5668789 0.8512979 -0.2926486 -0.4354868 -0.2879052 -0.9142589 -0.2850285 0.9340114 -0.3526494 -0.05710566 -0.2051917 -0.9742595 0.09335257 0.9190817 -0.234878 0.3164194 -0.2201213 -0.8564881 0.4668776 0.8607281 0.08664461 0.5016372 0.6472283 0.3714754 0.6656587 -0.1346318 -0.7460872 0.6520952 -0.3481313 -0.4612563 0.8161172 -0.7140434 0.7001014 -2.918721e-14 0.3936571 0.6683344 0.6311602 -0.6017028 -0.1643973 0.7816183 0.1679586 0.8976788 0.4073852 -0.8274012 0.06494709 0.5578433 0.03060875 0.9980557 0.05429401 -0.964751 0.1653239 0.2047522 0.01841027 0.9425693 -0.3335028 -0.9769495 0.1098378 -0.1830446 0.1346316 0.7460871 -0.6520953 -0.8607282 -0.08664469 -0.501637 0.3481317 0.4612565 -0.8161169 -0.6472282 -0.3714753 -0.6656589 0.6017027 0.1643971 -0.7816185 -0.393657 -0.6683345 -0.6311602 0.8274012 -0.06494693 -0.5578433 -0.1679586 -0.8976788 -0.4073852 0.964751 -0.1653241 -0.2047522 -0.03060873 -0.9980557 -0.05429397 0.9769495 -0.1098377 0.1830446 -0.01841021 -0.9425693 0.3335028 0.9007387 0.1786585 0.3959179 0.6709527 0.3975337 0.6259309 0.08779316 -0.8329258 0.5463762 -0.1419928 -0.6140507 0.7763889 -0.8373556 0.5466586 -9.471163e-15 0.3702996 0.6454167 0.6680684 -0.4426458 -0.3661675 0.8185267 0.07933912 0.8558874 0.5110401 -0.7336065 -0.155697 0.6614982 -0.1239664 0.9725504 0.1969214 -0.9369118 -0.03903374 0.3473796 -0.185141 0.9641459 -0.1901198 -0.9980864 -0.04743838 -0.0396616 -0.08779302 0.8329259 -0.546376 -0.9007387 -0.1786585 -0.3959179 0.1419927 0.6140505 -0.7763891 -0.6709528 -0.3975337 -0.6259308 0.4426459 0.3661676 -0.8185267 -0.3702995 -0.6454167 -0.6680685 0.7336065 0.155697 -0.6614983 -0.07933902 -0.8558875 -0.5110401 0.9369118 0.0390338 -0.3473796 0.1239663 -0.9725504 -0.1969214 0.9980864 0.04743836 0.03966165 0.185141 -0.9641459 0.1901198 0.9139329 0.3012879 0.2719415 0.6944511 0.4530125 0.5590325 0.3149038 -0.8499495 0.4223997 0.09542194 -0.6982247 0.7094906 -0.9282198 0.3720322 -3.275655e-16 0.3691464 0.6375897 0.6761733 -0.2298828 -0.5136477 0.8266317 0.02518377 0.8055614 0.5919769 -0.5738454 -0.3456759 0.7424349 -0.245272 0.9119203 0.3290029 -0.8443012 -0.2393169 0.479461 -0.369753 0.9281674 -0.04228471 -0.9687819 -0.2230699 0.1081735 -0.3149036 0.8499496 -0.4223996 -0.913933 -0.3012876 -0.2719416 -0.09542221 0.6982245 -0.7094907 -0.6944511 -0.4530128 -0.5590323 0.2298829 0.5136479 -0.8266315 -0.3691463 -0.6375895 -0.6761735 0.5738454 0.3456758 -0.742435 -0.02518378 -0.8055614 -0.5919768 0.8443012 0.239317 -0.479461 0.245272 -0.9119204 -0.3290029 0.9687819 0.2230699 -0.1081735 0.369753 -0.9281674 0.04228469 0.8860122 0.4437216 0.1345121 0.7018428 0.5374089 0.4675558 0.5241124 -0.8025573 0.2849702 0.3399429 -0.7088704 0.6180142 -0.9831149 0.1829896 2.253425e-15 0.3781007 0.654067 0.6551613 0.01620071 -0.5922121 0.8056193 0.001532144 0.7624386 0.6470587 -0.3603677 -0.4838404 0.7975171 -0.3269617 0.8334848 0.4454201 -0.6888614 -0.4127942 0.5958782 -0.5193606 0.8481695 0.1042738 -0.8812607 -0.3981096 0.2547319 -0.5241122 0.8025574 -0.2849701 -0.8860122 -0.4437217 -0.134512 -0.3399431 0.7088703 -0.6180142 -0.7018428 -0.5374087 -0.4675559 -0.01620072 0.592212 -0.8056193 -0.3781007 -0.6540671 -0.6551611 0.3603678 0.4838405 -0.797517 -0.001532118 -0.7624385 -0.6470588 0.6888614 0.4127943 -0.5958782 0.3269617 -0.8334848 -0.4454201 0.8812607 0.3981096 -0.254732 0.5193606 -0.8481696 -0.1042737 0.8076568 0.5895494 -0.0110451 0.678388 0.6432199 0.3550463 0.6969098 -0.7034776 0.139413 0.567641 -0.6498069 0.5055044 -0.9999136 -0.01314464 -3.953377e-17 0.3821828 0.6977732 0.6058456 0.271436 -0.5952536 0.7563039 -0.001590627 0.7385912 0.6741517 -0.1123375 -0.5544357 0.8246098 -0.3701005 0.7547372 0.5416617 -0.4808475 -0.5382896 0.69212 -0.6246053 0.7418844 0.2438765 -0.7353519 -0.5511423 0.3943345 -0.6969098 0.7034776 -0.1394131 -0.8076568 -0.5895494 0.01104515 -0.5676411 0.6498067 -0.5055045 -0.6783879 -0.64322 -0.3550462 -0.2714359 0.5952538 -0.7563038 -0.3821828 -0.6977731 -0.6058457 0.1123375 0.5544356 -0.8246099 0.001590641 -0.7385911 -0.6741518 0.4808475 0.5382896 -0.6921199 0.3701005 -0.7547372 -0.5416616 0.7353519 0.5511423 -0.3943346 0.6246052 -0.7418845 -0.2438764 0.6764848 0.7190681 -0.1590894 0.6132767 0.7568867 0.225863 0.8211823 -0.5706006 -0.008631238 0.7579745 -0.5327824 0.3763212 -0.9779651 -0.2087686 3.682288e-15 0.3663563 0.7646806 0.5301383 0.5110539 -0.5249881 0.6805964 0.001884919 0.7403623 0.6722054 0.1465826 -0.5493066 0.8226639 -0.3824773 0.6904468 0.6139986 -0.2377795 -0.599222 0.7644566 -0.6837408 0.62831 0.3711134 -0.5390431 -0.6613588 0.5215716 -0.8211822 0.5706008 0.008631203 -0.6764846 -0.7190682 0.1590894 -0.7579746 0.5327821 -0.3763213 -0.6132768 -0.7568867 -0.225863 -0.5110539 0.5249882 -0.6805963 -0.3663563 -0.7646807 -0.5301382 -0.1465827 0.5493067 -0.8226638 -0.001884882 -0.7403622 -0.6722056 0.2377795 0.5992219 -0.7644567 0.3824773 -0.690447 -0.6139984 0.539043 0.661359 -0.5215716 0.6837408 -0.6283099 -0.3711135 0.4979744 0.8122044 -0.3038841 0.501848 0.860768 0.08501233 0.8925096 -0.4241311 -0.1534259 0.8963831 -0.3755674 0.2354706 -0.9181196 -0.3963033 -3.47163e-14 0.3183941 0.844327 0.4309722 0.7129292 -0.3920084 0.5814304 -0.003230871 0.7672868 0.6412959 0.3913042 -0.4690485 0.7917541 -0.3768479 0.6502903 0.6596273 0.0176872 -0.586045 0.8100855 -0.7023465 0.5246866 0.4810544 -0.3078114 -0.7116488 0.6315126 -0.8925096 0.4241311 0.1534259 -0.4979744 -0.8122044 0.3038841 -0.8963831 0.3755674 -0.2354705 -0.5018479 -0.860768 -0.08501238 -0.7129292 0.3920084 -0.5814304 -0.3183942 -0.844327 -0.4309723 -0.3913042 0.4690485 -0.7917541 0.003230938 -0.7672869 -0.6412958 -0.0176872 0.586045 -0.8100855 0.3768479 -0.6502903 -0.6596273 0.3078114 0.7116488 -0.6315126 0.7023465 -0.5246866 -0.4810544 0.2851935 0.8516012 -0.4398182 0.3468713 0.9358581 -0.06204781 0.9142774 -0.283492 -0.28936 0.9759554 -0.199235 0.08841043 -0.8226966 -0.5684807 7.906753e-17 0.2313242 0.9214261 0.3121907 0.8604083 -0.2136671 0.4626489 -0.03048721 0.8121723 0.5826205 0.5985967 -0.3229206 0.7330786 -0.3684112 0.6373715 0.6767797 0.2606729 -0.4977218 0.8272379 -0.6919007 0.4438608 0.5694392 -0.06281665 -0.6912322 0.7198973 -0.9142774 0.2834919 0.28936 -0.2851934 -0.8516012 0.4398182 -0.9759554 0.1992351 -0.08841042 -0.3468713 -0.9358581 0.06204782 -0.8604083 0.213667 -0.4626489 -0.2313242 -0.9214261 -0.3121907 -0.5985967 0.3229208 -0.7330785 0.03048727 -0.8121723 -0.5826205 -0.2606728 0.4977217 -0.827238 0.3684112 -0.6373716 -0.6767797 0.06281656 0.6912323 -0.7198972 0.6919007 -0.4438608 -0.5694392 0.05734592 0.8254027 -0.5616242 0.158679 0.9648217 -0.2096188 0.8966017 -0.1644626 -0.411166 0.9979343 -0.02504352 -0.05916055 -0.6953934 -0.7186293 9.601059e-17 0.1050544 0.9783345 0.1783964 0.9443102 -0.01153086 0.3288545 -0.08915772 0.86232 0.4984528 0.7500978 -0.1275452 0.648911 -0.3719192 0.6478643 0.6647917 0.4673364 -0.342001 0.8152497 -0.6674643 0.392431 0.6328422 0.1717913 -0.5974344 0.7833006 -0.8966016 0.1644624 0.4111662 -0.05734606 -0.8254027 0.5616242 -0.9979343 0.02504363 0.05916052 -0.1586788 -0.9648218 0.2096188 -0.9443102 0.0115308 -0.3288546 -0.1050544 -0.9783345 -0.1783963 -0.7500979 0.1275454 -0.6489109 0.08915755 -0.8623199 -0.4984529 -0.4673363 0.3420009 -0.8152498 0.3719193 -0.6478644 -0.6647915 -0.1717914 0.5974345 -0.7833006 0.6674643 -0.3924308 -0.6328424 -0.1626511 0.7292977 -0.6645822 -0.04590079 0.9348806 -0.351982 0.8542543 -0.07698198 -0.5141239 0.9710046 0.1286011 -0.2015238 -0.5411433 -0.8409304 9.815668e-15 -0.05309077 0.997984 0.03477396 0.9638145 0.1917048 0.1852321 -0.1822948 0.9016994 0.3920545 0.8346107 0.09541966 0.5425128 -0.3988924 0.6718261 0.624127 0.6180129 -0.1344533 0.7745853 -0.6448466 0.3699584 0.6688077 0.3720587 -0.436321 0.8192657 -0.8542543 0.07698202 0.5141239 0.1626511 -0.7292977 0.6645821 -0.9710046 -0.1286011 0.2015238 0.04590081 -0.9348806 0.351982 -0.9638145 -0.1917047 -0.1852322 0.05309079 -0.997984 -0.03477391 -0.8346106 -0.09541978 -0.5425128 0.1822948 -0.9016994 -0.3920546 -0.6180131 0.1344535 -0.7745851 0.3988923 -0.671826 -0.6241272 -0.3720586 0.4363209 -0.8192658 0.6448467 -0.3699585 -0.6688075 -0.3512214 0.5675052 -0.7447022 -0.2456566 0.8400974 -0.4836209 0.8039281 -0.02394449 -0.5942443 0.9094928 0.2486473 -0.3331626 -0.3659237 -0.9306449 1.519226e-14 -0.2290294 0.9668254 -0.1131113 0.9261201 0.3753756 0.03734695 -0.3057945 0.9137326 0.267549 0.849355 0.3222828 0.4180071 -0.455383 0.6950452 0.5563619 0.6997665 0.1035954 0.7068203 -0.6377123 0.3693601 0.6759409 0.5174371 -0.2220897 0.8263988 -0.8039283 0.02394469 0.594244 0.3512212 -0.5675052 0.7447024 -0.9094928 -0.2486475 0.3331627 0.2456568 -0.8400974 0.4836209 -0.92612 -0.3753758 -0.03734697 0.2290293 -0.9668254 0.1131113 -0.8493551 -0.3222825 -0.418007 0.3057946 -0.9137326 -0.2675489 -0.6997665 -0.1035953 -0.7068202 0.4553827 -0.6950452 -0.5563621 -0.5174368 0.2220896 -0.826399 0.6377126 -0.3693602 -0.6759406 -0.4873502 0.3525346 -0.7988799 -0.4178582 0.6826955 -0.5994343 0.7612806 -0.001166661 -0.6484215 0.8307725 0.3289945 -0.4489763 -0.1765241 -0.9842963 2.880318e-16 -0.403686 0.8773156 -0.2595285 0.8449448 0.5236144 -0.1090702 -0.4486312 0.8842467 0.1297604 0.7999995 0.5305454 0.2802185 -0.5406512 0.7016315 0.4641223 0.7079795 0.3479306 0.6145806 -0.6550885 0.3784018 0.6539658 0.5935422 0.02470059 0.8044237 -0.7612806 0.001166675 0.6484215 0.4873502 -0.3525346 0.7988799 -0.8307725 -0.3289945 0.4489763 0.4178582 -0.6826955 0.5994343 -0.8449448 -0.5236143 0.1090702 0.403686 -0.8773156 0.2595285 -0.7999994 -0.5305455 -0.2802185 0.4486312 -0.8842467 -0.1297604 -0.7079795 -0.3479305 -0.6145806 0.5406513 -0.7016315 -0.4641223 -0.5935422 -0.02470059 -0.8044237 0.6550884 -0.3784018 -0.6539658 -0.5555057 0.1037433 -0.8250156 -0.5414355 0.4731953 -0.6949344 0.7382209 0.001496991 -0.6745574 0.7522915 0.370949 -0.5444763 0.0197159 -0.9998056 -4.292238e-16 -0.555614 0.7295536 -0.3988039 0.7381124 0.6273073 -0.2483457 -0.5942434 0.8041266 -0.01597175 0.6994836 0.7018804 0.1344865 -0.6469717 0.6769334 0.3509826 0.646755 0.5746871 0.5014407 -0.6996713 0.3820546 0.6037337 0.5940552 0.2798084 0.754192 -0.7382209 -0.001496984 0.6745574 0.555506 -0.1037433 0.8250154 -0.7522915 -0.370949 0.5444762 0.5414352 -0.4731954 0.6949346 -0.7381124 -0.6273073 0.2483457 0.5556144 -0.7295534 0.3988039 -0.6994835 -0.7018805 -0.1344865 0.5942431 -0.8041269 0.0159717 -0.646755 -0.574687 -0.5014407 0.6469718 -0.6769333 -0.3509825 -0.5940555 -0.2798083 -0.7541919 0.6996713 -0.3820546 -0.6037337 -0.5478134 -0.1551064 -0.8220964 -0.6000064 0.2293283 -0.7664208 0.7408767 -0.001935616 -0.6716383 0.6886836 0.3824989 -0.6159623 0.2151917 -0.9765718 -5.850998e-15 -0.6640805 0.5317933 -0.5255406 0.6246095 0.6849643 -0.3750826 -0.7228659 0.6712442 -0.164 0.5658241 0.8244148 -0.01354178 -0.760612 0.6103145 0.2213267 0.5280779 0.7634852 0.3717849 -0.7672044 0.3653307 0.5271916 0.5214855 0.5185013 0.6776498 -0.7408768 0.001935669 0.6716382 0.5478133 0.1551063 0.8220965 -0.6886833 -0.3824989 0.6159626 0.6000067 -0.2293282 0.7664206 -0.6246097 -0.6849642 0.3750824 0.6640804 -0.5317934 0.5255407 -0.565824 -0.8244148 0.01354185 0.7228659 -0.6712443 0.164 -0.5280779 -0.7634852 -0.3717849 0.7606121 -0.6103144 -0.2213267 -0.5214856 -0.5185013 -0.6776498 0.7672043 -0.3653307 -0.5271917 -0.4651646 -0.3989352 -0.7902358 -0.5842922 -0.02612665 -0.8111227 0.7685511 0.003717005 -0.6397777 0.6494235 0.3765256 -0.6606646 0.4023289 -0.9154952 -2.623348e-14 -0.7121457 0.2997373 -0.6348275 0.5215699 0.7023896 -0.4843693 -0.8144668 0.4913421 -0.3085884 0.4192489 0.893994 -0.1581301 -0.863839 0.4973464 0.08017916 0.3698766 0.8999987 0.2306374 -0.8470326 0.3161424 0.4273052 0.3866832 0.7187945 0.5777634 -0.7685511 -0.003717 0.6397776 0.4651646 0.3989352 0.7902357 -0.6494236 -0.3765255 0.6606645 0.5842921 0.02612656 0.8111228 -0.5215699 -0.7023896 0.4843694 0.7121458 -0.2997374 0.6348275 -0.4192486 -0.8939941 0.1581302 0.814467 -0.4913418 0.3085883 -0.3698768 -0.8999986 -0.2306374 0.8638389 -0.4973466 -0.08017917 -0.386683 -0.7187945 -0.5777635 0.8470326 -0.3161424 -0.4273052 -0.3170919 -0.6046293 -0.7306683 -0.4935503 -0.2682708 -0.8273082 0.8138419 0.03190121 -0.58021 0.637384 0.36826 -0.6768503 0.5738754 -0.8189426 -3.028287e-14 -0.689278 0.05469201 -0.7224297 0.4416561 0.6912227 -0.5719713 -0.851831 0.2777211 -0.4441339 0.279103 0.9142516 -0.2936758 -0.937653 0.3410559 -0.06699047 0.1932812 0.9775866 0.08346761 -0.9237481 0.2277262 0.3079452 0.2071859 0.864257 0.4584036 -0.8138419 -0.03190118 0.5802101 0.3170921 0.6046293 0.7306682 -0.637384 -0.36826 0.6768502 0.4935502 0.2682708 0.8273083 -0.4416561 -0.6912226 0.5719713 0.689278 -0.05469199 0.7224296 -0.279103 -0.9142516 0.2936758 0.851831 -0.277721 0.4441339 -0.1932811 -0.9775866 -0.08346766 0.937653 -0.3410559 0.06699048 -0.2071862 -0.864257 -0.4584035 0.9237481 -0.2277262 -0.3079453 -0.1204282 -0.7540333 -0.6457018 -0.3358122 -0.4733533 -0.8143505 0.8638999 0.09170996 -0.4952436 0.6485159 0.3723897 -0.6638923 0.723184 -0.6906554 -7.454938e-15 -0.5930906 -0.179147 -0.7849522 0.3912374 0.6665962 -0.6344941 -0.8233257 0.0497539 -0.5653843 0.1610024 0.8954969 -0.4149259 -0.9648265 0.1520147 -0.2144795 0.01950168 0.997758 -0.06402131 -0.9796776 0.1002355 0.1737372 0.004650251 0.9459787 0.3241954 -0.8638999 -0.09170972 0.4952437 0.1204284 0.7540334 0.6457017 -0.6485158 -0.3723897 0.6638924 0.335812 0.4733533 0.8143506 -0.3912376 -0.6665963 0.6344939 0.5930906 0.1791469 0.7849522 -0.1610023 -0.8954969 0.4149261 0.8233258 -0.04975366 0.5653841 -0.01950179 -0.997758 0.06402126 0.9648264 -0.1520147 0.2144795 -0.004650294 -0.9459787 -0.3241954 0.9796776 -0.1002357 -0.1737373 0.1030506 -0.8362172 -0.5386292 -0.1268797 -0.6218979 -0.7727513 0.9026295 0.1859657 -0.388171 0.6726987 0.4002845 -0.6222931 0.8444689 -0.5356046 -6.805456e-15 -0.4299365 -0.3778883 -0.8199726 0.3696422 0.6442943 -0.6695144 -0.7249152 -0.1695703 -0.6676406 0.07466364 0.8526123 -0.5171824 -0.9327766 -0.05276258 -0.3565724 -0.1331982 0.96942 -0.2061143 -0.9978246 -0.05876346 0.02988149 -0.1982458 0.963419 0.1803397 -0.9026295 -0.1859656 0.3881711 -0.103051 0.8362171 0.5386293 -0.6726988 -0.4002845 0.622293 0.1268798 0.6218979 0.7727512 -0.3696422 -0.6442942 0.6695144 0.4299365 0.3778884 0.8199725 -0.07466348 -0.8526123 0.5171824 0.7249151 0.1695703 0.6676406 0.1331978 -0.9694201 0.2061142 0.9327766 0.05276258 0.3565724 0.1982462 -0.9634189 -0.1803396 0.9978246 0.05876331 -0.02988159 0.3296408 -0.8486885 -0.4135998 0.1117754 -0.7012261 -0.7041223 0.9134857 0.3103231 -0.2631415 0.6956207 0.4577858 -0.5536643 0.9330297 -0.3597993 1.339065e-14 -0.21426 -0.5211483 -0.8261338 0.3695851 0.6378633 -0.6756754 -0.5611053 -0.3567078 -0.7469407 0.02273959 0.8023037 -0.5964828 -0.8358232 -0.2519658 -0.4877631 -0.251978 0.9070461 -0.3373048 -0.9648034 -0.2349875 -0.1180473 -0.3809584 0.924024 0.03241084 -0.9134857 -0.3103232 0.2631415 -0.3296406 0.8486886 0.4135997 -0.6956207 -0.4577857 0.5536643 -0.1117756 0.7012259 0.7041225 -0.369585 -0.6378633 0.6756755 0.2142601 0.5211485 0.8261337 -0.02273978 -0.8023039 0.5964825 0.5611053 0.3567078 0.7469407 0.2519782 -0.907046 0.337305 0.8358232 0.2519657 0.4877631 0.3809584 -0.924024 -0.03241085 0.9648034 0.2349878 0.1180473 0.5369372 -0.7973841 -0.275458 0.355898 -0.707011 -0.6111236 0.8824243 0.4535443 -0.1249999 0.7013851 0.5439176 -0.4606654 0.9854352 -0.1700513 6.675559e-15 0.03320984 -0.5947875 -0.8031967 0.3786969 0.6561408 -0.6527387 -0.3446634 -0.4907836 -0.8002116 0.000823703 0.7601448 -0.6497532 -0.6764709 -0.4228676 -0.6029678 -0.3309838 0.8280609 -0.4525096 -0.8733051 -0.4092369 -0.2643169 -0.527818 0.8416914 -0.1138588 -0.8824242 -0.4535444 0.1249998 -0.5369372 0.7973841 0.2754581 -0.7013852 -0.5439175 0.4606654 -0.3558979 0.707011 0.6111236 -0.3786969 -0.6561408 0.6527388 -0.03320985 0.5947875 0.8031967 -0.0008236997 -0.7601448 0.6497532 0.3446634 0.4907836 0.8002116 0.3309838 -0.8280609 0.4525096 0.6764709 0.4228676 0.6029678 0.527818 -0.8416914 0.1138588 0.8733051 0.4092369 0.2643169 0.7067959 -0.6954527 -0.1295574 0.5816905 -0.6436385 -0.4973587 0.8005374 0.5989183 0.02090077 0.6754315 0.6507322 -0.3469004 0.9996544 0.02628655 4.518145e-17 0.288162 -0.5927755 -0.7520504 0.3819035 0.7015955 -0.6015925 -0.09513775 -0.5564908 -0.8253889 -0.001396524 0.7378799 -0.6749306 -0.4655045 -0.5445082 -0.6977222 -0.3717632 0.7498628 -0.547264 -0.7236988 -0.5600375 -0.4032593 -0.6299575 0.7343331 -0.2528011 -0.8005374 -0.5989183 -0.02090078 -0.7067959 0.6954526 0.1295573 -0.6754315 -0.6507322 0.3469004 -0.5816905 0.6436385 0.4973587 -0.3819035 -0.7015955 0.6015925 -0.288162 0.5927755 0.7520504 0.001396529 -0.7378798 0.6749306 0.09513775 0.5564908 0.8253889 0.3717632 -0.7498628 0.547264 0.4655045 0.5445082 0.6977223 0.6299575 -0.7343331 0.2528011 0.7236988 0.5600375 0.4032593 0.8275876 -0.5610333 0.01844849 0.7689371 -0.5233294 -0.3672358 0.6659508 0.7266223 0.1689067 0.6072998 0.7643262 -0.2167775 0.9751364 0.2216054 -4.512498e-15 0.5259055 -0.5179133 -0.6746771 0.3642685 0.769742 -0.5242191 0.1636132 -0.5462359 -0.8214968 0.001976169 0.7414197 -0.6710387 -0.2208639 -0.6007078 -0.7683549 -0.3825009 0.6869475 -0.6178966 -0.5245052 -0.6667342 -0.5294902 -0.6861424 0.6209214 -0.379032 -0.6659507 -0.7266224 -0.1689068 -0.8275878 0.561033 -0.01844855 -0.6073 -0.764326 0.2167776 -0.768937 0.5233295 0.3672358 -0.3642684 -0.7697421 0.524219 -0.5259054 0.5179134 0.6746771 -0.001976172 -0.7414197 0.6710387 -0.1636132 0.5462357 0.821497 0.3825008 -0.6869477 0.6178965 0.2208638 0.600708 0.7683548 0.6861425 -0.6209211 0.3790322 0.5245052 0.6667341 0.5294902 0.8954231 -0.4143738 0.1628244 0.9035479 -0.3641657 -0.2257975 0.4846714 0.8166686 0.3132826 0.4927959 0.8668772 -0.07533923 0.9128312 0.4083372 5.054675e-15 0.7245983 -0.3813077 -0.5740747 0.3138465 0.8497349 -0.4236166 0.4065233 -0.4612073 -0.7886866 -0.004228543 0.7698354 -0.6382284 0.03455111 -0.5824551 -0.8121282 -0.3762007 0.6485875 -0.66167 -0.2916487 -0.7125631 -0.6381182 -0.7024006 0.5184796 -0.4876601 -0.484671 -0.8166689 -0.3132825 -0.895423 0.414374 -0.1628244 -0.4927961 -0.8668771 0.07533933 -0.903548 0.3641656 0.2257974 -0.3138464 -0.8497349 0.4236166 -0.7245983 0.3813076 0.5740748 0.004228486 -0.7698353 0.6382286 -0.4065233 0.4612074 0.7886866 0.3762008 -0.6485877 0.6616698 -0.03455112 0.5824551 0.8121282 0.7024006 -0.5184796 0.4876601 0.2916486 0.7125632 0.6381182 0.9141821 -0.2747393 0.2979755 0.9791533 -0.1873305 -0.07852452 0.2702322 0.8519869 0.4484337 0.3352035 0.9393957 0.07193361 0.8151532 0.5792454 -1.076448e-14 0.868034 -0.2006795 -0.4541416 0.2240844 0.9260467 -0.3036836 0.6105986 -0.3112091 -0.7282295 -0.03335107 0.8155171 -0.5777712 0.2758268 -0.4893032 -0.8273463 -0.368123 0.637423 -0.676888 -0.04657973 -0.6872416 -0.724934 -0.6905294 0.4394843 -0.5744759 -0.2702322 -0.8519869 -0.4484337 -0.9141821 0.2747394 -0.2979755 -0.3352034 -0.9393957 -0.07193365 -0.9791533 0.1873305 0.0785246 -0.2240844 -0.9260467 0.3036836 -0.8680341 0.2006793 0.4541417 0.03335108 -0.8155171 0.5777712 -0.6105987 0.3112092 0.7282294 0.3681229 -0.6374229 0.6768881 -0.2758269 0.4893033 0.8273463 0.6905295 -0.4394846 0.5744757 0.04657981 0.6872416 0.724934 0.8943652 -0.1575781 0.4186647 0.9975272 -0.01398349 0.06887605 0.04217114 0.8211702 0.569123 0.1453329 0.9647647 0.2193342 0.6858874 0.7277077 -3.092669e-14 0.9475751 0.002229987 -0.3195255 0.09538101 0.9809784 -0.1690674 0.7578933 -0.113281 -0.642468 -0.09430108 0.8654673 -0.4920097 0.4793069 -0.3295659 -0.8134195 -0.3728872 0.6491823 -0.6629612 0.1864634 -0.5886716 -0.786573 -0.665731 0.3900768 -0.636115 -0.04217099 -0.8211703 -0.569123 -0.8943652 0.1575779 -0.4186648 -0.1453331 -0.9647646 -0.2193342 -0.9975272 0.01398376 -0.068876 -0.0953809 -0.9809784 0.1690674 -0.9475751 -0.002230253 0.3195255 0.0943011 -0.8654674 0.4920097 -0.7578933 0.113281 0.6424681 0.3728871 -0.6491823 0.6629612 -0.479307 0.329566 0.8134194 0.665731 -0.3900768 0.636115 -0.1864634 0.5886716 0.786573 0.8509622 -0.07238401 0.5202153 0.9677975 0.1377563 0.2106924 -0.1764535 0.7204592 0.6706734 -0.05961797 0.9305997 0.3611507 0.5300432 0.8479706 1.272423e-14 0.9629596 0.2047647 -0.1754427 -0.06445596 0.9976077 -0.02498449 0.8377454 0.1106849 -0.5347257 -0.1896702 0.9035284 -0.3842676 0.6257053 -0.1192729 -0.7708871 -0.4017103 0.6735702 -0.6204289 0.3836556 -0.4234929 -0.8206474 -0.6437599 0.3693504 -0.6701891 0.1764535 -0.7204591 -0.6706734 -0.8509621 0.07238398 -0.5202153 0.05961806 -0.9305997 -0.3611507 -0.9677975 -0.1377563 -0.2106924 0.06445599 -0.9976077 0.02498451 -0.9629596 -0.2047647 0.1754427 0.1896702 -0.9035284 0.3842676 -0.8377453 -0.110685 0.5347257 0.4017104 -0.6735702 0.6204288 -0.6257053 0.1192729 0.7708871 0.6437599 -0.3693503 0.6701891 -0.3836556 0.423493 0.8206474 0.800689 -0.02156886 0.5986918 0.9045808 0.2552639 0.3414293 -0.3621352 0.5546463 0.7491499 -0.2582428 0.831479 0.4918876 0.3536591 0.9353744 -8.059242e-15 0.9218798 0.3865005 -0.02747663 -0.2409443 0.9627156 0.1229816 0.8479506 0.3369767 -0.4091777 -0.3148731 0.9131917 -0.2587196 0.7026027 0.1199619 -0.7013976 -0.4602211 0.6961769 -0.5509394 0.5247818 -0.2063948 -0.8258361 -0.6380421 0.3698203 -0.6753778 0.3621351 -0.5546463 -0.74915 -0.8006889 0.02156875 -0.5986919 0.2582429 -0.831479 -0.4918875 -0.9045808 -0.2552639 -0.3414293 0.2409443 -0.9627156 -0.1229815 -0.9218797 -0.3865007 0.02747656 0.3148729 -0.9131918 0.2587196 -0.8479508 -0.3369765 0.4091776 0.4602214 -0.6961769 0.5509391 -0.7026027 -0.119962 0.7013976 0.6380419 -0.3698202 0.6753781 -0.5247818 0.2063947 0.8258361 0.7590319 -0.0005031952 0.6510532 0.82535 0.3329304 0.4560206 -0.4941405 0.3367551 0.8015118 -0.4278217 0.6701883 0.6064785 0.1635712 0.9865315 -5.647681e-18 0.8384103 0.5319709 0.1186391 -0.4147619 0.8692291 0.2690973 0.794712 0.5432866 -0.2706889 -0.4584599 0.8805448 -0.1202307 0.7059647 0.3638449 -0.6076435 -0.5472074 0.7011031 -0.4571854 0.5959478 0.04172742 -0.8019383 -0.6572241 0.3789855 -0.6514802 0.4941404 -0.3367551 -0.8015119 -0.7590316 0.0005030231 -0.6510536 0.4278218 -0.6701883 -0.6064785 -0.8253502 -0.3329301 -0.4560203 0.4147619 -0.8692291 -0.2690973 -0.8384102 -0.531971 -0.1186391 0.4584599 -0.8805448 0.1202308 -0.794712 -0.5432866 0.2706889 0.5472076 -0.7011031 0.4571852 -0.7059646 -0.363845 0.6076437 0.6572238 -0.3789855 0.6514805 -0.5959479 -0.04172737 0.8019383 0.7375686 0.001289585 0.675271 0.7474511 0.3725439 0.5500254 -0.5573908 0.0865219 0.8257297 -0.5475076 0.4577759 0.7004832 -0.03285597 0.9994601 -2.417208e-15 0.7305475 0.6325558 0.2572422 -0.5644116 0.7177881 0.4077005 0.6913852 0.7116564 -0.1246259 -0.6035735 0.7968888 0.02583227 0.6404586 0.5886502 -0.4932583 -0.6545005 0.6738823 -0.3428 0.5914133 0.2964966 -0.7498801 -0.7035456 0.3817289 -0.5994219 0.5573908 -0.08652191 -0.8257297 -0.7375681 -0.001289651 -0.6752715 0.5475075 -0.4577759 -0.7004832 -0.7474515 -0.3725436 -0.550025 0.5644116 -0.7177882 -0.4077005 -0.7305472 -0.632556 -0.2572424 0.6035739 -0.7968885 -0.02583233 -0.6913854 -0.7116563 0.1246259 0.6545002 -0.6738824 0.3428002 -0.6404586 -0.5886502 0.4932583 0.7035454 -0.3817289 0.5994221 -0.5914133 -0.2964966 0.74988 0.7419907 -0.002005858 0.6704071 0.6852398 0.3824836 0.6198006 -0.5445742 -0.1721022 0.8208652 -0.6013259 0.2123872 0.7702589 -0.2280096 0.9736589 -5.246695e-15 0.6172457 0.6872757 0.3829621 -0.6693196 0.5171791 0.5334201 0.5562286 0.8307012 0.02335123 -0.7303367 0.6606047 0.1738095 0.5185377 0.7743295 -0.362674 -0.7680278 0.6042332 -0.2122158 0.5142718 0.5332657 -0.6716787 -0.7722936 0.3631692 -0.5212204 0.5445743 0.1721022 -0.8208652 -0.7419909 0.002005841 -0.670407 0.6013259 -0.2123872 -0.7702589 -0.6852394 -0.3824837 -0.6198009 0.6693196 -0.5171791 -0.5334202 -0.6172459 -0.6872755 -0.3829619 0.7303367 -0.6606047 -0.1738094 -0.5562287 -0.8307011 -0.02335122 0.7680278 -0.6042332 0.2122159 -0.5185375 -0.7743297 0.362674 0.7722937 -0.3631692 0.5212204 -0.5142719 -0.5332657 0.6716786 0.7711392 0.004765764 0.6366487 0.6477825 0.375874 0.6626436 -0.4571772 -0.4140679 0.7871066 -0.580534 -0.04295979 0.8131019 -0.4143278 0.9101277 -2.012834e-14 0.515416 0.7023799 0.4909264 -0.7129006 0.2835462 0.6413846 0.4095071 0.896797 0.1675084 -0.8188093 0.4779631 0.3179665 0.3584349 0.9070309 -0.2209511 -0.8698817 0.4881973 -0.07049291 0.3758832 0.7303398 -0.5703644 -0.8524335 0.3115059 -0.4199062 0.457177 0.4140678 -0.7871067 -0.7711393 -0.004765836 -0.6366486 0.5805342 0.04295996 -0.8131018 -0.6477825 -0.375874 -0.6626436 0.7129005 -0.2835462 -0.6413847 -0.5154159 -0.70238 -0.4909265 0.8188091 -0.4779633 -0.3179665 -0.4095072 -0.896797 -0.1675084 0.8698818 -0.4881971 0.07049286 -0.3584348 -0.9070309 0.2209512 0.8524336 -0.3115059 0.4199061 -0.375883 -0.7303399 0.5703645 0.8171972 0.03483674 0.5753043 0.6374879 0.3680005 0.6768935 -0.3052721 -0.6165042 0.7257627 -0.4849818 -0.2833407 0.8273516 -0.5845905 0.8113285 1.924729e-14 0.4373464 0.6898219 0.5769522 -0.6851232 0.03848069 0.7274101 0.2704011 0.9140693 0.3022591 -0.8520684 0.2627285 0.4527175 0.1813842 0.9806557 -0.07358125 -0.9410855 0.3293144 0.07687684 0.1941478 0.8717394 -0.4498634 -0.9283216 0.2203985 -0.2994053 0.3052725 0.6165044 -0.7257624 -0.8171973 -0.03483696 -0.5753042 0.4849816 0.2833405 -0.8273518 -0.6374878 -0.3680004 -0.6768937 0.685123 -0.03848089 -0.7274103 -0.4373466 -0.6898219 -0.576952 0.8520687 -0.262728 -0.4527174 -0.2704011 -0.9140693 -0.3022592 0.9410854 -0.3293149 -0.07687679 -0.181384 -0.9806557 0.0735813 0.9283217 -0.2203981 0.2994052 -0.1941481 -0.8717393 0.4498634 0.8670214 0.09693082 0.4887517 0.6498633 0.3734122 0.6619977 -0.1061048 -0.7616776 0.6392097 -0.3232631 -0.4851965 0.8124564 -0.7321998 0.6810899 -1.459926e-14 0.3889483 0.664869 0.6377056 -0.5841777 -0.1937393 0.7881634 0.15419 0.8932071 0.422382 -0.8189364 0.03459855 0.5728404 0.00848999 0.9972425 0.07372462 -0.964636 0.1386341 0.2241827 -0.009110057 0.9490994 -0.3148451 -0.9822364 0.09049077 -0.1643868 0.1061048 0.7616775 -0.6392098 -0.8670215 -0.09693095 -0.4887516 0.323263 0.4851965 -0.8124564 -0.649863 -0.3734118 -0.6619982 0.5841777 0.1937394 -0.7881634 -0.3889486 -0.6648693 -0.6377051 0.8189364 -0.03459868 -0.5728404 -0.1541897 -0.893207 -0.4223822 0.9646361 -0.138634 -0.2241827 -0.008490245 -0.9972425 -0.07372461 0.9822364 -0.09049094 0.1643869 0.009110246 -0.9490994 0.3148451 0.9043955 0.1934088 0.3803443 0.6744399 0.4031698 0.6185345 0.1183219 -0.8391953 0.5308023 -0.1116338 -0.6294346 0.7689928 -0.8514359 0.5244586 -4.704519e-15 0.3690823 0.643244 0.6708319 -0.4169911 -0.38936 0.82129 0.07014367 0.8493046 0.5232223 -0.7159301 -0.1832997 0.6736804 -0.142276 0.9661374 0.2152583 -0.9283499 -0.06646678 0.3657166 -0.2112596 0.962437 -0.1705414 -0.9973331 -0.07016702 -0.02008332 -0.1183219 0.8391953 -0.5308025 -0.9043956 -0.1934091 -0.3803441 0.1116339 0.6294346 -0.7689928 -0.6744399 -0.4031696 -0.6185346 0.4169911 0.38936 -0.82129 -0.3690824 -0.6432441 -0.6708318 0.7159301 0.1832996 -0.6736805 -0.07014372 -0.8493046 -0.5232223 0.9283499 0.06646679 -0.3657166 0.1422764 -0.9661373 -0.2152585 0.9973331 0.07016722 0.02008316 0.2112593 -0.9624371 0.1705415 0.9128502 0.3194444 0.254283 0.6967135 0.4626888 0.5481874 0.3442902 -0.8471415 0.4047414 0.1281532 -0.7038971 0.6986456 -0.9376785 0.3475041 -5.704158e-16 0.3700654 0.638249 0.675048 -0.1984946 -0.5283367 0.825506 0.0204315 0.799084 0.6008721 -0.5481288 -0.3675018 0.7513303 -0.2585047 0.9020978 0.3455357 -0.8270648 -0.2644882 0.4959938 -0.3920018 0.9196882 -0.02254448 -0.9605621 -0.2468977 0.1279139 -0.3442901 0.8471416 -0.4047413 -0.9128502 -0.3194441 -0.2542831 -0.1281534 0.7038969 -0.6986457 -0.6967134 -0.4626888 -0.5481875 0.1984947 0.5283368 -0.825506 -0.3700655 -0.6382492 -0.6750477 0.5481288 0.3675018 -0.7513303 -0.02043139 -0.7990839 -0.6008722 0.8270648 0.2644881 -0.4959938 0.2585047 -0.9020978 -0.3455357 0.9605621 0.2468976 -0.1279138 0.3920018 -0.9196882 0.02254439 0.8786078 0.4633777 0.1154532 0.7007849 0.5505206 0.4536823 0.5495933 -0.7919838 0.2659113 0.3717702 -0.7048412 0.6041405 -0.9875853 0.1570834 1.982336e-15 0.3792669 0.6583379 0.6501906 0.05025229 -0.5970233 0.8006484 0.0002043858 0.7579418 0.6523222 -0.3288104 -0.49742 0.8027808 -0.3348339 0.8226411 0.4595083 -0.6638482 -0.4327203 0.6099661 -0.5360733 0.8351019 0.123411 -0.865088 -0.4202598 0.2738694 -0.5495931 0.791984 -0.2659112 -0.8786079 -0.4633775 -0.1154532 -0.3717705 0.7048409 -0.6041407 -0.7007848 -0.5505207 -0.4536822 -0.05025221 0.5970234 -0.8006484 -0.3792669 -0.658338 -0.6501905 0.3288104 0.4974202 -0.8027807 -0.0002043067 -0.7579416 -0.6523224 0.6638482 0.4327201 -0.6099663 0.3348337 -0.8226413 -0.4595081 0.865088 0.4202598 -0.2738694 0.5360734 -0.8351018 -0.123411 0.7931806 0.6082088 -0.03076596 0.6722855 0.6582757 0.3386817 0.7164613 -0.6872823 0.1196924 0.5955658 -0.6372156 0.4891398 -0.9992226 -0.03942388 2.372026e-16 0.3815303 0.7055212 0.5972222 0.3048109 -0.5899697 0.7476804 -0.001177153 0.7372856 0.6755801 -0.07789659 -0.5582054 0.826038 -0.3732905 0.7450585 0.5527586 -0.4500102 -0.5504328 0.7032173 -0.6351029 0.7267555 0.2616692 -0.7118222 -0.5687357 0.4121273 -0.7164612 0.6872824 -0.1196923 -0.7931807 -0.6082087 0.03076583 -0.5955658 0.6372154 -0.4891399 -0.6722855 -0.6582758 -0.3386816 -0.3048108 0.5899698 -0.7476804 -0.3815303 -0.7055212 -0.5972222 0.07789659 0.5582054 -0.826038 0.001177116 -0.7372859 -0.6755799 0.4500102 0.5504329 -0.7032172 0.3732907 -0.745058 -0.5527591 0.7118222 0.5687356 -0.4121274 0.6351028 -0.7267557 -0.261669 0.6552066 0.7340081 -0.1787078 0.601114 0.7717169 0.2076415 0.8337548 -0.5514117 -0.02824967 0.7796628 -0.5137026 0.3581 -0.9721393 -0.234404 2.067051e-15 0.362033 0.7748578 0.5181964 0.5405813 -0.5105616 0.6686544 0.002024032 0.7425905 0.6697427 0.1805726 -0.5428295 0.820201 -0.3824479 0.6835596 0.621675 -0.2038994 -0.6018601 0.7721331 -0.6883643 0.6135835 0.386872 -0.5098159 -0.6718361 0.5373304 -0.833755 0.5514114 0.02824972 -0.6552065 -0.7340081 0.1787078 -0.7796626 0.513703 -0.3580999 -0.6011139 -0.771717 -0.2076415 -0.5405813 0.5105616 -0.6686544 -0.362033 -0.7748577 -0.5181965 -0.1805726 0.5428294 -0.820201 -0.002024038 -0.7425905 -0.6697427 0.2038995 0.6018598 -0.7721333 0.382448 -0.6835596 -0.621675 0.5098156 0.6718365 -0.5373302 0.6883643 -0.6135834 -0.3868721 0.4712184 0.8208877 -0.32264 0.4835498 0.8728522 0.06564016 0.8981159 -0.4046494 -0.1721818 0.9104476 -0.352685 0.2160985 -0.9073851 -0.4203003 -2.164756e-14 0.3091211 0.8551275 0.4161744 0.7360188 -0.37041 0.5666328 -0.005329446 0.7724624 0.6350381 0.421568 -0.4530744 0.7854961 -0.3755459 0.6470083 0.6635854 0.05135175 -0.5785292 0.8140436 -0.7023283 0.5123792 0.4941685 -0.2754305 -0.7131583 0.6446265 -0.898116 0.4046494 0.1721818 -0.4712185 -0.8208876 0.3226401 -0.9104475 0.3526851 -0.2160984 -0.4835498 -0.8728522 -0.06564025 -0.7360189 0.3704098 -0.5666328 -0.3091213 -0.8551273 -0.4161747 -0.421568 0.4530746 -0.7854959 0.005329692 -0.7724627 -0.6350378 -0.05135175 0.5785291 -0.8140436 0.3755459 -0.6470083 -0.6635854 0.2754307 0.713158 -0.6446267 0.7023284 -0.5123792 -0.4941684 0.2552096 0.8520757 -0.4569848 0.3233897 0.9427219 -0.08181997 0.9139137 -0.2660887 -0.3065266 0.982094 -0.1754427 0.06863816 -0.807469 -0.58991 7.421054e-15 0.2166684 0.9305721 0.2951108 0.8753727 -0.1875925 0.4455689 -0.0363586 0.8188818 0.5728094 0.6223456 -0.2992825 0.7232676 -0.3678932 0.6375787 0.6768664 0.2908111 -0.4805859 0.8273246 -0.6891005 0.4352424 0.5794002 -0.03039632 -0.6829223 0.7298584 -0.9139137 0.2660888 0.3065266 -0.2552094 -0.8520758 0.4569847 -0.982094 0.1754426 -0.06863826 -0.3233897 -0.9427219 0.08182006 -0.8753727 0.1875926 -0.4455689 -0.2166688 -0.9305719 -0.295111 -0.6223456 0.2992825 -0.7232675 0.03635902 -0.8188822 -0.5728089 -0.290811 0.4805858 -0.8273247 0.3678929 -0.6375784 -0.6768668 0.03039607 0.6829224 -0.7298582 0.6891006 -0.4352424 -0.5794001 0.02703751 0.8166241 -0.5765362 0.1319187 0.9644403 -0.2290248 0.8920231 -0.150838 -0.4260782 0.9969043 -0.003021929 -0.07856666 -0.6762629 -0.7366604 3.011908e-14 0.08556611 0.9834509 0.1596961 0.9505518 0.01598861 0.3101542 -0.09959961 0.8685618 0.4854691 0.7653858 -0.09890031 0.6359271 -0.3739644 0.650558 0.661003 0.4910213 -0.3169042 0.8114615 -0.6640113 0.3878528 0.6392646 0.2009744 -0.5796096 0.7897228 -0.8920232 0.150838 0.4260781 -0.02703736 -0.8166242 0.5765362 -0.9969043 0.003021929 0.07856666 -0.1319189 -0.9644403 0.2290248 -0.9505518 -0.01598862 -0.3101542 -0.0855661 -0.9834509 -0.1596961 -0.7653858 0.09890033 -0.6359271 0.09959988 -0.8685619 -0.4854689 -0.4910214 0.3169043 -0.8114615 0.373964 -0.6505577 -0.6610035 -0.2009743 0.5796094 -0.7897229 0.6640114 -0.387853 -0.6392644 -0.1901079 0.7113281 -0.6766619 -0.07330794 0.926027 -0.37027 0.84764 -0.06794169 -0.5262037 0.9644404 0.1467568 -0.2198116 -0.5188512 -0.8548645 -4.568974e-15 -0.07589675 0.9970002 0.01517782 0.9618515 0.2177301 0.165636 -0.1971808 0.9052302 0.3764013 0.8405672 0.1259604 0.5268594 -0.4046629 0.6753071 0.6166103 0.6330857 -0.1039632 0.7670685 -0.6427472 0.3688382 0.6714421 0.3950008 -0.4104318 0.8219003 -0.8476401 0.06794197 0.5262035 0.1901082 -0.7113282 0.6766617 -0.9644403 -0.146757 0.2198118 0.07330788 -0.9260271 0.3702699 -0.9618515 -0.2177301 -0.165636 0.07589672 -0.9970002 -0.01517772 -0.8405673 -0.1259601 -0.5268592 0.1971811 -0.9052303 -0.3764011 -0.6330854 0.1039628 -0.7670688 0.4046624 -0.6753069 -0.6166108 -0.3950013 0.410432 -0.8218999 0.6427474 -0.3688384 -0.6714418 -0.3728079 0.5415533 -0.7534815 -0.2706998 0.8225811 -0.500082 0.7974895 -0.01932725 -0.6030232 0.8995978 0.2617001 -0.3496238 -0.3413337 -0.9399422 1.186013e-15 -0.2528477 0.9583426 -0.1328437 0.9174495 0.3974621 0.01761437 -0.3240359 0.9124607 0.2498324 0.8462618 0.3515799 0.4002905 -0.4651882 0.6972296 0.5454089 0.7051087 0.136349 0.6958668 -0.6384851 0.3703203 0.6746848 0.5318127 -0.1905607 0.8251435 -0.7974892 0.01932708 0.6030236 0.372808 -0.5415534 0.7534813 -0.8995978 -0.2617002 0.3496238 0.2706996 -0.8225811 0.5000821 -0.9174496 -0.397462 -0.01761443 0.2528478 -0.9583426 0.1328437 -0.8462619 -0.3515797 -0.4002905 0.3240357 -0.9124607 -0.2498324 -0.7051086 -0.1363491 -0.6958669 0.4651885 -0.6972296 -0.5454085 -0.5318128 0.1905607 -0.8251435 0.6384847 -0.37032 -0.6746854 -0.5006222 0.3208303 -0.8040182 -0.4375618 0.6574513 -0.6134309 0.7568746 7.340286e-05 -0.6535601 0.8199349 0.3366943 -0.4629727 -0.1505896 -0.9885964 -2.388969e-15 -0.4257301 0.860882 -0.2786327 0.8317669 0.5401251 -0.1281745 -0.4682963 0.8766135 0.1106674 0.7892001 0.5558567 0.2611255 -0.5538565 0.7004301 0.4501562 0.7036407 0.3796733 0.6006147 -0.659483 0.3795406 0.6488692 0.5980138 0.05878368 0.7993272 -0.7568744 -7.347873e-05 0.6535603 0.5006222 -0.3208303 0.8040183 -0.8199349 -0.3366944 0.4629726 0.4375618 -0.6574512 0.6134309 -0.831767 -0.540125 0.1281744 0.42573 -0.8608819 0.2786327 -0.7892001 -0.5558567 -0.2611255 0.4682966 -0.8766134 -0.1106673 -0.7036406 -0.3796733 -0.6006147 0.5538559 -0.7004303 -0.4501566 -0.5980138 -0.05878371 -0.7993272 0.6594832 -0.3795406 -0.6488689 -0.5589342 0.06926283 -0.8263143 -0.553284 0.4422081 -0.705924 0.737033 0.00105938 -0.6758559 0.7426833 0.3740046 -0.5554657 0.04599026 -0.9989419 -6.55131e-16 -0.5730088 0.7058014 -0.4165395 0.7229585 0.6375983 -0.2660816 -0.6128227 0.7894136 -0.03570147 0.6831449 0.72121 0.1147569 -0.6620577 0.6706406 0.3345456 0.6339096 0.6024369 0.4850036 -0.7075225 0.3813071 0.5949931 0.5884451 0.3131038 0.7454517 -0.7370328 -0.001059333 0.6758562 0.5589344 -0.06926287 0.8263141 -0.742683 -0.3740047 0.555466 0.5532843 -0.442208 0.7059239 -0.722959 -0.6375979 0.2660812 0.5730084 -0.7058017 0.4165397 -0.6831448 -0.7212102 -0.1147568 0.6128227 -0.7894135 0.03570137 -0.6339092 -0.6024371 -0.4850037 0.6620581 -0.6706404 -0.3345453 -0.5884457 -0.3131036 -0.7454514 0.707522 -0.3813073 -0.5949936 -0.5410008 -0.1890233 -0.8195049 -0.6023103 0.1954012 -0.7739772 0.7432176 -0.002030491 -0.6690467 0.6819082 0.3823941 -0.623519 0.2407881 -0.9705777 -1.055552e-14 -0.6742838 0.5024159 -0.5412205 0.6099346 0.6894088 -0.3907624 -0.737636 0.6497565 -0.1836018 0.5465824 0.8367492 -0.03314365 -0.7753922 0.5979427 0.2030552 0.5088264 0.7849356 0.3535134 -0.7774349 0.3608588 0.5151464 0.5067833 0.5478516 0.6656045 -0.7432177 0.002030417 0.6690466 0.5410008 0.1890233 0.8195049 -0.6819082 -0.3823941 0.623519 0.6023101 -0.1954014 0.7739773 -0.6099346 -0.6894088 0.3907624 0.6742839 -0.5024158 0.5412205 -0.5465825 -0.8367491 0.03314363 0.737636 -0.6497565 0.1836018 -0.5088263 -0.7849357 -0.3535134 0.7753922 -0.5979427 -0.2030553 -0.5067832 -0.5478516 -0.6656045 0.777435 -0.3608587 -0.5151464 -0.4489002 -0.429023 -0.7838545 -0.5764403 -0.05972592 -0.8149536 0.773805 0.005920201 -0.6333963 0.6462646 0.375217 -0.6644954 0.426255 -0.904603 1.365609e-14 -0.7133355 0.267303 -0.6478439 0.50937 0.7022462 -0.4973857 -0.8229038 0.4644375 -0.3273027 0.3998011 0.8993804 -0.1768446 -0.8757876 0.4788546 0.06078151 0.3469175 0.9137976 0.2112396 -0.8578161 0.3066917 0.4124217 0.3648891 0.7416349 0.5628798 -0.7738048 -0.005920013 0.6333965 0.4489 0.4290229 0.7838547 -0.6462649 -0.3752171 0.6644951 0.5764405 0.0597261 0.8149535 -0.5093696 -0.7022462 0.497386 0.7133352 -0.2673032 0.647844 -0.3998012 -0.8993804 0.1768444 0.822904 -0.4644371 0.3273028 -0.3469175 -0.9137976 -0.2112396 0.8757876 -0.4788546 -0.06078147 -0.3648888 -0.7416349 -0.56288 0.857816 -0.306692 -0.4124219 -0.2932407 -0.628122 -0.7207445 -0.4761162 -0.2982375 -0.8272652 0.8205705 0.03791689 -0.5702862 0.6376949 0.3678013 -0.6768068 0.5952043 -0.8035744 -6.912761e-15 -0.6806396 0.02232688 -0.7322781 0.4331717 0.6883659 -0.5818202 -0.8520082 0.2476767 -0.4612356 0.261803 0.9137158 -0.3107774 -0.9443042 0.31743 -0.08676279 0.1695068 0.9834685 0.06369531 -0.9327974 0.2128947 0.2908002 0.1810139 0.878934 0.4412585 -0.8205704 -0.03791676 0.5702864 0.2932406 0.628122 0.7207445 -0.6376947 -0.3678013 0.676807 0.4761165 0.2982377 0.827265 -0.4331718 -0.688366 0.58182 0.6806394 -0.02232715 0.7322783 -0.2618032 -0.9137158 0.3107773 0.8520081 -0.2476769 0.4612356 -0.1695066 -0.9834686 -0.06369526 0.9443044 -0.3174294 0.08676285 -0.181014 -0.878934 -0.4412585 0.9327973 -0.2128952 -0.2908004 -0.09166867 -0.769018 -0.6326201 -0.3104903 -0.496781 -0.8104347 0.8700878 0.1023073 -0.4821622 0.6512661 0.3745444 -0.6599766 0.741089 -0.6714068 1.778455e-14 -0.5749673 -0.2081675 -0.7912514 0.3867891 0.663158 -0.640793 -0.8142334 0.01948881 -0.5802105 0.1475227 0.8908141 -0.4297525 -0.9641771 0.1251876 -0.2338603 -0.002420602 0.996513 -0.08340196 -0.9846213 0.08060702 0.154995 -0.02286515 0.9519325 0.3054534 -0.8700879 -0.1023074 0.4821621 0.09166865 0.7690179 0.6326202 -0.651266 -0.3745443 0.6599766 0.3104904 0.4967811 0.8104346 -0.386789 -0.6631579 0.6407932 0.5749672 0.2081673 0.7912516 -0.147523 -0.8908142 0.4297522 0.8142333 -0.01948865 0.5802105 0.002420742 -0.996513 0.08340211 0.9641771 -0.1251878 0.2338602 0.02286515 -0.9519325 -0.3054534 0.9846213 -0.08060676 -0.1549949 0.1335995 -0.8418611 -0.5228968 -0.09626158 -0.6366578 -0.7651147 0.906032 0.2009859 -0.3724388 0.6761713 0.4061898 -0.6146562 0.8582561 -0.5132216 6.568254e-15 -0.4038157 -0.400578 -0.8224781 0.3686172 0.6422697 -0.6720201 -0.7066538 -0.1968779 -0.6796171 0.06577883 0.8459692 -0.5291589 -0.9236312 -0.08014035 -0.3748105 -0.1511983 0.9627072 -0.2243524 -0.9966087 -0.08164386 0.01026855 -0.2241759 0.9612035 0.1607267 -0.906032 -0.2009863 0.3724386 -0.1335991 0.8418612 0.5228967 -0.6761711 -0.4061894 0.6146566 0.09626162 0.6366579 0.7651146 -0.3686173 -0.6422698 0.6720199 0.4038156 0.4005777 0.8224782 -0.06577876 -0.8459693 0.5291589 0.7066538 0.196878 0.6796171 0.1511983 -0.9627072 0.2243523 0.9236312 0.08014039 0.3748106 0.2241757 -0.9612035 -0.1607268 0.9966087 0.08164407 -0.01026843 0.3588461 -0.8453114 -0.3958259 0.1445477 -0.7062381 -0.6930611 0.912023 0.3286466 -0.2453679 0.6977248 0.4677206 -0.5426026 0.9421651 -0.335149 -1.609589e-15 -0.1825937 -0.5352096 -0.8247486 0.3705835 0.6387489 -0.6742906 -0.5349207 -0.3780524 -0.7556032 0.01825612 0.7959059 -0.6051451 -0.8180281 -0.2768771 -0.5041519 -0.2648507 0.8970813 -0.3536936 -0.956057 -0.2587937 -0.1377711 -0.4028801 0.9151648 0.01268695 -0.912023 -0.3286469 0.2453678 -0.3588461 0.8453114 0.3958259 -0.6977247 -0.4677202 0.542603 -0.1445478 0.7062381 0.6930611 -0.3705835 -0.6387492 0.6742903 0.1825937 0.5352096 0.8247486 -0.01825624 -0.7959059 0.605145 0.5349207 0.3780524 0.7556032 0.264851 -0.8970812 0.3536938 0.8180281 0.2768771 0.5041519 0.4028799 -0.9151649 -0.01268701 0.956057 0.2587937 0.1377711 0.5620761 -0.7863616 -0.2563316 0.3875531 -0.7023637 -0.5970661 0.8745612 0.4732161 -0.1058735 0.7000384 0.5572141 -0.446608 0.9895648 -0.1440888 5.760635e-16 0.06732071 -0.598919 -0.7979749 0.379806 0.6606588 -0.6475164 -0.3128155 -0.5037466 -0.8052241 -0.0003302612 0.7558313 -0.6547664 -0.6509979 -0.4423463 -0.6168723 -0.3385127 0.8172314 -0.4664139 -0.8566112 -0.4311716 -0.2833873 -0.5441258 0.8284063 -0.1329291 -0.8745612 -0.4732161 0.1058735 -0.5620761 0.7863616 0.2563316 -0.7000384 -0.5572141 0.446608 -0.3875532 0.7023636 0.5970661 -0.3798059 -0.6606585 0.6475167 -0.06732061 0.5989193 0.7979747 0.0003300566 -0.7558317 0.6547658 0.3128154 0.5037461 0.8052244 0.3385127 -0.8172313 0.4664141 0.6509979 0.4423467 0.6168721 0.5441259 -0.8284062 0.1329292 0.8566112 0.4311715 0.2833873 0.7259031 -0.6789731 -0.1098196 0.6092627 -0.6305416 -0.4808496 0.7855874 0.6174147 0.04063872 0.6689474 0.6658459 -0.3303916 0.998618 0.0525548 -6.664264e-16 0.3213748 -0.5868396 -0.7431941 0.3810592 0.7095481 -0.5927356 -0.0606215 -0.5595782 -0.8265575 -0.0009369936 0.7368098 -0.6760995 -0.4343705 -0.5560606 -0.7086034 -0.3746861 0.740327 -0.5581454 -0.6997266 -0.57723 -0.4209373 -0.640042 0.7191574 -0.2704789 -0.7855875 -0.6174146 -0.04063859 -0.7259031 0.6789731 0.1098195 -0.6689471 -0.6658463 0.3303914 -0.6092627 0.6305415 0.4808496 -0.3810594 -0.7095476 0.592736 -0.3213748 0.5868398 0.743194 0.0009370369 -0.73681 0.6760992 0.06062145 0.5595777 0.8265578 0.3746861 -0.7403269 0.5581455 0.4343705 0.5560607 0.7086034 0.6400419 -0.7191575 0.2704788 0.6997265 0.5772302 0.4209372 0.8396841 -0.5417417 0.03803289 0.7901484 -0.5039086 -0.3489151 0.644255 0.7412197 0.1884912 0.5947191 0.7790533 -0.1984567 0.9689743 0.2471616 -1.283718e-14 0.5550757 -0.5029377 -0.662529 0.3596466 0.7800242 -0.5120709 0.1974534 -0.5390888 -0.8187768 0.002024493 0.7438723 -0.6683187 -0.1868936 -0.6026767 -0.7757909 -0.3823228 0.6802855 -0.6253326 -0.4949805 -0.6766613 -0.5450906 -0.6904096 0.6063 -0.3946326 -0.6442548 -0.7412198 -0.1884912 -0.8396839 0.5417421 -0.0380328 -0.5947193 -0.7790532 0.1984568 -0.7901484 0.5039084 0.3489151 -0.3596468 -0.7800239 0.5120712 -0.5550757 0.5029377 0.662529 -0.002024297 -0.7438729 0.6683181 -0.1974535 0.5390889 0.8187767 0.3823228 -0.680285 0.6253332 0.1868937 0.6026767 0.7757909 0.6904094 -0.6063005 0.3946323 0.4949804 0.6766613 0.5450907 0.9005905 -0.394963 0.1814963 0.9170811 -0.3411327 -0.2063751 0.4576209 0.8248571 0.3319547 0.4741114 0.8786875 -0.05591671 0.901782 0.4321913 2.608664e-14 0.7471873 -0.3593209 -0.559106 0.3042176 0.8604991 -0.4086477 0.4364319 -0.4446546 -0.7821825 -0.006537571 0.7751653 -0.6317246 0.06808159 -0.5742683 -0.8158314 -0.374888 0.6455519 -0.6653733 -0.2591644 -0.7134319 -0.6510367 -0.702134 0.5063884 -0.5005782 -0.4576208 -0.8248572 -0.3319546 -0.9005906 0.3949628 -0.1814965 -0.4741115 -0.8786874 0.05591683 -0.9170812 0.3411326 0.206375 -0.3042177 -0.860499 0.4086479 -0.7471873 0.3593211 0.5591059 0.006537779 -0.7751655 0.6317243 -0.436432 0.4446547 0.7821824 0.3748881 -0.6455521 0.6653731 -0.06808153 0.5742679 0.8158316 0.7021341 -0.5063879 0.5005786 0.2591642 0.7134321 0.6510365 0.9134762 -0.2575439 0.3150118 0.9847794 -0.1635775 -0.05875302 0.2401315 0.8518654 0.4654699 0.3114345 0.9458323 0.09170528 0.7996452 0.6004728 2.309902e-15 0.882423 -0.1744131 -0.4369322 0.209078 0.9349968 -0.2864741 0.6338331 -0.2871472 -0.7181936 -0.03951178 0.8222623 -0.5677354 0.3056192 -0.4715735 -0.8271731 -0.3677255 0.637836 -0.6767149 -0.01427369 -0.678275 -0.7346695 -0.6876188 0.4311352 -0.5842113 -0.2401315 -0.8518654 -0.4654699 -0.9134762 0.2575439 -0.3150118 -0.3114345 -0.9458323 -0.09170519 -0.9847794 0.1635774 0.05875293 -0.2090779 -0.9349968 0.2864741 -0.882423 0.174413 0.4369323 0.03951175 -0.8222623 0.5677355 -0.6338331 0.2871473 0.7181936 0.3677256 -0.637836 0.6767149 -0.3056192 0.4715734 0.8271731 0.6876188 -0.4311352 0.5842113 0.01427367 0.6782749 0.7346696 0.8895807 -0.1442447 0.4334048 0.9960692 0.007836955 0.08823067 0.01195299 0.8117643 0.5838629 0.1184418 0.963846 0.2386888 0.6665216 0.7454858 1.455972e-14 0.9532416 0.02973822 -0.3007425 0.07561399 0.985747 -0.1502841 0.7725736 -0.08441022 -0.6292893 -0.1050537 0.8715987 -0.4788314 0.5024747 -0.3040216 -0.8093763 -0.3751529 0.6519873 -0.6589179 0.2153183 -0.5702519 -0.7927489 -0.6623095 0.3857571 -0.6422909 -0.01195318 -0.8117642 -0.5838631 -0.8895807 0.1442446 -0.4334047 -0.1184418 -0.963846 -0.2386889 -0.9960692 -0.007836997 -0.08823057 -0.07561391 -0.985747 0.1502842 -0.9532417 -0.02973809 0.3007424 0.1050539 -0.8715988 0.4788312 -0.7725734 0.0844099 0.6292895 0.3751528 -0.6519872 0.6589182 -0.5024749 0.3040218 0.8093761 0.6623095 -0.3857572 0.6422908 -0.215318 0.5702517 0.7927491 0.8442929 -0.06365474 0.5320879 0.9609383 0.1556002 0.2288801 -0.2036084 0.7019074 0.6825464 -0.08696343 0.9211623 0.3793382 0.5075699 0.8616106 1.542382e-14 0.9604934 0.2305958 -0.1558138 -0.08740807 0.9961582 -0.005355448 0.8430771 0.1412382 -0.518915 -0.2048242 0.9068003 -0.3684567 0.6401513 -0.0885304 -0.7631309 -0.4077504 0.6770318 -0.6126725 0.4060897 -0.3971432 -0.823024 -0.6418118 0.3684189 -0.6725661 0.2036088 -0.7019075 -0.6825462 -0.8442929 0.06365484 -0.5320879 0.0869632 -0.9211623 -0.3793382 -0.9609384 -0.1555999 -0.2288801 0.08740816 -0.9961582 0.005355526 -0.9604933 -0.2305963 0.1558136 0.2048243 -0.9068002 0.3684567 -0.8430772 -0.141238 0.5189148 0.4077502 -0.6770318 0.6126726 -0.6401513 0.0885303 0.7631309 0.641812 -0.3684191 0.6725658 -0.4060899 0.3971433 0.8230238 0.7943337 -0.01721765 0.6072377 0.894549 0.2679565 0.357745 -0.383235 0.5282316 0.7576954 -0.2830197 0.8134059 0.5082033 0.3289493 0.9443476 1.637263e-14 0.9128346 0.4082557 -0.007762297 -0.2647343 0.9537052 0.1426959 0.8442912 0.366087 -0.3913473 -0.3332773 0.9115364 -0.2408893 0.707285 0.1527489 -0.6902287 -0.4702839 0.6981984 -0.5397703 0.5385266 -0.1745943 -0.8243215 -0.6390422 0.3708552 -0.6738631 0.3832349 -0.5282316 -0.7576954 -0.7943336 0.01721749 -0.6072378 0.2830198 -0.8134059 -0.5082033 -0.8945492 -0.2679561 -0.3577447 0.2647341 -0.9537053 -0.1426959 -0.9128344 -0.4082561 0.007762204 0.3332775 -0.9115364 0.2408892 -0.8442913 -0.3660867 0.3913472 0.4702838 -0.6981984 0.5397704 -0.707285 -0.152749 0.6902287 0.6390422 -0.3708552 0.6738631 -0.5385266 0.1745943 0.8243215 0.7548124 0.0005666339 0.6559405 0.8145314 0.3402887 0.4698321 -0.506792 0.3047668 0.8063988 -0.4470729 0.6444889 0.6202902 0.1375821 0.9904904 -5.489546e-15 0.8250204 0.5480757 0.1376748 -0.4365838 0.8522758 0.2881329 0.7834689 0.568251 -0.25153 -0.4781354 0.8724512 -0.1010717 0.7010103 0.3954089 -0.5934951 -0.5605941 0.699609 -0.4430367 0.5997397 0.07586217 -0.796591 -0.6618646 0.3800623 -0.646133 0.5067919 -0.3047668 -0.8063989 -0.7548122 -0.0005666432 -0.6559407 0.4470731 -0.6444888 -0.6202901 -0.8145315 -0.3402887 -0.469832 0.4365837 -0.8522758 -0.2881329 -0.8250205 -0.5480756 -0.1376748 0.4781355 -0.8724511 0.1010718 -0.7834689 -0.568251 0.2515299 0.5605938 -0.6996091 0.4430369 -0.7010104 -0.3954088 0.5934949 0.6618649 -0.3800623 0.6461327 -0.5997395 -0.07586222 0.7965911 0.7366159 0.0008107095 0.6763108 0.7379905 0.3753352 0.5607972 -0.5601359 0.05197353 0.8267687 -0.5587615 0.4264982 0.7112558 -0.05911692 0.9982511 -8.697429e-16 0.7153521 0.6424348 0.2748617 -0.5813998 0.6935975 0.4253197 0.6747682 0.7305395 -0.1048808 -0.6219838 0.7817025 0.0455773 0.6271122 0.6160425 -0.4766781 -0.6696399 0.6672053 -0.3262199 0.5851537 0.3296228 -0.7409075 -0.7115978 0.3807859 -0.5904496 0.5601356 -0.05197356 -0.8267689 -0.7366165 -0.0008106195 -0.6763102 0.558762 -0.4264981 -0.7112555 -0.7379902 -0.3753353 -0.5607975 0.5813996 -0.6935976 -0.4253197 -0.7153522 -0.6424346 -0.2748616 0.6219837 -0.7817026 -0.04557728 -0.6747681 -0.7305396 0.1048808 0.6696401 -0.6672052 0.3262198 -0.6271122 -0.6160425 0.476678 0.7115981 -0.3807857 0.5904493 -0.5851537 -0.3296229 0.7409075 0.7445554 -0.002005198 0.6675576 0.6786908 0.3822346 0.6271168 -0.5370942 -0.2058622 0.8180163 -0.6029585 0.1783777 0.7775747 -0.2535249 0.9673289 1.7056e-15 0.6026808 0.6913666 0.3984822 -0.6789688 0.4875098 0.5489404 0.5368911 0.8425592 0.04291733 -0.7447585 0.6387023 0.1933754 0.4989502 0.7953005 -0.3443049 -0.7826993 0.5914435 -0.1938466 0.499025 0.5622531 -0.6594282 -0.7826246 0.3583963 -0.5089704 0.5370942 0.2058622 -0.8180163 -0.7445555 0.002005197 -0.6675576 0.6029584 -0.1783777 -0.7775748 -0.6786907 -0.3822346 -0.6271169 0.6789691 -0.4875096 -0.5489403 -0.602681 -0.6913665 -0.398482 0.7447584 -0.6387025 -0.1933755 -0.5368909 -0.8425594 -0.04291737 0.7826993 -0.5914434 0.1938466 -0.4989504 -0.7953004 0.3443048 0.7826246 -0.3583963 0.5089703 -0.4990248 -0.5622531 0.6594283 0.776544 0.007182797 0.6300221 0.6448701 0.3745595 0.666219 -0.4403383 -0.4437942 0.7804799 -0.5720123 -0.07641764 0.8166776 -0.4381084 0.8989221 -7.195146e-15 0.5034343 0.7019926 0.5037463 -0.713448 0.2510153 0.6542043 0.3901356 0.9017467 0.1861372 -0.8267468 0.4507696 0.3365954 0.3353314 0.9202982 -0.2015046 -0.8815509 0.4693211 -0.05104658 0.3537071 0.7526759 -0.555311 -0.8631755 0.3016987 -0.404853 0.4403379 0.4437942 -0.7804801 -0.7765444 -0.00718305 -0.6300216 0.5720127 0.07641785 -0.8166773 -0.6448699 -0.3745595 -0.6662192 0.7134477 -0.2510156 -0.6542045 -0.5034342 -0.7019926 -0.5037464 0.8267469 -0.4507695 -0.3365953 -0.3901358 -0.9017467 -0.1861372 0.8815509 -0.4693211 0.05104658 -0.3353314 -0.9202982 0.2015047 0.8631756 -0.3016986 0.4048528 -0.3537068 -0.7526759 0.5553112 0.8239571 0.04114362 0.5651565 0.6380022 0.3676664 0.6765905 -0.2810033 -0.6394782 0.7156149 -0.466958 -0.3129553 0.8270485 -0.6057154 0.7956814 -1.870512e-14 0.4291319 0.6868595 0.5865746 -0.6758284 0.006237741 0.7370326 0.2533129 0.9131952 0.3192288 -0.8516475 0.2325737 0.4696873 0.1576551 0.986027 -0.05381126 -0.9473052 0.3054052 0.09664686 0.1677906 0.8858396 -0.4325904 -0.9371696 0.2052179 -0.2821323 0.2810032 0.6394782 -0.715615 -0.8239571 -0.04114362 -0.5651565 0.4669581 0.3129554 -0.8270484 -0.6380022 -0.3676664 -0.6765905 0.6758283 -0.006237767 -0.7370327 -0.4291319 -0.6868596 -0.5865746 0.8516474 -0.2325737 -0.4696872 -0.2533128 -0.9131952 -0.3192289 0.9473052 -0.3054051 -0.09664686 -0.1576552 -0.986027 0.05381125 0.9371696 -0.205218 0.2821323 -0.1677905 -0.8858396 0.4325904 0.873094 0.1078393 0.4754762 0.6527207 0.3757895 0.6578282 -0.07712627 -0.7760526 0.6259345 -0.2974994 -0.5081021 0.8082861 -0.7498502 0.6616077 1.773372e-14 0.3847573 0.6614668 0.6437573 -0.5654631 -0.2224251 0.7942157 0.1410034 0.8883233 0.4370353 -0.8092168 0.004431291 0.5874935 -0.01322666 0.9955734 0.09305209 -0.9634469 0.1116818 0.2435105 -0.03660749 0.9544794 -0.2960218 -0.9868276 0.07058767 -0.1455636 0.07712645 0.7760526 -0.6259343 -0.873094 -0.1078394 -0.4754762 0.2974993 0.5081021 -0.8082861 -0.6527209 -0.3757897 -0.6578279 0.565463 0.222425 -0.7942158 -0.3847571 -0.6614667 -0.6437576 0.8092168 -0.004431427 -0.5874934 -0.1410034 -0.8883233 -0.4370353 0.9634469 -0.1116816 -0.2435103 0.01322672 -0.9955734 -0.09305221 0.9868275 -0.07058775 0.1455636 0.03660725 -0.9544795 0.2960217 0.9075343 0.2086952 0.3644554 0.6778881 0.4093447 0.6106592 0.1488756 -0.8442155 0.5149138 -0.08077029 -0.6435656 0.7611173 -0.864928 0.501896 1.642346e-14 0.3682433 0.6413743 0.6730794 -0.3904152 -0.4115361 0.8235375 0.06156898 0.8426114 0.534991 -0.6970896 -0.2102992 0.685449 -0.1599615 0.9591347 0.2333945 -0.9186202 -0.09377569 0.3838528 -0.2369901 0.9597217 -0.1508972 -0.9956484 -0.09318886 -0.0004389001 -0.1488754 0.8442156 -0.5149137 -0.9075343 -0.2086948 -0.3644557 0.08077024 0.6435654 -0.7611174 -0.6778882 -0.4093448 -0.610659 0.3904152 0.4115361 -0.8235375 -0.3682435 -0.6413745 -0.6730791 0.6970895 0.210299 -0.6854492 -0.06156867 -0.8426112 -0.5349913 0.9186202 0.09377591 -0.3838527 0.1599614 -0.9591347 -0.2333945 0.9956484 0.09318863 0.0004390774 0.2369901 -0.9597217 0.1508972 0.9110006 0.3379267 0.2363969 0.69865 0.472879 0.5369113 0.373302 -0.8432015 0.3868551 0.1609516 -0.7082494 0.6873699 -0.9464891 0.3227359 3.230473e-15 0.3711344 0.6393639 0.673404 -0.1665637 -0.5417638 0.823862 0.01621197 0.792774 0.6093001 -0.5214865 -0.3883544 0.7597583 -0.271017 0.8920015 0.3617778 -0.8087152 -0.2891265 0.5122359 -0.4135888 0.9104594 -0.002840487 -0.9512873 -0.2706687 0.1476177 -0.3733022 0.8432014 -0.386855 -0.9110005 -0.3379271 -0.2363968 -0.1609518 0.7082494 -0.6873698 -0.6986499 -0.4728785 -0.5369118 0.1665637 0.5417637 -0.823862 -0.3711345 -0.6393642 -0.6734038 0.5214865 0.3883545 -0.7597583 -0.01621197 -0.792774 -0.6093001 0.8087152 0.2891265 -0.5122359 0.2710168 -0.8920015 -0.3617777 0.9512872 0.2706688 -0.1476176 0.4135891 -0.9104592 0.002840416 0.8702829 0.483054 0.09626251 0.6991418 0.563995 0.4394433 0.5743809 -0.7805226 0.2467206 0.4032398 -0.6995812 0.5899016 -0.9913732 0.1310691 1.468397e-15 0.3803094 0.6631015 0.6447179 0.08440741 -0.6004748 0.7951763 -0.0007833765 0.7538173 0.6570837 -0.2966852 -0.5097592 0.8075416 -0.3420227 0.8118357 0.4732264 -0.6379246 -0.4517408 0.6236846 -0.5519741 0.8216104 0.1424111 -0.847876 -0.4419659 0.2928694 -0.5743811 0.7805224 -0.2467208 -0.870283 -0.4830539 -0.09626241 -0.4032397 0.6995814 -0.5899014 -0.6991417 -0.5639951 -0.4394433 -0.08440745 0.6004749 -0.7951762 -0.3803093 -0.6631012 -0.6447183 0.2966852 0.509759 -0.8075418 0.0007831714 -0.7538177 -0.6570831 0.6379246 0.4517407 -0.6236846 0.3420229 -0.8118355 -0.4732266 0.847876 0.4419659 -0.2928693 0.5519741 -0.8216104 -0.1424112 0.7777588 0.6265295 -0.05051739 0.6654149 0.6734381 0.3220312 0.7351196 -0.6705304 0.09994091 0.6227755 -0.6236222 0.4724892 -0.997841 -0.06567629 -1.767724e-15 0.3804861 0.7136729 0.5881337 0.3378472 -0.5833872 0.7385924 -0.0006807856 0.7364521 0.6764894 -0.04331997 -0.5606082 0.8269473 -0.3759529 0.735673 0.5634223 -0.4185921 -0.561387 0.7138805 -0.6447761 0.711544 0.2792291 -0.6874152 -0.5855162 0.4296872 -0.7351194 0.6705306 -0.09994092 -0.7777587 -0.6265297 0.05051741 -0.6227759 0.6236218 -0.4724893 -0.6654149 -0.6734382 -0.3220311 -0.337847 0.5833877 -0.738592 -0.3804862 -0.7136728 -0.5881338 0.04331993 0.5606078 -0.8269475 0.0006808393 -0.7364521 -0.6764893 0.418592 0.561387 -0.7138805 0.3759529 -0.735673 -0.5634223 0.6874151 0.5855163 -0.4296872 0.6447761 -0.7115441 -0.2792291 0.6330992 0.7482516 -0.1982547 0.5881156 0.7863294 0.1892249 0.8453752 -0.5320303 -0.04779666 0.8003914 -0.4939525 0.339683 -0.9656417 -0.259877 4.427782e-15 0.3571071 0.7852365 0.505844 0.569383 -0.4950457 0.6563024 0.001972555 0.7452652 0.6667652 0.2142486 -0.5350169 0.8172236 -0.38213 0.6771256 0.6288701 -0.1698541 -0.6031563 0.779328 -0.6922807 0.5990767 0.4023114 -0.480005 -0.6812055 0.5527697 -0.8453752 0.5320304 0.04779663 -0.6330991 -0.7482517 0.1982547 -0.8003914 0.4939525 -0.3396829 -0.5881153 -0.7863297 -0.1892247 -0.5693831 0.4950456 -0.6563024 -0.3571073 -0.7852362 -0.5058443 -0.2142485 0.5350169 -0.8172237 -0.001972635 -0.745265 -0.6667655 0.169854 0.6031565 -0.7793278 0.38213 -0.6771258 -0.6288698 0.480005 0.6812054 -0.5527698 0.6922807 -0.5990768 -0.4023114 0.4438842 0.8285725 -0.3412249 0.4644834 0.8843774 0.04617069 0.9028493 -0.3853196 -0.1907667 0.9234485 -0.3295148 0.196629 -0.8960232 -0.4440072 -4.698871e-15 0.2991349 0.8658449 0.4010373 0.7581001 -0.3480471 0.5514956 -0.007856073 0.7779405 0.6282888 0.4511091 -0.4359518 0.7787468 -0.3742318 0.6442183 0.6670332 0.0847333 -0.5696736 0.8174914 -0.701822 0.5005092 0.5068889 -0.2428568 -0.713383 0.6573471 -0.9028493 0.3853197 0.1907667 -0.4438842 -0.8285725 0.3412249 -0.9234485 0.3295146 -0.1966289 -0.4644834 -0.8843774 -0.04617081 -0.7581001 0.3480473 -0.5514955 -0.2991348 -0.8658449 -0.4010373 -0.451109 0.4359515 -0.778747 0.007855891 -0.7779403 -0.6282891 -0.08473333 0.5696737 -0.8174914 0.3742319 -0.6442188 -0.6670327 0.2428568 0.713383 -0.6573471 0.7018221 -0.5005089 -0.5068892 0.2250045 0.851354 -0.4738875 0.2993422 0.9487224 -0.1015876 0.9128736 -0.2491091 -0.3234293 0.9872115 -0.1517406 0.04887053 -0.7916833 -0.6109317 -1.764336e-14 0.2013147 0.9393154 0.277775 0.8891838 -0.1611477 0.4282331 -0.0428121 0.8256537 0.5625505 0.6450571 -0.2748094 0.7130085 -0.3676245 0.6381932 0.676433 0.3202447 -0.46227 0.8268916 -0.6860889 0.4271628 0.5889091 0.001780334 -0.6733002 0.7393671 -0.9128736 0.249109 0.3234294 -0.2250045 -0.851354 0.4738875 -0.9872114 0.1517409 -0.04887054 -0.2993421 -0.9487224 0.1015876 -0.8891838 0.1611475 -0.4282331 -0.2013147 -0.9393154 -0.277775 -0.6450571 0.2748096 -0.7130084 0.0428121 -0.8256537 -0.5625505 -0.3202447 0.4622699 -0.8268917 0.3676245 -0.6381932 -0.676433 -0.0017804 0.6733003 -0.739367 0.6860889 -0.4271629 -0.588909 -0.003075086 0.8065911 -0.5911019 0.1049081 0.9629793 -0.2483246 0.8870426 -0.1377992 -0.4406437 0.9950259 0.01858864 -0.09786639 -0.6566651 -0.7541823 -3.85059e-14 0.06552806 0.9878624 0.1408334 0.9556461 0.04347195 0.2912915 -0.1106628 0.8745727 0.4720978 0.7794548 -0.06981753 0.6225559 -0.3764556 0.6534665 0.6567059 0.5136626 -0.2909243 0.8071641 -0.66063 0.3837886 0.6451932 0.2294876 -0.5606017 0.7956514 -0.8870426 0.1377994 0.4406435 0.003075252 -0.806591 0.5911019 -0.9950259 -0.01858899 0.09786647 -0.1049081 -0.9629793 0.2483246 -0.9556461 -0.04347166 -0.2912916 -0.06552809 -0.9878624 -0.1408333 -0.7794548 0.06981759 -0.6225559 0.1106631 -0.8745728 -0.4720975 -0.5136623 0.2909239 -0.8071644 0.3764553 -0.6534664 -0.6567063 -0.229488 0.5606019 -0.7956512 0.6606301 -0.3837888 -0.645193 -0.2169482 0.6922002 -0.6883258 -0.1005774 0.9160051 -0.388354 0.8409254 -0.05952161 -0.5378677 0.9572966 0.164283 -0.2378958 -0.4962008 -0.8682078 2.055756e-14 -0.09898495 0.9950788 -0.004480808 0.958889 0.2433566 0.1459775 -0.2125976 0.9082337 0.3604357 0.845276 0.1565119 0.5108938 -0.4109734 0.6787397 0.6086159 0.6469005 -0.07298258 0.7590739 -0.6409575 0.3680897 0.6735603 0.4169164 -0.3836324 0.8240188 -0.8409254 0.05952166 0.5378677 0.2169486 -0.6922002 0.6883256 -0.9572966 -0.164283 0.2378958 0.1005772 -0.9160051 0.3883541 -0.9588889 -0.2433569 -0.1459776 0.0989848 -0.9950789 0.004480827 -0.8452762 -0.1565113 -0.5108937 0.212598 -0.9082337 -0.3604354 -0.6469003 0.0729821 -0.7590742 0.4109731 -0.6787396 -0.6086162 -0.4169167 0.3836326 -0.8240185 0.6409576 -0.3680898 -0.6735602 -0.3934101 0.514686 -0.7617918 -0.2951969 0.803956 -0.5162496 0.7912266 -0.01523807 -0.6113332 0.8894398 0.2740319 -0.3657914 -0.3165082 -0.9485898 1.117676e-14 -0.2765969 0.9488028 -0.1525364 0.9080396 0.4188791 -0.002078297 -0.3425941 0.9104151 0.2318913 0.8420424 0.3804911 0.3823494 -0.4755049 0.6990787 0.5340262 0.7091317 0.1691548 0.6844844 -0.6397155 0.371421 0.672912 0.5449209 -0.1585028 0.8233699 -0.7912266 0.01523807 0.6113332 0.3934102 -0.514686 0.7617918 -0.8894397 -0.2740321 0.3657915 0.2951969 -0.803956 0.5162496 -0.9080397 -0.418879 0.002078171 0.2765969 -0.9488028 0.1525365 -0.8420424 -0.3804911 -0.3823494 0.3425941 -0.9104151 -0.2318913 -0.7091317 -0.1691548 -0.6844844 0.4755049 -0.6990788 -0.5340262 -0.544921 0.1585028 -0.8233699 0.6397155 -0.371421 -0.672912 -0.5126469 0.2885716 -0.808653 -0.4563489 0.6313059 -0.6270554 0.752847 0.0009806322 -0.6581948 0.8091447 0.3437149 -0.4765973 -0.1245506 -0.9922133 -3.106225e-16 -0.4473171 0.843412 -0.2975963 0.8181767 0.5558212 -0.1471382 -0.487971 0.8680565 0.09144568 0.777523 0.5804656 0.241904 -0.5674172 0.6986359 0.4358275 0.6980768 0.4110448 0.5862857 -0.6643682 0.3805462 0.6432724 0.6011252 0.09295529 0.7937303 -0.7528472 -0.0009806389 0.6581946 0.5126466 -0.2885715 0.8086531 -0.8091447 -0.3437148 0.4765972 0.4563494 -0.6313058 0.6270552 -0.8181767 -0.5558212 0.1471381 0.4473171 -0.843412 0.2975964 -0.7775231 -0.5804656 -0.241904 0.4879708 -0.8680566 -0.09144583 -0.6980766 -0.4110451 -0.5862858 0.567417 -0.6986359 -0.4358277 -0.6011253 -0.0929553 -0.7937302 0.6643688 -0.3805461 -0.6432719 -0.5609944 0.03466168 -0.8270936 -0.5639364 0.4106527 -0.7164775 0.7363178 0.0005480744 -0.6766356 0.733376 0.3765392 -0.5660193 0.07223291 -0.9973878 -3.72747e-15 -0.589579 0.6811801 -0.4340394 0.7077334 0.6470665 -0.2835812 -0.6310512 0.7737563 -0.05545836 0.6662611 0.7396426 0.09499975 -0.6772409 0.6635752 0.317825 0.6200715 0.6294617 0.4682833 -0.7157712 0.3801602 0.5857899 0.5815412 0.3460466 0.7362483 -0.7363178 -0.0005480782 0.6766356 0.5609944 -0.03466167 0.8270936 -0.733376 -0.3765392 0.5660193 0.5639364 -0.4106527 0.7164775 -0.7077334 -0.6470666 0.2835813 0.5895791 -0.6811801 0.4340394 -0.666261 -0.7396427 -0.09499973 0.6310512 -0.7737563 0.05545836 -0.6200717 -0.6294616 -0.4682832 0.6772409 -0.6635751 -0.3178251 -0.581541 -0.3460467 -0.7362484 0.7157712 -0.3801602 -0.5857899 -0.5328573 -0.2226116 -0.8163989 -0.6032693 0.161324 -0.7810511 0.7460019 -0.00192592 -0.665941 0.67559 0.3820096 -0.6305924 0.2662179 -0.9639129 -5.201514e-15 -0.6833711 0.4724664 -0.5565784 0.5954879 0.6931524 -0.4061204 -0.7516983 0.6274459 -0.2031287 0.5271612 0.8481314 -0.05267053 -0.7899435 0.5847352 0.1845915 0.4889156 0.8054212 0.3350497 -0.7878585 0.355779 0.502693 0.491001 0.5764648 0.6531511 -0.746002 0.001925846 0.6659409 0.5328569 0.2226117 0.8163991 -0.6755897 -0.3820097 0.6305927 0.6032697 -0.1613238 0.7810508 -0.5954884 -0.6931523 0.40612 0.6833709 -0.4724666 0.5565785 -0.527161 -0.8481315 0.05267058 0.7516983 -0.6274459 0.2031287 -0.4889157 -0.8054211 -0.3350497 0.7899435 -0.5847352 -0.1845915 -0.4910008 -0.5764648 -0.6531512 0.7878585 -0.355779 -0.502693 -0.4314955 -0.4583757 -0.7769835 -0.5672522 -0.09302773 -0.8182731 0.7793539 0.008557631 -0.6265255 0.6435976 0.3739057 -0.6678148 0.4498866 -0.8930857 2.89726e-15 -0.7132369 0.23469 -0.6604648 0.4976125 0.7016231 -0.5100066 -0.8303338 0.4369652 -0.3458428 0.3805155 0.9038986 -0.1953848 -0.8871664 0.4595988 0.04128962 0.3236833 0.9265321 0.191748 -0.8685062 0.2965264 0.3972014 0.3423431 0.7634595 0.5476593 -0.7793543 -0.0085579 0.626525 0.4314954 0.4583756 0.7769836 -0.6435971 -0.3739056 0.6678153 0.5672519 0.09302762 0.8182732 -0.4976127 -0.7016232 0.5100064 0.7132371 -0.2346898 0.6604647 -0.3805158 -0.9038985 0.1953847 0.8303337 -0.4369652 0.3458429 -0.3236832 -0.9265322 -0.1917479 0.8871663 -0.4595989 -0.04128976 -0.3423429 -0.7634595 -0.5476595 0.8685065 -0.2965262 -0.3972011 -0.2685664 -0.650569 -0.7103746 -0.4575107 -0.3274872 -0.8267019 0.8273523 0.04451806 -0.5599164 0.6384076 0.3675996 -0.6762442 0.6161218 -0.7876509 -2.54428e-14 -0.6706904 -0.009779194 -0.741673 0.4252283 0.6853076 -0.5912143 -0.8509848 0.2174246 -0.4780705 0.2449336 0.9125117 -0.3276125 -0.9500834 0.2932464 -0.1065272 0.145835 0.9883331 0.04393095 -0.9414335 0.1973683 0.2734023 0.1544849 0.8924554 0.4238606 -0.8273523 -0.04451805 0.5599164 0.2685665 0.650569 0.7103745 -0.6384077 -0.3675996 0.6762441 0.4575106 0.3274871 0.826702 -0.4252282 -0.6853076 0.5912144 0.6706904 0.009779267 0.7416729 -0.2449337 -0.9125117 0.3276124 0.8509848 -0.2174246 0.4780705 -0.1458349 -0.9883331 -0.04393089 0.9500834 -0.2932463 0.1065272 -0.154485 -0.8924554 -0.4238606 0.9414335 -0.1973683 -0.2734022 -0.06248529 -0.78278 -0.6191535 -0.2842964 -0.5191552 -0.8060108 0.8760346 0.1135255 -0.4686953 0.6542235 0.3771502 -0.6555527 0.7584818 -0.6516942 -6.681206e-15 -0.5556683 -0.2365052 -0.7970559 0.3828516 0.6598002 -0.6465976 -0.8038873 -0.01056634 -0.5946878 0.1346328 0.8857393 -0.4442296 -0.962443 0.09812204 -0.2531314 -0.02392321 0.9944274 -0.1026733 -0.9888508 0.06043641 0.136094 -0.05033092 0.9567417 0.2865521 -0.8760346 -0.1135254 0.4686954 0.0624855 0.7827801 0.6191534 -0.6542238 -0.3771506 0.6555521 0.2842963 0.5191551 0.8060109 -0.3828511 -0.6597998 0.6465982 0.5556684 0.2365054 0.7970557 -0.1346329 -0.8857393 0.4442295 0.8038872 0.01056611 0.594688 0.0239231 -0.9944274 0.1026731 0.962443 -0.09812201 0.2531314 0.05033084 -0.9567417 -0.286552 0.9888508 -0.0604361 -0.1360939 0.1641446 -0.8462593 -0.5068548 -0.06516753 -0.6501557 -0.7570011 0.9088977 0.2165325 -0.3563967 0.6795858 0.412636 -0.6065432 0.8714503 -0.4904837 -3.035064e-14 -0.3767955 -0.42223 -0.8244677 0.3679576 0.6405616 -0.674009 -0.68724 -0.2235558 -0.6911758 0.05751275 0.8392356 -0.540718 -0.9133169 -0.1073668 -0.3928416 -0.1685636 0.9554248 -0.2423835 -0.9944493 -0.1047962 -0.009403629 -0.2496961 0.9579955 0.1410547 -0.9088978 -0.2165323 0.3563966 -0.1641446 0.8462592 0.5068549 -0.6795859 -0.4126362 0.606543 0.06516729 0.6501555 0.7570014 -0.3679573 -0.6405612 0.6740095 0.3767957 0.4222303 0.8244675 -0.05751298 -0.8392358 0.5407177 0.68724 0.2235559 0.6911757 0.1685636 -0.9554248 0.2423833 0.9133169 0.1073667 0.3928418 0.2496962 -0.9579955 -0.1410547 0.9944493 0.104796 0.009403615 0.3876528 -0.8408148 -0.3778304 0.1773576 -0.7099316 -0.6815728 0.9097796 0.3472793 -0.2273723 0.6994843 0.4781623 -0.5311144 0.9506494 -0.310267 -7.381519e-15 -0.1504123 -0.5479975 -0.8228456 0.3717143 0.6400962 -0.6723878 -0.507831 -0.3984017 -0.7637956 0.01429556 0.7896918 -0.6133372 -0.7991286 -0.3012299 -0.5202442 -0.2770019 0.8868642 -0.3697861 -0.946252 -0.2825174 -0.1574518 -0.4241253 0.9055765 -0.006993505 -0.9097797 -0.3472789 0.2273724 -0.3876532 0.8408146 0.3778305 -0.6994842 -0.4781626 0.5311143 -0.1773574 0.7099318 0.6815726 -0.3717142 -0.6400961 0.6723879 0.1504121 0.5479971 0.8228459 -0.01429578 -0.789692 0.6133369 0.5078311 0.3984022 0.7637953 0.2770021 -0.8868641 0.3697862 0.7991286 0.3012296 0.5202443 0.4241255 -0.9055764 0.006993614 0.9462521 0.2825171 0.1574517 0.5865043 -0.7744713 -0.23708 0.4188237 -0.6964969 -0.582648 0.8657717 0.4928853 -0.08662196 0.6980912 0.5708597 -0.4321896 0.9930104 -0.1180269 -1.270728e-15 0.101505 -0.6016906 -0.7922532 0.3807724 0.665666 -0.6417952 -0.2804267 -0.5154553 -0.8097325 -0.00115925 0.7519016 -0.6592744 -0.624633 -0.4608974 -0.6304024 -0.3453655 0.8064592 -0.479944 -0.8388841 -0.4526365 -0.3023138 -0.5596169 0.8147201 -0.1518557 -0.8657717 -0.4928854 0.0866219 -0.586504 0.7744715 0.23708 -0.6980912 -0.5708595 0.4321899 -0.4188237 0.696497 0.5826479 -0.3807724 -0.6656662 0.641795 -0.101505 0.6016904 0.7922534 0.001159153 -0.7519018 0.6592741 0.2804267 0.5154552 0.8097326 0.3453658 -0.8064589 0.4799444 0.624633 0.4608977 0.6304023 0.5596166 -0.8147203 0.1518555 0.8388841 0.4526364 0.3023139 0.7441088 -0.6619605 -0.09005779 0.6360998 -0.6164618 -0.4640602 0.769695 0.6355481 0.06040032 0.6616864 0.6810468 -0.3136022 0.9968915 0.07878679 4.026797e-15 0.3542207 -0.5796155 -0.7338757 0.3798072 0.717893 -0.5834176 -0.02599952 -0.5612948 -0.8272074 -0.0004131058 0.7362139 -0.6767488 -0.4026811 -0.5664093 -0.7190469 -0.3770949 0.7310991 -0.5685891 -0.6748927 -0.5935876 -0.4383762 -0.6493061 0.7039211 -0.2879178 -0.769695 -0.6355481 -0.06040033 -0.7441087 0.6619606 0.0900578 -0.6616864 -0.6810468 0.3136022 -0.6361 0.6164616 0.4640603 -0.3798072 -0.717893 0.5834176 -0.3542207 0.5796157 0.7338756 0.0004131058 -0.7362139 0.6767488 0.02599953 0.5612948 0.8272075 0.3770949 -0.7310991 0.5685891 0.4026811 0.5664093 0.7190469 0.6493061 -0.7039211 0.2879177 0.6748927 0.5935876 0.4383762 0.8508289 -0.522283 0.05753896 0.8103889 -0.4838412 -0.3304052 0.6217429 0.755098 0.2079973 0.5813028 0.7935403 -0.179947 0.9621424 0.2725474 1.453148e-14 0.5834978 -0.4868907 -0.6499752 0.3544117 0.7904904 -0.499517 0.2309505 -0.5306151 -0.8155425 0.001864485 0.746766 -0.6650843 -0.152788 -0.6032984 -0.7827432 -0.381874 0.6740831 -0.632285 -0.4648954 -0.6854647 -0.5603663 -0.6939815 0.5919164 -0.4099081 -0.6217429 -0.755098 -0.2079972 -0.8508287 0.5222832 -0.05753902 -0.5813027 -0.7935403 0.179947 -0.810389 0.483841 0.3304052 -0.3544118 -0.7904904 0.499517 -0.5834978 0.4868905 0.6499753 -0.001864486 -0.746766 0.6650843 -0.2309506 0.5306156 0.8155421 0.3818741 -0.674083 0.632285 0.1527881 0.603298 0.7827435 0.6939814 -0.5919164 0.4099081 0.4648952 0.685465 0.5603661 0.9048948 -0.3757247 0.199991 0.9295493 -0.3178377 -0.1868619 0.4300134 0.83203 0.3504492 0.4546681 0.8899167 -0.03640378 0.8901097 0.4557464 -8.443284e-15 0.7687537 -0.3365949 -0.5438029 0.2938721 0.8711598 -0.3933444 0.4655933 -0.4269702 -0.7751898 -0.009287799 0.7807841 -0.6247319 0.1012997 -0.5647478 -0.8190228 -0.3735817 0.6430069 -0.6685648 -0.2265154 -0.7130095 -0.6635572 -0.7013966 0.4947449 -0.5130988 -0.4300134 -0.83203 -0.3504492 -0.9048948 0.3757245 -0.1999911 -0.4546679 -0.8899168 0.03640372 -0.9295493 0.3178376 0.1868619 -0.2938725 -0.8711595 0.3933448 -0.7687538 0.3365949 0.5438028 0.009288054 -0.7807843 0.6247316 -0.4655934 0.4269701 0.7751899 0.3735818 -0.6430071 0.6685645 -0.1012996 0.5647478 0.8190228 0.7013966 -0.4947445 0.5130991 0.2265154 0.7130096 0.6635571 0.9121101 -0.2407871 0.3317781 0.9893921 -0.1399386 -0.03899265 0.2098351 0.8505395 0.4822361 0.2871178 0.9513879 0.1114654 0.7835846 0.6212851 -7.18385e-15 0.8956543 -0.1478036 -0.4194729 0.1933796 0.9435228 -0.2690149 0.6560135 -0.2622747 -0.7077134 -0.04626138 0.8290518 -0.5572549 0.3346815 -0.45268 -0.8264799 -0.3675931 0.6386466 -0.6760221 0.01775865 -0.6679995 -0.7439498 -0.684516 0.4233269 -0.5934916 -0.2098353 -0.8505394 -0.4822363 -0.9121102 0.2407871 -0.3317779 -0.2871176 -0.9513879 -0.1114655 -0.9893921 0.1399386 0.03899267 -0.1933796 -0.9435229 0.2690147 -0.8956542 0.1478036 0.419473 0.04626117 -0.8290517 0.5572551 -0.6560135 0.262275 0.7077133 0.3675931 -0.6386465 0.6760222 -0.3346814 0.4526797 0.8264802 0.684516 -0.423327 0.5934915 -0.01775866 0.6679995 0.7439498 0.8844139 -0.1315035 0.4477933 0.9937783 0.02922886 0.1074723 -0.0180402 0.8011052 0.5982516 0.09132369 0.9618378 0.2579304 0.6466951 0.7627486 -2.548799e-14 0.9577666 0.05718343 -0.2818034 0.05531214 0.9897924 -0.1313452 0.786028 -0.05512979 -0.6157277 -0.1164262 0.8774789 -0.4652696 0.52458 -0.2776174 -0.8048257 -0.3778746 0.6549916 -0.6543675 0.2434767 -0.5506632 -0.7984292 -0.6589773 0.3819453 -0.6479712 0.01804057 -0.8011053 -0.5982515 -0.884414 0.1315038 -0.4477931 -0.09132389 -0.9618377 -0.2579306 -0.9937783 -0.02922892 -0.1074723 -0.0553124 -0.9897924 0.1313453 -0.9577666 -0.05718359 0.2818034 0.1164266 -0.8774789 0.4652694 -0.786028 0.05512983 0.6157277 0.3778743 -0.6549914 0.6543678 -0.5245802 0.2776177 0.8048255 0.6589776 -0.3819457 0.6479707 -0.2434766 0.5506631 0.7984293 0.8375428 -0.05554243 0.5435413 0.9535201 0.1728032 0.2468573 -0.2301204 0.6822093 0.6939994 -0.1141435 0.9105556 0.3973157 0.4847457 0.8746551 -1.076448e-14 0.9570418 0.2560075 -0.1361289 -0.1106215 0.9937593 0.01432924 0.847165 0.1717739 -0.5027973 -0.2204982 0.909526 -0.3523393 0.6533308 -0.05732615 -0.7548991 -0.4143329 0.680426 -0.6044408 0.4274766 -0.3699056 -0.824884 -0.6401866 0.3678463 -0.6744259 0.2301205 -0.6822093 -0.6939993 -0.8375429 0.05554275 -0.5435411 0.1141433 -0.9105556 -0.3973157 -0.9535199 -0.1728036 -0.2468575 0.1106216 -0.9937593 -0.01432917 -0.9570419 -0.2560073 0.136129 0.2204985 -0.909526 0.3523391 -0.847165 -0.171774 0.5027973 0.4143325 -0.6804259 0.6044412 -0.653331 0.0573264 0.7548989 0.6401867 -0.3678465 0.6744256 -0.4274764 0.3699055 0.8248842 0.7881711 -0.01338492 0.6153107 0.8842756 0.2799268 0.3737616 -0.403329 0.5009222 0.7657693 -0.3072239 0.7942336 0.5242199 0.3040122 0.9526681 1.187143e-14 0.9030702 0.4293279 0.01190535 -0.2884296 0.9436347 0.1623636 0.8395186 0.394787 -0.3732984 -0.351981 0.9090938 -0.2228404 0.7106493 0.1855591 -0.6786349 -0.4808506 0.699866 -0.5281764 0.5509929 -0.1422931 -0.8222892 -0.6405065 0.3720136 -0.6718313 0.4033291 -0.5009222 -0.7657693 -0.7881709 0.01338482 -0.6153109 0.3072241 -0.7942336 -0.5242198 -0.8842755 -0.2799269 -0.3737617 0.2884296 -0.9436347 -0.1623635 -0.9030703 -0.4293277 -0.01190535 0.3519808 -0.9090939 0.2228403 -0.8395186 -0.394787 0.3732985 0.4808506 -0.699866 0.5281764 -0.7106491 -0.1855594 0.6786351 0.6405064 -0.3720135 0.6718315 -0.5509934 0.1422935 0.8222888 0.7509815 0.001319386 0.660322 0.8037793 0.346975 0.4832673 -0.5181829 0.2722514 0.8107809 -0.4653856 0.6179068 0.633725 0.111498 0.9937647 1.049904e-14 0.8112415 0.5633606 0.1565632 -0.4579232 0.8342926 0.3070214 0.7713678 0.5924965 -0.2322492 -0.497797 0.8634283 -0.08179102 0.6948428 0.4265751 -0.5789881 -0.5743218 0.6975072 -0.4285302 0.6021705 0.1100556 -0.7907455 -0.6669942 0.3809875 -0.6402869 0.5181837 -0.2722514 -0.8107804 -0.750981 -0.001319595 -0.6603225 0.4653853 -0.6179069 -0.6337252 -0.8037795 -0.3469748 -0.483267 0.4579232 -0.8342927 -0.3070213 -0.8112414 -0.5633607 -0.1565633 0.4977967 -0.8634284 0.08179098 -0.7713678 -0.5924964 0.2322493 0.5743226 -0.697507 0.4285296 -0.6948426 -0.4265752 0.5789882 0.6669935 -0.3809874 0.6402876 -0.6021712 -0.1100554 0.790745 0.7361391 0.0002763832 0.6768303 0.7288438 0.37762 0.5711303 -0.5615102 0.01733461 0.8272882 -0.5688042 0.3946784 0.721589 -0.08533671 0.9963522 -1.80161e-15 0.7001075 0.6514951 0.292239 -0.5975416 0.6685533 0.4426969 0.6576299 0.7485174 -0.08511527 -0.6400188 0.7655758 0.06534284 0.6127926 0.6426899 -0.4598206 -0.684856 0.6597479 -0.3093622 0.5776108 0.3623683 -0.7314746 -0.7200385 0.3794265 -0.5810164 0.5615095 -0.01733459 -0.8272887 -0.7361387 -0.0002763777 -0.6768306 0.568805 -0.3946782 -0.7215886 -0.7288438 -0.3776199 -0.5711303 0.5975413 -0.6685534 -0.4426971 -0.7001074 -0.6514952 -0.2922389 0.640019 -0.7655756 -0.0653429 -0.6576299 -0.7485174 0.08511526 0.6848558 -0.659748 0.3093625 -0.6127927 -0.6426898 0.4598204 0.7200382 -0.3794266 0.5810167 -0.5776102 -0.3623686 0.7314748 0.747556 -0.001788148 0.6641964 0.6726062 0.3817237 0.6339463 -0.5282915 -0.2392644 0.8146537 -0.6032425 0.1442472 0.784405 -0.278865 0.9603303 3.394256e-15 0.5883618 0.6947687 0.4136749 -0.6874863 0.4572922 0.5641333 0.5173976 0.8534669 0.0624019 -0.7584502 0.6159903 0.2128598 0.4787288 0.8152949 -0.3257498 -0.797119 0.5778184 -0.1752915 0.4827163 0.5904812 -0.6467743 -0.7931318 0.3530048 -0.496316 0.5282914 0.2392644 -0.8146538 -0.7475567 0.001787941 -0.6641956 0.6032425 -0.1442473 -0.784405 -0.6726056 -0.3817238 -0.6339469 0.6874862 -0.4572923 -0.5641333 -0.5883616 -0.6947688 -0.413675 0.7584502 -0.6159902 -0.2128598 -0.5173978 -0.8534668 -0.06240173 0.7971193 -0.5778181 0.1752913 -0.4787291 -0.8152948 0.3257497 0.7931317 -0.3530048 0.4963161 -0.4827159 -0.5904813 0.6467745 0.7822307 0.01004731 0.6229079 0.6424468 0.3732605 0.6692822 -0.4223764 -0.4727613 0.7733659 -0.5621603 -0.1095482 0.8197408 -0.4615867 0.8870951 -3.608868e-15 0.4919062 0.7011427 0.5161659 -0.7127013 0.2183337 0.6666238 0.3709467 0.9058385 0.2045856 -0.8336606 0.4230297 0.3550435 0.3119792 0.9324996 -0.181971 -0.8926281 0.449691 -0.03151292 0.3308036 0.7739824 -0.5399261 -0.8738038 0.2911734 -0.3894677 0.4223766 0.4727614 -0.7733658 -0.7822308 -0.01004749 -0.6229077 0.5621608 0.1095484 -0.8197404 -0.6424465 -0.3732604 -0.6692825 0.7127009 -0.218334 -0.6666241 -0.4919064 -0.7011427 -0.5161657 0.8336606 -0.4230296 -0.3550437 -0.3709467 -0.9058385 -0.2045854 0.8926282 -0.4496908 0.03151277 -0.311979 -0.9324997 0.1819711 0.8738037 -0.2911734 0.3894677 -0.3308039 -0.7739823 0.539926 0.8307516 0.04804216 0.5545662 0.6389091 0.3676051 0.6757674 -0.2559359 -0.6613901 0.7050248 -0.4477785 -0.341827 0.8262256 -0.6264217 0.7794843 -7.737325e-16 0.4214595 0.6837147 0.5957399 -0.6652273 -0.02571718 0.7461979 0.2366697 0.9116695 0.335926 -0.8500179 0.2022372 0.4863844 0.134052 0.9903889 -0.03405606 -0.9526351 0.280957 0.1164022 0.1411042 0.8987803 -0.4150705 -0.9455832 0.1893482 -0.2646122 0.2559358 0.6613902 -0.7050247 -0.8307514 -0.04804179 -0.5545666 0.4477785 0.3418271 -0.8262255 -0.6389089 -0.3676051 -0.6757677 0.6652272 0.02571712 -0.746198 -0.42146 -0.6837148 -0.5957394 0.8500179 -0.2022373 -0.4863843 -0.2366692 -0.9116695 -0.3359263 0.9526352 -0.2809568 -0.1164022 -0.1340524 -0.9903889 0.0340561 0.945583 -0.1893486 0.2646126 -0.1411041 -0.8987804 0.4150704 0.8789048 0.1193652 0.4618206 0.6557701 0.3786286 0.6531508 -0.04775253 -0.7891987 0.6122786 -0.2708877 -0.529936 0.8036092 -0.7669823 0.6416682 3.123732e-14 0.3810702 0.6581624 0.6493133 -0.5455869 -0.2504016 0.7997712 0.1284121 0.8830672 0.4513343 -0.7982453 -0.02549697 0.6017926 -0.03450561 0.9930792 0.1122634 -0.9611631 0.0845148 0.2627217 -0.06402893 0.9587209 -0.2770459 -0.9906866 0.05015668 -0.1265876 0.04775247 0.7891987 -0.6122786 -0.878905 -0.1193657 -0.4618202 0.2708878 0.5299361 -0.803609 -0.6557698 -0.3786281 -0.6531514 0.5455868 0.2504015 -0.7997713 -0.3810707 -0.6581627 -0.6493127 0.7982454 0.0254972 -0.6017925 -0.1284121 -0.8830671 -0.4513344 0.9611631 -0.08451508 -0.2627217 0.03450571 -0.9930792 -0.1122635 0.9906866 -0.05015647 0.1265875 0.06402888 -0.9587209 0.277046 0.9101179 0.224495 0.3482634 0.6812596 0.4160637 0.6023091 0.1793989 -0.8479935 0.4987214 -0.04945972 -0.6564258 0.7527675 -0.8778221 0.4789868 -2.038813e-15 0.3677561 0.6398337 0.6748098 -0.362963 -0.4326554 0.8252679 0.05361031 0.8358474 0.5463379 -0.6771086 -0.2366417 0.696796 -0.1770019 0.9515829 0.2513174 -0.9077213 -0.1209063 0.4017758 -0.2622898 0.9560285 -0.1312005 -0.9930086 -0.1164604 0.01925736 -0.1793987 0.8479936 -0.4987214 -0.9101179 -0.2244959 -0.3482629 0.04945948 0.6564257 -0.7527676 -0.6812595 -0.4160633 -0.6023096 0.362963 0.4326554 -0.825268 -0.3677561 -0.6398337 -0.6748098 0.6771086 0.2366418 -0.6967959 -0.05361041 -0.8358474 -0.5463379 0.9077213 0.1209061 -0.4017758 0.1770021 -0.9515828 -0.2513174 0.9930086 0.1164607 -0.0192576 0.2622896 -0.9560285 0.1312007 0.9083571 0.3566995 0.2182953 0.7002232 0.4835694 0.5252124 0.4018922 -0.8381548 0.3687536 0.1937585 -0.711285 0.675671 -0.9546457 0.2977442 -1.420392e-14 0.3723184 0.6409465 0.6712426 -0.1341463 -0.5539073 0.8217003 0.01250495 0.7866637 0.6172551 -0.4939602 -0.408191 0.7677131 -0.2828064 0.8816745 0.3777177 -0.7892711 -0.3131792 0.5281761 -0.4344859 0.9005217 0.0168133 -0.9409508 -0.2943328 0.1672717 -0.4018923 0.8381548 -0.3687534 -0.9083572 -0.3566991 -0.2182956 -0.1937584 0.7112851 -0.6756709 -0.7002231 -0.4835695 -0.5252124 0.1341463 0.5539072 -0.8217004 -0.3723184 -0.6409467 -0.6712424 0.4939601 0.4081909 -0.7677132 -0.01250489 -0.7866637 -0.6172551 0.789271 0.3131794 -0.528176 0.2828064 -0.8816745 -0.3777177 0.9409508 0.2943326 -0.1672717 0.4344859 -0.9005217 -0.01681331 0.8610263 0.5027046 0.07695323 0.6968833 0.5778037 0.4248488 0.5984416 -0.7682133 0.2274116 0.4342985 -0.6931142 0.5753065 -0.994476 0.1049642 1.886326e-15 0.3811906 0.6683525 0.6387477 0.1186061 -0.6025657 0.7892067 -0.001462091 0.750086 0.6613387 -0.2640467 -0.520832 0.8117964 -0.3485434 0.8011061 0.4865661 -0.6111281 -0.4698116 0.637024 -0.5670524 0.8077417 0.1612606 -0.8296377 -0.4631766 0.311719 -0.5984419 0.7682131 -0.2274114 -0.8610264 -0.5027045 -0.07695354 -0.4342984 0.6931141 -0.5753067 -0.6968832 -0.5778043 -0.4248482 -0.1186059 0.602566 -0.7892065 -0.3811907 -0.6683517 -0.6387484 0.2640467 0.5208315 -0.8117967 0.001462092 -0.7500861 -0.6613386 0.6111279 0.4698119 -0.6370239 0.3485431 -0.8011065 -0.4865656 0.8296376 0.4631767 -0.3117191 0.5670531 -0.8077412 -0.1612608 0.7613981 0.6444633 -0.07028574 0.6577596 0.6886674 0.3051057 0.7528687 -0.6532696 0.08017219 0.6492306 -0.6090656 0.4555642 -0.9957698 -0.09188327 3.563687e-15 0.3790183 0.7222058 0.5785879 0.3704888 -0.5755267 0.7290453 -0.0001384659 0.7360948 0.6768784 -0.008667771 -0.5616382 0.8273375 -0.3781154 0.726609 0.5736446 -0.3866445 -0.5711237 0.724102 -0.6536335 0.6962938 0.2965439 -0.662163 -0.6014392 0.4470023 -0.7528689 0.6532694 -0.08017234 -0.761398 -0.6444633 0.07028598 -0.6492305 0.6090659 -0.455564 -0.65776 -0.6886668 -0.3051062 -0.3704888 0.5755263 -0.7290456 -0.379018 -0.7222068 -0.5785869 0.008667772 0.5616386 -0.8273372 0.0001384799 -0.7360937 -0.6768796 0.3866445 0.5711233 -0.7241023 0.378115 -0.72661 -0.5736435 0.662163 0.6014393 -0.4470022 0.6536339 -0.6962932 -0.2965444 0.6101886 0.7617541 -0.2177166 0.5742821 0.8006791 0.1706254 0.8560457 -0.5125057 -0.06725866 0.8201384 -0.4735805 0.3210832 -0.9584768 -0.2851705 -2.86168e-14 0.3515576 0.7957822 0.4930902 0.5974146 -0.4784773 0.6435489 0.001695727 0.7483736 0.6632753 0.2475524 -0.5258861 0.8137332 -0.3815593 0.6711581 0.6355779 -0.1357028 -0.6031019 0.7860362 -0.6955145 0.5848241 0.417421 -0.4496579 -0.6894354 0.567879 -0.8560455 0.512506 0.06725838 -0.6101891 -0.7617537 0.2177167 -0.8201384 0.4735806 -0.3210832 -0.5742818 -0.8006793 -0.1706253 -0.5974145 0.4784777 -0.6435488 -0.3515578 -0.795782 -0.4930904 -0.2475523 0.5258858 -0.8137334 -0.001695745 -0.7483736 -0.6632753 0.1357027 0.6031019 -0.7860362 0.3815594 -0.671158 -0.635578 0.4496581 0.6894352 -0.5678792 0.6955145 -0.5848243 -0.4174208 0.4160145 0.8352251 -0.3596261 0.4446677 0.8953001 0.02661723 0.9067298 -0.3661829 -0.2091677 0.9353834 -0.3061081 0.1770756 -0.8840422 -0.4674071 -9.409036e-15 0.2884299 0.8764378 0.385571 0.7791451 -0.3249702 0.5360292 -0.01083665 0.7836934 0.6210533 0.4798789 -0.4177147 0.7715119 -0.3729424 0.6419164 0.6699682 0.1177733 -0.559492 0.8204256 -0.7008622 0.4890975 0.519207 -0.210147 -0.7123105 0.6696656 -0.9067299 0.3661827 0.2091677 -0.4160141 -0.8352253 0.359626 -0.9353833 0.3061082 -0.1770756 -0.4446678 -0.8953 -0.02661722 -0.7791451 0.3249706 -0.536029 -0.2884298 -0.8764377 -0.3855713 -0.4798789 0.4177143 -0.7715121 0.01083684 -0.7836935 -0.6210532 -0.1177732 0.5594919 -0.8204257 0.3729423 -0.6419163 -0.6699683 0.2101467 0.7123108 -0.6696654 0.7008622 -0.4890975 -0.519207 0.1946314 0.8494199 -0.4905145 0.2747649 0.9538247 -0.1213371 0.9111901 -0.2325816 -0.3400565 0.9913237 -0.1281765 0.0291212 -0.7753506 -0.631531 4.348715e-14 0.1852746 0.9476138 0.2601949 0.9018336 -0.1343876 0.4106534 -0.04985987 0.8324509 0.551851 0.6666986 -0.24955 0.7023089 -0.3676359 0.6391944 0.6754808 0.348923 -0.442807 0.8259387 -0.6829046 0.4196272 0.5979585 0.033654 -0.6623741 0.748417 -0.9111902 0.2325813 0.3400565 -0.1946311 -0.8494198 0.4905147 -0.9913237 0.1281768 -0.02912124 -0.2747652 -0.9538246 0.1213371 -0.9018336 0.1343873 -0.4106534 -0.1852748 -0.9476137 -0.2601951 -0.6666985 0.2495502 -0.7023089 0.04986016 -0.8324511 -0.5518507 -0.3489229 0.4428067 -0.8259389 0.3676361 -0.6391948 -0.6754803 -0.03365426 0.6623743 -0.7484168 0.6829044 -0.4196266 -0.5979591 -0.03293514 0.7953076 -0.6053108 0.07769571 0.9604189 -0.2675048 0.8816996 -0.1253582 -0.4548529 0.9923305 0.03975244 -0.1170464 -0.6366133 -0.7711832 1.922471e-14 0.04496962 0.9915328 0.1218212 0.959605 0.07086683 0.2722796 -0.1223426 0.8803119 0.4583483 0.7922921 -0.04035445 0.608806 -0.3794121 0.6565583 0.6519031 0.5352226 -0.2641076 0.8023615 -0.6573561 0.3802262 0.6506235 0.2572791 -0.54044 0.8010818 -0.8816997 0.1253586 0.4548526 0.03293521 -0.7953075 0.6053108 -0.9923305 -0.03975296 0.1170465 -0.07769551 -0.960419 0.2675048 -0.9596051 -0.07086647 -0.2722794 -0.04497008 -0.9915328 -0.1218215 -0.7922918 0.04035367 -0.6088064 0.1223428 -0.880312 -0.4583481 -0.5352228 0.2641079 -0.8023613 0.3794126 -0.6565586 -0.6519025 -0.2572791 0.5404402 -0.8010817 0.6573558 -0.3802259 -0.650624 -0.2431187 0.6719382 -0.6995659 -0.1276547 0.9048139 -0.4062217 0.8341499 -0.05171633 -0.5491078 0.9496138 0.1811594 -0.2557634 -0.4732071 -0.8809512 1.115982e-14 -0.1223124 0.9921969 -0.02418829 0.954956 0.2685422 0.1262701 -0.2285231 0.9106728 0.3441689 0.848745 0.1870183 0.4946272 -0.4178283 0.682086 0.6001485 0.6594401 -0.04156843 0.750607 -0.6395028 0.3676861 0.6751616 0.4377663 -0.3559689 0.8256191 -0.8341499 0.05171633 0.5491077 0.243118 -0.6719381 0.6995662 -0.9496138 -0.1811593 0.2557634 0.1276546 -0.9048139 0.4062217 -0.954956 -0.2685422 -0.12627 0.1223125 -0.9921968 0.02418828 -0.8487451 -0.1870182 -0.4946271 0.2285232 -0.9106728 -0.3441688 -0.6594403 0.04156869 -0.7506068 0.4178282 -0.682086 -0.6001486 -0.4377654 0.3559684 -0.8256197 0.6395027 -0.367686 -0.6751616 -0.4129863 0.4869454 -0.7696275 -0.3190951 0.7842414 -0.5321125 0.7851711 -0.0116556 -0.6191692 0.8790618 0.2856405 -0.3816542 -0.2914638 -0.9565819 -2.526208e-14 -0.3002258 0.9382004 -0.1721756 0.8979312 0.4395996 -0.02171765 -0.3614337 0.9075692 0.2137377 0.8367233 0.4089686 0.3641961 -0.4863181 0.7005554 0.5222229 0.7118391 0.2019544 0.6726808 -0.6414168 0.3726282 0.6706211 0.5567401 -0.1259726 0.8210794 -0.7851707 0.01165537 0.6191697 0.4129862 -0.4869455 0.7696275 -0.879062 -0.2856402 0.3816539 0.3190952 -0.7842414 0.5321125 -0.8979313 -0.4395995 0.02171743 0.3002258 -0.9382004 0.1721757 -0.8367235 -0.4089684 -0.3641959 0.3614332 -0.9075693 -0.2137381 -0.7118389 -0.2019544 -0.672681 0.4863185 -0.7005554 -0.5222226 -0.5567402 0.1259726 -0.8210793 0.6414167 -0.3726282 -0.6706213 -0.5233988 0.2558133 -0.8127812 -0.4741767 0.6042968 -0.6402982 0.7492171 0.001587214 -0.6623226 0.79844 0.350071 -0.4898406 -0.09842587 -0.9951444 -1.976688e-16 -0.4683957 0.8249196 -0.3164065 0.8042205 0.5706931 -0.165948 -0.5076077 0.8585655 0.07210929 0.7650085 0.6043392 0.2225671 -0.5813055 0.696219 0.421145 0.6913113 0.4419932 0.5716037 -0.6697397 0.3813815 0.6371789 0.6028764 0.1271553 0.7876367 -0.7492167 -0.001587321 0.662323 0.5233993 -0.2558134 0.8127808 -0.7984408 -0.3500703 0.4898398 0.4741758 -0.604297 0.6402987 -0.8042199 -0.5706938 0.1659485 0.4683961 -0.8249195 0.3164062 -0.7650085 -0.6043391 -0.2225673 0.507608 -0.8585653 -0.072109 -0.6913118 -0.4419928 -0.5716034 0.5813047 -0.6962192 -0.4211456 -0.6028761 -0.1271554 -0.7876369 0.66974 -0.3813815 -0.6371785 -0.561682 -2.37164e-13 -0.8273532 -0.5733636 0.3785813 -0.7265882 0.7360787 2.067722e-13 -0.6768959 0.724397 0.3785811 -0.5761296 0.09842587 -0.9951444 9.544581e-16 -0.6052812 0.6557216 -0.4512913 0.69248 0.6557217 -0.300833 -0.6488803 0.7571624 -0.07522914 0.6488803 0.7571624 0.07522914 -0.69248 0.6557217 0.300833 0.6052812 0.6557216 0.4512913 -0.724397 0.3785811 0.5761296 0.5733636 0.3785813 0.7265882 -0.7360787 2.102695e-13 0.6768959 0.561682 -2.405888e-13 0.8273532 -0.724397 -0.3785811 0.5761296 0.5733637 -0.3785813 0.7265882 -0.69248 -0.6557217 0.300833 0.6052812 -0.6557216 0.4512913 -0.6488803 -0.7571624 -0.07522914 0.6488803 -0.7571624 0.07522914 -0.6052812 -0.6557216 -0.4512913 0.69248 -0.6557217 -0.300833 -0.5733637 -0.3785813 -0.7265882 0.724397 -0.3785811 -0.5761296 -0.5233993 -0.2558134 -0.8127808 -0.6028764 0.1271553 -0.7876367 0.7492167 -0.001587321 -0.662323 0.6697397 0.3813815 -0.6371789 0.2914638 -0.9565819 3.650097e-14 -0.6913113 0.4419932 -0.5716037 0.5813055 0.696219 -0.421145 -0.7650085 0.6043392 -0.2225671 0.5076077 0.8585655 -0.07210929 -0.8042205 0.5706931 0.165948 0.4683957 0.8249196 0.3164065 -0.79844 0.350071 0.4898406 0.4741767 0.6042968 0.6402982 -0.7492171 0.001587214 0.6623226 0.5233988 0.2558133 0.8127812 -0.66974 -0.3813815 0.6371785 0.6028761 -0.1271554 0.7876369 -0.5813047 -0.6962192 0.4211456 0.6913118 -0.4419928 0.5716034 -0.507608 -0.8585654 0.07210897 0.7650085 -0.6043391 0.2225673 -0.4683959 -0.8249196 -0.3164065 0.8042199 -0.5706939 -0.1659483 -0.4741761 -0.604297 -0.6402985 0.7984408 -0.3500703 -0.4898398 -0.4129862 -0.4869455 -0.7696275 -0.5567401 -0.1259726 -0.8210794 0.7851707 0.01165537 -0.6191697 0.6414168 0.3726282 -0.6706211 0.4732071 -0.8809512 -1.514143e-14 -0.7118391 0.2019544 -0.6726808 0.4863181 0.7005554 -0.5222229 -0.8367233 0.4089686 -0.3641961 0.3614337 0.9075692 -0.2137377 -0.8979314 0.4395994 0.02171738 0.3002258 0.9382004 0.1721758 -0.8790616 0.2856408 0.3816543 0.3190951 0.7842414 0.5321125 -0.7851711 -0.0116556 0.6191692 0.4129863 0.4869454 0.7696275 -0.6414167 -0.3726282 0.6706213 0.5567402 0.1259726 0.8210793 -0.4863185 -0.7005554 0.5222226 0.7118389 -0.2019544 0.672681 -0.3614332 -0.9075693 0.2137381 0.8367235 -0.4089684 0.3641959 -0.3002258 -0.9382004 -0.1721757 0.8979313 -0.4395995 -0.02171743 -0.3190952 -0.7842414 -0.5321125 0.879062 -0.2856402 -0.3816539 -0.2431186 -0.6719381 -0.6995659 -0.4377654 -0.3559684 -0.8256197 0.8341499 0.05171633 -0.5491077 0.6395027 0.367686 -0.6751617 0.6366133 -0.7711832 -1.532781e-14 -0.6594404 -0.04156893 -0.7506066 0.4178283 0.682086 -0.6001485 -0.848745 0.1870183 -0.4946272 0.2285231 0.9106728 -0.3441689 -0.954956 0.2685422 -0.1262701 0.1223124 0.9921969 0.02418829 -0.9496138 0.1811594 0.2557634 0.1276547 0.9048139 0.4062217 -0.8341499 -0.05171633 0.5491078 0.2431181 0.6719381 0.6995662 -0.6395028 -0.3676861 0.6751615 0.4377662 0.355969 0.8256191 -0.4178282 -0.682086 0.6001486 0.6594399 0.04156819 0.7506071 -0.2285232 -0.9106728 0.3441688 0.8487451 -0.1870182 0.4946271 -0.1223125 -0.9921968 -0.02418828 0.954956 -0.2685422 0.12627 -0.1276546 -0.9048139 -0.4062217 0.9496138 -0.1811593 -0.2557634 -0.03293521 -0.7953075 -0.6053108 -0.2572791 -0.54044 -0.8010818 0.8816997 0.1253586 -0.4548526 0.6573561 0.3802262 -0.6506235 0.7753506 -0.631531 -5.013447e-14 -0.5352229 -0.264108 -0.8023611 0.3794121 0.6565583 -0.6519031 -0.7922918 -0.04035379 -0.6088064 0.1223428 0.880312 -0.458348 -0.959605 0.07086658 -0.2722794 -0.04497005 0.9915328 -0.1218215 -0.9923305 0.03975288 0.1170465 -0.07769563 0.9604189 0.2675049 -0.8816998 -0.125359 0.4548522 0.0329353 0.7953075 0.6053109 -0.6573556 -0.3802254 0.6506245 0.2572791 0.5404402 0.8010817 -0.3794126 -0.6565586 0.6519025 0.5352228 0.2641079 0.8023613 -0.1223428 -0.880312 0.4583481 0.7922918 0.04035367 0.6088064 0.04497008 -0.9915328 0.1218215 0.9596051 -0.07086647 0.2722794 0.07769551 -0.960419 -0.2675048 0.9923305 -0.03975296 -0.1170465 0.1946311 -0.8494198 -0.4905147 -0.033654 -0.6623741 -0.748417 0.9111902 0.2325813 -0.3400565 0.6829046 0.4196272 -0.5979585 0.8840422 -0.4674071 2.914768e-14 -0.348923 -0.442807 -0.8259387 0.3676359 0.6391944 -0.6754808 -0.6666986 -0.24955 -0.7023089 0.04985987 0.8324509 -0.551851 -0.9018336 -0.1343876 -0.4106534 -0.1852746 0.9476138 -0.2601949 -0.9913237 -0.1281765 -0.0291212 -0.2747649 0.9538247 0.1213371 -0.9111901 -0.2325816 0.3400565 -0.1946314 0.8494199 0.4905145 -0.6829044 -0.4196266 0.5979591 0.03365426 0.6623743 0.7484168 -0.3676361 -0.6391948 0.6754803 0.3489229 0.4428067 0.8259389 -0.04986016 -0.8324511 0.5518507 0.6666984 0.2495499 0.7023091 0.1852747 -0.9476137 0.2601952 0.9018336 0.1343877 0.4106532 0.2747652 -0.9538246 -0.1213371 0.9913237 0.1281767 0.0291212 0.4160141 -0.8352253 -0.359626 0.210147 -0.7123105 -0.6696656 0.9067299 0.3661827 -0.2091677 0.7008622 0.4890975 -0.519207 0.9584768 -0.2851705 3.833081e-14 -0.1177733 -0.559492 -0.8204256 0.3729424 0.6419164 -0.6699682 -0.4798789 -0.4177147 -0.7715119 0.01083665 0.7836934 -0.6210533 -0.7791451 -0.3249702 -0.5360292 -0.2884299 0.8764378 -0.385571 -0.9353834 -0.3061081 -0.1770756 -0.4446677 0.8953 -0.02661726 -0.9067297 -0.366183 0.2091679 -0.4160142 0.8352254 0.3596258 -0.7008622 -0.4890969 0.5192074 -0.210147 0.7123105 0.6696656 -0.3729426 -0.6419173 0.6699672 0.1177733 0.559492 0.8204256 -0.01083646 -0.7836931 0.6210537 0.4798789 0.4177143 0.7715121 0.2884298 -0.8764377 0.3855713 0.7791451 0.3249706 0.536029 0.4446678 -0.8953 0.02661722 0.9353833 0.3061082 0.1770756 0.6101891 -0.7617537 -0.2177167 0.4496579 -0.6894354 -0.567879 0.8560455 0.512506 -0.06725838 0.6955145 0.5848241 -0.417421 0.9957698 -0.09188327 1.421521e-14 0.1357028 -0.6031019 -0.7860362 0.3815593 0.6711581 -0.6355779 -0.2475524 -0.5258861 -0.8137332 -0.001695727 0.7483736 -0.6632753 -0.5974146 -0.4784773 -0.6435489 -0.3515576 0.7957822 -0.4930902 -0.8201384 -0.4735805 -0.3210832 -0.5742821 0.8006791 -0.1706254 -0.8560455 -0.512506 0.06725837 -0.6101888 0.7617539 0.2177167 -0.6955145 -0.5848241 0.417421 -0.4496577 0.6894357 0.5678788 -0.3815594 -0.671158 0.635578 -0.1357031 0.603101 0.7860368 0.001695673 -0.7483737 0.6632752 0.2475524 0.5258867 0.8137327 0.3515578 -0.795782 0.4930904 0.5974147 0.4784772 0.643549 0.5742818 -0.8006793 0.1706253 0.8201384 0.4735806 0.3210832 0.761398 -0.6444633 -0.07028598 0.662163 -0.6014392 -0.4470023 0.7528689 0.6532694 0.08017234 0.6536335 0.6962938 -0.2965439 0.994476 0.1049642 -1.423216e-15 0.3866445 -0.5711237 -0.724102 0.3781154 0.726609 -0.5736446 0.008667771 -0.5616382 -0.8273375 0.0001384659 0.7360948 -0.6768784 -0.3704888 -0.5755267 -0.7290453 -0.3790183 0.7222058 -0.5785879 -0.6492305 -0.6090657 -0.4555642 -0.6577596 0.6886674 -0.3051057 -0.7528686 -0.6532697 -0.08017241 -0.7613981 0.6444632 0.07028595 -0.653634 -0.696293 0.2965445 -0.662163 0.6014393 0.4470022 -0.378115 -0.72661 0.5736435 -0.3866447 0.571123 0.7241025 -0.0001384786 -0.7360938 0.6768795 -0.008667774 0.5616391 0.8273369 0.379018 -0.7222068 0.5785869 0.370489 0.575526 0.7290458 0.65776 -0.6886668 0.3051062 0.6492305 0.6090659 0.455564 0.8610264 -0.5027045 0.07695354 0.8296377 -0.4631766 -0.311719 0.5984419 0.7682131 0.2274114 0.5670524 0.8077417 -0.1612606 0.9546457 0.2977442 2.965597e-14 0.6111281 -0.4698116 -0.637024 0.3485434 0.8011061 -0.4865661 0.2640467 -0.520832 -0.8117964 0.001462091 0.750086 -0.6613387 -0.1186061 -0.6025657 -0.7892067 -0.3811906 0.6683525 -0.6387477 -0.4342985 -0.6931142 -0.5753065 -0.6968833 0.5778037 -0.4248488 -0.5984416 -0.7682133 -0.2274116 -0.8610263 0.5027046 -0.07695323 -0.5670531 -0.8077412 0.1612608 -0.8296376 0.4631767 0.3117191 -0.3485429 -0.8011067 0.4865654 -0.6111279 0.4698117 0.637024 -0.001462229 -0.7500856 0.6613391 -0.2640468 0.5208319 0.8117964 0.3811907 -0.668352 0.6387481 0.1186061 0.6025657 0.7892067 0.6968832 -0.5778043 0.4248482 0.4342984 0.6931141 0.5753067 0.9083571 -0.3566994 0.2182953 0.9409508 -0.2943326 -0.1672717 0.4018922 0.8381548 0.3687536 0.4344859 0.9005217 -0.0168133 0.8778221 0.4789868 -5.105504e-15 0.789271 -0.3131797 -0.5281759 0.2828064 0.8816745 -0.3777177 0.49396 -0.4081901 -0.7677137 -0.01250482 0.7866637 -0.6172551 0.1341466 -0.5539078 -0.8216999 -0.3723184 0.6409465 -0.6712426 -0.1937585 -0.711285 -0.675671 -0.7002232 0.4835694 -0.5252124 -0.4018922 -0.8381548 -0.3687536 -0.9083571 0.3566995 -0.2182953 -0.4344859 -0.9005217 0.01681331 -0.9409508 0.2943326 0.1672717 -0.2828064 -0.8816745 0.3777177 -0.789271 0.3131797 0.5281759 0.01250482 -0.7866637 0.6172551 -0.49396 0.4081901 0.7677137 0.3723184 -0.6409465 0.6712426 -0.1341467 0.5539079 0.8216999 0.7002232 -0.4835695 0.5252123 0.1937585 0.7112849 0.6756711 0.9101179 -0.2244956 0.348263 0.9930086 -0.1164606 -0.0192576 0.1793989 0.8479935 0.4987214 0.2622896 0.9560285 0.1312007 0.7669823 0.6416682 -3.225955e-14 0.9077213 -0.1209063 -0.4017756 0.1770024 0.9515826 -0.2513178 0.6771086 -0.2366417 -0.696796 -0.05361126 0.8358479 -0.5463371 0.362963 -0.4326553 -0.825268 -0.3677558 0.6398333 -0.6748103 0.04945957 -0.6564258 -0.7527675 -0.6812595 0.4160633 -0.6023095 -0.1793989 -0.8479935 -0.4987214 -0.9101179 0.2244955 -0.3482631 -0.2622896 -0.9560285 -0.1312007 -0.9930086 0.1164607 0.0192576 -0.1770021 -0.9515828 0.2513174 -0.9077213 0.1209059 0.4017758 0.05361049 -0.8358474 0.5463379 -0.6771087 0.2366419 0.6967958 0.3677561 -0.6398337 0.6748097 -0.362963 0.4326553 0.825268 0.6812595 -0.4160633 0.6023095 -0.04945957 0.6564258 0.7527675 0.8789048 -0.1193654 0.4618205 0.9906866 0.05015646 0.1265875 -0.047753 0.7891989 0.6122783 0.06402909 0.9587209 0.2770459 0.6264217 0.7794843 2.216151e-14 0.9611631 0.0845148 -0.2627217 0.03450561 0.9930792 -0.1122634 0.7982453 -0.02549697 -0.6017926 -0.1284121 0.8830672 -0.4513343 0.5455869 -0.2504016 -0.7997712 -0.3810702 0.6581624 -0.6493133 0.2708877 -0.529936 -0.8036092 -0.6557701 0.3786286 -0.6531508 0.04775253 -0.7891987 -0.6122786 -0.8789048 0.1193652 -0.4618206 -0.06402888 -0.9587209 -0.277046 -0.9906866 -0.05015647 -0.1265875 -0.03450571 -0.9930792 0.1122635 -0.9611631 -0.08451523 0.2627217 0.1284124 -0.8830672 0.4513342 -0.7982455 0.02549725 0.6017924 0.3810703 -0.6581624 0.6493132 -0.5455871 0.2504019 0.799771 0.6557701 -0.3786285 0.6531509 -0.270887 0.5299355 0.8036097 0.8307516 -0.04804213 0.5545662 0.945583 0.1893486 0.2646126 -0.2559357 0.6613901 0.7050248 -0.1411043 0.8987804 0.4150703 0.4615867 0.8870951 -5.619443e-15 0.9526352 0.2809569 -0.1164022 -0.134052 0.9903889 0.03405604 0.8500179 0.2022372 -0.4863844 -0.2366697 0.9116695 -0.335926 0.6652273 -0.02571718 -0.7461979 -0.4214595 0.6837147 -0.5957399 0.4477785 -0.341827 -0.8262256 -0.6389091 0.3676051 -0.6757674 0.2559359 -0.6613901 -0.7050248 -0.8307516 0.04804216 -0.5545662 0.1411041 -0.8987804 -0.4150704 -0.945583 -0.1893486 -0.2646126 0.1340522 -0.9903889 -0.03405606 -0.9526352 -0.2809568 0.1164022 0.2366696 -0.9116695 0.335926 -0.8500179 -0.2022372 0.4863844 0.4214595 -0.6837147 0.5957399 -0.6652272 0.02571712 0.746198 0.6389091 -0.3676052 0.6757674 -0.4477786 0.3418271 0.8262255 0.7822312 -0.01004778 0.6229073 0.8738034 0.2911739 0.3894682 -0.4223764 0.4727613 0.773366 -0.3308038 0.7739825 0.5399259 0.278865 0.9603303 -1.248702e-14 0.8926282 0.4496908 0.03151297 -0.3119791 0.9324997 0.1819709 0.8336608 0.4230294 -0.3550435 -0.3709467 0.9058384 -0.2045856 0.7127007 0.2183342 -0.6666242 -0.491906 0.7011428 -0.5161659 0.5621608 -0.1095485 -0.8197404 -0.6424468 0.3732605 -0.6692822 0.4223764 -0.4727613 -0.7733659 -0.7822307 0.01004731 -0.6229079 0.3308039 -0.7739823 -0.539926 -0.8738037 -0.2911734 -0.3894677 0.311979 -0.9324997 -0.1819711 -0.8926282 -0.4496908 -0.03151277 0.3709467 -0.9058385 0.2045854 -0.8336606 -0.4230296 0.3550437 0.491906 -0.7011428 0.5161659 -0.7127009 -0.218334 0.6666241 0.6424468 -0.3732605 0.6692823 -0.5621609 0.1095485 0.8197404 0.7475569 0.001787834 0.6641953 0.7931314 0.353005 0.4963164 -0.5282911 0.2392644 0.8146539 -0.4827166 0.5904812 0.646774 0.08533671 0.9963522 -1.227241e-14 0.7971191 0.5778184 0.1752914 -0.4787287 0.815295 0.3257498 0.7584501 0.6159904 -0.21286 -0.5173976 0.8534669 -0.06240171 0.6874865 0.4572921 -0.5641332 -0.5883623 0.6947684 -0.4136745 0.6032424 0.1442474 -0.7844051 -0.6726052 0.3817238 -0.6339473 0.5282915 -0.2392644 -0.8146537 -0.7475565 -0.001787974 -0.6641958 0.4827159 -0.5904813 -0.6467745 -0.793132 -0.3530045 -0.4963158 0.478729 -0.8152949 -0.3257495 -0.7971189 -0.5778185 -0.1752917 0.517398 -0.8534667 0.06240159 -0.7584503 -0.61599 0.21286 0.5883614 -0.6947688 0.4136751 -0.6874862 -0.4572923 0.5641333 0.6726056 -0.3817238 0.6339469 -0.6032425 -0.1442473 0.784405 0.7361385 -0.000276367 0.6768309 0.7200391 0.3794263 0.5810158 -0.5615102 -0.01733461 0.8272882 -0.5776103 0.3623684 0.7314748 -0.111498 0.9937647 8.957222e-15 0.6848554 0.6597483 0.3093627 -0.6127928 0.6426898 0.4598204 0.640019 0.7655756 -0.06534302 -0.6576299 0.7485174 0.08511536 0.5975412 0.6685534 -0.4426972 -0.7001074 0.6514952 -0.2922389 0.5688046 0.3946783 -0.7215888 -0.7288438 0.37762 -0.5711303 0.5615102 0.01733461 -0.8272882 -0.7361391 0.0002763832 -0.6768303 0.5776102 -0.3623686 -0.7314748 -0.7200382 -0.3794266 -0.5810167 0.6127927 -0.6426898 -0.4598204 -0.6848557 -0.659748 -0.3093625 0.6576299 -0.7485174 -0.08511536 -0.640019 -0.7655756 0.06534299 0.7001075 -0.6514951 0.292239 -0.5975417 -0.6685532 0.4426969 0.7288438 -0.37762 0.5711303 -0.5688041 -0.3946785 0.7215891 0.7509815 -0.001319414 0.6603219 0.6669939 0.3809875 0.6402872 -0.518184 -0.2722514 0.8107802 -0.6021703 0.1100557 0.7907457 -0.3040122 0.9526681 -1.262257e-14 0.5743217 0.6975072 0.4285303 -0.6948431 0.4265749 0.5789879 0.4977971 0.8634282 0.08179087 -0.7713677 0.5924965 0.2322493 0.4579232 0.8342927 -0.3070213 -0.8112413 0.5633608 -0.1565634 0.4653856 0.6179068 -0.633725 -0.8037794 0.3469748 -0.4832671 0.5181834 0.2722514 -0.8107805 -0.7509815 0.001319386 -0.660322 0.6021703 -0.1100557 -0.7907457 -0.6669939 -0.3809874 -0.6402872 0.694843 -0.426575 -0.5789879 -0.5743218 -0.6975072 -0.4285303 0.7713678 -0.5924964 -0.2322493 -0.4977971 -0.8634282 -0.08179084 0.8112414 -0.5633608 0.1565632 -0.4579232 -0.8342926 0.3070215 0.8037792 -0.3469751 0.4832672 -0.465385 -0.6179069 0.6337254 0.7881706 0.01338455 0.6153112 0.6405073 0.3720138 0.6718305 -0.4033285 -0.5009221 0.7657697 -0.550993 -0.1422932 0.8222891 -0.4847457 0.8746551 3.013038e-14 0.4808496 0.699866 0.5281772 -0.7106496 0.1855589 0.6786347 0.3519817 0.9090936 0.22284 -0.8395185 0.3947871 0.3732986 0.2884295 0.9436347 -0.1623634 -0.9030702 0.429328 -0.01190558 0.3072238 0.7942336 -0.5242199 -0.8842759 0.2799261 -0.3737612 0.4033289 0.5009222 -0.7657694 -0.7881703 -0.01338429 -0.6153116 0.5509934 0.1422935 -0.8222888 -0.6405069 -0.3720137 -0.6718309 0.7106491 -0.1855594 -0.6786351 -0.4808506 -0.699866 -0.5281764 0.8395186 -0.394787 -0.3732985 -0.3519808 -0.9090939 -0.2228403 0.9030704 -0.4293276 0.01190522 -0.2884295 -0.9436347 0.1623636 0.8842754 -0.279927 0.3737618 -0.3072246 -0.7942335 0.5242195 0.8375429 0.05554283 0.5435411 0.6401868 0.3678465 0.6744255 -0.2301208 -0.6822094 0.6939991 -0.4274768 -0.3699057 0.8248838 -0.6466951 0.7627486 9.008053e-15 0.4143322 0.6804258 0.6044415 -0.6533306 -0.05732582 0.7548992 0.2204987 0.909526 0.3523389 -0.847165 0.1717738 0.5027974 0.1106214 0.9937593 -0.01432933 -0.9570418 0.2560075 0.136129 0.1141436 0.9105556 -0.3973157 -0.9535201 0.1728032 -0.2468573 0.2301204 0.6822093 -0.6939994 -0.8375428 -0.05554243 -0.5435413 0.4274764 0.3699055 -0.8248842 -0.6401867 -0.3678465 -0.6744256 0.653331 0.0573264 -0.7548989 -0.4143328 -0.680426 -0.604441 0.847165 -0.171774 -0.5027973 -0.2204983 -0.909526 -0.3523393 0.9570419 -0.2560073 -0.1361289 -0.1106217 -0.9937593 0.01432911 0.95352 -0.1728036 0.2468574 -0.1141429 -0.9105556 0.3973158 0.884414 0.1315037 0.4477932 0.6589776 0.3819458 0.6479707 -0.01804045 -0.8011053 0.5982515 -0.243477 -0.5506633 0.798429 -0.7835846 0.6212851 -1.19392e-14 0.3778743 0.6549914 0.6543678 -0.5245796 -0.2776168 0.8048262 0.1164262 0.8774788 0.4652696 -0.7860283 -0.05513054 0.6157273 -0.05531219 0.9897924 0.1313451 -0.9577666 0.05718366 0.2818035 -0.09132372 0.9618378 -0.2579303 -0.9937783 0.0292291 -0.1074725 0.0180402 0.8011052 -0.5982516 -0.884414 -0.1315037 -0.4477932 0.2434766 0.5506631 -0.7984293 -0.6589776 -0.3819457 -0.6479707 0.5245802 0.2776177 -0.8048255 -0.3778746 -0.6549915 -0.6543676 0.7860281 0.05512989 -0.6157276 -0.1164262 -0.8774788 -0.4652697 0.9577666 -0.05718366 -0.2818035 0.05531218 -0.9897924 -0.1313451 0.9937783 -0.02922912 0.1074725 0.09132384 -0.9618378 0.2579304 0.9121101 0.2407874 0.3317778 0.6845158 0.4233262 0.5934923 0.2098356 -0.8505393 0.4822364 -0.01775891 -0.6679998 0.7439495 -0.8901097 0.4557464 7.121726e-15 0.3675937 0.6386475 0.6760209 -0.3346813 -0.4526796 0.8264803 0.04626061 0.8290512 0.5572558 -0.6560136 -0.262275 0.7077132 -0.1933791 0.943523 0.2690145 -0.8956543 -0.1478034 0.419473 -0.2871179 0.9513878 -0.1114655 -0.9893921 -0.1399388 0.0389928 -0.2098352 0.8505396 -0.4822361 -0.9121101 -0.2407866 -0.3317784 0.01775866 0.6679995 -0.7439498 -0.684516 -0.4233272 -0.5934912 0.3346814 0.4526797 -0.8264802 -0.3675931 -0.6386465 -0.6760222 0.6560134 0.2622748 -0.7077134 -0.04626138 -0.8290518 -0.5572549 0.8956543 0.1478038 -0.4194728 0.1933797 -0.9435228 -0.269015 0.9893921 0.1399385 -0.03899254 0.2871175 -0.9513879 0.1114654 0.9048947 0.3757248 0.1999911 0.7013966 0.4947442 0.5130994 0.4300134 -0.83203 0.3504491 0.2265154 -0.7130097 0.6635571 -0.9621424 0.2725474 1.699952e-15 0.3735818 0.6430074 0.6685642 -0.1012996 -0.5647476 0.8190229 0.009287912 0.7807842 0.6247317 -0.4655933 -0.4269703 0.7751898 -0.2938725 0.8711595 0.3933446 -0.7687537 -0.3365949 0.5438029 -0.454668 0.8899167 0.03640363 -0.9295493 -0.3178377 0.186862 -0.4300133 0.83203 -0.3504493 -0.9048948 -0.3757246 -0.1999909 -0.2265156 0.7130094 -0.6635573 -0.7013966 -0.4947447 -0.5130989 0.1012997 0.5647479 -0.8190227 -0.3735817 -0.6430069 -0.6685647 0.4655934 0.4269701 -0.7751899 -0.009287763 -0.780784 -0.624732 0.7687537 0.3365949 -0.5438029 0.2938718 -0.87116 -0.3933442 0.9295493 0.3178376 -0.1868617 0.4546682 -0.8899166 -0.03640392 0.8508288 0.522283 0.05753917 0.6939814 0.5919165 0.409908 0.6217428 -0.7550981 0.2079971 0.4648954 -0.6854647 0.5603664 -0.9968915 0.07878679 -7.539654e-15 0.381874 0.6740833 0.6322847 0.1527881 -0.6032982 0.7827433 -0.001864534 0.7467658 0.6650845 -0.2309506 -0.5306153 0.8155423 -0.3544116 0.7904905 0.499517 -0.5834979 -0.4868907 0.6499752 -0.5813027 0.7935403 0.1799471 -0.8103889 -0.4838411 0.3304051 -0.6217428 0.7550981 -0.2079971 -0.8508289 -0.5222828 -0.05753922 -0.4648954 0.6854647 -0.5603664 -0.6939814 -0.5919165 -0.409908 -0.152788 0.6032982 -0.7827433 -0.381874 -0.6740833 -0.6322847 0.2309506 0.5306152 -0.8155423 0.001864536 -0.7467658 -0.6650845 0.5834978 0.4868909 -0.6499751 0.3544116 -0.7904904 -0.499517 0.8103891 0.4838408 -0.3304051 0.5813027 -0.7935403 -0.1799471 0.7441087 0.6619607 -0.09005772 0.6493063 0.7039209 0.2879179 0.7696951 -0.635548 0.06040021 0.6748927 -0.5935875 0.4383762 -0.9930104 -0.1180269 -6.630378e-15 0.3770946 0.7310998 0.5685884 0.4026812 -0.5664091 0.719047 0.000413141 0.7362129 0.6767499 0.02599953 -0.5612952 0.8272071 -0.379807 0.7178935 0.5834171 -0.3542208 -0.5796153 0.7338758 -0.6616864 0.6810469 0.3136021 -0.6360997 -0.6164619 0.4640603 -0.7696952 0.6355479 -0.06040038 -0.7441087 -0.6619606 0.09005793 -0.6748925 0.5935879 -0.4383759 -0.6493063 -0.7039208 -0.2879181 -0.4026813 0.5664087 -0.7190472 -0.3770949 -0.7310993 -0.5685889 -0.02599953 0.5612954 -0.8272071 -0.0004131058 -0.7362139 -0.6767488 0.3542207 0.5796154 -0.7338758 0.3798072 -0.717893 -0.5834177 0.6360999 0.6164615 -0.4640604 0.6616864 -0.6810469 -0.3136021 0.586504 0.7744715 -0.2370801 0.5596166 0.8147203 0.1518554 0.8657717 -0.4928854 -0.0866218 0.8388842 -0.4526363 0.3023139 -0.9506494 -0.310267 -1.833237e-14 0.345366 0.8064585 0.4799447 0.624633 -0.4608977 0.6304022 0.001158942 0.7519023 0.6592736 0.2804267 -0.5154554 0.8097324 -0.3807724 0.6656659 0.6417953 -0.1015053 -0.6016899 0.7922537 -0.6980912 0.5708594 0.43219 -0.4188235 -0.6964973 0.5826477 -0.8657716 0.4928855 0.086622 -0.5865044 -0.7744713 0.2370799 -0.8388841 0.4526367 -0.3023136 -0.5596166 -0.8147202 -0.1518557 -0.6246332 0.4608969 -0.6304027 -0.3453655 -0.8064592 -0.479944 -0.2804267 0.5154559 -0.8097321 -0.001159299 -0.7519013 -0.6592746 0.1015051 0.6016903 -0.7922534 0.3807724 -0.6656665 -0.6417947 0.4188239 0.6964969 -0.582648 0.6980913 -0.5708594 -0.4321899 0.3876533 0.8408146 -0.3778304 0.4241254 0.9055764 0.006993548 0.9097797 -0.3472788 -0.2273725 0.946252 -0.2825175 0.1574518 -0.8714503 -0.4904837 1.597729e-14 0.2770014 0.8868646 0.3697856 0.7991286 -0.3012297 0.5202443 -0.01429512 0.7896913 0.6133379 0.5078311 -0.3984018 0.7637955 -0.3717145 0.6400968 0.6723871 0.1504123 -0.5479974 0.8228456 -0.6994843 0.4781617 0.531115 -0.1773576 -0.7099317 0.6815726 -0.9097795 0.3472798 0.227372 -0.387653 -0.8408146 0.3778305 -0.9462521 0.282517 -0.1574518 -0.4241253 -0.9055765 -0.006993468 -0.7991287 0.3012297 -0.5202442 -0.2770021 -0.8868641 -0.3697863 -0.5078312 0.3984024 -0.7637951 0.01429564 -0.7896918 -0.6133372 -0.1504119 0.5479966 -0.8228462 0.3717144 -0.6400966 -0.6723874 0.1773573 0.709932 -0.6815724 0.6994842 -0.4781623 -0.5311145 0.1641446 0.8462593 -0.5068548 0.2496963 0.9579955 -0.1410547 0.9088977 -0.2165323 -0.3563968 0.9944492 -0.1047964 0.009403669 -0.7584818 -0.6516942 5.195866e-16 0.1685636 0.9554248 0.2423834 0.9133169 -0.1073669 0.3928417 -0.0575132 0.8392359 0.5407174 0.6872399 -0.2235555 0.6911759 -0.3679571 0.640561 0.6740098 0.3767959 -0.4222306 0.8244672 -0.6795859 0.4126362 0.606543 0.0651671 -0.6501554 0.7570015 -0.9088978 0.2165325 0.3563965 -0.1641447 -0.8462592 0.506855 -0.9944493 0.1047959 -0.009403387 -0.2496961 -0.9579956 0.1410545 -0.9133169 0.1073669 -0.3928418 -0.1685635 -0.9554249 -0.2423833 -0.6872399 0.2235555 -0.691176 0.05751262 -0.8392356 -0.5407179 -0.3767957 0.4222303 -0.8244675 0.3679577 -0.6405618 -0.6740087 -0.06516739 0.6501557 -0.7570012 0.6795857 -0.4126357 -0.6065435 -0.06248474 0.7827798 -0.6191538 0.05033069 0.9567418 -0.2865519 0.8760347 -0.1135257 -0.4686952 0.9888508 0.06043636 -0.1360941 -0.6161218 -0.7876509 3.244028e-14 0.02392319 0.9944274 0.1026732 0.962443 0.09812202 0.2531315 -0.1346328 0.8857393 0.4442296 0.8038873 -0.01056641 0.5946878 -0.3828515 0.6598001 0.6465976 0.5556683 -0.2365052 0.7970558 -0.6542235 0.3771502 0.6555528 0.2842965 -0.5191552 0.8060108 -0.8760346 0.1135254 0.4686953 0.06248536 -0.78278 0.6191535 -0.9888508 -0.06043605 0.1360938 -0.05033078 -0.9567417 0.2865521 -0.9624431 -0.09812216 -0.2531312 -0.02392305 -0.9944274 -0.1026733 -0.8038872 0.01056596 -0.5946879 0.1346328 -0.8857392 -0.4442297 -0.5556684 0.2365053 -0.7970558 0.3828517 -0.6598001 -0.6465976 -0.2842966 0.5191554 -0.8060106 0.6542235 -0.3771503 -0.6555526 -0.2685659 0.6505689 -0.7103749 -0.1544854 0.8924554 -0.4238604 0.8273522 -0.04451792 -0.5599165 0.9414333 0.1973685 -0.2734026 -0.4498866 -0.8930857 1.005287e-15 -0.145835 0.988333 -0.04393104 0.9500834 0.2932463 0.1065273 -0.2449335 0.9125117 0.3276126 0.850985 0.2174244 0.4780703 -0.425228 0.6853076 0.5912146 0.6706902 -0.009779034 0.7416731 -0.6384081 0.3675999 0.6762436 0.457511 -0.3274874 0.8267017 -0.8273522 0.04451793 0.5599164 0.2685658 -0.6505688 0.710375 -0.9414333 -0.1973685 0.2734025 0.1544854 -0.8924554 0.4238604 -0.9500835 -0.2932461 -0.1065273 0.1458349 -0.9883331 0.04393098 -0.8509847 -0.2174249 -0.4780706 0.2449335 -0.9125117 -0.3276124 -0.6706906 0.009779428 -0.7416728 0.4252279 -0.6853076 -0.5912147 -0.4575109 0.3274873 -0.8267018 0.6384081 -0.3675999 -0.6762436 -0.4314956 0.4583757 -0.7769834 -0.3423427 0.7634595 -0.5476596 0.7793541 -0.008557718 -0.6265253 0.8685063 0.2965264 -0.3972013 -0.2662179 -0.9639129 -1.797092e-14 -0.3236834 0.9265322 -0.1917478 0.8871663 0.4595989 -0.04128985 -0.3805156 0.9038986 0.1953847 0.8303337 0.4369651 0.3458429 -0.4976131 0.7016231 0.5100061 0.7132369 0.2346899 0.6604648 -0.6435966 0.3739055 0.6678159 0.5672521 -0.09302769 0.8182731 -0.7793546 0.008558107 0.6265247 0.4314956 -0.4583757 0.7769835 -0.8685063 -0.2965264 0.3972013 0.342343 -0.7634595 0.5476594 -0.8871663 -0.4595989 0.04128964 0.3236832 -0.9265322 0.191748 -0.8303337 -0.4369652 -0.345843 0.3805156 -0.9038986 -0.1953847 -0.7132369 -0.2346899 -0.6604648 0.4976123 -0.7016233 -0.5100067 -0.5672522 0.09302777 -0.818273 0.6435976 -0.3739058 -0.6678148 -0.532857 0.2226116 -0.8163991 -0.491001 0.5764647 -0.6531512 0.7460019 0.001925879 -0.665941 0.7878585 0.3557791 -0.502693 -0.07223291 -0.9973878 -5.105504e-15 -0.4889156 0.8054211 -0.3350498 0.7899435 0.5847352 -0.1845914 -0.5271611 0.8481315 0.05267043 0.7516983 0.6274459 0.2031288 -0.5954884 0.6931523 0.40612 0.6833709 0.4724665 0.5565785 -0.675589 0.3820097 0.6305934 0.6032697 0.1613239 0.7810508 -0.7460024 -0.001925793 0.6659404 0.5328571 -0.2226116 0.8163991 -0.7878585 -0.355779 0.502693 0.4910009 -0.5764648 0.6531512 -0.7899435 -0.5847352 0.1845914 0.4889157 -0.805421 0.3350498 -0.7516982 -0.627446 -0.2031288 0.5271611 -0.8481315 -0.05267043 -0.6833714 -0.4724662 -0.5565781 0.5954881 -0.6931523 -0.4061204 -0.6032693 -0.1613239 -0.781051 0.6755899 -0.3820097 -0.6305925 -0.5609942 -0.03466168 -0.8270937 -0.5815414 0.3460466 -0.7362481 0.7363189 -0.0005480261 -0.6766344 0.7157707 0.3801603 -0.5857904 0.1245506 -0.9922133 3.755708e-15 -0.6200715 0.6294618 -0.4682832 0.6772408 0.6635752 -0.3178252 -0.666261 0.7396427 -0.09499983 0.6310513 0.7737561 0.05545848 -0.7077332 0.6470666 0.2835814 0.5895793 0.68118 0.4340393 -0.7333761 0.3765392 0.5660192 0.5639363 0.4106527 0.7164776 -0.7363183 0.0005480813 0.6766351 0.5609942 0.03466169 0.8270937 -0.7157707 -0.3801603 0.5857904 0.5815414 -0.3460466 0.7362481 -0.6772408 -0.6635752 0.3178252 0.6200715 -0.6294618 0.4682832 -0.6310514 -0.7737561 -0.05545852 0.666261 -0.7396427 0.09499983 -0.5895789 -0.6811802 -0.4340395 0.7077336 -0.6470664 -0.2835811 -0.5639366 -0.4106528 -0.7164774 0.7333753 -0.3765395 -0.5660201 -0.5126473 -0.2885716 -0.8086527 -0.601125 0.09295538 -0.7937305 0.7528465 -0.000980897 -0.6581954 0.6643693 0.3805462 -0.6432714 0.3165082 -0.9485898 1.361091e-15 -0.6980767 0.411045 -0.5862857 0.5674167 0.698636 -0.435828 -0.7775231 0.5804656 -0.2419038 0.487971 0.8680564 -0.09144588 -0.8181766 0.5558213 0.1471384 0.4473172 0.843412 0.2975962 -0.809145 0.3437146 0.4765969 0.4563491 0.6313058 0.6270554 -0.7528465 0.000980908 0.6581954 0.5126464 0.2885716 0.8086533 -0.6643693 -0.3805461 0.6432714 0.6011254 -0.09295519 0.7937302 -0.5674168 -0.698636 0.4358279 0.698077 -0.4110448 0.5862855 -0.4879707 -0.8680566 0.09144575 0.777523 -0.5804657 0.2419041 -0.4473174 -0.8434119 -0.2975962 0.8181765 -0.5558214 -0.1471384 -0.4563486 -0.6313059 -0.6270556 0.8091451 -0.3437146 -0.4765968 -0.3934107 -0.5146861 -0.7617915 -0.5449207 -0.1585027 -0.8233701 0.7912266 0.01523807 -0.6113332 0.6397154 0.371421 -0.672912 0.4962008 -0.8682078 6.099495e-16 -0.7091317 0.1691548 -0.6844844 0.4755049 0.6990788 -0.5340262 -0.8420424 0.3804911 -0.3823495 0.3425941 0.9104151 -0.2318912 -0.9080396 0.4188792 0.002078423 0.2765969 0.9488028 0.1525363 -0.8894401 0.2740314 0.365791 0.2951966 0.803956 0.5162497 -0.7912258 -0.01523742 0.6113342 0.3934105 0.5146861 0.7617915 -0.639716 -0.3714212 0.6729114 0.5449208 0.1585027 0.8233701 -0.4755048 -0.6990788 0.5340262 0.7091317 -0.1691547 0.6844844 -0.3425942 -0.9104151 0.2318912 0.8420424 -0.3804911 0.3823495 -0.2765969 -0.9488028 -0.1525365 0.9080397 -0.418879 -0.002078171 -0.2951966 -0.803956 -0.5162497 0.8894397 -0.2740322 -0.3657915 -0.2169482 -0.6922001 -0.6883258 -0.4169167 -0.3836326 -0.8240185 0.8409259 0.05952254 -0.5378668 0.6409567 0.3680891 -0.6735614 0.6566651 -0.7541823 5.74934e-14 -0.6469004 -0.0729824 -0.7590741 0.4109739 0.6787399 -0.6086154 -0.845276 0.1565118 -0.5108938 0.2125977 0.9082337 -0.3604356 -0.958889 0.2433567 -0.1459775 0.09898478 0.9950789 0.004480767 -0.9572966 0.1642829 0.2378957 0.1005774 0.9160051 0.388354 -0.8409254 -0.05952153 0.5378677 0.2169483 0.6922002 0.6883258 -0.6409576 -0.3680897 0.6735602 0.4169168 0.3836327 0.8240184 -0.4109733 -0.6787396 0.608616 0.6469003 0.07298217 0.7590742 -0.2125977 -0.9082337 0.3604355 0.8452762 -0.1565113 0.5108937 -0.09898477 -0.9950789 -0.004480808 0.958889 -0.2433568 0.1459776 -0.1005773 -0.9160052 -0.3883539 0.9572964 -0.1642835 -0.2378962 -0.003075491 -0.8065912 -0.5911016 -0.2294877 -0.5606017 -0.7956514 0.8870425 0.1377989 -0.440644 0.6606302 0.3837889 -0.6451929 0.7916833 -0.6109317 4.689835e-14 -0.5136623 -0.2909239 -0.8071644 0.3764557 0.6534667 -0.6567057 -0.7794549 -0.06981787 -0.6225556 0.1106624 0.8745725 -0.4720982 -0.955646 0.04347208 -0.2912916 -0.06552788 0.9878624 -0.1408332 -0.995026 0.01858847 0.09786623 -0.1049082 0.9629793 0.2483247 -0.8870425 -0.1377988 0.440644 0.003075401 0.8065912 0.5911017 -0.6606302 -0.383789 0.6451928 0.2294878 0.5606018 0.7956513 -0.3764557 -0.6534666 0.6567058 0.5136622 0.2909237 0.8071645 -0.1106625 -0.8745726 0.4720981 0.7794549 0.06981785 0.6225556 0.06552786 -0.9878624 0.1408332 0.9556461 -0.04347185 0.2912916 0.1049082 -0.9629793 -0.2483247 0.995026 -0.01858858 -0.09786625 0.2250044 -0.851354 -0.4738875 -0.001780167 -0.6733001 -0.7393672 0.9128736 0.2491089 -0.3234293 0.6860891 0.4271634 -0.5889085 0.8960232 -0.4440072 1.293319e-15 -0.3202451 -0.4622707 -0.8268911 0.3676241 0.6381926 -0.6764338 -0.6450569 -0.2748087 -0.7130089 0.04281207 0.8256538 -0.5625504 -0.8891837 -0.161148 -0.4282331 -0.2013143 0.9393156 -0.2777748 -0.9872115 -0.1517407 -0.04887043 -0.2993424 0.9487224 0.1015874 -0.9128735 -0.2491092 0.3234294 -0.2250046 0.851354 0.4738874 -0.6860889 -0.427163 0.588909 0.001780568 0.6733005 0.7393668 -0.3676244 -0.638193 0.6764333 0.3202446 0.4622697 0.8268919 -0.04281249 -0.825654 0.56255 0.645057 0.2748094 0.7130085 0.2013149 -0.9393153 0.2777752 0.8891838 0.1611478 0.428233 0.2993421 -0.9487224 -0.1015877 0.9872114 0.1517408 0.0488706 0.4438842 -0.8285725 -0.3412248 0.2428567 -0.7133832 -0.657347 0.9028493 0.3853197 -0.1907668 0.701822 0.500509 -0.5068892 0.9656417 -0.259877 -2.230269e-14 -0.08473323 -0.5696734 -0.8174916 0.3742318 0.6442185 -0.667033 -0.451109 -0.4359514 -0.7787471 0.007856184 0.7779407 -0.6282886 -0.7581001 -0.3480475 -0.5514954 -0.299135 0.8658448 -0.4010375 -0.9234486 -0.3295146 -0.1966287 -0.4644833 0.8843775 -0.04617087 -0.9028493 -0.3853197 0.1907666 -0.4438841 0.8285725 0.341225 -0.701822 -0.5005094 0.5068887 -0.242857 0.7133829 0.6573472 -0.3742317 -0.6442181 0.6670335 0.08473336 0.5696738 0.8174913 -0.007855959 -0.7779403 0.628289 0.4511091 0.4359517 0.7787469 0.2991346 -0.8658451 0.4010371 0.7581001 0.3480471 0.5514956 0.4644834 -0.8843774 0.04617072 0.9234485 0.3295147 0.196629 0.6330992 -0.7482517 -0.1982546 0.4800049 -0.6812056 -0.5527696 0.845375 0.5320306 -0.04779668 0.6922809 0.5990763 -0.4023117 0.997841 -0.06567629 9.149244e-16 0.1698543 -0.6031558 -0.7793283 0.38213 0.6771258 -0.6288699 -0.2142485 -0.5350169 -0.8172236 -0.001972456 0.7452655 -0.6667649 -0.569383 -0.495046 -0.6563021 -0.3571074 0.785236 -0.5058446 -0.8003915 -0.4939523 -0.3396831 -0.5881152 0.7863298 -0.1892246 -0.8453751 -0.5320305 0.04779671 -0.6330993 0.7482515 0.1982546 -0.6922808 -0.5990764 0.4023117 -0.4800048 0.6812057 0.5527696 -0.3821301 -0.6771257 0.6288699 -0.1698542 0.6031558 0.7793283 0.001972491 -0.7452655 0.6667649 0.2142485 0.535017 0.8172236 0.3571075 -0.7852359 0.5058447 0.569383 0.495046 0.6563021 0.5881151 -0.7863299 0.1892245 0.8003914 0.4939524 0.339683 0.7777588 -0.6265296 -0.05051738 0.6874151 -0.5855164 -0.4296871 0.7351194 0.6705306 0.09994095 0.6447763 0.7115438 -0.2792293 0.9913732 0.1310691 -2.276016e-15 0.4185922 -0.5613866 -0.7138807 0.3759527 0.7356734 -0.5634219 0.04332001 -0.5606081 -0.8269473 0.0006808122 0.7364519 -0.6764896 -0.3378471 -0.5833878 -0.738592 -0.3804861 0.7136728 -0.5881339 -0.6227758 -0.6236217 -0.4724894 -0.6654147 0.6734384 -0.3220309 -0.7351196 -0.6705305 -0.09994072 -0.7777589 0.6265294 0.05051715 -0.6447761 -0.711544 0.2792292 -0.687415 0.5855165 0.4296871 -0.3759527 -0.7356734 0.5634218 -0.4185921 0.5613866 0.7138807 -0.0006808659 -0.7364519 0.6764896 -0.04331993 0.5606086 0.826947 0.3804863 -0.7136725 0.588134 0.3378473 0.583387 0.7385925 0.6654147 -0.6734385 0.3220309 0.6227756 0.623622 0.4724893 0.8702831 -0.4830536 0.09626274 0.847876 -0.441966 -0.2928692 0.574381 0.7805225 0.2467206 0.5519741 0.8216104 -0.1424113 0.9464891 0.3227359 -3.947729e-15 0.6379246 -0.4517409 -0.6236845 0.3420228 0.8118355 -0.4732266 0.2966852 -0.5097587 -0.807542 0.000783292 0.7538174 -0.6570834 -0.08440736 -0.6004749 -0.7951763 -0.3803093 0.6631017 -0.6447177 -0.4032396 -0.6995815 -0.5899013 -0.6991418 0.5639947 -0.4394437 -0.5743811 -0.7805224 -0.2467207 -0.8702829 0.4830542 -0.09626235 -0.5519741 -0.8216104 0.1424111 -0.847876 0.4419659 0.2928694 -0.3420225 -0.8118359 0.4732262 -0.6379246 0.4517405 0.6236848 -0.0007834526 -0.7538171 0.6570839 -0.2966853 0.5097591 0.8075417 0.3803093 -0.6631013 0.6447182 0.0844074 0.6004751 0.7951761 0.6991415 -0.5639956 0.4394429 0.4032399 0.6995811 0.5899016 0.9110005 -0.337927 0.2363967 0.9512872 -0.2706687 -0.1476178 0.3733025 0.8432012 0.3868552 0.4135888 0.9104594 0.00284059 0.864928 0.501896 8.753905e-15 0.8087151 -0.2891265 -0.512236 0.2710171 0.8920014 -0.3617778 0.5214864 -0.3883542 -0.7597585 -0.01621211 0.7927742 -0.6092998 0.1665638 -0.541764 -0.8238618 -0.3711344 0.639364 -0.673404 -0.1609515 -0.7082497 -0.6873696 -0.6986499 0.4728786 -0.5369117 -0.3733023 -0.8432013 -0.3868552 -0.9110005 0.3379269 -0.2363967 -0.4135892 -0.9104592 -0.002840519 -0.9512872 0.2706688 0.1476178 -0.2710169 -0.8920015 0.3617777 -0.8087151 0.2891265 0.512236 0.0162121 -0.7927742 0.6092998 -0.5214864 0.3883542 0.7597584 0.3711344 -0.639364 0.673404 -0.1665638 0.5417639 0.8238618 0.6986499 -0.4728786 0.5369118 0.1609516 0.7082497 0.6873696 0.9075343 -0.2086953 0.3644554 0.9956484 -0.09318856 0.0004391896 0.1488754 0.8442155 0.5149138 0.23699 0.9597217 0.150897 0.7498502 0.6616077 -1.777325e-14 0.9186203 -0.09377581 -0.3838527 0.1599613 0.9591347 -0.2333947 0.6970896 -0.2102992 -0.685449 -0.06156879 0.8426112 -0.5349912 0.3904151 -0.4115359 -0.8235376 -0.3682434 0.6413745 -0.6730791 0.0807702 -0.6435654 -0.7611174 -0.6778881 0.4093446 -0.6106592 -0.1488754 -0.8442156 -0.5149138 -0.9075343 0.208695 -0.3644555 -0.23699 -0.9597217 -0.1508973 -0.9956484 0.09318877 -0.0004389327 -0.1599615 -0.9591347 0.2333944 -0.9186202 0.09377554 0.3838529 0.06156875 -0.8426112 0.5349913 -0.6970897 0.2102996 0.6854488 0.3682435 -0.6413745 0.6730791 -0.3904151 0.4115359 0.8235376 0.6778881 -0.4093446 0.6106592 -0.08077024 0.6435654 0.7611174 0.8730939 -0.107839 0.4754764 0.9868276 0.07058767 0.1455636 -0.07712611 0.7760525 0.6259346 0.03660733 0.9544794 0.2960218 0.6057154 0.7956814 3.141241e-14 0.9634468 0.1116819 -0.2435105 0.01322646 0.9955734 -0.09305203 0.809217 0.004431056 -0.5874932 -0.141003 0.8883231 -0.4370356 0.5654631 -0.2224252 -0.7942157 -0.3847576 0.6614669 -0.643757 0.297499 -0.5081018 -0.8082864 -0.6527208 0.3757896 -0.657828 0.07712647 -0.7760527 -0.6259343 -0.8730939 0.1078391 -0.4754764 -0.03660728 -0.9544795 -0.2960216 -0.9868275 -0.0705877 -0.1455637 -0.01322689 -0.9955734 0.09305237 -0.9634469 -0.1116815 0.2435102 0.1410039 -0.8883234 0.4370349 -0.8092167 -0.004431739 0.5874936 0.3847567 -0.6614664 0.6437581 -0.5654633 0.2224253 0.7942155 0.6527212 -0.3757901 0.6578274 -0.2974993 0.5081021 0.8082861 0.8239567 -0.04114311 0.5651571 0.9371698 0.2052175 0.282132 -0.2810033 0.6394783 0.7156149 -0.1677904 0.8858396 0.4325905 0.4381084 0.8989221 4.862654e-15 0.9473051 0.3054052 -0.09664695 -0.1576551 0.986027 0.05381137 0.8516476 0.2325734 -0.4696872 -0.2533129 0.9131952 -0.3192288 0.6758282 0.00623782 -0.7370328 -0.4291318 0.6868596 -0.5865746 0.4669576 -0.3129551 -0.8270488 -0.6380023 0.3676666 -0.6765902 0.2810039 -0.6394784 -0.7156145 -0.8239567 0.04114311 -0.5651571 0.1677904 -0.8858396 -0.4325905 -0.9371699 -0.2052173 -0.2821319 0.1576552 -0.986027 -0.05381115 -0.9473051 -0.3054053 0.09664673 0.2533128 -0.9131952 0.3192289 -0.8516473 -0.232574 0.4696873 0.429132 -0.6868595 0.5865746 -0.6758284 -0.006237688 0.7370326 0.6380024 -0.3676666 0.6765901 -0.4669581 0.3129554 0.8270484 0.7765444 -0.00718305 0.6300216 0.8631755 0.3016988 0.404853 -0.4403384 0.4437942 0.7804798 -0.3537066 0.7526759 0.5553113 0.2535249 0.9673289 7.25727e-15 0.8815509 0.4693211 0.05104667 -0.3353315 0.9202981 0.2015046 0.8267467 0.4507697 -0.3365955 -0.3901359 0.9017466 -0.186137 0.7134479 0.2510155 -0.6542043 -0.5034341 0.7019926 -0.5037465 0.572013 -0.07641796 -0.8166771 -0.6448699 0.3745594 -0.6662192 0.4403373 -0.4437941 -0.7804805 -0.7765444 0.007183083 -0.6300216 0.3537073 -0.7526758 -0.5553109 -0.8631755 -0.3016986 -0.4048531 0.3353312 -0.9202983 -0.2015045 -0.8815509 -0.4693211 -0.05104666 0.390136 -0.9017466 0.186137 -0.8267468 -0.4507696 0.3365954 0.5034341 -0.7019926 0.5037466 -0.7134482 -0.2510151 0.6542041 0.6448699 -0.3745595 0.6662192 -0.5720121 0.07641753 0.8166778 0.7445549 0.002005365 0.6675582 0.782625 0.3583961 0.50897 -0.5370942 0.2058622 0.8180163 -0.499025 0.562253 0.6594282 0.05911692 0.9982511 9.149244e-16 0.7826991 0.5914437 0.1938467 -0.4989502 0.7953005 0.3443049 0.7447585 0.6387023 -0.1933755 -0.5368914 0.8425591 -0.04291714 0.678969 0.4875097 -0.5489403 -0.6026802 0.6913669 -0.3984826 0.6029578 0.178378 -0.7775752 -0.6786913 0.3822346 -0.6271163 0.5370952 -0.2058622 -0.8180156 -0.744555 -0.002005305 -0.6675581 0.4990242 -0.5622533 -0.6594286 -0.782625 -0.3583961 -0.5089699 0.4989505 -0.7953003 -0.3443047 -0.7826991 -0.5914436 -0.1938468 0.5368909 -0.8425593 0.04291747 -0.7447586 -0.6387023 0.1933754 0.6026807 -0.6913667 0.3984822 -0.6789687 -0.4875098 0.5489405 0.6786912 -0.3822346 0.6271164 -0.6029587 -0.1783776 0.7775746 0.7366165 -0.0008106195 0.6763102 0.7115976 0.3807859 0.5904498 -0.5601356 -0.05197359 0.8267689 -0.5851541 0.3296227 0.7409072 -0.1375821 0.9904904 -6.048667e-15 0.6696401 0.6672052 0.3262197 -0.627112 0.6160425 0.4766782 0.6219838 0.7817025 -0.04557739 -0.6747683 0.7305394 0.1048809 0.5813998 0.6935975 -0.4253196 -0.7153518 0.642435 -0.2748619 0.5587615 0.4264982 -0.7112558 -0.7379904 0.3753352 -0.5607973 0.5601362 0.05197351 -0.8267685 -0.7366164 0.0008106743 -0.6763103 0.5851533 -0.329623 -0.7409077 -0.711598 -0.3807858 -0.5904494 0.6271124 -0.6160424 -0.4766779 -0.6696396 -0.6672055 -0.3262202 0.674768 -0.7305397 -0.1048809 -0.6219839 -0.7817025 0.04557743 0.7153525 -0.6424345 0.2748614 -0.5813998 -0.6935974 0.4253198 0.73799 -0.3753355 0.5607977 -0.5587615 -0.4264982 0.7112558 0.754812 -0.0005667293 0.6559409 0.6618647 0.3800623 0.646133 -0.506792 -0.3047669 0.8063988 -0.5997399 0.07586212 0.7965909 -0.3289493 0.9443476 -6.84499e-15 0.5605942 0.6996089 0.4430366 -0.70101 0.3954092 0.5934952 0.4781352 0.8724512 0.101072 -0.7834689 0.568251 0.2515298 0.4365837 0.8522758 -0.288133 -0.8250203 0.5480759 -0.1376748 0.4470728 0.6444889 -0.6202902 -0.8145319 0.3402882 -0.4698315 0.5067921 0.3047668 -0.8063987 -0.754812 0.0005668061 -0.655941 0.5997399 -0.07586214 -0.7965909 -0.6618647 -0.3800623 -0.6461329 0.70101 -0.3954092 -0.5934952 -0.5605942 -0.699609 -0.4430366 0.783469 -0.5682509 -0.2515299 -0.4781353 -0.8724512 -0.1010719 0.8250203 -0.5480758 0.1376748 -0.4365836 -0.8522758 0.288133 0.8145318 -0.3402884 0.4698316 -0.447073 -0.6444888 0.6202902 0.7943337 0.01721776 0.6072376 0.6390425 0.3708553 0.6738628 -0.3832352 -0.5282316 0.7576953 -0.5385261 -0.174594 0.8243219 -0.5075699 0.8616106 -9.20572e-16 0.4702833 0.6981984 0.5397709 -0.7072853 0.1527487 0.6902284 0.3332778 0.9115363 0.240889 -0.844291 0.3660872 0.3913474 0.2647342 0.9537053 -0.1426957 -0.9128346 0.4082558 0.007762173 0.2830197 0.8134059 -0.5082033 -0.8945489 0.2679566 -0.3577451 0.3832347 0.5282315 -0.7576956 -0.7943342 -0.0172182 -0.6072369 0.538527 0.1745945 -0.8243212 -0.6390416 -0.3708549 -0.6738639 0.7072849 -0.1527491 -0.6902288 -0.4702841 -0.6981984 -0.5397702 0.8442912 -0.3660869 -0.3913474 -0.3332773 -0.9115364 -0.2408891 0.9128345 -0.408256 -0.007762366 -0.264734 -0.9537053 0.1426959 0.894549 -0.2679564 0.3577451 -0.2830199 -0.813406 0.5082031 0.8442928 0.06365454 0.5320881 0.641812 0.3684191 0.6725657 -0.2036081 -0.7019074 0.6825465 -0.4060901 -0.3971435 0.8230236 -0.6665216 0.7454858 -1.154386e-14 0.40775 0.6770316 0.6126729 -0.6401514 -0.08853042 0.7631308 0.2048245 0.9068003 0.3684565 -0.843077 0.1412385 0.518915 0.08740807 0.9961582 0.005355448 -0.9604935 0.2305957 0.1558138 0.08696339 0.9211623 -0.3793381 -0.9609382 0.1556005 -0.2288803 0.2036087 0.7019074 -0.6825463 -0.844293 -0.06365495 -0.5320878 0.4060898 0.3971431 -0.823024 -0.641812 -0.3684191 -0.6725658 0.6401511 0.0885302 -0.763131 -0.4077499 -0.6770317 -0.6126729 0.8430773 -0.1412377 -0.5189148 -0.2048248 -0.9068002 -0.3684564 0.9604933 -0.2305964 -0.1558135 -0.08740786 -0.9961582 -0.005355696 0.9609385 -0.1555997 0.2288799 -0.08696342 -0.9211622 0.3793383 0.8895807 0.1442448 0.4334046 0.6623095 0.3857571 0.6422909 0.0119533 -0.8117641 0.5838631 -0.2153183 -0.5702519 0.7927489 -0.7996452 0.6004728 3.034499e-14 0.3751529 0.6519873 0.6589179 -0.5024745 -0.3040214 0.8093765 0.1050538 0.8715986 0.4788314 -0.7725737 -0.08441057 0.6292891 -0.07561399 0.985747 0.1502841 -0.9532416 0.02973836 0.3007425 -0.1184417 0.9638461 -0.2386887 -0.9960692 0.007837147 -0.08823082 -0.01195303 0.8117642 -0.583863 -0.8895807 -0.1442448 -0.4334047 0.2153181 0.5702517 -0.7927491 -0.6623095 -0.3857572 -0.6422908 0.5024746 0.3040215 -0.8093764 -0.3751529 -0.6519873 -0.6589179 0.7725737 0.08441059 -0.6292891 -0.1050536 -0.8715986 -0.4788316 0.9532416 -0.02973835 -0.3007425 0.07561367 -0.9857471 -0.150284 0.9960692 -0.007837174 0.08823081 0.1184417 -0.9638461 0.2386887 0.9134761 0.257544 0.3150118 0.6876187 0.4311348 0.5842116 0.240131 -0.8518657 0.4654696 0.01427417 -0.6782745 0.7346699 -0.901782 0.4321913 -4.574622e-16 0.3677258 0.6378365 0.6767144 -0.3056192 -0.4715736 0.8271731 0.0395114 0.822262 0.5677359 -0.6338332 -0.2871476 0.7181934 -0.2090776 0.934997 0.2864738 -0.882423 -0.1744128 0.4369323 -0.3114346 0.9458323 -0.09170504 -0.9847795 -0.1635773 0.05875277 -0.2401315 0.8518654 -0.46547 -0.9134761 -0.2575447 -0.3150113 -0.01427351 0.6782751 -0.7346694 -0.6876187 -0.4311345 -0.5842119 0.305619 0.471573 -0.8271735 -0.3677256 -0.637836 -0.676715 0.6338332 0.2871479 -0.7181933 -0.03951213 -0.8222626 -0.567735 0.8824229 0.1744127 -0.4369324 0.2090783 -0.9349967 -0.2864742 0.9847794 0.1635775 -0.05875306 0.3114345 -0.9458323 0.09170528 0.9005905 0.3949632 0.1814963 0.7021341 0.5063875 0.500579 0.4576209 -0.8248571 0.3319547 0.2591642 -0.7134322 0.6510364 -0.9689743 0.2471616 3.631459e-15 0.3748882 0.6455527 0.6653725 -0.06808138 -0.5742678 0.8158317 0.006537629 0.7751653 0.6317246 -0.436432 -0.4446548 0.7821824 -0.3042177 0.860499 0.4086479 -0.7471875 -0.3593208 0.5591059 -0.4741114 0.8786875 0.05591691 -0.9170812 -0.3411327 0.2063749 -0.4576207 0.8248573 -0.3319545 -0.9005905 -0.3949629 -0.1814966 -0.2591648 0.7134315 -0.651037 -0.7021341 -0.5063884 -0.5005782 0.06808195 0.5742688 -0.815831 -0.374888 -0.6455517 -0.6653736 0.4364319 0.4446542 -0.7821828 -0.006537891 -0.7751658 -0.6317241 0.7471873 0.3593211 -0.559106 0.3042178 -0.860499 -0.4086478 0.9170812 0.3411326 -0.2063751 0.4741115 -0.8786874 -0.05591673 0.8396839 0.541742 0.03803305 0.6904094 0.6063002 0.3946326 0.6442548 -0.7412199 0.188491 0.4949802 -0.6766617 0.5450904 -0.998618 0.0525548 -2.835136e-15 0.3823229 0.6802852 0.625333 0.1868939 -0.602676 0.7757914 -0.002024453 0.7438725 0.6683185 -0.1974534 -0.5390891 0.8187766 -0.3596464 0.7800245 0.5120706 -0.5550757 -0.5029375 0.6625291 -0.5947194 0.779053 0.1984571 -0.7901484 -0.5039087 0.3489149 -0.644255 0.7412197 -0.188491 -0.8396841 -0.5417418 -0.03803309 -0.4949802 0.6766617 -0.5450904 -0.6904094 -0.6063003 -0.3946325 -0.1868939 0.602676 -0.7757914 -0.3823228 -0.6802852 -0.625333 0.1974535 0.5390891 -0.8187765 0.002024204 -0.7438731 -0.6683178 0.5550758 0.5029374 -0.6625291 0.3596469 -0.7800237 -0.5120714 0.7901484 0.5039086 -0.3489149 0.5947192 -0.7790532 -0.198457 0.725903 0.6789731 -0.1098197 0.6400422 0.7191572 0.2704792 0.7855876 -0.6174145 0.04063866 0.6997267 -0.5772301 0.4209371 -0.9895648 -0.1440888 1.191661e-15 0.374686 0.7403269 0.5581455 0.4343705 -0.5560609 0.7086033 0.0009369425 0.7368106 0.6760986 0.06062149 -0.5595777 0.8265578 -0.3810594 0.7095473 0.5927363 -0.3213748 -0.5868398 0.743194 -0.6689471 0.6658463 0.3303914 -0.6092628 -0.6305415 0.4808495 -0.7855875 0.6174146 -0.0406385 -0.7259031 -0.678973 0.1098194 -0.6997265 0.5772302 -0.4209372 -0.6400417 -0.7191578 -0.2704787 -0.4343705 0.5560607 -0.7086034 -0.3746863 -0.7403264 -0.558146 -0.06062145 0.5595777 -0.8265578 -0.0009370069 -0.73681 -0.6760992 0.3213747 0.5868399 -0.743194 0.3810593 -0.7095478 -0.5927358 0.6092626 0.6305416 -0.4808496 0.6689472 -0.6658462 -0.3303913 0.562076 0.7863616 -0.2563317 0.5441258 0.8284063 0.132929 0.8745612 -0.4732161 -0.1058734 0.8566112 -0.4311715 0.2833874 -0.9421651 -0.335149 -1.85018e-14 0.3385129 0.8172312 0.4664141 0.6509979 -0.4423464 0.6168723 0.000329935 0.755832 0.6547655 0.3128154 -0.5037463 0.8052243 -0.3798059 0.660658 0.6475172 -0.06732048 -0.5989196 0.7979745 -0.7000384 0.5572143 0.4466078 -0.3875534 -0.7023633 0.5970663 -0.8745613 0.473216 0.1058734 -0.562076 -0.7863616 0.2563317 -0.8566112 0.4311715 -0.2833874 -0.5441256 -0.8284064 -0.1329289 -0.650998 0.4423463 -0.6168722 -0.3385129 -0.8172311 -0.4664144 -0.3128155 0.5037468 -0.805224 -0.000330085 -0.7558315 -0.654766 0.06732094 0.5989186 -0.7979752 0.3798059 -0.6606584 -0.6475167 0.3875529 0.7023638 -0.597066 0.7000384 -0.5572143 -0.4466077 0.3588461 0.8453114 -0.395826 0.4028802 0.9151648 -0.01268681 0.9120229 -0.328647 -0.2453676 0.956057 -0.2587936 0.137771 -0.8582561 -0.5132216 -3.03224e-14 0.2648504 0.8970815 0.3536933 0.8180281 -0.2768768 0.5041521 -0.01825578 0.7959055 0.6051456 0.5349208 -0.3780529 0.7556029 -0.3705836 0.6387493 0.67429 0.1825935 -0.5352094 0.8247487 -0.6977248 0.4677201 0.542603 -0.1445477 -0.7062381 0.6930611 -0.912023 0.3286469 0.2453677 -0.358846 -0.8453114 0.395826 -0.956057 0.2587936 -0.1377712 -0.4028801 -0.9151648 0.01268708 -0.8180279 0.2768775 -0.5041519 -0.2648507 -0.8970814 -0.3536935 -0.5349206 0.3780519 -0.7556035 0.01825619 -0.7959059 -0.605145 -0.1825938 0.5352098 -0.8247484 0.3705833 -0.6387484 -0.6742911 0.1445477 0.7062381 -0.6930611 0.6977248 -0.4677207 -0.5426025 0.1335992 0.8418612 -0.5228967 0.224176 0.9612034 -0.1607268 0.906032 -0.2009861 -0.3724388 0.9966086 -0.08164417 -0.01026838 -0.741089 -0.6714068 -1.597729e-14 0.151198 0.9627073 0.2243522 0.9236312 -0.08014021 0.3748106 -0.06577843 0.845969 0.5291594 0.7066539 -0.1968783 0.6796169 -0.3686177 0.6422703 0.6720192 0.4038154 -0.4005776 0.8224784 -0.676171 0.4061891 0.614657 0.09626168 -0.636658 0.7651146 -0.906032 0.2009864 0.3724386 -0.1335995 -0.8418611 0.5228968 -0.9966087 0.08164396 0.01026867 -0.2241758 -0.9612035 0.1607265 -0.9236312 0.08014017 -0.3748107 -0.151198 -0.9627073 -0.2243522 -0.706654 0.1968783 -0.6796169 0.06577844 -0.845969 -0.5291593 -0.4038154 0.4005775 -0.8224784 0.3686177 -0.6422702 -0.6720193 -0.09626155 0.6366579 -0.7651146 0.676171 -0.4061892 -0.6146569 -0.09166815 0.7690178 -0.6326205 0.0228649 0.9519325 -0.3054532 0.870088 -0.1023079 -0.4821617 0.9846212 0.08060721 -0.1549953 -0.5952043 -0.8035744 -6.291516e-15 0.002420785 0.996513 0.08340204 0.9641771 0.1251876 0.2338603 -0.1475231 0.8908142 0.4297522 0.8142333 0.01948873 0.5802105 -0.3867889 0.6631579 0.6407933 0.5749675 -0.2081678 0.7912513 -0.6512662 0.3745445 0.6599763 0.3104899 -0.4967807 0.810435 -0.8700877 0.1023069 0.4821626 0.09166887 -0.7690181 0.63262 -0.9846213 -0.08060653 0.1549949 -0.02286513 -0.9519325 0.3054534 -0.9641771 -0.125188 -0.2338601 -0.002420725 -0.996513 -0.0834022 -0.8142334 -0.01948869 -0.5802104 0.1475232 -0.8908142 -0.4297523 -0.5749674 0.2081675 -0.7912514 0.3867891 -0.6631579 -0.6407931 -0.3104903 0.4967811 -0.8104347 0.6512659 -0.3745441 -0.6599769 -0.2932401 0.6281219 -0.7207448 -0.1810139 0.8789339 -0.4412586 0.8205704 -0.03791668 -0.5702864 0.9327974 0.2128949 -0.2908002 -0.426255 -0.904603 2.33814e-15 -0.1695068 0.9834685 -0.06369544 0.9443042 0.3174298 0.08676292 -0.2618027 0.9137159 0.3107775 0.8520081 0.2476768 0.4612357 -0.4331724 0.688366 0.5818194 0.6806396 0.02232689 0.7322781 -0.6376945 0.3678011 0.6768073 0.4761164 -0.2982376 0.8272651 -0.8205704 0.03791684 0.5702864 0.2932405 -0.628122 0.7207445 -0.9327973 -0.212895 0.2908004 0.181014 -0.878934 0.4412584 -0.9443044 -0.3174294 -0.08676296 0.1695066 -0.9834686 0.06369535 -0.8520081 -0.247677 -0.4612357 0.2618034 -0.9137158 -0.3107771 -0.6806395 -0.02232716 -0.7322782 0.4331714 -0.6883659 -0.5818204 -0.4761169 0.298238 -0.8272647 0.6376949 -0.3678015 -0.6768067 -0.4488999 0.4290229 -0.7838547 -0.3648889 0.7416349 -0.5628799 0.773805 -0.005920183 -0.6333962 0.8578161 0.3066918 -0.4124217 -0.2407881 -0.9705777 -8.042298e-15 -0.3469175 0.9137976 -0.2112397 0.8757876 0.4788546 -0.06078141 -0.3998013 0.8993803 0.1768444 0.8229039 0.4644373 0.3273028 -0.5093697 0.7022463 0.4973858 0.7133353 0.267303 0.647844 -0.6462643 0.375217 0.6644958 0.5764401 -0.05972582 0.8149538 -0.7738052 0.005920311 0.633396 0.4489005 -0.429023 0.7838543 -0.8578161 -0.3066919 0.4124217 0.364889 -0.7416348 0.5628799 -0.8757875 -0.4788548 0.06078143 0.3469175 -0.9137976 0.2112397 -0.8229041 -0.464437 -0.3273027 0.3998012 -0.8993804 -0.1768444 -0.7133347 -0.2673037 -0.6478443 0.5093698 -0.7022462 -0.4973858 -0.5764411 0.05972638 -0.814953 0.6462645 -0.375217 -0.6644956 -0.5410003 0.1890233 -0.8195053 -0.5067836 0.5478514 -0.6656044 0.7432171 0.0020306 -0.6690473 0.7774352 0.3608587 -0.5151462 -0.04599026 -0.9989419 -9.409037e-15 -0.5088264 0.7849356 -0.3535135 0.7753923 0.5979427 -0.2030551 -0.5465825 0.8367491 0.03314352 0.737636 0.6497565 0.1836019 -0.6099344 0.689409 0.3907624 0.6742833 0.5024163 0.5412208 -0.6819079 0.3823941 0.6235193 0.6023109 0.195401 0.7739768 -0.7432181 -0.002030364 0.6690461 0.5410004 -0.1890233 0.8195052 -0.7774348 -0.3608588 0.5151466 0.5067834 -0.5478516 0.6656044 -0.7753922 -0.5979427 0.2030553 0.5088263 -0.7849358 0.3535133 -0.737636 -0.6497565 -0.1836019 0.5465823 -0.8367492 -0.0331436 -0.674284 -0.5024157 -0.5412205 0.6099347 -0.6894088 -0.3907623 -0.6023104 -0.1954012 -0.7739771 0.6819084 -0.3823941 -0.6235188 -0.5589339 -0.06926289 -0.8263144 -0.5884458 0.3131036 -0.7454513 0.737033 -0.00105933 -0.6758559 0.7075219 0.3813073 -0.5949937 0.1505896 -0.9885964 -7.88981e-15 -0.6339094 0.602437 -0.4850037 0.6620582 0.6706403 -0.3345452 -0.6831448 0.7212101 -0.1147569 0.6128225 0.7894137 0.03570144 -0.722959 0.6375979 0.2660812 0.5730087 0.7058015 0.4165396 -0.742683 0.3740047 0.555466 0.5532841 0.4422082 0.7059239 -0.7370325 0.001059387 0.6758565 0.5589343 0.06926283 0.8263142 -0.7075227 -0.3813071 0.5949928 0.5884455 -0.3131037 0.7454516 -0.6620578 -0.6706406 0.3345455 0.6339093 -0.6024371 0.4850037 -0.6128227 -0.7894136 -0.03570146 0.6831449 -0.7212101 0.1147569 -0.5730088 -0.7058015 -0.4165395 0.7229587 -0.6375981 -0.2660816 -0.553284 -0.4422081 -0.7059241 0.7426832 -0.3740047 -0.5554658 -0.5006225 -0.3208302 -0.8040181 -0.5980132 0.05878397 -0.7993277 0.7568749 -7.326678e-05 -0.6535598 0.6594829 0.3795406 -0.6488693 0.3413337 -0.9399422 -3.580065e-14 -0.7036411 0.3796729 -0.6006144 0.553856 0.7004302 -0.4501567 -0.7892 0.5558568 -0.2611256 0.4682967 0.8766134 -0.1106672 -0.8317669 0.5401251 0.1281744 0.4257301 0.8608819 0.2786327 -0.8199349 0.3366944 0.4629726 0.4375618 0.6574513 0.6134309 -0.7568748 7.332659e-05 0.6535599 0.5006226 0.3208303 0.804018 -0.6594829 -0.3795406 0.6488692 0.5980131 -0.05878399 0.7993277 -0.5538558 -0.7004303 0.4501568 0.7036411 -0.3796729 0.6006144 -0.4682968 -0.8766133 0.1106672 0.7892 -0.5558568 0.2611256 -0.42573 -0.860882 -0.2786327 0.831767 -0.540125 -0.1281744 -0.4375618 -0.6574512 -0.6134309 0.8199347 -0.3366946 -0.4629728 -0.3728081 -0.5415534 -0.7534813 -0.5318125 -0.1905606 -0.8251437 0.7974895 0.01932742 -0.6030231 0.6384849 0.3703201 -0.6746851 0.5188512 -0.8548645 -2.365249e-14 -0.7051092 0.1363486 -0.6958665 0.4651883 0.6972295 -0.5454089 -0.8462616 0.3515803 -0.4002907 0.3240359 0.9124607 -0.2498323 -0.9174495 0.3974622 -0.01761425 0.2528477 0.9583427 0.1328436 -0.8995982 0.2616995 0.3496233 0.2706996 0.8225811 0.5000821 -0.7974892 -0.019327 0.6030236 0.3728079 0.5415534 0.7534813 -0.6384845 -0.37032 0.6746856 0.5318129 0.1905607 0.8251434 -0.4651886 -0.6972296 0.5454085 0.7051084 -0.1363493 0.695867 -0.324036 -0.9124607 0.2498322 0.8462619 -0.3515797 0.4002906 -0.2528477 -0.9583426 -0.1328436 0.9174495 -0.3974621 0.01761431 -0.2706996 -0.8225811 -0.5000821 0.8995977 -0.2617004 -0.3496239 -0.1901079 -0.7113281 -0.6766619 -0.3950011 -0.4104319 -0.8219001 0.84764 0.06794161 -0.5262038 0.6427478 0.3688387 -0.6714412 0.6762629 -0.7366604 -3.573853e-14 -0.6330855 -0.1039629 -0.7670687 0.4046622 0.6753068 -0.6166111 -0.8405674 0.1259601 -0.5268591 0.1971811 0.9052302 -0.3764012 -0.9618515 0.2177301 -0.1656361 0.07589671 0.9970002 -0.01517774 -0.9644404 0.1467569 0.2198118 0.07330787 0.9260271 0.3702698 -0.8476399 -0.06794158 0.5262039 0.1901084 0.7113283 0.6766616 -0.6427473 -0.3688383 0.6714418 0.3950007 0.4104316 0.8219005 -0.4046626 -0.675307 0.6166105 0.6330856 0.1039631 0.7670687 -0.1971813 -0.9052303 0.3764009 0.8405672 -0.1259601 0.5268593 -0.07589645 -0.9970002 0.01517798 0.9618515 -0.2177301 0.1656358 -0.07330789 -0.926027 -0.37027 0.9644404 -0.146757 -0.2198117 0.0270374 -0.8166241 -0.5765363 -0.2009742 -0.5796094 -0.7897229 0.8920232 0.1508377 -0.4260782 0.6640113 0.3878527 -0.6392646 0.807469 -0.58991 -2.355648e-14 -0.4910215 -0.3169044 -0.8114613 0.3739646 0.6505581 -0.6610027 -0.7653859 -0.09890038 -0.635927 0.0995992 0.8685617 -0.4854695 -0.9505518 0.01598875 -0.3101543 -0.08556593 0.9834509 -0.1596959 -0.9969043 -0.003022095 0.07856651 -0.1319185 0.9644403 0.2290249 -0.8920232 -0.1508377 0.4260782 -0.02703781 0.816624 0.5765364 -0.6640113 -0.3878527 0.6392647 0.2009745 0.5796096 0.7897227 -0.3739642 -0.6505579 0.6610032 0.4910214 0.3169044 0.8114614 -0.0996 -0.868562 0.4854688 0.7653859 0.09890055 0.635927 0.08556638 -0.9834508 0.1596961 0.9505518 -0.01598876 0.3101543 0.1319187 -0.9644403 -0.2290249 0.9969043 0.003022095 -0.07856651 0.2552092 -0.8520759 -0.4569846 0.03039664 -0.682922 -0.7298586 0.9139137 0.2660884 -0.3065268 0.6891006 0.4352428 -0.5793997 0.9073851 -0.4203003 2.803509e-14 -0.2908114 -0.4805864 -0.8273243 0.3678929 0.6375782 -0.6768669 -0.6223455 -0.2992822 -0.7232677 0.03635877 0.818882 -0.5728091 -0.8753727 -0.1875925 -0.445569 -0.2166685 0.9305721 -0.2951107 -0.982094 -0.1754429 -0.06863829 -0.3233898 0.9427219 0.08182005 -0.9139137 -0.2660883 0.3065269 -0.2552094 0.8520758 0.4569847 -0.6891007 -0.4352428 0.5793997 -0.03039639 0.6829221 0.7298585 -0.3678928 -0.6375782 0.676867 0.2908113 0.4805862 0.8273244 -0.03635882 -0.818882 0.5728091 0.6223456 0.2992823 0.7232677 0.2166685 -0.9305721 0.2951108 0.8753727 0.1875927 0.445569 0.3233898 -0.9427219 -0.08182003 0.982094 0.1754427 0.06863829 0.4712185 -0.8208876 -0.3226401 0.2754304 -0.7131584 -0.6446264 0.8981159 0.4046497 -0.1721817 0.7023284 0.5123788 -0.4941688 0.9721393 -0.234404 1.842274e-14 -0.05135154 -0.5785287 -0.8140439 0.3755459 0.6470082 -0.6635855 -0.421568 -0.4530747 -0.7854959 0.005329719 0.7724628 -0.6350376 -0.7360188 -0.37041 -0.5666328 -0.3091213 0.8551273 -0.4161746 -0.9104476 -0.352685 -0.2160985 -0.4835498 0.8728522 -0.06564017 -0.8981159 -0.4046495 0.1721819 -0.4712183 0.8208878 0.3226398 -0.7023283 -0.5123795 0.4941681 -0.2754309 0.7131578 0.6446268 -0.3755458 -0.6470078 0.6635859 0.05135196 0.5785296 0.8140433 -0.005329799 -0.7724629 0.6350375 0.4215679 0.4530737 0.7854964 0.3091212 -0.8551273 0.4161747 0.7360188 0.3704103 0.5666326 0.4835498 -0.8728522 0.06564035 0.9104476 0.3526851 0.2160983 0.6552066 -0.7340081 -0.1787077 0.5098156 -0.6718366 -0.5373301 0.833755 0.5514114 -0.02824982 0.6883643 0.6135833 -0.3868723 0.9992226 -0.03942388 -4.495554e-15 0.2038996 -0.6018594 -0.7721335 0.3824479 0.6835601 -0.6216745 -0.1805726 -0.5428297 -0.8202008 -0.00202424 0.7425897 -0.6697435 -0.5405813 -0.5105614 -0.6686545 -0.3620324 0.7748586 -0.5181956 -0.7796628 -0.5137028 -0.3580997 -0.6011143 0.7717165 -0.2076419 -0.8337547 -0.5514119 0.0282495 -0.6552065 0.7340081 0.1787079 -0.6883645 -0.6135829 0.3868725 -0.5098156 0.6718365 0.5373301 -0.382448 -0.6835595 0.6216751 -0.2038996 0.6018594 0.7721335 0.00202399 -0.7425907 0.6697424 0.1805726 0.5428299 0.8202007 0.3620328 -0.774858 0.5181962 0.5405814 0.5105613 0.6686546 0.6011142 -0.7717166 0.2076419 0.7796626 0.5137031 0.3580997 0.7931805 -0.6082089 -0.030766 0.7118223 -0.5687355 -0.4121274 0.7164613 0.6872823 0.1196924 0.6351029 0.7267555 -0.2616691 0.9875853 0.1570834 -5.500842e-15 0.4500102 -0.550433 -0.7032172 0.3732906 0.7450582 -0.5527589 0.07789658 -0.5582055 -0.826038 0.001177118 0.7372859 -0.6755799 -0.3048108 -0.5899698 -0.7476804 -0.3815303 0.7055212 -0.5972223 -0.5955657 -0.6372156 -0.4891398 -0.6722855 0.6582758 -0.3386816 -0.7164613 -0.6872823 -0.1196924 -0.7931807 0.6082087 0.03076593 -0.6351029 -0.7267555 0.2616691 -0.7118223 0.5687355 0.4121274 -0.3732903 -0.7450587 0.5527584 -0.4500102 0.550433 0.7032172 -0.001177228 -0.7372849 0.675581 -0.0778966 0.5582054 0.8260381 0.38153 -0.7055222 0.5972213 0.3048108 0.5899698 0.7476804 0.6722858 -0.6582751 0.3386822 0.5955658 0.6372156 0.4891397 0.8786078 -0.4633778 0.1154532 0.865088 -0.4202599 -0.2738692 0.5495931 0.7919841 0.2659111 0.5360736 0.8351016 -0.1234113 0.9376785 0.3475041 -8.544941e-15 0.6638482 -0.4327202 -0.6099662 0.3348335 0.8226415 -0.4595078 0.3288104 -0.49742 -0.8027808 -0.0002041213 0.7579413 -0.6523227 -0.05025214 -0.5970235 -0.8006483 -0.3792669 0.6583384 -0.65019 -0.3717704 -0.704841 -0.6041407 -0.7007851 0.5505201 -0.4536826 -0.5495932 -0.7919839 -0.2659114 -0.8786077 0.4633779 -0.115453 -0.5360734 -0.8351018 0.123411 -0.865088 0.4202598 0.2738694 -0.3348336 -0.8226414 0.459508 -0.6638484 0.4327196 0.6099665 0.0002042458 -0.7579414 0.6523226 -0.3288105 0.4974204 0.8027805 0.3792669 -0.6583385 0.65019 0.05025221 0.5970234 0.8006483 0.7007849 -0.5505203 0.4536826 0.3717708 0.7048408 0.6041407 0.9128503 -0.319444 0.2542832 0.9605621 -0.2468977 -0.1279136 0.3442903 0.8471414 0.4047414 0.3920017 0.9196882 0.0225443 0.8514359 0.5244586 6.223745e-15 0.8270649 -0.264488 -0.4959938 0.2585046 0.9020978 -0.3455358 0.5481288 -0.3675021 -0.7513302 -0.02043135 0.7990838 -0.6008723 0.1984943 -0.528336 -0.8255065 -0.3700656 0.6382495 -0.6750474 -0.1281527 -0.7038976 -0.6986452 -0.6967134 0.4626884 -0.5481878 -0.3442904 -0.8471414 -0.4047414 -0.9128501 0.3194446 -0.2542829 -0.3920018 -0.9196882 -0.02254447 -0.9605621 0.2468976 0.1279139 -0.2585047 -0.9020978 0.3455357 -0.8270648 0.2644881 0.4959939 0.02043164 -0.7990842 0.6008718 -0.5481287 0.3675016 0.7513305 0.3700653 -0.6382485 0.6750485 -0.1984949 0.528337 0.8255057 0.6967134 -0.4626894 0.5481869 0.1281533 0.703897 0.6986457 0.9043956 -0.1934087 0.3803442 0.9973331 -0.07016715 0.02008321 0.1183221 0.8391952 0.5308025 0.2112595 0.962437 0.1705415 0.7321998 0.6810899 1.127277e-14 0.92835 -0.06646712 -0.3657164 0.1422763 0.9661373 -0.2152586 0.7159299 -0.1832991 -0.6736808 -0.07014408 0.8493048 -0.5232219 0.4169914 -0.3893604 -0.8212896 -0.369082 0.6432436 -0.6708324 0.1116336 -0.6294345 -0.768993 -0.67444 0.40317 -0.6185342 -0.1183219 -0.8391953 -0.5308024 -0.9043956 0.1934087 -0.3803442 -0.2112592 -0.9624371 -0.1705415 -0.9973331 0.07016721 -0.02008318 -0.1422765 -0.9661372 0.2152586 -0.9283499 0.06646706 0.3657165 0.07014402 -0.8493048 0.523222 -0.7159299 0.1832992 0.6736808 0.369082 -0.6432437 0.6708323 -0.4169913 0.3893603 0.8212897 0.6744401 -0.40317 0.6185342 -0.1116339 0.6294346 0.7689928 0.8670216 -0.09693109 0.4887514 0.9822364 0.09049068 0.1643867 -0.1061045 0.7616774 0.6392099 0.009109959 0.9490993 0.3148451 0.5845905 0.8113285 -1.782973e-14 0.964636 0.1386344 -0.2241828 -0.008490163 0.9972425 -0.07372447 0.8189366 0.03459821 -0.5728401 -0.1541894 0.8932069 -0.4223825 0.5841776 -0.1937392 -0.7881635 -0.388949 0.6648694 -0.6377048 0.3232633 -0.4851967 -0.8124562 -0.6498631 0.373412 -0.661998 0.1061046 -0.7616775 -0.6392099 -0.8670214 0.09693074 -0.4887517 -0.009110211 -0.9490993 -0.3148452 -0.9822364 -0.09049099 -0.1643868 0.00849031 -0.9972425 0.07372448 -0.9646361 -0.1386339 0.2241828 0.1541899 -0.8932071 0.422382 -0.8189363 -0.03459906 0.5728406 0.3889485 -0.6648692 0.6377053 -0.5841779 0.1937396 0.7881632 0.6498629 -0.3734117 0.6619985 -0.3232632 0.4851967 0.8124562 0.8171976 -0.03483734 0.5753037 0.9283214 0.2203988 0.2994056 -0.3052721 0.6165043 0.7257627 -0.194148 0.8717394 0.4498633 0.4143278 0.9101277 2.571389e-14 0.9410855 0.3293144 -0.07687693 -0.1813842 0.9806557 0.07358136 0.8520687 0.2627281 -0.4527173 -0.2704008 0.9140693 -0.3022594 0.6851229 0.03848092 -0.7274104 -0.4373466 0.6898219 -0.576952 0.4849814 -0.2833404 -0.827352 -0.6374881 0.3680006 -0.6768932 0.3052729 -0.6165045 -0.7257621 -0.8171969 0.03483644 -0.5753048 0.1941477 -0.8717393 -0.4498636 -0.9283219 -0.2203978 -0.299405 0.181384 -0.9806557 -0.07358119 -0.9410853 -0.329315 0.07687667 0.2704016 -0.9140692 0.3022589 -0.8520686 -0.2627281 0.4527174 0.4373462 -0.6898218 0.5769525 -0.6851231 -0.03848093 0.7274102 0.6374877 -0.3680003 0.6768938 -0.4849818 0.2833406 0.8273517 0.7711399 -0.004766215 0.6366479 0.8524335 0.311506 0.4199061 -0.4571772 0.4140678 0.7871066 -0.3758829 0.7303398 0.5703646 0.2280096 0.9736589 2.140471e-15 0.8698816 0.4881974 0.07049311 -0.3584349 0.9070309 0.2209509 0.8188093 0.4779629 -0.3179666 -0.4095074 0.8967969 -0.1675082 0.7129004 0.2835464 -0.6413848 -0.515416 0.70238 -0.4909263 0.5805342 -0.04295985 -0.8131018 -0.6477817 0.3758738 -0.6626445 0.4571773 -0.4140679 -0.7871066 -0.7711399 0.004766196 -0.6366479 0.3758829 -0.7303399 -0.5703646 -0.8524335 -0.3115059 -0.4199062 0.3584348 -0.907031 -0.220951 -0.8698817 -0.4881972 -0.07049311 0.4095075 -0.8967969 0.1675082 -0.8188092 -0.4779631 0.3179666 0.515416 -0.70238 0.4909264 -0.7129002 -0.2835465 0.6413849 0.6477817 -0.3758739 0.6626445 -0.5805344 0.04296 0.8131017 0.7419905 0.00200589 0.6704074 0.7722937 0.3631691 0.5212204 -0.5445745 0.1721023 0.8208651 -0.5142717 0.5332658 0.6716786 0.03285597 0.9994601 -2.03373e-14 0.7680278 0.6042332 0.212216 -0.5185377 0.7743296 0.3626739 0.7303367 0.6606047 -0.1738095 -0.5562284 0.8307013 -0.02335124 0.6693198 0.5171788 -0.5334201 -0.617246 0.6872755 -0.3829618 0.6013255 0.2123874 -0.7702592 -0.6852392 0.3824838 -0.6198011 0.5445746 -0.1721022 -0.820865 -0.741991 -0.002005826 -0.6704069 0.5142719 -0.5332656 -0.6716786 -0.7722936 -0.3631692 -0.5212204 0.5185375 -0.7743296 -0.3626741 -0.7680278 -0.6042332 -0.2122158 0.5562289 -0.830701 0.02335111 -0.7303366 -0.6606048 0.1738095 0.6172454 -0.6872758 0.3829624 -0.6693198 -0.517179 0.53342 0.6852402 -0.3824835 0.6198001 -0.6013255 -0.2123874 0.7702592 0.7375681 -0.001289658 0.6752716 0.7035458 0.3817288 0.5994217 -0.5573908 -0.08652191 0.8257296 -0.5914135 0.2964965 0.7498799 -0.1635712 0.9865315 -1.547465e-15 0.6545001 0.6738825 0.3428002 -0.6404584 0.5886503 0.4932584 0.6035736 0.7968887 -0.02583234 -0.6913852 0.7116564 0.124626 0.5644119 0.717788 -0.4077005 -0.7305477 0.6325556 -0.257242 0.5475069 0.4577761 -0.7004836 -0.7474512 0.3725439 -0.5500252 0.5573918 0.08652193 -0.825729 -0.7375682 0.001289631 -0.6752715 0.5914126 -0.2964969 -0.7498805 -0.7035454 -0.381729 -0.599422 0.6404589 -0.5886499 -0.4932582 -0.6545006 -0.6738822 -0.3427998 0.6913854 -0.7116563 -0.124626 -0.6035737 -0.7968886 0.02583236 0.7305469 -0.6325563 0.2572425 -0.5644113 -0.7177883 0.4077006 0.7474517 -0.3725435 0.5500248 -0.5475078 -0.4577758 0.7004831 0.759031 0.0005027607 0.6510543 0.6572246 0.3789855 0.6514797 -0.4941409 -0.3367551 0.8015116 -0.5959476 0.04172746 0.8019384 -0.3536591 0.9353744 6.11644e-15 0.5472072 0.7011032 0.4571855 -0.7059646 0.363845 0.6076437 0.45846 0.8805447 0.1202307 -0.794712 0.5432865 0.270689 0.414762 0.8692291 -0.2690972 -0.8384101 0.5319711 -0.1186393 0.4278214 0.6701884 -0.6064787 -0.8253506 0.3329298 -0.4560199 0.4941409 0.3367551 -0.8015116 -0.759031 -0.0005027514 -0.6510543 0.5959476 -0.04172746 -0.8019384 -0.6572246 -0.3789855 -0.6514797 0.7059646 -0.3638449 -0.6076437 -0.5472072 -0.7011032 -0.4571855 0.794712 -0.5432866 -0.270689 -0.45846 -0.8805447 -0.1202307 0.8384101 -0.5319711 0.1186393 -0.414762 -0.8692291 0.2690972 0.8253506 -0.3329298 0.4560199 -0.4278214 -0.6701884 0.6064787 0.800689 0.02156879 0.5986918 0.6380419 0.3698202 0.6753781 -0.3621341 -0.5546461 0.7491506 -0.5247826 -0.2063952 0.8258355 -0.5300432 0.8479706 -9.544582e-16 0.4602214 0.696177 0.5509391 -0.7026023 0.1199624 0.701398 0.314873 0.9131917 0.2587197 -0.8479508 0.3369765 0.4091775 0.2409443 0.9627156 -0.1229816 -0.9218799 0.3865003 0.0274767 0.2582429 0.831479 -0.4918874 -0.9045807 0.255264 -0.3414294 0.362135 0.5546463 -0.74915 -0.800689 -0.02156893 -0.5986918 0.5247816 0.2063946 -0.8258363 -0.6380419 -0.3698202 -0.6753781 0.702603 -0.1199617 -0.7013974 -0.4602211 -0.6961769 -0.5509394 0.8479506 -0.3369767 -0.4091778 -0.3148736 -0.9131916 -0.2587193 0.9218797 -0.3865007 -0.02747645 -0.2409441 -0.9627157 0.1229814 0.9045808 -0.2552637 0.3414293 -0.2582434 -0.8314789 0.4918873 0.8509619 0.07238361 0.5202157 0.6437603 0.3693507 0.6701886 -0.1764539 -0.7204593 0.6706731 -0.3836551 -0.4234926 0.8206478 -0.6858874 0.7277077 1.271293e-14 0.4017098 0.67357 0.6204295 -0.6257055 -0.1192731 0.7708869 0.1896706 0.9035285 0.3842674 -0.8377453 0.1106849 0.5347257 0.06445593 0.9976077 0.02498447 -0.9629596 0.2047646 0.1754428 0.05961822 0.9305998 -0.3611506 -0.9677974 0.1377565 -0.2106926 0.176453 0.720459 -0.6706737 -0.8509624 -0.07238441 -0.5202149 0.383656 0.4234932 -0.820647 -0.6437596 -0.36935 -0.6701897 0.6257051 0.1192728 -0.7708872 -0.4017107 -0.6735704 -0.6204284 0.8377453 -0.110685 -0.5347258 -0.18967 -0.9035284 -0.3842677 0.9629596 -0.2047646 -0.1754428 -0.06445598 -0.9976077 -0.02498445 0.9677975 -0.1377561 0.2106923 -0.05961788 -0.9305997 0.3611508 0.8943651 0.1575774 0.418665 0.6657311 0.390077 0.6361148 0.04217119 -0.8211702 0.5691231 -0.1864634 -0.5886716 0.786573 -0.8151532 0.5792454 1.746263e-14 0.3728874 0.6491824 0.662961 -0.4793072 -0.3295662 0.8134192 0.09430086 0.8654673 0.4920099 -0.7578932 -0.1132806 0.6424683 -0.09538107 0.9809784 0.1690675 -0.9475751 0.002229837 0.3195254 -0.1453328 0.9647647 -0.2193341 -0.9975272 -0.01398334 -0.06887625 -0.04217134 0.8211701 -0.5691232 -0.8943652 -0.1575786 -0.4186643 0.1864634 0.5886717 -0.786573 -0.6657309 -0.3900766 -0.6361153 0.479307 0.329566 -0.8134193 -0.372887 -0.6491821 -0.6629615 0.7578932 0.1132807 -0.6424682 -0.09430145 -0.8654675 -0.4920094 0.9475751 -0.002230129 -0.3195254 0.09538097 -0.9809784 -0.1690675 0.9975272 0.01398396 0.06887591 0.145333 -0.9647646 0.2193343 0.9141821 0.2747394 0.2979754 0.6905294 0.4394843 0.574476 0.2702324 -0.8519868 0.4484338 0.04657978 -0.6872417 0.7249339 -0.9128312 0.4083372 6.110791e-15 0.3681229 0.6374228 0.6768882 -0.275827 -0.4893035 0.8273461 0.03335117 0.8155172 0.5777711 -0.6105986 -0.3112088 0.7282296 -0.2240843 0.9260468 0.3036834 -0.868034 -0.2006796 0.4541417 -0.3352035 0.9393956 -0.07193371 -0.9791533 -0.1873305 0.07852464 -0.2702324 0.8519868 -0.4484338 -0.9141822 -0.2747389 -0.2979756 -0.04657962 0.6872417 -0.7249339 -0.6905296 -0.4394852 -0.5744751 0.275827 0.4893035 -0.8273461 -0.3681226 -0.6374223 -0.6768888 0.6105986 0.3112088 -0.7282296 -0.03335115 -0.8155172 -0.5777711 0.868034 0.2006795 -0.4541417 0.2240843 -0.9260468 -0.3036834 0.9791533 0.1873306 -0.07852467 0.3352035 -0.9393956 0.0719337 0.895423 0.414374 0.1628245 0.7024005 0.5184796 0.4876601 0.4846711 -0.8166689 0.3132824 0.2916489 -0.712563 0.6381183 -0.9751364 0.2216054 2.26472e-15 0.3762007 0.6485875 0.6616701 -0.03455132 -0.5824555 0.8121279 0.004228432 0.7698353 0.6382285 -0.4065233 -0.4612066 0.788687 -0.3138461 0.8497352 0.4236162 -0.7245982 -0.381308 0.5740747 -0.4927962 0.8668771 0.07533945 -0.903548 -0.3641657 0.2257973 -0.4846713 0.8166686 -0.3132827 -0.8954231 -0.4143739 -0.1628244 -0.2916486 0.7125632 -0.6381182 -0.7024006 -0.5184796 -0.48766 0.03455107 0.582455 -0.8121283 -0.3762007 -0.6485874 -0.6616702 0.4065234 0.4612078 -0.7886863 -0.00422875 -0.7698357 -0.6382281 0.7245983 0.3813073 -0.5740749 0.3138468 -0.8497347 -0.4236168 0.9035479 0.3641657 -0.2257976 0.4927961 -0.8668772 -0.07533921 0.8275878 0.561033 0.01844848 0.6861424 0.6209212 0.3790323 0.6659508 -0.7266223 0.1689068 0.5245051 -0.6667344 0.52949 -0.9996544 0.02628655 7.844629e-15 0.3825008 0.6869479 0.6178962 0.2208638 -0.6007079 0.7683548 -0.0019763 0.7414192 0.6710392 -0.1636132 -0.5462354 0.8214972 -0.3642684 0.7697423 0.5242188 -0.5259053 -0.5179136 0.674677 -0.6072999 0.7643261 0.2167775 -0.7689371 -0.5233294 0.3672358 -0.6659508 0.7266223 -0.1689068 -0.8275877 -0.5610333 -0.01844844 -0.5245054 0.6667339 -0.5294903 -0.6861426 -0.620921 -0.3790323 -0.2208637 0.6007083 -0.7683546 -0.3825008 -0.6869479 -0.6178962 0.1636132 0.5462355 -0.8214971 0.001976131 -0.7414198 -0.6710386 0.5259054 0.5179135 -0.674677 0.3642687 -0.7697416 -0.5242195 0.768937 0.5233295 -0.3672358 0.6072998 -0.7643262 -0.2167774 0.7067959 0.6954527 -0.1295575 0.6299575 0.7343331 0.2528013 0.8005373 -0.5989183 0.02090088 0.7236988 -0.5600375 0.4032591 -0.9854352 -0.1700513 -1.626532e-14 0.3717632 0.7498626 0.5472643 0.4655045 -0.5445084 0.6977221 0.00139649 0.73788 0.6749305 0.09513773 -0.5564905 0.8253891 -0.3819034 0.7015957 0.6015923 -0.288162 -0.5927755 0.7520504 -0.6754317 0.650732 0.3469004 -0.5816905 -0.6436385 0.4973587 -0.8005374 0.5989183 -0.02090087 -0.7067958 -0.6954527 0.1295575 -0.7236988 0.5600376 -0.4032591 -0.6299575 -0.7343331 -0.2528013 -0.4655045 0.5445084 -0.6977221 -0.3717632 -0.7498626 -0.5472643 -0.09513773 0.5564905 -0.8253891 -0.001396495 -0.73788 -0.6749305 0.288162 0.5927755 -0.7520504 0.3819035 -0.7015957 -0.6015923 0.5816905 0.6436385 -0.4973587 0.6754317 -0.650732 -0.3469004 0.5369372 0.797384 -0.2754581 0.5278181 0.8416913 0.1138587 0.8824243 -0.4535443 -0.1249998 0.873305 -0.4092369 0.264317 -0.9330297 -0.3597993 -9.843908e-15 0.3309836 0.828061 0.4525094 0.6764708 -0.4228678 0.6029678 -0.0008235399 0.7601445 0.6497535 0.3446634 -0.4907836 0.8002116 -0.3786969 0.6561409 0.6527386 -0.03320984 -0.5947874 0.8031968 -0.7013851 0.5439176 0.4606654 -0.3558978 -0.7070111 0.6111236 -0.8824243 0.4535443 0.1249998 -0.5369372 -0.797384 0.2754581 -0.873305 0.409237 -0.2643168 -0.527818 -0.8416913 -0.1138589 -0.676471 0.4228669 -0.6029681 -0.3309837 -0.828061 -0.4525094 -0.3446635 0.4907846 -0.800211 0.0008236359 -0.7601446 -0.6497534 0.03321014 0.5947869 -0.8031972 0.3786969 -0.6561409 -0.6527387 0.3558978 0.7070112 -0.6111236 0.7013852 -0.5439175 -0.4606654 0.3296405 0.8486887 -0.4135996 0.3809585 0.9240239 -0.03241064 0.9134857 -0.3103231 -0.2631417 0.9648035 -0.2349876 0.1180472 -0.8444689 -0.5356046 4.642394e-15 0.2519779 0.9070461 0.3373047 0.8358232 -0.2519658 0.4877631 -0.02273995 0.8023041 0.5964822 0.5611053 -0.3567077 0.7469408 -0.3695849 0.6378628 0.675676 0.2142602 -0.5211488 0.8261335 -0.6956207 0.4577856 0.5536643 -0.1117759 -0.7012257 0.7041227 -0.9134856 0.3103235 0.2631413 -0.3296405 -0.8486886 0.4135998 -0.9648034 0.2349876 -0.1180472 -0.3809583 -0.924024 0.03241071 -0.8358233 0.2519654 -0.4877631 -0.2519782 -0.9070459 -0.337305 -0.5611054 0.3567082 -0.7469404 0.02273978 -0.8023038 -0.5964826 -0.2142598 0.5211481 -0.826134 0.369585 -0.6378632 -0.6756755 0.1117756 0.7012258 -0.7041225 0.6956207 -0.457786 -0.5536641 0.103051 0.8362171 -0.5386292 0.1982458 0.963419 -0.1803398 0.9026294 -0.185965 -0.3881715 0.9978246 -0.05876354 -0.0298814 -0.723184 -0.6906554 1.889714e-14 0.1331985 0.96942 0.2061143 0.9327766 -0.0527625 0.3565725 -0.07466399 0.8526125 0.517182 0.7249151 -0.1695701 0.6676407 -0.3696418 0.6442938 0.669515 0.4299367 -0.3778886 0.8199724 -0.6726991 0.4002853 0.6222922 0.1268797 -0.6218978 0.7727513 -0.9026294 0.185965 0.3881715 -0.1030506 -0.8362173 0.5386291 -0.9978246 0.05876347 0.02988142 -0.1982462 -0.9634189 0.1803397 -0.9327766 0.05276252 -0.3565725 -0.133198 -0.9694201 -0.2061142 -0.7249151 0.1695701 -0.6676407 0.07466378 -0.8526125 -0.5171821 -0.4299367 0.3778887 -0.8199723 0.3696418 -0.6442938 -0.6695151 -0.1268798 0.6218979 -0.7727513 0.6726991 -0.4002853 -0.6222922 -0.1204282 0.7540333 -0.6457018 -0.004650464 0.9459787 -0.3241953 0.8639 -0.09170999 -0.4952434 0.9796776 0.1002356 -0.1737374 -0.5738754 -0.8189426 4.122808e-14 -0.01950183 0.997758 0.06402144 0.9648265 0.1520147 0.2144793 -0.1610022 0.8954968 0.4149262 0.8233258 0.04975381 0.5653841 -0.3912374 0.6665962 0.6344942 0.5930904 -0.1791467 0.7849524 -0.6485163 0.3723902 0.6638916 0.3358123 -0.4733534 0.8143505 -0.8638997 0.0917094 0.4952441 0.1204284 -0.7540335 0.6457016 -0.9796776 -0.1002355 0.1737372 0.004650149 -0.9459787 0.3241955 -0.9648264 -0.1520146 -0.2144796 0.01950178 -0.997758 -0.06402121 -0.8233257 -0.0497539 -0.5653843 0.1610026 -0.8954969 -0.4149258 -0.5930909 0.1791473 -0.7849519 0.3912371 -0.666596 -0.6344945 -0.3358118 0.4733531 -0.8143508 0.6485159 -0.3723898 -0.6638922 -0.3170924 0.6046294 -0.730668 -0.2071856 0.864257 -0.4584037 0.8138418 -0.0319012 -0.5802102 0.9237482 0.227726 -0.3079451 -0.4023289 -0.9154952 2.353953e-14 -0.1932813 0.9775866 -0.08346753 0.937653 0.341056 0.06699035 -0.2791029 0.9142516 0.2936759 0.8518311 0.2777209 0.4441338 -0.4416558 0.6912226 0.5719715 0.6892778 0.05469224 0.7224299 -0.6373842 0.3682601 0.67685 0.4935504 -0.2682708 0.8273082 -0.8138421 0.03190148 0.5802098 0.317092 -0.6046292 0.7306683 -0.9237478 -0.2277266 0.3079456 0.2071863 -0.864257 0.4584034 -0.937653 -0.3410558 -0.06699063 0.193281 -0.9775866 0.08346774 -0.8518309 -0.2777212 -0.444134 0.2791028 -0.9142517 -0.2936758 -0.6892781 -0.05469192 -0.7224296 0.4416565 -0.6912227 -0.5719709 -0.4935502 0.2682707 -0.8273083 0.6373838 -0.3682599 -0.6768505 -0.4651648 0.3989352 -0.7902356 -0.3866831 0.7187945 -0.5777635 0.7685512 -0.00371705 -0.6397775 0.8470327 0.3161423 -0.4273051 -0.2151917 -0.9765718 -3.089282e-15 -0.3698766 0.8999988 -0.2306372 0.8638389 0.4973465 -0.08017937 -0.4192491 0.8939939 0.15813 0.8144668 0.491342 0.3085885 -0.5215698 0.7023897 0.4843694 0.7121458 0.2997372 0.6348275 -0.6494233 0.3765256 0.6606648 0.584292 -0.02612657 0.8111228 -0.7685513 0.003717106 0.6397774 0.4651648 -0.3989352 0.7902357 -0.8470326 -0.3161424 0.4273052 0.386683 -0.7187945 0.5777635 -0.8638388 -0.4973467 0.08017937 0.3698769 -0.8999986 0.2306372 -0.8144671 -0.4913417 -0.3085882 0.4192484 -0.8939942 -0.1581305 -0.7121457 -0.2997374 -0.6348275 0.5215703 -0.7023895 -0.4843691 -0.5842919 0.02612651 -0.8111229 0.6494233 -0.3765255 -0.6606648 -0.5478128 0.1551063 -0.8220968 -0.5214859 0.5185012 -0.6776496 0.7408766 0.001935693 -0.6716384 0.7672043 0.3653306 -0.5271917 -0.0197159 -0.9998056 -9.714012e-16 -0.5280779 0.7634853 -0.3717848 0.760612 0.6103146 -0.2213269 -0.5658241 0.8244148 0.01354171 0.7228659 0.6712442 0.1640001 -0.6246091 0.6849645 0.3750829 0.6640806 0.5317934 0.5255405 -0.688684 0.3824987 0.6159619 0.6000067 0.2293281 0.7664206 -0.7408766 -0.001935626 0.6716384 0.5478127 -0.1551064 0.8220968 -0.7672043 -0.3653306 0.5271918 0.5214859 -0.5185012 0.6776496 -0.7606121 -0.6103144 0.2213268 0.5280779 -0.7634853 0.3717848 -0.722866 -0.6712442 -0.1639999 0.5658239 -0.8244149 -0.01354201 -0.6640805 -0.5317933 -0.5255407 0.6246098 -0.6849641 -0.3750823 -0.6000068 -0.2293281 -0.7664206 0.6886835 -0.3824989 -0.6159623 -0.5555054 -0.1037433 -0.8250158 -0.5940555 0.2798083 -0.7541918 0.7382215 -0.001496899 -0.6745567 0.6996709 0.3820547 -0.6037341 0.1765241 -0.9842963 8.369864e-15 -0.6467549 0.5746872 -0.5014406 0.6469716 0.6769334 -0.3509827 -0.6994837 0.7018803 -0.1344866 0.5942435 0.8041266 0.01597182 -0.7381121 0.6273075 0.2483461 0.5556142 0.7295536 0.3988038 -0.752292 0.3709487 0.5444757 0.5414351 0.4731954 0.6949346 -0.7382205 0.001497047 0.6745578 0.5555064 0.1037433 0.8250152 -0.6996714 -0.3820546 0.6037336 0.5940551 -0.2798085 0.7541921 -0.6469719 -0.6769333 0.3509824 0.6467549 -0.574687 0.5014408 -0.594243 -0.8041269 -0.01597153 0.6994835 -0.7018805 0.1344864 -0.5556141 -0.7295535 -0.398804 0.7381126 -0.6273072 -0.2483456 -0.5414358 -0.4731952 -0.6949342 0.7522912 -0.3709491 -0.5444766 -0.4873505 -0.3525346 -0.7988797 -0.5935416 0.02470084 -0.8044241 0.7612811 0.001166936 -0.648421 0.6550885 0.3784018 -0.6539657 0.3659237 -0.9306449 -1.007546e-14 -0.7079799 0.3479303 -0.6145804 0.5406507 0.7016316 -0.4641227 -0.7999994 0.5305455 -0.2802186 0.4486315 0.8842466 -0.1297602 -0.8449448 0.5236144 0.1090702 0.403686 0.8773155 0.2595285 -0.8307726 0.3289944 0.4489762 0.4178581 0.6826954 0.5994343 -0.7612807 -0.001166631 0.6484215 0.4873499 0.3525346 0.7988801 -0.6550881 -0.3784017 0.6539662 0.5935425 -0.02470044 0.8044235 -0.5406516 -0.7016314 0.464122 0.7079795 -0.3479305 0.6145806 -0.4486311 -0.8842468 0.1297604 0.7999994 -0.5305455 0.2802186 -0.403686 -0.8773156 -0.2595283 0.8449448 -0.5236143 -0.1090703 -0.417858 -0.6826955 -0.5994343 0.8307722 -0.3289947 -0.4489767 -0.3512214 -0.5675052 -0.7447021 -0.5174367 -0.2220895 -0.8263991 0.8039278 0.02394416 -0.5942447 0.637713 0.3693604 -0.6759401 0.5411433 -0.8409304 -9.273491e-15 -0.6997668 0.1035951 -0.7068199 0.4553824 0.6950451 -0.5563625 -0.8493548 0.322283 -0.4180072 0.3057947 0.9137326 -0.2675488 -0.9261201 0.3753754 -0.03734706 0.2290293 0.9668254 0.1131113 -0.9094926 0.2486477 0.3331629 0.2456564 0.8400975 0.4836209 -0.8039281 -0.02394453 0.5942443 0.3512216 0.5675052 0.7447021 -0.637713 -0.3693605 0.67594 0.5174366 0.2220895 0.8263992 -0.4553824 -0.6950451 0.5563625 0.6997668 -0.1035951 0.70682 -0.3057947 -0.9137326 0.2675488 0.8493549 -0.3222828 0.4180072 -0.2290293 -0.9668254 -0.1131113 0.9261199 -0.3753759 0.03734701 -0.2456567 -0.8400973 -0.4836209 0.909493 -0.248647 -0.3331624 -0.1626513 -0.7292978 -0.6645821 -0.3720585 -0.4363208 -0.8192659 0.8542541 0.07698172 -0.5141242 0.6448467 0.3699586 -0.6688074 0.6953934 -0.7186293 -3.02151e-15 -0.6180128 -0.1344533 -0.7745854 0.3988926 0.6718262 -0.6241268 -0.8346108 0.09541938 -0.5425126 0.1822945 0.9016993 -0.3920549 -0.9638144 0.1917049 -0.1852322 0.05309093 0.997984 -0.03477381 -0.9710046 0.1286011 0.2015237 0.04590091 0.9348806 0.351982 -0.8542541 -0.07698155 0.5141242 0.1626508 0.7292976 0.6645823 -0.6448472 -0.369959 0.6688068 0.3720589 0.4363211 0.8192656 -0.3988917 -0.6718258 0.6241278 0.6180132 0.1344535 0.774585 -0.1822949 -0.9016994 0.3920544 0.8346106 -0.09541992 0.5425129 -0.05309086 -0.997984 0.03477386 0.9638145 -0.1917047 0.1852322 -0.04590087 -0.9348807 -0.3519818 0.9710046 -0.1286009 -0.2015239 0.0573463 -0.8254026 -0.5616244 -0.1717914 -0.5974345 -0.7833005 0.8966017 0.1644628 -0.4111659 0.6674641 0.3924306 -0.6328427 0.8226966 -0.5684807 -1.423216e-15 -0.4673365 -0.3420011 -0.8152495 0.3719192 0.6478643 -0.6647916 -0.7500977 -0.127545 -0.6489112 0.08915772 0.86232 -0.4984527 -0.9443102 -0.0115309 -0.3288546 -0.1050543 0.9783345 -0.1783963 -0.9979343 -0.0250436 0.05916047 -0.1586789 0.9648217 0.2096188 -0.8966016 -0.1644622 0.4111662 -0.05734619 0.8254026 0.5616244 -0.6674644 -0.392431 0.6328422 0.1717916 0.5974346 0.7833004 -0.3719195 -0.6478645 0.6647913 0.4673362 0.3420008 0.8152499 -0.08915735 -0.8623198 0.4984532 0.750098 0.1275457 0.6489107 0.1050544 -0.9783345 0.1783962 0.9443101 0.01153054 0.3288547 0.1586787 -0.9648218 -0.2096188 0.9979343 0.02504361 -0.05916047 0.2851934 -0.8516012 -0.4398183 0.06281649 -0.6912323 -0.7198972 0.9142774 0.2834919 -0.2893599 0.6919008 0.4438609 -0.5694391 0.9181196 -0.3963033 2.964468e-14 -0.2606728 -0.4977216 -0.8272381 0.368411 0.6373713 -0.67678 -0.5985967 -0.3229209 -0.7330785 0.03048739 0.8121725 -0.5826203 -0.8604082 -0.213667 -0.462649 -0.2313244 0.921426 -0.3121907 -0.9759554 -0.199235 -0.08841049 -0.3468712 0.9358581 0.06204788 -0.9142774 -0.283492 0.2893599 -0.2851934 0.8516012 0.4398183 -0.6919008 -0.4438609 0.5694391 -0.06281649 0.6912323 0.7198972 -0.368411 -0.6373713 0.67678 0.2606728 0.4977216 0.8272381 -0.03048741 -0.8121725 0.5826203 0.5985967 0.3229209 0.7330785 0.2313245 -0.921426 0.3121907 0.8604083 0.213667 0.4626489 0.3468712 -0.9358581 -0.06204789 0.9759554 0.1992351 0.08841048 0.4979744 -0.8122044 -0.3038839 0.3078114 -0.7116487 -0.6315127 0.8925096 0.4241308 -0.1534261 0.7023464 0.5246869 -0.4810542 0.9779651 -0.2087686 -9.533286e-15 -0.0176873 -0.5860451 -0.8100853 0.3768479 0.6502904 -0.6596271 -0.3913042 -0.4690484 -0.7917541 0.003230767 0.7672867 -0.6412961 -0.7129292 -0.3920085 -0.5814304 -0.3183942 0.844327 -0.4309722 -0.8963831 -0.3755675 -0.2354706 -0.501848 0.860768 -0.08501227 -0.8925095 -0.4241312 0.1534258 -0.4979746 0.8122043 0.3038841 -0.7023464 -0.5246866 0.4810545 -0.3078114 0.7116489 0.6315124 -0.3768479 -0.6502905 0.6596271 0.0176872 0.586045 0.8100854 -0.003230866 -0.7672867 0.641296 0.3913042 0.4690483 0.7917542 0.318394 -0.8443271 0.4309722 0.7129293 0.3920084 0.5814304 0.5018479 -0.860768 0.08501248 0.8963832 0.3755674 0.2354704 0.6764848 -0.7190681 -0.1590893 0.5390432 -0.6613589 -0.5215716 0.8211822 0.5706009 -0.008631336 0.683741 0.6283095 -0.3711138 0.9999136 -0.01314464 1.830413e-14 0.2377796 -0.5992218 -0.7644567 0.382477 0.6904479 -0.6139976 -0.1465826 -0.5493068 -0.8226637 -0.001885128 0.7403613 -0.6722066 -0.511054 -0.5249879 -0.6805965 -0.3663558 0.7646814 -0.5301375 -0.7579745 -0.5327824 -0.3763211 -0.6132769 0.7568865 -0.2258633 -0.8211825 -0.5706004 0.00863147 -0.6764848 0.7190681 0.1590893 -0.6837406 -0.6283102 0.3711132 -0.5390429 0.661359 0.5215716 -0.3824774 -0.6904468 0.6139986 -0.2377798 0.5992212 0.7644571 0.001884825 -0.7403624 0.6722053 0.1465827 0.5493078 0.822663 0.3663565 -0.7646805 0.5301384 0.5110541 0.5249875 0.6805967 0.6132765 -0.7568869 0.2258629 0.7579745 0.5327822 0.3763213 0.8076566 -0.5895496 -0.01104528 0.735352 -0.5511422 -0.3943346 0.6969098 0.7034776 0.1394131 0.6246054 0.7418843 -0.2438765 0.9831149 0.1829896 6.212449e-17 0.4808474 -0.5382898 -0.6921199 0.3701005 0.7547373 -0.5416616 0.1123375 -0.5544355 -0.8246099 0.001590587 0.7385916 -0.6741513 -0.271436 -0.5952538 -0.7563038 -0.3821828 0.6977728 -0.605846 -0.5676412 -0.6498068 -0.5055044 -0.6783881 0.6432197 -0.3550465 -0.6969098 -0.7034776 -0.1394131 -0.8076566 0.5895496 0.01104527 -0.6246054 -0.7418843 0.2438765 -0.735352 0.5511422 0.3943346 -0.3701005 -0.7547373 0.5416616 -0.4808474 0.5382898 0.6921199 -0.00159059 -0.7385916 0.6741513 -0.1123374 0.5544361 0.8246096 0.382183 -0.6977727 0.605846 0.2714362 0.5952531 0.7563043 0.6783881 -0.6432197 0.3550465 0.5676409 0.6498071 0.5055043 0.8860121 -0.4437219 0.1345119 0.8812606 -0.3981097 -0.254732 0.5241124 0.8025573 0.2849702 0.5193604 0.8481697 -0.1042736 0.9282198 0.3720322 1.11937e-14 0.6888615 -0.4127938 -0.5958784 0.3269617 0.8334849 -0.44542 0.3603678 -0.4838409 -0.7975168 -0.001531794 0.7624379 -0.6470595 -0.01620078 -0.5922119 -0.8056194 -0.3781008 0.654068 -0.6551601 -0.3399428 -0.7088707 -0.618014 -0.7018429 0.5374082 -0.4675564 -0.5241125 -0.8025572 -0.2849703 -0.8860121 0.4437219 -0.1345119 -0.5193608 -0.8481694 0.1042739 -0.8812608 0.3981094 0.2547318 -0.3269617 -0.8334848 0.4454203 -0.6888614 0.4127945 0.595878 0.00153258 -0.7624394 0.6470578 -0.3603677 0.4838411 0.7975167 0.3781006 -0.6540663 0.6551619 0.01620126 0.5922109 0.8056201 0.7018428 -0.5374087 0.467556 0.3399425 0.7088709 0.6180138 0.9139331 -0.3012871 0.271942 0.9687818 -0.22307 -0.1081736 0.3149038 0.8499496 0.4223995 0.369753 0.9281674 0.04228474 0.8373556 0.5466586 -1.780149e-14 0.8443012 -0.2393167 -0.4794612 0.2452718 0.9119205 -0.3290027 0.5738455 -0.3456762 -0.7424347 -0.02518341 0.8055611 -0.5919773 0.2298828 -0.5136477 -0.8266317 -0.3691465 0.6375899 -0.676173 -0.0954219 -0.6982247 -0.7094906 -0.6944511 0.4530126 -0.5590324 -0.3149039 -0.8499494 -0.4223998 -0.913933 0.3012876 -0.2719415 -0.3697529 -0.9281674 -0.04228476 -0.9687819 0.2230698 0.1081736 -0.2452722 -0.9119202 0.3290031 -0.8443012 0.2393173 0.4794608 0.0251841 -0.8055617 0.5919764 -0.5738453 0.3456759 0.742435 0.3691461 -0.6375889 0.6761742 -0.2298826 0.5136473 0.826632 0.6944511 -0.4530138 0.5590315 0.09542168 0.6982249 0.7094904 0.9007387 -0.1786587 0.3959177 0.9980865 -0.04743831 0.03966154 0.08779275 0.832926 0.546376 0.185141 0.9641459 0.1901199 0.7140434 0.7001014 1.047645e-14 0.9369118 -0.03903385 -0.3473797 0.1239664 0.9725504 -0.1969214 0.7336065 -0.1556968 -0.6614984 -0.0793389 0.8558874 -0.5110402 0.442646 -0.3661678 -0.8185265 -0.3702998 0.6454169 -0.6680682 0.1419926 -0.6140505 -0.7763892 -0.6709526 0.3975334 -0.6259312 -0.08779282 -0.8329259 -0.5463761 -0.9007387 0.1786586 -0.3959178 -0.185141 -0.9641459 -0.1901199 -0.9980865 0.04743833 -0.03966155 -0.1239667 -0.9725503 0.1969215 -0.9369118 0.03903349 0.3473797 0.07934032 -0.855888 0.511039 -0.7336065 0.1556972 0.6614982 0.3702987 -0.6454158 0.6680698 -0.4426463 0.3661681 0.8185262 0.6709529 -0.3975338 0.6259306 -0.1419919 0.61405 0.7763896 0.8607284 -0.08664541 0.5016364 0.9769494 0.1098382 0.1830447 -0.1346324 0.7460873 0.652095 -0.01841006 0.9425693 0.3335029 0.5630613 0.8264151 1.893103e-14 0.964751 0.1653239 -0.2047522 -0.03060854 0.9980557 -0.054294 0.8274011 0.06494722 -0.5578434 -0.167959 0.8976789 -0.4073849 0.601703 -0.1643974 -0.7816182 -0.393657 0.6683344 -0.6311603 0.3481313 -0.4612564 -0.8161171 -0.6472279 0.3714749 -0.6656594 0.1346319 -0.7460872 -0.6520952 -0.8607284 0.08664541 -0.5016365 0.01841005 -0.9425693 -0.3335029 -0.9769494 -0.1098381 -0.1830447 0.03060852 -0.9980558 0.05429397 -0.964751 -0.1653241 0.2047523 0.167959 -0.8976789 0.4073848 -0.8274013 -0.06494654 0.5578432 0.3936568 -0.6683345 0.6311603 -0.6017026 0.1643971 0.7816185 0.6472278 -0.3714748 0.6656596 -0.3481311 0.4612561 0.8161173 0.8105093 -0.02910912 0.585002 0.9190819 0.2348775 0.3164191 -0.3286945 0.5925014 0.7354604 -0.2201218 0.8564881 0.4668775 0.3902606 0.9207044 -7.590483e-15 0.9340113 0.3526496 -0.05710545 -0.2051916 0.9742596 0.09335239 0.851298 0.2926484 -0.4354866 -0.287905 0.9142589 -0.2850288 0.6931038 0.07095328 -0.7173373 -0.4460998 0.6925633 -0.5668783 0.501818 -0.2530345 -0.827135 -0.6373853 0.3685757 -0.6766772 0.3286943 -0.5925015 -0.7354604 -0.8105089 0.0291088 -0.5850025 0.2201211 -0.8564882 -0.4668776 -0.9190818 -0.2348778 -0.3164192 0.205192 -0.9742595 -0.09335268 -0.9340114 -0.3526495 0.05710568 0.2879047 -0.9142589 0.2850291 -0.8512982 -0.2926483 0.4354864 0.4460999 -0.6925633 0.5668783 -0.693104 -0.07095284 0.7173371 0.6373847 -0.3685754 0.6766779 -0.501817 0.253034 0.8271357 0.7660441 -0.002770418 0.6427821 0.8416182 0.3206023 0.4346182 -0.4728587 0.3836311 0.7932414 -0.3972834 0.7070028 0.5850751 0.2023367 0.979316 -1.739486e-15 0.857665 0.5063001 0.08983845 -0.3812367 0.8927015 0.2402969 0.8098815 0.5045685 -0.2991698 -0.4290202 0.8909694 -0.1487119 0.7110728 0.3158695 -0.6281734 -0.5278291 0.7022707 -0.4777157 0.5877127 -0.009233427 -0.809017 -0.6511884 0.3771672 -0.658558 0.4728591 -0.3836313 -0.793241 -0.7660428 0.002769648 -0.6427837 0.3972829 -0.7070027 -0.5850756 -0.8416191 -0.3206014 -0.434617 0.3812369 -0.8927015 -0.2402968 -0.8576648 -0.5063004 -0.08983856 0.4290202 -0.8909694 0.1487117 -0.8098815 -0.5045685 0.29917 0.5278296 -0.7022707 0.4777151 -0.7110728 -0.3158694 0.6281736 0.6511872 -0.3771671 0.6585592 -0.5877129 0.009233485 0.8090169 0.7398763 0.001824489 0.6727405 0.762172 0.3673455 0.5330583 -0.5507159 0.138043 0.8231987 -0.5284201 0.5035641 0.6835169 0.006572475 0.9999784 -6.602139e-15 0.75315 0.6161874 0.230387 -0.5374416 0.7524056 0.3808442 0.7152299 0.6816716 -0.1541754 -0.5753624 0.8178901 -0.003716968 0.6585702 0.5462534 -0.5175834 -0.6320213 0.682472 -0.3671253 0.5983541 0.2462169 -0.7624628 -0.6922381 0.3824353 -0.6120046 0.5507159 -0.1380429 -0.8231987 -0.7398763 -0.001824484 -0.6727405 0.5284204 -0.503564 -0.6835167 -0.7621716 -0.3673458 -0.5330586 0.5374413 -0.7524056 -0.3808447 -0.7531503 -0.6161873 -0.2303864 0.5753625 -0.8178901 0.003716904 -0.7152296 -0.6816719 0.1541753 0.632021 -0.682472 0.3671258 -0.6585708 -0.5462531 0.5175829 0.6922386 -0.3824351 0.6120042 -0.5983537 -0.2462171 0.7624631 0.7389894 -0.001676951 0.673715 0.6959021 0.3822885 0.6079274 -0.5532793 -0.1209195 0.8241726 -0.5963706 0.2630456 0.7583859 -0.1894468 0.981891 4.122808e-15 0.6394773 0.6797957 0.3590913 -0.6527937 0.560553 0.5095495 0.5848372 0.8111276 -0.006121376 -0.7074335 0.6918849 0.1443369 0.5466221 0.7410938 -0.3898515 -0.7456488 0.6218511 -0.2393931 0.5350717 0.48846 -0.6892787 -0.7571993 0.3692175 -0.5388205 0.5532804 0.1209194 -0.8241719 -0.7389905 0.001676795 -0.6737138 0.59637 -0.2630459 -0.7583863 -0.6959016 -0.3822886 -0.6079279 0.6527934 -0.5605532 -0.5095497 -0.6394773 -0.6797957 -0.3590913 0.7074336 -0.6918849 -0.1443365 -0.5848371 -0.8111276 0.006120932 0.7456488 -0.621851 0.2393932 -0.5466223 -0.7410937 0.3898515 0.7571999 -0.3692171 0.53882 -0.5350722 -0.4884599 0.6892784 0.7636184 0.001920843 0.645665 0.6530763 0.377794 0.6563254 -0.4802554 -0.3681623 0.7961227 -0.5907975 0.007711053 0.806783 -0.3781249 0.9257546 -2.324585e-14 0.5341909 0.7020194 0.4709658 -0.7096826 0.3319369 0.6214246 0.4388163 0.8877209 0.1392545 -0.8050576 0.5176377 0.2897128 0.3925088 0.8851401 -0.2499278 -0.8513649 0.5150569 -0.09946937 0.4076764 0.6949684 -0.5922996 -0.8361966 0.324886 -0.4418421 0.4802552 0.3681622 -0.7961229 -0.7636191 -0.001921197 -0.6456642 0.5907972 -0.007711047 -0.8067832 -0.6530766 -0.3777941 -0.656325 0.7096831 -0.3319363 -0.6214243 -0.5341904 -0.7020196 -0.4709662 0.8050573 -0.5176381 -0.2897128 -0.4388162 -0.887721 -0.1392545 0.8513648 -0.515057 0.09946946 -0.3925089 -0.88514 0.2499278 0.8361975 -0.3248849 0.441841 -0.4076761 -0.6949684 0.5922998 0.8072024 0.02645666 0.5896816 0.6374943 0.368944 0.6763737 -0.3400733 -0.5801254 0.7401383 -0.5097803 -0.237638 0.8268327 -0.5521501 0.8337447 -8.239967e-14 0.4506753 0.6938391 0.5616753 -0.6966004 0.08725636 0.7121335 0.2968038 0.9140871 0.276319 -0.8504717 0.3075046 0.4267773 0.2171096 0.970673 -0.1032344 -0.9301657 0.3640901 0.04722404 0.232948 0.8484344 -0.4752833 -0.9143279 0.2418523 -0.3248261 0.3400715 0.580125 -0.7401394 -0.8072029 -0.02645718 -0.5896808 0.5097812 0.2376386 -0.8268319 -0.6374948 -0.3689442 -0.6763731 0.6966005 -0.08725633 -0.7121334 -0.4506744 -0.693839 -0.5616761 0.8504715 -0.307505 -0.4267774 -0.2968043 -0.914087 -0.2763188 0.9301656 -0.3640905 -0.0472239 -0.2171096 -0.970673 0.1032343 0.9143286 -0.2418511 0.324825 -0.2329472 -0.8484344 0.4752838 0.8575108 0.08173434 0.5079319 0.6460044 0.3706664 0.6672965 -0.1487089 -0.7378415 0.6583887 -0.3602152 -0.4489103 0.8177558 -0.7047792 0.7094267 4.484823e-14 0.3962078 0.6700791 0.6277049 -0.6100111 -0.1494971 0.7781626 0.1750567 0.899748 0.3997609 -0.8311626 0.08017166 0.5502193 0.04180699 0.9981323 0.04454418 -0.9644127 0.1785558 0.1950025 0.03216233 0.9388702 -0.3427656 -0.9740569 0.1192939 -0.1923073 0.1487087 0.7378413 -0.6583889 -0.8575115 -0.08173597 -0.5079303 0.3602155 0.4489105 -0.8177555 -0.6460034 -0.3706653 -0.6672982 0.6100114 0.1494974 -0.7781623 -0.3962089 -0.6700795 -0.6277037 0.8311624 -0.08017219 -0.5502194 -0.1750559 -0.8997479 -0.3997613 0.9644127 -0.1785558 -0.1950025 -0.04180714 -0.9981322 -0.04454416 0.9740571 -0.1192929 0.1923069 -0.03216241 -0.9388703 0.3427655 0.8987276 0.1714888 0.4035844 0.6692069 0.3949176 0.629446 0.07255579 -0.8293213 0.5540413 -0.1569653 -0.6058949 0.7799059 -0.8300979 0.5576177 3.896901e-16 0.371057 0.6466072 0.6664952 -0.4551147 -0.3542039 0.8169518 0.08417078 0.8591252 0.5047962 -0.7420013 -0.1416857 0.6552551 -0.1145842 0.9755235 0.1876816 -0.9407561 -0.02528775 0.3381398 -0.17195 0.9646145 -0.1998801 -0.9981219 -0.03619737 -0.0494216 -0.07255535 0.8293215 -0.5540411 -0.8987276 -0.1714888 -0.4035844 0.156965 0.6058947 -0.7799062 -0.669207 -0.3949175 -0.6294459 0.4551144 0.3542035 -0.8169521 -0.3710568 -0.6466071 -0.6664954 0.7420015 0.1416862 -0.6552548 -0.08417079 -0.8591252 -0.5047962 0.9407561 0.02528773 -0.3381399 0.1145841 -0.9755235 -0.1876815 0.9981219 0.03619741 0.04942162 0.1719502 -0.9646145 0.1998801 0.9141956 0.2923426 0.2806818 0.6932095 0.44837 0.5642915 0.3000853 -0.8509217 0.4311392 0.07910098 -0.6948925 0.71475 -0.9232494 0.3842011 2.390663e-14 0.3687542 0.6374273 0.6765403 -0.2453566 -0.5058388 0.8269989 0.02776431 0.8088515 0.5873571 -0.5863438 -0.3344105 0.7378147 -0.238386 0.9167161 0.3206303 -0.8524967 -0.2265492 0.471089 -0.3583896 0.9321136 -0.05216424 -0.9724988 -0.2111502 0.09829396 -0.3000861 0.8509211 -0.4311398 -0.9141957 -0.2923424 -0.2806816 -0.07909921 0.6948939 -0.7147488 -0.6932096 -0.4483712 -0.5642904 0.2453554 0.5058368 -0.8270005 -0.3687531 -0.6374253 -0.6765428 0.5863441 0.3344125 -0.7378136 -0.02776628 -0.808853 -0.587355 0.8524968 0.226548 -0.4710893 0.2383879 -0.9167152 -0.3206313 0.9724987 0.2111505 -0.09829404 0.358389 -0.9321138 0.05216435 0.8893729 0.4339163 0.1439876 0.702162 0.5309965 0.4743534 0.5111235 -0.8074987 0.2944461 0.3239112 -0.7104179 0.6248103 -0.9806247 0.1958959 6.517424e-14 0.3774828 0.6521177 0.6574567 -0.000766753 -0.5892964 0.8079166 0.002332953 0.7648195 0.6442404 -0.3759171 -0.4765952 0.794697 -0.3227645 0.8389094 0.4382398 -0.7010158 -0.4025052 0.588699 -0.5107039 0.8545299 0.09465821 -0.8889538 -0.3868844 0.2451156 -0.5111231 0.807499 -0.2944461 -0.8893729 -0.4339163 -0.1439876 -0.3239115 0.7104177 -0.6248105 -0.702162 -0.5309965 -0.4743535 0.0007668951 0.5892965 -0.8079165 -0.3774827 -0.6521165 -0.6574579 0.3759169 0.4765954 -0.794697 -0.00233389 -0.7648212 -0.6442383 0.7010157 0.4025053 -0.5886989 0.3227662 -0.8389081 -0.438241 0.8889537 0.3868843 -0.245116 0.510703 -0.8545305 -0.09465753 0.8145386 0.5801082 -0.001200624 0.681157 0.6357441 0.3631178 0.6868053 -0.7113513 0.1492577 0.5534236 -0.6557149 0.513576 -0.09777104 -0.988523 0.1151654 0.3823726 0.6940567 0.6099808 0.2546391 -0.5974037 0.7604392 -0.001754958 0.7394187 0.6732436 -0.1294882 -0.5520392 0.8237023 -0.3682995 0.7596773 0.5359533 -0.4960324 -0.5317827 0.6864103 -0.6190447 0.7494047 0.2348962 -0.7467786 -0.5420548 0.3853548 -0.6868053 0.7113513 -0.1492577 -0.8145386 -0.5801082 0.001200612 -0.5534236 0.6557149 -0.513576 -0.681157 -0.6357442 -0.3631178 -0.2546391 0.5974037 -0.7604392 -0.3823726 -0.6940566 -0.6099808 0.1294883 0.5520403 -0.8237016 0.001754946 -0.7394187 -0.6732435 0.4960328 0.531781 -0.6864113 0.3682998 -0.7596771 -0.5359533 0.7467781 0.5420555 -0.3853547 0.6190447 -0.7494047 -0.2348962</float_array>
          <technique_common>
            <accessor count="5976" source="#normals-array-array" stride="3">
              <param type="float" name="X" />
              <param type="float" name="Y" />
              <param type="float" name="Z" />
            </accessor>
          </technique_common>
        </source>
        <vertices id="verts-array-vertices">
          <input semantic="POSITION" source="#verts-array" />
        </vertices>
        <triangles count="11472" material="material0">
          <input offset="0" semantic="VERTEX" source="#verts-array-vertices" />
          <input offset="1" semantic="NORMAL" source="#normals-array" />
          <p>0 0 1 1 2 2 0 0 2 2 3 3 3 3 2 2 4 4 3 3 4 4 5 5 2 2 1 1 6 6 2 2 6 6 4 4 4 4 6 6 7 7 4 4 7 7 5 5 6 6 1 1 8 8 6 6 8 8 7 7 7 7 8 8 9 9 7 7 9 9 5 5 8 8 1 1 10 10 8 8 10 10 9 9 9 9 10 10 11 11 9 9 11 11 5 5 10 10 1 1 12 12 10 10 12 12 11 11 11 11 12 12 13 13 11 11 13 13 5 5 12 12 1 1 14 14 12 12 14 14 13 13 13 13 14 14 15 15 13 13 15 15 5 5 14 14 1 1 16 16 14 14 16 16 15 15 15 15 16 16 17 17 15 15 17 17 5 5 16 16 1 1 18 18 16 16 18 18 17 17 17 17 18 18 19 19 17 17 19 19 5 5 18 18 1 1 20 20 18 18 20 20 19 19 19 19 20 20 21 21 19 19 21 21 5 5 20 20 1 1 22 22 20 20 22 22 21 21 21 21 22 22 23 23 21 21 23 23 5 5 22 22 1 1 24 24 22 22 24 24 23 23 23 23 24 24 25 25 23 23 25 25 5 5 24 24 1 1 0 0 24 24 0 0 25 25 25 25 0 0 3 3 25 25 3 3 5 5 26 26 5 5 27 27 26 26 27 27 28 28 28 28 27 27 29 29 28 28 29 29 30 30 27 27 5 5 31 31 27 27 31 31 29 29 29 29 31 31 32 32 29 29 32 32 30 30 31 31 5 5 33 33 31 31 33 33 32 32 32 32 33 33 34 34 32 32 34 34 30 30 33 33 5 5 35 35 33 33 35 35 34 34 34 34 35 35 36 36 34 34 36 36 30 30 35 35 5 5 37 37 35 35 37 37 36 36 36 36 37 37 38 38 36 36 38 38 30 30 37 37 5 5 39 39 37 37 39 39 38 38 38 38 39 39 40 40 38 38 40 40 30 30 39 39 5 5 41 41 39 39 41 41 40 40 40 40 41 41 42 42 40 40 42 42 30 30 41 41 5 5 43 43 41 41 43 43 42 42 42 42 43 43 44 44 42 42 44 44 30 30 43 43 5 5 45 45 43 43 45 45 44 44 44 44 45 45 46 46 44 44 46 46 30 30 45 45 5 5 47 47 45 45 47 47 46 46 46 46 47 47 48 48 46 46 48 48 30 30 47 47 5 5 49 49 47 47 49 49 48 48 48 48 49 49 50 50 48 48 50 50 30 30 49 49 5 5 26 26 49 49 26 26 50 50 50 50 26 26 28 28 50 50 28 28 30 30 51 51 30 30 52 52 51 51 52 52 53 53 53 53 52 52 54 54 53 53 54 54 55 55 52 52 30 30 56 56 52 52 56 56 54 54 54 54 56 56 57 57 54 54 57 57 55 55 56 56 30 30 58 58 56 56 58 58 57 57 57 57 58 58 59 59 57 57 59 59 55 55 58 58 30 30 60 60 58 58 60 60 59 59 59 59 60 60 61 61 59 59 61 61 55 55 60 60 30 30 62 62 60 60 62 62 61 61 61 61 62 62 63 63 61 61 63 63 55 55 62 62 30 30 64 64 62 62 64 64 63 63 63 63 64 64 65 65 63 63 65 65 55 55 64 64 30 30 66 66 64 64 66 66 65 65 65 65 66 66 67 67 65 65 67 67 55 55 66 66 30 30 68 68 66 66 68 68 67 67 67 67 68 68 69 69 67 67 69 69 55 55 68 68 30 30 70 70 68 68 70 70 69 69 69 69 70 70 71 71 69 69 71 71 55 55 70 70 30 30 72 72 70 70 72 72 71 71 71 71 72 72 73 73 71 71 73 73 55 55 72 72 30 30 74 74 72 72 74 74 73 73 73 73 74 74 75 75 73 73 75 75 55 55 74 74 30 30 51 51 74 74 51 51 75 75 75 75 51 51 53 53 75 75 53 53 55 55 76 76 55 55 77 77 76 76 77 77 78 78 78 78 77 77 79 79 78 78 79 79 80 80 77 77 55 55 81 81 77 77 81 81 79 79 79 79 81 81 82 82 79 79 82 82 80 80 81 81 55 55 83 83 81 81 83 83 82 82 82 82 83 83 84 84 82 82 84 84 80 80 83 83 55 55 85 85 83 83 85 85 84 84 84 84 85 85 86 86 84 84 86 86 80 80 85 85 55 55 87 87 85 85 87 87 86 86 86 86 87 87 88 88 86 86 88 88 80 80 87 87 55 55 89 89 87 87 89 89 88 88 88 88 89 89 90 90 88 88 90 90 80 80 89 89 55 55 91 91 89 89 91 91 90 90 90 90 91 91 92 92 90 90 92 92 80 80 91 91 55 55 93 93 91 91 93 93 92 92 92 92 93 93 94 94 92 92 94 94 80 80 93 93 55 55 95 95 93 93 95 95 94 94 94 94 95 95 96 96 94 94 96 96 80 80 95 95 55 55 97 97 95 95 97 97 96 96 96 96 97 97 98 98 96 96 98 98 80 80 97 97 55 55 99 99 97 97 99 99 98 98 98 98 99 99 100 100 98 98 100 100 80 80 99 99 55 55 76 76 99 99 76 76 100 100 100 100 76 76 78 78 100 100 78 78 80 80 101 101 80 80 102 102 101 101 102 102 103 103 103 103 102 102 104 104 103 103 104 104 105 105 102 102 80 80 106 106 102 102 106 106 104 104 104 104 106 106 107 107 104 104 107 107 105 105 106 106 80 80 108 108 106 106 108 108 107 107 107 107 108 108 109 109 107 107 109 109 105 105 108 108 80 80 110 110 108 108 110 110 109 109 109 109 110 110 111 111 109 109 111 111 105 105 110 110 80 80 112 112 110 110 112 112 111 111 111 111 112 112 113 113 111 111 113 113 105 105 112 112 80 80 114 114 112 112 114 114 113 113 113 113 114 114 115 115 113 113 115 115 105 105 114 114 80 80 116 116 114 114 116 116 115 115 115 115 116 116 117 117 115 115 117 117 105 105 116 116 80 80 118 118 116 116 118 118 117 117 117 117 118 118 119 119 117 117 119 119 105 105 118 118 80 80 120 120 118 118 120 120 119 119 119 119 120 120 121 121 119 119 121 121 105 105 120 120 80 80 122 122 120 120 122 122 121 121 121 121 122 122 123 123 121 121 123 123 105 105 122 122 80 80 124 124 122 122 124 124 123 123 123 123 124 124 125 125 123 123 125 125 105 105 124 124 80 80 101 101 124 124 101 101 125 125 125 125 101 101 103 103 125 125 103 103 105 105 126 126 105 105 127 127 126 126 127 127 128 128 128 128 127 127 129 129 128 128 129 129 130 130 127 127 105 105 131 131 127 127 131 131 129 129 129 129 131 131 132 132 129 129 132 132 130 130 131 131 105 105 133 133 131 131 133 133 132 132 132 132 133 133 134 134 132 132 134 134 130 130 133 133 105 105 135 135 133 133 135 135 134 134 134 134 135 135 136 136 134 134 136 136 130 130 135 135 105 105 137 137 135 135 137 137 136 136 136 136 137 137 138 138 136 136 138 138 130 130 137 137 105 105 139 139 137 137 139 139 138 138 138 138 139 139 140 140 138 138 140 140 130 130 139 139 105 105 141 141 139 139 141 141 140 140 140 140 141 141 142 142 140 140 142 142 130 130 141 141 105 105 143 143 141 141 143 143 142 142 142 142 143 143 144 144 142 142 144 144 130 130 143 143 105 105 145 145 143 143 145 145 144 144 144 144 145 145 146 146 144 144 146 146 130 130 145 145 105 105 147 147 145 145 147 147 146 146 146 146 147 147 148 148 146 146 148 148 130 130 147 147 105 105 149 149 147 147 149 149 148 148 148 148 149 149 150 150 148 148 150 150 130 130 149 149 105 105 126 126 149 149 126 126 150 150 150 150 126 126 128 128 150 150 128 128 130 130 151 151 130 130 152 152 151 151 152 152 153 153 153 153 152 152 154 154 153 153 154 154 155 155 152 152 130 130 156 156 152 152 156 156 154 154 154 154 156 156 157 157 154 154 157 157 155 155 156 156 130 130 158 158 156 156 158 158 157 157 157 157 158 158 159 159 157 157 159 159 155 155 158 158 130 130 160 160 158 158 160 160 159 159 159 159 160 160 161 161 159 159 161 161 155 155 160 160 130 130 162 162 160 160 162 162 161 161 161 161 162 162 163 163 161 161 163 163 155 155 162 162 130 130 164 164 162 162 164 164 163 163 163 163 164 164 165 165 163 163 165 165 155 155 164 164 130 130 166 166 164 164 166 166 165 165 165 165 166 166 167 167 165 165 167 167 155 155 166 166 130 130 168 168 166 166 168 168 167 167 167 167 168 168 169 169 167 167 169 169 155 155 168 168 130 130 170 170 168 168 170 170 169 169 169 169 170 170 171 171 169 169 171 171 155 155 170 170 130 130 172 172 170 170 172 172 171 171 171 171 172 172 173 173 171 171 173 173 155 155 172 172 130 130 174 174 172 172 174 174 173 173 173 173 174 174 175 175 173 173 175 175 155 155 174 174 130 130 151 151 174 174 151 151 175 175 175 175 151 151 153 153 175 175 153 153 155 155 176 176 155 155 177 177 176 176 177 177 178 178 178 178 177 177 179 179 178 178 179 179 180 180 177 177 155 155 181 181 177 177 181 181 179 179 179 179 181 181 182 182 179 179 182 182 180 180 181 181 155 155 183 183 181 181 183 183 182 182 182 182 183 183 184 184 182 182 184 184 180 180 183 183 155 155 185 185 183 183 185 185 184 184 184 184 185 185 186 186 184 184 186 186 180 180 185 185 155 155 187 187 185 185 187 187 186 186 186 186 187 187 188 188 186 186 188 188 180 180 187 187 155 155 189 189 187 187 189 189 188 188 188 188 189 189 190 190 188 188 190 190 180 180 189 189 155 155 191 191 189 189 191 191 190 190 190 190 191 191 192 192 190 190 192 192 180 180 191 191 155 155 193 193 191 191 193 193 192 192 192 192 193 193 194 194 192 192 194 194 180 180 193 193 155 155 195 195 193 193 195 195 194 194 194 194 195 195 196 196 194 194 196 196 180 180 195 195 155 155 197 197 195 195 197 197 196 196 196 196 197 197 198 198 196 196 198 198 180 180 197 197 155 155 199 199 197 197 199 199 198 198 198 198 199 199 200 200 198 198 200 200 180 180 199 199 155 155 176 176 199 199 176 176 200 200 200 200 176 176 178 178 200 200 178 178 180 180 201 201 180 180 202 202 201 201 202 202 203 203 203 203 202 202 204 204 203 203 204 204 205 205 202 202 180 180 206 206 202 202 206 206 204 204 204 204 206 206 207 207 204 204 207 207 205 205 206 206 180 180 208 208 206 206 208 208 207 207 207 207 208 208 209 209 207 207 209 209 205 205 208 208 180 180 210 210 208 208 210 210 209 209 209 209 210 210 211 211 209 209 211 211 205 205 210 210 180 180 212 212 210 210 212 212 211 211 211 211 212 212 213 213 211 211 213 213 205 205 212 212 180 180 214 214 212 212 214 214 213 213 213 213 214 214 215 215 213 213 215 215 205 205 214 214 180 180 216 216 214 214 216 216 215 215 215 215 216 216 217 217 215 215 217 217 205 205 216 216 180 180 218 218 216 216 218 218 217 217 217 217 218 218 219 219 217 217 219 219 205 205 218 218 180 180 220 220 218 218 220 220 219 219 219 219 220 220 221 221 219 219 221 221 205 205 220 220 180 180 222 222 220 220 222 222 221 221 221 221 222 222 223 223 221 221 223 223 205 205 222 222 180 180 224 224 222 222 224 224 223 223 223 223 224 224 225 225 223 223 225 225 205 205 224 224 180 180 201 201 224 224 201 201 225 225 225 225 201 201 203 203 225 225 203 203 205 205 226 226 205 205 227 227 226 226 227 227 228 228 228 228 227 227 229 229 228 228 229 229 230 230 227 227 205 205 231 231 227 227 231 231 229 229 229 229 231 231 232 232 229 229 232 232 230 230 231 231 205 205 233 233 231 231 233 233 232 232 232 232 233 233 234 234 232 232 234 234 230 230 233 233 205 205 235 235 233 233 235 235 234 234 234 234 235 235 236 236 234 234 236 236 230 230 235 235 205 205 237 237 235 235 237 237 236 236 236 236 237 237 238 238 236 236 238 238 230 230 237 237 205 205 239 239 237 237 239 239 238 238 238 238 239 239 240 240 238 238 240 240 230 230 239 239 205 205 241 241 239 239 241 241 240 240 240 240 241 241 242 242 240 240 242 242 230 230 241 241 205 205 243 243 241 241 243 243 242 242 242 242 243 243 244 244 242 242 244 244 230 230 243 243 205 205 245 245 243 243 245 245 244 244 244 244 245 245 246 246 244 244 246 246 230 230 245 245 205 205 247 247 245 245 247 247 246 246 246 246 247 247 248 248 246 246 248 248 230 230 247 247 205 205 249 249 247 247 249 249 248 248 248 248 249 249 250 250 248 248 250 250 230 230 249 249 205 205 226 226 249 249 226 226 250 250 250 250 226 226 228 228 250 250 228 228 230 230 251 251 230 230 252 252 251 251 252 252 253 253 253 253 252 252 254 254 253 253 254 254 255 255 252 252 230 230 256 256 252 252 256 256 254 254 254 254 256 256 257 257 254 254 257 257 255 255 256 256 230 230 258 258 256 256 258 258 257 257 257 257 258 258 259 259 257 257 259 259 255 255 258 258 230 230 260 260 258 258 260 260 259 259 259 259 260 260 261 261 259 259 261 261 255 255 260 260 230 230 262 262 260 260 262 262 261 261 261 261 262 262 263 263 261 261 263 263 255 255 262 262 230 230 264 264 262 262 264 264 263 263 263 263 264 264 265 265 263 263 265 265 255 255 264 264 230 230 266 266 264 264 266 266 265 265 265 265 266 266 267 267 265 265 267 267 255 255 266 266 230 230 268 268 266 266 268 268 267 267 267 267 268 268 269 269 267 267 269 269 255 255 268 268 230 230 270 270 268 268 270 270 269 269 269 269 270 270 271 271 269 269 271 271 255 255 270 270 230 230 272 272 270 270 272 272 271 271 271 271 272 272 273 273 271 271 273 273 255 255 272 272 230 230 274 274 272 272 274 274 273 273 273 273 274 274 275 275 273 273 275 275 255 255 274 274 230 230 251 251 274 274 251 251 275 275 275 275 251 251 253 253 275 275 253 253 255 255 276 276 255 255 277 277 276 276 277 277 278 278 278 278 277 277 279 279 278 278 279 279 280 280 277 277 255 255 281 281 277 277 281 281 279 279 279 279 281 281 282 282 279 279 282 282 280 280 281 281 255 255 283 283 281 281 283 283 282 282 282 282 283 283 284 284 282 282 284 284 280 280 283 283 255 255 285 285 283 283 285 285 284 284 284 284 285 285 286 286 284 284 286 286 280 280 285 285 255 255 287 287 285 285 287 287 286 286 286 286 287 287 288 288 286 286 288 288 280 280 287 287 255 255 289 289 287 287 289 289 288 288 288 288 289 289 290 290 288 288 290 290 280 280 289 289 255 255 291 291 289 289 291 291 290 290 290 290 291 291 292 292 290 290 292 292 280 280 291 291 255 255 293 293 291 291 293 293 292 292 292 292 293 293 294 294 292 292 294 294 280 280 293 293 255 255 295 295 293 293 295 295 294 294 294 294 295 295 296 296 294 294 296 296 280 280 295 295 255 255 297 297 295 295 297 297 296 296 296 296 297 297 298 298 296 296 298 298 280 280 297 297 255 255 299 299 297 297 299 299 298 298 298 298 299 299 300 300 298 298 300 300 280 280 299 299 255 255 276 276 299 299 276 276 300 300 300 300 276 276 278 278 300 300 278 278 280 280 301 301 280 280 302 302 301 301 302 302 303 303 303 303 302 302 304 304 303 303 304 304 305 305 302 302 280 280 306 306 302 302 306 306 304 304 304 304 306 306 307 307 304 304 307 307 305 305 306 306 280 280 308 308 306 306 308 308 307 307 307 307 308 308 309 309 307 307 309 309 305 305 308 308 280 280 310 310 308 308 310 310 309 309 309 309 310 310 311 311 309 309 311 311 305 305 310 310 280 280 312 312 310 310 312 312 311 311 311 311 312 312 313 313 311 311 313 313 305 305 312 312 280 280 314 314 312 312 314 314 313 313 313 313 314 314 315 315 313 313 315 315 305 305 314 314 280 280 316 316 314 314 316 316 315 315 315 315 316 316 317 317 315 315 317 317 305 305 316 316 280 280 318 318 316 316 318 318 317 317 317 317 318 318 319 319 317 317 319 319 305 305 318 318 280 280 320 320 318 318 320 320 319 319 319 319 320 320 321 321 319 319 321 321 305 305 320 320 280 280 322 322 320 320 322 322 321 321 321 321 322 322 323 323 321 321 323 323 305 305 322 322 280 280 324 324 322 322 324 324 323 323 323 323 324 324 325 325 323 323 325 325 305 305 324 324 280 280 301 301 324 324 301 301 325 325 325 325 301 301 303 303 325 325 303 303 305 305 326 326 305 305 327 327 326 326 327 327 328 328 328 328 327 327 329 329 328 328 329 329 330 330 327 327 305 305 331 331 327 327 331 331 329 329 329 329 331 331 332 332 329 329 332 332 330 330 331 331 305 305 333 333 331 331 333 333 332 332 332 332 333 333 334 334 332 332 334 334 330 330 333 333 305 305 335 335 333 333 335 335 334 334 334 334 335 335 336 336 334 334 336 336 330 330 335 335 305 305 337 337 335 335 337 337 336 336 336 336 337 337 338 338 336 336 338 338 330 330 337 337 305 305 339 339 337 337 339 339 338 338 338 338 339 339 340 340 338 338 340 340 330 330 339 339 305 305 341 341 339 339 341 341 340 340 340 340 341 341 342 342 340 340 342 342 330 330 341 341 305 305 343 343 341 341 343 343 342 342 342 342 343 343 344 344 342 342 344 344 330 330 343 343 305 305 345 345 343 343 345 345 344 344 344 344 345 345 346 346 344 344 346 346 330 330 345 345 305 305 347 347 345 345 347 347 346 346 346 346 347 347 348 348 346 346 348 348 330 330 347 347 305 305 349 349 347 347 349 349 348 348 348 348 349 349 350 350 348 348 350 350 330 330 349 349 305 305 326 326 349 349 326 326 350 350 350 350 326 326 328 328 350 350 328 328 330 330 351 351 330 330 352 352 351 351 352 352 353 353 353 353 352 352 354 354 353 353 354 354 355 355 352 352 330 330 356 356 352 352 356 356 354 354 354 354 356 356 357 357 354 354 357 357 355 355 356 356 330 330 358 358 356 356 358 358 357 357 357 357 358 358 359 359 357 357 359 359 355 355 358 358 330 330 360 360 358 358 360 360 359 359 359 359 360 360 361 361 359 359 361 361 355 355 360 360 330 330 362 362 360 360 362 362 361 361 361 361 362 362 363 363 361 361 363 363 355 355 362 362 330 330 364 364 362 362 364 364 363 363 363 363 364 364 365 365 363 363 365 365 355 355 364 364 330 330 366 366 364 364 366 366 365 365 365 365 366 366 367 367 365 365 367 367 355 355 366 366 330 330 368 368 366 366 368 368 367 367 367 367 368 368 369 369 367 367 369 369 355 355 368 368 330 330 370 370 368 368 370 370 369 369 369 369 370 370 371 371 369 369 371 371 355 355 370 370 330 330 372 372 370 370 372 372 371 371 371 371 372 372 373 373 371 371 373 373 355 355 372 372 330 330 374 374 372 372 374 374 373 373 373 373 374 374 375 375 373 373 375 375 355 355 374 374 330 330 351 351 374 374 351 351 375 375 375 375 351 351 353 353 375 375 353 353 355 355 376 376 355 355 377 377 376 376 377 377 378 378 378 378 377 377 379 379 378 378 379 379 380 380 377 377 355 355 381 381 377 377 381 381 379 379 379 379 381 381 382 382 379 379 382 382 380 380 381 381 355 355 383 383 381 381 383 383 382 382 382 382 383 383 384 384 382 382 384 384 380 380 383 383 355 355 385 385 383 383 385 385 384 384 384 384 385 385 386 386 384 384 386 386 380 380 385 385 355 355 387 387 385 385 387 387 386 386 386 386 387 387 388 388 386 386 388 388 380 380 387 387 355 355 389 389 387 387 389 389 388 388 388 388 389 389 390 390 388 388 390 390 380 380 389 389 355 355 391 391 389 389 391 391 390 390 390 390 391 391 392 392 390 390 392 392 380 380 391 391 355 355 393 393 391 391 393 393 392 392 392 392 393 393 394 394 392 392 394 394 380 380 393 393 355 355 395 395 393 393 395 395 394 394 394 394 395 395 396 396 394 394 396 396 380 380 395 395 355 355 397 397 395 395 397 397 396 396 396 396 397 397 398 398 396 396 398 398 380 380 397 397 355 355 399 399 397 397 399 399 398 398 398 398 399 399 400 400 398 398 400 400 380 380 399 399 355 355 376 376 399 399 376 376 400 400 400 400 376 376 378 378 400 400 378 378 380 380 401 401 380 380 402 402 401 401 402 402 403 403 403 403 402 402 404 404 403 403 404 404 405 405 402 402 380 380 406 406 402 402 406 406 404 404 404 404 406 406 407 407 404 404 407 407 405 405 406 406 380 380 408 408 406 406 408 408 407 407 407 407 408 408 409 409 407 407 409 409 405 405 408 408 380 380 410 410 408 408 410 410 409 409 409 409 410 410 411 411 409 409 411 411 405 405 410 410 380 380 412 412 410 410 412 412 411 411 411 411 412 412 413 413 411 411 413 413 405 405 412 412 380 380 414 414 412 412 414 414 413 413 413 413 414 414 415 415 413 413 415 415 405 405 414 414 380 380 416 416 414 414 416 416 415 415 415 415 416 416 417 417 415 415 417 417 405 405 416 416 380 380 418 418 416 416 418 418 417 417 417 417 418 418 419 419 417 417 419 419 405 405 418 418 380 380 420 420 418 418 420 420 419 419 419 419 420 420 421 421 419 419 421 421 405 405 420 420 380 380 422 422 420 420 422 422 421 421 421 421 422 422 423 423 421 421 423 423 405 405 422 422 380 380 424 424 422 422 424 424 423 423 423 423 424 424 425 425 423 423 425 425 405 405 424 424 380 380 401 401 424 424 401 401 425 425 425 425 401 401 403 403 425 425 403 403 405 405 426 426 405 405 427 427 426 426 427 427 428 428 428 428 427 427 429 429 428 428 429 429 430 430 427 427 405 405 431 431 427 427 431 431 429 429 429 429 431 431 432 432 429 429 432 432 430 430 431 431 405 405 433 433 431 431 433 433 432 432 432 432 433 433 434 434 432 432 434 434 430 430 433 433 405 405 435 435 433 433 435 435 434 434 434 434 435 435 436 436 434 434 436 436 430 430 435 435 405 405 437 437 435 435 437 437 436 436 436 436 437 437 438 438 436 436 438 438 430 430 437 437 405 405 439 439 437 437 439 439 438 438 438 438 439 439 440 440 438 438 440 440 430 430 439 439 405 405 441 441 439 439 441 441 440 440 440 440 441 441 442 442 440 440 442 442 430 430 441 441 405 405 443 443 441 441 443 443 442 442 442 442 443 443 444 444 442 442 444 444 430 430 443 443 405 405 445 445 443 443 445 445 444 444 444 444 445 445 446 446 444 444 446 446 430 430 445 445 405 405 447 447 445 445 447 447 446 446 446 446 447 447 448 448 446 446 448 448 430 430 447 447 405 405 449 449 447 447 449 449 448 448 448 448 449 449 450 450 448 448 450 450 430 430 449 449 405 405 426 426 449 449 426 426 450 450 450 450 426 426 428 428 450 450 428 428 430 430 451 451 430 430 452 452 451 451 452 452 453 453 453 453 452 452 454 454 453 453 454 454 455 455 452 452 430 430 456 456 452 452 456 456 454 454 454 454 456 456 457 457 454 454 457 457 455 455 456 456 430 430 458 458 456 456 458 458 457 457 457 457 458 458 459 459 457 457 459 459 455 455 458 458 430 430 460 460 458 458 460 460 459 459 459 459 460 460 461 461 459 459 461 461 455 455 460 460 430 430 462 462 460 460 462 462 461 461 461 461 462 462 463 463 461 461 463 463 455 455 462 462 430 430 464 464 462 462 464 464 463 463 463 463 464 464 465 465 463 463 465 465 455 455 464 464 430 430 466 466 464 464 466 466 465 465 465 465 466 466 467 467 465 465 467 467 455 455 466 466 430 430 468 468 466 466 468 468 467 467 467 467 468 468 469 469 467 467 469 469 455 455 468 468 430 430 470 470 468 468 470 470 469 469 469 469 470 470 471 471 469 469 471 471 455 455 470 470 430 430 472 472 470 470 472 472 471 471 471 471 472 472 473 473 471 471 473 473 455 455 472 472 430 430 474 474 472 472 474 474 473 473 473 473 474 474 475 475 473 473 475 475 455 455 474 474 430 430 451 451 474 474 451 451 475 475 475 475 451 451 453 453 475 475 453 453 455 455 476 476 455 455 477 477 476 476 477 477 478 478 478 478 477 477 479 479 478 478 479 479 480 480 477 477 455 455 481 481 477 477 481 481 479 479 479 479 481 481 482 482 479 479 482 482 480 480 481 481 455 455 483 483 481 481 483 483 482 482 482 482 483 483 484 484 482 482 484 484 480 480 483 483 455 455 485 485 483 483 485 485 484 484 484 484 485 485 486 486 484 484 486 486 480 480 485 485 455 455 487 487 485 485 487 487 486 486 486 486 487 487 488 488 486 486 488 488 480 480 487 487 455 455 489 489 487 487 489 489 488 488 488 488 489 489 490 490 488 488 490 490 480 480 489 489 455 455 491 491 489 489 491 491 490 490 490 490 491 491 492 492 490 490 492 492 480 480 491 491 455 455 493 493 491 491 493 493 492 492 492 492 493 493 494 494 492 492 494 494 480 480 493 493 455 455 495 495 493 493 495 495 494 494 494 494 495 495 496 496 494 494 496 496 480 480 495 495 455 455 497 497 495 495 497 497 496 496 496 496 497 497 498 498 496 496 498 498 480 480 497 497 455 455 499 499 497 497 499 499 498 498 498 498 499 499 500 500 498 498 500 500 480 480 499 499 455 455 476 476 499 499 476 476 500 500 500 500 476 476 478 478 500 500 478 478 480 480 501 501 480 480 502 502 501 501 502 502 503 503 503 503 502 502 504 504 503 503 504 504 505 505 502 502 480 480 506 506 502 502 506 506 504 504 504 504 506 506 507 507 504 504 507 507 505 505 506 506 480 480 508 508 506 506 508 508 507 507 507 507 508 508 509 509 507 507 509 509 505 505 508 508 480 480 510 510 508 508 510 510 509 509 509 509 510 510 511 511 509 509 511 511 505 505 510 510 480 480 512 512 510 510 512 512 511 511 511 511 512 512 513 513 511 511 513 513 505 505 512 512 480 480 514 514 512 512 514 514 513 513 513 513 514 514 515 515 513 513 515 515 505 505 514 514 480 480 516 516 514 514 516 516 515 515 515 515 516 516 517 517 515 515 517 517 505 505 516 516 480 480 518 518 516 516 518 518 517 517 517 517 518 518 519 519 517 517 519 519 505 505 518 518 480 480 520 520 518 518 520 520 519 519 519 519 520 520 521 521 519 519 521 521 505 505 520 520 480 480 522 522 520 520 522 522 521 521 521 521 522 522 523 523 521 521 523 523 505 505 522 522 480 480 524 524 522 522 524 524 523 523 523 523 524 524 525 525 523 523 525 525 505 505 524 524 480 480 501 501 524 524 501 501 525 525 525 525 501 501 503 503 525 525 503 503 505 505 526 526 505 505 527 527 526 526 527 527 528 528 528 528 527 527 529 529 528 528 529 529 530 530 527 527 505 505 531 531 527 527 531 531 529 529 529 529 531 531 532 532 529 529 532 532 530 530 531 531 505 505 533 533 531 531 533 533 532 532 532 532 533 533 534 534 532 532 534 534 530 530 533 533 505 505 535 535 533 533 535 535 534 534 534 534 535 535 536 536 534 534 536 536 530 530 535 535 505 505 537 537 535 535 537 537 536 536 536 536 537 537 538 538 536 536 538 538 530 530 537 537 505 505 539 539 537 537 539 539 538 538 538 538 539 539 540 540 538 538 540 540 530 530 539 539 505 505 541 541 539 539 541 541 540 540 540 540 541 541 542 542 540 540 542 542 530 530 541 541 505 505 543 543 541 541 543 543 542 542 542 542 543 543 544 544 542 542 544 544 530 530 543 543 505 505 545 545 543 543 545 545 544 544 544 544 545 545 546 546 544 544 546 546 530 530 545 545 505 505 547 547 545 545 547 547 546 546 546 546 547 547 548 548 546 546 548 548 530 530 547 547 505 505 549 549 547 547 549 549 548 548 548 548 549 549 550 550 548 548 550 550 530 530 549 549 505 505 526 526 549 549 526 526 550 550 550 550 526 526 528 528 550 550 528 528 530 530 551 551 530 530 552 552 551 551 552 552 553 553 553 553 552 552 554 554 553 553 554 554 555 555 552 552 530 530 556 556 552 552 556 556 554 554 554 554 556 556 557 557 554 554 557 557 555 555 556 556 530 530 558 558 556 556 558 558 557 557 557 557 558 558 559 559 557 557 559 559 555 555 558 558 530 530 560 560 558 558 560 560 559 559 559 559 560 560 561 561 559 559 561 561 555 555 560 560 530 530 562 562 560 560 562 562 561 561 561 561 562 562 563 563 561 561 563 563 555 555 562 562 530 530 564 564 562 562 564 564 563 563 563 563 564 564 565 565 563 563 565 565 555 555 564 564 530 530 566 566 564 564 566 566 565 565 565 565 566 566 567 567 565 565 567 567 555 555 566 566 530 530 568 568 566 566 568 568 567 567 567 567 568 568 569 569 567 567 569 569 555 555 568 568 530 530 570 570 568 568 570 570 569 569 569 569 570 570 571 571 569 569 571 571 555 555 570 570 530 530 572 572 570 570 572 572 571 571 571 571 572 572 573 573 571 571 573 573 555 555 572 572 530 530 574 574 572 572 574 574 573 573 573 573 574 574 575 575 573 573 575 575 555 555 574 574 530 530 551 551 574 574 551 551 575 575 575 575 551 551 553 553 575 575 553 553 555 555 576 576 555 555 577 577 576 576 577 577 578 578 578 578 577 577 579 579 578 578 579 579 580 580 577 577 555 555 581 581 577 577 581 581 579 579 579 579 581 581 582 582 579 579 582 582 580 580 581 581 555 555 583 583 581 581 583 583 582 582 582 582 583 583 584 584 582 582 584 584 580 580 583 583 555 555 585 585 583 583 585 585 584 584 584 584 585 585 586 586 584 584 586 586 580 580 585 585 555 555 587 587 585 585 587 587 586 586 586 586 587 587 588 588 586 586 588 588 580 580 587 587 555 555 589 589 587 587 589 589 588 588 588 588 589 589 590 590 588 588 590 590 580 580 589 589 555 555 591 591 589 589 591 591 590 590 590 590 591 591 592 592 590 590 592 592 580 580 591 591 555 555 593 593 591 591 593 593 592 592 592 592 593 593 594 594 592 592 594 594 580 580 593 593 555 555 595 595 593 593 595 595 594 594 594 594 595 595 596 596 594 594 596 596 580 580 595 595 555 555 597 597 595 595 597 597 596 596 596 596 597 597 598 598 596 596 598 598 580 580 597 597 555 555 599 599 597 597 599 599 598 598 598 598 599 599 600 600 598 598 600 600 580 580 599 599 555 555 576 576 599 599 576 576 600 600 600 600 576 576 578 578 600 600 578 578 580 580 601 601 580 580 602 602 601 601 602 602 603 603 603 603 602 602 604 604 603 603 604 604 605 605 602 602 580 580 606 606 602 602 606 606 604 604 604 604 606 606 607 607 604 604 607 607 605 605 606 606 580 580 608 608 606 606 608 608 607 607 607 607 608 608 609 609 607 607 609 609 605 605 608 608 580 580 610 610 608 608 610 610 609 609 609 609 610 610 611 611 609 609 611 611 605 605 610 610 580 580 612 612 610 610 612 612 611 611 611 611 612 612 613 613 611 611 613 613 605 605 612 612 580 580 614 614 612 612 614 614 613 613 613 613 614 614 615 615 613 613 615 615 605 605 614 614 580 580 616 616 614 614 616 616 615 615 615 615 616 616 617 617 615 615 617 617 605 605 616 616 580 580 618 618 616 616 618 618 617 617 617 617 618 618 619 619 617 617 619 619 605 605 618 618 580 580 620 620 618 618 620 620 619 619 619 619 620 620 621 621 619 619 621 621 605 605 620 620 580 580 622 622 620 620 622 622 621 621 621 621 622 622 623 623 621 621 623 623 605 605 622 622 580 580 624 624 622 622 624 624 623 623 623 623 624 624 625 625 623 623 625 625 605 605 624 624 580 580 601 601 624 624 601 601 625 625 625 625 601 601 603 603 625 625 603 603 605 605 626 626 605 605 627 627 626 626 627 627 628 628 628 628 627 627 629 629 628 628 629 629 630 630 627 627 605 605 631 631 627 627 631 631 629 629 629 629 631 631 632 632 629 629 632 632 630 630 631 631 605 605 633 633 631 631 633 633 632 632 632 632 633 633 634 634 632 632 634 634 630 630 633 633 605 605 635 635 633 633 635 635 634 634 634 634 635 635 636 636 634 634 636 636 630 630 635 635 605 605 637 637 635 635 637 637 636 636 636 636 637 637 638 638 636 636 638 638 630 630 637 637 605 605 639 639 637 637 639 639 638 638 638 638 639 639 640 640 638 638 640 640 630 630 639 639 605 605 641 641 639 639 641 641 640 640 640 640 641 641 642 642 640 640 642 642 630 630 641 641 605 605 643 643 641 641 643 643 642 642 642 642 643 643 644 644 642 642 644 644 630 630 643 643 605 605 645 645 643 643 645 645 644 644 644 644 645 645 646 646 644 644 646 646 630 630 645 645 605 605 647 647 645 645 647 647 646 646 646 646 647 647 648 648 646 646 648 648 630 630 647 647 605 605 649 649 647 647 649 649 648 648 648 648 649 649 650 650 648 648 650 650 630 630 649 649 605 605 626 626 649 649 626 626 650 650 650 650 626 626 628 628 650 650 628 628 630 630 651 651 630 630 652 652 651 651 652 652 653 653 653 653 652 652 654 654 653 653 654 654 655 655 652 652 630 630 656 656 652 652 656 656 654 654 654 654 656 656 657 657 654 654 657 657 655 655 656 656 630 630 658 658 656 656 658 658 657 657 657 657 658 658 659 659 657 657 659 659 655 655 658 658 630 630 660 660 658 658 660 660 659 659 659 659 660 660 661 661 659 659 661 661 655 655 660 660 630 630 662 662 660 660 662 662 661 661 661 661 662 662 663 663 661 661 663 663 655 655 662 662 630 630 664 664 662 662 664 664 663 663 663 663 664 664 665 665 663 663 665 665 655 655 664 664 630 630 666 666 664 664 666 666 665 665 665 665 666 666 667 667 665 665 667 667 655 655 666 666 630 630 668 668 666 666 668 668 667 667 667 667 668 668 669 669 667 667 669 669 655 655 668 668 630 630 670 670 668 668 670 670 669 669 669 669 670 670 671 671 669 669 671 671 655 655 670 670 630 630 672 672 670 670 672 672 671 671 671 671 672 672 673 673 671 671 673 673 655 655 672 672 630 630 674 674 672 672 674 674 673 673 673 673 674 674 675 675 673 673 675 675 655 655 674 674 630 630 651 651 674 674 651 651 675 675 675 675 651 651 653 653 675 675 653 653 655 655 676 676 655 655 677 677 676 676 677 677 678 678 678 678 677 677 679 679 678 678 679 679 680 680 677 677 655 655 681 681 677 677 681 681 679 679 679 679 681 681 682 682 679 679 682 682 680 680 681 681 655 655 683 683 681 681 683 683 682 682 682 682 683 683 684 684 682 682 684 684 680 680 683 683 655 655 685 685 683 683 685 685 684 684 684 684 685 685 686 686 684 684 686 686 680 680 685 685 655 655 687 687 685 685 687 687 686 686 686 686 687 687 688 688 686 686 688 688 680 680 687 687 655 655 689 689 687 687 689 689 688 688 688 688 689 689 690 690 688 688 690 690 680 680 689 689 655 655 691 691 689 689 691 691 690 690 690 690 691 691 692 692 690 690 692 692 680 680 691 691 655 655 693 693 691 691 693 693 692 692 692 692 693 693 694 694 692 692 694 694 680 680 693 693 655 655 695 695 693 693 695 695 694 694 694 694 695 695 696 696 694 694 696 696 680 680 695 695 655 655 697 697 695 695 697 697 696 696 696 696 697 697 698 698 696 696 698 698 680 680 697 697 655 655 699 699 697 697 699 699 698 698 698 698 699 699 700 700 698 698 700 700 680 680 699 699 655 655 676 676 699 699 676 676 700 700 700 700 676 676 678 678 700 700 678 678 680 680 701 701 680 680 702 702 701 701 702 702 703 703 703 703 702 702 704 704 703 703 704 704 705 705 702 702 680 680 706 706 702 702 706 706 704 704 704 704 706 706 707 707 704 704 707 707 705 705 706 706 680 680 708 708 706 706 708 708 707 707 707 707 708 708 709 709 707 707 709 709 705 705 708 708 680 680 710 710 708 708 710 710 709 709 709 709 710 710 711 711 709 709 711 711 705 705 710 710 680 680 712 712 710 710 712 712 711 711 711 711 712 712 713 713 711 711 713 713 705 705 712 712 680 680 714 714 712 712 714 714 713 713 713 713 714 714 715 715 713 713 715 715 705 705 714 714 680 680 716 716 714 714 716 716 715 715 715 715 716 716 717 717 715 715 717 717 705 705 716 716 680 680 718 718 716 716 718 718 717 717 717 717 718 718 719 719 717 717 719 719 705 705 718 718 680 680 720 720 718 718 720 720 719 719 719 719 720 720 721 721 719 719 721 721 705 705 720 720 680 680 722 722 720 720 722 722 721 721 721 721 722 722 723 723 721 721 723 723 705 705 722 722 680 680 724 724 722 722 724 724 723 723 723 723 724 724 725 725 723 723 725 725 705 705 724 724 680 680 701 701 724 724 701 701 725 725 725 725 701 701 703 703 725 725 703 703 705 705 726 726 705 705 727 727 726 726 727 727 728 728 728 728 727 727 729 729 728 728 729 729 730 730 727 727 705 705 731 731 727 727 731 731 729 729 729 729 731 731 732 732 729 729 732 732 730 730 731 731 705 705 733 733 731 731 733 733 732 732 732 732 733 733 734 734 732 732 734 734 730 730 733 733 705 705 735 735 733 733 735 735 734 734 734 734 735 735 736 736 734 734 736 736 730 730 735 735 705 705 737 737 735 735 737 737 736 736 736 736 737 737 738 738 736 736 738 738 730 730 737 737 705 705 739 739 737 737 739 739 738 738 738 738 739 739 740 740 738 738 740 740 730 730 739 739 705 705 741 741 739 739 741 741 740 740 740 740 741 741 742 742 740 740 742 742 730 730 741 741 705 705 743 743 741 741 743 743 742 742 742 742 743 743 744 744 742 742 744 744 730 730 743 743 705 705 745 745 743 743 745 745 744 744 744 744 745 745 746 746 744 744 746 746 730 730 745 745 705 705 747 747 745 745 747 747 746 746 746 746 747 747 748 748 746 746 748 748 730 730 747 747 705 705 749 749 747 747 749 749 748 748 748 748 749 749 750 750 748 748 750 750 730 730 749 749 705 705 726 726 749 749 726 726 750 750 750 750 726 726 728 728 750 750 728 728 730 730 751 751 730 730 752 752 751 751 752 752 753 753 753 753 752 752 754 754 753 753 754 754 755 755 752 752 730 730 756 756 752 752 756 756 754 754 754 754 756 756 757 757 754 754 757 757 755 755 756 756 730 730 758 758 756 756 758 758 757 757 757 757 758 758 759 759 757 757 759 759 755 755 758 758 730 730 760 760 758 758 760 760 759 759 759 759 760 760 761 761 759 759 761 761 755 755 760 760 730 730 762 762 760 760 762 762 761 761 761 761 762 762 763 763 761 761 763 763 755 755 762 762 730 730 764 764 762 762 764 764 763 763 763 763 764 764 765 765 763 763 765 765 755 755 764 764 730 730 766 766 764 764 766 766 765 765 765 765 766 766 767 767 765 765 767 767 755 755 766 766 730 730 768 768 766 766 768 768 767 767 767 767 768 768 769 769 767 767 769 769 755 755 768 768 730 730 770 770 768 768 770 770 769 769 769 769 770 770 771 771 769 769 771 771 755 755 770 770 730 730 772 772 770 770 772 772 771 771 771 771 772 772 773 773 771 771 773 773 755 755 772 772 730 730 774 774 772 772 774 774 773 773 773 773 774 774 775 775 773 773 775 775 755 755 774 774 730 730 751 751 774 774 751 751 775 775 775 775 751 751 753 753 775 775 753 753 755 755 776 776 755 755 777 777 776 776 777 777 778 778 778 778 777 777 779 779 778 778 779 779 780 780 777 777 755 755 781 781 777 777 781 781 779 779 779 779 781 781 782 782 779 779 782 782 780 780 781 781 755 755 783 783 781 781 783 783 782 782 782 782 783 783 784 784 782 782 784 784 780 780 783 783 755 755 785 785 783 783 785 785 784 784 784 784 785 785 786 786 784 784 786 786 780 780 785 785 755 755 787 787 785 785 787 787 786 786 786 786 787 787 788 788 786 786 788 788 780 780 787 787 755 755 789 789 787 787 789 789 788 788 788 788 789 789 790 790 788 788 790 790 780 780 789 789 755 755 791 791 789 789 791 791 790 790 790 790 791 791 792 792 790 790 792 792 780 780 791 791 755 755 793 793 791 791 793 793 792 792 792 792 793 793 794 794 792 792 794 794 780 780 793 793 755 755 795 795 793 793 795 795 794 794 794 794 795 795 796 796 794 794 796 796 780 780 795 795 755 755 797 797 795 795 797 797 796 796 796 796 797 797 798 798 796 796 798 798 780 780 797 797 755 755 799 799 797 797 799 799 798 798 798 798 799 799 800 800 798 798 800 800 780 780 799 799 755 755 776 776 799 799 776 776 800 800 800 800 776 776 778 778 800 800 778 778 780 780 801 801 780 780 802 802 801 801 802 802 803 803 803 803 802 802 804 804 803 803 804 804 805 805 802 802 780 780 806 806 802 802 806 806 804 804 804 804 806 806 807 807 804 804 807 807 805 805 806 806 780 780 808 808 806 806 808 808 807 807 807 807 808 808 809 809 807 807 809 809 805 805 808 808 780 780 810 810 808 808 810 810 809 809 809 809 810 810 811 811 809 809 811 811 805 805 810 810 780 780 812 812 810 810 812 812 811 811 811 811 812 812 813 813 811 811 813 813 805 805 812 812 780 780 814 814 812 812 814 814 813 813 813 813 814 814 815 815 813 813 815 815 805 805 814 814 780 780 816 816 814 814 816 816 815 815 815 815 816 816 817 817 815 815 817 817 805 805 816 816 780 780 818 818 816 816 818 818 817 817 817 817 818 818 819 819 817 817 819 819 805 805 818 818 780 780 820 820 818 818 820 820 819 819 819 819 820 820 821 821 819 819 821 821 805 805 820 820 780 780 822 822 820 820 822 822 821 821 821 821 822 822 823 823 821 821 823 823 805 805 822 822 780 780 824 824 822 822 824 824 823 823 823 823 824 824 825 825 823 823 825 825 805 805 824 824 780 780 801 801 824 824 801 801 825 825 825 825 801 801 803 803 825 825 803 803 805 805 826 826 805 805 827 827 826 826 827 827 828 828 828 828 827 827 829 829 828 828 829 829 830 830 827 827 805 805 831 831 827 827 831 831 829 829 829 829 831 831 832 832 829 829 832 832 830 830 831 831 805 805 833 833 831 831 833 833 832 832 832 832 833 833 834 834 832 832 834 834 830 830 833 833 805 805 835 835 833 833 835 835 834 834 834 834 835 835 836 836 834 834 836 836 830 830 835 835 805 805 837 837 835 835 837 837 836 836 836 836 837 837 838 838 836 836 838 838 830 830 837 837 805 805 839 839 837 837 839 839 838 838 838 838 839 839 840 840 838 838 840 840 830 830 839 839 805 805 841 841 839 839 841 841 840 840 840 840 841 841 842 842 840 840 842 842 830 830 841 841 805 805 843 843 841 841 843 843 842 842 842 842 843 843 844 844 842 842 844 844 830 830 843 843 805 805 845 845 843 843 845 845 844 844 844 844 845 845 846 846 844 844 846 846 830 830 845 845 805 805 847 847 845 845 847 847 846 846 846 846 847 847 848 848 846 846 848 848 830 830 847 847 805 805 849 849 847 847 849 849 848 848 848 848 849 849 850 850 848 848 850 850 830 830 849 849 805 805 826 826 849 849 826 826 850 850 850 850 826 826 828 828 850 850 828 828 830 830 851 851 830 830 852 852 851 851 852 852 853 853 853 853 852 852 854 854 853 853 854 854 855 855 852 852 830 830 856 856 852 852 856 856 854 854 854 854 856 856 857 857 854 854 857 857 855 855 856 856 830 830 858 858 856 856 858 858 857 857 857 857 858 858 859 859 857 857 859 859 855 855 858 858 830 830 860 860 858 858 860 860 859 859 859 859 860 860 861 861 859 859 861 861 855 855 860 860 830 830 862 862 860 860 862 862 861 861 861 861 862 862 863 863 861 861 863 863 855 855 862 862 830 830 864 864 862 862 864 864 863 863 863 863 864 864 865 865 863 863 865 865 855 855 864 864 830 830 866 866 864 864 866 866 865 865 865 865 866 866 867 867 865 865 867 867 855 855 866 866 830 830 868 868 866 866 868 868 867 867 867 867 868 868 869 869 867 867 869 869 855 855 868 868 830 830 870 870 868 868 870 870 869 869 869 869 870 870 871 871 869 869 871 871 855 855 870 870 830 830 872 872 870 870 872 872 871 871 871 871 872 872 873 873 871 871 873 873 855 855 872 872 830 830 874 874 872 872 874 874 873 873 873 873 874 874 875 875 873 873 875 875 855 855 874 874 830 830 851 851 874 874 851 851 875 875 875 875 851 851 853 853 875 875 853 853 855 855 876 876 855 855 877 877 876 876 877 877 878 878 878 878 877 877 879 879 878 878 879 879 880 880 877 877 855 855 881 881 877 877 881 881 879 879 879 879 881 881 882 882 879 879 882 882 880 880 881 881 855 855 883 883 881 881 883 883 882 882 882 882 883 883 884 884 882 882 884 884 880 880 883 883 855 855 885 885 883 883 885 885 884 884 884 884 885 885 886 886 884 884 886 886 880 880 885 885 855 855 887 887 885 885 887 887 886 886 886 886 887 887 888 888 886 886 888 888 880 880 887 887 855 855 889 889 887 887 889 889 888 888 888 888 889 889 890 890 888 888 890 890 880 880 889 889 855 855 891 891 889 889 891 891 890 890 890 890 891 891 892 892 890 890 892 892 880 880 891 891 855 855 893 893 891 891 893 893 892 892 892 892 893 893 894 894 892 892 894 894 880 880 893 893 855 855 895 895 893 893 895 895 894 894 894 894 895 895 896 896 894 894 896 896 880 880 895 895 855 855 897 897 895 895 897 897 896 896 896 896 897 897 898 898 896 896 898 898 880 880 897 897 855 855 899 899 897 897 899 899 898 898 898 898 899 899 900 900 898 898 900 900 880 880 899 899 855 855 876 876 899 899 876 876 900 900 900 900 876 876 878 878 900 900 878 878 880 880 901 901 880 880 902 902 901 901 902 902 903 903 903 903 902 902 904 904 903 903 904 904 905 905 902 902 880 880 906 906 902 902 906 906 904 904 904 904 906 906 907 907 904 904 907 907 905 905 906 906 880 880 908 908 906 906 908 908 907 907 907 907 908 908 909 909 907 907 909 909 905 905 908 908 880 880 910 910 908 908 910 910 909 909 909 909 910 910 911 911 909 909 911 911 905 905 910 910 880 880 912 912 910 910 912 912 911 911 911 911 912 912 913 913 911 911 913 913 905 905 912 912 880 880 914 914 912 912 914 914 913 913 913 913 914 914 915 915 913 913 915 915 905 905 914 914 880 880 916 916 914 914 916 916 915 915 915 915 916 916 917 917 915 915 917 917 905 905 916 916 880 880 918 918 916 916 918 918 917 917 917 917 918 918 919 919 917 917 919 919 905 905 918 918 880 880 920 920 918 918 920 920 919 919 919 919 920 920 921 921 919 919 921 921 905 905 920 920 880 880 922 922 920 920 922 922 921 921 921 921 922 922 923 923 921 921 923 923 905 905 922 922 880 880 924 924 922 922 924 924 923 923 923 923 924 924 925 925 923 923 925 925 905 905 924 924 880 880 901 901 924 924 901 901 925 925 925 925 901 901 903 903 925 925 903 903 905 905 926 926 905 905 927 927 926 926 927 927 928 928 928 928 927 927 929 929 928 928 929 929 930 930 927 927 905 905 931 931 927 927 931 931 929 929 929 929 931 931 932 932 929 929 932 932 930 930 931 931 905 905 933 933 931 931 933 933 932 932 932 932 933 933 934 934 932 932 934 934 930 930 933 933 905 905 935 935 933 933 935 935 934 934 934 934 935 935 936 936 934 934 936 936 930 930 935 935 905 905 937 937 935 935 937 937 936 936 936 936 937 937 938 938 936 936 938 938 930 930 937 937 905 905 939 939 937 937 939 939 938 938 938 938 939 939 940 940 938 938 940 940 930 930 939 939 905 905 941 941 939 939 941 941 940 940 940 940 941 941 942 942 940 940 942 942 930 930 941 941 905 905 943 943 941 941 943 943 942 942 942 942 943 943 944 944 942 942 944 944 930 930 943 943 905 905 945 945 943 943 945 945 944 944 944 944 945 945 946 946 944 944 946 946 930 930 945 945 905 905 947 947 945 945 947 947 946 946 946 946 947 947 948 948 946 946 948 948 930 930 947 947 905 905 949 949 947 947 949 949 948 948 948 948 949 949 950 950 948 948 950 950 930 930 949 949 905 905 926 926 949 949 926 926 950 950 950 950 926 926 928 928 950 950 928 928 930 930 951 951 930 930 952 952 951 951 952 952 953 953 953 953 952 952 954 954 953 953 954 954 955 955 952 952 930 930 956 956 952 952 956 956 954 954 954 954 956 956 957 957 954 954 957 957 955 955 956 956 930 930 958 958 956 956 958 958 957 957 957 957 958 958 959 959 957 957 959 959 955 955 958 958 930 930 960 960 958 958 960 960 959 959 959 959 960 960 961 961 959 959 961 961 955 955 960 960 930 930 962 962 960 960 962 962 961 961 961 961 962 962 963 963 961 961 963 963 955 955 962 962 930 930 964 964 962 962 964 964 963 963 963 963 964 964 965 965 963 963 965 965 955 955 964 964 930 930 966 966 964 964 966 966 965 965 965 965 966 966 967 967 965 965 967 967 955 955 966 966 930 930 968 968 966 966 968 968 967 967 967 967 968 968 969 969 967 967 969 969 955 955 968 968 930 930 970 970 968 968 970 970 969 969 969 969 970 970 971 971 969 969 971 971 955 955 970 970 930 930 972 972 970 970 972 972 971 971 971 971 972 972 973 973 971 971 973 973 955 955 972 972 930 930 974 974 972 972 974 974 973 973 973 973 974 974 975 975 973 973 975 975 955 955 974 974 930 930 951 951 974 974 951 951 975 975 975 975 951 951 953 953 975 975 953 953 955 955 976 976 955 955 977 977 976 976 977 977 978 978 978 978 977 977 979 979 978 978 979 979 980 980 977 977 955 955 981 981 977 977 981 981 979 979 979 979 981 981 982 982 979 979 982 982 980 980 981 981 955 955 983 983 981 981 983 983 982 982 982 982 983 983 984 984 982 982 984 984 980 980 983 983 955 955 985 985 983 983 985 985 984 984 984 984 985 985 986 986 984 984 986 986 980 980 985 985 955 955 987 987 985 985 987 987 986 986 986 986 987 987 988 988 986 986 988 988 980 980 987 987 955 955 989 989 987 987 989 989 988 988 988 988 989 989 990 990 988 988 990 990 980 980 989 989 955 955 991 991 989 989 991 991 990 990 990 990 991 991 992 992 990 990 992 992 980 980 991 991 955 955 993 993 991 991 993 993 992 992 992 992 993 993 994 994 992 992 994 994 980 980 993 993 955 955 995 995 993 993 995 995 994 994 994 994 995 995 996 996 994 994 996 996 980 980 995 995 955 955 997 997 995 995 997 997 996 996 996 996 997 997 998 998 996 996 998 998 980 980 997 997 955 955 999 999 997 997 999 999 998 998 998 998 999 999 1000 1000 998 998 1000 1000 980 980 999 999 955 955 976 976 999 999 976 976 1000 1000 1000 1000 976 976 978 978 1000 1000 978 978 980 980 1001 1001 980 980 1002 1002 1001 1001 1002 1002 1003 1003 1003 1003 1002 1002 1004 1004 1003 1003 1004 1004 1005 1005 1002 1002 980 980 1006 1006 1002 1002 1006 1006 1004 1004 1004 1004 1006 1006 1007 1007 1004 1004 1007 1007 1005 1005 1006 1006 980 980 1008 1008 1006 1006 1008 1008 1007 1007 1007 1007 1008 1008 1009 1009 1007 1007 1009 1009 1005 1005 1008 1008 980 980 1010 1010 1008 1008 1010 1010 1009 1009 1009 1009 1010 1010 1011 1011 1009 1009 1011 1011 1005 1005 1010 1010 980 980 1012 1012 1010 1010 1012 1012 1011 1011 1011 1011 1012 1012 1013 1013 1011 1011 1013 1013 1005 1005 1012 1012 980 980 1014 1014 1012 1012 1014 1014 1013 1013 1013 1013 1014 1014 1015 1015 1013 1013 1015 1015 1005 1005 1014 1014 980 980 1016 1016 1014 1014 1016 1016 1015 1015 1015 1015 1016 1016 1017 1017 1015 1015 1017 1017 1005 1005 1016 1016 980 980 1018 1018 1016 1016 1018 1018 1017 1017 1017 1017 1018 1018 1019 1019 1017 1017 1019 1019 1005 1005 1018 1018 980 980 1020 1020 1018 1018 1020 1020 1019 1019 1019 1019 1020 1020 1021 1021 1019 1019 1021 1021 1005 1005 1020 1020 980 980 1022 1022 1020 1020 1022 1022 1021 1021 1021 1021 1022 1022 1023 1023 1021 1021 1023 1023 1005 1005 1022 1022 980 980 1024 1024 1022 1022 1024 1024 1023 1023 1023 1023 1024 1024 1025 1025 1023 1023 1025 1025 1005 1005 1024 1024 980 980 1001 1001 1024 1024 1001 1001 1025 1025 1025 1025 1001 1001 1003 1003 1025 1025 1003 1003 1005 1005 1026 1026 1005 1005 1027 1027 1026 1026 1027 1027 1028 1028 1028 1028 1027 1027 1029 1029 1028 1028 1029 1029 1030 1030 1027 1027 1005 1005 1031 1031 1027 1027 1031 1031 1029 1029 1029 1029 1031 1031 1032 1032 1029 1029 1032 1032 1030 1030 1031 1031 1005 1005 1033 1033 1031 1031 1033 1033 1032 1032 1032 1032 1033 1033 1034 1034 1032 1032 1034 1034 1030 1030 1033 1033 1005 1005 1035 1035 1033 1033 1035 1035 1034 1034 1034 1034 1035 1035 1036 1036 1034 1034 1036 1036 1030 1030 1035 1035 1005 1005 1037 1037 1035 1035 1037 1037 1036 1036 1036 1036 1037 1037 1038 1038 1036 1036 1038 1038 1030 1030 1037 1037 1005 1005 1039 1039 1037 1037 1039 1039 1038 1038 1038 1038 1039 1039 1040 1040 1038 1038 1040 1040 1030 1030 1039 1039 1005 1005 1041 1041 1039 1039 1041 1041 1040 1040 1040 1040 1041 1041 1042 1042 1040 1040 1042 1042 1030 1030 1041 1041 1005 1005 1043 1043 1041 1041 1043 1043 1042 1042 1042 1042 1043 1043 1044 1044 1042 1042 1044 1044 1030 1030 1043 1043 1005 1005 1045 1045 1043 1043 1045 1045 1044 1044 1044 1044 1045 1045 1046 1046 1044 1044 1046 1046 1030 1030 1045 1045 1005 1005 1047 1047 1045 1045 1047 1047 1046 1046 1046 1046 1047 1047 1048 1048 1046 1046 1048 1048 1030 1030 1047 1047 1005 1005 1049 1049 1047 1047 1049 1049 1048 1048 1048 1048 1049 1049 1050 1050 1048 1048 1050 1050 1030 1030 1049 1049 1005 1005 1026 1026 1049 1049 1026 1026 1050 1050 1050 1050 1026 1026 1028 1028 1050 1050 1028 1028 1030 1030 1051 1051 1030 1030 1052 1052 1051 1051 1052 1052 1053 1053 1053 1053 1052 1052 1054 1054 1053 1053 1054 1054 1055 1055 1052 1052 1030 1030 1056 1056 1052 1052 1056 1056 1054 1054 1054 1054 1056 1056 1057 1057 1054 1054 1057 1057 1055 1055 1056 1056 1030 1030 1058 1058 1056 1056 1058 1058 1057 1057 1057 1057 1058 1058 1059 1059 1057 1057 1059 1059 1055 1055 1058 1058 1030 1030 1060 1060 1058 1058 1060 1060 1059 1059 1059 1059 1060 1060 1061 1061 1059 1059 1061 1061 1055 1055 1060 1060 1030 1030 1062 1062 1060 1060 1062 1062 1061 1061 1061 1061 1062 1062 1063 1063 1061 1061 1063 1063 1055 1055 1062 1062 1030 1030 1064 1064 1062 1062 1064 1064 1063 1063 1063 1063 1064 1064 1065 1065 1063 1063 1065 1065 1055 1055 1064 1064 1030 1030 1066 1066 1064 1064 1066 1066 1065 1065 1065 1065 1066 1066 1067 1067 1065 1065 1067 1067 1055 1055 1066 1066 1030 1030 1068 1068 1066 1066 1068 1068 1067 1067 1067 1067 1068 1068 1069 1069 1067 1067 1069 1069 1055 1055 1068 1068 1030 1030 1070 1070 1068 1068 1070 1070 1069 1069 1069 1069 1070 1070 1071 1071 1069 1069 1071 1071 1055 1055 1070 1070 1030 1030 1072 1072 1070 1070 1072 1072 1071 1071 1071 1071 1072 1072 1073 1073 1071 1071 1073 1073 1055 1055 1072 1072 1030 1030 1074 1074 1072 1072 1074 1074 1073 1073 1073 1073 1074 1074 1075 1075 1073 1073 1075 1075 1055 1055 1074 1074 1030 1030 1051 1051 1074 1074 1051 1051 1075 1075 1075 1075 1051 1051 1053 1053 1075 1075 1053 1053 1055 1055 1076 1076 1055 1055 1077 1077 1076 1076 1077 1077 1078 1078 1078 1078 1077 1077 1079 1079 1078 1078 1079 1079 1080 1080 1077 1077 1055 1055 1081 1081 1077 1077 1081 1081 1079 1079 1079 1079 1081 1081 1082 1082 1079 1079 1082 1082 1080 1080 1081 1081 1055 1055 1083 1083 1081 1081 1083 1083 1082 1082 1082 1082 1083 1083 1084 1084 1082 1082 1084 1084 1080 1080 1083 1083 1055 1055 1085 1085 1083 1083 1085 1085 1084 1084 1084 1084 1085 1085 1086 1086 1084 1084 1086 1086 1080 1080 1085 1085 1055 1055 1087 1087 1085 1085 1087 1087 1086 1086 1086 1086 1087 1087 1088 1088 1086 1086 1088 1088 1080 1080 1087 1087 1055 1055 1089 1089 1087 1087 1089 1089 1088 1088 1088 1088 1089 1089 1090 1090 1088 1088 1090 1090 1080 1080 1089 1089 1055 1055 1091 1091 1089 1089 1091 1091 1090 1090 1090 1090 1091 1091 1092 1092 1090 1090 1092 1092 1080 1080 1091 1091 1055 1055 1093 1093 1091 1091 1093 1093 1092 1092 1092 1092 1093 1093 1094 1094 1092 1092 1094 1094 1080 1080 1093 1093 1055 1055 1095 1095 1093 1093 1095 1095 1094 1094 1094 1094 1095 1095 1096 1096 1094 1094 1096 1096 1080 1080 1095 1095 1055 1055 1097 1097 1095 1095 1097 1097 1096 1096 1096 1096 1097 1097 1098 1098 1096 1096 1098 1098 1080 1080 1097 1097 1055 1055 1099 1099 1097 1097 1099 1099 1098 1098 1098 1098 1099 1099 1100 1100 1098 1098 1100 1100 1080 1080 1099 1099 1055 1055 1076 1076 1099 1099 1076 1076 1100 1100 1100 1100 1076 1076 1078 1078 1100 1100 1078 1078 1080 1080 1101 1101 1080 1080 1102 1102 1101 1101 1102 1102 1103 1103 1103 1103 1102 1102 1104 1104 1103 1103 1104 1104 1105 1105 1102 1102 1080 1080 1106 1106 1102 1102 1106 1106 1104 1104 1104 1104 1106 1106 1107 1107 1104 1104 1107 1107 1105 1105 1106 1106 1080 1080 1108 1108 1106 1106 1108 1108 1107 1107 1107 1107 1108 1108 1109 1109 1107 1107 1109 1109 1105 1105 1108 1108 1080 1080 1110 1110 1108 1108 1110 1110 1109 1109 1109 1109 1110 1110 1111 1111 1109 1109 1111 1111 1105 1105 1110 1110 1080 1080 1112 1112 1110 1110 1112 1112 1111 1111 1111 1111 1112 1112 1113 1113 1111 1111 1113 1113 1105 1105 1112 1112 1080 1080 1114 1114 1112 1112 1114 1114 1113 1113 1113 1113 1114 1114 1115 1115 1113 1113 1115 1115 1105 1105 1114 1114 1080 1080 1116 1116 1114 1114 1116 1116 1115 1115 1115 1115 1116 1116 1117 1117 1115 1115 1117 1117 1105 1105 1116 1116 1080 1080 1118 1118 1116 1116 1118 1118 1117 1117 1117 1117 1118 1118 1119 1119 1117 1117 1119 1119 1105 1105 1118 1118 1080 1080 1120 1120 1118 1118 1120 1120 1119 1119 1119 1119 1120 1120 1121 1121 1119 1119 1121 1121 1105 1105 1120 1120 1080 1080 1122 1122 1120 1120 1122 1122 1121 1121 1121 1121 1122 1122 1123 1123 1121 1121 1123 1123 1105 1105 1122 1122 1080 1080 1124 1124 1122 1122 1124 1124 1123 1123 1123 1123 1124 1124 1125 1125 1123 1123 1125 1125 1105 1105 1124 1124 1080 1080 1101 1101 1124 1124 1101 1101 1125 1125 1125 1125 1101 1101 1103 1103 1125 1125 1103 1103 1105 1105 1126 1126 1105 1105 1127 1127 1126 1126 1127 1127 1128 1128 1128 1128 1127 1127 1129 1129 1128 1128 1129 1129 1130 1130 1127 1127 1105 1105 1131 1131 1127 1127 1131 1131 1129 1129 1129 1129 1131 1131 1132 1132 1129 1129 1132 1132 1130 1130 1131 1131 1105 1105 1133 1133 1131 1131 1133 1133 1132 1132 1132 1132 1133 1133 1134 1134 1132 1132 1134 1134 1130 1130 1133 1133 1105 1105 1135 1135 1133 1133 1135 1135 1134 1134 1134 1134 1135 1135 1136 1136 1134 1134 1136 1136 1130 1130 1135 1135 1105 1105 1137 1137 1135 1135 1137 1137 1136 1136 1136 1136 1137 1137 1138 1138 1136 1136 1138 1138 1130 1130 1137 1137 1105 1105 1139 1139 1137 1137 1139 1139 1138 1138 1138 1138 1139 1139 1140 1140 1138 1138 1140 1140 1130 1130 1139 1139 1105 1105 1141 1141 1139 1139 1141 1141 1140 1140 1140 1140 1141 1141 1142 1142 1140 1140 1142 1142 1130 1130 1141 1141 1105 1105 1143 1143 1141 1141 1143 1143 1142 1142 1142 1142 1143 1143 1144 1144 1142 1142 1144 1144 1130 1130 1143 1143 1105 1105 1145 1145 1143 1143 1145 1145 1144 1144 1144 1144 1145 1145 1146 1146 1144 1144 1146 1146 1130 1130 1145 1145 1105 1105 1147 1147 1145 1145 1147 1147 1146 1146 1146 1146 1147 1147 1148 1148 1146 1146 1148 1148 1130 1130 1147 1147 1105 1105 1149 1149 1147 1147 1149 1149 1148 1148 1148 1148 1149 1149 1150 1150 1148 1148 1150 1150 1130 1130 1149 1149 1105 1105 1126 1126 1149 1149 1126 1126 1150 1150 1150 1150 1126 1126 1128 1128 1150 1150 1128 1128 1130 1130 1151 1151 1130 1130 1152 1152 1151 1151 1152 1152 1153 1153 1153 1153 1152 1152 1154 1154 1153 1153 1154 1154 1155 1155 1152 1152 1130 1130 1156 1156 1152 1152 1156 1156 1154 1154 1154 1154 1156 1156 1157 1157 1154 1154 1157 1157 1155 1155 1156 1156 1130 1130 1158 1158 1156 1156 1158 1158 1157 1157 1157 1157 1158 1158 1159 1159 1157 1157 1159 1159 1155 1155 1158 1158 1130 1130 1160 1160 1158 1158 1160 1160 1159 1159 1159 1159 1160 1160 1161 1161 1159 1159 1161 1161 1155 1155 1160 1160 1130 1130 1162 1162 1160 1160 1162 1162 1161 1161 1161 1161 1162 1162 1163 1163 1161 1161 1163 1163 1155 1155 1162 1162 1130 1130 1164 1164 1162 1162 1164 1164 1163 1163 1163 1163 1164 1164 1165 1165 1163 1163 1165 1165 1155 1155 1164 1164 1130 1130 1166 1166 1164 1164 1166 1166 1165 1165 1165 1165 1166 1166 1167 1167 1165 1165 1167 1167 1155 1155 1166 1166 1130 1130 1168 1168 1166 1166 1168 1168 1167 1167 1167 1167 1168 1168 1169 1169 1167 1167 1169 1169 1155 1155 1168 1168 1130 1130 1170 1170 1168 1168 1170 1170 1169 1169 1169 1169 1170 1170 1171 1171 1169 1169 1171 1171 1155 1155 1170 1170 1130 1130 1172 1172 1170 1170 1172 1172 1171 1171 1171 1171 1172 1172 1173 1173 1171 1171 1173 1173 1155 1155 1172 1172 1130 1130 1174 1174 1172 1172 1174 1174 1173 1173 1173 1173 1174 1174 1175 1175 1173 1173 1175 1175 1155 1155 1174 1174 1130 1130 1151 1151 1174 1174 1151 1151 1175 1175 1175 1175 1151 1151 1153 1153 1175 1175 1153 1153 1155 1155 1176 1176 1155 1155 1177 1177 1176 1176 1177 1177 1178 1178 1178 1178 1177 1177 1179 1179 1178 1178 1179 1179 1180 1180 1177 1177 1155 1155 1181 1181 1177 1177 1181 1181 1179 1179 1179 1179 1181 1181 1182 1182 1179 1179 1182 1182 1180 1180 1181 1181 1155 1155 1183 1183 1181 1181 1183 1183 1182 1182 1182 1182 1183 1183 1184 1184 1182 1182 1184 1184 1180 1180 1183 1183 1155 1155 1185 1185 1183 1183 1185 1185 1184 1184 1184 1184 1185 1185 1186 1186 1184 1184 1186 1186 1180 1180 1185 1185 1155 1155 1187 1187 1185 1185 1187 1187 1186 1186 1186 1186 1187 1187 1188 1188 1186 1186 1188 1188 1180 1180 1187 1187 1155 1155 1189 1189 1187 1187 1189 1189 1188 1188 1188 1188 1189 1189 1190 1190 1188 1188 1190 1190 1180 1180 1189 1189 1155 1155 1191 1191 1189 1189 1191 1191 1190 1190 1190 1190 1191 1191 1192 1192 1190 1190 1192 1192 1180 1180 1191 1191 1155 1155 1193 1193 1191 1191 1193 1193 1192 1192 1192 1192 1193 1193 1194 1194 1192 1192 1194 1194 1180 1180 1193 1193 1155 1155 1195 1195 1193 1193 1195 1195 1194 1194 1194 1194 1195 1195 1196 1196 1194 1194 1196 1196 1180 1180 1195 1195 1155 1155 1197 1197 1195 1195 1197 1197 1196 1196 1196 1196 1197 1197 1198 1198 1196 1196 1198 1198 1180 1180 1197 1197 1155 1155 1199 1199 1197 1197 1199 1199 1198 1198 1198 1198 1199 1199 1200 1200 1198 1198 1200 1200 1180 1180 1199 1199 1155 1155 1176 1176 1199 1199 1176 1176 1200 1200 1200 1200 1176 1176 1178 1178 1200 1200 1178 1178 1180 1180 1201 1201 1180 1180 1202 1202 1201 1201 1202 1202 1203 1203 1203 1203 1202 1202 1204 1204 1203 1203 1204 1204 1205 1205 1202 1202 1180 1180 1206 1206 1202 1202 1206 1206 1204 1204 1204 1204 1206 1206 1207 1207 1204 1204 1207 1207 1205 1205 1206 1206 1180 1180 1208 1208 1206 1206 1208 1208 1207 1207 1207 1207 1208 1208 1209 1209 1207 1207 1209 1209 1205 1205 1208 1208 1180 1180 1210 1210 1208 1208 1210 1210 1209 1209 1209 1209 1210 1210 1211 1211 1209 1209 1211 1211 1205 1205 1210 1210 1180 1180 1212 1212 1210 1210 1212 1212 1211 1211 1211 1211 1212 1212 1213 1213 1211 1211 1213 1213 1205 1205 1212 1212 1180 1180 1214 1214 1212 1212 1214 1214 1213 1213 1213 1213 1214 1214 1215 1215 1213 1213 1215 1215 1205 1205 1214 1214 1180 1180 1216 1216 1214 1214 1216 1216 1215 1215 1215 1215 1216 1216 1217 1217 1215 1215 1217 1217 1205 1205 1216 1216 1180 1180 1218 1218 1216 1216 1218 1218 1217 1217 1217 1217 1218 1218 1219 1219 1217 1217 1219 1219 1205 1205 1218 1218 1180 1180 1220 1220 1218 1218 1220 1220 1219 1219 1219 1219 1220 1220 1221 1221 1219 1219 1221 1221 1205 1205 1220 1220 1180 1180 1222 1222 1220 1220 1222 1222 1221 1221 1221 1221 1222 1222 1223 1223 1221 1221 1223 1223 1205 1205 1222 1222 1180 1180 1224 1224 1222 1222 1224 1224 1223 1223 1223 1223 1224 1224 1225 1225 1223 1223 1225 1225 1205 1205 1224 1224 1180 1180 1201 1201 1224 1224 1201 1201 1225 1225 1225 1225 1201 1201 1203 1203 1225 1225 1203 1203 1205 1205 1226 1226 1205 1205 1227 1227 1226 1226 1227 1227 1228 1228 1228 1228 1227 1227 1229 1229 1228 1228 1229 1229 1230 1230 1227 1227 1205 1205 1231 1231 1227 1227 1231 1231 1229 1229 1229 1229 1231 1231 1232 1232 1229 1229 1232 1232 1230 1230 1231 1231 1205 1205 1233 1233 1231 1231 1233 1233 1232 1232 1232 1232 1233 1233 1234 1234 1232 1232 1234 1234 1230 1230 1233 1233 1205 1205 1235 1235 1233 1233 1235 1235 1234 1234 1234 1234 1235 1235 1236 1236 1234 1234 1236 1236 1230 1230 1235 1235 1205 1205 1237 1237 1235 1235 1237 1237 1236 1236 1236 1236 1237 1237 1238 1238 1236 1236 1238 1238 1230 1230 1237 1237 1205 1205 1239 1239 1237 1237 1239 1239 1238 1238 1238 1238 1239 1239 1240 1240 1238 1238 1240 1240 1230 1230 1239 1239 1205 1205 1241 1241 1239 1239 1241 1241 1240 1240 1240 1240 1241 1241 1242 1242 1240 1240 1242 1242 1230 1230 1241 1241 1205 1205 1243 1243 1241 1241 1243 1243 1242 1242 1242 1242 1243 1243 1244 1244 1242 1242 1244 1244 1230 1230 1243 1243 1205 1205 1245 1245 1243 1243 1245 1245 1244 1244 1244 1244 1245 1245 1246 1246 1244 1244 1246 1246 1230 1230 1245 1245 1205 1205 1247 1247 1245 1245 1247 1247 1246 1246 1246 1246 1247 1247 1248 1248 1246 1246 1248 1248 1230 1230 1247 1247 1205 1205 1249 1249 1247 1247 1249 1249 1248 1248 1248 1248 1249 1249 1250 1250 1248 1248 1250 1250 1230 1230 1249 1249 1205 1205 1226 1226 1249 1249 1226 1226 1250 1250 1250 1250 1226 1226 1228 1228 1250 1250 1228 1228 1230 1230 1251 1251 1230 1230 1252 1252 1251 1251 1252 1252 1253 1253 1253 1253 1252 1252 1254 1254 1253 1253 1254 1254 1255 1255 1252 1252 1230 1230 1256 1256 1252 1252 1256 1256 1254 1254 1254 1254 1256 1256 1257 1257 1254 1254 1257 1257 1255 1255 1256 1256 1230 1230 1258 1258 1256 1256 1258 1258 1257 1257 1257 1257 1258 1258 1259 1259 1257 1257 1259 1259 1255 1255 1258 1258 1230 1230 1260 1260 1258 1258 1260 1260 1259 1259 1259 1259 1260 1260 1261 1261 1259 1259 1261 1261 1255 1255 1260 1260 1230 1230 1262 1262 1260 1260 1262 1262 1261 1261 1261 1261 1262 1262 1263 1263 1261 1261 1263 1263 1255 1255 1262 1262 1230 1230 1264 1264 1262 1262 1264 1264 1263 1263 1263 1263 1264 1264 1265 1265 1263 1263 1265 1265 1255 1255 1264 1264 1230 1230 1266 1266 1264 1264 1266 1266 1265 1265 1265 1265 1266 1266 1267 1267 1265 1265 1267 1267 1255 1255 1266 1266 1230 1230 1268 1268 1266 1266 1268 1268 1267 1267 1267 1267 1268 1268 1269 1269 1267 1267 1269 1269 1255 1255 1268 1268 1230 1230 1270 1270 1268 1268 1270 1270 1269 1269 1269 1269 1270 1270 1271 1271 1269 1269 1271 1271 1255 1255 1270 1270 1230 1230 1272 1272 1270 1270 1272 1272 1271 1271 1271 1271 1272 1272 1273 1273 1271 1271 1273 1273 1255 1255 1272 1272 1230 1230 1274 1274 1272 1272 1274 1274 1273 1273 1273 1273 1274 1274 1275 1275 1273 1273 1275 1275 1255 1255 1274 1274 1230 1230 1251 1251 1274 1274 1251 1251 1275 1275 1275 1275 1251 1251 1253 1253 1275 1275 1253 1253 1255 1255 1276 1276 1255 1255 1277 1277 1276 1276 1277 1277 1278 1278 1278 1278 1277 1277 1279 1279 1278 1278 1279 1279 1280 1280 1277 1277 1255 1255 1281 1281 1277 1277 1281 1281 1279 1279 1279 1279 1281 1281 1282 1282 1279 1279 1282 1282 1280 1280 1281 1281 1255 1255 1283 1283 1281 1281 1283 1283 1282 1282 1282 1282 1283 1283 1284 1284 1282 1282 1284 1284 1280 1280 1283 1283 1255 1255 1285 1285 1283 1283 1285 1285 1284 1284 1284 1284 1285 1285 1286 1286 1284 1284 1286 1286 1280 1280 1285 1285 1255 1255 1287 1287 1285 1285 1287 1287 1286 1286 1286 1286 1287 1287 1288 1288 1286 1286 1288 1288 1280 1280 1287 1287 1255 1255 1289 1289 1287 1287 1289 1289 1288 1288 1288 1288 1289 1289 1290 1290 1288 1288 1290 1290 1280 1280 1289 1289 1255 1255 1291 1291 1289 1289 1291 1291 1290 1290 1290 1290 1291 1291 1292 1292 1290 1290 1292 1292 1280 1280 1291 1291 1255 1255 1293 1293 1291 1291 1293 1293 1292 1292 1292 1292 1293 1293 1294 1294 1292 1292 1294 1294 1280 1280 1293 1293 1255 1255 1295 1295 1293 1293 1295 1295 1294 1294 1294 1294 1295 1295 1296 1296 1294 1294 1296 1296 1280 1280 1295 1295 1255 1255 1297 1297 1295 1295 1297 1297 1296 1296 1296 1296 1297 1297 1298 1298 1296 1296 1298 1298 1280 1280 1297 1297 1255 1255 1299 1299 1297 1297 1299 1299 1298 1298 1298 1298 1299 1299 1300 1300 1298 1298 1300 1300 1280 1280 1299 1299 1255 1255 1276 1276 1299 1299 1276 1276 1300 1300 1300 1300 1276 1276 1278 1278 1300 1300 1278 1278 1280 1280 1301 1301 1280 1280 1302 1302 1301 1301 1302 1302 1303 1303 1303 1303 1302 1302 1304 1304 1303 1303 1304 1304 1305 1305 1302 1302 1280 1280 1306 1306 1302 1302 1306 1306 1304 1304 1304 1304 1306 1306 1307 1307 1304 1304 1307 1307 1305 1305 1306 1306 1280 1280 1308 1308 1306 1306 1308 1308 1307 1307 1307 1307 1308 1308 1309 1309 1307 1307 1309 1309 1305 1305 1308 1308 1280 1280 1310 1310 1308 1308 1310 1310 1309 1309 1309 1309 1310 1310 1311 1311 1309 1309 1311 1311 1305 1305 1310 1310 1280 1280 1312 1312 1310 1310 1312 1312 1311 1311 1311 1311 1312 1312 1313 1313 1311 1311 1313 1313 1305 1305 1312 1312 1280 1280 1314 1314 1312 1312 1314 1314 1313 1313 1313 1313 1314 1314 1315 1315 1313 1313 1315 1315 1305 1305 1314 1314 1280 1280 1316 1316 1314 1314 1316 1316 1315 1315 1315 1315 1316 1316 1317 1317 1315 1315 1317 1317 1305 1305 1316 1316 1280 1280 1318 1318 1316 1316 1318 1318 1317 1317 1317 1317 1318 1318 1319 1319 1317 1317 1319 1319 1305 1305 1318 1318 1280 1280 1320 1320 1318 1318 1320 1320 1319 1319 1319 1319 1320 1320 1321 1321 1319 1319 1321 1321 1305 1305 1320 1320 1280 1280 1322 1322 1320 1320 1322 1322 1321 1321 1321 1321 1322 1322 1323 1323 1321 1321 1323 1323 1305 1305 1322 1322 1280 1280 1324 1324 1322 1322 1324 1324 1323 1323 1323 1323 1324 1324 1325 1325 1323 1323 1325 1325 1305 1305 1324 1324 1280 1280 1301 1301 1324 1324 1301 1301 1325 1325 1325 1325 1301 1301 1303 1303 1325 1325 1303 1303 1305 1305 1326 1326 1305 1305 1327 1327 1326 1326 1327 1327 1328 1328 1328 1328 1327 1327 1329 1329 1328 1328 1329 1329 1330 1330 1327 1327 1305 1305 1331 1331 1327 1327 1331 1331 1329 1329 1329 1329 1331 1331 1332 1332 1329 1329 1332 1332 1330 1330 1331 1331 1305 1305 1333 1333 1331 1331 1333 1333 1332 1332 1332 1332 1333 1333 1334 1334 1332 1332 1334 1334 1330 1330 1333 1333 1305 1305 1335 1335 1333 1333 1335 1335 1334 1334 1334 1334 1335 1335 1336 1336 1334 1334 1336 1336 1330 1330 1335 1335 1305 1305 1337 1337 1335 1335 1337 1337 1336 1336 1336 1336 1337 1337 1338 1338 1336 1336 1338 1338 1330 1330 1337 1337 1305 1305 1339 1339 1337 1337 1339 1339 1338 1338 1338 1338 1339 1339 1340 1340 1338 1338 1340 1340 1330 1330 1339 1339 1305 1305 1341 1341 1339 1339 1341 1341 1340 1340 1340 1340 1341 1341 1342 1342 1340 1340 1342 1342 1330 1330 1341 1341 1305 1305 1343 1343 1341 1341 1343 1343 1342 1342 1342 1342 1343 1343 1344 1344 1342 1342 1344 1344 1330 1330 1343 1343 1305 1305 1345 1345 1343 1343 1345 1345 1344 1344 1344 1344 1345 1345 1346 1346 1344 1344 1346 1346 1330 1330 1345 1345 1305 1305 1347 1347 1345 1345 1347 1347 1346 1346 1346 1346 1347 1347 1348 1348 1346 1346 1348 1348 1330 1330 1347 1347 1305 1305 1349 1349 1347 1347 1349 1349 1348 1348 1348 1348 1349 1349 1350 1350 1348 1348 1350 1350 1330 1330 1349 1349 1305 1305 1326 1326 1349 1349 1326 1326 1350 1350 1350 1350 1326 1326 1328 1328 1350 1350 1328 1328 1330 1330 1351 1351 1330 1330 1352 1352 1351 1351 1352 1352 1353 1353 1353 1353 1352 1352 1354 1354 1353 1353 1354 1354 1355 1355 1352 1352 1330 1330 1356 1356 1352 1352 1356 1356 1354 1354 1354 1354 1356 1356 1357 1357 1354 1354 1357 1357 1355 1355 1356 1356 1330 1330 1358 1358 1356 1356 1358 1358 1357 1357 1357 1357 1358 1358 1359 1359 1357 1357 1359 1359 1355 1355 1358 1358 1330 1330 1360 1360 1358 1358 1360 1360 1359 1359 1359 1359 1360 1360 1361 1361 1359 1359 1361 1361 1355 1355 1360 1360 1330 1330 1362 1362 1360 1360 1362 1362 1361 1361 1361 1361 1362 1362 1363 1363 1361 1361 1363 1363 1355 1355 1362 1362 1330 1330 1364 1364 1362 1362 1364 1364 1363 1363 1363 1363 1364 1364 1365 1365 1363 1363 1365 1365 1355 1355 1364 1364 1330 1330 1366 1366 1364 1364 1366 1366 1365 1365 1365 1365 1366 1366 1367 1367 1365 1365 1367 1367 1355 1355 1366 1366 1330 1330 1368 1368 1366 1366 1368 1368 1367 1367 1367 1367 1368 1368 1369 1369 1367 1367 1369 1369 1355 1355 1368 1368 1330 1330 1370 1370 1368 1368 1370 1370 1369 1369 1369 1369 1370 1370 1371 1371 1369 1369 1371 1371 1355 1355 1370 1370 1330 1330 1372 1372 1370 1370 1372 1372 1371 1371 1371 1371 1372 1372 1373 1373 1371 1371 1373 1373 1355 1355 1372 1372 1330 1330 1374 1374 1372 1372 1374 1374 1373 1373 1373 1373 1374 1374 1375 1375 1373 1373 1375 1375 1355 1355 1374 1374 1330 1330 1351 1351 1374 1374 1351 1351 1375 1375 1375 1375 1351 1351 1353 1353 1375 1375 1353 1353 1355 1355 1376 1376 1355 1355 1377 1377 1376 1376 1377 1377 1378 1378 1378 1378 1377 1377 1379 1379 1378 1378 1379 1379 1380 1380 1377 1377 1355 1355 1381 1381 1377 1377 1381 1381 1379 1379 1379 1379 1381 1381 1382 1382 1379 1379 1382 1382 1380 1380 1381 1381 1355 1355 1383 1383 1381 1381 1383 1383 1382 1382 1382 1382 1383 1383 1384 1384 1382 1382 1384 1384 1380 1380 1383 1383 1355 1355 1385 1385 1383 1383 1385 1385 1384 1384 1384 1384 1385 1385 1386 1386 1384 1384 1386 1386 1380 1380 1385 1385 1355 1355 1387 1387 1385 1385 1387 1387 1386 1386 1386 1386 1387 1387 1388 1388 1386 1386 1388 1388 1380 1380 1387 1387 1355 1355 1389 1389 1387 1387 1389 1389 1388 1388 1388 1388 1389 1389 1390 1390 1388 1388 1390 1390 1380 1380 1389 1389 1355 1355 1391 1391 1389 1389 1391 1391 1390 1390 1390 1390 1391 1391 1392 1392 1390 1390 1392 1392 1380 1380 1391 1391 1355 1355 1393 1393 1391 1391 1393 1393 1392 1392 1392 1392 1393 1393 1394 1394 1392 1392 1394 1394 1380 1380 1393 1393 1355 1355 1395 1395 1393 1393 1395 1395 1394 1394 1394 1394 1395 1395 1396 1396 1394 1394 1396 1396 1380 1380 1395 1395 1355 1355 1397 1397 1395 1395 1397 1397 1396 1396 1396 1396 1397 1397 1398 1398 1396 1396 1398 1398 1380 1380 1397 1397 1355 1355 1399 1399 1397 1397 1399 1399 1398 1398 1398 1398 1399 1399 1400 1400 1398 1398 1400 1400 1380 1380 1399 1399 1355 1355 1376 1376 1399 1399 1376 1376 1400 1400 1400 1400 1376 1376 1378 1378 1400 1400 1378 1378 1380 1380 1401 1401 1380 1380 1402 1402 1401 1401 1402 1402 1403 1403 1403 1403 1402 1402 1404 1404 1403 1403 1404 1404 1405 1405 1402 1402 1380 1380 1406 1406 1402 1402 1406 1406 1404 1404 1404 1404 1406 1406 1407 1407 1404 1404 1407 1407 1405 1405 1406 1406 1380 1380 1408 1408 1406 1406 1408 1408 1407 1407 1407 1407 1408 1408 1409 1409 1407 1407 1409 1409 1405 1405 1408 1408 1380 1380 1410 1410 1408 1408 1410 1410 1409 1409 1409 1409 1410 1410 1411 1411 1409 1409 1411 1411 1405 1405 1410 1410 1380 1380 1412 1412 1410 1410 1412 1412 1411 1411 1411 1411 1412 1412 1413 1413 1411 1411 1413 1413 1405 1405 1412 1412 1380 1380 1414 1414 1412 1412 1414 1414 1413 1413 1413 1413 1414 1414 1415 1415 1413 1413 1415 1415 1405 1405 1414 1414 1380 1380 1416 1416 1414 1414 1416 1416 1415 1415 1415 1415 1416 1416 1417 1417 1415 1415 1417 1417 1405 1405 1416 1416 1380 1380 1418 1418 1416 1416 1418 1418 1417 1417 1417 1417 1418 1418 1419 1419 1417 1417 1419 1419 1405 1405 1418 1418 1380 1380 1420 1420 1418 1418 1420 1420 1419 1419 1419 1419 1420 1420 1421 1421 1419 1419 1421 1421 1405 1405 1420 1420 1380 1380 1422 1422 1420 1420 1422 1422 1421 1421 1421 1421 1422 1422 1423 1423 1421 1421 1423 1423 1405 1405 1422 1422 1380 1380 1424 1424 1422 1422 1424 1424 1423 1423 1423 1423 1424 1424 1425 1425 1423 1423 1425 1425 1405 1405 1424 1424 1380 1380 1401 1401 1424 1424 1401 1401 1425 1425 1425 1425 1401 1401 1403 1403 1425 1425 1403 1403 1405 1405 1426 1426 1405 1405 1427 1427 1426 1426 1427 1427 1428 1428 1428 1428 1427 1427 1429 1429 1428 1428 1429 1429 1430 1430 1427 1427 1405 1405 1431 1431 1427 1427 1431 1431 1429 1429 1429 1429 1431 1431 1432 1432 1429 1429 1432 1432 1430 1430 1431 1431 1405 1405 1433 1433 1431 1431 1433 1433 1432 1432 1432 1432 1433 1433 1434 1434 1432 1432 1434 1434 1430 1430 1433 1433 1405 1405 1435 1435 1433 1433 1435 1435 1434 1434 1434 1434 1435 1435 1436 1436 1434 1434 1436 1436 1430 1430 1435 1435 1405 1405 1437 1437 1435 1435 1437 1437 1436 1436 1436 1436 1437 1437 1438 1438 1436 1436 1438 1438 1430 1430 1437 1437 1405 1405 1439 1439 1437 1437 1439 1439 1438 1438 1438 1438 1439 1439 1440 1440 1438 1438 1440 1440 1430 1430 1439 1439 1405 1405 1441 1441 1439 1439 1441 1441 1440 1440 1440 1440 1441 1441 1442 1442 1440 1440 1442 1442 1430 1430 1441 1441 1405 1405 1443 1443 1441 1441 1443 1443 1442 1442 1442 1442 1443 1443 1444 1444 1442 1442 1444 1444 1430 1430 1443 1443 1405 1405 1445 1445 1443 1443 1445 1445 1444 1444 1444 1444 1445 1445 1446 1446 1444 1444 1446 1446 1430 1430 1445 1445 1405 1405 1447 1447 1445 1445 1447 1447 1446 1446 1446 1446 1447 1447 1448 1448 1446 1446 1448 1448 1430 1430 1447 1447 1405 1405 1449 1449 1447 1447 1449 1449 1448 1448 1448 1448 1449 1449 1450 1450 1448 1448 1450 1450 1430 1430 1449 1449 1405 1405 1426 1426 1449 1449 1426 1426 1450 1450 1450 1450 1426 1426 1428 1428 1450 1450 1428 1428 1430 1430 1451 1451 1430 1430 1452 1452 1451 1451 1452 1452 1453 1453 1453 1453 1452 1452 1454 1454 1453 1453 1454 1454 1455 1455 1452 1452 1430 1430 1456 1456 1452 1452 1456 1456 1454 1454 1454 1454 1456 1456 1457 1457 1454 1454 1457 1457 1455 1455 1456 1456 1430 1430 1458 1458 1456 1456 1458 1458 1457 1457 1457 1457 1458 1458 1459 1459 1457 1457 1459 1459 1455 1455 1458 1458 1430 1430 1460 1460 1458 1458 1460 1460 1459 1459 1459 1459 1460 1460 1461 1461 1459 1459 1461 1461 1455 1455 1460 1460 1430 1430 1462 1462 1460 1460 1462 1462 1461 1461 1461 1461 1462 1462 1463 1463 1461 1461 1463 1463 1455 1455 1462 1462 1430 1430 1464 1464 1462 1462 1464 1464 1463 1463 1463 1463 1464 1464 1465 1465 1463 1463 1465 1465 1455 1455 1464 1464 1430 1430 1466 1466 1464 1464 1466 1466 1465 1465 1465 1465 1466 1466 1467 1467 1465 1465 1467 1467 1455 1455 1466 1466 1430 1430 1468 1468 1466 1466 1468 1468 1467 1467 1467 1467 1468 1468 1469 1469 1467 1467 1469 1469 1455 1455 1468 1468 1430 1430 1470 1470 1468 1468 1470 1470 1469 1469 1469 1469 1470 1470 1471 1471 1469 1469 1471 1471 1455 1455 1470 1470 1430 1430 1472 1472 1470 1470 1472 1472 1471 1471 1471 1471 1472 1472 1473 1473 1471 1471 1473 1473 1455 1455 1472 1472 1430 1430 1474 1474 1472 1472 1474 1474 1473 1473 1473 1473 1474 1474 1475 1475 1473 1473 1475 1475 1455 1455 1474 1474 1430 1430 1451 1451 1474 1474 1451 1451 1475 1475 1475 1475 1451 1451 1453 1453 1475 1475 1453 1453 1455 1455 1476 1476 1455 1455 1477 1477 1476 1476 1477 1477 1478 1478 1478 1478 1477 1477 1479 1479 1478 1478 1479 1479 1480 1480 1477 1477 1455 1455 1481 1481 1477 1477 1481 1481 1479 1479 1479 1479 1481 1481 1482 1482 1479 1479 1482 1482 1480 1480 1481 1481 1455 1455 1483 1483 1481 1481 1483 1483 1482 1482 1482 1482 1483 1483 1484 1484 1482 1482 1484 1484 1480 1480 1483 1483 1455 1455 1485 1485 1483 1483 1485 1485 1484 1484 1484 1484 1485 1485 1486 1486 1484 1484 1486 1486 1480 1480 1485 1485 1455 1455 1487 1487 1485 1485 1487 1487 1486 1486 1486 1486 1487 1487 1488 1488 1486 1486 1488 1488 1480 1480 1487 1487 1455 1455 1489 1489 1487 1487 1489 1489 1488 1488 1488 1488 1489 1489 1490 1490 1488 1488 1490 1490 1480 1480 1489 1489 1455 1455 1491 1491 1489 1489 1491 1491 1490 1490 1490 1490 1491 1491 1492 1492 1490 1490 1492 1492 1480 1480 1491 1491 1455 1455 1493 1493 1491 1491 1493 1493 1492 1492 1492 1492 1493 1493 1494 1494 1492 1492 1494 1494 1480 1480 1493 1493 1455 1455 1495 1495 1493 1493 1495 1495 1494 1494 1494 1494 1495 1495 1496 1496 1494 1494 1496 1496 1480 1480 1495 1495 1455 1455 1497 1497 1495 1495 1497 1497 1496 1496 1496 1496 1497 1497 1498 1498 1496 1496 1498 1498 1480 1480 1497 1497 1455 1455 1499 1499 1497 1497 1499 1499 1498 1498 1498 1498 1499 1499 1500 1500 1498 1498 1500 1500 1480 1480 1499 1499 1455 1455 1476 1476 1499 1499 1476 1476 1500 1500 1500 1500 1476 1476 1478 1478 1500 1500 1478 1478 1480 1480 1501 1501 1480 1480 1502 1502 1501 1501 1502 1502 1503 1503 1503 1503 1502 1502 1504 1504 1503 1503 1504 1504 1505 1505 1502 1502 1480 1480 1506 1506 1502 1502 1506 1506 1504 1504 1504 1504 1506 1506 1507 1507 1504 1504 1507 1507 1505 1505 1506 1506 1480 1480 1508 1508 1506 1506 1508 1508 1507 1507 1507 1507 1508 1508 1509 1509 1507 1507 1509 1509 1505 1505 1508 1508 1480 1480 1510 1510 1508 1508 1510 1510 1509 1509 1509 1509 1510 1510 1511 1511 1509 1509 1511 1511 1505 1505 1510 1510 1480 1480 1512 1512 1510 1510 1512 1512 1511 1511 1511 1511 1512 1512 1513 1513 1511 1511 1513 1513 1505 1505 1512 1512 1480 1480 1514 1514 1512 1512 1514 1514 1513 1513 1513 1513 1514 1514 1515 1515 1513 1513 1515 1515 1505 1505 1514 1514 1480 1480 1516 1516 1514 1514 1516 1516 1515 1515 1515 1515 1516 1516 1517 1517 1515 1515 1517 1517 1505 1505 1516 1516 1480 1480 1518 1518 1516 1516 1518 1518 1517 1517 1517 1517 1518 1518 1519 1519 1517 1517 1519 1519 1505 1505 1518 1518 1480 1480 1520 1520 1518 1518 1520 1520 1519 1519 1519 1519 1520 1520 1521 1521 1519 1519 1521 1521 1505 1505 1520 1520 1480 1480 1522 1522 1520 1520 1522 1522 1521 1521 1521 1521 1522 1522 1523 1523 1521 1521 1523 1523 1505 1505 1522 1522 1480 1480 1524 1524 1522 1522 1524 1524 1523 1523 1523 1523 1524 1524 1525 1525 1523 1523 1525 1525 1505 1505 1524 1524 1480 1480 1501 1501 1524 1524 1501 1501 1525 1525 1525 1525 1501 1501 1503 1503 1525 1525 1503 1503 1505 1505 1526 1526 1505 1505 1527 1527 1526 1526 1527 1527 1528 1528 1528 1528 1527 1527 1529 1529 1528 1528 1529 1529 1530 1530 1527 1527 1505 1505 1531 1531 1527 1527 1531 1531 1529 1529 1529 1529 1531 1531 1532 1532 1529 1529 1532 1532 1530 1530 1531 1531 1505 1505 1533 1533 1531 1531 1533 1533 1532 1532 1532 1532 1533 1533 1534 1534 1532 1532 1534 1534 1530 1530 1533 1533 1505 1505 1535 1535 1533 1533 1535 1535 1534 1534 1534 1534 1535 1535 1536 1536 1534 1534 1536 1536 1530 1530 1535 1535 1505 1505 1537 1537 1535 1535 1537 1537 1536 1536 1536 1536 1537 1537 1538 1538 1536 1536 1538 1538 1530 1530 1537 1537 1505 1505 1539 1539 1537 1537 1539 1539 1538 1538 1538 1538 1539 1539 1540 1540 1538 1538 1540 1540 1530 1530 1539 1539 1505 1505 1541 1541 1539 1539 1541 1541 1540 1540 1540 1540 1541 1541 1542 1542 1540 1540 1542 1542 1530 1530 1541 1541 1505 1505 1543 1543 1541 1541 1543 1543 1542 1542 1542 1542 1543 1543 1544 1544 1542 1542 1544 1544 1530 1530 1543 1543 1505 1505 1545 1545 1543 1543 1545 1545 1544 1544 1544 1544 1545 1545 1546 1546 1544 1544 1546 1546 1530 1530 1545 1545 1505 1505 1547 1547 1545 1545 1547 1547 1546 1546 1546 1546 1547 1547 1548 1548 1546 1546 1548 1548 1530 1530 1547 1547 1505 1505 1549 1549 1547 1547 1549 1549 1548 1548 1548 1548 1549 1549 1550 1550 1548 1548 1550 1550 1530 1530 1549 1549 1505 1505 1526 1526 1549 1549 1526 1526 1550 1550 1550 1550 1526 1526 1528 1528 1550 1550 1528 1528 1530 1530 1551 1551 1530 1530 1552 1552 1551 1551 1552 1552 1553 1553 1553 1553 1552 1552 1554 1554 1553 1553 1554 1554 1555 1555 1552 1552 1530 1530 1556 1556 1552 1552 1556 1556 1554 1554 1554 1554 1556 1556 1557 1557 1554 1554 1557 1557 1555 1555 1556 1556 1530 1530 1558 1558 1556 1556 1558 1558 1557 1557 1557 1557 1558 1558 1559 1559 1557 1557 1559 1559 1555 1555 1558 1558 1530 1530 1560 1560 1558 1558 1560 1560 1559 1559 1559 1559 1560 1560 1561 1561 1559 1559 1561 1561 1555 1555 1560 1560 1530 1530 1562 1562 1560 1560 1562 1562 1561 1561 1561 1561 1562 1562 1563 1563 1561 1561 1563 1563 1555 1555 1562 1562 1530 1530 1564 1564 1562 1562 1564 1564 1563 1563 1563 1563 1564 1564 1565 1565 1563 1563 1565 1565 1555 1555 1564 1564 1530 1530 1566 1566 1564 1564 1566 1566 1565 1565 1565 1565 1566 1566 1567 1567 1565 1565 1567 1567 1555 1555 1566 1566 1530 1530 1568 1568 1566 1566 1568 1568 1567 1567 1567 1567 1568 1568 1569 1569 1567 1567 1569 1569 1555 1555 1568 1568 1530 1530 1570 1570 1568 1568 1570 1570 1569 1569 1569 1569 1570 1570 1571 1571 1569 1569 1571 1571 1555 1555 1570 1570 1530 1530 1572 1572 1570 1570 1572 1572 1571 1571 1571 1571 1572 1572 1573 1573 1571 1571 1573 1573 1555 1555 1572 1572 1530 1530 1574 1574 1572 1572 1574 1574 1573 1573 1573 1573 1574 1574 1575 1575 1573 1573 1575 1575 1555 1555 1574 1574 1530 1530 1551 1551 1574 1574 1551 1551 1575 1575 1575 1575 1551 1551 1553 1553 1575 1575 1553 1553 1555 1555 1576 1576 1555 1555 1577 1577 1576 1576 1577 1577 1578 1578 1578 1578 1577 1577 1579 1579 1578 1578 1579 1579 1580 1580 1577 1577 1555 1555 1581 1581 1577 1577 1581 1581 1579 1579 1579 1579 1581 1581 1582 1582 1579 1579 1582 1582 1580 1580 1581 1581 1555 1555 1583 1583 1581 1581 1583 1583 1582 1582 1582 1582 1583 1583 1584 1584 1582 1582 1584 1584 1580 1580 1583 1583 1555 1555 1585 1585 1583 1583 1585 1585 1584 1584 1584 1584 1585 1585 1586 1586 1584 1584 1586 1586 1580 1580 1585 1585 1555 1555 1587 1587 1585 1585 1587 1587 1586 1586 1586 1586 1587 1587 1588 1588 1586 1586 1588 1588 1580 1580 1587 1587 1555 1555 1589 1589 1587 1587 1589 1589 1588 1588 1588 1588 1589 1589 1590 1590 1588 1588 1590 1590 1580 1580 1589 1589 1555 1555 1591 1591 1589 1589 1591 1591 1590 1590 1590 1590 1591 1591 1592 1592 1590 1590 1592 1592 1580 1580 1591 1591 1555 1555 1593 1593 1591 1591 1593 1593 1592 1592 1592 1592 1593 1593 1594 1594 1592 1592 1594 1594 1580 1580 1593 1593 1555 1555 1595 1595 1593 1593 1595 1595 1594 1594 1594 1594 1595 1595 1596 1596 1594 1594 1596 1596 1580 1580 1595 1595 1555 1555 1597 1597 1595 1595 1597 1597 1596 1596 1596 1596 1597 1597 1598 1598 1596 1596 1598 1598 1580 1580 1597 1597 1555 1555 1599 1599 1597 1597 1599 1599 1598 1598 1598 1598 1599 1599 1600 1600 1598 1598 1600 1600 1580 1580 1599 1599 1555 1555 1576 1576 1599 1599 1576 1576 1600 1600 1600 1600 1576 1576 1578 1578 1600 1600 1578 1578 1580 1580 1601 1601 1580 1580 1602 1602 1601 1601 1602 1602 1603 1603 1603 1603 1602 1602 1604 1604 1603 1603 1604 1604 1605 1605 1602 1602 1580 1580 1606 1606 1602 1602 1606 1606 1604 1604 1604 1604 1606 1606 1607 1607 1604 1604 1607 1607 1605 1605 1606 1606 1580 1580 1608 1608 1606 1606 1608 1608 1607 1607 1607 1607 1608 1608 1609 1609 1607 1607 1609 1609 1605 1605 1608 1608 1580 1580 1610 1610 1608 1608 1610 1610 1609 1609 1609 1609 1610 1610 1611 1611 1609 1609 1611 1611 1605 1605 1610 1610 1580 1580 1612 1612 1610 1610 1612 1612 1611 1611 1611 1611 1612 1612 1613 1613 1611 1611 1613 1613 1605 1605 1612 1612 1580 1580 1614 1614 1612 1612 1614 1614 1613 1613 1613 1613 1614 1614 1615 1615 1613 1613 1615 1615 1605 1605 1614 1614 1580 1580 1616 1616 1614 1614 1616 1616 1615 1615 1615 1615 1616 1616 1617 1617 1615 1615 1617 1617 1605 1605 1616 1616 1580 1580 1618 1618 1616 1616 1618 1618 1617 1617 1617 1617 1618 1618 1619 1619 1617 1617 1619 1619 1605 1605 1618 1618 1580 1580 1620 1620 1618 1618 1620 1620 1619 1619 1619 1619 1620 1620 1621 1621 1619 1619 1621 1621 1605 1605 1620 1620 1580 1580 1622 1622 1620 1620 1622 1622 1621 1621 1621 1621 1622 1622 1623 1623 1621 1621 1623 1623 1605 1605 1622 1622 1580 1580 1624 1624 1622 1622 1624 1624 1623 1623 1623 1623 1624 1624 1625 1625 1623 1623 1625 1625 1605 1605 1624 1624 1580 1580 1601 1601 1624 1624 1601 1601 1625 1625 1625 1625 1601 1601 1603 1603 1625 1625 1603 1603 1605 1605 1626 1626 1605 1605 1627 1627 1626 1626 1627 1627 1628 1628 1628 1628 1627 1627 1629 1629 1628 1628 1629 1629 1630 1630 1627 1627 1605 1605 1631 1631 1627 1627 1631 1631 1629 1629 1629 1629 1631 1631 1632 1632 1629 1629 1632 1632 1630 1630 1631 1631 1605 1605 1633 1633 1631 1631 1633 1633 1632 1632 1632 1632 1633 1633 1634 1634 1632 1632 1634 1634 1630 1630 1633 1633 1605 1605 1635 1635 1633 1633 1635 1635 1634 1634 1634 1634 1635 1635 1636 1636 1634 1634 1636 1636 1630 1630 1635 1635 1605 1605 1637 1637 1635 1635 1637 1637 1636 1636 1636 1636 1637 1637 1638 1638 1636 1636 1638 1638 1630 1630 1637 1637 1605 1605 1639 1639 1637 1637 1639 1639 1638 1638 1638 1638 1639 1639 1640 1640 1638 1638 1640 1640 1630 1630 1639 1639 1605 1605 1641 1641 1639 1639 1641 1641 1640 1640 1640 1640 1641 1641 1642 1642 1640 1640 1642 1642 1630 1630 1641 1641 1605 1605 1643 1643 1641 1641 1643 1643 1642 1642 1642 1642 1643 1643 1644 1644 1642 1642 1644 1644 1630 1630 1643 1643 1605 1605 1645 1645 1643 1643 1645 1645 1644 1644 1644 1644 1645 1645 1646 1646 1644 1644 1646 1646 1630 1630 1645 1645 1605 1605 1647 1647 1645 1645 1647 1647 1646 1646 1646 1646 1647 1647 1648 1648 1646 1646 1648 1648 1630 1630 1647 1647 1605 1605 1649 1649 1647 1647 1649 1649 1648 1648 1648 1648 1649 1649 1650 1650 1648 1648 1650 1650 1630 1630 1649 1649 1605 1605 1626 1626 1649 1649 1626 1626 1650 1650 1650 1650 1626 1626 1628 1628 1650 1650 1628 1628 1630 1630 1651 1651 1630 1630 1652 1652 1651 1651 1652 1652 1653 1653 1653 1653 1652 1652 1654 1654 1653 1653 1654 1654 1655 1655 1652 1652 1630 1630 1656 1656 1652 1652 1656 1656 1654 1654 1654 1654 1656 1656 1657 1657 1654 1654 1657 1657 1655 1655 1656 1656 1630 1630 1658 1658 1656 1656 1658 1658 1657 1657 1657 1657 1658 1658 1659 1659 1657 1657 1659 1659 1655 1655 1658 1658 1630 1630 1660 1660 1658 1658 1660 1660 1659 1659 1659 1659 1660 1660 1661 1661 1659 1659 1661 1661 1655 1655 1660 1660 1630 1630 1662 1662 1660 1660 1662 1662 1661 1661 1661 1661 1662 1662 1663 1663 1661 1661 1663 1663 1655 1655 1662 1662 1630 1630 1664 1664 1662 1662 1664 1664 1663 1663 1663 1663 1664 1664 1665 1665 1663 1663 1665 1665 1655 1655 1664 1664 1630 1630 1666 1666 1664 1664 1666 1666 1665 1665 1665 1665 1666 1666 1667 1667 1665 1665 1667 1667 1655 1655 1666 1666 1630 1630 1668 1668 1666 1666 1668 1668 1667 1667 1667 1667 1668 1668 1669 1669 1667 1667 1669 1669 1655 1655 1668 1668 1630 1630 1670 1670 1668 1668 1670 1670 1669 1669 1669 1669 1670 1670 1671 1671 1669 1669 1671 1671 1655 1655 1670 1670 1630 1630 1672 1672 1670 1670 1672 1672 1671 1671 1671 1671 1672 1672 1673 1673 1671 1671 1673 1673 1655 1655 1672 1672 1630 1630 1674 1674 1672 1672 1674 1674 1673 1673 1673 1673 1674 1674 1675 1675 1673 1673 1675 1675 1655 1655 1674 1674 1630 1630 1651 1651 1674 1674 1651 1651 1675 1675 1675 1675 1651 1651 1653 1653 1675 1675 1653 1653 1655 1655 1676 1676 1655 1655 1677 1677 1676 1676 1677 1677 1678 1678 1678 1678 1677 1677 1679 1679 1678 1678 1679 1679 1680 1680 1677 1677 1655 1655 1681 1681 1677 1677 1681 1681 1679 1679 1679 1679 1681 1681 1682 1682 1679 1679 1682 1682 1680 1680 1681 1681 1655 1655 1683 1683 1681 1681 1683 1683 1682 1682 1682 1682 1683 1683 1684 1684 1682 1682 1684 1684 1680 1680 1683 1683 1655 1655 1685 1685 1683 1683 1685 1685 1684 1684 1684 1684 1685 1685 1686 1686 1684 1684 1686 1686 1680 1680 1685 1685 1655 1655 1687 1687 1685 1685 1687 1687 1686 1686 1686 1686 1687 1687 1688 1688 1686 1686 1688 1688 1680 1680 1687 1687 1655 1655 1689 1689 1687 1687 1689 1689 1688 1688 1688 1688 1689 1689 1690 1690 1688 1688 1690 1690 1680 1680 1689 1689 1655 1655 1691 1691 1689 1689 1691 1691 1690 1690 1690 1690 1691 1691 1692 1692 1690 1690 1692 1692 1680 1680 1691 1691 1655 1655 1693 1693 1691 1691 1693 1693 1692 1692 1692 1692 1693 1693 1694 1694 1692 1692 1694 1694 1680 1680 1693 1693 1655 1655 1695 1695 1693 1693 1695 1695 1694 1694 1694 1694 1695 1695 1696 1696 1694 1694 1696 1696 1680 1680 1695 1695 1655 1655 1697 1697 1695 1695 1697 1697 1696 1696 1696 1696 1697 1697 1698 1698 1696 1696 1698 1698 1680 1680 1697 1697 1655 1655 1699 1699 1697 1697 1699 1699 1698 1698 1698 1698 1699 1699 1700 1700 1698 1698 1700 1700 1680 1680 1699 1699 1655 1655 1676 1676 1699 1699 1676 1676 1700 1700 1700 1700 1676 1676 1678 1678 1700 1700 1678 1678 1680 1680 1701 1701 1680 1680 1702 1702 1701 1701 1702 1702 1703 1703 1703 1703 1702 1702 1704 1704 1703 1703 1704 1704 1705 1705 1702 1702 1680 1680 1706 1706 1702 1702 1706 1706 1704 1704 1704 1704 1706 1706 1707 1707 1704 1704 1707 1707 1705 1705 1706 1706 1680 1680 1708 1708 1706 1706 1708 1708 1707 1707 1707 1707 1708 1708 1709 1709 1707 1707 1709 1709 1705 1705 1708 1708 1680 1680 1710 1710 1708 1708 1710 1710 1709 1709 1709 1709 1710 1710 1711 1711 1709 1709 1711 1711 1705 1705 1710 1710 1680 1680 1712 1712 1710 1710 1712 1712 1711 1711 1711 1711 1712 1712 1713 1713 1711 1711 1713 1713 1705 1705 1712 1712 1680 1680 1714 1714 1712 1712 1714 1714 1713 1713 1713 1713 1714 1714 1715 1715 1713 1713 1715 1715 1705 1705 1714 1714 1680 1680 1716 1716 1714 1714 1716 1716 1715 1715 1715 1715 1716 1716 1717 1717 1715 1715 1717 1717 1705 1705 1716 1716 1680 1680 1718 1718 1716 1716 1718 1718 1717 1717 1717 1717 1718 1718 1719 1719 1717 1717 1719 1719 1705 1705 1718 1718 1680 1680 1720 1720 1718 1718 1720 1720 1719 1719 1719 1719 1720 1720 1721 1721 1719 1719 1721 1721 1705 1705 1720 1720 1680 1680 1722 1722 1720 1720 1722 1722 1721 1721 1721 1721 1722 1722 1723 1723 1721 1721 1723 1723 1705 1705 1722 1722 1680 1680 1724 1724 1722 1722 1724 1724 1723 1723 1723 1723 1724 1724 1725 1725 1723 1723 1725 1725 1705 1705 1724 1724 1680 1680 1701 1701 1724 1724 1701 1701 1725 1725 1725 1725 1701 1701 1703 1703 1725 1725 1703 1703 1705 1705 1726 1726 1705 1705 1727 1727 1726 1726 1727 1727 1728 1728 1728 1728 1727 1727 1729 1729 1728 1728 1729 1729 1730 1730 1727 1727 1705 1705 1731 1731 1727 1727 1731 1731 1729 1729 1729 1729 1731 1731 1732 1732 1729 1729 1732 1732 1730 1730 1731 1731 1705 1705 1733 1733 1731 1731 1733 1733 1732 1732 1732 1732 1733 1733 1734 1734 1732 1732 1734 1734 1730 1730 1733 1733 1705 1705 1735 1735 1733 1733 1735 1735 1734 1734 1734 1734 1735 1735 1736 1736 1734 1734 1736 1736 1730 1730 1735 1735 1705 1705 1737 1737 1735 1735 1737 1737 1736 1736 1736 1736 1737 1737 1738 1738 1736 1736 1738 1738 1730 1730 1737 1737 1705 1705 1739 1739 1737 1737 1739 1739 1738 1738 1738 1738 1739 1739 1740 1740 1738 1738 1740 1740 1730 1730 1739 1739 1705 1705 1741 1741 1739 1739 1741 1741 1740 1740 1740 1740 1741 1741 1742 1742 1740 1740 1742 1742 1730 1730 1741 1741 1705 1705 1743 1743 1741 1741 1743 1743 1742 1742 1742 1742 1743 1743 1744 1744 1742 1742 1744 1744 1730 1730 1743 1743 1705 1705 1745 1745 1743 1743 1745 1745 1744 1744 1744 1744 1745 1745 1746 1746 1744 1744 1746 1746 1730 1730 1745 1745 1705 1705 1747 1747 1745 1745 1747 1747 1746 1746 1746 1746 1747 1747 1748 1748 1746 1746 1748 1748 1730 1730 1747 1747 1705 1705 1749 1749 1747 1747 1749 1749 1748 1748 1748 1748 1749 1749 1750 1750 1748 1748 1750 1750 1730 1730 1749 1749 1705 1705 1726 1726 1749 1749 1726 1726 1750 1750 1750 1750 1726 1726 1728 1728 1750 1750 1728 1728 1730 1730 1751 1751 1730 1730 1752 1752 1751 1751 1752 1752 1753 1753 1753 1753 1752 1752 1754 1754 1753 1753 1754 1754 1755 1755 1752 1752 1730 1730 1756 1756 1752 1752 1756 1756 1754 1754 1754 1754 1756 1756 1757 1757 1754 1754 1757 1757 1755 1755 1756 1756 1730 1730 1758 1758 1756 1756 1758 1758 1757 1757 1757 1757 1758 1758 1759 1759 1757 1757 1759 1759 1755 1755 1758 1758 1730 1730 1760 1760 1758 1758 1760 1760 1759 1759 1759 1759 1760 1760 1761 1761 1759 1759 1761 1761 1755 1755 1760 1760 1730 1730 1762 1762 1760 1760 1762 1762 1761 1761 1761 1761 1762 1762 1763 1763 1761 1761 1763 1763 1755 1755 1762 1762 1730 1730 1764 1764 1762 1762 1764 1764 1763 1763 1763 1763 1764 1764 1765 1765 1763 1763 1765 1765 1755 1755 1764 1764 1730 1730 1766 1766 1764 1764 1766 1766 1765 1765 1765 1765 1766 1766 1767 1767 1765 1765 1767 1767 1755 1755 1766 1766 1730 1730 1768 1768 1766 1766 1768 1768 1767 1767 1767 1767 1768 1768 1769 1769 1767 1767 1769 1769 1755 1755 1768 1768 1730 1730 1770 1770 1768 1768 1770 1770 1769 1769 1769 1769 1770 1770 1771 1771 1769 1769 1771 1771 1755 1755 1770 1770 1730 1730 1772 1772 1770 1770 1772 1772 1771 1771 1771 1771 1772 1772 1773 1773 1771 1771 1773 1773 1755 1755 1772 1772 1730 1730 1774 1774 1772 1772 1774 1774 1773 1773 1773 1773 1774 1774 1775 1775 1773 1773 1775 1775 1755 1755 1774 1774 1730 1730 1751 1751 1774 1774 1751 1751 1775 1775 1775 1775 1751 1751 1753 1753 1775 1775 1753 1753 1755 1755 1776 1776 1755 1755 1777 1777 1776 1776 1777 1777 1778 1778 1778 1778 1777 1777 1779 1779 1778 1778 1779 1779 1780 1780 1777 1777 1755 1755 1781 1781 1777 1777 1781 1781 1779 1779 1779 1779 1781 1781 1782 1782 1779 1779 1782 1782 1780 1780 1781 1781 1755 1755 1783 1783 1781 1781 1783 1783 1782 1782 1782 1782 1783 1783 1784 1784 1782 1782 1784 1784 1780 1780 1783 1783 1755 1755 1785 1785 1783 1783 1785 1785 1784 1784 1784 1784 1785 1785 1786 1786 1784 1784 1786 1786 1780 1780 1785 1785 1755 1755 1787 1787 1785 1785 1787 1787 1786 1786 1786 1786 1787 1787 1788 1788 1786 1786 1788 1788 1780 1780 1787 1787 1755 1755 1789 1789 1787 1787 1789 1789 1788 1788 1788 1788 1789 1789 1790 1790 1788 1788 1790 1790 1780 1780 1789 1789 1755 1755 1791 1791 1789 1789 1791 1791 1790 1790 1790 1790 1791 1791 1792 1792 1790 1790 1792 1792 1780 1780 1791 1791 1755 1755 1793 1793 1791 1791 1793 1793 1792 1792 1792 1792 1793 1793 1794 1794 1792 1792 1794 1794 1780 1780 1793 1793 1755 1755 1795 1795 1793 1793 1795 1795 1794 1794 1794 1794 1795 1795 1796 1796 1794 1794 1796 1796 1780 1780 1795 1795 1755 1755 1797 1797 1795 1795 1797 1797 1796 1796 1796 1796 1797 1797 1798 1798 1796 1796 1798 1798 1780 1780 1797 1797 1755 1755 1799 1799 1797 1797 1799 1799 1798 1798 1798 1798 1799 1799 1800 1800 1798 1798 1800 1800 1780 1780 1799 1799 1755 1755 1776 1776 1799 1799 1776 1776 1800 1800 1800 1800 1776 1776 1778 1778 1800 1800 1778 1778 1780 1780 1801 1801 1780 1780 1802 1802 1801 1801 1802 1802 1803 1803 1803 1803 1802 1802 1804 1804 1803 1803 1804 1804 1805 1805 1802 1802 1780 1780 1806 1806 1802 1802 1806 1806 1804 1804 1804 1804 1806 1806 1807 1807 1804 1804 1807 1807 1805 1805 1806 1806 1780 1780 1808 1808 1806 1806 1808 1808 1807 1807 1807 1807 1808 1808 1809 1809 1807 1807 1809 1809 1805 1805 1808 1808 1780 1780 1810 1810 1808 1808 1810 1810 1809 1809 1809 1809 1810 1810 1811 1811 1809 1809 1811 1811 1805 1805 1810 1810 1780 1780 1812 1812 1810 1810 1812 1812 1811 1811 1811 1811 1812 1812 1813 1813 1811 1811 1813 1813 1805 1805 1812 1812 1780 1780 1814 1814 1812 1812 1814 1814 1813 1813 1813 1813 1814 1814 1815 1815 1813 1813 1815 1815 1805 1805 1814 1814 1780 1780 1816 1816 1814 1814 1816 1816 1815 1815 1815 1815 1816 1816 1817 1817 1815 1815 1817 1817 1805 1805 1816 1816 1780 1780 1818 1818 1816 1816 1818 1818 1817 1817 1817 1817 1818 1818 1819 1819 1817 1817 1819 1819 1805 1805 1818 1818 1780 1780 1820 1820 1818 1818 1820 1820 1819 1819 1819 1819 1820 1820 1821 1821 1819 1819 1821 1821 1805 1805 1820 1820 1780 1780 1822 1822 1820 1820 1822 1822 1821 1821 1821 1821 1822 1822 1823 1823 1821 1821 1823 1823 1805 1805 1822 1822 1780 1780 1824 1824 1822 1822 1824 1824 1823 1823 1823 1823 1824 1824 1825 1825 1823 1823 1825 1825 1805 1805 1824 1824 1780 1780 1801 1801 1824 1824 1801 1801 1825 1825 1825 1825 1801 1801 1803 1803 1825 1825 1803 1803 1805 1805 1826 1826 1805 1805 1827 1827 1826 1826 1827 1827 1828 1828 1828 1828 1827 1827 1829 1829 1828 1828 1829 1829 1830 1830 1827 1827 1805 1805 1831 1831 1827 1827 1831 1831 1829 1829 1829 1829 1831 1831 1832 1832 1829 1829 1832 1832 1830 1830 1831 1831 1805 1805 1833 1833 1831 1831 1833 1833 1832 1832 1832 1832 1833 1833 1834 1834 1832 1832 1834 1834 1830 1830 1833 1833 1805 1805 1835 1835 1833 1833 1835 1835 1834 1834 1834 1834 1835 1835 1836 1836 1834 1834 1836 1836 1830 1830 1835 1835 1805 1805 1837 1837 1835 1835 1837 1837 1836 1836 1836 1836 1837 1837 1838 1838 1836 1836 1838 1838 1830 1830 1837 1837 1805 1805 1839 1839 1837 1837 1839 1839 1838 1838 1838 1838 1839 1839 1840 1840 1838 1838 1840 1840 1830 1830 1839 1839 1805 1805 1841 1841 1839 1839 1841 1841 1840 1840 1840 1840 1841 1841 1842 1842 1840 1840 1842 1842 1830 1830 1841 1841 1805 1805 1843 1843 1841 1841 1843 1843 1842 1842 1842 1842 1843 1843 1844 1844 1842 1842 1844 1844 1830 1830 1843 1843 1805 1805 1845 1845 1843 1843 1845 1845 1844 1844 1844 1844 1845 1845 1846 1846 1844 1844 1846 1846 1830 1830 1845 1845 1805 1805 1847 1847 1845 1845 1847 1847 1846 1846 1846 1846 1847 1847 1848 1848 1846 1846 1848 1848 1830 1830 1847 1847 1805 1805 1849 1849 1847 1847 1849 1849 1848 1848 1848 1848 1849 1849 1850 1850 1848 1848 1850 1850 1830 1830 1849 1849 1805 1805 1826 1826 1849 1849 1826 1826 1850 1850 1850 1850 1826 1826 1828 1828 1850 1850 1828 1828 1830 1830 1851 1851 1830 1830 1852 1852 1851 1851 1852 1852 1853 1853 1853 1853 1852 1852 1854 1854 1853 1853 1854 1854 1855 1855 1852 1852 1830 1830 1856 1856 1852 1852 1856 1856 1854 1854 1854 1854 1856 1856 1857 1857 1854 1854 1857 1857 1855 1855 1856 1856 1830 1830 1858 1858 1856 1856 1858 1858 1857 1857 1857 1857 1858 1858 1859 1859 1857 1857 1859 1859 1855 1855 1858 1858 1830 1830 1860 1860 1858 1858 1860 1860 1859 1859 1859 1859 1860 1860 1861 1861 1859 1859 1861 1861 1855 1855 1860 1860 1830 1830 1862 1862 1860 1860 1862 1862 1861 1861 1861 1861 1862 1862 1863 1863 1861 1861 1863 1863 1855 1855 1862 1862 1830 1830 1864 1864 1862 1862 1864 1864 1863 1863 1863 1863 1864 1864 1865 1865 1863 1863 1865 1865 1855 1855 1864 1864 1830 1830 1866 1866 1864 1864 1866 1866 1865 1865 1865 1865 1866 1866 1867 1867 1865 1865 1867 1867 1855 1855 1866 1866 1830 1830 1868 1868 1866 1866 1868 1868 1867 1867 1867 1867 1868 1868 1869 1869 1867 1867 1869 1869 1855 1855 1868 1868 1830 1830 1870 1870 1868 1868 1870 1870 1869 1869 1869 1869 1870 1870 1871 1871 1869 1869 1871 1871 1855 1855 1870 1870 1830 1830 1872 1872 1870 1870 1872 1872 1871 1871 1871 1871 1872 1872 1873 1873 1871 1871 1873 1873 1855 1855 1872 1872 1830 1830 1874 1874 1872 1872 1874 1874 1873 1873 1873 1873 1874 1874 1875 1875 1873 1873 1875 1875 1855 1855 1874 1874 1830 1830 1851 1851 1874 1874 1851 1851 1875 1875 1875 1875 1851 1851 1853 1853 1875 1875 1853 1853 1855 1855 1876 1876 1855 1855 1877 1877 1876 1876 1877 1877 1878 1878 1878 1878 1877 1877 1879 1879 1878 1878 1879 1879 1880 1880 1877 1877 1855 1855 1881 1881 1877 1877 1881 1881 1879 1879 1879 1879 1881 1881 1882 1882 1879 1879 1882 1882 1880 1880 1881 1881 1855 1855 1883 1883 1881 1881 1883 1883 1882 1882 1882 1882 1883 1883 1884 1884 1882 1882 1884 1884 1880 1880 1883 1883 1855 1855 1885 1885 1883 1883 1885 1885 1884 1884 1884 1884 1885 1885 1886 1886 1884 1884 1886 1886 1880 1880 1885 1885 1855 1855 1887 1887 1885 1885 1887 1887 1886 1886 1886 1886 1887 1887 1888 1888 1886 1886 1888 1888 1880 1880 1887 1887 1855 1855 1889 1889 1887 1887 1889 1889 1888 1888 1888 1888 1889 1889 1890 1890 1888 1888 1890 1890 1880 1880 1889 1889 1855 1855 1891 1891 1889 1889 1891 1891 1890 1890 1890 1890 1891 1891 1892 1892 1890 1890 1892 1892 1880 1880 1891 1891 1855 1855 1893 1893 1891 1891 1893 1893 1892 1892 1892 1892 1893 1893 1894 1894 1892 1892 1894 1894 1880 1880 1893 1893 1855 1855 1895 1895 1893 1893 1895 1895 1894 1894 1894 1894 1895 1895 1896 1896 1894 1894 1896 1896 1880 1880 1895 1895 1855 1855 1897 1897 1895 1895 1897 1897 1896 1896 1896 1896 1897 1897 1898 1898 1896 1896 1898 1898 1880 1880 1897 1897 1855 1855 1899 1899 1897 1897 1899 1899 1898 1898 1898 1898 1899 1899 1900 1900 1898 1898 1900 1900 1880 1880 1899 1899 1855 1855 1876 1876 1899 1899 1876 1876 1900 1900 1900 1900 1876 1876 1878 1878 1900 1900 1878 1878 1880 1880 1901 1901 1880 1880 1902 1902 1901 1901 1902 1902 1903 1903 1903 1903 1902 1902 1904 1904 1903 1903 1904 1904 1905 1905 1902 1902 1880 1880 1906 1906 1902 1902 1906 1906 1904 1904 1904 1904 1906 1906 1907 1907 1904 1904 1907 1907 1905 1905 1906 1906 1880 1880 1908 1908 1906 1906 1908 1908 1907 1907 1907 1907 1908 1908 1909 1909 1907 1907 1909 1909 1905 1905 1908 1908 1880 1880 1910 1910 1908 1908 1910 1910 1909 1909 1909 1909 1910 1910 1911 1911 1909 1909 1911 1911 1905 1905 1910 1910 1880 1880 1912 1912 1910 1910 1912 1912 1911 1911 1911 1911 1912 1912 1913 1913 1911 1911 1913 1913 1905 1905 1912 1912 1880 1880 1914 1914 1912 1912 1914 1914 1913 1913 1913 1913 1914 1914 1915 1915 1913 1913 1915 1915 1905 1905 1914 1914 1880 1880 1916 1916 1914 1914 1916 1916 1915 1915 1915 1915 1916 1916 1917 1917 1915 1915 1917 1917 1905 1905 1916 1916 1880 1880 1918 1918 1916 1916 1918 1918 1917 1917 1917 1917 1918 1918 1919 1919 1917 1917 1919 1919 1905 1905 1918 1918 1880 1880 1920 1920 1918 1918 1920 1920 1919 1919 1919 1919 1920 1920 1921 1921 1919 1919 1921 1921 1905 1905 1920 1920 1880 1880 1922 1922 1920 1920 1922 1922 1921 1921 1921 1921 1922 1922 1923 1923 1921 1921 1923 1923 1905 1905 1922 1922 1880 1880 1924 1924 1922 1922 1924 1924 1923 1923 1923 1923 1924 1924 1925 1925 1923 1923 1925 1925 1905 1905 1924 1924 1880 1880 1901 1901 1924 1924 1901 1901 1925 1925 1925 1925 1901 1901 1903 1903 1925 1925 1903 1903 1905 1905 1926 1926 1905 1905 1927 1927 1926 1926 1927 1927 1928 1928 1928 1928 1927 1927 1929 1929 1928 1928 1929 1929 1930 1930 1927 1927 1905 1905 1931 1931 1927 1927 1931 1931 1929 1929 1929 1929 1931 1931 1932 1932 1929 1929 1932 1932 1930 1930 1931 1931 1905 1905 1933 1933 1931 1931 1933 1933 1932 1932 1932 1932 1933 1933 1934 1934 1932 1932 1934 1934 1930 1930 1933 1933 1905 1905 1935 1935 1933 1933 1935 1935 1934 1934 1934 1934 1935 1935 1936 1936 1934 1934 1936 1936 1930 1930 1935 1935 1905 1905 1937 1937 1935 1935 1937 1937 1936 1936 1936 1936 1937 1937 1938 1938 1936 1936 1938 1938 1930 1930 1937 1937 1905 1905 1939 1939 1937 1937 1939 1939 1938 1938 1938 1938 1939 1939 1940 1940 1938 1938 1940 1940 1930 1930 1939 1939 1905 1905 1941 1941 1939 1939 1941 1941 1940 1940 1940 1940 1941 1941 1942 1942 1940 1940 1942 1942 1930 1930 1941 1941 1905 1905 1943 1943 1941 1941 1943 1943 1942 1942 1942 1942 1943 1943 1944 1944 1942 1942 1944 1944 1930 1930 1943 1943 1905 1905 1945 1945 1943 1943 1945 1945 1944 1944 1944 1944 1945 1945 1946 1946 1944 1944 1946 1946 1930 1930 1945 1945 1905 1905 1947 1947 1945 1945 1947 1947 1946 1946 1946 1946 1947 1947 1948 1948 1946 1946 1948 1948 1930 1930 1947 1947 1905 1905 1949 1949 1947 1947 1949 1949 1948 1948 1948 1948 1949 1949 1950 1950 1948 1948 1950 1950 1930 1930 1949 1949 1905 1905 1926 1926 1949 1949 1926 1926 1950 1950 1950 1950 1926 1926 1928 1928 1950 1950 1928 1928 1930 1930 1951 1951 1930 1930 1952 1952 1951 1951 1952 1952 1953 1953 1953 1953 1952 1952 1954 1954 1953 1953 1954 1954 1955 1955 1952 1952 1930 1930 1956 1956 1952 1952 1956 1956 1954 1954 1954 1954 1956 1956 1957 1957 1954 1954 1957 1957 1955 1955 1956 1956 1930 1930 1958 1958 1956 1956 1958 1958 1957 1957 1957 1957 1958 1958 1959 1959 1957 1957 1959 1959 1955 1955 1958 1958 1930 1930 1960 1960 1958 1958 1960 1960 1959 1959 1959 1959 1960 1960 1961 1961 1959 1959 1961 1961 1955 1955 1960 1960 1930 1930 1962 1962 1960 1960 1962 1962 1961 1961 1961 1961 1962 1962 1963 1963 1961 1961 1963 1963 1955 1955 1962 1962 1930 1930 1964 1964 1962 1962 1964 1964 1963 1963 1963 1963 1964 1964 1965 1965 1963 1963 1965 1965 1955 1955 1964 1964 1930 1930 1966 1966 1964 1964 1966 1966 1965 1965 1965 1965 1966 1966 1967 1967 1965 1965 1967 1967 1955 1955 1966 1966 1930 1930 1968 1968 1966 1966 1968 1968 1967 1967 1967 1967 1968 1968 1969 1969 1967 1967 1969 1969 1955 1955 1968 1968 1930 1930 1970 1970 1968 1968 1970 1970 1969 1969 1969 1969 1970 1970 1971 1971 1969 1969 1971 1971 1955 1955 1970 1970 1930 1930 1972 1972 1970 1970 1972 1972 1971 1971 1971 1971 1972 1972 1973 1973 1971 1971 1973 1973 1955 1955 1972 1972 1930 1930 1974 1974 1972 1972 1974 1974 1973 1973 1973 1973 1974 1974 1975 1975 1973 1973 1975 1975 1955 1955 1974 1974 1930 1930 1951 1951 1974 1974 1951 1951 1975 1975 1975 1975 1951 1951 1953 1953 1975 1975 1953 1953 1955 1955 1976 1976 1955 1955 1977 1977 1976 1976 1977 1977 1978 1978 1978 1978 1977 1977 1979 1979 1978 1978 1979 1979 1980 1980 1977 1977 1955 1955 1981 1981 1977 1977 1981 1981 1979 1979 1979 1979 1981 1981 1982 1982 1979 1979 1982 1982 1980 1980 1981 1981 1955 1955 1983 1983 1981 1981 1983 1983 1982 1982 1982 1982 1983 1983 1984 1984 1982 1982 1984 1984 1980 1980 1983 1983 1955 1955 1985 1985 1983 1983 1985 1985 1984 1984 1984 1984 1985 1985 1986 1986 1984 1984 1986 1986 1980 1980 1985 1985 1955 1955 1987 1987 1985 1985 1987 1987 1986 1986 1986 1986 1987 1987 1988 1988 1986 1986 1988 1988 1980 1980 1987 1987 1955 1955 1989 1989 1987 1987 1989 1989 1988 1988 1988 1988 1989 1989 1990 1990 1988 1988 1990 1990 1980 1980 1989 1989 1955 1955 1991 1991 1989 1989 1991 1991 1990 1990 1990 1990 1991 1991 1992 1992 1990 1990 1992 1992 1980 1980 1991 1991 1955 1955 1993 1993 1991 1991 1993 1993 1992 1992 1992 1992 1993 1993 1994 1994 1992 1992 1994 1994 1980 1980 1993 1993 1955 1955 1995 1995 1993 1993 1995 1995 1994 1994 1994 1994 1995 1995 1996 1996 1994 1994 1996 1996 1980 1980 1995 1995 1955 1955 1997 1997 1995 1995 1997 1997 1996 1996 1996 1996 1997 1997 1998 1998 1996 1996 1998 1998 1980 1980 1997 1997 1955 1955 1999 1999 1997 1997 1999 1999 1998 1998 1998 1998 1999 1999 2000 2000 1998 1998 2000 2000 1980 1980 1999 1999 1955 1955 1976 1976 1999 1999 1976 1976 2000 2000 2000 2000 1976 1976 1978 1978 2000 2000 1978 1978 1980 1980 2001 2001 1980 1980 2002 2002 2001 2001 2002 2002 2003 2003 2003 2003 2002 2002 2004 2004 2003 2003 2004 2004 2005 2005 2002 2002 1980 1980 2006 2006 2002 2002 2006 2006 2004 2004 2004 2004 2006 2006 2007 2007 2004 2004 2007 2007 2005 2005 2006 2006 1980 1980 2008 2008 2006 2006 2008 2008 2007 2007 2007 2007 2008 2008 2009 2009 2007 2007 2009 2009 2005 2005 2008 2008 1980 1980 2010 2010 2008 2008 2010 2010 2009 2009 2009 2009 2010 2010 2011 2011 2009 2009 2011 2011 2005 2005 2010 2010 1980 1980 2012 2012 2010 2010 2012 2012 2011 2011 2011 2011 2012 2012 2013 2013 2011 2011 2013 2013 2005 2005 2012 2012 1980 1980 2014 2014 2012 2012 2014 2014 2013 2013 2013 2013 2014 2014 2015 2015 2013 2013 2015 2015 2005 2005 2014 2014 1980 1980 2016 2016 2014 2014 2016 2016 2015 2015 2015 2015 2016 2016 2017 2017 2015 2015 2017 2017 2005 2005 2016 2016 1980 1980 2018 2018 2016 2016 2018 2018 2017 2017 2017 2017 2018 2018 2019 2019 2017 2017 2019 2019 2005 2005 2018 2018 1980 1980 2020 2020 2018 2018 2020 2020 2019 2019 2019 2019 2020 2020 2021 2021 2019 2019 2021 2021 2005 2005 2020 2020 1980 1980 2022 2022 2020 2020 2022 2022 2021 2021 2021 2021 2022 2022 2023 2023 2021 2021 2023 2023 2005 2005 2022 2022 1980 1980 2024 2024 2022 2022 2024 2024 2023 2023 2023 2023 2024 2024 2025 2025 2023 2023 2025 2025 2005 2005 2024 2024 1980 1980 2001 2001 2024 2024 2001 2001 2025 2025 2025 2025 2001 2001 2003 2003 2025 2025 2003 2003 2005 2005 2026 2026 2005 2005 2027 2027 2026 2026 2027 2027 2028 2028 2028 2028 2027 2027 2029 2029 2028 2028 2029 2029 2030 2030 2027 2027 2005 2005 2031 2031 2027 2027 2031 2031 2029 2029 2029 2029 2031 2031 2032 2032 2029 2029 2032 2032 2030 2030 2031 2031 2005 2005 2033 2033 2031 2031 2033 2033 2032 2032 2032 2032 2033 2033 2034 2034 2032 2032 2034 2034 2030 2030 2033 2033 2005 2005 2035 2035 2033 2033 2035 2035 2034 2034 2034 2034 2035 2035 2036 2036 2034 2034 2036 2036 2030 2030 2035 2035 2005 2005 2037 2037 2035 2035 2037 2037 2036 2036 2036 2036 2037 2037 2038 2038 2036 2036 2038 2038 2030 2030 2037 2037 2005 2005 2039 2039 2037 2037 2039 2039 2038 2038 2038 2038 2039 2039 2040 2040 2038 2038 2040 2040 2030 2030 2039 2039 2005 2005 2041 2041 2039 2039 2041 2041 2040 2040 2040 2040 2041 2041 2042 2042 2040 2040 2042 2042 2030 2030 2041 2041 2005 2005 2043 2043 2041 2041 2043 2043 2042 2042 2042 2042 2043 2043 2044 2044 2042 2042 2044 2044 2030 2030 2043 2043 2005 2005 2045 2045 2043 2043 2045 2045 2044 2044 2044 2044 2045 2045 2046 2046 2044 2044 2046 2046 2030 2030 2045 2045 2005 2005 2047 2047 2045 2045 2047 2047 2046 2046 2046 2046 2047 2047 2048 2048 2046 2046 2048 2048 2030 2030 2047 2047 2005 2005 2049 2049 2047 2047 2049 2049 2048 2048 2048 2048 2049 2049 2050 2050 2048 2048 2050 2050 2030 2030 2049 2049 2005 2005 2026 2026 2049 2049 2026 2026 2050 2050 2050 2050 2026 2026 2028 2028 2050 2050 2028 2028 2030 2030 2051 2051 2030 2030 2052 2052 2051 2051 2052 2052 2053 2053 2053 2053 2052 2052 2054 2054 2053 2053 2054 2054 2055 2055 2052 2052 2030 2030 2056 2056 2052 2052 2056 2056 2054 2054 2054 2054 2056 2056 2057 2057 2054 2054 2057 2057 2055 2055 2056 2056 2030 2030 2058 2058 2056 2056 2058 2058 2057 2057 2057 2057 2058 2058 2059 2059 2057 2057 2059 2059 2055 2055 2058 2058 2030 2030 2060 2060 2058 2058 2060 2060 2059 2059 2059 2059 2060 2060 2061 2061 2059 2059 2061 2061 2055 2055 2060 2060 2030 2030 2062 2062 2060 2060 2062 2062 2061 2061 2061 2061 2062 2062 2063 2063 2061 2061 2063 2063 2055 2055 2062 2062 2030 2030 2064 2064 2062 2062 2064 2064 2063 2063 2063 2063 2064 2064 2065 2065 2063 2063 2065 2065 2055 2055 2064 2064 2030 2030 2066 2066 2064 2064 2066 2066 2065 2065 2065 2065 2066 2066 2067 2067 2065 2065 2067 2067 2055 2055 2066 2066 2030 2030 2068 2068 2066 2066 2068 2068 2067 2067 2067 2067 2068 2068 2069 2069 2067 2067 2069 2069 2055 2055 2068 2068 2030 2030 2070 2070 2068 2068 2070 2070 2069 2069 2069 2069 2070 2070 2071 2071 2069 2069 2071 2071 2055 2055 2070 2070 2030 2030 2072 2072 2070 2070 2072 2072 2071 2071 2071 2071 2072 2072 2073 2073 2071 2071 2073 2073 2055 2055 2072 2072 2030 2030 2074 2074 2072 2072 2074 2074 2073 2073 2073 2073 2074 2074 2075 2075 2073 2073 2075 2075 2055 2055 2074 2074 2030 2030 2051 2051 2074 2074 2051 2051 2075 2075 2075 2075 2051 2051 2053 2053 2075 2075 2053 2053 2055 2055 2076 2076 2055 2055 2077 2077 2076 2076 2077 2077 2078 2078 2078 2078 2077 2077 2079 2079 2078 2078 2079 2079 2080 2080 2077 2077 2055 2055 2081 2081 2077 2077 2081 2081 2079 2079 2079 2079 2081 2081 2082 2082 2079 2079 2082 2082 2080 2080 2081 2081 2055 2055 2083 2083 2081 2081 2083 2083 2082 2082 2082 2082 2083 2083 2084 2084 2082 2082 2084 2084 2080 2080 2083 2083 2055 2055 2085 2085 2083 2083 2085 2085 2084 2084 2084 2084 2085 2085 2086 2086 2084 2084 2086 2086 2080 2080 2085 2085 2055 2055 2087 2087 2085 2085 2087 2087 2086 2086 2086 2086 2087 2087 2088 2088 2086 2086 2088 2088 2080 2080 2087 2087 2055 2055 2089 2089 2087 2087 2089 2089 2088 2088 2088 2088 2089 2089 2090 2090 2088 2088 2090 2090 2080 2080 2089 2089 2055 2055 2091 2091 2089 2089 2091 2091 2090 2090 2090 2090 2091 2091 2092 2092 2090 2090 2092 2092 2080 2080 2091 2091 2055 2055 2093 2093 2091 2091 2093 2093 2092 2092 2092 2092 2093 2093 2094 2094 2092 2092 2094 2094 2080 2080 2093 2093 2055 2055 2095 2095 2093 2093 2095 2095 2094 2094 2094 2094 2095 2095 2096 2096 2094 2094 2096 2096 2080 2080 2095 2095 2055 2055 2097 2097 2095 2095 2097 2097 2096 2096 2096 2096 2097 2097 2098 2098 2096 2096 2098 2098 2080 2080 2097 2097 2055 2055 2099 2099 2097 2097 2099 2099 2098 2098 2098 2098 2099 2099 2100 2100 2098 2098 2100 2100 2080 2080 2099 2099 2055 2055 2076 2076 2099 2099 2076 2076 2100 2100 2100 2100 2076 2076 2078 2078 2100 2100 2078 2078 2080 2080 2101 2101 2080 2080 2102 2102 2101 2101 2102 2102 2103 2103 2103 2103 2102 2102 2104 2104 2103 2103 2104 2104 2105 2105 2102 2102 2080 2080 2106 2106 2102 2102 2106 2106 2104 2104 2104 2104 2106 2106 2107 2107 2104 2104 2107 2107 2105 2105 2106 2106 2080 2080 2108 2108 2106 2106 2108 2108 2107 2107 2107 2107 2108 2108 2109 2109 2107 2107 2109 2109 2105 2105 2108 2108 2080 2080 2110 2110 2108 2108 2110 2110 2109 2109 2109 2109 2110 2110 2111 2111 2109 2109 2111 2111 2105 2105 2110 2110 2080 2080 2112 2112 2110 2110 2112 2112 2111 2111 2111 2111 2112 2112 2113 2113 2111 2111 2113 2113 2105 2105 2112 2112 2080 2080 2114 2114 2112 2112 2114 2114 2113 2113 2113 2113 2114 2114 2115 2115 2113 2113 2115 2115 2105 2105 2114 2114 2080 2080 2116 2116 2114 2114 2116 2116 2115 2115 2115 2115 2116 2116 2117 2117 2115 2115 2117 2117 2105 2105 2116 2116 2080 2080 2118 2118 2116 2116 2118 2118 2117 2117 2117 2117 2118 2118 2119 2119 2117 2117 2119 2119 2105 2105 2118 2118 2080 2080 2120 2120 2118 2118 2120 2120 2119 2119 2119 2119 2120 2120 2121 2121 2119 2119 2121 2121 2105 2105 2120 2120 2080 2080 2122 2122 2120 2120 2122 2122 2121 2121 2121 2121 2122 2122 2123 2123 2121 2121 2123 2123 2105 2105 2122 2122 2080 2080 2124 2124 2122 2122 2124 2124 2123 2123 2123 2123 2124 2124 2125 2125 2123 2123 2125 2125 2105 2105 2124 2124 2080 2080 2101 2101 2124 2124 2101 2101 2125 2125 2125 2125 2101 2101 2103 2103 2125 2125 2103 2103 2105 2105 2126 2126 2105 2105 2127 2127 2126 2126 2127 2127 2128 2128 2128 2128 2127 2127 2129 2129 2128 2128 2129 2129 2130 2130 2127 2127 2105 2105 2131 2131 2127 2127 2131 2131 2129 2129 2129 2129 2131 2131 2132 2132 2129 2129 2132 2132 2130 2130 2131 2131 2105 2105 2133 2133 2131 2131 2133 2133 2132 2132 2132 2132 2133 2133 2134 2134 2132 2132 2134 2134 2130 2130 2133 2133 2105 2105 2135 2135 2133 2133 2135 2135 2134 2134 2134 2134 2135 2135 2136 2136 2134 2134 2136 2136 2130 2130 2135 2135 2105 2105 2137 2137 2135 2135 2137 2137 2136 2136 2136 2136 2137 2137 2138 2138 2136 2136 2138 2138 2130 2130 2137 2137 2105 2105 2139 2139 2137 2137 2139 2139 2138 2138 2138 2138 2139 2139 2140 2140 2138 2138 2140 2140 2130 2130 2139 2139 2105 2105 2141 2141 2139 2139 2141 2141 2140 2140 2140 2140 2141 2141 2142 2142 2140 2140 2142 2142 2130 2130 2141 2141 2105 2105 2143 2143 2141 2141 2143 2143 2142 2142 2142 2142 2143 2143 2144 2144 2142 2142 2144 2144 2130 2130 2143 2143 2105 2105 2145 2145 2143 2143 2145 2145 2144 2144 2144 2144 2145 2145 2146 2146 2144 2144 2146 2146 2130 2130 2145 2145 2105 2105 2147 2147 2145 2145 2147 2147 2146 2146 2146 2146 2147 2147 2148 2148 2146 2146 2148 2148 2130 2130 2147 2147 2105 2105 2149 2149 2147 2147 2149 2149 2148 2148 2148 2148 2149 2149 2150 2150 2148 2148 2150 2150 2130 2130 2149 2149 2105 2105 2126 2126 2149 2149 2126 2126 2150 2150 2150 2150 2126 2126 2128 2128 2150 2150 2128 2128 2130 2130 2151 2151 2130 2130 2152 2152 2151 2151 2152 2152 2153 2153 2153 2153 2152 2152 2154 2154 2153 2153 2154 2154 2155 2155 2152 2152 2130 2130 2156 2156 2152 2152 2156 2156 2154 2154 2154 2154 2156 2156 2157 2157 2154 2154 2157 2157 2155 2155 2156 2156 2130 2130 2158 2158 2156 2156 2158 2158 2157 2157 2157 2157 2158 2158 2159 2159 2157 2157 2159 2159 2155 2155 2158 2158 2130 2130 2160 2160 2158 2158 2160 2160 2159 2159 2159 2159 2160 2160 2161 2161 2159 2159 2161 2161 2155 2155 2160 2160 2130 2130 2162 2162 2160 2160 2162 2162 2161 2161 2161 2161 2162 2162 2163 2163 2161 2161 2163 2163 2155 2155 2162 2162 2130 2130 2164 2164 2162 2162 2164 2164 2163 2163 2163 2163 2164 2164 2165 2165 2163 2163 2165 2165 2155 2155 2164 2164 2130 2130 2166 2166 2164 2164 2166 2166 2165 2165 2165 2165 2166 2166 2167 2167 2165 2165 2167 2167 2155 2155 2166 2166 2130 2130 2168 2168 2166 2166 2168 2168 2167 2167 2167 2167 2168 2168 2169 2169 2167 2167 2169 2169 2155 2155 2168 2168 2130 2130 2170 2170 2168 2168 2170 2170 2169 2169 2169 2169 2170 2170 2171 2171 2169 2169 2171 2171 2155 2155 2170 2170 2130 2130 2172 2172 2170 2170 2172 2172 2171 2171 2171 2171 2172 2172 2173 2173 2171 2171 2173 2173 2155 2155 2172 2172 2130 2130 2174 2174 2172 2172 2174 2174 2173 2173 2173 2173 2174 2174 2175 2175 2173 2173 2175 2175 2155 2155 2174 2174 2130 2130 2151 2151 2174 2174 2151 2151 2175 2175 2175 2175 2151 2151 2153 2153 2175 2175 2153 2153 2155 2155 2176 2176 2155 2155 2177 2177 2176 2176 2177 2177 2178 2178 2178 2178 2177 2177 2179 2179 2178 2178 2179 2179 2180 2180 2177 2177 2155 2155 2181 2181 2177 2177 2181 2181 2179 2179 2179 2179 2181 2181 2182 2182 2179 2179 2182 2182 2180 2180 2181 2181 2155 2155 2183 2183 2181 2181 2183 2183 2182 2182 2182 2182 2183 2183 2184 2184 2182 2182 2184 2184 2180 2180 2183 2183 2155 2155 2185 2185 2183 2183 2185 2185 2184 2184 2184 2184 2185 2185 2186 2186 2184 2184 2186 2186 2180 2180 2185 2185 2155 2155 2187 2187 2185 2185 2187 2187 2186 2186 2186 2186 2187 2187 2188 2188 2186 2186 2188 2188 2180 2180 2187 2187 2155 2155 2189 2189 2187 2187 2189 2189 2188 2188 2188 2188 2189 2189 2190 2190 2188 2188 2190 2190 2180 2180 2189 2189 2155 2155 2191 2191 2189 2189 2191 2191 2190 2190 2190 2190 2191 2191 2192 2192 2190 2190 2192 2192 2180 2180 2191 2191 2155 2155 2193 2193 2191 2191 2193 2193 2192 2192 2192 2192 2193 2193 2194 2194 2192 2192 2194 2194 2180 2180 2193 2193 2155 2155 2195 2195 2193 2193 2195 2195 2194 2194 2194 2194 2195 2195 2196 2196 2194 2194 2196 2196 2180 2180 2195 2195 2155 2155 2197 2197 2195 2195 2197 2197 2196 2196 2196 2196 2197 2197 2198 2198 2196 2196 2198 2198 2180 2180 2197 2197 2155 2155 2199 2199 2197 2197 2199 2199 2198 2198 2198 2198 2199 2199 2200 2200 2198 2198 2200 2200 2180 2180 2199 2199 2155 2155 2176 2176 2199 2199 2176 2176 2200 2200 2200 2200 2176 2176 2178 2178 2200 2200 2178 2178 2180 2180 2201 2201 2180 2180 2202 2202 2201 2201 2202 2202 2203 2203 2203 2203 2202 2202 2204 2204 2203 2203 2204 2204 2205 2205 2202 2202 2180 2180 2206 2206 2202 2202 2206 2206 2204 2204 2204 2204 2206 2206 2207 2207 2204 2204 2207 2207 2205 2205 2206 2206 2180 2180 2208 2208 2206 2206 2208 2208 2207 2207 2207 2207 2208 2208 2209 2209 2207 2207 2209 2209 2205 2205 2208 2208 2180 2180 2210 2210 2208 2208 2210 2210 2209 2209 2209 2209 2210 2210 2211 2211 2209 2209 2211 2211 2205 2205 2210 2210 2180 2180 2212 2212 2210 2210 2212 2212 2211 2211 2211 2211 2212 2212 2213 2213 2211 2211 2213 2213 2205 2205 2212 2212 2180 2180 2214 2214 2212 2212 2214 2214 2213 2213 2213 2213 2214 2214 2215 2215 2213 2213 2215 2215 2205 2205 2214 2214 2180 2180 2216 2216 2214 2214 2216 2216 2215 2215 2215 2215 2216 2216 2217 2217 2215 2215 2217 2217 2205 2205 2216 2216 2180 2180 2218 2218 2216 2216 2218 2218 2217 2217 2217 2217 2218 2218 2219 2219 2217 2217 2219 2219 2205 2205 2218 2218 2180 2180 2220 2220 2218 2218 2220 2220 2219 2219 2219 2219 2220 2220 2221 2221 2219 2219 2221 2221 2205 2205 2220 2220 2180 2180 2222 2222 2220 2220 2222 2222 2221 2221 2221 2221 2222 2222 2223 2223 2221 2221 2223 2223 2205 2205 2222 2222 2180 2180 2224 2224 2222 2222 2224 2224 2223 2223 2223 2223 2224 2224 2225 2225 2223 2223 2225 2225 2205 2205 2224 2224 2180 2180 2201 2201 2224 2224 2201 2201 2225 2225 2225 2225 2201 2201 2203 2203 2225 2225 2203 2203 2205 2205 2226 2226 2205 2205 2227 2227 2226 2226 2227 2227 2228 2228 2228 2228 2227 2227 2229 2229 2228 2228 2229 2229 2230 2230 2227 2227 2205 2205 2231 2231 2227 2227 2231 2231 2229 2229 2229 2229 2231 2231 2232 2232 2229 2229 2232 2232 2230 2230 2231 2231 2205 2205 2233 2233 2231 2231 2233 2233 2232 2232 2232 2232 2233 2233 2234 2234 2232 2232 2234 2234 2230 2230 2233 2233 2205 2205 2235 2235 2233 2233 2235 2235 2234 2234 2234 2234 2235 2235 2236 2236 2234 2234 2236 2236 2230 2230 2235 2235 2205 2205 2237 2237 2235 2235 2237 2237 2236 2236 2236 2236 2237 2237 2238 2238 2236 2236 2238 2238 2230 2230 2237 2237 2205 2205 2239 2239 2237 2237 2239 2239 2238 2238 2238 2238 2239 2239 2240 2240 2238 2238 2240 2240 2230 2230 2239 2239 2205 2205 2241 2241 2239 2239 2241 2241 2240 2240 2240 2240 2241 2241 2242 2242 2240 2240 2242 2242 2230 2230 2241 2241 2205 2205 2243 2243 2241 2241 2243 2243 2242 2242 2242 2242 2243 2243 2244 2244 2242 2242 2244 2244 2230 2230 2243 2243 2205 2205 2245 2245 2243 2243 2245 2245 2244 2244 2244 2244 2245 2245 2246 2246 2244 2244 2246 2246 2230 2230 2245 2245 2205 2205 2247 2247 2245 2245 2247 2247 2246 2246 2246 2246 2247 2247 2248 2248 2246 2246 2248 2248 2230 2230 2247 2247 2205 2205 2249 2249 2247 2247 2249 2249 2248 2248 2248 2248 2249 2249 2250 2250 2248 2248 2250 2250 2230 2230 2249 2249 2205 2205 2226 2226 2249 2249 2226 2226 2250 2250 2250 2250 2226 2226 2228 2228 2250 2250 2228 2228 2230 2230 2251 2251 2230 2230 2252 2252 2251 2251 2252 2252 2253 2253 2253 2253 2252 2252 2254 2254 2253 2253 2254 2254 2255 2255 2252 2252 2230 2230 2256 2256 2252 2252 2256 2256 2254 2254 2254 2254 2256 2256 2257 2257 2254 2254 2257 2257 2255 2255 2256 2256 2230 2230 2258 2258 2256 2256 2258 2258 2257 2257 2257 2257 2258 2258 2259 2259 2257 2257 2259 2259 2255 2255 2258 2258 2230 2230 2260 2260 2258 2258 2260 2260 2259 2259 2259 2259 2260 2260 2261 2261 2259 2259 2261 2261 2255 2255 2260 2260 2230 2230 2262 2262 2260 2260 2262 2262 2261 2261 2261 2261 2262 2262 2263 2263 2261 2261 2263 2263 2255 2255 2262 2262 2230 2230 2264 2264 2262 2262 2264 2264 2263 2263 2263 2263 2264 2264 2265 2265 2263 2263 2265 2265 2255 2255 2264 2264 2230 2230 2266 2266 2264 2264 2266 2266 2265 2265 2265 2265 2266 2266 2267 2267 2265 2265 2267 2267 2255 2255 2266 2266 2230 2230 2268 2268 2266 2266 2268 2268 2267 2267 2267 2267 2268 2268 2269 2269 2267 2267 2269 2269 2255 2255 2268 2268 2230 2230 2270 2270 2268 2268 2270 2270 2269 2269 2269 2269 2270 2270 2271 2271 2269 2269 2271 2271 2255 2255 2270 2270 2230 2230 2272 2272 2270 2270 2272 2272 2271 2271 2271 2271 2272 2272 2273 2273 2271 2271 2273 2273 2255 2255 2272 2272 2230 2230 2274 2274 2272 2272 2274 2274 2273 2273 2273 2273 2274 2274 2275 2275 2273 2273 2275 2275 2255 2255 2274 2274 2230 2230 2251 2251 2274 2274 2251 2251 2275 2275 2275 2275 2251 2251 2253 2253 2275 2275 2253 2253 2255 2255 2276 2276 2255 2255 2277 2277 2276 2276 2277 2277 2278 2278 2278 2278 2277 2277 2279 2279 2278 2278 2279 2279 2280 2280 2277 2277 2255 2255 2281 2281 2277 2277 2281 2281 2279 2279 2279 2279 2281 2281 2282 2282 2279 2279 2282 2282 2280 2280 2281 2281 2255 2255 2283 2283 2281 2281 2283 2283 2282 2282 2282 2282 2283 2283 2284 2284 2282 2282 2284 2284 2280 2280 2283 2283 2255 2255 2285 2285 2283 2283 2285 2285 2284 2284 2284 2284 2285 2285 2286 2286 2284 2284 2286 2286 2280 2280 2285 2285 2255 2255 2287 2287 2285 2285 2287 2287 2286 2286 2286 2286 2287 2287 2288 2288 2286 2286 2288 2288 2280 2280 2287 2287 2255 2255 2289 2289 2287 2287 2289 2289 2288 2288 2288 2288 2289 2289 2290 2290 2288 2288 2290 2290 2280 2280 2289 2289 2255 2255 2291 2291 2289 2289 2291 2291 2290 2290 2290 2290 2291 2291 2292 2292 2290 2290 2292 2292 2280 2280 2291 2291 2255 2255 2293 2293 2291 2291 2293 2293 2292 2292 2292 2292 2293 2293 2294 2294 2292 2292 2294 2294 2280 2280 2293 2293 2255 2255 2295 2295 2293 2293 2295 2295 2294 2294 2294 2294 2295 2295 2296 2296 2294 2294 2296 2296 2280 2280 2295 2295 2255 2255 2297 2297 2295 2295 2297 2297 2296 2296 2296 2296 2297 2297 2298 2298 2296 2296 2298 2298 2280 2280 2297 2297 2255 2255 2299 2299 2297 2297 2299 2299 2298 2298 2298 2298 2299 2299 2300 2300 2298 2298 2300 2300 2280 2280 2299 2299 2255 2255 2276 2276 2299 2299 2276 2276 2300 2300 2300 2300 2276 2276 2278 2278 2300 2300 2278 2278 2280 2280 2301 2301 2280 2280 2302 2302 2301 2301 2302 2302 2303 2303 2303 2303 2302 2302 2304 2304 2303 2303 2304 2304 2305 2305 2302 2302 2280 2280 2306 2306 2302 2302 2306 2306 2304 2304 2304 2304 2306 2306 2307 2307 2304 2304 2307 2307 2305 2305 2306 2306 2280 2280 2308 2308 2306 2306 2308 2308 2307 2307 2307 2307 2308 2308 2309 2309 2307 2307 2309 2309 2305 2305 2308 2308 2280 2280 2310 2310 2308 2308 2310 2310 2309 2309 2309 2309 2310 2310 2311 2311 2309 2309 2311 2311 2305 2305 2310 2310 2280 2280 2312 2312 2310 2310 2312 2312 2311 2311 2311 2311 2312 2312 2313 2313 2311 2311 2313 2313 2305 2305 2312 2312 2280 2280 2314 2314 2312 2312 2314 2314 2313 2313 2313 2313 2314 2314 2315 2315 2313 2313 2315 2315 2305 2305 2314 2314 2280 2280 2316 2316 2314 2314 2316 2316 2315 2315 2315 2315 2316 2316 2317 2317 2315 2315 2317 2317 2305 2305 2316 2316 2280 2280 2318 2318 2316 2316 2318 2318 2317 2317 2317 2317 2318 2318 2319 2319 2317 2317 2319 2319 2305 2305 2318 2318 2280 2280 2320 2320 2318 2318 2320 2320 2319 2319 2319 2319 2320 2320 2321 2321 2319 2319 2321 2321 2305 2305 2320 2320 2280 2280 2322 2322 2320 2320 2322 2322 2321 2321 2321 2321 2322 2322 2323 2323 2321 2321 2323 2323 2305 2305 2322 2322 2280 2280 2324 2324 2322 2322 2324 2324 2323 2323 2323 2323 2324 2324 2325 2325 2323 2323 2325 2325 2305 2305 2324 2324 2280 2280 2301 2301 2324 2324 2301 2301 2325 2325 2325 2325 2301 2301 2303 2303 2325 2325 2303 2303 2305 2305 2326 2326 2305 2305 2327 2327 2326 2326 2327 2327 2328 2328 2328 2328 2327 2327 2329 2329 2328 2328 2329 2329 2330 2330 2327 2327 2305 2305 2331 2331 2327 2327 2331 2331 2329 2329 2329 2329 2331 2331 2332 2332 2329 2329 2332 2332 2330 2330 2331 2331 2305 2305 2333 2333 2331 2331 2333 2333 2332 2332 2332 2332 2333 2333 2334 2334 2332 2332 2334 2334 2330 2330 2333 2333 2305 2305 2335 2335 2333 2333 2335 2335 2334 2334 2334 2334 2335 2335 2336 2336 2334 2334 2336 2336 2330 2330 2335 2335 2305 2305 2337 2337 2335 2335 2337 2337 2336 2336 2336 2336 2337 2337 2338 2338 2336 2336 2338 2338 2330 2330 2337 2337 2305 2305 2339 2339 2337 2337 2339 2339 2338 2338 2338 2338 2339 2339 2340 2340 2338 2338 2340 2340 2330 2330 2339 2339 2305 2305 2341 2341 2339 2339 2341 2341 2340 2340 2340 2340 2341 2341 2342 2342 2340 2340 2342 2342 2330 2330 2341 2341 2305 2305 2343 2343 2341 2341 2343 2343 2342 2342 2342 2342 2343 2343 2344 2344 2342 2342 2344 2344 2330 2330 2343 2343 2305 2305 2345 2345 2343 2343 2345 2345 2344 2344 2344 2344 2345 2345 2346 2346 2344 2344 2346 2346 2330 2330 2345 2345 2305 2305 2347 2347 2345 2345 2347 2347 2346 2346 2346 2346 2347 2347 2348 2348 2346 2346 2348 2348 2330 2330 2347 2347 2305 2305 2349 2349 2347 2347 2349 2349 2348 2348 2348 2348 2349 2349 2350 2350 2348 2348 2350 2350 2330 2330 2349 2349 2305 2305 2326 2326 2349 2349 2326 2326 2350 2350 2350 2350 2326 2326 2328 2328 2350 2350 2328 2328 2330 2330 2351 2351 2330 2330 2352 2352 2351 2351 2352 2352 2353 2353 2353 2353 2352 2352 2354 2354 2353 2353 2354 2354 2355 2355 2352 2352 2330 2330 2356 2356 2352 2352 2356 2356 2354 2354 2354 2354 2356 2356 2357 2357 2354 2354 2357 2357 2355 2355 2356 2356 2330 2330 2358 2358 2356 2356 2358 2358 2357 2357 2357 2357 2358 2358 2359 2359 2357 2357 2359 2359 2355 2355 2358 2358 2330 2330 2360 2360 2358 2358 2360 2360 2359 2359 2359 2359 2360 2360 2361 2361 2359 2359 2361 2361 2355 2355 2360 2360 2330 2330 2362 2362 2360 2360 2362 2362 2361 2361 2361 2361 2362 2362 2363 2363 2361 2361 2363 2363 2355 2355 2362 2362 2330 2330 2364 2364 2362 2362 2364 2364 2363 2363 2363 2363 2364 2364 2365 2365 2363 2363 2365 2365 2355 2355 2364 2364 2330 2330 2366 2366 2364 2364 2366 2366 2365 2365 2365 2365 2366 2366 2367 2367 2365 2365 2367 2367 2355 2355 2366 2366 2330 2330 2368 2368 2366 2366 2368 2368 2367 2367 2367 2367 2368 2368 2369 2369 2367 2367 2369 2369 2355 2355 2368 2368 2330 2330 2370 2370 2368 2368 2370 2370 2369 2369 2369 2369 2370 2370 2371 2371 2369 2369 2371 2371 2355 2355 2370 2370 2330 2330 2372 2372 2370 2370 2372 2372 2371 2371 2371 2371 2372 2372 2373 2373 2371 2371 2373 2373 2355 2355 2372 2372 2330 2330 2374 2374 2372 2372 2374 2374 2373 2373 2373 2373 2374 2374 2375 2375 2373 2373 2375 2375 2355 2355 2374 2374 2330 2330 2351 2351 2374 2374 2351 2351 2375 2375 2375 2375 2351 2351 2353 2353 2375 2375 2353 2353 2355 2355 2376 2376 2355 2355 2377 2377 2376 2376 2377 2377 2378 2378 2378 2378 2377 2377 2379 2379 2378 2378 2379 2379 2380 2380 2377 2377 2355 2355 2381 2381 2377 2377 2381 2381 2379 2379 2379 2379 2381 2381 2382 2382 2379 2379 2382 2382 2380 2380 2381 2381 2355 2355 2383 2383 2381 2381 2383 2383 2382 2382 2382 2382 2383 2383 2384 2384 2382 2382 2384 2384 2380 2380 2383 2383 2355 2355 2385 2385 2383 2383 2385 2385 2384 2384 2384 2384 2385 2385 2386 2386 2384 2384 2386 2386 2380 2380 2385 2385 2355 2355 2387 2387 2385 2385 2387 2387 2386 2386 2386 2386 2387 2387 2388 2388 2386 2386 2388 2388 2380 2380 2387 2387 2355 2355 2389 2389 2387 2387 2389 2389 2388 2388 2388 2388 2389 2389 2390 2390 2388 2388 2390 2390 2380 2380 2389 2389 2355 2355 2391 2391 2389 2389 2391 2391 2390 2390 2390 2390 2391 2391 2392 2392 2390 2390 2392 2392 2380 2380 2391 2391 2355 2355 2393 2393 2391 2391 2393 2393 2392 2392 2392 2392 2393 2393 2394 2394 2392 2392 2394 2394 2380 2380 2393 2393 2355 2355 2395 2395 2393 2393 2395 2395 2394 2394 2394 2394 2395 2395 2396 2396 2394 2394 2396 2396 2380 2380 2395 2395 2355 2355 2397 2397 2395 2395 2397 2397 2396 2396 2396 2396 2397 2397 2398 2398 2396 2396 2398 2398 2380 2380 2397 2397 2355 2355 2399 2399 2397 2397 2399 2399 2398 2398 2398 2398 2399 2399 2400 2400 2398 2398 2400 2400 2380 2380 2399 2399 2355 2355 2376 2376 2399 2399 2376 2376 2400 2400 2400 2400 2376 2376 2378 2378 2400 2400 2378 2378 2380 2380 2401 2401 2380 2380 2402 2402 2401 2401 2402 2402 2403 2403 2403 2403 2402 2402 2404 2404 2403 2403 2404 2404 2405 2405 2402 2402 2380 2380 2406 2406 2402 2402 2406 2406 2404 2404 2404 2404 2406 2406 2407 2407 2404 2404 2407 2407 2405 2405 2406 2406 2380 2380 2408 2408 2406 2406 2408 2408 2407 2407 2407 2407 2408 2408 2409 2409 2407 2407 2409 2409 2405 2405 2408 2408 2380 2380 2410 2410 2408 2408 2410 2410 2409 2409 2409 2409 2410 2410 2411 2411 2409 2409 2411 2411 2405 2405 2410 2410 2380 2380 2412 2412 2410 2410 2412 2412 2411 2411 2411 2411 2412 2412 2413 2413 2411 2411 2413 2413 2405 2405 2412 2412 2380 2380 2414 2414 2412 2412 2414 2414 2413 2413 2413 2413 2414 2414 2415 2415 2413 2413 2415 2415 2405 2405 2414 2414 2380 2380 2416 2416 2414 2414 2416 2416 2415 2415 2415 2415 2416 2416 2417 2417 2415 2415 2417 2417 2405 2405 2416 2416 2380 2380 2418 2418 2416 2416 2418 2418 2417 2417 2417 2417 2418 2418 2419 2419 2417 2417 2419 2419 2405 2405 2418 2418 2380 2380 2420 2420 2418 2418 2420 2420 2419 2419 2419 2419 2420 2420 2421 2421 2419 2419 2421 2421 2405 2405 2420 2420 2380 2380 2422 2422 2420 2420 2422 2422 2421 2421 2421 2421 2422 2422 2423 2423 2421 2421 2423 2423 2405 2405 2422 2422 2380 2380 2424 2424 2422 2422 2424 2424 2423 2423 2423 2423 2424 2424 2425 2425 2423 2423 2425 2425 2405 2405 2424 2424 2380 2380 2401 2401 2424 2424 2401 2401 2425 2425 2425 2425 2401 2401 2403 2403 2425 2425 2403 2403 2405 2405 2426 2426 2405 2405 2427 2427 2426 2426 2427 2427 2428 2428 2428 2428 2427 2427 2429 2429 2428 2428 2429 2429 2430 2430 2427 2427 2405 2405 2431 2431 2427 2427 2431 2431 2429 2429 2429 2429 2431 2431 2432 2432 2429 2429 2432 2432 2430 2430 2431 2431 2405 2405 2433 2433 2431 2431 2433 2433 2432 2432 2432 2432 2433 2433 2434 2434 2432 2432 2434 2434 2430 2430 2433 2433 2405 2405 2435 2435 2433 2433 2435 2435 2434 2434 2434 2434 2435 2435 2436 2436 2434 2434 2436 2436 2430 2430 2435 2435 2405 2405 2437 2437 2435 2435 2437 2437 2436 2436 2436 2436 2437 2437 2438 2438 2436 2436 2438 2438 2430 2430 2437 2437 2405 2405 2439 2439 2437 2437 2439 2439 2438 2438 2438 2438 2439 2439 2440 2440 2438 2438 2440 2440 2430 2430 2439 2439 2405 2405 2441 2441 2439 2439 2441 2441 2440 2440 2440 2440 2441 2441 2442 2442 2440 2440 2442 2442 2430 2430 2441 2441 2405 2405 2443 2443 2441 2441 2443 2443 2442 2442 2442 2442 2443 2443 2444 2444 2442 2442 2444 2444 2430 2430 2443 2443 2405 2405 2445 2445 2443 2443 2445 2445 2444 2444 2444 2444 2445 2445 2446 2446 2444 2444 2446 2446 2430 2430 2445 2445 2405 2405 2447 2447 2445 2445 2447 2447 2446 2446 2446 2446 2447 2447 2448 2448 2446 2446 2448 2448 2430 2430 2447 2447 2405 2405 2449 2449 2447 2447 2449 2449 2448 2448 2448 2448 2449 2449 2450 2450 2448 2448 2450 2450 2430 2430 2449 2449 2405 2405 2426 2426 2449 2449 2426 2426 2450 2450 2450 2450 2426 2426 2428 2428 2450 2450 2428 2428 2430 2430 2451 2451 2430 2430 2452 2452 2451 2451 2452 2452 2453 2453 2453 2453 2452 2452 2454 2454 2453 2453 2454 2454 2455 2455 2452 2452 2430 2430 2456 2456 2452 2452 2456 2456 2454 2454 2454 2454 2456 2456 2457 2457 2454 2454 2457 2457 2455 2455 2456 2456 2430 2430 2458 2458 2456 2456 2458 2458 2457 2457 2457 2457 2458 2458 2459 2459 2457 2457 2459 2459 2455 2455 2458 2458 2430 2430 2460 2460 2458 2458 2460 2460 2459 2459 2459 2459 2460 2460 2461 2461 2459 2459 2461 2461 2455 2455 2460 2460 2430 2430 2462 2462 2460 2460 2462 2462 2461 2461 2461 2461 2462 2462 2463 2463 2461 2461 2463 2463 2455 2455 2462 2462 2430 2430 2464 2464 2462 2462 2464 2464 2463 2463 2463 2463 2464 2464 2465 2465 2463 2463 2465 2465 2455 2455 2464 2464 2430 2430 2466 2466 2464 2464 2466 2466 2465 2465 2465 2465 2466 2466 2467 2467 2465 2465 2467 2467 2455 2455 2466 2466 2430 2430 2468 2468 2466 2466 2468 2468 2467 2467 2467 2467 2468 2468 2469 2469 2467 2467 2469 2469 2455 2455 2468 2468 2430 2430 2470 2470 2468 2468 2470 2470 2469 2469 2469 2469 2470 2470 2471 2471 2469 2469 2471 2471 2455 2455 2470 2470 2430 2430 2472 2472 2470 2470 2472 2472 2471 2471 2471 2471 2472 2472 2473 2473 2471 2471 2473 2473 2455 2455 2472 2472 2430 2430 2474 2474 2472 2472 2474 2474 2473 2473 2473 2473 2474 2474 2475 2475 2473 2473 2475 2475 2455 2455 2474 2474 2430 2430 2451 2451 2474 2474 2451 2451 2475 2475 2475 2475 2451 2451 2453 2453 2475 2475 2453 2453 2455 2455 2476 2476 2455 2455 2477 2477 2476 2476 2477 2477 2478 2478 2478 2478 2477 2477 2479 2479 2478 2478 2479 2479 2480 2480 2477 2477 2455 2455 2481 2481 2477 2477 2481 2481 2479 2479 2479 2479 2481 2481 2482 2482 2479 2479 2482 2482 2480 2480 2481 2481 2455 2455 2483 2483 2481 2481 2483 2483 2482 2482 2482 2482 2483 2483 2484 2484 2482 2482 2484 2484 2480 2480 2483 2483 2455 2455 2485 2485 2483 2483 2485 2485 2484 2484 2484 2484 2485 2485 2486 2486 2484 2484 2486 2486 2480 2480 2485 2485 2455 2455 2487 2487 2485 2485 2487 2487 2486 2486 2486 2486 2487 2487 2488 2488 2486 2486 2488 2488 2480 2480 2487 2487 2455 2455 2489 2489 2487 2487 2489 2489 2488 2488 2488 2488 2489 2489 2490 2490 2488 2488 2490 2490 2480 2480 2489 2489 2455 2455 2491 2491 2489 2489 2491 2491 2490 2490 2490 2490 2491 2491 2492 2492 2490 2490 2492 2492 2480 2480 2491 2491 2455 2455 2493 2493 2491 2491 2493 2493 2492 2492 2492 2492 2493 2493 2494 2494 2492 2492 2494 2494 2480 2480 2493 2493 2455 2455 2495 2495 2493 2493 2495 2495 2494 2494 2494 2494 2495 2495 2496 2496 2494 2494 2496 2496 2480 2480 2495 2495 2455 2455 2497 2497 2495 2495 2497 2497 2496 2496 2496 2496 2497 2497 2498 2498 2496 2496 2498 2498 2480 2480 2497 2497 2455 2455 2499 2499 2497 2497 2499 2499 2498 2498 2498 2498 2499 2499 2500 2500 2498 2498 2500 2500 2480 2480 2499 2499 2455 2455 2476 2476 2499 2499 2476 2476 2500 2500 2500 2500 2476 2476 2478 2478 2500 2500 2478 2478 2480 2480 2501 2501 2480 2480 2502 2502 2501 2501 2502 2502 2503 2503 2503 2503 2502 2502 2504 2504 2503 2503 2504 2504 2505 2505 2502 2502 2480 2480 2506 2506 2502 2502 2506 2506 2504 2504 2504 2504 2506 2506 2507 2507 2504 2504 2507 2507 2505 2505 2506 2506 2480 2480 2508 2508 2506 2506 2508 2508 2507 2507 2507 2507 2508 2508 2509 2509 2507 2507 2509 2509 2505 2505 2508 2508 2480 2480 2510 2510 2508 2508 2510 2510 2509 2509 2509 2509 2510 2510 2511 2511 2509 2509 2511 2511 2505 2505 2510 2510 2480 2480 2512 2512 2510 2510 2512 2512 2511 2511 2511 2511 2512 2512 2513 2513 2511 2511 2513 2513 2505 2505 2512 2512 2480 2480 2514 2514 2512 2512 2514 2514 2513 2513 2513 2513 2514 2514 2515 2515 2513 2513 2515 2515 2505 2505 2514 2514 2480 2480 2516 2516 2514 2514 2516 2516 2515 2515 2515 2515 2516 2516 2517 2517 2515 2515 2517 2517 2505 2505 2516 2516 2480 2480 2518 2518 2516 2516 2518 2518 2517 2517 2517 2517 2518 2518 2519 2519 2517 2517 2519 2519 2505 2505 2518 2518 2480 2480 2520 2520 2518 2518 2520 2520 2519 2519 2519 2519 2520 2520 2521 2521 2519 2519 2521 2521 2505 2505 2520 2520 2480 2480 2522 2522 2520 2520 2522 2522 2521 2521 2521 2521 2522 2522 2523 2523 2521 2521 2523 2523 2505 2505 2522 2522 2480 2480 2524 2524 2522 2522 2524 2524 2523 2523 2523 2523 2524 2524 2525 2525 2523 2523 2525 2525 2505 2505 2524 2524 2480 2480 2501 2501 2524 2524 2501 2501 2525 2525 2525 2525 2501 2501 2503 2503 2525 2525 2503 2503 2505 2505 2526 2526 2505 2505 2527 2527 2526 2526 2527 2527 2528 2528 2528 2528 2527 2527 2529 2529 2528 2528 2529 2529 2530 2530 2527 2527 2505 2505 2531 2531 2527 2527 2531 2531 2529 2529 2529 2529 2531 2531 2532 2532 2529 2529 2532 2532 2530 2530 2531 2531 2505 2505 2533 2533 2531 2531 2533 2533 2532 2532 2532 2532 2533 2533 2534 2534 2532 2532 2534 2534 2530 2530 2533 2533 2505 2505 2535 2535 2533 2533 2535 2535 2534 2534 2534 2534 2535 2535 2536 2536 2534 2534 2536 2536 2530 2530 2535 2535 2505 2505 2537 2537 2535 2535 2537 2537 2536 2536 2536 2536 2537 2537 2538 2538 2536 2536 2538 2538 2530 2530 2537 2537 2505 2505 2539 2539 2537 2537 2539 2539 2538 2538 2538 2538 2539 2539 2540 2540 2538 2538 2540 2540 2530 2530 2539 2539 2505 2505 2541 2541 2539 2539 2541 2541 2540 2540 2540 2540 2541 2541 2542 2542 2540 2540 2542 2542 2530 2530 2541 2541 2505 2505 2543 2543 2541 2541 2543 2543 2542 2542 2542 2542 2543 2543 2544 2544 2542 2542 2544 2544 2530 2530 2543 2543 2505 2505 2545 2545 2543 2543 2545 2545 2544 2544 2544 2544 2545 2545 2546 2546 2544 2544 2546 2546 2530 2530 2545 2545 2505 2505 2547 2547 2545 2545 2547 2547 2546 2546 2546 2546 2547 2547 2548 2548 2546 2546 2548 2548 2530 2530 2547 2547 2505 2505 2549 2549 2547 2547 2549 2549 2548 2548 2548 2548 2549 2549 2550 2550 2548 2548 2550 2550 2530 2530 2549 2549 2505 2505 2526 2526 2549 2549 2526 2526 2550 2550 2550 2550 2526 2526 2528 2528 2550 2550 2528 2528 2530 2530 2551 2551 2530 2530 2552 2552 2551 2551 2552 2552 2553 2553 2553 2553 2552 2552 2554 2554 2553 2553 2554 2554 2555 2555 2552 2552 2530 2530 2556 2556 2552 2552 2556 2556 2554 2554 2554 2554 2556 2556 2557 2557 2554 2554 2557 2557 2555 2555 2556 2556 2530 2530 2558 2558 2556 2556 2558 2558 2557 2557 2557 2557 2558 2558 2559 2559 2557 2557 2559 2559 2555 2555 2558 2558 2530 2530 2560 2560 2558 2558 2560 2560 2559 2559 2559 2559 2560 2560 2561 2561 2559 2559 2561 2561 2555 2555 2560 2560 2530 2530 2562 2562 2560 2560 2562 2562 2561 2561 2561 2561 2562 2562 2563 2563 2561 2561 2563 2563 2555 2555 2562 2562 2530 2530 2564 2564 2562 2562 2564 2564 2563 2563 2563 2563 2564 2564 2565 2565 2563 2563 2565 2565 2555 2555 2564 2564 2530 2530 2566 2566 2564 2564 2566 2566 2565 2565 2565 2565 2566 2566 2567 2567 2565 2565 2567 2567 2555 2555 2566 2566 2530 2530 2568 2568 2566 2566 2568 2568 2567 2567 2567 2567 2568 2568 2569 2569 2567 2567 2569 2569 2555 2555 2568 2568 2530 2530 2570 2570 2568 2568 2570 2570 2569 2569 2569 2569 2570 2570 2571 2571 2569 2569 2571 2571 2555 2555 2570 2570 2530 2530 2572 2572 2570 2570 2572 2572 2571 2571 2571 2571 2572 2572 2573 2573 2571 2571 2573 2573 2555 2555 2572 2572 2530 2530 2574 2574 2572 2572 2574 2574 2573 2573 2573 2573 2574 2574 2575 2575 2573 2573 2575 2575 2555 2555 2574 2574 2530 2530 2551 2551 2574 2574 2551 2551 2575 2575 2575 2575 2551 2551 2553 2553 2575 2575 2553 2553 2555 2555 2576 2576 2555 2555 2577 2577 2576 2576 2577 2577 2578 2578 2578 2578 2577 2577 2579 2579 2578 2578 2579 2579 2580 2580 2577 2577 2555 2555 2581 2581 2577 2577 2581 2581 2579 2579 2579 2579 2581 2581 2582 2582 2579 2579 2582 2582 2580 2580 2581 2581 2555 2555 2583 2583 2581 2581 2583 2583 2582 2582 2582 2582 2583 2583 2584 2584 2582 2582 2584 2584 2580 2580 2583 2583 2555 2555 2585 2585 2583 2583 2585 2585 2584 2584 2584 2584 2585 2585 2586 2586 2584 2584 2586 2586 2580 2580 2585 2585 2555 2555 2587 2587 2585 2585 2587 2587 2586 2586 2586 2586 2587 2587 2588 2588 2586 2586 2588 2588 2580 2580 2587 2587 2555 2555 2589 2589 2587 2587 2589 2589 2588 2588 2588 2588 2589 2589 2590 2590 2588 2588 2590 2590 2580 2580 2589 2589 2555 2555 2591 2591 2589 2589 2591 2591 2590 2590 2590 2590 2591 2591 2592 2592 2590 2590 2592 2592 2580 2580 2591 2591 2555 2555 2593 2593 2591 2591 2593 2593 2592 2592 2592 2592 2593 2593 2594 2594 2592 2592 2594 2594 2580 2580 2593 2593 2555 2555 2595 2595 2593 2593 2595 2595 2594 2594 2594 2594 2595 2595 2596 2596 2594 2594 2596 2596 2580 2580 2595 2595 2555 2555 2597 2597 2595 2595 2597 2597 2596 2596 2596 2596 2597 2597 2598 2598 2596 2596 2598 2598 2580 2580 2597 2597 2555 2555 2599 2599 2597 2597 2599 2599 2598 2598 2598 2598 2599 2599 2600 2600 2598 2598 2600 2600 2580 2580 2599 2599 2555 2555 2576 2576 2599 2599 2576 2576 2600 2600 2600 2600 2576 2576 2578 2578 2600 2600 2578 2578 2580 2580 2601 2601 2580 2580 2602 2602 2601 2601 2602 2602 2603 2603 2603 2603 2602 2602 2604 2604 2603 2603 2604 2604 2605 2605 2602 2602 2580 2580 2606 2606 2602 2602 2606 2606 2604 2604 2604 2604 2606 2606 2607 2607 2604 2604 2607 2607 2605 2605 2606 2606 2580 2580 2608 2608 2606 2606 2608 2608 2607 2607 2607 2607 2608 2608 2609 2609 2607 2607 2609 2609 2605 2605 2608 2608 2580 2580 2610 2610 2608 2608 2610 2610 2609 2609 2609 2609 2610 2610 2611 2611 2609 2609 2611 2611 2605 2605 2610 2610 2580 2580 2612 2612 2610 2610 2612 2612 2611 2611 2611 2611 2612 2612 2613 2613 2611 2611 2613 2613 2605 2605 2612 2612 2580 2580 2614 2614 2612 2612 2614 2614 2613 2613 2613 2613 2614 2614 2615 2615 2613 2613 2615 2615 2605 2605 2614 2614 2580 2580 2616 2616 2614 2614 2616 2616 2615 2615 2615 2615 2616 2616 2617 2617 2615 2615 2617 2617 2605 2605 2616 2616 2580 2580 2618 2618 2616 2616 2618 2618 2617 2617 2617 2617 2618 2618 2619 2619 2617 2617 2619 2619 2605 2605 2618 2618 2580 2580 2620 2620 2618 2618 2620 2620 2619 2619 2619 2619 2620 2620 2621 2621 2619 2619 2621 2621 2605 2605 2620 2620 2580 2580 2622 2622 2620 2620 2622 2622 2621 2621 2621 2621 2622 2622 2623 2623 2621 2621 2623 2623 2605 2605 2622 2622 2580 2580 2624 2624 2622 2622 2624 2624 2623 2623 2623 2623 2624 2624 2625 2625 2623 2623 2625 2625 2605 2605 2624 2624 2580 2580 2601 2601 2624 2624 2601 2601 2625 2625 2625 2625 2601 2601 2603 2603 2625 2625 2603 2603 2605 2605 2626 2626 2605 2605 2627 2627 2626 2626 2627 2627 2628 2628 2628 2628 2627 2627 2629 2629 2628 2628 2629 2629 2630 2630 2627 2627 2605 2605 2631 2631 2627 2627 2631 2631 2629 2629 2629 2629 2631 2631 2632 2632 2629 2629 2632 2632 2630 2630 2631 2631 2605 2605 2633 2633 2631 2631 2633 2633 2632 2632 2632 2632 2633 2633 2634 2634 2632 2632 2634 2634 2630 2630 2633 2633 2605 2605 2635 2635 2633 2633 2635 2635 2634 2634 2634 2634 2635 2635 2636 2636 2634 2634 2636 2636 2630 2630 2635 2635 2605 2605 2637 2637 2635 2635 2637 2637 2636 2636 2636 2636 2637 2637 2638 2638 2636 2636 2638 2638 2630 2630 2637 2637 2605 2605 2639 2639 2637 2637 2639 2639 2638 2638 2638 2638 2639 2639 2640 2640 2638 2638 2640 2640 2630 2630 2639 2639 2605 2605 2641 2641 2639 2639 2641 2641 2640 2640 2640 2640 2641 2641 2642 2642 2640 2640 2642 2642 2630 2630 2641 2641 2605 2605 2643 2643 2641 2641 2643 2643 2642 2642 2642 2642 2643 2643 2644 2644 2642 2642 2644 2644 2630 2630 2643 2643 2605 2605 2645 2645 2643 2643 2645 2645 2644 2644 2644 2644 2645 2645 2646 2646 2644 2644 2646 2646 2630 2630 2645 2645 2605 2605 2647 2647 2645 2645 2647 2647 2646 2646 2646 2646 2647 2647 2648 2648 2646 2646 2648 2648 2630 2630 2647 2647 2605 2605 2649 2649 2647 2647 2649 2649 2648 2648 2648 2648 2649 2649 2650 2650 2648 2648 2650 2650 2630 2630 2649 2649 2605 2605 2626 2626 2649 2649 2626 2626 2650 2650 2650 2650 2626 2626 2628 2628 2650 2650 2628 2628 2630 2630 2651 2651 2630 2630 2652 2652 2651 2651 2652 2652 2653 2653 2653 2653 2652 2652 2654 2654 2653 2653 2654 2654 2655 2655 2652 2652 2630 2630 2656 2656 2652 2652 2656 2656 2654 2654 2654 2654 2656 2656 2657 2657 2654 2654 2657 2657 2655 2655 2656 2656 2630 2630 2658 2658 2656 2656 2658 2658 2657 2657 2657 2657 2658 2658 2659 2659 2657 2657 2659 2659 2655 2655 2658 2658 2630 2630 2660 2660 2658 2658 2660 2660 2659 2659 2659 2659 2660 2660 2661 2661 2659 2659 2661 2661 2655 2655 2660 2660 2630 2630 2662 2662 2660 2660 2662 2662 2661 2661 2661 2661 2662 2662 2663 2663 2661 2661 2663 2663 2655 2655 2662 2662 2630 2630 2664 2664 2662 2662 2664 2664 2663 2663 2663 2663 2664 2664 2665 2665 2663 2663 2665 2665 2655 2655 2664 2664 2630 2630 2666 2666 2664 2664 2666 2666 2665 2665 2665 2665 2666 2666 2667 2667 2665 2665 2667 2667 2655 2655 2666 2666 2630 2630 2668 2668 2666 2666 2668 2668 2667 2667 2667 2667 2668 2668 2669 2669 2667 2667 2669 2669 2655 2655 2668 2668 2630 2630 2670 2670 2668 2668 2670 2670 2669 2669 2669 2669 2670 2670 2671 2671 2669 2669 2671 2671 2655 2655 2670 2670 2630 2630 2672 2672 2670 2670 2672 2672 2671 2671 2671 2671 2672 2672 2673 2673 2671 2671 2673 2673 2655 2655 2672 2672 2630 2630 2674 2674 2672 2672 2674 2674 2673 2673 2673 2673 2674 2674 2675 2675 2673 2673 2675 2675 2655 2655 2674 2674 2630 2630 2651 2651 2674 2674 2651 2651 2675 2675 2675 2675 2651 2651 2653 2653 2675 2675 2653 2653 2655 2655 2676 2676 2655 2655 2677 2677 2676 2676 2677 2677 2678 2678 2678 2678 2677 2677 2679 2679 2678 2678 2679 2679 2680 2680 2677 2677 2655 2655 2681 2681 2677 2677 2681 2681 2679 2679 2679 2679 2681 2681 2682 2682 2679 2679 2682 2682 2680 2680 2681 2681 2655 2655 2683 2683 2681 2681 2683 2683 2682 2682 2682 2682 2683 2683 2684 2684 2682 2682 2684 2684 2680 2680 2683 2683 2655 2655 2685 2685 2683 2683 2685 2685 2684 2684 2684 2684 2685 2685 2686 2686 2684 2684 2686 2686 2680 2680 2685 2685 2655 2655 2687 2687 2685 2685 2687 2687 2686 2686 2686 2686 2687 2687 2688 2688 2686 2686 2688 2688 2680 2680 2687 2687 2655 2655 2689 2689 2687 2687 2689 2689 2688 2688 2688 2688 2689 2689 2690 2690 2688 2688 2690 2690 2680 2680 2689 2689 2655 2655 2691 2691 2689 2689 2691 2691 2690 2690 2690 2690 2691 2691 2692 2692 2690 2690 2692 2692 2680 2680 2691 2691 2655 2655 2693 2693 2691 2691 2693 2693 2692 2692 2692 2692 2693 2693 2694 2694 2692 2692 2694 2694 2680 2680 2693 2693 2655 2655 2695 2695 2693 2693 2695 2695 2694 2694 2694 2694 2695 2695 2696 2696 2694 2694 2696 2696 2680 2680 2695 2695 2655 2655 2697 2697 2695 2695 2697 2697 2696 2696 2696 2696 2697 2697 2698 2698 2696 2696 2698 2698 2680 2680 2697 2697 2655 2655 2699 2699 2697 2697 2699 2699 2698 2698 2698 2698 2699 2699 2700 2700 2698 2698 2700 2700 2680 2680 2699 2699 2655 2655 2676 2676 2699 2699 2676 2676 2700 2700 2700 2700 2676 2676 2678 2678 2700 2700 2678 2678 2680 2680 2701 2701 2680 2680 2702 2702 2701 2701 2702 2702 2703 2703 2703 2703 2702 2702 2704 2704 2703 2703 2704 2704 2705 2705 2702 2702 2680 2680 2706 2706 2702 2702 2706 2706 2704 2704 2704 2704 2706 2706 2707 2707 2704 2704 2707 2707 2705 2705 2706 2706 2680 2680 2708 2708 2706 2706 2708 2708 2707 2707 2707 2707 2708 2708 2709 2709 2707 2707 2709 2709 2705 2705 2708 2708 2680 2680 2710 2710 2708 2708 2710 2710 2709 2709 2709 2709 2710 2710 2711 2711 2709 2709 2711 2711 2705 2705 2710 2710 2680 2680 2712 2712 2710 2710 2712 2712 2711 2711 2711 2711 2712 2712 2713 2713 2711 2711 2713 2713 2705 2705 2712 2712 2680 2680 2714 2714 2712 2712 2714 2714 2713 2713 2713 2713 2714 2714 2715 2715 2713 2713 2715 2715 2705 2705 2714 2714 2680 2680 2716 2716 2714 2714 2716 2716 2715 2715 2715 2715 2716 2716 2717 2717 2715 2715 2717 2717 2705 2705 2716 2716 2680 2680 2718 2718 2716 2716 2718 2718 2717 2717 2717 2717 2718 2718 2719 2719 2717 2717 2719 2719 2705 2705 2718 2718 2680 2680 2720 2720 2718 2718 2720 2720 2719 2719 2719 2719 2720 2720 2721 2721 2719 2719 2721 2721 2705 2705 2720 2720 2680 2680 2722 2722 2720 2720 2722 2722 2721 2721 2721 2721 2722 2722 2723 2723 2721 2721 2723 2723 2705 2705 2722 2722 2680 2680 2724 2724 2722 2722 2724 2724 2723 2723 2723 2723 2724 2724 2725 2725 2723 2723 2725 2725 2705 2705 2724 2724 2680 2680 2701 2701 2724 2724 2701 2701 2725 2725 2725 2725 2701 2701 2703 2703 2725 2725 2703 2703 2705 2705 2726 2726 2705 2705 2727 2727 2726 2726 2727 2727 2728 2728 2728 2728 2727 2727 2729 2729 2728 2728 2729 2729 2730 2730 2727 2727 2705 2705 2731 2731 2727 2727 2731 2731 2729 2729 2729 2729 2731 2731 2732 2732 2729 2729 2732 2732 2730 2730 2731 2731 2705 2705 2733 2733 2731 2731 2733 2733 2732 2732 2732 2732 2733 2733 2734 2734 2732 2732 2734 2734 2730 2730 2733 2733 2705 2705 2735 2735 2733 2733 2735 2735 2734 2734 2734 2734 2735 2735 2736 2736 2734 2734 2736 2736 2730 2730 2735 2735 2705 2705 2737 2737 2735 2735 2737 2737 2736 2736 2736 2736 2737 2737 2738 2738 2736 2736 2738 2738 2730 2730 2737 2737 2705 2705 2739 2739 2737 2737 2739 2739 2738 2738 2738 2738 2739 2739 2740 2740 2738 2738 2740 2740 2730 2730 2739 2739 2705 2705 2741 2741 2739 2739 2741 2741 2740 2740 2740 2740 2741 2741 2742 2742 2740 2740 2742 2742 2730 2730 2741 2741 2705 2705 2743 2743 2741 2741 2743 2743 2742 2742 2742 2742 2743 2743 2744 2744 2742 2742 2744 2744 2730 2730 2743 2743 2705 2705 2745 2745 2743 2743 2745 2745 2744 2744 2744 2744 2745 2745 2746 2746 2744 2744 2746 2746 2730 2730 2745 2745 2705 2705 2747 2747 2745 2745 2747 2747 2746 2746 2746 2746 2747 2747 2748 2748 2746 2746 2748 2748 2730 2730 2747 2747 2705 2705 2749 2749 2747 2747 2749 2749 2748 2748 2748 2748 2749 2749 2750 2750 2748 2748 2750 2750 2730 2730 2749 2749 2705 2705 2726 2726 2749 2749 2726 2726 2750 2750 2750 2750 2726 2726 2728 2728 2750 2750 2728 2728 2730 2730 2751 2751 2730 2730 2752 2752 2751 2751 2752 2752 2753 2753 2753 2753 2752 2752 2754 2754 2753 2753 2754 2754 2755 2755 2752 2752 2730 2730 2756 2756 2752 2752 2756 2756 2754 2754 2754 2754 2756 2756 2757 2757 2754 2754 2757 2757 2755 2755 2756 2756 2730 2730 2758 2758 2756 2756 2758 2758 2757 2757 2757 2757 2758 2758 2759 2759 2757 2757 2759 2759 2755 2755 2758 2758 2730 2730 2760 2760 2758 2758 2760 2760 2759 2759 2759 2759 2760 2760 2761 2761 2759 2759 2761 2761 2755 2755 2760 2760 2730 2730 2762 2762 2760 2760 2762 2762 2761 2761 2761 2761 2762 2762 2763 2763 2761 2761 2763 2763 2755 2755 2762 2762 2730 2730 2764 2764 2762 2762 2764 2764 2763 2763 2763 2763 2764 2764 2765 2765 2763 2763 2765 2765 2755 2755 2764 2764 2730 2730 2766 2766 2764 2764 2766 2766 2765 2765 2765 2765 2766 2766 2767 2767 2765 2765 2767 2767 2755 2755 2766 2766 2730 2730 2768 2768 2766 2766 2768 2768 2767 2767 2767 2767 2768 2768 2769 2769 2767 2767 2769 2769 2755 2755 2768 2768 2730 2730 2770 2770 2768 2768 2770 2770 2769 2769 2769 2769 2770 2770 2771 2771 2769 2769 2771 2771 2755 2755 2770 2770 2730 2730 2772 2772 2770 2770 2772 2772 2771 2771 2771 2771 2772 2772 2773 2773 2771 2771 2773 2773 2755 2755 2772 2772 2730 2730 2774 2774 2772 2772 2774 2774 2773 2773 2773 2773 2774 2774 2775 2775 2773 2773 2775 2775 2755 2755 2774 2774 2730 2730 2751 2751 2774 2774 2751 2751 2775 2775 2775 2775 2751 2751 2753 2753 2775 2775 2753 2753 2755 2755 2776 2776 2755 2755 2777 2777 2776 2776 2777 2777 2778 2778 2778 2778 2777 2777 2779 2779 2778 2778 2779 2779 2780 2780 2777 2777 2755 2755 2781 2781 2777 2777 2781 2781 2779 2779 2779 2779 2781 2781 2782 2782 2779 2779 2782 2782 2780 2780 2781 2781 2755 2755 2783 2783 2781 2781 2783 2783 2782 2782 2782 2782 2783 2783 2784 2784 2782 2782 2784 2784 2780 2780 2783 2783 2755 2755 2785 2785 2783 2783 2785 2785 2784 2784 2784 2784 2785 2785 2786 2786 2784 2784 2786 2786 2780 2780 2785 2785 2755 2755 2787 2787 2785 2785 2787 2787 2786 2786 2786 2786 2787 2787 2788 2788 2786 2786 2788 2788 2780 2780 2787 2787 2755 2755 2789 2789 2787 2787 2789 2789 2788 2788 2788 2788 2789 2789 2790 2790 2788 2788 2790 2790 2780 2780 2789 2789 2755 2755 2791 2791 2789 2789 2791 2791 2790 2790 2790 2790 2791 2791 2792 2792 2790 2790 2792 2792 2780 2780 2791 2791 2755 2755 2793 2793 2791 2791 2793 2793 2792 2792 2792 2792 2793 2793 2794 2794 2792 2792 2794 2794 2780 2780 2793 2793 2755 2755 2795 2795 2793 2793 2795 2795 2794 2794 2794 2794 2795 2795 2796 2796 2794 2794 2796 2796 2780 2780 2795 2795 2755 2755 2797 2797 2795 2795 2797 2797 2796 2796 2796 2796 2797 2797 2798 2798 2796 2796 2798 2798 2780 2780 2797 2797 2755 2755 2799 2799 2797 2797 2799 2799 2798 2798 2798 2798 2799 2799 2800 2800 2798 2798 2800 2800 2780 2780 2799 2799 2755 2755 2776 2776 2799 2799 2776 2776 2800 2800 2800 2800 2776 2776 2778 2778 2800 2800 2778 2778 2780 2780 2801 2801 2780 2780 2802 2802 2801 2801 2802 2802 2803 2803 2803 2803 2802 2802 2804 2804 2803 2803 2804 2804 2805 2805 2802 2802 2780 2780 2806 2806 2802 2802 2806 2806 2804 2804 2804 2804 2806 2806 2807 2807 2804 2804 2807 2807 2805 2805 2806 2806 2780 2780 2808 2808 2806 2806 2808 2808 2807 2807 2807 2807 2808 2808 2809 2809 2807 2807 2809 2809 2805 2805 2808 2808 2780 2780 2810 2810 2808 2808 2810 2810 2809 2809 2809 2809 2810 2810 2811 2811 2809 2809 2811 2811 2805 2805 2810 2810 2780 2780 2812 2812 2810 2810 2812 2812 2811 2811 2811 2811 2812 2812 2813 2813 2811 2811 2813 2813 2805 2805 2812 2812 2780 2780 2814 2814 2812 2812 2814 2814 2813 2813 2813 2813 2814 2814 2815 2815 2813 2813 2815 2815 2805 2805 2814 2814 2780 2780 2816 2816 2814 2814 2816 2816 2815 2815 2815 2815 2816 2816 2817 2817 2815 2815 2817 2817 2805 2805 2816 2816 2780 2780 2818 2818 2816 2816 2818 2818 2817 2817 2817 2817 2818 2818 2819 2819 2817 2817 2819 2819 2805 2805 2818 2818 2780 2780 2820 2820 2818 2818 2820 2820 2819 2819 2819 2819 2820 2820 2821 2821 2819 2819 2821 2821 2805 2805 2820 2820 2780 2780 2822 2822 2820 2820 2822 2822 2821 2821 2821 2821 2822 2822 2823 2823 2821 2821 2823 2823 2805 2805 2822 2822 2780 2780 2824 2824 2822 2822 2824 2824 2823 2823 2823 2823 2824 2824 2825 2825 2823 2823 2825 2825 2805 2805 2824 2824 2780 2780 2801 2801 2824 2824 2801 2801 2825 2825 2825 2825 2801 2801 2803 2803 2825 2825 2803 2803 2805 2805 2826 2826 2805 2805 2827 2827 2826 2826 2827 2827 2828 2828 2828 2828 2827 2827 2829 2829 2828 2828 2829 2829 2830 2830 2827 2827 2805 2805 2831 2831 2827 2827 2831 2831 2829 2829 2829 2829 2831 2831 2832 2832 2829 2829 2832 2832 2830 2830 2831 2831 2805 2805 2833 2833 2831 2831 2833 2833 2832 2832 2832 2832 2833 2833 2834 2834 2832 2832 2834 2834 2830 2830 2833 2833 2805 2805 2835 2835 2833 2833 2835 2835 2834 2834 2834 2834 2835 2835 2836 2836 2834 2834 2836 2836 2830 2830 2835 2835 2805 2805 2837 2837 2835 2835 2837 2837 2836 2836 2836 2836 2837 2837 2838 2838 2836 2836 2838 2838 2830 2830 2837 2837 2805 2805 2839 2839 2837 2837 2839 2839 2838 2838 2838 2838 2839 2839 2840 2840 2838 2838 2840 2840 2830 2830 2839 2839 2805 2805 2841 2841 2839 2839 2841 2841 2840 2840 2840 2840 2841 2841 2842 2842 2840 2840 2842 2842 2830 2830 2841 2841 2805 2805 2843 2843 2841 2841 2843 2843 2842 2842 2842 2842 2843 2843 2844 2844 2842 2842 2844 2844 2830 2830 2843 2843 2805 2805 2845 2845 2843 2843 2845 2845 2844 2844 2844 2844 2845 2845 2846 2846 2844 2844 2846 2846 2830 2830 2845 2845 2805 2805 2847 2847 2845 2845 2847 2847 2846 2846 2846 2846 2847 2847 2848 2848 2846 2846 2848 2848 2830 2830 2847 2847 2805 2805 2849 2849 2847 2847 2849 2849 2848 2848 2848 2848 2849 2849 2850 2850 2848 2848 2850 2850 2830 2830 2849 2849 2805 2805 2826 2826 2849 2849 2826 2826 2850 2850 2850 2850 2826 2826 2828 2828 2850 2850 2828 2828 2830 2830 2851 2851 2830 2830 2852 2852 2851 2851 2852 2852 2853 2853 2853 2853 2852 2852 2854 2854 2853 2853 2854 2854 2855 2855 2852 2852 2830 2830 2856 2856 2852 2852 2856 2856 2854 2854 2854 2854 2856 2856 2857 2857 2854 2854 2857 2857 2855 2855 2856 2856 2830 2830 2858 2858 2856 2856 2858 2858 2857 2857 2857 2857 2858 2858 2859 2859 2857 2857 2859 2859 2855 2855 2858 2858 2830 2830 2860 2860 2858 2858 2860 2860 2859 2859 2859 2859 2860 2860 2861 2861 2859 2859 2861 2861 2855 2855 2860 2860 2830 2830 2862 2862 2860 2860 2862 2862 2861 2861 2861 2861 2862 2862 2863 2863 2861 2861 2863 2863 2855 2855 2862 2862 2830 2830 2864 2864 2862 2862 2864 2864 2863 2863 2863 2863 2864 2864 2865 2865 2863 2863 2865 2865 2855 2855 2864 2864 2830 2830 2866 2866 2864 2864 2866 2866 2865 2865 2865 2865 2866 2866 2867 2867 2865 2865 2867 2867 2855 2855 2866 2866 2830 2830 2868 2868 2866 2866 2868 2868 2867 2867 2867 2867 2868 2868 2869 2869 2867 2867 2869 2869 2855 2855 2868 2868 2830 2830 2870 2870 2868 2868 2870 2870 2869 2869 2869 2869 2870 2870 2871 2871 2869 2869 2871 2871 2855 2855 2870 2870 2830 2830 2872 2872 2870 2870 2872 2872 2871 2871 2871 2871 2872 2872 2873 2873 2871 2871 2873 2873 2855 2855 2872 2872 2830 2830 2874 2874 2872 2872 2874 2874 2873 2873 2873 2873 2874 2874 2875 2875 2873 2873 2875 2875 2855 2855 2874 2874 2830 2830 2851 2851 2874 2874 2851 2851 2875 2875 2875 2875 2851 2851 2853 2853 2875 2875 2853 2853 2855 2855 2876 2876 2855 2855 2877 2877 2876 2876 2877 2877 2878 2878 2878 2878 2877 2877 2879 2879 2878 2878 2879 2879 2880 2880 2877 2877 2855 2855 2881 2881 2877 2877 2881 2881 2879 2879 2879 2879 2881 2881 2882 2882 2879 2879 2882 2882 2880 2880 2881 2881 2855 2855 2883 2883 2881 2881 2883 2883 2882 2882 2882 2882 2883 2883 2884 2884 2882 2882 2884 2884 2880 2880 2883 2883 2855 2855 2885 2885 2883 2883 2885 2885 2884 2884 2884 2884 2885 2885 2886 2886 2884 2884 2886 2886 2880 2880 2885 2885 2855 2855 2887 2887 2885 2885 2887 2887 2886 2886 2886 2886 2887 2887 2888 2888 2886 2886 2888 2888 2880 2880 2887 2887 2855 2855 2889 2889 2887 2887 2889 2889 2888 2888 2888 2888 2889 2889 2890 2890 2888 2888 2890 2890 2880 2880 2889 2889 2855 2855 2891 2891 2889 2889 2891 2891 2890 2890 2890 2890 2891 2891 2892 2892 2890 2890 2892 2892 2880 2880 2891 2891 2855 2855 2893 2893 2891 2891 2893 2893 2892 2892 2892 2892 2893 2893 2894 2894 2892 2892 2894 2894 2880 2880 2893 2893 2855 2855 2895 2895 2893 2893 2895 2895 2894 2894 2894 2894 2895 2895 2896 2896 2894 2894 2896 2896 2880 2880 2895 2895 2855 2855 2897 2897 2895 2895 2897 2897 2896 2896 2896 2896 2897 2897 2898 2898 2896 2896 2898 2898 2880 2880 2897 2897 2855 2855 2899 2899 2897 2897 2899 2899 2898 2898 2898 2898 2899 2899 2900 2900 2898 2898 2900 2900 2880 2880 2899 2899 2855 2855 2876 2876 2899 2899 2876 2876 2900 2900 2900 2900 2876 2876 2878 2878 2900 2900 2878 2878 2880 2880 2901 2901 2880 2880 2902 2902 2901 2901 2902 2902 2903 2903 2903 2903 2902 2902 2904 2904 2903 2903 2904 2904 2905 2905 2902 2902 2880 2880 2906 2906 2902 2902 2906 2906 2904 2904 2904 2904 2906 2906 2907 2907 2904 2904 2907 2907 2905 2905 2906 2906 2880 2880 2908 2908 2906 2906 2908 2908 2907 2907 2907 2907 2908 2908 2909 2909 2907 2907 2909 2909 2905 2905 2908 2908 2880 2880 2910 2910 2908 2908 2910 2910 2909 2909 2909 2909 2910 2910 2911 2911 2909 2909 2911 2911 2905 2905 2910 2910 2880 2880 2912 2912 2910 2910 2912 2912 2911 2911 2911 2911 2912 2912 2913 2913 2911 2911 2913 2913 2905 2905 2912 2912 2880 2880 2914 2914 2912 2912 2914 2914 2913 2913 2913 2913 2914 2914 2915 2915 2913 2913 2915 2915 2905 2905 2914 2914 2880 2880 2916 2916 2914 2914 2916 2916 2915 2915 2915 2915 2916 2916 2917 2917 2915 2915 2917 2917 2905 2905 2916 2916 2880 2880 2918 2918 2916 2916 2918 2918 2917 2917 2917 2917 2918 2918 2919 2919 2917 2917 2919 2919 2905 2905 2918 2918 2880 2880 2920 2920 2918 2918 2920 2920 2919 2919 2919 2919 2920 2920 2921 2921 2919 2919 2921 2921 2905 2905 2920 2920 2880 2880 2922 2922 2920 2920 2922 2922 2921 2921 2921 2921 2922 2922 2923 2923 2921 2921 2923 2923 2905 2905 2922 2922 2880 2880 2924 2924 2922 2922 2924 2924 2923 2923 2923 2923 2924 2924 2925 2925 2923 2923 2925 2925 2905 2905 2924 2924 2880 2880 2901 2901 2924 2924 2901 2901 2925 2925 2925 2925 2901 2901 2903 2903 2925 2925 2903 2903 2905 2905 2926 2926 2905 2905 2927 2927 2926 2926 2927 2927 2928 2928 2928 2928 2927 2927 2929 2929 2928 2928 2929 2929 2930 2930 2927 2927 2905 2905 2931 2931 2927 2927 2931 2931 2929 2929 2929 2929 2931 2931 2932 2932 2929 2929 2932 2932 2930 2930 2931 2931 2905 2905 2933 2933 2931 2931 2933 2933 2932 2932 2932 2932 2933 2933 2934 2934 2932 2932 2934 2934 2930 2930 2933 2933 2905 2905 2935 2935 2933 2933 2935 2935 2934 2934 2934 2934 2935 2935 2936 2936 2934 2934 2936 2936 2930 2930 2935 2935 2905 2905 2937 2937 2935 2935 2937 2937 2936 2936 2936 2936 2937 2937 2938 2938 2936 2936 2938 2938 2930 2930 2937 2937 2905 2905 2939 2939 2937 2937 2939 2939 2938 2938 2938 2938 2939 2939 2940 2940 2938 2938 2940 2940 2930 2930 2939 2939 2905 2905 2941 2941 2939 2939 2941 2941 2940 2940 2940 2940 2941 2941 2942 2942 2940 2940 2942 2942 2930 2930 2941 2941 2905 2905 2943 2943 2941 2941 2943 2943 2942 2942 2942 2942 2943 2943 2944 2944 2942 2942 2944 2944 2930 2930 2943 2943 2905 2905 2945 2945 2943 2943 2945 2945 2944 2944 2944 2944 2945 2945 2946 2946 2944 2944 2946 2946 2930 2930 2945 2945 2905 2905 2947 2947 2945 2945 2947 2947 2946 2946 2946 2946 2947 2947 2948 2948 2946 2946 2948 2948 2930 2930 2947 2947 2905 2905 2949 2949 2947 2947 2949 2949 2948 2948 2948 2948 2949 2949 2950 2950 2948 2948 2950 2950 2930 2930 2949 2949 2905 2905 2926 2926 2949 2949 2926 2926 2950 2950 2950 2950 2926 2926 2928 2928 2950 2950 2928 2928 2930 2930 2951 2951 2930 2930 2952 2952 2951 2951 2952 2952 2953 2953 2953 2953 2952 2952 2954 2954 2953 2953 2954 2954 2955 2955 2952 2952 2930 2930 2956 2956 2952 2952 2956 2956 2954 2954 2954 2954 2956 2956 2957 2957 2954 2954 2957 2957 2955 2955 2956 2956 2930 2930 2958 2958 2956 2956 2958 2958 2957 2957 2957 2957 2958 2958 2959 2959 2957 2957 2959 2959 2955 2955 2958 2958 2930 2930 2960 2960 2958 2958 2960 2960 2959 2959 2959 2959 2960 2960 2961 2961 2959 2959 2961 2961 2955 2955 2960 2960 2930 2930 2962 2962 2960 2960 2962 2962 2961 2961 2961 2961 2962 2962 2963 2963 2961 2961 2963 2963 2955 2955 2962 2962 2930 2930 2964 2964 2962 2962 2964 2964 2963 2963 2963 2963 2964 2964 2965 2965 2963 2963 2965 2965 2955 2955 2964 2964 2930 2930 2966 2966 2964 2964 2966 2966 2965 2965 2965 2965 2966 2966 2967 2967 2965 2965 2967 2967 2955 2955 2966 2966 2930 2930 2968 2968 2966 2966 2968 2968 2967 2967 2967 2967 2968 2968 2969 2969 2967 2967 2969 2969 2955 2955 2968 2968 2930 2930 2970 2970 2968 2968 2970 2970 2969 2969 2969 2969 2970 2970 2971 2971 2969 2969 2971 2971 2955 2955 2970 2970 2930 2930 2972 2972 2970 2970 2972 2972 2971 2971 2971 2971 2972 2972 2973 2973 2971 2971 2973 2973 2955 2955 2972 2972 2930 2930 2974 2974 2972 2972 2974 2974 2973 2973 2973 2973 2974 2974 2975 2975 2973 2973 2975 2975 2955 2955 2974 2974 2930 2930 2951 2951 2974 2974 2951 2951 2975 2975 2975 2975 2951 2951 2953 2953 2975 2975 2953 2953 2955 2955 2976 2976 2955 2955 2977 2977 2976 2976 2977 2977 2978 2978 2978 2978 2977 2977 2979 2979 2978 2978 2979 2979 2980 2980 2977 2977 2955 2955 2981 2981 2977 2977 2981 2981 2979 2979 2979 2979 2981 2981 2982 2982 2979 2979 2982 2982 2980 2980 2981 2981 2955 2955 2983 2983 2981 2981 2983 2983 2982 2982 2982 2982 2983 2983 2984 2984 2982 2982 2984 2984 2980 2980 2983 2983 2955 2955 2985 2985 2983 2983 2985 2985 2984 2984 2984 2984 2985 2985 2986 2986 2984 2984 2986 2986 2980 2980 2985 2985 2955 2955 2987 2987 2985 2985 2987 2987 2986 2986 2986 2986 2987 2987 2988 2988 2986 2986 2988 2988 2980 2980 2987 2987 2955 2955 2989 2989 2987 2987 2989 2989 2988 2988 2988 2988 2989 2989 2990 2990 2988 2988 2990 2990 2980 2980 2989 2989 2955 2955 2991 2991 2989 2989 2991 2991 2990 2990 2990 2990 2991 2991 2992 2992 2990 2990 2992 2992 2980 2980 2991 2991 2955 2955 2993 2993 2991 2991 2993 2993 2992 2992 2992 2992 2993 2993 2994 2994 2992 2992 2994 2994 2980 2980 2993 2993 2955 2955 2995 2995 2993 2993 2995 2995 2994 2994 2994 2994 2995 2995 2996 2996 2994 2994 2996 2996 2980 2980 2995 2995 2955 2955 2997 2997 2995 2995 2997 2997 2996 2996 2996 2996 2997 2997 2998 2998 2996 2996 2998 2998 2980 2980 2997 2997 2955 2955 2999 2999 2997 2997 2999 2999 2998 2998 2998 2998 2999 2999 3000 3000 2998 2998 3000 3000 2980 2980 2999 2999 2955 2955 2976 2976 2999 2999 2976 2976 3000 3000 3000 3000 2976 2976 2978 2978 3000 3000 2978 2978 2980 2980 3001 3001 2980 2980 3002 3002 3001 3001 3002 3002 3003 3003 3003 3003 3002 3002 3004 3004 3003 3003 3004 3004 3005 3005 3002 3002 2980 2980 3006 3006 3002 3002 3006 3006 3004 3004 3004 3004 3006 3006 3007 3007 3004 3004 3007 3007 3005 3005 3006 3006 2980 2980 3008 3008 3006 3006 3008 3008 3007 3007 3007 3007 3008 3008 3009 3009 3007 3007 3009 3009 3005 3005 3008 3008 2980 2980 3010 3010 3008 3008 3010 3010 3009 3009 3009 3009 3010 3010 3011 3011 3009 3009 3011 3011 3005 3005 3010 3010 2980 2980 3012 3012 3010 3010 3012 3012 3011 3011 3011 3011 3012 3012 3013 3013 3011 3011 3013 3013 3005 3005 3012 3012 2980 2980 3014 3014 3012 3012 3014 3014 3013 3013 3013 3013 3014 3014 3015 3015 3013 3013 3015 3015 3005 3005 3014 3014 2980 2980 3016 3016 3014 3014 3016 3016 3015 3015 3015 3015 3016 3016 3017 3017 3015 3015 3017 3017 3005 3005 3016 3016 2980 2980 3018 3018 3016 3016 3018 3018 3017 3017 3017 3017 3018 3018 3019 3019 3017 3017 3019 3019 3005 3005 3018 3018 2980 2980 3020 3020 3018 3018 3020 3020 3019 3019 3019 3019 3020 3020 3021 3021 3019 3019 3021 3021 3005 3005 3020 3020 2980 2980 3022 3022 3020 3020 3022 3022 3021 3021 3021 3021 3022 3022 3023 3023 3021 3021 3023 3023 3005 3005 3022 3022 2980 2980 3024 3024 3022 3022 3024 3024 3023 3023 3023 3023 3024 3024 3025 3025 3023 3023 3025 3025 3005 3005 3024 3024 2980 2980 3001 3001 3024 3024 3001 3001 3025 3025 3025 3025 3001 3001 3003 3003 3025 3025 3003 3003 3005 3005 3026 3026 3005 3005 3027 3027 3026 3026 3027 3027 3028 3028 3028 3028 3027 3027 3029 3029 3028 3028 3029 3029 3030 3030 3027 3027 3005 3005 3031 3031 3027 3027 3031 3031 3029 3029 3029 3029 3031 3031 3032 3032 3029 3029 3032 3032 3030 3030 3031 3031 3005 3005 3033 3033 3031 3031 3033 3033 3032 3032 3032 3032 3033 3033 3034 3034 3032 3032 3034 3034 3030 3030 3033 3033 3005 3005 3035 3035 3033 3033 3035 3035 3034 3034 3034 3034 3035 3035 3036 3036 3034 3034 3036 3036 3030 3030 3035 3035 3005 3005 3037 3037 3035 3035 3037 3037 3036 3036 3036 3036 3037 3037 3038 3038 3036 3036 3038 3038 3030 3030 3037 3037 3005 3005 3039 3039 3037 3037 3039 3039 3038 3038 3038 3038 3039 3039 3040 3040 3038 3038 3040 3040 3030 3030 3039 3039 3005 3005 3041 3041 3039 3039 3041 3041 3040 3040 3040 3040 3041 3041 3042 3042 3040 3040 3042 3042 3030 3030 3041 3041 3005 3005 3043 3043 3041 3041 3043 3043 3042 3042 3042 3042 3043 3043 3044 3044 3042 3042 3044 3044 3030 3030 3043 3043 3005 3005 3045 3045 3043 3043 3045 3045 3044 3044 3044 3044 3045 3045 3046 3046 3044 3044 3046 3046 3030 3030 3045 3045 3005 3005 3047 3047 3045 3045 3047 3047 3046 3046 3046 3046 3047 3047 3048 3048 3046 3046 3048 3048 3030 3030 3047 3047 3005 3005 3049 3049 3047 3047 3049 3049 3048 3048 3048 3048 3049 3049 3050 3050 3048 3048 3050 3050 3030 3030 3049 3049 3005 3005 3026 3026 3049 3049 3026 3026 3050 3050 3050 3050 3026 3026 3028 3028 3050 3050 3028 3028 3030 3030 3051 3051 3030 3030 3052 3052 3051 3051 3052 3052 3053 3053 3053 3053 3052 3052 3054 3054 3053 3053 3054 3054 3055 3055 3052 3052 3030 3030 3056 3056 3052 3052 3056 3056 3054 3054 3054 3054 3056 3056 3057 3057 3054 3054 3057 3057 3055 3055 3056 3056 3030 3030 3058 3058 3056 3056 3058 3058 3057 3057 3057 3057 3058 3058 3059 3059 3057 3057 3059 3059 3055 3055 3058 3058 3030 3030 3060 3060 3058 3058 3060 3060 3059 3059 3059 3059 3060 3060 3061 3061 3059 3059 3061 3061 3055 3055 3060 3060 3030 3030 3062 3062 3060 3060 3062 3062 3061 3061 3061 3061 3062 3062 3063 3063 3061 3061 3063 3063 3055 3055 3062 3062 3030 3030 3064 3064 3062 3062 3064 3064 3063 3063 3063 3063 3064 3064 3065 3065 3063 3063 3065 3065 3055 3055 3064 3064 3030 3030 3066 3066 3064 3064 3066 3066 3065 3065 3065 3065 3066 3066 3067 3067 3065 3065 3067 3067 3055 3055 3066 3066 3030 3030 3068 3068 3066 3066 3068 3068 3067 3067 3067 3067 3068 3068 3069 3069 3067 3067 3069 3069 3055 3055 3068 3068 3030 3030 3070 3070 3068 3068 3070 3070 3069 3069 3069 3069 3070 3070 3071 3071 3069 3069 3071 3071 3055 3055 3070 3070 3030 3030 3072 3072 3070 3070 3072 3072 3071 3071 3071 3071 3072 3072 3073 3073 3071 3071 3073 3073 3055 3055 3072 3072 3030 3030 3074 3074 3072 3072 3074 3074 3073 3073 3073 3073 3074 3074 3075 3075 3073 3073 3075 3075 3055 3055 3074 3074 3030 3030 3051 3051 3074 3074 3051 3051 3075 3075 3075 3075 3051 3051 3053 3053 3075 3075 3053 3053 3055 3055 3076 3076 3055 3055 3077 3077 3076 3076 3077 3077 3078 3078 3078 3078 3077 3077 3079 3079 3078 3078 3079 3079 3080 3080 3077 3077 3055 3055 3081 3081 3077 3077 3081 3081 3079 3079 3079 3079 3081 3081 3082 3082 3079 3079 3082 3082 3080 3080 3081 3081 3055 3055 3083 3083 3081 3081 3083 3083 3082 3082 3082 3082 3083 3083 3084 3084 3082 3082 3084 3084 3080 3080 3083 3083 3055 3055 3085 3085 3083 3083 3085 3085 3084 3084 3084 3084 3085 3085 3086 3086 3084 3084 3086 3086 3080 3080 3085 3085 3055 3055 3087 3087 3085 3085 3087 3087 3086 3086 3086 3086 3087 3087 3088 3088 3086 3086 3088 3088 3080 3080 3087 3087 3055 3055 3089 3089 3087 3087 3089 3089 3088 3088 3088 3088 3089 3089 3090 3090 3088 3088 3090 3090 3080 3080 3089 3089 3055 3055 3091 3091 3089 3089 3091 3091 3090 3090 3090 3090 3091 3091 3092 3092 3090 3090 3092 3092 3080 3080 3091 3091 3055 3055 3093 3093 3091 3091 3093 3093 3092 3092 3092 3092 3093 3093 3094 3094 3092 3092 3094 3094 3080 3080 3093 3093 3055 3055 3095 3095 3093 3093 3095 3095 3094 3094 3094 3094 3095 3095 3096 3096 3094 3094 3096 3096 3080 3080 3095 3095 3055 3055 3097 3097 3095 3095 3097 3097 3096 3096 3096 3096 3097 3097 3098 3098 3096 3096 3098 3098 3080 3080 3097 3097 3055 3055 3099 3099 3097 3097 3099 3099 3098 3098 3098 3098 3099 3099 3100 3100 3098 3098 3100 3100 3080 3080 3099 3099 3055 3055 3076 3076 3099 3099 3076 3076 3100 3100 3100 3100 3076 3076 3078 3078 3100 3100 3078 3078 3080 3080 3101 3101 3080 3080 3102 3102 3101 3101 3102 3102 3103 3103 3103 3103 3102 3102 3104 3104 3103 3103 3104 3104 3105 3105 3102 3102 3080 3080 3106 3106 3102 3102 3106 3106 3104 3104 3104 3104 3106 3106 3107 3107 3104 3104 3107 3107 3105 3105 3106 3106 3080 3080 3108 3108 3106 3106 3108 3108 3107 3107 3107 3107 3108 3108 3109 3109 3107 3107 3109 3109 3105 3105 3108 3108 3080 3080 3110 3110 3108 3108 3110 3110 3109 3109 3109 3109 3110 3110 3111 3111 3109 3109 3111 3111 3105 3105 3110 3110 3080 3080 3112 3112 3110 3110 3112 3112 3111 3111 3111 3111 3112 3112 3113 3113 3111 3111 3113 3113 3105 3105 3112 3112 3080 3080 3114 3114 3112 3112 3114 3114 3113 3113 3113 3113 3114 3114 3115 3115 3113 3113 3115 3115 3105 3105 3114 3114 3080 3080 3116 3116 3114 3114 3116 3116 3115 3115 3115 3115 3116 3116 3117 3117 3115 3115 3117 3117 3105 3105 3116 3116 3080 3080 3118 3118 3116 3116 3118 3118 3117 3117 3117 3117 3118 3118 3119 3119 3117 3117 3119 3119 3105 3105 3118 3118 3080 3080 3120 3120 3118 3118 3120 3120 3119 3119 3119 3119 3120 3120 3121 3121 3119 3119 3121 3121 3105 3105 3120 3120 3080 3080 3122 3122 3120 3120 3122 3122 3121 3121 3121 3121 3122 3122 3123 3123 3121 3121 3123 3123 3105 3105 3122 3122 3080 3080 3124 3124 3122 3122 3124 3124 3123 3123 3123 3123 3124 3124 3125 3125 3123 3123 3125 3125 3105 3105 3124 3124 3080 3080 3101 3101 3124 3124 3101 3101 3125 3125 3125 3125 3101 3101 3103 3103 3125 3125 3103 3103 3105 3105 3126 3126 3105 3105 3127 3127 3126 3126 3127 3127 3128 3128 3128 3128 3127 3127 3129 3129 3128 3128 3129 3129 3130 3130 3127 3127 3105 3105 3131 3131 3127 3127 3131 3131 3129 3129 3129 3129 3131 3131 3132 3132 3129 3129 3132 3132 3130 3130 3131 3131 3105 3105 3133 3133 3131 3131 3133 3133 3132 3132 3132 3132 3133 3133 3134 3134 3132 3132 3134 3134 3130 3130 3133 3133 3105 3105 3135 3135 3133 3133 3135 3135 3134 3134 3134 3134 3135 3135 3136 3136 3134 3134 3136 3136 3130 3130 3135 3135 3105 3105 3137 3137 3135 3135 3137 3137 3136 3136 3136 3136 3137 3137 3138 3138 3136 3136 3138 3138 3130 3130 3137 3137 3105 3105 3139 3139 3137 3137 3139 3139 3138 3138 3138 3138 3139 3139 3140 3140 3138 3138 3140 3140 3130 3130 3139 3139 3105 3105 3141 3141 3139 3139 3141 3141 3140 3140 3140 3140 3141 3141 3142 3142 3140 3140 3142 3142 3130 3130 3141 3141 3105 3105 3143 3143 3141 3141 3143 3143 3142 3142 3142 3142 3143 3143 3144 3144 3142 3142 3144 3144 3130 3130 3143 3143 3105 3105 3145 3145 3143 3143 3145 3145 3144 3144 3144 3144 3145 3145 3146 3146 3144 3144 3146 3146 3130 3130 3145 3145 3105 3105 3147 3147 3145 3145 3147 3147 3146 3146 3146 3146 3147 3147 3148 3148 3146 3146 3148 3148 3130 3130 3147 3147 3105 3105 3149 3149 3147 3147 3149 3149 3148 3148 3148 3148 3149 3149 3150 3150 3148 3148 3150 3150 3130 3130 3149 3149 3105 3105 3126 3126 3149 3149 3126 3126 3150 3150 3150 3150 3126 3126 3128 3128 3150 3150 3128 3128 3130 3130 3151 3151 3130 3130 3152 3152 3151 3151 3152 3152 3153 3153 3153 3153 3152 3152 3154 3154 3153 3153 3154 3154 3155 3155 3152 3152 3130 3130 3156 3156 3152 3152 3156 3156 3154 3154 3154 3154 3156 3156 3157 3157 3154 3154 3157 3157 3155 3155 3156 3156 3130 3130 3158 3158 3156 3156 3158 3158 3157 3157 3157 3157 3158 3158 3159 3159 3157 3157 3159 3159 3155 3155 3158 3158 3130 3130 3160 3160 3158 3158 3160 3160 3159 3159 3159 3159 3160 3160 3161 3161 3159 3159 3161 3161 3155 3155 3160 3160 3130 3130 3162 3162 3160 3160 3162 3162 3161 3161 3161 3161 3162 3162 3163 3163 3161 3161 3163 3163 3155 3155 3162 3162 3130 3130 3164 3164 3162 3162 3164 3164 3163 3163 3163 3163 3164 3164 3165 3165 3163 3163 3165 3165 3155 3155 3164 3164 3130 3130 3166 3166 3164 3164 3166 3166 3165 3165 3165 3165 3166 3166 3167 3167 3165 3165 3167 3167 3155 3155 3166 3166 3130 3130 3168 3168 3166 3166 3168 3168 3167 3167 3167 3167 3168 3168 3169 3169 3167 3167 3169 3169 3155 3155 3168 3168 3130 3130 3170 3170 3168 3168 3170 3170 3169 3169 3169 3169 3170 3170 3171 3171 3169 3169 3171 3171 3155 3155 3170 3170 3130 3130 3172 3172 3170 3170 3172 3172 3171 3171 3171 3171 3172 3172 3173 3173 3171 3171 3173 3173 3155 3155 3172 3172 3130 3130 3174 3174 3172 3172 3174 3174 3173 3173 3173 3173 3174 3174 3175 3175 3173 3173 3175 3175 3155 3155 3174 3174 3130 3130 3151 3151 3174 3174 3151 3151 3175 3175 3175 3175 3151 3151 3153 3153 3175 3175 3153 3153 3155 3155 3176 3176 3155 3155 3177 3177 3176 3176 3177 3177 3178 3178 3178 3178 3177 3177 3179 3179 3178 3178 3179 3179 3180 3180 3177 3177 3155 3155 3181 3181 3177 3177 3181 3181 3179 3179 3179 3179 3181 3181 3182 3182 3179 3179 3182 3182 3180 3180 3181 3181 3155 3155 3183 3183 3181 3181 3183 3183 3182 3182 3182 3182 3183 3183 3184 3184 3182 3182 3184 3184 3180 3180 3183 3183 3155 3155 3185 3185 3183 3183 3185 3185 3184 3184 3184 3184 3185 3185 3186 3186 3184 3184 3186 3186 3180 3180 3185 3185 3155 3155 3187 3187 3185 3185 3187 3187 3186 3186 3186 3186 3187 3187 3188 3188 3186 3186 3188 3188 3180 3180 3187 3187 3155 3155 3189 3189 3187 3187 3189 3189 3188 3188 3188 3188 3189 3189 3190 3190 3188 3188 3190 3190 3180 3180 3189 3189 3155 3155 3191 3191 3189 3189 3191 3191 3190 3190 3190 3190 3191 3191 3192 3192 3190 3190 3192 3192 3180 3180 3191 3191 3155 3155 3193 3193 3191 3191 3193 3193 3192 3192 3192 3192 3193 3193 3194 3194 3192 3192 3194 3194 3180 3180 3193 3193 3155 3155 3195 3195 3193 3193 3195 3195 3194 3194 3194 3194 3195 3195 3196 3196 3194 3194 3196 3196 3180 3180 3195 3195 3155 3155 3197 3197 3195 3195 3197 3197 3196 3196 3196 3196 3197 3197 3198 3198 3196 3196 3198 3198 3180 3180 3197 3197 3155 3155 3199 3199 3197 3197 3199 3199 3198 3198 3198 3198 3199 3199 3200 3200 3198 3198 3200 3200 3180 3180 3199 3199 3155 3155 3176 3176 3199 3199 3176 3176 3200 3200 3200 3200 3176 3176 3178 3178 3200 3200 3178 3178 3180 3180 3201 3201 3180 3180 3202 3202 3201 3201 3202 3202 3203 3203 3203 3203 3202 3202 3204 3204 3203 3203 3204 3204 3205 3205 3202 3202 3180 3180 3206 3206 3202 3202 3206 3206 3204 3204 3204 3204 3206 3206 3207 3207 3204 3204 3207 3207 3205 3205 3206 3206 3180 3180 3208 3208 3206 3206 3208 3208 3207 3207 3207 3207 3208 3208 3209 3209 3207 3207 3209 3209 3205 3205 3208 3208 3180 3180 3210 3210 3208 3208 3210 3210 3209 3209 3209 3209 3210 3210 3211 3211 3209 3209 3211 3211 3205 3205 3210 3210 3180 3180 3212 3212 3210 3210 3212 3212 3211 3211 3211 3211 3212 3212 3213 3213 3211 3211 3213 3213 3205 3205 3212 3212 3180 3180 3214 3214 3212 3212 3214 3214 3213 3213 3213 3213 3214 3214 3215 3215 3213 3213 3215 3215 3205 3205 3214 3214 3180 3180 3216 3216 3214 3214 3216 3216 3215 3215 3215 3215 3216 3216 3217 3217 3215 3215 3217 3217 3205 3205 3216 3216 3180 3180 3218 3218 3216 3216 3218 3218 3217 3217 3217 3217 3218 3218 3219 3219 3217 3217 3219 3219 3205 3205 3218 3218 3180 3180 3220 3220 3218 3218 3220 3220 3219 3219 3219 3219 3220 3220 3221 3221 3219 3219 3221 3221 3205 3205 3220 3220 3180 3180 3222 3222 3220 3220 3222 3222 3221 3221 3221 3221 3222 3222 3223 3223 3221 3221 3223 3223 3205 3205 3222 3222 3180 3180 3224 3224 3222 3222 3224 3224 3223 3223 3223 3223 3224 3224 3225 3225 3223 3223 3225 3225 3205 3205 3224 3224 3180 3180 3201 3201 3224 3224 3201 3201 3225 3225 3225 3225 3201 3201 3203 3203 3225 3225 3203 3203 3205 3205 3226 3226 3205 3205 3227 3227 3226 3226 3227 3227 3228 3228 3228 3228 3227 3227 3229 3229 3228 3228 3229 3229 3230 3230 3227 3227 3205 3205 3231 3231 3227 3227 3231 3231 3229 3229 3229 3229 3231 3231 3232 3232 3229 3229 3232 3232 3230 3230 3231 3231 3205 3205 3233 3233 3231 3231 3233 3233 3232 3232 3232 3232 3233 3233 3234 3234 3232 3232 3234 3234 3230 3230 3233 3233 3205 3205 3235 3235 3233 3233 3235 3235 3234 3234 3234 3234 3235 3235 3236 3236 3234 3234 3236 3236 3230 3230 3235 3235 3205 3205 3237 3237 3235 3235 3237 3237 3236 3236 3236 3236 3237 3237 3238 3238 3236 3236 3238 3238 3230 3230 3237 3237 3205 3205 3239 3239 3237 3237 3239 3239 3238 3238 3238 3238 3239 3239 3240 3240 3238 3238 3240 3240 3230 3230 3239 3239 3205 3205 3241 3241 3239 3239 3241 3241 3240 3240 3240 3240 3241 3241 3242 3242 3240 3240 3242 3242 3230 3230 3241 3241 3205 3205 3243 3243 3241 3241 3243 3243 3242 3242 3242 3242 3243 3243 3244 3244 3242 3242 3244 3244 3230 3230 3243 3243 3205 3205 3245 3245 3243 3243 3245 3245 3244 3244 3244 3244 3245 3245 3246 3246 3244 3244 3246 3246 3230 3230 3245 3245 3205 3205 3247 3247 3245 3245 3247 3247 3246 3246 3246 3246 3247 3247 3248 3248 3246 3246 3248 3248 3230 3230 3247 3247 3205 3205 3249 3249 3247 3247 3249 3249 3248 3248 3248 3248 3249 3249 3250 3250 3248 3248 3250 3250 3230 3230 3249 3249 3205 3205 3226 3226 3249 3249 3226 3226 3250 3250 3250 3250 3226 3226 3228 3228 3250 3250 3228 3228 3230 3230 3251 3251 3230 3230 3252 3252 3251 3251 3252 3252 3253 3253 3253 3253 3252 3252 3254 3254 3253 3253 3254 3254 3255 3255 3252 3252 3230 3230 3256 3256 3252 3252 3256 3256 3254 3254 3254 3254 3256 3256 3257 3257 3254 3254 3257 3257 3255 3255 3256 3256 3230 3230 3258 3258 3256 3256 3258 3258 3257 3257 3257 3257 3258 3258 3259 3259 3257 3257 3259 3259 3255 3255 3258 3258 3230 3230 3260 3260 3258 3258 3260 3260 3259 3259 3259 3259 3260 3260 3261 3261 3259 3259 3261 3261 3255 3255 3260 3260 3230 3230 3262 3262 3260 3260 3262 3262 3261 3261 3261 3261 3262 3262 3263 3263 3261 3261 3263 3263 3255 3255 3262 3262 3230 3230 3264 3264 3262 3262 3264 3264 3263 3263 3263 3263 3264 3264 3265 3265 3263 3263 3265 3265 3255 3255 3264 3264 3230 3230 3266 3266 3264 3264 3266 3266 3265 3265 3265 3265 3266 3266 3267 3267 3265 3265 3267 3267 3255 3255 3266 3266 3230 3230 3268 3268 3266 3266 3268 3268 3267 3267 3267 3267 3268 3268 3269 3269 3267 3267 3269 3269 3255 3255 3268 3268 3230 3230 3270 3270 3268 3268 3270 3270 3269 3269 3269 3269 3270 3270 3271 3271 3269 3269 3271 3271 3255 3255 3270 3270 3230 3230 3272 3272 3270 3270 3272 3272 3271 3271 3271 3271 3272 3272 3273 3273 3271 3271 3273 3273 3255 3255 3272 3272 3230 3230 3274 3274 3272 3272 3274 3274 3273 3273 3273 3273 3274 3274 3275 3275 3273 3273 3275 3275 3255 3255 3274 3274 3230 3230 3251 3251 3274 3274 3251 3251 3275 3275 3275 3275 3251 3251 3253 3253 3275 3275 3253 3253 3255 3255 3276 3276 3255 3255 3277 3277 3276 3276 3277 3277 3278 3278 3278 3278 3277 3277 3279 3279 3278 3278 3279 3279 3280 3280 3277 3277 3255 3255 3281 3281 3277 3277 3281 3281 3279 3279 3279 3279 3281 3281 3282 3282 3279 3279 3282 3282 3280 3280 3281 3281 3255 3255 3283 3283 3281 3281 3283 3283 3282 3282 3282 3282 3283 3283 3284 3284 3282 3282 3284 3284 3280 3280 3283 3283 3255 3255 3285 3285 3283 3283 3285 3285 3284 3284 3284 3284 3285 3285 3286 3286 3284 3284 3286 3286 3280 3280 3285 3285 3255 3255 3287 3287 3285 3285 3287 3287 3286 3286 3286 3286 3287 3287 3288 3288 3286 3286 3288 3288 3280 3280 3287 3287 3255 3255 3289 3289 3287 3287 3289 3289 3288 3288 3288 3288 3289 3289 3290 3290 3288 3288 3290 3290 3280 3280 3289 3289 3255 3255 3291 3291 3289 3289 3291 3291 3290 3290 3290 3290 3291 3291 3292 3292 3290 3290 3292 3292 3280 3280 3291 3291 3255 3255 3293 3293 3291 3291 3293 3293 3292 3292 3292 3292 3293 3293 3294 3294 3292 3292 3294 3294 3280 3280 3293 3293 3255 3255 3295 3295 3293 3293 3295 3295 3294 3294 3294 3294 3295 3295 3296 3296 3294 3294 3296 3296 3280 3280 3295 3295 3255 3255 3297 3297 3295 3295 3297 3297 3296 3296 3296 3296 3297 3297 3298 3298 3296 3296 3298 3298 3280 3280 3297 3297 3255 3255 3299 3299 3297 3297 3299 3299 3298 3298 3298 3298 3299 3299 3300 3300 3298 3298 3300 3300 3280 3280 3299 3299 3255 3255 3276 3276 3299 3299 3276 3276 3300 3300 3300 3300 3276 3276 3278 3278 3300 3300 3278 3278 3280 3280 3301 3301 3280 3280 3302 3302 3301 3301 3302 3302 3303 3303 3303 3303 3302 3302 3304 3304 3303 3303 3304 3304 3305 3305 3302 3302 3280 3280 3306 3306 3302 3302 3306 3306 3304 3304 3304 3304 3306 3306 3307 3307 3304 3304 3307 3307 3305 3305 3306 3306 3280 3280 3308 3308 3306 3306 3308 3308 3307 3307 3307 3307 3308 3308 3309 3309 3307 3307 3309 3309 3305 3305 3308 3308 3280 3280 3310 3310 3308 3308 3310 3310 3309 3309 3309 3309 3310 3310 3311 3311 3309 3309 3311 3311 3305 3305 3310 3310 3280 3280 3312 3312 3310 3310 3312 3312 3311 3311 3311 3311 3312 3312 3313 3313 3311 3311 3313 3313 3305 3305 3312 3312 3280 3280 3314 3314 3312 3312 3314 3314 3313 3313 3313 3313 3314 3314 3315 3315 3313 3313 3315 3315 3305 3305 3314 3314 3280 3280 3316 3316 3314 3314 3316 3316 3315 3315 3315 3315 3316 3316 3317 3317 3315 3315 3317 3317 3305 3305 3316 3316 3280 3280 3318 3318 3316 3316 3318 3318 3317 3317 3317 3317 3318 3318 3319 3319 3317 3317 3319 3319 3305 3305 3318 3318 3280 3280 3320 3320 3318 3318 3320 3320 3319 3319 3319 3319 3320 3320 3321 3321 3319 3319 3321 3321 3305 3305 3320 3320 3280 3280 3322 3322 3320 3320 3322 3322 3321 3321 3321 3321 3322 3322 3323 3323 3321 3321 3323 3323 3305 3305 3322 3322 3280 3280 3324 3324 3322 3322 3324 3324 3323 3323 3323 3323 3324 3324 3325 3325 3323 3323 3325 3325 3305 3305 3324 3324 3280 3280 3301 3301 3324 3324 3301 3301 3325 3325 3325 3325 3301 3301 3303 3303 3325 3325 3303 3303 3305 3305 3326 3326 3305 3305 3327 3327 3326 3326 3327 3327 3328 3328 3328 3328 3327 3327 3329 3329 3328 3328 3329 3329 3330 3330 3327 3327 3305 3305 3331 3331 3327 3327 3331 3331 3329 3329 3329 3329 3331 3331 3332 3332 3329 3329 3332 3332 3330 3330 3331 3331 3305 3305 3333 3333 3331 3331 3333 3333 3332 3332 3332 3332 3333 3333 3334 3334 3332 3332 3334 3334 3330 3330 3333 3333 3305 3305 3335 3335 3333 3333 3335 3335 3334 3334 3334 3334 3335 3335 3336 3336 3334 3334 3336 3336 3330 3330 3335 3335 3305 3305 3337 3337 3335 3335 3337 3337 3336 3336 3336 3336 3337 3337 3338 3338 3336 3336 3338 3338 3330 3330 3337 3337 3305 3305 3339 3339 3337 3337 3339 3339 3338 3338 3338 3338 3339 3339 3340 3340 3338 3338 3340 3340 3330 3330 3339 3339 3305 3305 3341 3341 3339 3339 3341 3341 3340 3340 3340 3340 3341 3341 3342 3342 3340 3340 3342 3342 3330 3330 3341 3341 3305 3305 3343 3343 3341 3341 3343 3343 3342 3342 3342 3342 3343 3343 3344 3344 3342 3342 3344 3344 3330 3330 3343 3343 3305 3305 3345 3345 3343 3343 3345 3345 3344 3344 3344 3344 3345 3345 3346 3346 3344 3344 3346 3346 3330 3330 3345 3345 3305 3305 3347 3347 3345 3345 3347 3347 3346 3346 3346 3346 3347 3347 3348 3348 3346 3346 3348 3348 3330 3330 3347 3347 3305 3305 3349 3349 3347 3347 3349 3349 3348 3348 3348 3348 3349 3349 3350 3350 3348 3348 3350 3350 3330 3330 3349 3349 3305 3305 3326 3326 3349 3349 3326 3326 3350 3350 3350 3350 3326 3326 3328 3328 3350 3350 3328 3328 3330 3330 3351 3351 3330 3330 3352 3352 3351 3351 3352 3352 3353 3353 3353 3353 3352 3352 3354 3354 3353 3353 3354 3354 3355 3355 3352 3352 3330 3330 3356 3356 3352 3352 3356 3356 3354 3354 3354 3354 3356 3356 3357 3357 3354 3354 3357 3357 3355 3355 3356 3356 3330 3330 3358 3358 3356 3356 3358 3358 3357 3357 3357 3357 3358 3358 3359 3359 3357 3357 3359 3359 3355 3355 3358 3358 3330 3330 3360 3360 3358 3358 3360 3360 3359 3359 3359 3359 3360 3360 3361 3361 3359 3359 3361 3361 3355 3355 3360 3360 3330 3330 3362 3362 3360 3360 3362 3362 3361 3361 3361 3361 3362 3362 3363 3363 3361 3361 3363 3363 3355 3355 3362 3362 3330 3330 3364 3364 3362 3362 3364 3364 3363 3363 3363 3363 3364 3364 3365 3365 3363 3363 3365 3365 3355 3355 3364 3364 3330 3330 3366 3366 3364 3364 3366 3366 3365 3365 3365 3365 3366 3366 3367 3367 3365 3365 3367 3367 3355 3355 3366 3366 3330 3330 3368 3368 3366 3366 3368 3368 3367 3367 3367 3367 3368 3368 3369 3369 3367 3367 3369 3369 3355 3355 3368 3368 3330 3330 3370 3370 3368 3368 3370 3370 3369 3369 3369 3369 3370 3370 3371 3371 3369 3369 3371 3371 3355 3355 3370 3370 3330 3330 3372 3372 3370 3370 3372 3372 3371 3371 3371 3371 3372 3372 3373 3373 3371 3371 3373 3373 3355 3355 3372 3372 3330 3330 3374 3374 3372 3372 3374 3374 3373 3373 3373 3373 3374 3374 3375 3375 3373 3373 3375 3375 3355 3355 3374 3374 3330 3330 3351 3351 3374 3374 3351 3351 3375 3375 3375 3375 3351 3351 3353 3353 3375 3375 3353 3353 3355 3355 3376 3376 3355 3355 3377 3377 3376 3376 3377 3377 3378 3378 3378 3378 3377 3377 3379 3379 3378 3378 3379 3379 3380 3380 3377 3377 3355 3355 3381 3381 3377 3377 3381 3381 3379 3379 3379 3379 3381 3381 3382 3382 3379 3379 3382 3382 3380 3380 3381 3381 3355 3355 3383 3383 3381 3381 3383 3383 3382 3382 3382 3382 3383 3383 3384 3384 3382 3382 3384 3384 3380 3380 3383 3383 3355 3355 3385 3385 3383 3383 3385 3385 3384 3384 3384 3384 3385 3385 3386 3386 3384 3384 3386 3386 3380 3380 3385 3385 3355 3355 3387 3387 3385 3385 3387 3387 3386 3386 3386 3386 3387 3387 3388 3388 3386 3386 3388 3388 3380 3380 3387 3387 3355 3355 3389 3389 3387 3387 3389 3389 3388 3388 3388 3388 3389 3389 3390 3390 3388 3388 3390 3390 3380 3380 3389 3389 3355 3355 3391 3391 3389 3389 3391 3391 3390 3390 3390 3390 3391 3391 3392 3392 3390 3390 3392 3392 3380 3380 3391 3391 3355 3355 3393 3393 3391 3391 3393 3393 3392 3392 3392 3392 3393 3393 3394 3394 3392 3392 3394 3394 3380 3380 3393 3393 3355 3355 3395 3395 3393 3393 3395 3395 3394 3394 3394 3394 3395 3395 3396 3396 3394 3394 3396 3396 3380 3380 3395 3395 3355 3355 3397 3397 3395 3395 3397 3397 3396 3396 3396 3396 3397 3397 3398 3398 3396 3396 3398 3398 3380 3380 3397 3397 3355 3355 3399 3399 3397 3397 3399 3399 3398 3398 3398 3398 3399 3399 3400 3400 3398 3398 3400 3400 3380 3380 3399 3399 3355 3355 3376 3376 3399 3399 3376 3376 3400 3400 3400 3400 3376 3376 3378 3378 3400 3400 3378 3378 3380 3380 3401 3401 3380 3380 3402 3402 3401 3401 3402 3402 3403 3403 3403 3403 3402 3402 3404 3404 3403 3403 3404 3404 3405 3405 3402 3402 3380 3380 3406 3406 3402 3402 3406 3406 3404 3404 3404 3404 3406 3406 3407 3407 3404 3404 3407 3407 3405 3405 3406 3406 3380 3380 3408 3408 3406 3406 3408 3408 3407 3407 3407 3407 3408 3408 3409 3409 3407 3407 3409 3409 3405 3405 3408 3408 3380 3380 3410 3410 3408 3408 3410 3410 3409 3409 3409 3409 3410 3410 3411 3411 3409 3409 3411 3411 3405 3405 3410 3410 3380 3380 3412 3412 3410 3410 3412 3412 3411 3411 3411 3411 3412 3412 3413 3413 3411 3411 3413 3413 3405 3405 3412 3412 3380 3380 3414 3414 3412 3412 3414 3414 3413 3413 3413 3413 3414 3414 3415 3415 3413 3413 3415 3415 3405 3405 3414 3414 3380 3380 3416 3416 3414 3414 3416 3416 3415 3415 3415 3415 3416 3416 3417 3417 3415 3415 3417 3417 3405 3405 3416 3416 3380 3380 3418 3418 3416 3416 3418 3418 3417 3417 3417 3417 3418 3418 3419 3419 3417 3417 3419 3419 3405 3405 3418 3418 3380 3380 3420 3420 3418 3418 3420 3420 3419 3419 3419 3419 3420 3420 3421 3421 3419 3419 3421 3421 3405 3405 3420 3420 3380 3380 3422 3422 3420 3420 3422 3422 3421 3421 3421 3421 3422 3422 3423 3423 3421 3421 3423 3423 3405 3405 3422 3422 3380 3380 3424 3424 3422 3422 3424 3424 3423 3423 3423 3423 3424 3424 3425 3425 3423 3423 3425 3425 3405 3405 3424 3424 3380 3380 3401 3401 3424 3424 3401 3401 3425 3425 3425 3425 3401 3401 3403 3403 3425 3425 3403 3403 3405 3405 3426 3426 3405 3405 3427 3427 3426 3426 3427 3427 3428 3428 3428 3428 3427 3427 3429 3429 3428 3428 3429 3429 3430 3430 3427 3427 3405 3405 3431 3431 3427 3427 3431 3431 3429 3429 3429 3429 3431 3431 3432 3432 3429 3429 3432 3432 3430 3430 3431 3431 3405 3405 3433 3433 3431 3431 3433 3433 3432 3432 3432 3432 3433 3433 3434 3434 3432 3432 3434 3434 3430 3430 3433 3433 3405 3405 3435 3435 3433 3433 3435 3435 3434 3434 3434 3434 3435 3435 3436 3436 3434 3434 3436 3436 3430 3430 3435 3435 3405 3405 3437 3437 3435 3435 3437 3437 3436 3436 3436 3436 3437 3437 3438 3438 3436 3436 3438 3438 3430 3430 3437 3437 3405 3405 3439 3439 3437 3437 3439 3439 3438 3438 3438 3438 3439 3439 3440 3440 3438 3438 3440 3440 3430 3430 3439 3439 3405 3405 3441 3441 3439 3439 3441 3441 3440 3440 3440 3440 3441 3441 3442 3442 3440 3440 3442 3442 3430 3430 3441 3441 3405 3405 3443 3443 3441 3441 3443 3443 3442 3442 3442 3442 3443 3443 3444 3444 3442 3442 3444 3444 3430 3430 3443 3443 3405 3405 3445 3445 3443 3443 3445 3445 3444 3444 3444 3444 3445 3445 3446 3446 3444 3444 3446 3446 3430 3430 3445 3445 3405 3405 3447 3447 3445 3445 3447 3447 3446 3446 3446 3446 3447 3447 3448 3448 3446 3446 3448 3448 3430 3430 3447 3447 3405 3405 3449 3449 3447 3447 3449 3449 3448 3448 3448 3448 3449 3449 3450 3450 3448 3448 3450 3450 3430 3430 3449 3449 3405 3405 3426 3426 3449 3449 3426 3426 3450 3450 3450 3450 3426 3426 3428 3428 3450 3450 3428 3428 3430 3430 3451 3451 3430 3430 3452 3452 3451 3451 3452 3452 3453 3453 3453 3453 3452 3452 3454 3454 3453 3453 3454 3454 3455 3455 3452 3452 3430 3430 3456 3456 3452 3452 3456 3456 3454 3454 3454 3454 3456 3456 3457 3457 3454 3454 3457 3457 3455 3455 3456 3456 3430 3430 3458 3458 3456 3456 3458 3458 3457 3457 3457 3457 3458 3458 3459 3459 3457 3457 3459 3459 3455 3455 3458 3458 3430 3430 3460 3460 3458 3458 3460 3460 3459 3459 3459 3459 3460 3460 3461 3461 3459 3459 3461 3461 3455 3455 3460 3460 3430 3430 3462 3462 3460 3460 3462 3462 3461 3461 3461 3461 3462 3462 3463 3463 3461 3461 3463 3463 3455 3455 3462 3462 3430 3430 3464 3464 3462 3462 3464 3464 3463 3463 3463 3463 3464 3464 3465 3465 3463 3463 3465 3465 3455 3455 3464 3464 3430 3430 3466 3466 3464 3464 3466 3466 3465 3465 3465 3465 3466 3466 3467 3467 3465 3465 3467 3467 3455 3455 3466 3466 3430 3430 3468 3468 3466 3466 3468 3468 3467 3467 3467 3467 3468 3468 3469 3469 3467 3467 3469 3469 3455 3455 3468 3468 3430 3430 3470 3470 3468 3468 3470 3470 3469 3469 3469 3469 3470 3470 3471 3471 3469 3469 3471 3471 3455 3455 3470 3470 3430 3430 3472 3472 3470 3470 3472 3472 3471 3471 3471 3471 3472 3472 3473 3473 3471 3471 3473 3473 3455 3455 3472 3472 3430 3430 3474 3474 3472 3472 3474 3474 3473 3473 3473 3473 3474 3474 3475 3475 3473 3473 3475 3475 3455 3455 3474 3474 3430 3430 3451 3451 3474 3474 3451 3451 3475 3475 3475 3475 3451 3451 3453 3453 3475 3475 3453 3453 3455 3455 3476 3476 3455 3455 3477 3477 3476 3476 3477 3477 3478 3478 3478 3478 3477 3477 3479 3479 3478 3478 3479 3479 3480 3480 3477 3477 3455 3455 3481 3481 3477 3477 3481 3481 3479 3479 3479 3479 3481 3481 3482 3482 3479 3479 3482 3482 3480 3480 3481 3481 3455 3455 3483 3483 3481 3481 3483 3483 3482 3482 3482 3482 3483 3483 3484 3484 3482 3482 3484 3484 3480 3480 3483 3483 3455 3455 3485 3485 3483 3483 3485 3485 3484 3484 3484 3484 3485 3485 3486 3486 3484 3484 3486 3486 3480 3480 3485 3485 3455 3455 3487 3487 3485 3485 3487 3487 3486 3486 3486 3486 3487 3487 3488 3488 3486 3486 3488 3488 3480 3480 3487 3487 3455 3455 3489 3489 3487 3487 3489 3489 3488 3488 3488 3488 3489 3489 3490 3490 3488 3488 3490 3490 3480 3480 3489 3489 3455 3455 3491 3491 3489 3489 3491 3491 3490 3490 3490 3490 3491 3491 3492 3492 3490 3490 3492 3492 3480 3480 3491 3491 3455 3455 3493 3493 3491 3491 3493 3493 3492 3492 3492 3492 3493 3493 3494 3494 3492 3492 3494 3494 3480 3480 3493 3493 3455 3455 3495 3495 3493 3493 3495 3495 3494 3494 3494 3494 3495 3495 3496 3496 3494 3494 3496 3496 3480 3480 3495 3495 3455 3455 3497 3497 3495 3495 3497 3497 3496 3496 3496 3496 3497 3497 3498 3498 3496 3496 3498 3498 3480 3480 3497 3497 3455 3455 3499 3499 3497 3497 3499 3499 3498 3498 3498 3498 3499 3499 3500 3500 3498 3498 3500 3500 3480 3480 3499 3499 3455 3455 3476 3476 3499 3499 3476 3476 3500 3500 3500 3500 3476 3476 3478 3478 3500 3500 3478 3478 3480 3480 3501 3501 3480 3480 3502 3502 3501 3501 3502 3502 3503 3503 3503 3503 3502 3502 3504 3504 3503 3503 3504 3504 3505 3505 3502 3502 3480 3480 3506 3506 3502 3502 3506 3506 3504 3504 3504 3504 3506 3506 3507 3507 3504 3504 3507 3507 3505 3505 3506 3506 3480 3480 3508 3508 3506 3506 3508 3508 3507 3507 3507 3507 3508 3508 3509 3509 3507 3507 3509 3509 3505 3505 3508 3508 3480 3480 3510 3510 3508 3508 3510 3510 3509 3509 3509 3509 3510 3510 3511 3511 3509 3509 3511 3511 3505 3505 3510 3510 3480 3480 3512 3512 3510 3510 3512 3512 3511 3511 3511 3511 3512 3512 3513 3513 3511 3511 3513 3513 3505 3505 3512 3512 3480 3480 3514 3514 3512 3512 3514 3514 3513 3513 3513 3513 3514 3514 3515 3515 3513 3513 3515 3515 3505 3505 3514 3514 3480 3480 3516 3516 3514 3514 3516 3516 3515 3515 3515 3515 3516 3516 3517 3517 3515 3515 3517 3517 3505 3505 3516 3516 3480 3480 3518 3518 3516 3516 3518 3518 3517 3517 3517 3517 3518 3518 3519 3519 3517 3517 3519 3519 3505 3505 3518 3518 3480 3480 3520 3520 3518 3518 3520 3520 3519 3519 3519 3519 3520 3520 3521 3521 3519 3519 3521 3521 3505 3505 3520 3520 3480 3480 3522 3522 3520 3520 3522 3522 3521 3521 3521 3521 3522 3522 3523 3523 3521 3521 3523 3523 3505 3505 3522 3522 3480 3480 3524 3524 3522 3522 3524 3524 3523 3523 3523 3523 3524 3524 3525 3525 3523 3523 3525 3525 3505 3505 3524 3524 3480 3480 3501 3501 3524 3524 3501 3501 3525 3525 3525 3525 3501 3501 3503 3503 3525 3525 3503 3503 3505 3505 3526 3526 3505 3505 3527 3527 3526 3526 3527 3527 3528 3528 3528 3528 3527 3527 3529 3529 3528 3528 3529 3529 3530 3530 3527 3527 3505 3505 3531 3531 3527 3527 3531 3531 3529 3529 3529 3529 3531 3531 3532 3532 3529 3529 3532 3532 3530 3530 3531 3531 3505 3505 3533 3533 3531 3531 3533 3533 3532 3532 3532 3532 3533 3533 3534 3534 3532 3532 3534 3534 3530 3530 3533 3533 3505 3505 3535 3535 3533 3533 3535 3535 3534 3534 3534 3534 3535 3535 3536 3536 3534 3534 3536 3536 3530 3530 3535 3535 3505 3505 3537 3537 3535 3535 3537 3537 3536 3536 3536 3536 3537 3537 3538 3538 3536 3536 3538 3538 3530 3530 3537 3537 3505 3505 3539 3539 3537 3537 3539 3539 3538 3538 3538 3538 3539 3539 3540 3540 3538 3538 3540 3540 3530 3530 3539 3539 3505 3505 3541 3541 3539 3539 3541 3541 3540 3540 3540 3540 3541 3541 3542 3542 3540 3540 3542 3542 3530 3530 3541 3541 3505 3505 3543 3543 3541 3541 3543 3543 3542 3542 3542 3542 3543 3543 3544 3544 3542 3542 3544 3544 3530 3530 3543 3543 3505 3505 3545 3545 3543 3543 3545 3545 3544 3544 3544 3544 3545 3545 3546 3546 3544 3544 3546 3546 3530 3530 3545 3545 3505 3505 3547 3547 3545 3545 3547 3547 3546 3546 3546 3546 3547 3547 3548 3548 3546 3546 3548 3548 3530 3530 3547 3547 3505 3505 3549 3549 3547 3547 3549 3549 3548 3548 3548 3548 3549 3549 3550 3550 3548 3548 3550 3550 3530 3530 3549 3549 3505 3505 3526 3526 3549 3549 3526 3526 3550 3550 3550 3550 3526 3526 3528 3528 3550 3550 3528 3528 3530 3530 3551 3551 3530 3530 3552 3552 3551 3551 3552 3552 3553 3553 3553 3553 3552 3552 3554 3554 3553 3553 3554 3554 3555 3555 3552 3552 3530 3530 3556 3556 3552 3552 3556 3556 3554 3554 3554 3554 3556 3556 3557 3557 3554 3554 3557 3557 3555 3555 3556 3556 3530 3530 3558 3558 3556 3556 3558 3558 3557 3557 3557 3557 3558 3558 3559 3559 3557 3557 3559 3559 3555 3555 3558 3558 3530 3530 3560 3560 3558 3558 3560 3560 3559 3559 3559 3559 3560 3560 3561 3561 3559 3559 3561 3561 3555 3555 3560 3560 3530 3530 3562 3562 3560 3560 3562 3562 3561 3561 3561 3561 3562 3562 3563 3563 3561 3561 3563 3563 3555 3555 3562 3562 3530 3530 3564 3564 3562 3562 3564 3564 3563 3563 3563 3563 3564 3564 3565 3565 3563 3563 3565 3565 3555 3555 3564 3564 3530 3530 3566 3566 3564 3564 3566 3566 3565 3565 3565 3565 3566 3566 3567 3567 3565 3565 3567 3567 3555 3555 3566 3566 3530 3530 3568 3568 3566 3566 3568 3568 3567 3567 3567 3567 3568 3568 3569 3569 3567 3567 3569 3569 3555 3555 3568 3568 3530 3530 3570 3570 3568 3568 3570 3570 3569 3569 3569 3569 3570 3570 3571 3571 3569 3569 3571 3571 3555 3555 3570 3570 3530 3530 3572 3572 3570 3570 3572 3572 3571 3571 3571 3571 3572 3572 3573 3573 3571 3571 3573 3573 3555 3555 3572 3572 3530 3530 3574 3574 3572 3572 3574 3574 3573 3573 3573 3573 3574 3574 3575 3575 3573 3573 3575 3575 3555 3555 3574 3574 3530 3530 3551 3551 3574 3574 3551 3551 3575 3575 3575 3575 3551 3551 3553 3553 3575 3575 3553 3553 3555 3555 3576 3576 3555 3555 3577 3577 3576 3576 3577 3577 3578 3578 3578 3578 3577 3577 3579 3579 3578 3578 3579 3579 3580 3580 3577 3577 3555 3555 3581 3581 3577 3577 3581 3581 3579 3579 3579 3579 3581 3581 3582 3582 3579 3579 3582 3582 3580 3580 3581 3581 3555 3555 3583 3583 3581 3581 3583 3583 3582 3582 3582 3582 3583 3583 3584 3584 3582 3582 3584 3584 3580 3580 3583 3583 3555 3555 3585 3585 3583 3583 3585 3585 3584 3584 3584 3584 3585 3585 3586 3586 3584 3584 3586 3586 3580 3580 3585 3585 3555 3555 3587 3587 3585 3585 3587 3587 3586 3586 3586 3586 3587 3587 3588 3588 3586 3586 3588 3588 3580 3580 3587 3587 3555 3555 3589 3589 3587 3587 3589 3589 3588 3588 3588 3588 3589 3589 3590 3590 3588 3588 3590 3590 3580 3580 3589 3589 3555 3555 3591 3591 3589 3589 3591 3591 3590 3590 3590 3590 3591 3591 3592 3592 3590 3590 3592 3592 3580 3580 3591 3591 3555 3555 3593 3593 3591 3591 3593 3593 3592 3592 3592 3592 3593 3593 3594 3594 3592 3592 3594 3594 3580 3580 3593 3593 3555 3555 3595 3595 3593 3593 3595 3595 3594 3594 3594 3594 3595 3595 3596 3596 3594 3594 3596 3596 3580 3580 3595 3595 3555 3555 3597 3597 3595 3595 3597 3597 3596 3596 3596 3596 3597 3597 3598 3598 3596 3596 3598 3598 3580 3580 3597 3597 3555 3555 3599 3599 3597 3597 3599 3599 3598 3598 3598 3598 3599 3599 3600 3600 3598 3598 3600 3600 3580 3580 3599 3599 3555 3555 3576 3576 3599 3599 3576 3576 3600 3600 3600 3600 3576 3576 3578 3578 3600 3600 3578 3578 3580 3580 3601 3601 3580 3580 3602 3602 3601 3601 3602 3602 3603 3603 3603 3603 3602 3602 3604 3604 3603 3603 3604 3604 3605 3605 3602 3602 3580 3580 3606 3606 3602 3602 3606 3606 3604 3604 3604 3604 3606 3606 3607 3607 3604 3604 3607 3607 3605 3605 3606 3606 3580 3580 3608 3608 3606 3606 3608 3608 3607 3607 3607 3607 3608 3608 3609 3609 3607 3607 3609 3609 3605 3605 3608 3608 3580 3580 3610 3610 3608 3608 3610 3610 3609 3609 3609 3609 3610 3610 3611 3611 3609 3609 3611 3611 3605 3605 3610 3610 3580 3580 3612 3612 3610 3610 3612 3612 3611 3611 3611 3611 3612 3612 3613 3613 3611 3611 3613 3613 3605 3605 3612 3612 3580 3580 3614 3614 3612 3612 3614 3614 3613 3613 3613 3613 3614 3614 3615 3615 3613 3613 3615 3615 3605 3605 3614 3614 3580 3580 3616 3616 3614 3614 3616 3616 3615 3615 3615 3615 3616 3616 3617 3617 3615 3615 3617 3617 3605 3605 3616 3616 3580 3580 3618 3618 3616 3616 3618 3618 3617 3617 3617 3617 3618 3618 3619 3619 3617 3617 3619 3619 3605 3605 3618 3618 3580 3580 3620 3620 3618 3618 3620 3620 3619 3619 3619 3619 3620 3620 3621 3621 3619 3619 3621 3621 3605 3605 3620 3620 3580 3580 3622 3622 3620 3620 3622 3622 3621 3621 3621 3621 3622 3622 3623 3623 3621 3621 3623 3623 3605 3605 3622 3622 3580 3580 3624 3624 3622 3622 3624 3624 3623 3623 3623 3623 3624 3624 3625 3625 3623 3623 3625 3625 3605 3605 3624 3624 3580 3580 3601 3601 3624 3624 3601 3601 3625 3625 3625 3625 3601 3601 3603 3603 3625 3625 3603 3603 3605 3605 3626 3626 3605 3605 3627 3627 3626 3626 3627 3627 3628 3628 3628 3628 3627 3627 3629 3629 3628 3628 3629 3629 3630 3630 3627 3627 3605 3605 3631 3631 3627 3627 3631 3631 3629 3629 3629 3629 3631 3631 3632 3632 3629 3629 3632 3632 3630 3630 3631 3631 3605 3605 3633 3633 3631 3631 3633 3633 3632 3632 3632 3632 3633 3633 3634 3634 3632 3632 3634 3634 3630 3630 3633 3633 3605 3605 3635 3635 3633 3633 3635 3635 3634 3634 3634 3634 3635 3635 3636 3636 3634 3634 3636 3636 3630 3630 3635 3635 3605 3605 3637 3637 3635 3635 3637 3637 3636 3636 3636 3636 3637 3637 3638 3638 3636 3636 3638 3638 3630 3630 3637 3637 3605 3605 3639 3639 3637 3637 3639 3639 3638 3638 3638 3638 3639 3639 3640 3640 3638 3638 3640 3640 3630 3630 3639 3639 3605 3605 3641 3641 3639 3639 3641 3641 3640 3640 3640 3640 3641 3641 3642 3642 3640 3640 3642 3642 3630 3630 3641 3641 3605 3605 3643 3643 3641 3641 3643 3643 3642 3642 3642 3642 3643 3643 3644 3644 3642 3642 3644 3644 3630 3630 3643 3643 3605 3605 3645 3645 3643 3643 3645 3645 3644 3644 3644 3644 3645 3645 3646 3646 3644 3644 3646 3646 3630 3630 3645 3645 3605 3605 3647 3647 3645 3645 3647 3647 3646 3646 3646 3646 3647 3647 3648 3648 3646 3646 3648 3648 3630 3630 3647 3647 3605 3605 3649 3649 3647 3647 3649 3649 3648 3648 3648 3648 3649 3649 3650 3650 3648 3648 3650 3650 3630 3630 3649 3649 3605 3605 3626 3626 3649 3649 3626 3626 3650 3650 3650 3650 3626 3626 3628 3628 3650 3650 3628 3628 3630 3630 3651 3651 3630 3630 3652 3652 3651 3651 3652 3652 3653 3653 3653 3653 3652 3652 3654 3654 3653 3653 3654 3654 3655 3655 3652 3652 3630 3630 3656 3656 3652 3652 3656 3656 3654 3654 3654 3654 3656 3656 3657 3657 3654 3654 3657 3657 3655 3655 3656 3656 3630 3630 3658 3658 3656 3656 3658 3658 3657 3657 3657 3657 3658 3658 3659 3659 3657 3657 3659 3659 3655 3655 3658 3658 3630 3630 3660 3660 3658 3658 3660 3660 3659 3659 3659 3659 3660 3660 3661 3661 3659 3659 3661 3661 3655 3655 3660 3660 3630 3630 3662 3662 3660 3660 3662 3662 3661 3661 3661 3661 3662 3662 3663 3663 3661 3661 3663 3663 3655 3655 3662 3662 3630 3630 3664 3664 3662 3662 3664 3664 3663 3663 3663 3663 3664 3664 3665 3665 3663 3663 3665 3665 3655 3655 3664 3664 3630 3630 3666 3666 3664 3664 3666 3666 3665 3665 3665 3665 3666 3666 3667 3667 3665 3665 3667 3667 3655 3655 3666 3666 3630 3630 3668 3668 3666 3666 3668 3668 3667 3667 3667 3667 3668 3668 3669 3669 3667 3667 3669 3669 3655 3655 3668 3668 3630 3630 3670 3670 3668 3668 3670 3670 3669 3669 3669 3669 3670 3670 3671 3671 3669 3669 3671 3671 3655 3655 3670 3670 3630 3630 3672 3672 3670 3670 3672 3672 3671 3671 3671 3671 3672 3672 3673 3673 3671 3671 3673 3673 3655 3655 3672 3672 3630 3630 3674 3674 3672 3672 3674 3674 3673 3673 3673 3673 3674 3674 3675 3675 3673 3673 3675 3675 3655 3655 3674 3674 3630 3630 3651 3651 3674 3674 3651 3651 3675 3675 3675 3675 3651 3651 3653 3653 3675 3675 3653 3653 3655 3655 3676 3676 3655 3655 3677 3677 3676 3676 3677 3677 3678 3678 3678 3678 3677 3677 3679 3679 3678 3678 3679 3679 3680 3680 3677 3677 3655 3655 3681 3681 3677 3677 3681 3681 3679 3679 3679 3679 3681 3681 3682 3682 3679 3679 3682 3682 3680 3680 3681 3681 3655 3655 3683 3683 3681 3681 3683 3683 3682 3682 3682 3682 3683 3683 3684 3684 3682 3682 3684 3684 3680 3680 3683 3683 3655 3655 3685 3685 3683 3683 3685 3685 3684 3684 3684 3684 3685 3685 3686 3686 3684 3684 3686 3686 3680 3680 3685 3685 3655 3655 3687 3687 3685 3685 3687 3687 3686 3686 3686 3686 3687 3687 3688 3688 3686 3686 3688 3688 3680 3680 3687 3687 3655 3655 3689 3689 3687 3687 3689 3689 3688 3688 3688 3688 3689 3689 3690 3690 3688 3688 3690 3690 3680 3680 3689 3689 3655 3655 3691 3691 3689 3689 3691 3691 3690 3690 3690 3690 3691 3691 3692 3692 3690 3690 3692 3692 3680 3680 3691 3691 3655 3655 3693 3693 3691 3691 3693 3693 3692 3692 3692 3692 3693 3693 3694 3694 3692 3692 3694 3694 3680 3680 3693 3693 3655 3655 3695 3695 3693 3693 3695 3695 3694 3694 3694 3694 3695 3695 3696 3696 3694 3694 3696 3696 3680 3680 3695 3695 3655 3655 3697 3697 3695 3695 3697 3697 3696 3696 3696 3696 3697 3697 3698 3698 3696 3696 3698 3698 3680 3680 3697 3697 3655 3655 3699 3699 3697 3697 3699 3699 3698 3698 3698 3698 3699 3699 3700 3700 3698 3698 3700 3700 3680 3680 3699 3699 3655 3655 3676 3676 3699 3699 3676 3676 3700 3700 3700 3700 3676 3676 3678 3678 3700 3700 3678 3678 3680 3680 3701 3701 3680 3680 3702 3702 3701 3701 3702 3702 3703 3703 3703 3703 3702 3702 3704 3704 3703 3703 3704 3704 3705 3705 3702 3702 3680 3680 3706 3706 3702 3702 3706 3706 3704 3704 3704 3704 3706 3706 3707 3707 3704 3704 3707 3707 3705 3705 3706 3706 3680 3680 3708 3708 3706 3706 3708 3708 3707 3707 3707 3707 3708 3708 3709 3709 3707 3707 3709 3709 3705 3705 3708 3708 3680 3680 3710 3710 3708 3708 3710 3710 3709 3709 3709 3709 3710 3710 3711 3711 3709 3709 3711 3711 3705 3705 3710 3710 3680 3680 3712 3712 3710 3710 3712 3712 3711 3711 3711 3711 3712 3712 3713 3713 3711 3711 3713 3713 3705 3705 3712 3712 3680 3680 3714 3714 3712 3712 3714 3714 3713 3713 3713 3713 3714 3714 3715 3715 3713 3713 3715 3715 3705 3705 3714 3714 3680 3680 3716 3716 3714 3714 3716 3716 3715 3715 3715 3715 3716 3716 3717 3717 3715 3715 3717 3717 3705 3705 3716 3716 3680 3680 3718 3718 3716 3716 3718 3718 3717 3717 3717 3717 3718 3718 3719 3719 3717 3717 3719 3719 3705 3705 3718 3718 3680 3680 3720 3720 3718 3718 3720 3720 3719 3719 3719 3719 3720 3720 3721 3721 3719 3719 3721 3721 3705 3705 3720 3720 3680 3680 3722 3722 3720 3720 3722 3722 3721 3721 3721 3721 3722 3722 3723 3723 3721 3721 3723 3723 3705 3705 3722 3722 3680 3680 3724 3724 3722 3722 3724 3724 3723 3723 3723 3723 3724 3724 3725 3725 3723 3723 3725 3725 3705 3705 3724 3724 3680 3680 3701 3701 3724 3724 3701 3701 3725 3725 3725 3725 3701 3701 3703 3703 3725 3725 3703 3703 3705 3705 3726 3726 3705 3705 3727 3727 3726 3726 3727 3727 3728 3728 3728 3728 3727 3727 3729 3729 3728 3728 3729 3729 3730 3730 3727 3727 3705 3705 3731 3731 3727 3727 3731 3731 3729 3729 3729 3729 3731 3731 3732 3732 3729 3729 3732 3732 3730 3730 3731 3731 3705 3705 3733 3733 3731 3731 3733 3733 3732 3732 3732 3732 3733 3733 3734 3734 3732 3732 3734 3734 3730 3730 3733 3733 3705 3705 3735 3735 3733 3733 3735 3735 3734 3734 3734 3734 3735 3735 3736 3736 3734 3734 3736 3736 3730 3730 3735 3735 3705 3705 3737 3737 3735 3735 3737 3737 3736 3736 3736 3736 3737 3737 3738 3738 3736 3736 3738 3738 3730 3730 3737 3737 3705 3705 3739 3739 3737 3737 3739 3739 3738 3738 3738 3738 3739 3739 3740 3740 3738 3738 3740 3740 3730 3730 3739 3739 3705 3705 3741 3741 3739 3739 3741 3741 3740 3740 3740 3740 3741 3741 3742 3742 3740 3740 3742 3742 3730 3730 3741 3741 3705 3705 3743 3743 3741 3741 3743 3743 3742 3742 3742 3742 3743 3743 3744 3744 3742 3742 3744 3744 3730 3730 3743 3743 3705 3705 3745 3745 3743 3743 3745 3745 3744 3744 3744 3744 3745 3745 3746 3746 3744 3744 3746 3746 3730 3730 3745 3745 3705 3705 3747 3747 3745 3745 3747 3747 3746 3746 3746 3746 3747 3747 3748 3748 3746 3746 3748 3748 3730 3730 3747 3747 3705 3705 3749 3749 3747 3747 3749 3749 3748 3748 3748 3748 3749 3749 3750 3750 3748 3748 3750 3750 3730 3730 3749 3749 3705 3705 3726 3726 3749 3749 3726 3726 3750 3750 3750 3750 3726 3726 3728 3728 3750 3750 3728 3728 3730 3730 3751 3751 3730 3730 3752 3752 3751 3751 3752 3752 3753 3753 3753 3753 3752 3752 3754 3754 3753 3753 3754 3754 3755 3755 3752 3752 3730 3730 3756 3756 3752 3752 3756 3756 3754 3754 3754 3754 3756 3756 3757 3757 3754 3754 3757 3757 3755 3755 3756 3756 3730 3730 3758 3758 3756 3756 3758 3758 3757 3757 3757 3757 3758 3758 3759 3759 3757 3757 3759 3759 3755 3755 3758 3758 3730 3730 3760 3760 3758 3758 3760 3760 3759 3759 3759 3759 3760 3760 3761 3761 3759 3759 3761 3761 3755 3755 3760 3760 3730 3730 3762 3762 3760 3760 3762 3762 3761 3761 3761 3761 3762 3762 3763 3763 3761 3761 3763 3763 3755 3755 3762 3762 3730 3730 3764 3764 3762 3762 3764 3764 3763 3763 3763 3763 3764 3764 3765 3765 3763 3763 3765 3765 3755 3755 3764 3764 3730 3730 3766 3766 3764 3764 3766 3766 3765 3765 3765 3765 3766 3766 3767 3767 3765 3765 3767 3767 3755 3755 3766 3766 3730 3730 3768 3768 3766 3766 3768 3768 3767 3767 3767 3767 3768 3768 3769 3769 3767 3767 3769 3769 3755 3755 3768 3768 3730 3730 3770 3770 3768 3768 3770 3770 3769 3769 3769 3769 3770 3770 3771 3771 3769 3769 3771 3771 3755 3755 3770 3770 3730 3730 3772 3772 3770 3770 3772 3772 3771 3771 3771 3771 3772 3772 3773 3773 3771 3771 3773 3773 3755 3755 3772 3772 3730 3730 3774 3774 3772 3772 3774 3774 3773 3773 3773 3773 3774 3774 3775 3775 3773 3773 3775 3775 3755 3755 3774 3774 3730 3730 3751 3751 3774 3774 3751 3751 3775 3775 3775 3775 3751 3751 3753 3753 3775 3775 3753 3753 3755 3755 3776 3776 3755 3755 3777 3777 3776 3776 3777 3777 3778 3778 3778 3778 3777 3777 3779 3779 3778 3778 3779 3779 3780 3780 3777 3777 3755 3755 3781 3781 3777 3777 3781 3781 3779 3779 3779 3779 3781 3781 3782 3782 3779 3779 3782 3782 3780 3780 3781 3781 3755 3755 3783 3783 3781 3781 3783 3783 3782 3782 3782 3782 3783 3783 3784 3784 3782 3782 3784 3784 3780 3780 3783 3783 3755 3755 3785 3785 3783 3783 3785 3785 3784 3784 3784 3784 3785 3785 3786 3786 3784 3784 3786 3786 3780 3780 3785 3785 3755 3755 3787 3787 3785 3785 3787 3787 3786 3786 3786 3786 3787 3787 3788 3788 3786 3786 3788 3788 3780 3780 3787 3787 3755 3755 3789 3789 3787 3787 3789 3789 3788 3788 3788 3788 3789 3789 3790 3790 3788 3788 3790 3790 3780 3780 3789 3789 3755 3755 3791 3791 3789 3789 3791 3791 3790 3790 3790 3790 3791 3791 3792 3792 3790 3790 3792 3792 3780 3780 3791 3791 3755 3755 3793 3793 3791 3791 3793 3793 3792 3792 3792 3792 3793 3793 3794 3794 3792 3792 3794 3794 3780 3780 3793 3793 3755 3755 3795 3795 3793 3793 3795 3795 3794 3794 3794 3794 3795 3795 3796 3796 3794 3794 3796 3796 3780 3780 3795 3795 3755 3755 3797 3797 3795 3795 3797 3797 3796 3796 3796 3796 3797 3797 3798 3798 3796 3796 3798 3798 3780 3780 3797 3797 3755 3755 3799 3799 3797 3797 3799 3799 3798 3798 3798 3798 3799 3799 3800 3800 3798 3798 3800 3800 3780 3780 3799 3799 3755 3755 3776 3776 3799 3799 3776 3776 3800 3800 3800 3800 3776 3776 3778 3778 3800 3800 3778 3778 3780 3780 3801 3801 3780 3780 3802 3802 3801 3801 3802 3802 3803 3803 3803 3803 3802 3802 3804 3804 3803 3803 3804 3804 3805 3805 3802 3802 3780 3780 3806 3806 3802 3802 3806 3806 3804 3804 3804 3804 3806 3806 3807 3807 3804 3804 3807 3807 3805 3805 3806 3806 3780 3780 3808 3808 3806 3806 3808 3808 3807 3807 3807 3807 3808 3808 3809 3809 3807 3807 3809 3809 3805 3805 3808 3808 3780 3780 3810 3810 3808 3808 3810 3810 3809 3809 3809 3809 3810 3810 3811 3811 3809 3809 3811 3811 3805 3805 3810 3810 3780 3780 3812 3812 3810 3810 3812 3812 3811 3811 3811 3811 3812 3812 3813 3813 3811 3811 3813 3813 3805 3805 3812 3812 3780 3780 3814 3814 3812 3812 3814 3814 3813 3813 3813 3813 3814 3814 3815 3815 3813 3813 3815 3815 3805 3805 3814 3814 3780 3780 3816 3816 3814 3814 3816 3816 3815 3815 3815 3815 3816 3816 3817 3817 3815 3815 3817 3817 3805 3805 3816 3816 3780 3780 3818 3818 3816 3816 3818 3818 3817 3817 3817 3817 3818 3818 3819 3819 3817 3817 3819 3819 3805 3805 3818 3818 3780 3780 3820 3820 3818 3818 3820 3820 3819 3819 3819 3819 3820 3820 3821 3821 3819 3819 3821 3821 3805 3805 3820 3820 3780 3780 3822 3822 3820 3820 3822 3822 3821 3821 3821 3821 3822 3822 3823 3823 3821 3821 3823 3823 3805 3805 3822 3822 3780 3780 3824 3824 3822 3822 3824 3824 3823 3823 3823 3823 3824 3824 3825 3825 3823 3823 3825 3825 3805 3805 3824 3824 3780 3780 3801 3801 3824 3824 3801 3801 3825 3825 3825 3825 3801 3801 3803 3803 3825 3825 3803 3803 3805 3805 3826 3826 3805 3805 3827 3827 3826 3826 3827 3827 3828 3828 3828 3828 3827 3827 3829 3829 3828 3828 3829 3829 3830 3830 3827 3827 3805 3805 3831 3831 3827 3827 3831 3831 3829 3829 3829 3829 3831 3831 3832 3832 3829 3829 3832 3832 3830 3830 3831 3831 3805 3805 3833 3833 3831 3831 3833 3833 3832 3832 3832 3832 3833 3833 3834 3834 3832 3832 3834 3834 3830 3830 3833 3833 3805 3805 3835 3835 3833 3833 3835 3835 3834 3834 3834 3834 3835 3835 3836 3836 3834 3834 3836 3836 3830 3830 3835 3835 3805 3805 3837 3837 3835 3835 3837 3837 3836 3836 3836 3836 3837 3837 3838 3838 3836 3836 3838 3838 3830 3830 3837 3837 3805 3805 3839 3839 3837 3837 3839 3839 3838 3838 3838 3838 3839 3839 3840 3840 3838 3838 3840 3840 3830 3830 3839 3839 3805 3805 3841 3841 3839 3839 3841 3841 3840 3840 3840 3840 3841 3841 3842 3842 3840 3840 3842 3842 3830 3830 3841 3841 3805 3805 3843 3843 3841 3841 3843 3843 3842 3842 3842 3842 3843 3843 3844 3844 3842 3842 3844 3844 3830 3830 3843 3843 3805 3805 3845 3845 3843 3843 3845 3845 3844 3844 3844 3844 3845 3845 3846 3846 3844 3844 3846 3846 3830 3830 3845 3845 3805 3805 3847 3847 3845 3845 3847 3847 3846 3846 3846 3846 3847 3847 3848 3848 3846 3846 3848 3848 3830 3830 3847 3847 3805 3805 3849 3849 3847 3847 3849 3849 3848 3848 3848 3848 3849 3849 3850 3850 3848 3848 3850 3850 3830 3830 3849 3849 3805 3805 3826 3826 3849 3849 3826 3826 3850 3850 3850 3850 3826 3826 3828 3828 3850 3850 3828 3828 3830 3830 3851 3851 3830 3830 3852 3852 3851 3851 3852 3852 3853 3853 3853 3853 3852 3852 3854 3854 3853 3853 3854 3854 3855 3855 3852 3852 3830 3830 3856 3856 3852 3852 3856 3856 3854 3854 3854 3854 3856 3856 3857 3857 3854 3854 3857 3857 3855 3855 3856 3856 3830 3830 3858 3858 3856 3856 3858 3858 3857 3857 3857 3857 3858 3858 3859 3859 3857 3857 3859 3859 3855 3855 3858 3858 3830 3830 3860 3860 3858 3858 3860 3860 3859 3859 3859 3859 3860 3860 3861 3861 3859 3859 3861 3861 3855 3855 3860 3860 3830 3830 3862 3862 3860 3860 3862 3862 3861 3861 3861 3861 3862 3862 3863 3863 3861 3861 3863 3863 3855 3855 3862 3862 3830 3830 3864 3864 3862 3862 3864 3864 3863 3863 3863 3863 3864 3864 3865 3865 3863 3863 3865 3865 3855 3855 3864 3864 3830 3830 3866 3866 3864 3864 3866 3866 3865 3865 3865 3865 3866 3866 3867 3867 3865 3865 3867 3867 3855 3855 3866 3866 3830 3830 3868 3868 3866 3866 3868 3868 3867 3867 3867 3867 3868 3868 3869 3869 3867 3867 3869 3869 3855 3855 3868 3868 3830 3830 3870 3870 3868 3868 3870 3870 3869 3869 3869 3869 3870 3870 3871 3871 3869 3869 3871 3871 3855 3855 3870 3870 3830 3830 3872 3872 3870 3870 3872 3872 3871 3871 3871 3871 3872 3872 3873 3873 3871 3871 3873 3873 3855 3855 3872 3872 3830 3830 3874 3874 3872 3872 3874 3874 3873 3873 3873 3873 3874 3874 3875 3875 3873 3873 3875 3875 3855 3855 3874 3874 3830 3830 3851 3851 3874 3874 3851 3851 3875 3875 3875 3875 3851 3851 3853 3853 3875 3875 3853 3853 3855 3855 3876 3876 3855 3855 3877 3877 3876 3876 3877 3877 3878 3878 3878 3878 3877 3877 3879 3879 3878 3878 3879 3879 3880 3880 3877 3877 3855 3855 3881 3881 3877 3877 3881 3881 3879 3879 3879 3879 3881 3881 3882 3882 3879 3879 3882 3882 3880 3880 3881 3881 3855 3855 3883 3883 3881 3881 3883 3883 3882 3882 3882 3882 3883 3883 3884 3884 3882 3882 3884 3884 3880 3880 3883 3883 3855 3855 3885 3885 3883 3883 3885 3885 3884 3884 3884 3884 3885 3885 3886 3886 3884 3884 3886 3886 3880 3880 3885 3885 3855 3855 3887 3887 3885 3885 3887 3887 3886 3886 3886 3886 3887 3887 3888 3888 3886 3886 3888 3888 3880 3880 3887 3887 3855 3855 3889 3889 3887 3887 3889 3889 3888 3888 3888 3888 3889 3889 3890 3890 3888 3888 3890 3890 3880 3880 3889 3889 3855 3855 3891 3891 3889 3889 3891 3891 3890 3890 3890 3890 3891 3891 3892 3892 3890 3890 3892 3892 3880 3880 3891 3891 3855 3855 3893 3893 3891 3891 3893 3893 3892 3892 3892 3892 3893 3893 3894 3894 3892 3892 3894 3894 3880 3880 3893 3893 3855 3855 3895 3895 3893 3893 3895 3895 3894 3894 3894 3894 3895 3895 3896 3896 3894 3894 3896 3896 3880 3880 3895 3895 3855 3855 3897 3897 3895 3895 3897 3897 3896 3896 3896 3896 3897 3897 3898 3898 3896 3896 3898 3898 3880 3880 3897 3897 3855 3855 3899 3899 3897 3897 3899 3899 3898 3898 3898 3898 3899 3899 3900 3900 3898 3898 3900 3900 3880 3880 3899 3899 3855 3855 3876 3876 3899 3899 3876 3876 3900 3900 3900 3900 3876 3876 3878 3878 3900 3900 3878 3878 3880 3880 3901 3901 3880 3880 3902 3902 3901 3901 3902 3902 3903 3903 3903 3903 3902 3902 3904 3904 3903 3903 3904 3904 3905 3905 3902 3902 3880 3880 3906 3906 3902 3902 3906 3906 3904 3904 3904 3904 3906 3906 3907 3907 3904 3904 3907 3907 3905 3905 3906 3906 3880 3880 3908 3908 3906 3906 3908 3908 3907 3907 3907 3907 3908 3908 3909 3909 3907 3907 3909 3909 3905 3905 3908 3908 3880 3880 3910 3910 3908 3908 3910 3910 3909 3909 3909 3909 3910 3910 3911 3911 3909 3909 3911 3911 3905 3905 3910 3910 3880 3880 3912 3912 3910 3910 3912 3912 3911 3911 3911 3911 3912 3912 3913 3913 3911 3911 3913 3913 3905 3905 3912 3912 3880 3880 3914 3914 3912 3912 3914 3914 3913 3913 3913 3913 3914 3914 3915 3915 3913 3913 3915 3915 3905 3905 3914 3914 3880 3880 3916 3916 3914 3914 3916 3916 3915 3915 3915 3915 3916 3916 3917 3917 3915 3915 3917 3917 3905 3905 3916 3916 3880 3880 3918 3918 3916 3916 3918 3918 3917 3917 3917 3917 3918 3918 3919 3919 3917 3917 3919 3919 3905 3905 3918 3918 3880 3880 3920 3920 3918 3918 3920 3920 3919 3919 3919 3919 3920 3920 3921 3921 3919 3919 3921 3921 3905 3905 3920 3920 3880 3880 3922 3922 3920 3920 3922 3922 3921 3921 3921 3921 3922 3922 3923 3923 3921 3921 3923 3923 3905 3905 3922 3922 3880 3880 3924 3924 3922 3922 3924 3924 3923 3923 3923 3923 3924 3924 3925 3925 3923 3923 3925 3925 3905 3905 3924 3924 3880 3880 3901 3901 3924 3924 3901 3901 3925 3925 3925 3925 3901 3901 3903 3903 3925 3925 3903 3903 3905 3905 3926 3926 3905 3905 3927 3927 3926 3926 3927 3927 3928 3928 3928 3928 3927 3927 3929 3929 3928 3928 3929 3929 3930 3930 3927 3927 3905 3905 3931 3931 3927 3927 3931 3931 3929 3929 3929 3929 3931 3931 3932 3932 3929 3929 3932 3932 3930 3930 3931 3931 3905 3905 3933 3933 3931 3931 3933 3933 3932 3932 3932 3932 3933 3933 3934 3934 3932 3932 3934 3934 3930 3930 3933 3933 3905 3905 3935 3935 3933 3933 3935 3935 3934 3934 3934 3934 3935 3935 3936 3936 3934 3934 3936 3936 3930 3930 3935 3935 3905 3905 3937 3937 3935 3935 3937 3937 3936 3936 3936 3936 3937 3937 3938 3938 3936 3936 3938 3938 3930 3930 3937 3937 3905 3905 3939 3939 3937 3937 3939 3939 3938 3938 3938 3938 3939 3939 3940 3940 3938 3938 3940 3940 3930 3930 3939 3939 3905 3905 3941 3941 3939 3939 3941 3941 3940 3940 3940 3940 3941 3941 3942 3942 3940 3940 3942 3942 3930 3930 3941 3941 3905 3905 3943 3943 3941 3941 3943 3943 3942 3942 3942 3942 3943 3943 3944 3944 3942 3942 3944 3944 3930 3930 3943 3943 3905 3905 3945 3945 3943 3943 3945 3945 3944 3944 3944 3944 3945 3945 3946 3946 3944 3944 3946 3946 3930 3930 3945 3945 3905 3905 3947 3947 3945 3945 3947 3947 3946 3946 3946 3946 3947 3947 3948 3948 3946 3946 3948 3948 3930 3930 3947 3947 3905 3905 3949 3949 3947 3947 3949 3949 3948 3948 3948 3948 3949 3949 3950 3950 3948 3948 3950 3950 3930 3930 3949 3949 3905 3905 3926 3926 3949 3949 3926 3926 3950 3950 3950 3950 3926 3926 3928 3928 3950 3950 3928 3928 3930 3930 3951 3951 3930 3930 3952 3952 3951 3951 3952 3952 3953 3953 3953 3953 3952 3952 3954 3954 3953 3953 3954 3954 3955 3955 3952 3952 3930 3930 3956 3956 3952 3952 3956 3956 3954 3954 3954 3954 3956 3956 3957 3957 3954 3954 3957 3957 3955 3955 3956 3956 3930 3930 3958 3958 3956 3956 3958 3958 3957 3957 3957 3957 3958 3958 3959 3959 3957 3957 3959 3959 3955 3955 3958 3958 3930 3930 3960 3960 3958 3958 3960 3960 3959 3959 3959 3959 3960 3960 3961 3961 3959 3959 3961 3961 3955 3955 3960 3960 3930 3930 3962 3962 3960 3960 3962 3962 3961 3961 3961 3961 3962 3962 3963 3963 3961 3961 3963 3963 3955 3955 3962 3962 3930 3930 3964 3964 3962 3962 3964 3964 3963 3963 3963 3963 3964 3964 3965 3965 3963 3963 3965 3965 3955 3955 3964 3964 3930 3930 3966 3966 3964 3964 3966 3966 3965 3965 3965 3965 3966 3966 3967 3967 3965 3965 3967 3967 3955 3955 3966 3966 3930 3930 3968 3968 3966 3966 3968 3968 3967 3967 3967 3967 3968 3968 3969 3969 3967 3967 3969 3969 3955 3955 3968 3968 3930 3930 3970 3970 3968 3968 3970 3970 3969 3969 3969 3969 3970 3970 3971 3971 3969 3969 3971 3971 3955 3955 3970 3970 3930 3930 3972 3972 3970 3970 3972 3972 3971 3971 3971 3971 3972 3972 3973 3973 3971 3971 3973 3973 3955 3955 3972 3972 3930 3930 3974 3974 3972 3972 3974 3974 3973 3973 3973 3973 3974 3974 3975 3975 3973 3973 3975 3975 3955 3955 3974 3974 3930 3930 3951 3951 3974 3974 3951 3951 3975 3975 3975 3975 3951 3951 3953 3953 3975 3975 3953 3953 3955 3955 3976 3976 3955 3955 3977 3977 3976 3976 3977 3977 3978 3978 3978 3978 3977 3977 3979 3979 3978 3978 3979 3979 3980 3980 3977 3977 3955 3955 3981 3981 3977 3977 3981 3981 3979 3979 3979 3979 3981 3981 3982 3982 3979 3979 3982 3982 3980 3980 3981 3981 3955 3955 3983 3983 3981 3981 3983 3983 3982 3982 3982 3982 3983 3983 3984 3984 3982 3982 3984 3984 3980 3980 3983 3983 3955 3955 3985 3985 3983 3983 3985 3985 3984 3984 3984 3984 3985 3985 3986 3986 3984 3984 3986 3986 3980 3980 3985 3985 3955 3955 3987 3987 3985 3985 3987 3987 3986 3986 3986 3986 3987 3987 3988 3988 3986 3986 3988 3988 3980 3980 3987 3987 3955 3955 3989 3989 3987 3987 3989 3989 3988 3988 3988 3988 3989 3989 3990 3990 3988 3988 3990 3990 3980 3980 3989 3989 3955 3955 3991 3991 3989 3989 3991 3991 3990 3990 3990 3990 3991 3991 3992 3992 3990 3990 3992 3992 3980 3980 3991 3991 3955 3955 3993 3993 3991 3991 3993 3993 3992 3992 3992 3992 3993 3993 3994 3994 3992 3992 3994 3994 3980 3980 3993 3993 3955 3955 3995 3995 3993 3993 3995 3995 3994 3994 3994 3994 3995 3995 3996 3996 3994 3994 3996 3996 3980 3980 3995 3995 3955 3955 3997 3997 3995 3995 3997 3997 3996 3996 3996 3996 3997 3997 3998 3998 3996 3996 3998 3998 3980 3980 3997 3997 3955 3955 3999 3999 3997 3997 3999 3999 3998 3998 3998 3998 3999 3999 4000 4000 3998 3998 4000 4000 3980 3980 3999 3999 3955 3955 3976 3976 3999 3999 3976 3976 4000 4000 4000 4000 3976 3976 3978 3978 4000 4000 3978 3978 3980 3980 4001 4001 3980 3980 4002 4002 4001 4001 4002 4002 4003 4003 4003 4003 4002 4002 4004 4004 4003 4003 4004 4004 4005 4005 4002 4002 3980 3980 4006 4006 4002 4002 4006 4006 4004 4004 4004 4004 4006 4006 4007 4007 4004 4004 4007 4007 4005 4005 4006 4006 3980 3980 4008 4008 4006 4006 4008 4008 4007 4007 4007 4007 4008 4008 4009 4009 4007 4007 4009 4009 4005 4005 4008 4008 3980 3980 4010 4010 4008 4008 4010 4010 4009 4009 4009 4009 4010 4010 4011 4011 4009 4009 4011 4011 4005 4005 4010 4010 3980 3980 4012 4012 4010 4010 4012 4012 4011 4011 4011 4011 4012 4012 4013 4013 4011 4011 4013 4013 4005 4005 4012 4012 3980 3980 4014 4014 4012 4012 4014 4014 4013 4013 4013 4013 4014 4014 4015 4015 4013 4013 4015 4015 4005 4005 4014 4014 3980 3980 4016 4016 4014 4014 4016 4016 4015 4015 4015 4015 4016 4016 4017 4017 4015 4015 4017 4017 4005 4005 4016 4016 3980 3980 4018 4018 4016 4016 4018 4018 4017 4017 4017 4017 4018 4018 4019 4019 4017 4017 4019 4019 4005 4005 4018 4018 3980 3980 4020 4020 4018 4018 4020 4020 4019 4019 4019 4019 4020 4020 4021 4021 4019 4019 4021 4021 4005 4005 4020 4020 3980 3980 4022 4022 4020 4020 4022 4022 4021 4021 4021 4021 4022 4022 4023 4023 4021 4021 4023 4023 4005 4005 4022 4022 3980 3980 4024 4024 4022 4022 4024 4024 4023 4023 4023 4023 4024 4024 4025 4025 4023 4023 4025 4025 4005 4005 4024 4024 3980 3980 4001 4001 4024 4024 4001 4001 4025 4025 4025 4025 4001 4001 4003 4003 4025 4025 4003 4003 4005 4005 4026 4026 4005 4005 4027 4027 4026 4026 4027 4027 4028 4028 4028 4028 4027 4027 4029 4029 4028 4028 4029 4029 4030 4030 4027 4027 4005 4005 4031 4031 4027 4027 4031 4031 4029 4029 4029 4029 4031 4031 4032 4032 4029 4029 4032 4032 4030 4030 4031 4031 4005 4005 4033 4033 4031 4031 4033 4033 4032 4032 4032 4032 4033 4033 4034 4034 4032 4032 4034 4034 4030 4030 4033 4033 4005 4005 4035 4035 4033 4033 4035 4035 4034 4034 4034 4034 4035 4035 4036 4036 4034 4034 4036 4036 4030 4030 4035 4035 4005 4005 4037 4037 4035 4035 4037 4037 4036 4036 4036 4036 4037 4037 4038 4038 4036 4036 4038 4038 4030 4030 4037 4037 4005 4005 4039 4039 4037 4037 4039 4039 4038 4038 4038 4038 4039 4039 4040 4040 4038 4038 4040 4040 4030 4030 4039 4039 4005 4005 4041 4041 4039 4039 4041 4041 4040 4040 4040 4040 4041 4041 4042 4042 4040 4040 4042 4042 4030 4030 4041 4041 4005 4005 4043 4043 4041 4041 4043 4043 4042 4042 4042 4042 4043 4043 4044 4044 4042 4042 4044 4044 4030 4030 4043 4043 4005 4005 4045 4045 4043 4043 4045 4045 4044 4044 4044 4044 4045 4045 4046 4046 4044 4044 4046 4046 4030 4030 4045 4045 4005 4005 4047 4047 4045 4045 4047 4047 4046 4046 4046 4046 4047 4047 4048 4048 4046 4046 4048 4048 4030 4030 4047 4047 4005 4005 4049 4049 4047 4047 4049 4049 4048 4048 4048 4048 4049 4049 4050 4050 4048 4048 4050 4050 4030 4030 4049 4049 4005 4005 4026 4026 4049 4049 4026 4026 4050 4050 4050 4050 4026 4026 4028 4028 4050 4050 4028 4028 4030 4030 4051 4051 4030 4030 4052 4052 4051 4051 4052 4052 4053 4053 4053 4053 4052 4052 4054 4054 4053 4053 4054 4054 4055 4055 4052 4052 4030 4030 4056 4056 4052 4052 4056 4056 4054 4054 4054 4054 4056 4056 4057 4057 4054 4054 4057 4057 4055 4055 4056 4056 4030 4030 4058 4058 4056 4056 4058 4058 4057 4057 4057 4057 4058 4058 4059 4059 4057 4057 4059 4059 4055 4055 4058 4058 4030 4030 4060 4060 4058 4058 4060 4060 4059 4059 4059 4059 4060 4060 4061 4061 4059 4059 4061 4061 4055 4055 4060 4060 4030 4030 4062 4062 4060 4060 4062 4062 4061 4061 4061 4061 4062 4062 4063 4063 4061 4061 4063 4063 4055 4055 4062 4062 4030 4030 4064 4064 4062 4062 4064 4064 4063 4063 4063 4063 4064 4064 4065 4065 4063 4063 4065 4065 4055 4055 4064 4064 4030 4030 4066 4066 4064 4064 4066 4066 4065 4065 4065 4065 4066 4066 4067 4067 4065 4065 4067 4067 4055 4055 4066 4066 4030 4030 4068 4068 4066 4066 4068 4068 4067 4067 4067 4067 4068 4068 4069 4069 4067 4067 4069 4069 4055 4055 4068 4068 4030 4030 4070 4070 4068 4068 4070 4070 4069 4069 4069 4069 4070 4070 4071 4071 4069 4069 4071 4071 4055 4055 4070 4070 4030 4030 4072 4072 4070 4070 4072 4072 4071 4071 4071 4071 4072 4072 4073 4073 4071 4071 4073 4073 4055 4055 4072 4072 4030 4030 4074 4074 4072 4072 4074 4074 4073 4073 4073 4073 4074 4074 4075 4075 4073 4073 4075 4075 4055 4055 4074 4074 4030 4030 4051 4051 4074 4074 4051 4051 4075 4075 4075 4075 4051 4051 4053 4053 4075 4075 4053 4053 4055 4055 4076 4076 4055 4055 4077 4077 4076 4076 4077 4077 4078 4078 4078 4078 4077 4077 4079 4079 4078 4078 4079 4079 4080 4080 4077 4077 4055 4055 4081 4081 4077 4077 4081 4081 4079 4079 4079 4079 4081 4081 4082 4082 4079 4079 4082 4082 4080 4080 4081 4081 4055 4055 4083 4083 4081 4081 4083 4083 4082 4082 4082 4082 4083 4083 4084 4084 4082 4082 4084 4084 4080 4080 4083 4083 4055 4055 4085 4085 4083 4083 4085 4085 4084 4084 4084 4084 4085 4085 4086 4086 4084 4084 4086 4086 4080 4080 4085 4085 4055 4055 4087 4087 4085 4085 4087 4087 4086 4086 4086 4086 4087 4087 4088 4088 4086 4086 4088 4088 4080 4080 4087 4087 4055 4055 4089 4089 4087 4087 4089 4089 4088 4088 4088 4088 4089 4089 4090 4090 4088 4088 4090 4090 4080 4080 4089 4089 4055 4055 4091 4091 4089 4089 4091 4091 4090 4090 4090 4090 4091 4091 4092 4092 4090 4090 4092 4092 4080 4080 4091 4091 4055 4055 4093 4093 4091 4091 4093 4093 4092 4092 4092 4092 4093 4093 4094 4094 4092 4092 4094 4094 4080 4080 4093 4093 4055 4055 4095 4095 4093 4093 4095 4095 4094 4094 4094 4094 4095 4095 4096 4096 4094 4094 4096 4096 4080 4080 4095 4095 4055 4055 4097 4097 4095 4095 4097 4097 4096 4096 4096 4096 4097 4097 4098 4098 4096 4096 4098 4098 4080 4080 4097 4097 4055 4055 4099 4099 4097 4097 4099 4099 4098 4098 4098 4098 4099 4099 4100 4100 4098 4098 4100 4100 4080 4080 4099 4099 4055 4055 4076 4076 4099 4099 4076 4076 4100 4100 4100 4100 4076 4076 4078 4078 4100 4100 4078 4078 4080 4080 4101 4101 4080 4080 4102 4102 4101 4101 4102 4102 4103 4103 4103 4103 4102 4102 4104 4104 4103 4103 4104 4104 4105 4105 4102 4102 4080 4080 4106 4106 4102 4102 4106 4106 4104 4104 4104 4104 4106 4106 4107 4107 4104 4104 4107 4107 4105 4105 4106 4106 4080 4080 4108 4108 4106 4106 4108 4108 4107 4107 4107 4107 4108 4108 4109 4109 4107 4107 4109 4109 4105 4105 4108 4108 4080 4080 4110 4110 4108 4108 4110 4110 4109 4109 4109 4109 4110 4110 4111 4111 4109 4109 4111 4111 4105 4105 4110 4110 4080 4080 4112 4112 4110 4110 4112 4112 4111 4111 4111 4111 4112 4112 4113 4113 4111 4111 4113 4113 4105 4105 4112 4112 4080 4080 4114 4114 4112 4112 4114 4114 4113 4113 4113 4113 4114 4114 4115 4115 4113 4113 4115 4115 4105 4105 4114 4114 4080 4080 4116 4116 4114 4114 4116 4116 4115 4115 4115 4115 4116 4116 4117 4117 4115 4115 4117 4117 4105 4105 4116 4116 4080 4080 4118 4118 4116 4116 4118 4118 4117 4117 4117 4117 4118 4118 4119 4119 4117 4117 4119 4119 4105 4105 4118 4118 4080 4080 4120 4120 4118 4118 4120 4120 4119 4119 4119 4119 4120 4120 4121 4121 4119 4119 4121 4121 4105 4105 4120 4120 4080 4080 4122 4122 4120 4120 4122 4122 4121 4121 4121 4121 4122 4122 4123 4123 4121 4121 4123 4123 4105 4105 4122 4122 4080 4080 4124 4124 4122 4122 4124 4124 4123 4123 4123 4123 4124 4124 4125 4125 4123 4123 4125 4125 4105 4105 4124 4124 4080 4080 4101 4101 4124 4124 4101 4101 4125 4125 4125 4125 4101 4101 4103 4103 4125 4125 4103 4103 4105 4105 4126 4126 4105 4105 4127 4127 4126 4126 4127 4127 4128 4128 4128 4128 4127 4127 4129 4129 4128 4128 4129 4129 4130 4130 4127 4127 4105 4105 4131 4131 4127 4127 4131 4131 4129 4129 4129 4129 4131 4131 4132 4132 4129 4129 4132 4132 4130 4130 4131 4131 4105 4105 4133 4133 4131 4131 4133 4133 4132 4132 4132 4132 4133 4133 4134 4134 4132 4132 4134 4134 4130 4130 4133 4133 4105 4105 4135 4135 4133 4133 4135 4135 4134 4134 4134 4134 4135 4135 4136 4136 4134 4134 4136 4136 4130 4130 4135 4135 4105 4105 4137 4137 4135 4135 4137 4137 4136 4136 4136 4136 4137 4137 4138 4138 4136 4136 4138 4138 4130 4130 4137 4137 4105 4105 4139 4139 4137 4137 4139 4139 4138 4138 4138 4138 4139 4139 4140 4140 4138 4138 4140 4140 4130 4130 4139 4139 4105 4105 4141 4141 4139 4139 4141 4141 4140 4140 4140 4140 4141 4141 4142 4142 4140 4140 4142 4142 4130 4130 4141 4141 4105 4105 4143 4143 4141 4141 4143 4143 4142 4142 4142 4142 4143 4143 4144 4144 4142 4142 4144 4144 4130 4130 4143 4143 4105 4105 4145 4145 4143 4143 4145 4145 4144 4144 4144 4144 4145 4145 4146 4146 4144 4144 4146 4146 4130 4130 4145 4145 4105 4105 4147 4147 4145 4145 4147 4147 4146 4146 4146 4146 4147 4147 4148 4148 4146 4146 4148 4148 4130 4130 4147 4147 4105 4105 4149 4149 4147 4147 4149 4149 4148 4148 4148 4148 4149 4149 4150 4150 4148 4148 4150 4150 4130 4130 4149 4149 4105 4105 4126 4126 4149 4149 4126 4126 4150 4150 4150 4150 4126 4126 4128 4128 4150 4150 4128 4128 4130 4130 4151 4151 4130 4130 4152 4152 4151 4151 4152 4152 4153 4153 4153 4153 4152 4152 4154 4154 4153 4153 4154 4154 4155 4155 4152 4152 4130 4130 4156 4156 4152 4152 4156 4156 4154 4154 4154 4154 4156 4156 4157 4157 4154 4154 4157 4157 4155 4155 4156 4156 4130 4130 4158 4158 4156 4156 4158 4158 4157 4157 4157 4157 4158 4158 4159 4159 4157 4157 4159 4159 4155 4155 4158 4158 4130 4130 4160 4160 4158 4158 4160 4160 4159 4159 4159 4159 4160 4160 4161 4161 4159 4159 4161 4161 4155 4155 4160 4160 4130 4130 4162 4162 4160 4160 4162 4162 4161 4161 4161 4161 4162 4162 4163 4163 4161 4161 4163 4163 4155 4155 4162 4162 4130 4130 4164 4164 4162 4162 4164 4164 4163 4163 4163 4163 4164 4164 4165 4165 4163 4163 4165 4165 4155 4155 4164 4164 4130 4130 4166 4166 4164 4164 4166 4166 4165 4165 4165 4165 4166 4166 4167 4167 4165 4165 4167 4167 4155 4155 4166 4166 4130 4130 4168 4168 4166 4166 4168 4168 4167 4167 4167 4167 4168 4168 4169 4169 4167 4167 4169 4169 4155 4155 4168 4168 4130 4130 4170 4170 4168 4168 4170 4170 4169 4169 4169 4169 4170 4170 4171 4171 4169 4169 4171 4171 4155 4155 4170 4170 4130 4130 4172 4172 4170 4170 4172 4172 4171 4171 4171 4171 4172 4172 4173 4173 4171 4171 4173 4173 4155 4155 4172 4172 4130 4130 4174 4174 4172 4172 4174 4174 4173 4173 4173 4173 4174 4174 4175 4175 4173 4173 4175 4175 4155 4155 4174 4174 4130 4130 4151 4151 4174 4174 4151 4151 4175 4175 4175 4175 4151 4151 4153 4153 4175 4175 4153 4153 4155 4155 4176 4176 4155 4155 4177 4177 4176 4176 4177 4177 4178 4178 4178 4178 4177 4177 4179 4179 4178 4178 4179 4179 4180 4180 4177 4177 4155 4155 4181 4181 4177 4177 4181 4181 4179 4179 4179 4179 4181 4181 4182 4182 4179 4179 4182 4182 4180 4180 4181 4181 4155 4155 4183 4183 4181 4181 4183 4183 4182 4182 4182 4182 4183 4183 4184 4184 4182 4182 4184 4184 4180 4180 4183 4183 4155 4155 4185 4185 4183 4183 4185 4185 4184 4184 4184 4184 4185 4185 4186 4186 4184 4184 4186 4186 4180 4180 4185 4185 4155 4155 4187 4187 4185 4185 4187 4187 4186 4186 4186 4186 4187 4187 4188 4188 4186 4186 4188 4188 4180 4180 4187 4187 4155 4155 4189 4189 4187 4187 4189 4189 4188 4188 4188 4188 4189 4189 4190 4190 4188 4188 4190 4190 4180 4180 4189 4189 4155 4155 4191 4191 4189 4189 4191 4191 4190 4190 4190 4190 4191 4191 4192 4192 4190 4190 4192 4192 4180 4180 4191 4191 4155 4155 4193 4193 4191 4191 4193 4193 4192 4192 4192 4192 4193 4193 4194 4194 4192 4192 4194 4194 4180 4180 4193 4193 4155 4155 4195 4195 4193 4193 4195 4195 4194 4194 4194 4194 4195 4195 4196 4196 4194 4194 4196 4196 4180 4180 4195 4195 4155 4155 4197 4197 4195 4195 4197 4197 4196 4196 4196 4196 4197 4197 4198 4198 4196 4196 4198 4198 4180 4180 4197 4197 4155 4155 4199 4199 4197 4197 4199 4199 4198 4198 4198 4198 4199 4199 4200 4200 4198 4198 4200 4200 4180 4180 4199 4199 4155 4155 4176 4176 4199 4199 4176 4176 4200 4200 4200 4200 4176 4176 4178 4178 4200 4200 4178 4178 4180 4180 4201 4201 4180 4180 4202 4202 4201 4201 4202 4202 4203 4203 4203 4203 4202 4202 4204 4204 4203 4203 4204 4204 4205 4205 4202 4202 4180 4180 4206 4206 4202 4202 4206 4206 4204 4204 4204 4204 4206 4206 4207 4207 4204 4204 4207 4207 4205 4205 4206 4206 4180 4180 4208 4208 4206 4206 4208 4208 4207 4207 4207 4207 4208 4208 4209 4209 4207 4207 4209 4209 4205 4205 4208 4208 4180 4180 4210 4210 4208 4208 4210 4210 4209 4209 4209 4209 4210 4210 4211 4211 4209 4209 4211 4211 4205 4205 4210 4210 4180 4180 4212 4212 4210 4210 4212 4212 4211 4211 4211 4211 4212 4212 4213 4213 4211 4211 4213 4213 4205 4205 4212 4212 4180 4180 4214 4214 4212 4212 4214 4214 4213 4213 4213 4213 4214 4214 4215 4215 4213 4213 4215 4215 4205 4205 4214 4214 4180 4180 4216 4216 4214 4214 4216 4216 4215 4215 4215 4215 4216 4216 4217 4217 4215 4215 4217 4217 4205 4205 4216 4216 4180 4180 4218 4218 4216 4216 4218 4218 4217 4217 4217 4217 4218 4218 4219 4219 4217 4217 4219 4219 4205 4205 4218 4218 4180 4180 4220 4220 4218 4218 4220 4220 4219 4219 4219 4219 4220 4220 4221 4221 4219 4219 4221 4221 4205 4205 4220 4220 4180 4180 4222 4222 4220 4220 4222 4222 4221 4221 4221 4221 4222 4222 4223 4223 4221 4221 4223 4223 4205 4205 4222 4222 4180 4180 4224 4224 4222 4222 4224 4224 4223 4223 4223 4223 4224 4224 4225 4225 4223 4223 4225 4225 4205 4205 4224 4224 4180 4180 4201 4201 4224 4224 4201 4201 4225 4225 4225 4225 4201 4201 4203 4203 4225 4225 4203 4203 4205 4205 4226 4226 4205 4205 4227 4227 4226 4226 4227 4227 4228 4228 4228 4228 4227 4227 4229 4229 4228 4228 4229 4229 4230 4230 4227 4227 4205 4205 4231 4231 4227 4227 4231 4231 4229 4229 4229 4229 4231 4231 4232 4232 4229 4229 4232 4232 4230 4230 4231 4231 4205 4205 4233 4233 4231 4231 4233 4233 4232 4232 4232 4232 4233 4233 4234 4234 4232 4232 4234 4234 4230 4230 4233 4233 4205 4205 4235 4235 4233 4233 4235 4235 4234 4234 4234 4234 4235 4235 4236 4236 4234 4234 4236 4236 4230 4230 4235 4235 4205 4205 4237 4237 4235 4235 4237 4237 4236 4236 4236 4236 4237 4237 4238 4238 4236 4236 4238 4238 4230 4230 4237 4237 4205 4205 4239 4239 4237 4237 4239 4239 4238 4238 4238 4238 4239 4239 4240 4240 4238 4238 4240 4240 4230 4230 4239 4239 4205 4205 4241 4241 4239 4239 4241 4241 4240 4240 4240 4240 4241 4241 4242 4242 4240 4240 4242 4242 4230 4230 4241 4241 4205 4205 4243 4243 4241 4241 4243 4243 4242 4242 4242 4242 4243 4243 4244 4244 4242 4242 4244 4244 4230 4230 4243 4243 4205 4205 4245 4245 4243 4243 4245 4245 4244 4244 4244 4244 4245 4245 4246 4246 4244 4244 4246 4246 4230 4230 4245 4245 4205 4205 4247 4247 4245 4245 4247 4247 4246 4246 4246 4246 4247 4247 4248 4248 4246 4246 4248 4248 4230 4230 4247 4247 4205 4205 4249 4249 4247 4247 4249 4249 4248 4248 4248 4248 4249 4249 4250 4250 4248 4248 4250 4250 4230 4230 4249 4249 4205 4205 4226 4226 4249 4249 4226 4226 4250 4250 4250 4250 4226 4226 4228 4228 4250 4250 4228 4228 4230 4230 4251 4251 4230 4230 4252 4252 4251 4251 4252 4252 4253 4253 4253 4253 4252 4252 4254 4254 4253 4253 4254 4254 4255 4255 4252 4252 4230 4230 4256 4256 4252 4252 4256 4256 4254 4254 4254 4254 4256 4256 4257 4257 4254 4254 4257 4257 4255 4255 4256 4256 4230 4230 4258 4258 4256 4256 4258 4258 4257 4257 4257 4257 4258 4258 4259 4259 4257 4257 4259 4259 4255 4255 4258 4258 4230 4230 4260 4260 4258 4258 4260 4260 4259 4259 4259 4259 4260 4260 4261 4261 4259 4259 4261 4261 4255 4255 4260 4260 4230 4230 4262 4262 4260 4260 4262 4262 4261 4261 4261 4261 4262 4262 4263 4263 4261 4261 4263 4263 4255 4255 4262 4262 4230 4230 4264 4264 4262 4262 4264 4264 4263 4263 4263 4263 4264 4264 4265 4265 4263 4263 4265 4265 4255 4255 4264 4264 4230 4230 4266 4266 4264 4264 4266 4266 4265 4265 4265 4265 4266 4266 4267 4267 4265 4265 4267 4267 4255 4255 4266 4266 4230 4230 4268 4268 4266 4266 4268 4268 4267 4267 4267 4267 4268 4268 4269 4269 4267 4267 4269 4269 4255 4255 4268 4268 4230 4230 4270 4270 4268 4268 4270 4270 4269 4269 4269 4269 4270 4270 4271 4271 4269 4269 4271 4271 4255 4255 4270 4270 4230 4230 4272 4272 4270 4270 4272 4272 4271 4271 4271 4271 4272 4272 4273 4273 4271 4271 4273 4273 4255 4255 4272 4272 4230 4230 4274 4274 4272 4272 4274 4274 4273 4273 4273 4273 4274 4274 4275 4275 4273 4273 4275 4275 4255 4255 4274 4274 4230 4230 4251 4251 4274 4274 4251 4251 4275 4275 4275 4275 4251 4251 4253 4253 4275 4275 4253 4253 4255 4255 4276 4276 4255 4255 4277 4277 4276 4276 4277 4277 4278 4278 4278 4278 4277 4277 4279 4279 4278 4278 4279 4279 4280 4280 4277 4277 4255 4255 4281 4281 4277 4277 4281 4281 4279 4279 4279 4279 4281 4281 4282 4282 4279 4279 4282 4282 4280 4280 4281 4281 4255 4255 4283 4283 4281 4281 4283 4283 4282 4282 4282 4282 4283 4283 4284 4284 4282 4282 4284 4284 4280 4280 4283 4283 4255 4255 4285 4285 4283 4283 4285 4285 4284 4284 4284 4284 4285 4285 4286 4286 4284 4284 4286 4286 4280 4280 4285 4285 4255 4255 4287 4287 4285 4285 4287 4287 4286 4286 4286 4286 4287 4287 4288 4288 4286 4286 4288 4288 4280 4280 4287 4287 4255 4255 4289 4289 4287 4287 4289 4289 4288 4288 4288 4288 4289 4289 4290 4290 4288 4288 4290 4290 4280 4280 4289 4289 4255 4255 4291 4291 4289 4289 4291 4291 4290 4290 4290 4290 4291 4291 4292 4292 4290 4290 4292 4292 4280 4280 4291 4291 4255 4255 4293 4293 4291 4291 4293 4293 4292 4292 4292 4292 4293 4293 4294 4294 4292 4292 4294 4294 4280 4280 4293 4293 4255 4255 4295 4295 4293 4293 4295 4295 4294 4294 4294 4294 4295 4295 4296 4296 4294 4294 4296 4296 4280 4280 4295 4295 4255 4255 4297 4297 4295 4295 4297 4297 4296 4296 4296 4296 4297 4297 4298 4298 4296 4296 4298 4298 4280 4280 4297 4297 4255 4255 4299 4299 4297 4297 4299 4299 4298 4298 4298 4298 4299 4299 4300 4300 4298 4298 4300 4300 4280 4280 4299 4299 4255 4255 4276 4276 4299 4299 4276 4276 4300 4300 4300 4300 4276 4276 4278 4278 4300 4300 4278 4278 4280 4280 4301 4301 4280 4280 4302 4302 4301 4301 4302 4302 4303 4303 4303 4303 4302 4302 4304 4304 4303 4303 4304 4304 4305 4305 4302 4302 4280 4280 4306 4306 4302 4302 4306 4306 4304 4304 4304 4304 4306 4306 4307 4307 4304 4304 4307 4307 4305 4305 4306 4306 4280 4280 4308 4308 4306 4306 4308 4308 4307 4307 4307 4307 4308 4308 4309 4309 4307 4307 4309 4309 4305 4305 4308 4308 4280 4280 4310 4310 4308 4308 4310 4310 4309 4309 4309 4309 4310 4310 4311 4311 4309 4309 4311 4311 4305 4305 4310 4310 4280 4280 4312 4312 4310 4310 4312 4312 4311 4311 4311 4311 4312 4312 4313 4313 4311 4311 4313 4313 4305 4305 4312 4312 4280 4280 4314 4314 4312 4312 4314 4314 4313 4313 4313 4313 4314 4314 4315 4315 4313 4313 4315 4315 4305 4305 4314 4314 4280 4280 4316 4316 4314 4314 4316 4316 4315 4315 4315 4315 4316 4316 4317 4317 4315 4315 4317 4317 4305 4305 4316 4316 4280 4280 4318 4318 4316 4316 4318 4318 4317 4317 4317 4317 4318 4318 4319 4319 4317 4317 4319 4319 4305 4305 4318 4318 4280 4280 4320 4320 4318 4318 4320 4320 4319 4319 4319 4319 4320 4320 4321 4321 4319 4319 4321 4321 4305 4305 4320 4320 4280 4280 4322 4322 4320 4320 4322 4322 4321 4321 4321 4321 4322 4322 4323 4323 4321 4321 4323 4323 4305 4305 4322 4322 4280 4280 4324 4324 4322 4322 4324 4324 4323 4323 4323 4323 4324 4324 4325 4325 4323 4323 4325 4325 4305 4305 4324 4324 4280 4280 4301 4301 4324 4324 4301 4301 4325 4325 4325 4325 4301 4301 4303 4303 4325 4325 4303 4303 4305 4305 4326 4326 4305 4305 4327 4327 4326 4326 4327 4327 4328 4328 4328 4328 4327 4327 4329 4329 4328 4328 4329 4329 4330 4330 4327 4327 4305 4305 4331 4331 4327 4327 4331 4331 4329 4329 4329 4329 4331 4331 4332 4332 4329 4329 4332 4332 4330 4330 4331 4331 4305 4305 4333 4333 4331 4331 4333 4333 4332 4332 4332 4332 4333 4333 4334 4334 4332 4332 4334 4334 4330 4330 4333 4333 4305 4305 4335 4335 4333 4333 4335 4335 4334 4334 4334 4334 4335 4335 4336 4336 4334 4334 4336 4336 4330 4330 4335 4335 4305 4305 4337 4337 4335 4335 4337 4337 4336 4336 4336 4336 4337 4337 4338 4338 4336 4336 4338 4338 4330 4330 4337 4337 4305 4305 4339 4339 4337 4337 4339 4339 4338 4338 4338 4338 4339 4339 4340 4340 4338 4338 4340 4340 4330 4330 4339 4339 4305 4305 4341 4341 4339 4339 4341 4341 4340 4340 4340 4340 4341 4341 4342 4342 4340 4340 4342 4342 4330 4330 4341 4341 4305 4305 4343 4343 4341 4341 4343 4343 4342 4342 4342 4342 4343 4343 4344 4344 4342 4342 4344 4344 4330 4330 4343 4343 4305 4305 4345 4345 4343 4343 4345 4345 4344 4344 4344 4344 4345 4345 4346 4346 4344 4344 4346 4346 4330 4330 4345 4345 4305 4305 4347 4347 4345 4345 4347 4347 4346 4346 4346 4346 4347 4347 4348 4348 4346 4346 4348 4348 4330 4330 4347 4347 4305 4305 4349 4349 4347 4347 4349 4349 4348 4348 4348 4348 4349 4349 4350 4350 4348 4348 4350 4350 4330 4330 4349 4349 4305 4305 4326 4326 4349 4349 4326 4326 4350 4350 4350 4350 4326 4326 4328 4328 4350 4350 4328 4328 4330 4330 4351 4351 4330 4330 4352 4352 4351 4351 4352 4352 4353 4353 4353 4353 4352 4352 4354 4354 4353 4353 4354 4354 4355 4355 4352 4352 4330 4330 4356 4356 4352 4352 4356 4356 4354 4354 4354 4354 4356 4356 4357 4357 4354 4354 4357 4357 4355 4355 4356 4356 4330 4330 4358 4358 4356 4356 4358 4358 4357 4357 4357 4357 4358 4358 4359 4359 4357 4357 4359 4359 4355 4355 4358 4358 4330 4330 4360 4360 4358 4358 4360 4360 4359 4359 4359 4359 4360 4360 4361 4361 4359 4359 4361 4361 4355 4355 4360 4360 4330 4330 4362 4362 4360 4360 4362 4362 4361 4361 4361 4361 4362 4362 4363 4363 4361 4361 4363 4363 4355 4355 4362 4362 4330 4330 4364 4364 4362 4362 4364 4364 4363 4363 4363 4363 4364 4364 4365 4365 4363 4363 4365 4365 4355 4355 4364 4364 4330 4330 4366 4366 4364 4364 4366 4366 4365 4365 4365 4365 4366 4366 4367 4367 4365 4365 4367 4367 4355 4355 4366 4366 4330 4330 4368 4368 4366 4366 4368 4368 4367 4367 4367 4367 4368 4368 4369 4369 4367 4367 4369 4369 4355 4355 4368 4368 4330 4330 4370 4370 4368 4368 4370 4370 4369 4369 4369 4369 4370 4370 4371 4371 4369 4369 4371 4371 4355 4355 4370 4370 4330 4330 4372 4372 4370 4370 4372 4372 4371 4371 4371 4371 4372 4372 4373 4373 4371 4371 4373 4373 4355 4355 4372 4372 4330 4330 4374 4374 4372 4372 4374 4374 4373 4373 4373 4373 4374 4374 4375 4375 4373 4373 4375 4375 4355 4355 4374 4374 4330 4330 4351 4351 4374 4374 4351 4351 4375 4375 4375 4375 4351 4351 4353 4353 4375 4375 4353 4353 4355 4355 4376 4376 4355 4355 4377 4377 4376 4376 4377 4377 4378 4378 4378 4378 4377 4377 4379 4379 4378 4378 4379 4379 4380 4380 4377 4377 4355 4355 4381 4381 4377 4377 4381 4381 4379 4379 4379 4379 4381 4381 4382 4382 4379 4379 4382 4382 4380 4380 4381 4381 4355 4355 4383 4383 4381 4381 4383 4383 4382 4382 4382 4382 4383 4383 4384 4384 4382 4382 4384 4384 4380 4380 4383 4383 4355 4355 4385 4385 4383 4383 4385 4385 4384 4384 4384 4384 4385 4385 4386 4386 4384 4384 4386 4386 4380 4380 4385 4385 4355 4355 4387 4387 4385 4385 4387 4387 4386 4386 4386 4386 4387 4387 4388 4388 4386 4386 4388 4388 4380 4380 4387 4387 4355 4355 4389 4389 4387 4387 4389 4389 4388 4388 4388 4388 4389 4389 4390 4390 4388 4388 4390 4390 4380 4380 4389 4389 4355 4355 4391 4391 4389 4389 4391 4391 4390 4390 4390 4390 4391 4391 4392 4392 4390 4390 4392 4392 4380 4380 4391 4391 4355 4355 4393 4393 4391 4391 4393 4393 4392 4392 4392 4392 4393 4393 4394 4394 4392 4392 4394 4394 4380 4380 4393 4393 4355 4355 4395 4395 4393 4393 4395 4395 4394 4394 4394 4394 4395 4395 4396 4396 4394 4394 4396 4396 4380 4380 4395 4395 4355 4355 4397 4397 4395 4395 4397 4397 4396 4396 4396 4396 4397 4397 4398 4398 4396 4396 4398 4398 4380 4380 4397 4397 4355 4355 4399 4399 4397 4397 4399 4399 4398 4398 4398 4398 4399 4399 4400 4400 4398 4398 4400 4400 4380 4380 4399 4399 4355 4355 4376 4376 4399 4399 4376 4376 4400 4400 4400 4400 4376 4376 4378 4378 4400 4400 4378 4378 4380 4380 4401 4401 4380 4380 4402 4402 4401 4401 4402 4402 4403 4403 4403 4403 4402 4402 4404 4404 4403 4403 4404 4404 4405 4405 4402 4402 4380 4380 4406 4406 4402 4402 4406 4406 4404 4404 4404 4404 4406 4406 4407 4407 4404 4404 4407 4407 4405 4405 4406 4406 4380 4380 4408 4408 4406 4406 4408 4408 4407 4407 4407 4407 4408 4408 4409 4409 4407 4407 4409 4409 4405 4405 4408 4408 4380 4380 4410 4410 4408 4408 4410 4410 4409 4409 4409 4409 4410 4410 4411 4411 4409 4409 4411 4411 4405 4405 4410 4410 4380 4380 4412 4412 4410 4410 4412 4412 4411 4411 4411 4411 4412 4412 4413 4413 4411 4411 4413 4413 4405 4405 4412 4412 4380 4380 4414 4414 4412 4412 4414 4414 4413 4413 4413 4413 4414 4414 4415 4415 4413 4413 4415 4415 4405 4405 4414 4414 4380 4380 4416 4416 4414 4414 4416 4416 4415 4415 4415 4415 4416 4416 4417 4417 4415 4415 4417 4417 4405 4405 4416 4416 4380 4380 4418 4418 4416 4416 4418 4418 4417 4417 4417 4417 4418 4418 4419 4419 4417 4417 4419 4419 4405 4405 4418 4418 4380 4380 4420 4420 4418 4418 4420 4420 4419 4419 4419 4419 4420 4420 4421 4421 4419 4419 4421 4421 4405 4405 4420 4420 4380 4380 4422 4422 4420 4420 4422 4422 4421 4421 4421 4421 4422 4422 4423 4423 4421 4421 4423 4423 4405 4405 4422 4422 4380 4380 4424 4424 4422 4422 4424 4424 4423 4423 4423 4423 4424 4424 4425 4425 4423 4423 4425 4425 4405 4405 4424 4424 4380 4380 4401 4401 4424 4424 4401 4401 4425 4425 4425 4425 4401 4401 4403 4403 4425 4425 4403 4403 4405 4405 4426 4426 4405 4405 4427 4427 4426 4426 4427 4427 4428 4428 4428 4428 4427 4427 4429 4429 4428 4428 4429 4429 4430 4430 4427 4427 4405 4405 4431 4431 4427 4427 4431 4431 4429 4429 4429 4429 4431 4431 4432 4432 4429 4429 4432 4432 4430 4430 4431 4431 4405 4405 4433 4433 4431 4431 4433 4433 4432 4432 4432 4432 4433 4433 4434 4434 4432 4432 4434 4434 4430 4430 4433 4433 4405 4405 4435 4435 4433 4433 4435 4435 4434 4434 4434 4434 4435 4435 4436 4436 4434 4434 4436 4436 4430 4430 4435 4435 4405 4405 4437 4437 4435 4435 4437 4437 4436 4436 4436 4436 4437 4437 4438 4438 4436 4436 4438 4438 4430 4430 4437 4437 4405 4405 4439 4439 4437 4437 4439 4439 4438 4438 4438 4438 4439 4439 4440 4440 4438 4438 4440 4440 4430 4430 4439 4439 4405 4405 4441 4441 4439 4439 4441 4441 4440 4440 4440 4440 4441 4441 4442 4442 4440 4440 4442 4442 4430 4430 4441 4441 4405 4405 4443 4443 4441 4441 4443 4443 4442 4442 4442 4442 4443 4443 4444 4444 4442 4442 4444 4444 4430 4430 4443 4443 4405 4405 4445 4445 4443 4443 4445 4445 4444 4444 4444 4444 4445 4445 4446 4446 4444 4444 4446 4446 4430 4430 4445 4445 4405 4405 4447 4447 4445 4445 4447 4447 4446 4446 4446 4446 4447 4447 4448 4448 4446 4446 4448 4448 4430 4430 4447 4447 4405 4405 4449 4449 4447 4447 4449 4449 4448 4448 4448 4448 4449 4449 4450 4450 4448 4448 4450 4450 4430 4430 4449 4449 4405 4405 4426 4426 4449 4449 4426 4426 4450 4450 4450 4450 4426 4426 4428 4428 4450 4450 4428 4428 4430 4430 4451 4451 4430 4430 4452 4452 4451 4451 4452 4452 4453 4453 4453 4453 4452 4452 4454 4454 4453 4453 4454 4454 4455 4455 4452 4452 4430 4430 4456 4456 4452 4452 4456 4456 4454 4454 4454 4454 4456 4456 4457 4457 4454 4454 4457 4457 4455 4455 4456 4456 4430 4430 4458 4458 4456 4456 4458 4458 4457 4457 4457 4457 4458 4458 4459 4459 4457 4457 4459 4459 4455 4455 4458 4458 4430 4430 4460 4460 4458 4458 4460 4460 4459 4459 4459 4459 4460 4460 4461 4461 4459 4459 4461 4461 4455 4455 4460 4460 4430 4430 4462 4462 4460 4460 4462 4462 4461 4461 4461 4461 4462 4462 4463 4463 4461 4461 4463 4463 4455 4455 4462 4462 4430 4430 4464 4464 4462 4462 4464 4464 4463 4463 4463 4463 4464 4464 4465 4465 4463 4463 4465 4465 4455 4455 4464 4464 4430 4430 4466 4466 4464 4464 4466 4466 4465 4465 4465 4465 4466 4466 4467 4467 4465 4465 4467 4467 4455 4455 4466 4466 4430 4430 4468 4468 4466 4466 4468 4468 4467 4467 4467 4467 4468 4468 4469 4469 4467 4467 4469 4469 4455 4455 4468 4468 4430 4430 4470 4470 4468 4468 4470 4470 4469 4469 4469 4469 4470 4470 4471 4471 4469 4469 4471 4471 4455 4455 4470 4470 4430 4430 4472 4472 4470 4470 4472 4472 4471 4471 4471 4471 4472 4472 4473 4473 4471 4471 4473 4473 4455 4455 4472 4472 4430 4430 4474 4474 4472 4472 4474 4474 4473 4473 4473 4473 4474 4474 4475 4475 4473 4473 4475 4475 4455 4455 4474 4474 4430 4430 4451 4451 4474 4474 4451 4451 4475 4475 4475 4475 4451 4451 4453 4453 4475 4475 4453 4453 4455 4455 4476 4476 4455 4455 4477 4477 4476 4476 4477 4477 4478 4478 4478 4478 4477 4477 4479 4479 4478 4478 4479 4479 4480 4480 4477 4477 4455 4455 4481 4481 4477 4477 4481 4481 4479 4479 4479 4479 4481 4481 4482 4482 4479 4479 4482 4482 4480 4480 4481 4481 4455 4455 4483 4483 4481 4481 4483 4483 4482 4482 4482 4482 4483 4483 4484 4484 4482 4482 4484 4484 4480 4480 4483 4483 4455 4455 4485 4485 4483 4483 4485 4485 4484 4484 4484 4484 4485 4485 4486 4486 4484 4484 4486 4486 4480 4480 4485 4485 4455 4455 4487 4487 4485 4485 4487 4487 4486 4486 4486 4486 4487 4487 4488 4488 4486 4486 4488 4488 4480 4480 4487 4487 4455 4455 4489 4489 4487 4487 4489 4489 4488 4488 4488 4488 4489 4489 4490 4490 4488 4488 4490 4490 4480 4480 4489 4489 4455 4455 4491 4491 4489 4489 4491 4491 4490 4490 4490 4490 4491 4491 4492 4492 4490 4490 4492 4492 4480 4480 4491 4491 4455 4455 4493 4493 4491 4491 4493 4493 4492 4492 4492 4492 4493 4493 4494 4494 4492 4492 4494 4494 4480 4480 4493 4493 4455 4455 4495 4495 4493 4493 4495 4495 4494 4494 4494 4494 4495 4495 4496 4496 4494 4494 4496 4496 4480 4480 4495 4495 4455 4455 4497 4497 4495 4495 4497 4497 4496 4496 4496 4496 4497 4497 4498 4498 4496 4496 4498 4498 4480 4480 4497 4497 4455 4455 4499 4499 4497 4497 4499 4499 4498 4498 4498 4498 4499 4499 4500 4500 4498 4498 4500 4500 4480 4480 4499 4499 4455 4455 4476 4476 4499 4499 4476 4476 4500 4500 4500 4500 4476 4476 4478 4478 4500 4500 4478 4478 4480 4480 4501 4501 4480 4480 4502 4502 4501 4501 4502 4502 4503 4503 4503 4503 4502 4502 4504 4504 4503 4503 4504 4504 4505 4505 4502 4502 4480 4480 4506 4506 4502 4502 4506 4506 4504 4504 4504 4504 4506 4506 4507 4507 4504 4504 4507 4507 4505 4505 4506 4506 4480 4480 4508 4508 4506 4506 4508 4508 4507 4507 4507 4507 4508 4508 4509 4509 4507 4507 4509 4509 4505 4505 4508 4508 4480 4480 4510 4510 4508 4508 4510 4510 4509 4509 4509 4509 4510 4510 4511 4511 4509 4509 4511 4511 4505 4505 4510 4510 4480 4480 4512 4512 4510 4510 4512 4512 4511 4511 4511 4511 4512 4512 4513 4513 4511 4511 4513 4513 4505 4505 4512 4512 4480 4480 4514 4514 4512 4512 4514 4514 4513 4513 4513 4513 4514 4514 4515 4515 4513 4513 4515 4515 4505 4505 4514 4514 4480 4480 4516 4516 4514 4514 4516 4516 4515 4515 4515 4515 4516 4516 4517 4517 4515 4515 4517 4517 4505 4505 4516 4516 4480 4480 4518 4518 4516 4516 4518 4518 4517 4517 4517 4517 4518 4518 4519 4519 4517 4517 4519 4519 4505 4505 4518 4518 4480 4480 4520 4520 4518 4518 4520 4520 4519 4519 4519 4519 4520 4520 4521 4521 4519 4519 4521 4521 4505 4505 4520 4520 4480 4480 4522 4522 4520 4520 4522 4522 4521 4521 4521 4521 4522 4522 4523 4523 4521 4521 4523 4523 4505 4505 4522 4522 4480 4480 4524 4524 4522 4522 4524 4524 4523 4523 4523 4523 4524 4524 4525 4525 4523 4523 4525 4525 4505 4505 4524 4524 4480 4480 4501 4501 4524 4524 4501 4501 4525 4525 4525 4525 4501 4501 4503 4503 4525 4525 4503 4503 4505 4505 4526 4526 4505 4505 4527 4527 4526 4526 4527 4527 4528 4528 4528 4528 4527 4527 4529 4529 4528 4528 4529 4529 4530 4530 4527 4527 4505 4505 4531 4531 4527 4527 4531 4531 4529 4529 4529 4529 4531 4531 4532 4532 4529 4529 4532 4532 4530 4530 4531 4531 4505 4505 4533 4533 4531 4531 4533 4533 4532 4532 4532 4532 4533 4533 4534 4534 4532 4532 4534 4534 4530 4530 4533 4533 4505 4505 4535 4535 4533 4533 4535 4535 4534 4534 4534 4534 4535 4535 4536 4536 4534 4534 4536 4536 4530 4530 4535 4535 4505 4505 4537 4537 4535 4535 4537 4537 4536 4536 4536 4536 4537 4537 4538 4538 4536 4536 4538 4538 4530 4530 4537 4537 4505 4505 4539 4539 4537 4537 4539 4539 4538 4538 4538 4538 4539 4539 4540 4540 4538 4538 4540 4540 4530 4530 4539 4539 4505 4505 4541 4541 4539 4539 4541 4541 4540 4540 4540 4540 4541 4541 4542 4542 4540 4540 4542 4542 4530 4530 4541 4541 4505 4505 4543 4543 4541 4541 4543 4543 4542 4542 4542 4542 4543 4543 4544 4544 4542 4542 4544 4544 4530 4530 4543 4543 4505 4505 4545 4545 4543 4543 4545 4545 4544 4544 4544 4544 4545 4545 4546 4546 4544 4544 4546 4546 4530 4530 4545 4545 4505 4505 4547 4547 4545 4545 4547 4547 4546 4546 4546 4546 4547 4547 4548 4548 4546 4546 4548 4548 4530 4530 4547 4547 4505 4505 4549 4549 4547 4547 4549 4549 4548 4548 4548 4548 4549 4549 4550 4550 4548 4548 4550 4550 4530 4530 4549 4549 4505 4505 4526 4526 4549 4549 4526 4526 4550 4550 4550 4550 4526 4526 4528 4528 4550 4550 4528 4528 4530 4530 4551 4551 4530 4530 4552 4552 4551 4551 4552 4552 4553 4553 4553 4553 4552 4552 4554 4554 4553 4553 4554 4554 4555 4555 4552 4552 4530 4530 4556 4556 4552 4552 4556 4556 4554 4554 4554 4554 4556 4556 4557 4557 4554 4554 4557 4557 4555 4555 4556 4556 4530 4530 4558 4558 4556 4556 4558 4558 4557 4557 4557 4557 4558 4558 4559 4559 4557 4557 4559 4559 4555 4555 4558 4558 4530 4530 4560 4560 4558 4558 4560 4560 4559 4559 4559 4559 4560 4560 4561 4561 4559 4559 4561 4561 4555 4555 4560 4560 4530 4530 4562 4562 4560 4560 4562 4562 4561 4561 4561 4561 4562 4562 4563 4563 4561 4561 4563 4563 4555 4555 4562 4562 4530 4530 4564 4564 4562 4562 4564 4564 4563 4563 4563 4563 4564 4564 4565 4565 4563 4563 4565 4565 4555 4555 4564 4564 4530 4530 4566 4566 4564 4564 4566 4566 4565 4565 4565 4565 4566 4566 4567 4567 4565 4565 4567 4567 4555 4555 4566 4566 4530 4530 4568 4568 4566 4566 4568 4568 4567 4567 4567 4567 4568 4568 4569 4569 4567 4567 4569 4569 4555 4555 4568 4568 4530 4530 4570 4570 4568 4568 4570 4570 4569 4569 4569 4569 4570 4570 4571 4571 4569 4569 4571 4571 4555 4555 4570 4570 4530 4530 4572 4572 4570 4570 4572 4572 4571 4571 4571 4571 4572 4572 4573 4573 4571 4571 4573 4573 4555 4555 4572 4572 4530 4530 4574 4574 4572 4572 4574 4574 4573 4573 4573 4573 4574 4574 4575 4575 4573 4573 4575 4575 4555 4555 4574 4574 4530 4530 4551 4551 4574 4574 4551 4551 4575 4575 4575 4575 4551 4551 4553 4553 4575 4575 4553 4553 4555 4555 4576 4576 4555 4555 4577 4577 4576 4576 4577 4577 4578 4578 4578 4578 4577 4577 4579 4579 4578 4578 4579 4579 4580 4580 4577 4577 4555 4555 4581 4581 4577 4577 4581 4581 4579 4579 4579 4579 4581 4581 4582 4582 4579 4579 4582 4582 4580 4580 4581 4581 4555 4555 4583 4583 4581 4581 4583 4583 4582 4582 4582 4582 4583 4583 4584 4584 4582 4582 4584 4584 4580 4580 4583 4583 4555 4555 4585 4585 4583 4583 4585 4585 4584 4584 4584 4584 4585 4585 4586 4586 4584 4584 4586 4586 4580 4580 4585 4585 4555 4555 4587 4587 4585 4585 4587 4587 4586 4586 4586 4586 4587 4587 4588 4588 4586 4586 4588 4588 4580 4580 4587 4587 4555 4555 4589 4589 4587 4587 4589 4589 4588 4588 4588 4588 4589 4589 4590 4590 4588 4588 4590 4590 4580 4580 4589 4589 4555 4555 4591 4591 4589 4589 4591 4591 4590 4590 4590 4590 4591 4591 4592 4592 4590 4590 4592 4592 4580 4580 4591 4591 4555 4555 4593 4593 4591 4591 4593 4593 4592 4592 4592 4592 4593 4593 4594 4594 4592 4592 4594 4594 4580 4580 4593 4593 4555 4555 4595 4595 4593 4593 4595 4595 4594 4594 4594 4594 4595 4595 4596 4596 4594 4594 4596 4596 4580 4580 4595 4595 4555 4555 4597 4597 4595 4595 4597 4597 4596 4596 4596 4596 4597 4597 4598 4598 4596 4596 4598 4598 4580 4580 4597 4597 4555 4555 4599 4599 4597 4597 4599 4599 4598 4598 4598 4598 4599 4599 4600 4600 4598 4598 4600 4600 4580 4580 4599 4599 4555 4555 4576 4576 4599 4599 4576 4576 4600 4600 4600 4600 4576 4576 4578 4578 4600 4600 4578 4578 4580 4580 4601 4601 4580 4580 4602 4602 4601 4601 4602 4602 4603 4603 4603 4603 4602 4602 4604 4604 4603 4603 4604 4604 4605 4605 4602 4602 4580 4580 4606 4606 4602 4602 4606 4606 4604 4604 4604 4604 4606 4606 4607 4607 4604 4604 4607 4607 4605 4605 4606 4606 4580 4580 4608 4608 4606 4606 4608 4608 4607 4607 4607 4607 4608 4608 4609 4609 4607 4607 4609 4609 4605 4605 4608 4608 4580 4580 4610 4610 4608 4608 4610 4610 4609 4609 4609 4609 4610 4610 4611 4611 4609 4609 4611 4611 4605 4605 4610 4610 4580 4580 4612 4612 4610 4610 4612 4612 4611 4611 4611 4611 4612 4612 4613 4613 4611 4611 4613 4613 4605 4605 4612 4612 4580 4580 4614 4614 4612 4612 4614 4614 4613 4613 4613 4613 4614 4614 4615 4615 4613 4613 4615 4615 4605 4605 4614 4614 4580 4580 4616 4616 4614 4614 4616 4616 4615 4615 4615 4615 4616 4616 4617 4617 4615 4615 4617 4617 4605 4605 4616 4616 4580 4580 4618 4618 4616 4616 4618 4618 4617 4617 4617 4617 4618 4618 4619 4619 4617 4617 4619 4619 4605 4605 4618 4618 4580 4580 4620 4620 4618 4618 4620 4620 4619 4619 4619 4619 4620 4620 4621 4621 4619 4619 4621 4621 4605 4605 4620 4620 4580 4580 4622 4622 4620 4620 4622 4622 4621 4621 4621 4621 4622 4622 4623 4623 4621 4621 4623 4623 4605 4605 4622 4622 4580 4580 4624 4624 4622 4622 4624 4624 4623 4623 4623 4623 4624 4624 4625 4625 4623 4623 4625 4625 4605 4605 4624 4624 4580 4580 4601 4601 4624 4624 4601 4601 4625 4625 4625 4625 4601 4601 4603 4603 4625 4625 4603 4603 4605 4605 4626 4626 4605 4605 4627 4627 4626 4626 4627 4627 4628 4628 4628 4628 4627 4627 4629 4629 4628 4628 4629 4629 4630 4630 4627 4627 4605 4605 4631 4631 4627 4627 4631 4631 4629 4629 4629 4629 4631 4631 4632 4632 4629 4629 4632 4632 4630 4630 4631 4631 4605 4605 4633 4633 4631 4631 4633 4633 4632 4632 4632 4632 4633 4633 4634 4634 4632 4632 4634 4634 4630 4630 4633 4633 4605 4605 4635 4635 4633 4633 4635 4635 4634 4634 4634 4634 4635 4635 4636 4636 4634 4634 4636 4636 4630 4630 4635 4635 4605 4605 4637 4637 4635 4635 4637 4637 4636 4636 4636 4636 4637 4637 4638 4638 4636 4636 4638 4638 4630 4630 4637 4637 4605 4605 4639 4639 4637 4637 4639 4639 4638 4638 4638 4638 4639 4639 4640 4640 4638 4638 4640 4640 4630 4630 4639 4639 4605 4605 4641 4641 4639 4639 4641 4641 4640 4640 4640 4640 4641 4641 4642 4642 4640 4640 4642 4642 4630 4630 4641 4641 4605 4605 4643 4643 4641 4641 4643 4643 4642 4642 4642 4642 4643 4643 4644 4644 4642 4642 4644 4644 4630 4630 4643 4643 4605 4605 4645 4645 4643 4643 4645 4645 4644 4644 4644 4644 4645 4645 4646 4646 4644 4644 4646 4646 4630 4630 4645 4645 4605 4605 4647 4647 4645 4645 4647 4647 4646 4646 4646 4646 4647 4647 4648 4648 4646 4646 4648 4648 4630 4630 4647 4647 4605 4605 4649 4649 4647 4647 4649 4649 4648 4648 4648 4648 4649 4649 4650 4650 4648 4648 4650 4650 4630 4630 4649 4649 4605 4605 4626 4626 4649 4649 4626 4626 4650 4650 4650 4650 4626 4626 4628 4628 4650 4650 4628 4628 4630 4630 4651 4651 4630 4630 4652 4652 4651 4651 4652 4652 4653 4653 4653 4653 4652 4652 4654 4654 4653 4653 4654 4654 4655 4655 4652 4652 4630 4630 4656 4656 4652 4652 4656 4656 4654 4654 4654 4654 4656 4656 4657 4657 4654 4654 4657 4657 4655 4655 4656 4656 4630 4630 4658 4658 4656 4656 4658 4658 4657 4657 4657 4657 4658 4658 4659 4659 4657 4657 4659 4659 4655 4655 4658 4658 4630 4630 4660 4660 4658 4658 4660 4660 4659 4659 4659 4659 4660 4660 4661 4661 4659 4659 4661 4661 4655 4655 4660 4660 4630 4630 4662 4662 4660 4660 4662 4662 4661 4661 4661 4661 4662 4662 4663 4663 4661 4661 4663 4663 4655 4655 4662 4662 4630 4630 4664 4664 4662 4662 4664 4664 4663 4663 4663 4663 4664 4664 4665 4665 4663 4663 4665 4665 4655 4655 4664 4664 4630 4630 4666 4666 4664 4664 4666 4666 4665 4665 4665 4665 4666 4666 4667 4667 4665 4665 4667 4667 4655 4655 4666 4666 4630 4630 4668 4668 4666 4666 4668 4668 4667 4667 4667 4667 4668 4668 4669 4669 4667 4667 4669 4669 4655 4655 4668 4668 4630 4630 4670 4670 4668 4668 4670 4670 4669 4669 4669 4669 4670 4670 4671 4671 4669 4669 4671 4671 4655 4655 4670 4670 4630 4630 4672 4672 4670 4670 4672 4672 4671 4671 4671 4671 4672 4672 4673 4673 4671 4671 4673 4673 4655 4655 4672 4672 4630 4630 4674 4674 4672 4672 4674 4674 4673 4673 4673 4673 4674 4674 4675 4675 4673 4673 4675 4675 4655 4655 4674 4674 4630 4630 4651 4651 4674 4674 4651 4651 4675 4675 4675 4675 4651 4651 4653 4653 4675 4675 4653 4653 4655 4655 4676 4676 4655 4655 4677 4677 4676 4676 4677 4677 4678 4678 4678 4678 4677 4677 4679 4679 4678 4678 4679 4679 4680 4680 4677 4677 4655 4655 4681 4681 4677 4677 4681 4681 4679 4679 4679 4679 4681 4681 4682 4682 4679 4679 4682 4682 4680 4680 4681 4681 4655 4655 4683 4683 4681 4681 4683 4683 4682 4682 4682 4682 4683 4683 4684 4684 4682 4682 4684 4684 4680 4680 4683 4683 4655 4655 4685 4685 4683 4683 4685 4685 4684 4684 4684 4684 4685 4685 4686 4686 4684 4684 4686 4686 4680 4680 4685 4685 4655 4655 4687 4687 4685 4685 4687 4687 4686 4686 4686 4686 4687 4687 4688 4688 4686 4686 4688 4688 4680 4680 4687 4687 4655 4655 4689 4689 4687 4687 4689 4689 4688 4688 4688 4688 4689 4689 4690 4690 4688 4688 4690 4690 4680 4680 4689 4689 4655 4655 4691 4691 4689 4689 4691 4691 4690 4690 4690 4690 4691 4691 4692 4692 4690 4690 4692 4692 4680 4680 4691 4691 4655 4655 4693 4693 4691 4691 4693 4693 4692 4692 4692 4692 4693 4693 4694 4694 4692 4692 4694 4694 4680 4680 4693 4693 4655 4655 4695 4695 4693 4693 4695 4695 4694 4694 4694 4694 4695 4695 4696 4696 4694 4694 4696 4696 4680 4680 4695 4695 4655 4655 4697 4697 4695 4695 4697 4697 4696 4696 4696 4696 4697 4697 4698 4698 4696 4696 4698 4698 4680 4680 4697 4697 4655 4655 4699 4699 4697 4697 4699 4699 4698 4698 4698 4698 4699 4699 4700 4700 4698 4698 4700 4700 4680 4680 4699 4699 4655 4655 4676 4676 4699 4699 4676 4676 4700 4700 4700 4700 4676 4676 4678 4678 4700 4700 4678 4678 4680 4680 4701 4701 4680 4680 4702 4702 4701 4701 4702 4702 4703 4703 4703 4703 4702 4702 4704 4704 4703 4703 4704 4704 4705 4705 4702 4702 4680 4680 4706 4706 4702 4702 4706 4706 4704 4704 4704 4704 4706 4706 4707 4707 4704 4704 4707 4707 4705 4705 4706 4706 4680 4680 4708 4708 4706 4706 4708 4708 4707 4707 4707 4707 4708 4708 4709 4709 4707 4707 4709 4709 4705 4705 4708 4708 4680 4680 4710 4710 4708 4708 4710 4710 4709 4709 4709 4709 4710 4710 4711 4711 4709 4709 4711 4711 4705 4705 4710 4710 4680 4680 4712 4712 4710 4710 4712 4712 4711 4711 4711 4711 4712 4712 4713 4713 4711 4711 4713 4713 4705 4705 4712 4712 4680 4680 4714 4714 4712 4712 4714 4714 4713 4713 4713 4713 4714 4714 4715 4715 4713 4713 4715 4715 4705 4705 4714 4714 4680 4680 4716 4716 4714 4714 4716 4716 4715 4715 4715 4715 4716 4716 4717 4717 4715 4715 4717 4717 4705 4705 4716 4716 4680 4680 4718 4718 4716 4716 4718 4718 4717 4717 4717 4717 4718 4718 4719 4719 4717 4717 4719 4719 4705 4705 4718 4718 4680 4680 4720 4720 4718 4718 4720 4720 4719 4719 4719 4719 4720 4720 4721 4721 4719 4719 4721 4721 4705 4705 4720 4720 4680 4680 4722 4722 4720 4720 4722 4722 4721 4721 4721 4721 4722 4722 4723 4723 4721 4721 4723 4723 4705 4705 4722 4722 4680 4680 4724 4724 4722 4722 4724 4724 4723 4723 4723 4723 4724 4724 4725 4725 4723 4723 4725 4725 4705 4705 4724 4724 4680 4680 4701 4701 4724 4724 4701 4701 4725 4725 4725 4725 4701 4701 4703 4703 4725 4725 4703 4703 4705 4705 4726 4726 4705 4705 4727 4727 4726 4726 4727 4727 4728 4728 4728 4728 4727 4727 4729 4729 4728 4728 4729 4729 4730 4730 4727 4727 4705 4705 4731 4731 4727 4727 4731 4731 4729 4729 4729 4729 4731 4731 4732 4732 4729 4729 4732 4732 4730 4730 4731 4731 4705 4705 4733 4733 4731 4731 4733 4733 4732 4732 4732 4732 4733 4733 4734 4734 4732 4732 4734 4734 4730 4730 4733 4733 4705 4705 4735 4735 4733 4733 4735 4735 4734 4734 4734 4734 4735 4735 4736 4736 4734 4734 4736 4736 4730 4730 4735 4735 4705 4705 4737 4737 4735 4735 4737 4737 4736 4736 4736 4736 4737 4737 4738 4738 4736 4736 4738 4738 4730 4730 4737 4737 4705 4705 4739 4739 4737 4737 4739 4739 4738 4738 4738 4738 4739 4739 4740 4740 4738 4738 4740 4740 4730 4730 4739 4739 4705 4705 4741 4741 4739 4739 4741 4741 4740 4740 4740 4740 4741 4741 4742 4742 4740 4740 4742 4742 4730 4730 4741 4741 4705 4705 4743 4743 4741 4741 4743 4743 4742 4742 4742 4742 4743 4743 4744 4744 4742 4742 4744 4744 4730 4730 4743 4743 4705 4705 4745 4745 4743 4743 4745 4745 4744 4744 4744 4744 4745 4745 4746 4746 4744 4744 4746 4746 4730 4730 4745 4745 4705 4705 4747 4747 4745 4745 4747 4747 4746 4746 4746 4746 4747 4747 4748 4748 4746 4746 4748 4748 4730 4730 4747 4747 4705 4705 4749 4749 4747 4747 4749 4749 4748 4748 4748 4748 4749 4749 4750 4750 4748 4748 4750 4750 4730 4730 4749 4749 4705 4705 4726 4726 4749 4749 4726 4726 4750 4750 4750 4750 4726 4726 4728 4728 4750 4750 4728 4728 4730 4730 4751 4751 4730 4730 4752 4752 4751 4751 4752 4752 4753 4753 4753 4753 4752 4752 4754 4754 4753 4753 4754 4754 4755 4755 4752 4752 4730 4730 4756 4756 4752 4752 4756 4756 4754 4754 4754 4754 4756 4756 4757 4757 4754 4754 4757 4757 4755 4755 4756 4756 4730 4730 4758 4758 4756 4756 4758 4758 4757 4757 4757 4757 4758 4758 4759 4759 4757 4757 4759 4759 4755 4755 4758 4758 4730 4730 4760 4760 4758 4758 4760 4760 4759 4759 4759 4759 4760 4760 4761 4761 4759 4759 4761 4761 4755 4755 4760 4760 4730 4730 4762 4762 4760 4760 4762 4762 4761 4761 4761 4761 4762 4762 4763 4763 4761 4761 4763 4763 4755 4755 4762 4762 4730 4730 4764 4764 4762 4762 4764 4764 4763 4763 4763 4763 4764 4764 4765 4765 4763 4763 4765 4765 4755 4755 4764 4764 4730 4730 4766 4766 4764 4764 4766 4766 4765 4765 4765 4765 4766 4766 4767 4767 4765 4765 4767 4767 4755 4755 4766 4766 4730 4730 4768 4768 4766 4766 4768 4768 4767 4767 4767 4767 4768 4768 4769 4769 4767 4767 4769 4769 4755 4755 4768 4768 4730 4730 4770 4770 4768 4768 4770 4770 4769 4769 4769 4769 4770 4770 4771 4771 4769 4769 4771 4771 4755 4755 4770 4770 4730 4730 4772 4772 4770 4770 4772 4772 4771 4771 4771 4771 4772 4772 4773 4773 4771 4771 4773 4773 4755 4755 4772 4772 4730 4730 4774 4774 4772 4772 4774 4774 4773 4773 4773 4773 4774 4774 4775 4775 4773 4773 4775 4775 4755 4755 4774 4774 4730 4730 4751 4751 4774 4774 4751 4751 4775 4775 4775 4775 4751 4751 4753 4753 4775 4775 4753 4753 4755 4755 4776 4776 4755 4755 4777 4777 4776 4776 4777 4777 4778 4778 4778 4778 4777 4777 4779 4779 4778 4778 4779 4779 4780 4780 4777 4777 4755 4755 4781 4781 4777 4777 4781 4781 4779 4779 4779 4779 4781 4781 4782 4782 4779 4779 4782 4782 4780 4780 4781 4781 4755 4755 4783 4783 4781 4781 4783 4783 4782 4782 4782 4782 4783 4783 4784 4784 4782 4782 4784 4784 4780 4780 4783 4783 4755 4755 4785 4785 4783 4783 4785 4785 4784 4784 4784 4784 4785 4785 4786 4786 4784 4784 4786 4786 4780 4780 4785 4785 4755 4755 4787 4787 4785 4785 4787 4787 4786 4786 4786 4786 4787 4787 4788 4788 4786 4786 4788 4788 4780 4780 4787 4787 4755 4755 4789 4789 4787 4787 4789 4789 4788 4788 4788 4788 4789 4789 4790 4790 4788 4788 4790 4790 4780 4780 4789 4789 4755 4755 4791 4791 4789 4789 4791 4791 4790 4790 4790 4790 4791 4791 4792 4792 4790 4790 4792 4792 4780 4780 4791 4791 4755 4755 4793 4793 4791 4791 4793 4793 4792 4792 4792 4792 4793 4793 4794 4794 4792 4792 4794 4794 4780 4780 4793 4793 4755 4755 4795 4795 4793 4793 4795 4795 4794 4794 4794 4794 4795 4795 4796 4796 4794 4794 4796 4796 4780 4780 4795 4795 4755 4755 4797 4797 4795 4795 4797 4797 4796 4796 4796 4796 4797 4797 4798 4798 4796 4796 4798 4798 4780 4780 4797 4797 4755 4755 4799 4799 4797 4797 4799 4799 4798 4798 4798 4798 4799 4799 4800 4800 4798 4798 4800 4800 4780 4780 4799 4799 4755 4755 4776 4776 4799 4799 4776 4776 4800 4800 4800 4800 4776 4776 4778 4778 4800 4800 4778 4778 4780 4780 4801 4801 4780 4780 4802 4802 4801 4801 4802 4802 4803 4803 4803 4803 4802 4802 4804 4804 4803 4803 4804 4804 4805 4805 4802 4802 4780 4780 4806 4806 4802 4802 4806 4806 4804 4804 4804 4804 4806 4806 4807 4807 4804 4804 4807 4807 4805 4805 4806 4806 4780 4780 4808 4808 4806 4806 4808 4808 4807 4807 4807 4807 4808 4808 4809 4809 4807 4807 4809 4809 4805 4805 4808 4808 4780 4780 4810 4810 4808 4808 4810 4810 4809 4809 4809 4809 4810 4810 4811 4811 4809 4809 4811 4811 4805 4805 4810 4810 4780 4780 4812 4812 4810 4810 4812 4812 4811 4811 4811 4811 4812 4812 4813 4813 4811 4811 4813 4813 4805 4805 4812 4812 4780 4780 4814 4814 4812 4812 4814 4814 4813 4813 4813 4813 4814 4814 4815 4815 4813 4813 4815 4815 4805 4805 4814 4814 4780 4780 4816 4816 4814 4814 4816 4816 4815 4815 4815 4815 4816 4816 4817 4817 4815 4815 4817 4817 4805 4805 4816 4816 4780 4780 4818 4818 4816 4816 4818 4818 4817 4817 4817 4817 4818 4818 4819 4819 4817 4817 4819 4819 4805 4805 4818 4818 4780 4780 4820 4820 4818 4818 4820 4820 4819 4819 4819 4819 4820 4820 4821 4821 4819 4819 4821 4821 4805 4805 4820 4820 4780 4780 4822 4822 4820 4820 4822 4822 4821 4821 4821 4821 4822 4822 4823 4823 4821 4821 4823 4823 4805 4805 4822 4822 4780 4780 4824 4824 4822 4822 4824 4824 4823 4823 4823 4823 4824 4824 4825 4825 4823 4823 4825 4825 4805 4805 4824 4824 4780 4780 4801 4801 4824 4824 4801 4801 4825 4825 4825 4825 4801 4801 4803 4803 4825 4825 4803 4803 4805 4805 4826 4826 4805 4805 4827 4827 4826 4826 4827 4827 4828 4828 4828 4828 4827 4827 4829 4829 4828 4828 4829 4829 4830 4830 4827 4827 4805 4805 4831 4831 4827 4827 4831 4831 4829 4829 4829 4829 4831 4831 4832 4832 4829 4829 4832 4832 4830 4830 4831 4831 4805 4805 4833 4833 4831 4831 4833 4833 4832 4832 4832 4832 4833 4833 4834 4834 4832 4832 4834 4834 4830 4830 4833 4833 4805 4805 4835 4835 4833 4833 4835 4835 4834 4834 4834 4834 4835 4835 4836 4836 4834 4834 4836 4836 4830 4830 4835 4835 4805 4805 4837 4837 4835 4835 4837 4837 4836 4836 4836 4836 4837 4837 4838 4838 4836 4836 4838 4838 4830 4830 4837 4837 4805 4805 4839 4839 4837 4837 4839 4839 4838 4838 4838 4838 4839 4839 4840 4840 4838 4838 4840 4840 4830 4830 4839 4839 4805 4805 4841 4841 4839 4839 4841 4841 4840 4840 4840 4840 4841 4841 4842 4842 4840 4840 4842 4842 4830 4830 4841 4841 4805 4805 4843 4843 4841 4841 4843 4843 4842 4842 4842 4842 4843 4843 4844 4844 4842 4842 4844 4844 4830 4830 4843 4843 4805 4805 4845 4845 4843 4843 4845 4845 4844 4844 4844 4844 4845 4845 4846 4846 4844 4844 4846 4846 4830 4830 4845 4845 4805 4805 4847 4847 4845 4845 4847 4847 4846 4846 4846 4846 4847 4847 4848 4848 4846 4846 4848 4848 4830 4830 4847 4847 4805 4805 4849 4849 4847 4847 4849 4849 4848 4848 4848 4848 4849 4849 4850 4850 4848 4848 4850 4850 4830 4830 4849 4849 4805 4805 4826 4826 4849 4849 4826 4826 4850 4850 4850 4850 4826 4826 4828 4828 4850 4850 4828 4828 4830 4830 4851 4851 4830 4830 4852 4852 4851 4851 4852 4852 4853 4853 4853 4853 4852 4852 4854 4854 4853 4853 4854 4854 4855 4855 4852 4852 4830 4830 4856 4856 4852 4852 4856 4856 4854 4854 4854 4854 4856 4856 4857 4857 4854 4854 4857 4857 4855 4855 4856 4856 4830 4830 4858 4858 4856 4856 4858 4858 4857 4857 4857 4857 4858 4858 4859 4859 4857 4857 4859 4859 4855 4855 4858 4858 4830 4830 4860 4860 4858 4858 4860 4860 4859 4859 4859 4859 4860 4860 4861 4861 4859 4859 4861 4861 4855 4855 4860 4860 4830 4830 4862 4862 4860 4860 4862 4862 4861 4861 4861 4861 4862 4862 4863 4863 4861 4861 4863 4863 4855 4855 4862 4862 4830 4830 4864 4864 4862 4862 4864 4864 4863 4863 4863 4863 4864 4864 4865 4865 4863 4863 4865 4865 4855 4855 4864 4864 4830 4830 4866 4866 4864 4864 4866 4866 4865 4865 4865 4865 4866 4866 4867 4867 4865 4865 4867 4867 4855 4855 4866 4866 4830 4830 4868 4868 4866 4866 4868 4868 4867 4867 4867 4867 4868 4868 4869 4869 4867 4867 4869 4869 4855 4855 4868 4868 4830 4830 4870 4870 4868 4868 4870 4870 4869 4869 4869 4869 4870 4870 4871 4871 4869 4869 4871 4871 4855 4855 4870 4870 4830 4830 4872 4872 4870 4870 4872 4872 4871 4871 4871 4871 4872 4872 4873 4873 4871 4871 4873 4873 4855 4855 4872 4872 4830 4830 4874 4874 4872 4872 4874 4874 4873 4873 4873 4873 4874 4874 4875 4875 4873 4873 4875 4875 4855 4855 4874 4874 4830 4830 4851 4851 4874 4874 4851 4851 4875 4875 4875 4875 4851 4851 4853 4853 4875 4875 4853 4853 4855 4855 4876 4876 4855 4855 4877 4877 4876 4876 4877 4877 4878 4878 4878 4878 4877 4877 4879 4879 4878 4878 4879 4879 4880 4880 4877 4877 4855 4855 4881 4881 4877 4877 4881 4881 4879 4879 4879 4879 4881 4881 4882 4882 4879 4879 4882 4882 4880 4880 4881 4881 4855 4855 4883 4883 4881 4881 4883 4883 4882 4882 4882 4882 4883 4883 4884 4884 4882 4882 4884 4884 4880 4880 4883 4883 4855 4855 4885 4885 4883 4883 4885 4885 4884 4884 4884 4884 4885 4885 4886 4886 4884 4884 4886 4886 4880 4880 4885 4885 4855 4855 4887 4887 4885 4885 4887 4887 4886 4886 4886 4886 4887 4887 4888 4888 4886 4886 4888 4888 4880 4880 4887 4887 4855 4855 4889 4889 4887 4887 4889 4889 4888 4888 4888 4888 4889 4889 4890 4890 4888 4888 4890 4890 4880 4880 4889 4889 4855 4855 4891 4891 4889 4889 4891 4891 4890 4890 4890 4890 4891 4891 4892 4892 4890 4890 4892 4892 4880 4880 4891 4891 4855 4855 4893 4893 4891 4891 4893 4893 4892 4892 4892 4892 4893 4893 4894 4894 4892 4892 4894 4894 4880 4880 4893 4893 4855 4855 4895 4895 4893 4893 4895 4895 4894 4894 4894 4894 4895 4895 4896 4896 4894 4894 4896 4896 4880 4880 4895 4895 4855 4855 4897 4897 4895 4895 4897 4897 4896 4896 4896 4896 4897 4897 4898 4898 4896 4896 4898 4898 4880 4880 4897 4897 4855 4855 4899 4899 4897 4897 4899 4899 4898 4898 4898 4898 4899 4899 4900 4900 4898 4898 4900 4900 4880 4880 4899 4899 4855 4855 4876 4876 4899 4899 4876 4876 4900 4900 4900 4900 4876 4876 4878 4878 4900 4900 4878 4878 4880 4880 4901 4901 4880 4880 4902 4902 4901 4901 4902 4902 4903 4903 4903 4903 4902 4902 4904 4904 4903 4903 4904 4904 4905 4905 4902 4902 4880 4880 4906 4906 4902 4902 4906 4906 4904 4904 4904 4904 4906 4906 4907 4907 4904 4904 4907 4907 4905 4905 4906 4906 4880 4880 4908 4908 4906 4906 4908 4908 4907 4907 4907 4907 4908 4908 4909 4909 4907 4907 4909 4909 4905 4905 4908 4908 4880 4880 4910 4910 4908 4908 4910 4910 4909 4909 4909 4909 4910 4910 4911 4911 4909 4909 4911 4911 4905 4905 4910 4910 4880 4880 4912 4912 4910 4910 4912 4912 4911 4911 4911 4911 4912 4912 4913 4913 4911 4911 4913 4913 4905 4905 4912 4912 4880 4880 4914 4914 4912 4912 4914 4914 4913 4913 4913 4913 4914 4914 4915 4915 4913 4913 4915 4915 4905 4905 4914 4914 4880 4880 4916 4916 4914 4914 4916 4916 4915 4915 4915 4915 4916 4916 4917 4917 4915 4915 4917 4917 4905 4905 4916 4916 4880 4880 4918 4918 4916 4916 4918 4918 4917 4917 4917 4917 4918 4918 4919 4919 4917 4917 4919 4919 4905 4905 4918 4918 4880 4880 4920 4920 4918 4918 4920 4920 4919 4919 4919 4919 4920 4920 4921 4921 4919 4919 4921 4921 4905 4905 4920 4920 4880 4880 4922 4922 4920 4920 4922 4922 4921 4921 4921 4921 4922 4922 4923 4923 4921 4921 4923 4923 4905 4905 4922 4922 4880 4880 4924 4924 4922 4922 4924 4924 4923 4923 4923 4923 4924 4924 4925 4925 4923 4923 4925 4925 4905 4905 4924 4924 4880 4880 4901 4901 4924 4924 4901 4901 4925 4925 4925 4925 4901 4901 4903 4903 4925 4925 4903 4903 4905 4905 4926 4926 4905 4905 4927 4927 4926 4926 4927 4927 4928 4928 4928 4928 4927 4927 4929 4929 4928 4928 4929 4929 4930 4930 4927 4927 4905 4905 4931 4931 4927 4927 4931 4931 4929 4929 4929 4929 4931 4931 4932 4932 4929 4929 4932 4932 4930 4930 4931 4931 4905 4905 4933 4933 4931 4931 4933 4933 4932 4932 4932 4932 4933 4933 4934 4934 4932 4932 4934 4934 4930 4930 4933 4933 4905 4905 4935 4935 4933 4933 4935 4935 4934 4934 4934 4934 4935 4935 4936 4936 4934 4934 4936 4936 4930 4930 4935 4935 4905 4905 4937 4937 4935 4935 4937 4937 4936 4936 4936 4936 4937 4937 4938 4938 4936 4936 4938 4938 4930 4930 4937 4937 4905 4905 4939 4939 4937 4937 4939 4939 4938 4938 4938 4938 4939 4939 4940 4940 4938 4938 4940 4940 4930 4930 4939 4939 4905 4905 4941 4941 4939 4939 4941 4941 4940 4940 4940 4940 4941 4941 4942 4942 4940 4940 4942 4942 4930 4930 4941 4941 4905 4905 4943 4943 4941 4941 4943 4943 4942 4942 4942 4942 4943 4943 4944 4944 4942 4942 4944 4944 4930 4930 4943 4943 4905 4905 4945 4945 4943 4943 4945 4945 4944 4944 4944 4944 4945 4945 4946 4946 4944 4944 4946 4946 4930 4930 4945 4945 4905 4905 4947 4947 4945 4945 4947 4947 4946 4946 4946 4946 4947 4947 4948 4948 4946 4946 4948 4948 4930 4930 4947 4947 4905 4905 4949 4949 4947 4947 4949 4949 4948 4948 4948 4948 4949 4949 4950 4950 4948 4948 4950 4950 4930 4930 4949 4949 4905 4905 4926 4926 4949 4949 4926 4926 4950 4950 4950 4950 4926 4926 4928 4928 4950 4950 4928 4928 4930 4930 4951 4951 4930 4930 4952 4952 4951 4951 4952 4952 4953 4953 4953 4953 4952 4952 4954 4954 4953 4953 4954 4954 4955 4955 4952 4952 4930 4930 4956 4956 4952 4952 4956 4956 4954 4954 4954 4954 4956 4956 4957 4957 4954 4954 4957 4957 4955 4955 4956 4956 4930 4930 4958 4958 4956 4956 4958 4958 4957 4957 4957 4957 4958 4958 4959 4959 4957 4957 4959 4959 4955 4955 4958 4958 4930 4930 4960 4960 4958 4958 4960 4960 4959 4959 4959 4959 4960 4960 4961 4961 4959 4959 4961 4961 4955 4955 4960 4960 4930 4930 4962 4962 4960 4960 4962 4962 4961 4961 4961 4961 4962 4962 4963 4963 4961 4961 4963 4963 4955 4955 4962 4962 4930 4930 4964 4964 4962 4962 4964 4964 4963 4963 4963 4963 4964 4964 4965 4965 4963 4963 4965 4965 4955 4955 4964 4964 4930 4930 4966 4966 4964 4964 4966 4966 4965 4965 4965 4965 4966 4966 4967 4967 4965 4965 4967 4967 4955 4955 4966 4966 4930 4930 4968 4968 4966 4966 4968 4968 4967 4967 4967 4967 4968 4968 4969 4969 4967 4967 4969 4969 4955 4955 4968 4968 4930 4930 4970 4970 4968 4968 4970 4970 4969 4969 4969 4969 4970 4970 4971 4971 4969 4969 4971 4971 4955 4955 4970 4970 4930 4930 4972 4972 4970 4970 4972 4972 4971 4971 4971 4971 4972 4972 4973 4973 4971 4971 4973 4973 4955 4955 4972 4972 4930 4930 4974 4974 4972 4972 4974 4974 4973 4973 4973 4973 4974 4974 4975 4975 4973 4973 4975 4975 4955 4955 4974 4974 4930 4930 4951 4951 4974 4974 4951 4951 4975 4975 4975 4975 4951 4951 4953 4953 4975 4975 4953 4953 4955 4955 4976 4976 4955 4955 4977 4977 4976 4976 4977 4977 4978 4978 4978 4978 4977 4977 4979 4979 4978 4978 4979 4979 4980 4980 4977 4977 4955 4955 4981 4981 4977 4977 4981 4981 4979 4979 4979 4979 4981 4981 4982 4982 4979 4979 4982 4982 4980 4980 4981 4981 4955 4955 4983 4983 4981 4981 4983 4983 4982 4982 4982 4982 4983 4983 4984 4984 4982 4982 4984 4984 4980 4980 4983 4983 4955 4955 4985 4985 4983 4983 4985 4985 4984 4984 4984 4984 4985 4985 4986 4986 4984 4984 4986 4986 4980 4980 4985 4985 4955 4955 4987 4987 4985 4985 4987 4987 4986 4986 4986 4986 4987 4987 4988 4988 4986 4986 4988 4988 4980 4980 4987 4987 4955 4955 4989 4989 4987 4987 4989 4989 4988 4988 4988 4988 4989 4989 4990 4990 4988 4988 4990 4990 4980 4980 4989 4989 4955 4955 4991 4991 4989 4989 4991 4991 4990 4990 4990 4990 4991 4991 4992 4992 4990 4990 4992 4992 4980 4980 4991 4991 4955 4955 4993 4993 4991 4991 4993 4993 4992 4992 4992 4992 4993 4993 4994 4994 4992 4992 4994 4994 4980 4980 4993 4993 4955 4955 4995 4995 4993 4993 4995 4995 4994 4994 4994 4994 4995 4995 4996 4996 4994 4994 4996 4996 4980 4980 4995 4995 4955 4955 4997 4997 4995 4995 4997 4997 4996 4996 4996 4996 4997 4997 4998 4998 4996 4996 4998 4998 4980 4980 4997 4997 4955 4955 4999 4999 4997 4997 4999 4999 4998 4998 4998 4998 4999 4999 5000 5000 4998 4998 5000 5000 4980 4980 4999 4999 4955 4955 4976 4976 4999 4999 4976 4976 5000 5000 5000 5000 4976 4976 4978 4978 5000 5000 4978 4978 4980 4980 5001 5001 4980 4980 5002 5002 5001 5001 5002 5002 5003 5003 5003 5003 5002 5002 5004 5004 5003 5003 5004 5004 5005 5005 5002 5002 4980 4980 5006 5006 5002 5002 5006 5006 5004 5004 5004 5004 5006 5006 5007 5007 5004 5004 5007 5007 5005 5005 5006 5006 4980 4980 5008 5008 5006 5006 5008 5008 5007 5007 5007 5007 5008 5008 5009 5009 5007 5007 5009 5009 5005 5005 5008 5008 4980 4980 5010 5010 5008 5008 5010 5010 5009 5009 5009 5009 5010 5010 5011 5011 5009 5009 5011 5011 5005 5005 5010 5010 4980 4980 5012 5012 5010 5010 5012 5012 5011 5011 5011 5011 5012 5012 5013 5013 5011 5011 5013 5013 5005 5005 5012 5012 4980 4980 5014 5014 5012 5012 5014 5014 5013 5013 5013 5013 5014 5014 5015 5015 5013 5013 5015 5015 5005 5005 5014 5014 4980 4980 5016 5016 5014 5014 5016 5016 5015 5015 5015 5015 5016 5016 5017 5017 5015 5015 5017 5017 5005 5005 5016 5016 4980 4980 5018 5018 5016 5016 5018 5018 5017 5017 5017 5017 5018 5018 5019 5019 5017 5017 5019 5019 5005 5005 5018 5018 4980 4980 5020 5020 5018 5018 5020 5020 5019 5019 5019 5019 5020 5020 5021 5021 5019 5019 5021 5021 5005 5005 5020 5020 4980 4980 5022 5022 5020 5020 5022 5022 5021 5021 5021 5021 5022 5022 5023 5023 5021 5021 5023 5023 5005 5005 5022 5022 4980 4980 5024 5024 5022 5022 5024 5024 5023 5023 5023 5023 5024 5024 5025 5025 5023 5023 5025 5025 5005 5005 5024 5024 4980 4980 5001 5001 5024 5024 5001 5001 5025 5025 5025 5025 5001 5001 5003 5003 5025 5025 5003 5003 5005 5005 5026 5026 5005 5005 5027 5027 5026 5026 5027 5027 5028 5028 5028 5028 5027 5027 5029 5029 5028 5028 5029 5029 5030 5030 5027 5027 5005 5005 5031 5031 5027 5027 5031 5031 5029 5029 5029 5029 5031 5031 5032 5032 5029 5029 5032 5032 5030 5030 5031 5031 5005 5005 5033 5033 5031 5031 5033 5033 5032 5032 5032 5032 5033 5033 5034 5034 5032 5032 5034 5034 5030 5030 5033 5033 5005 5005 5035 5035 5033 5033 5035 5035 5034 5034 5034 5034 5035 5035 5036 5036 5034 5034 5036 5036 5030 5030 5035 5035 5005 5005 5037 5037 5035 5035 5037 5037 5036 5036 5036 5036 5037 5037 5038 5038 5036 5036 5038 5038 5030 5030 5037 5037 5005 5005 5039 5039 5037 5037 5039 5039 5038 5038 5038 5038 5039 5039 5040 5040 5038 5038 5040 5040 5030 5030 5039 5039 5005 5005 5041 5041 5039 5039 5041 5041 5040 5040 5040 5040 5041 5041 5042 5042 5040 5040 5042 5042 5030 5030 5041 5041 5005 5005 5043 5043 5041 5041 5043 5043 5042 5042 5042 5042 5043 5043 5044 5044 5042 5042 5044 5044 5030 5030 5043 5043 5005 5005 5045 5045 5043 5043 5045 5045 5044 5044 5044 5044 5045 5045 5046 5046 5044 5044 5046 5046 5030 5030 5045 5045 5005 5005 5047 5047 5045 5045 5047 5047 5046 5046 5046 5046 5047 5047 5048 5048 5046 5046 5048 5048 5030 5030 5047 5047 5005 5005 5049 5049 5047 5047 5049 5049 5048 5048 5048 5048 5049 5049 5050 5050 5048 5048 5050 5050 5030 5030 5049 5049 5005 5005 5026 5026 5049 5049 5026 5026 5050 5050 5050 5050 5026 5026 5028 5028 5050 5050 5028 5028 5030 5030 5051 5051 5030 5030 5052 5052 5051 5051 5052 5052 5053 5053 5053 5053 5052 5052 5054 5054 5053 5053 5054 5054 5055 5055 5052 5052 5030 5030 5056 5056 5052 5052 5056 5056 5054 5054 5054 5054 5056 5056 5057 5057 5054 5054 5057 5057 5055 5055 5056 5056 5030 5030 5058 5058 5056 5056 5058 5058 5057 5057 5057 5057 5058 5058 5059 5059 5057 5057 5059 5059 5055 5055 5058 5058 5030 5030 5060 5060 5058 5058 5060 5060 5059 5059 5059 5059 5060 5060 5061 5061 5059 5059 5061 5061 5055 5055 5060 5060 5030 5030 5062 5062 5060 5060 5062 5062 5061 5061 5061 5061 5062 5062 5063 5063 5061 5061 5063 5063 5055 5055 5062 5062 5030 5030 5064 5064 5062 5062 5064 5064 5063 5063 5063 5063 5064 5064 5065 5065 5063 5063 5065 5065 5055 5055 5064 5064 5030 5030 5066 5066 5064 5064 5066 5066 5065 5065 5065 5065 5066 5066 5067 5067 5065 5065 5067 5067 5055 5055 5066 5066 5030 5030 5068 5068 5066 5066 5068 5068 5067 5067 5067 5067 5068 5068 5069 5069 5067 5067 5069 5069 5055 5055 5068 5068 5030 5030 5070 5070 5068 5068 5070 5070 5069 5069 5069 5069 5070 5070 5071 5071 5069 5069 5071 5071 5055 5055 5070 5070 5030 5030 5072 5072 5070 5070 5072 5072 5071 5071 5071 5071 5072 5072 5073 5073 5071 5071 5073 5073 5055 5055 5072 5072 5030 5030 5074 5074 5072 5072 5074 5074 5073 5073 5073 5073 5074 5074 5075 5075 5073 5073 5075 5075 5055 5055 5074 5074 5030 5030 5051 5051 5074 5074 5051 5051 5075 5075 5075 5075 5051 5051 5053 5053 5075 5075 5053 5053 5055 5055 5076 5076 5055 5055 5077 5077 5076 5076 5077 5077 5078 5078 5078 5078 5077 5077 5079 5079 5078 5078 5079 5079 5080 5080 5077 5077 5055 5055 5081 5081 5077 5077 5081 5081 5079 5079 5079 5079 5081 5081 5082 5082 5079 5079 5082 5082 5080 5080 5081 5081 5055 5055 5083 5083 5081 5081 5083 5083 5082 5082 5082 5082 5083 5083 5084 5084 5082 5082 5084 5084 5080 5080 5083 5083 5055 5055 5085 5085 5083 5083 5085 5085 5084 5084 5084 5084 5085 5085 5086 5086 5084 5084 5086 5086 5080 5080 5085 5085 5055 5055 5087 5087 5085 5085 5087 5087 5086 5086 5086 5086 5087 5087 5088 5088 5086 5086 5088 5088 5080 5080 5087 5087 5055 5055 5089 5089 5087 5087 5089 5089 5088 5088 5088 5088 5089 5089 5090 5090 5088 5088 5090 5090 5080 5080 5089 5089 5055 5055 5091 5091 5089 5089 5091 5091 5090 5090 5090 5090 5091 5091 5092 5092 5090 5090 5092 5092 5080 5080 5091 5091 5055 5055 5093 5093 5091 5091 5093 5093 5092 5092 5092 5092 5093 5093 5094 5094 5092 5092 5094 5094 5080 5080 5093 5093 5055 5055 5095 5095 5093 5093 5095 5095 5094 5094 5094 5094 5095 5095 5096 5096 5094 5094 5096 5096 5080 5080 5095 5095 5055 5055 5097 5097 5095 5095 5097 5097 5096 5096 5096 5096 5097 5097 5098 5098 5096 5096 5098 5098 5080 5080 5097 5097 5055 5055 5099 5099 5097 5097 5099 5099 5098 5098 5098 5098 5099 5099 5100 5100 5098 5098 5100 5100 5080 5080 5099 5099 5055 5055 5076 5076 5099 5099 5076 5076 5100 5100 5100 5100 5076 5076 5078 5078 5100 5100 5078 5078 5080 5080 5101 5101 5080 5080 5102 5102 5101 5101 5102 5102 5103 5103 5103 5103 5102 5102 5104 5104 5103 5103 5104 5104 5105 5105 5102 5102 5080 5080 5106 5106 5102 5102 5106 5106 5104 5104 5104 5104 5106 5106 5107 5107 5104 5104 5107 5107 5105 5105 5106 5106 5080 5080 5108 5108 5106 5106 5108 5108 5107 5107 5107 5107 5108 5108 5109 5109 5107 5107 5109 5109 5105 5105 5108 5108 5080 5080 5110 5110 5108 5108 5110 5110 5109 5109 5109 5109 5110 5110 5111 5111 5109 5109 5111 5111 5105 5105 5110 5110 5080 5080 5112 5112 5110 5110 5112 5112 5111 5111 5111 5111 5112 5112 5113 5113 5111 5111 5113 5113 5105 5105 5112 5112 5080 5080 5114 5114 5112 5112 5114 5114 5113 5113 5113 5113 5114 5114 5115 5115 5113 5113 5115 5115 5105 5105 5114 5114 5080 5080 5116 5116 5114 5114 5116 5116 5115 5115 5115 5115 5116 5116 5117 5117 5115 5115 5117 5117 5105 5105 5116 5116 5080 5080 5118 5118 5116 5116 5118 5118 5117 5117 5117 5117 5118 5118 5119 5119 5117 5117 5119 5119 5105 5105 5118 5118 5080 5080 5120 5120 5118 5118 5120 5120 5119 5119 5119 5119 5120 5120 5121 5121 5119 5119 5121 5121 5105 5105 5120 5120 5080 5080 5122 5122 5120 5120 5122 5122 5121 5121 5121 5121 5122 5122 5123 5123 5121 5121 5123 5123 5105 5105 5122 5122 5080 5080 5124 5124 5122 5122 5124 5124 5123 5123 5123 5123 5124 5124 5125 5125 5123 5123 5125 5125 5105 5105 5124 5124 5080 5080 5101 5101 5124 5124 5101 5101 5125 5125 5125 5125 5101 5101 5103 5103 5125 5125 5103 5103 5105 5105 5126 5126 5105 5105 5127 5127 5126 5126 5127 5127 5128 5128 5128 5128 5127 5127 5129 5129 5128 5128 5129 5129 5130 5130 5127 5127 5105 5105 5131 5131 5127 5127 5131 5131 5129 5129 5129 5129 5131 5131 5132 5132 5129 5129 5132 5132 5130 5130 5131 5131 5105 5105 5133 5133 5131 5131 5133 5133 5132 5132 5132 5132 5133 5133 5134 5134 5132 5132 5134 5134 5130 5130 5133 5133 5105 5105 5135 5135 5133 5133 5135 5135 5134 5134 5134 5134 5135 5135 5136 5136 5134 5134 5136 5136 5130 5130 5135 5135 5105 5105 5137 5137 5135 5135 5137 5137 5136 5136 5136 5136 5137 5137 5138 5138 5136 5136 5138 5138 5130 5130 5137 5137 5105 5105 5139 5139 5137 5137 5139 5139 5138 5138 5138 5138 5139 5139 5140 5140 5138 5138 5140 5140 5130 5130 5139 5139 5105 5105 5141 5141 5139 5139 5141 5141 5140 5140 5140 5140 5141 5141 5142 5142 5140 5140 5142 5142 5130 5130 5141 5141 5105 5105 5143 5143 5141 5141 5143 5143 5142 5142 5142 5142 5143 5143 5144 5144 5142 5142 5144 5144 5130 5130 5143 5143 5105 5105 5145 5145 5143 5143 5145 5145 5144 5144 5144 5144 5145 5145 5146 5146 5144 5144 5146 5146 5130 5130 5145 5145 5105 5105 5147 5147 5145 5145 5147 5147 5146 5146 5146 5146 5147 5147 5148 5148 5146 5146 5148 5148 5130 5130 5147 5147 5105 5105 5149 5149 5147 5147 5149 5149 5148 5148 5148 5148 5149 5149 5150 5150 5148 5148 5150 5150 5130 5130 5149 5149 5105 5105 5126 5126 5149 5149 5126 5126 5150 5150 5150 5150 5126 5126 5128 5128 5150 5150 5128 5128 5130 5130 5151 5151 5130 5130 5152 5152 5151 5151 5152 5152 5153 5153 5153 5153 5152 5152 5154 5154 5153 5153 5154 5154 5155 5155 5152 5152 5130 5130 5156 5156 5152 5152 5156 5156 5154 5154 5154 5154 5156 5156 5157 5157 5154 5154 5157 5157 5155 5155 5156 5156 5130 5130 5158 5158 5156 5156 5158 5158 5157 5157 5157 5157 5158 5158 5159 5159 5157 5157 5159 5159 5155 5155 5158 5158 5130 5130 5160 5160 5158 5158 5160 5160 5159 5159 5159 5159 5160 5160 5161 5161 5159 5159 5161 5161 5155 5155 5160 5160 5130 5130 5162 5162 5160 5160 5162 5162 5161 5161 5161 5161 5162 5162 5163 5163 5161 5161 5163 5163 5155 5155 5162 5162 5130 5130 5164 5164 5162 5162 5164 5164 5163 5163 5163 5163 5164 5164 5165 5165 5163 5163 5165 5165 5155 5155 5164 5164 5130 5130 5166 5166 5164 5164 5166 5166 5165 5165 5165 5165 5166 5166 5167 5167 5165 5165 5167 5167 5155 5155 5166 5166 5130 5130 5168 5168 5166 5166 5168 5168 5167 5167 5167 5167 5168 5168 5169 5169 5167 5167 5169 5169 5155 5155 5168 5168 5130 5130 5170 5170 5168 5168 5170 5170 5169 5169 5169 5169 5170 5170 5171 5171 5169 5169 5171 5171 5155 5155 5170 5170 5130 5130 5172 5172 5170 5170 5172 5172 5171 5171 5171 5171 5172 5172 5173 5173 5171 5171 5173 5173 5155 5155 5172 5172 5130 5130 5174 5174 5172 5172 5174 5174 5173 5173 5173 5173 5174 5174 5175 5175 5173 5173 5175 5175 5155 5155 5174 5174 5130 5130 5151 5151 5174 5174 5151 5151 5175 5175 5175 5175 5151 5151 5153 5153 5175 5175 5153 5153 5155 5155 5176 5176 5155 5155 5177 5177 5176 5176 5177 5177 5178 5178 5178 5178 5177 5177 5179 5179 5178 5178 5179 5179 5180 5180 5177 5177 5155 5155 5181 5181 5177 5177 5181 5181 5179 5179 5179 5179 5181 5181 5182 5182 5179 5179 5182 5182 5180 5180 5181 5181 5155 5155 5183 5183 5181 5181 5183 5183 5182 5182 5182 5182 5183 5183 5184 5184 5182 5182 5184 5184 5180 5180 5183 5183 5155 5155 5185 5185 5183 5183 5185 5185 5184 5184 5184 5184 5185 5185 5186 5186 5184 5184 5186 5186 5180 5180 5185 5185 5155 5155 5187 5187 5185 5185 5187 5187 5186 5186 5186 5186 5187 5187 5188 5188 5186 5186 5188 5188 5180 5180 5187 5187 5155 5155 5189 5189 5187 5187 5189 5189 5188 5188 5188 5188 5189 5189 5190 5190 5188 5188 5190 5190 5180 5180 5189 5189 5155 5155 5191 5191 5189 5189 5191 5191 5190 5190 5190 5190 5191 5191 5192 5192 5190 5190 5192 5192 5180 5180 5191 5191 5155 5155 5193 5193 5191 5191 5193 5193 5192 5192 5192 5192 5193 5193 5194 5194 5192 5192 5194 5194 5180 5180 5193 5193 5155 5155 5195 5195 5193 5193 5195 5195 5194 5194 5194 5194 5195 5195 5196 5196 5194 5194 5196 5196 5180 5180 5195 5195 5155 5155 5197 5197 5195 5195 5197 5197 5196 5196 5196 5196 5197 5197 5198 5198 5196 5196 5198 5198 5180 5180 5197 5197 5155 5155 5199 5199 5197 5197 5199 5199 5198 5198 5198 5198 5199 5199 5200 5200 5198 5198 5200 5200 5180 5180 5199 5199 5155 5155 5176 5176 5199 5199 5176 5176 5200 5200 5200 5200 5176 5176 5178 5178 5200 5200 5178 5178 5180 5180 5201 5201 5180 5180 5202 5202 5201 5201 5202 5202 5203 5203 5203 5203 5202 5202 5204 5204 5203 5203 5204 5204 5205 5205 5202 5202 5180 5180 5206 5206 5202 5202 5206 5206 5204 5204 5204 5204 5206 5206 5207 5207 5204 5204 5207 5207 5205 5205 5206 5206 5180 5180 5208 5208 5206 5206 5208 5208 5207 5207 5207 5207 5208 5208 5209 5209 5207 5207 5209 5209 5205 5205 5208 5208 5180 5180 5210 5210 5208 5208 5210 5210 5209 5209 5209 5209 5210 5210 5211 5211 5209 5209 5211 5211 5205 5205 5210 5210 5180 5180 5212 5212 5210 5210 5212 5212 5211 5211 5211 5211 5212 5212 5213 5213 5211 5211 5213 5213 5205 5205 5212 5212 5180 5180 5214 5214 5212 5212 5214 5214 5213 5213 5213 5213 5214 5214 5215 5215 5213 5213 5215 5215 5205 5205 5214 5214 5180 5180 5216 5216 5214 5214 5216 5216 5215 5215 5215 5215 5216 5216 5217 5217 5215 5215 5217 5217 5205 5205 5216 5216 5180 5180 5218 5218 5216 5216 5218 5218 5217 5217 5217 5217 5218 5218 5219 5219 5217 5217 5219 5219 5205 5205 5218 5218 5180 5180 5220 5220 5218 5218 5220 5220 5219 5219 5219 5219 5220 5220 5221 5221 5219 5219 5221 5221 5205 5205 5220 5220 5180 5180 5222 5222 5220 5220 5222 5222 5221 5221 5221 5221 5222 5222 5223 5223 5221 5221 5223 5223 5205 5205 5222 5222 5180 5180 5224 5224 5222 5222 5224 5224 5223 5223 5223 5223 5224 5224 5225 5225 5223 5223 5225 5225 5205 5205 5224 5224 5180 5180 5201 5201 5224 5224 5201 5201 5225 5225 5225 5225 5201 5201 5203 5203 5225 5225 5203 5203 5205 5205 5226 5226 5205 5205 5227 5227 5226 5226 5227 5227 5228 5228 5228 5228 5227 5227 5229 5229 5228 5228 5229 5229 5230 5230 5227 5227 5205 5205 5231 5231 5227 5227 5231 5231 5229 5229 5229 5229 5231 5231 5232 5232 5229 5229 5232 5232 5230 5230 5231 5231 5205 5205 5233 5233 5231 5231 5233 5233 5232 5232 5232 5232 5233 5233 5234 5234 5232 5232 5234 5234 5230 5230 5233 5233 5205 5205 5235 5235 5233 5233 5235 5235 5234 5234 5234 5234 5235 5235 5236 5236 5234 5234 5236 5236 5230 5230 5235 5235 5205 5205 5237 5237 5235 5235 5237 5237 5236 5236 5236 5236 5237 5237 5238 5238 5236 5236 5238 5238 5230 5230 5237 5237 5205 5205 5239 5239 5237 5237 5239 5239 5238 5238 5238 5238 5239 5239 5240 5240 5238 5238 5240 5240 5230 5230 5239 5239 5205 5205 5241 5241 5239 5239 5241 5241 5240 5240 5240 5240 5241 5241 5242 5242 5240 5240 5242 5242 5230 5230 5241 5241 5205 5205 5243 5243 5241 5241 5243 5243 5242 5242 5242 5242 5243 5243 5244 5244 5242 5242 5244 5244 5230 5230 5243 5243 5205 5205 5245 5245 5243 5243 5245 5245 5244 5244 5244 5244 5245 5245 5246 5246 5244 5244 5246 5246 5230 5230 5245 5245 5205 5205 5247 5247 5245 5245 5247 5247 5246 5246 5246 5246 5247 5247 5248 5248 5246 5246 5248 5248 5230 5230 5247 5247 5205 5205 5249 5249 5247 5247 5249 5249 5248 5248 5248 5248 5249 5249 5250 5250 5248 5248 5250 5250 5230 5230 5249 5249 5205 5205 5226 5226 5249 5249 5226 5226 5250 5250 5250 5250 5226 5226 5228 5228 5250 5250 5228 5228 5230 5230 5251 5251 5230 5230 5252 5252 5251 5251 5252 5252 5253 5253 5253 5253 5252 5252 5254 5254 5253 5253 5254 5254 5255 5255 5252 5252 5230 5230 5256 5256 5252 5252 5256 5256 5254 5254 5254 5254 5256 5256 5257 5257 5254 5254 5257 5257 5255 5255 5256 5256 5230 5230 5258 5258 5256 5256 5258 5258 5257 5257 5257 5257 5258 5258 5259 5259 5257 5257 5259 5259 5255 5255 5258 5258 5230 5230 5260 5260 5258 5258 5260 5260 5259 5259 5259 5259 5260 5260 5261 5261 5259 5259 5261 5261 5255 5255 5260 5260 5230 5230 5262 5262 5260 5260 5262 5262 5261 5261 5261 5261 5262 5262 5263 5263 5261 5261 5263 5263 5255 5255 5262 5262 5230 5230 5264 5264 5262 5262 5264 5264 5263 5263 5263 5263 5264 5264 5265 5265 5263 5263 5265 5265 5255 5255 5264 5264 5230 5230 5266 5266 5264 5264 5266 5266 5265 5265 5265 5265 5266 5266 5267 5267 5265 5265 5267 5267 5255 5255 5266 5266 5230 5230 5268 5268 5266 5266 5268 5268 5267 5267 5267 5267 5268 5268 5269 5269 5267 5267 5269 5269 5255 5255 5268 5268 5230 5230 5270 5270 5268 5268 5270 5270 5269 5269 5269 5269 5270 5270 5271 5271 5269 5269 5271 5271 5255 5255 5270 5270 5230 5230 5272 5272 5270 5270 5272 5272 5271 5271 5271 5271 5272 5272 5273 5273 5271 5271 5273 5273 5255 5255 5272 5272 5230 5230 5274 5274 5272 5272 5274 5274 5273 5273 5273 5273 5274 5274 5275 5275 5273 5273 5275 5275 5255 5255 5274 5274 5230 5230 5251 5251 5274 5274 5251 5251 5275 5275 5275 5275 5251 5251 5253 5253 5275 5275 5253 5253 5255 5255 5276 5276 5255 5255 5277 5277 5276 5276 5277 5277 5278 5278 5278 5278 5277 5277 5279 5279 5278 5278 5279 5279 5280 5280 5277 5277 5255 5255 5281 5281 5277 5277 5281 5281 5279 5279 5279 5279 5281 5281 5282 5282 5279 5279 5282 5282 5280 5280 5281 5281 5255 5255 5283 5283 5281 5281 5283 5283 5282 5282 5282 5282 5283 5283 5284 5284 5282 5282 5284 5284 5280 5280 5283 5283 5255 5255 5285 5285 5283 5283 5285 5285 5284 5284 5284 5284 5285 5285 5286 5286 5284 5284 5286 5286 5280 5280 5285 5285 5255 5255 5287 5287 5285 5285 5287 5287 5286 5286 5286 5286 5287 5287 5288 5288 5286 5286 5288 5288 5280 5280 5287 5287 5255 5255 5289 5289 5287 5287 5289 5289 5288 5288 5288 5288 5289 5289 5290 5290 5288 5288 5290 5290 5280 5280 5289 5289 5255 5255 5291 5291 5289 5289 5291 5291 5290 5290 5290 5290 5291 5291 5292 5292 5290 5290 5292 5292 5280 5280 5291 5291 5255 5255 5293 5293 5291 5291 5293 5293 5292 5292 5292 5292 5293 5293 5294 5294 5292 5292 5294 5294 5280 5280 5293 5293 5255 5255 5295 5295 5293 5293 5295 5295 5294 5294 5294 5294 5295 5295 5296 5296 5294 5294 5296 5296 5280 5280 5295 5295 5255 5255 5297 5297 5295 5295 5297 5297 5296 5296 5296 5296 5297 5297 5298 5298 5296 5296 5298 5298 5280 5280 5297 5297 5255 5255 5299 5299 5297 5297 5299 5299 5298 5298 5298 5298 5299 5299 5300 5300 5298 5298 5300 5300 5280 5280 5299 5299 5255 5255 5276 5276 5299 5299 5276 5276 5300 5300 5300 5300 5276 5276 5278 5278 5300 5300 5278 5278 5280 5280 5301 5301 5280 5280 5302 5302 5301 5301 5302 5302 5303 5303 5303 5303 5302 5302 5304 5304 5303 5303 5304 5304 5305 5305 5302 5302 5280 5280 5306 5306 5302 5302 5306 5306 5304 5304 5304 5304 5306 5306 5307 5307 5304 5304 5307 5307 5305 5305 5306 5306 5280 5280 5308 5308 5306 5306 5308 5308 5307 5307 5307 5307 5308 5308 5309 5309 5307 5307 5309 5309 5305 5305 5308 5308 5280 5280 5310 5310 5308 5308 5310 5310 5309 5309 5309 5309 5310 5310 5311 5311 5309 5309 5311 5311 5305 5305 5310 5310 5280 5280 5312 5312 5310 5310 5312 5312 5311 5311 5311 5311 5312 5312 5313 5313 5311 5311 5313 5313 5305 5305 5312 5312 5280 5280 5314 5314 5312 5312 5314 5314 5313 5313 5313 5313 5314 5314 5315 5315 5313 5313 5315 5315 5305 5305 5314 5314 5280 5280 5316 5316 5314 5314 5316 5316 5315 5315 5315 5315 5316 5316 5317 5317 5315 5315 5317 5317 5305 5305 5316 5316 5280 5280 5318 5318 5316 5316 5318 5318 5317 5317 5317 5317 5318 5318 5319 5319 5317 5317 5319 5319 5305 5305 5318 5318 5280 5280 5320 5320 5318 5318 5320 5320 5319 5319 5319 5319 5320 5320 5321 5321 5319 5319 5321 5321 5305 5305 5320 5320 5280 5280 5322 5322 5320 5320 5322 5322 5321 5321 5321 5321 5322 5322 5323 5323 5321 5321 5323 5323 5305 5305 5322 5322 5280 5280 5324 5324 5322 5322 5324 5324 5323 5323 5323 5323 5324 5324 5325 5325 5323 5323 5325 5325 5305 5305 5324 5324 5280 5280 5301 5301 5324 5324 5301 5301 5325 5325 5325 5325 5301 5301 5303 5303 5325 5325 5303 5303 5305 5305 5326 5326 5305 5305 5327 5327 5326 5326 5327 5327 5328 5328 5328 5328 5327 5327 5329 5329 5328 5328 5329 5329 5330 5330 5327 5327 5305 5305 5331 5331 5327 5327 5331 5331 5329 5329 5329 5329 5331 5331 5332 5332 5329 5329 5332 5332 5330 5330 5331 5331 5305 5305 5333 5333 5331 5331 5333 5333 5332 5332 5332 5332 5333 5333 5334 5334 5332 5332 5334 5334 5330 5330 5333 5333 5305 5305 5335 5335 5333 5333 5335 5335 5334 5334 5334 5334 5335 5335 5336 5336 5334 5334 5336 5336 5330 5330 5335 5335 5305 5305 5337 5337 5335 5335 5337 5337 5336 5336 5336 5336 5337 5337 5338 5338 5336 5336 5338 5338 5330 5330 5337 5337 5305 5305 5339 5339 5337 5337 5339 5339 5338 5338 5338 5338 5339 5339 5340 5340 5338 5338 5340 5340 5330 5330 5339 5339 5305 5305 5341 5341 5339 5339 5341 5341 5340 5340 5340 5340 5341 5341 5342 5342 5340 5340 5342 5342 5330 5330 5341 5341 5305 5305 5343 5343 5341 5341 5343 5343 5342 5342 5342 5342 5343 5343 5344 5344 5342 5342 5344 5344 5330 5330 5343 5343 5305 5305 5345 5345 5343 5343 5345 5345 5344 5344 5344 5344 5345 5345 5346 5346 5344 5344 5346 5346 5330 5330 5345 5345 5305 5305 5347 5347 5345 5345 5347 5347 5346 5346 5346 5346 5347 5347 5348 5348 5346 5346 5348 5348 5330 5330 5347 5347 5305 5305 5349 5349 5347 5347 5349 5349 5348 5348 5348 5348 5349 5349 5350 5350 5348 5348 5350 5350 5330 5330 5349 5349 5305 5305 5326 5326 5349 5349 5326 5326 5350 5350 5350 5350 5326 5326 5328 5328 5350 5350 5328 5328 5330 5330 5351 5351 5330 5330 5352 5352 5351 5351 5352 5352 5353 5353 5353 5353 5352 5352 5354 5354 5353 5353 5354 5354 5355 5355 5352 5352 5330 5330 5356 5356 5352 5352 5356 5356 5354 5354 5354 5354 5356 5356 5357 5357 5354 5354 5357 5357 5355 5355 5356 5356 5330 5330 5358 5358 5356 5356 5358 5358 5357 5357 5357 5357 5358 5358 5359 5359 5357 5357 5359 5359 5355 5355 5358 5358 5330 5330 5360 5360 5358 5358 5360 5360 5359 5359 5359 5359 5360 5360 5361 5361 5359 5359 5361 5361 5355 5355 5360 5360 5330 5330 5362 5362 5360 5360 5362 5362 5361 5361 5361 5361 5362 5362 5363 5363 5361 5361 5363 5363 5355 5355 5362 5362 5330 5330 5364 5364 5362 5362 5364 5364 5363 5363 5363 5363 5364 5364 5365 5365 5363 5363 5365 5365 5355 5355 5364 5364 5330 5330 5366 5366 5364 5364 5366 5366 5365 5365 5365 5365 5366 5366 5367 5367 5365 5365 5367 5367 5355 5355 5366 5366 5330 5330 5368 5368 5366 5366 5368 5368 5367 5367 5367 5367 5368 5368 5369 5369 5367 5367 5369 5369 5355 5355 5368 5368 5330 5330 5370 5370 5368 5368 5370 5370 5369 5369 5369 5369 5370 5370 5371 5371 5369 5369 5371 5371 5355 5355 5370 5370 5330 5330 5372 5372 5370 5370 5372 5372 5371 5371 5371 5371 5372 5372 5373 5373 5371 5371 5373 5373 5355 5355 5372 5372 5330 5330 5374 5374 5372 5372 5374 5374 5373 5373 5373 5373 5374 5374 5375 5375 5373 5373 5375 5375 5355 5355 5374 5374 5330 5330 5351 5351 5374 5374 5351 5351 5375 5375 5375 5375 5351 5351 5353 5353 5375 5375 5353 5353 5355 5355 5376 5376 5355 5355 5377 5377 5376 5376 5377 5377 5378 5378 5378 5378 5377 5377 5379 5379 5378 5378 5379 5379 5380 5380 5377 5377 5355 5355 5381 5381 5377 5377 5381 5381 5379 5379 5379 5379 5381 5381 5382 5382 5379 5379 5382 5382 5380 5380 5381 5381 5355 5355 5383 5383 5381 5381 5383 5383 5382 5382 5382 5382 5383 5383 5384 5384 5382 5382 5384 5384 5380 5380 5383 5383 5355 5355 5385 5385 5383 5383 5385 5385 5384 5384 5384 5384 5385 5385 5386 5386 5384 5384 5386 5386 5380 5380 5385 5385 5355 5355 5387 5387 5385 5385 5387 5387 5386 5386 5386 5386 5387 5387 5388 5388 5386 5386 5388 5388 5380 5380 5387 5387 5355 5355 5389 5389 5387 5387 5389 5389 5388 5388 5388 5388 5389 5389 5390 5390 5388 5388 5390 5390 5380 5380 5389 5389 5355 5355 5391 5391 5389 5389 5391 5391 5390 5390 5390 5390 5391 5391 5392 5392 5390 5390 5392 5392 5380 5380 5391 5391 5355 5355 5393 5393 5391 5391 5393 5393 5392 5392 5392 5392 5393 5393 5394 5394 5392 5392 5394 5394 5380 5380 5393 5393 5355 5355 5395 5395 5393 5393 5395 5395 5394 5394 5394 5394 5395 5395 5396 5396 5394 5394 5396 5396 5380 5380 5395 5395 5355 5355 5397 5397 5395 5395 5397 5397 5396 5396 5396 5396 5397 5397 5398 5398 5396 5396 5398 5398 5380 5380 5397 5397 5355 5355 5399 5399 5397 5397 5399 5399 5398 5398 5398 5398 5399 5399 5400 5400 5398 5398 5400 5400 5380 5380 5399 5399 5355 5355 5376 5376 5399 5399 5376 5376 5400 5400 5400 5400 5376 5376 5378 5378 5400 5400 5378 5378 5380 5380 5401 5401 5380 5380 5402 5402 5401 5401 5402 5402 5403 5403 5403 5403 5402 5402 5404 5404 5403 5403 5404 5404 5405 5405 5402 5402 5380 5380 5406 5406 5402 5402 5406 5406 5404 5404 5404 5404 5406 5406 5407 5407 5404 5404 5407 5407 5405 5405 5406 5406 5380 5380 5408 5408 5406 5406 5408 5408 5407 5407 5407 5407 5408 5408 5409 5409 5407 5407 5409 5409 5405 5405 5408 5408 5380 5380 5410 5410 5408 5408 5410 5410 5409 5409 5409 5409 5410 5410 5411 5411 5409 5409 5411 5411 5405 5405 5410 5410 5380 5380 5412 5412 5410 5410 5412 5412 5411 5411 5411 5411 5412 5412 5413 5413 5411 5411 5413 5413 5405 5405 5412 5412 5380 5380 5414 5414 5412 5412 5414 5414 5413 5413 5413 5413 5414 5414 5415 5415 5413 5413 5415 5415 5405 5405 5414 5414 5380 5380 5416 5416 5414 5414 5416 5416 5415 5415 5415 5415 5416 5416 5417 5417 5415 5415 5417 5417 5405 5405 5416 5416 5380 5380 5418 5418 5416 5416 5418 5418 5417 5417 5417 5417 5418 5418 5419 5419 5417 5417 5419 5419 5405 5405 5418 5418 5380 5380 5420 5420 5418 5418 5420 5420 5419 5419 5419 5419 5420 5420 5421 5421 5419 5419 5421 5421 5405 5405 5420 5420 5380 5380 5422 5422 5420 5420 5422 5422 5421 5421 5421 5421 5422 5422 5423 5423 5421 5421 5423 5423 5405 5405 5422 5422 5380 5380 5424 5424 5422 5422 5424 5424 5423 5423 5423 5423 5424 5424 5425 5425 5423 5423 5425 5425 5405 5405 5424 5424 5380 5380 5401 5401 5424 5424 5401 5401 5425 5425 5425 5425 5401 5401 5403 5403 5425 5425 5403 5403 5405 5405 5426 5426 5405 5405 5427 5427 5426 5426 5427 5427 5428 5428 5428 5428 5427 5427 5429 5429 5428 5428 5429 5429 5430 5430 5427 5427 5405 5405 5431 5431 5427 5427 5431 5431 5429 5429 5429 5429 5431 5431 5432 5432 5429 5429 5432 5432 5430 5430 5431 5431 5405 5405 5433 5433 5431 5431 5433 5433 5432 5432 5432 5432 5433 5433 5434 5434 5432 5432 5434 5434 5430 5430 5433 5433 5405 5405 5435 5435 5433 5433 5435 5435 5434 5434 5434 5434 5435 5435 5436 5436 5434 5434 5436 5436 5430 5430 5435 5435 5405 5405 5437 5437 5435 5435 5437 5437 5436 5436 5436 5436 5437 5437 5438 5438 5436 5436 5438 5438 5430 5430 5437 5437 5405 5405 5439 5439 5437 5437 5439 5439 5438 5438 5438 5438 5439 5439 5440 5440 5438 5438 5440 5440 5430 5430 5439 5439 5405 5405 5441 5441 5439 5439 5441 5441 5440 5440 5440 5440 5441 5441 5442 5442 5440 5440 5442 5442 5430 5430 5441 5441 5405 5405 5443 5443 5441 5441 5443 5443 5442 5442 5442 5442 5443 5443 5444 5444 5442 5442 5444 5444 5430 5430 5443 5443 5405 5405 5445 5445 5443 5443 5445 5445 5444 5444 5444 5444 5445 5445 5446 5446 5444 5444 5446 5446 5430 5430 5445 5445 5405 5405 5447 5447 5445 5445 5447 5447 5446 5446 5446 5446 5447 5447 5448 5448 5446 5446 5448 5448 5430 5430 5447 5447 5405 5405 5449 5449 5447 5447 5449 5449 5448 5448 5448 5448 5449 5449 5450 5450 5448 5448 5450 5450 5430 5430 5449 5449 5405 5405 5426 5426 5449 5449 5426 5426 5450 5450 5450 5450 5426 5426 5428 5428 5450 5450 5428 5428 5430 5430 5451 5451 5430 5430 5452 5452 5451 5451 5452 5452 5453 5453 5453 5453 5452 5452 5454 5454 5453 5453 5454 5454 5455 5455 5452 5452 5430 5430 5456 5456 5452 5452 5456 5456 5454 5454 5454 5454 5456 5456 5457 5457 5454 5454 5457 5457 5455 5455 5456 5456 5430 5430 5458 5458 5456 5456 5458 5458 5457 5457 5457 5457 5458 5458 5459 5459 5457 5457 5459 5459 5455 5455 5458 5458 5430 5430 5460 5460 5458 5458 5460 5460 5459 5459 5459 5459 5460 5460 5461 5461 5459 5459 5461 5461 5455 5455 5460 5460 5430 5430 5462 5462 5460 5460 5462 5462 5461 5461 5461 5461 5462 5462 5463 5463 5461 5461 5463 5463 5455 5455 5462 5462 5430 5430 5464 5464 5462 5462 5464 5464 5463 5463 5463 5463 5464 5464 5465 5465 5463 5463 5465 5465 5455 5455 5464 5464 5430 5430 5466 5466 5464 5464 5466 5466 5465 5465 5465 5465 5466 5466 5467 5467 5465 5465 5467 5467 5455 5455 5466 5466 5430 5430 5468 5468 5466 5466 5468 5468 5467 5467 5467 5467 5468 5468 5469 5469 5467 5467 5469 5469 5455 5455 5468 5468 5430 5430 5470 5470 5468 5468 5470 5470 5469 5469 5469 5469 5470 5470 5471 5471 5469 5469 5471 5471 5455 5455 5470 5470 5430 5430 5472 5472 5470 5470 5472 5472 5471 5471 5471 5471 5472 5472 5473 5473 5471 5471 5473 5473 5455 5455 5472 5472 5430 5430 5474 5474 5472 5472 5474 5474 5473 5473 5473 5473 5474 5474 5475 5475 5473 5473 5475 5475 5455 5455 5474 5474 5430 5430 5451 5451 5474 5474 5451 5451 5475 5475 5475 5475 5451 5451 5453 5453 5475 5475 5453 5453 5455 5455 5476 5476 5455 5455 5477 5477 5476 5476 5477 5477 5478 5478 5478 5478 5477 5477 5479 5479 5478 5478 5479 5479 5480 5480 5477 5477 5455 5455 5481 5481 5477 5477 5481 5481 5479 5479 5479 5479 5481 5481 5482 5482 5479 5479 5482 5482 5480 5480 5481 5481 5455 5455 5483 5483 5481 5481 5483 5483 5482 5482 5482 5482 5483 5483 5484 5484 5482 5482 5484 5484 5480 5480 5483 5483 5455 5455 5485 5485 5483 5483 5485 5485 5484 5484 5484 5484 5485 5485 5486 5486 5484 5484 5486 5486 5480 5480 5485 5485 5455 5455 5487 5487 5485 5485 5487 5487 5486 5486 5486 5486 5487 5487 5488 5488 5486 5486 5488 5488 5480 5480 5487 5487 5455 5455 5489 5489 5487 5487 5489 5489 5488 5488 5488 5488 5489 5489 5490 5490 5488 5488 5490 5490 5480 5480 5489 5489 5455 5455 5491 5491 5489 5489 5491 5491 5490 5490 5490 5490 5491 5491 5492 5492 5490 5490 5492 5492 5480 5480 5491 5491 5455 5455 5493 5493 5491 5491 5493 5493 5492 5492 5492 5492 5493 5493 5494 5494 5492 5492 5494 5494 5480 5480 5493 5493 5455 5455 5495 5495 5493 5493 5495 5495 5494 5494 5494 5494 5495 5495 5496 5496 5494 5494 5496 5496 5480 5480 5495 5495 5455 5455 5497 5497 5495 5495 5497 5497 5496 5496 5496 5496 5497 5497 5498 5498 5496 5496 5498 5498 5480 5480 5497 5497 5455 5455 5499 5499 5497 5497 5499 5499 5498 5498 5498 5498 5499 5499 5500 5500 5498 5498 5500 5500 5480 5480 5499 5499 5455 5455 5476 5476 5499 5499 5476 5476 5500 5500 5500 5500 5476 5476 5478 5478 5500 5500 5478 5478 5480 5480 5501 5501 5480 5480 5502 5502 5501 5501 5502 5502 5503 5503 5503 5503 5502 5502 5504 5504 5503 5503 5504 5504 5505 5505 5502 5502 5480 5480 5506 5506 5502 5502 5506 5506 5504 5504 5504 5504 5506 5506 5507 5507 5504 5504 5507 5507 5505 5505 5506 5506 5480 5480 5508 5508 5506 5506 5508 5508 5507 5507 5507 5507 5508 5508 5509 5509 5507 5507 5509 5509 5505 5505 5508 5508 5480 5480 5510 5510 5508 5508 5510 5510 5509 5509 5509 5509 5510 5510 5511 5511 5509 5509 5511 5511 5505 5505 5510 5510 5480 5480 5512 5512 5510 5510 5512 5512 5511 5511 5511 5511 5512 5512 5513 5513 5511 5511 5513 5513 5505 5505 5512 5512 5480 5480 5514 5514 5512 5512 5514 5514 5513 5513 5513 5513 5514 5514 5515 5515 5513 5513 5515 5515 5505 5505 5514 5514 5480 5480 5516 5516 5514 5514 5516 5516 5515 5515 5515 5515 5516 5516 5517 5517 5515 5515 5517 5517 5505 5505 5516 5516 5480 5480 5518 5518 5516 5516 5518 5518 5517 5517 5517 5517 5518 5518 5519 5519 5517 5517 5519 5519 5505 5505 5518 5518 5480 5480 5520 5520 5518 5518 5520 5520 5519 5519 5519 5519 5520 5520 5521 5521 5519 5519 5521 5521 5505 5505 5520 5520 5480 5480 5522 5522 5520 5520 5522 5522 5521 5521 5521 5521 5522 5522 5523 5523 5521 5521 5523 5523 5505 5505 5522 5522 5480 5480 5524 5524 5522 5522 5524 5524 5523 5523 5523 5523 5524 5524 5525 5525 5523 5523 5525 5525 5505 5505 5524 5524 5480 5480 5501 5501 5524 5524 5501 5501 5525 5525 5525 5525 5501 5501 5503 5503 5525 5525 5503 5503 5505 5505 5526 5526 5505 5505 5527 5527 5526 5526 5527 5527 5528 5528 5528 5528 5527 5527 5529 5529 5528 5528 5529 5529 5530 5530 5527 5527 5505 5505 5531 5531 5527 5527 5531 5531 5529 5529 5529 5529 5531 5531 5532 5532 5529 5529 5532 5532 5530 5530 5531 5531 5505 5505 5533 5533 5531 5531 5533 5533 5532 5532 5532 5532 5533 5533 5534 5534 5532 5532 5534 5534 5530 5530 5533 5533 5505 5505 5535 5535 5533 5533 5535 5535 5534 5534 5534 5534 5535 5535 5536 5536 5534 5534 5536 5536 5530 5530 5535 5535 5505 5505 5537 5537 5535 5535 5537 5537 5536 5536 5536 5536 5537 5537 5538 5538 5536 5536 5538 5538 5530 5530 5537 5537 5505 5505 5539 5539 5537 5537 5539 5539 5538 5538 5538 5538 5539 5539 5540 5540 5538 5538 5540 5540 5530 5530 5539 5539 5505 5505 5541 5541 5539 5539 5541 5541 5540 5540 5540 5540 5541 5541 5542 5542 5540 5540 5542 5542 5530 5530 5541 5541 5505 5505 5543 5543 5541 5541 5543 5543 5542 5542 5542 5542 5543 5543 5544 5544 5542 5542 5544 5544 5530 5530 5543 5543 5505 5505 5545 5545 5543 5543 5545 5545 5544 5544 5544 5544 5545 5545 5546 5546 5544 5544 5546 5546 5530 5530 5545 5545 5505 5505 5547 5547 5545 5545 5547 5547 5546 5546 5546 5546 5547 5547 5548 5548 5546 5546 5548 5548 5530 5530 5547 5547 5505 5505 5549 5549 5547 5547 5549 5549 5548 5548 5548 5548 5549 5549 5550 5550 5548 5548 5550 5550 5530 5530 5549 5549 5505 5505 5526 5526 5549 5549 5526 5526 5550 5550 5550 5550 5526 5526 5528 5528 5550 5550 5528 5528 5530 5530 5551 5551 5530 5530 5552 5552 5551 5551 5552 5552 5553 5553 5553 5553 5552 5552 5554 5554 5553 5553 5554 5554 5555 5555 5552 5552 5530 5530 5556 5556 5552 5552 5556 5556 5554 5554 5554 5554 5556 5556 5557 5557 5554 5554 5557 5557 5555 5555 5556 5556 5530 5530 5558 5558 5556 5556 5558 5558 5557 5557 5557 5557 5558 5558 5559 5559 5557 5557 5559 5559 5555 5555 5558 5558 5530 5530 5560 5560 5558 5558 5560 5560 5559 5559 5559 5559 5560 5560 5561 5561 5559 5559 5561 5561 5555 5555 5560 5560 5530 5530 5562 5562 5560 5560 5562 5562 5561 5561 5561 5561 5562 5562 5563 5563 5561 5561 5563 5563 5555 5555 5562 5562 5530 5530 5564 5564 5562 5562 5564 5564 5563 5563 5563 5563 5564 5564 5565 5565 5563 5563 5565 5565 5555 5555 5564 5564 5530 5530 5566 5566 5564 5564 5566 5566 5565 5565 5565 5565 5566 5566 5567 5567 5565 5565 5567 5567 5555 5555 5566 5566 5530 5530 5568 5568 5566 5566 5568 5568 5567 5567 5567 5567 5568 5568 5569 5569 5567 5567 5569 5569 5555 5555 5568 5568 5530 5530 5570 5570 5568 5568 5570 5570 5569 5569 5569 5569 5570 5570 5571 5571 5569 5569 5571 5571 5555 5555 5570 5570 5530 5530 5572 5572 5570 5570 5572 5572 5571 5571 5571 5571 5572 5572 5573 5573 5571 5571 5573 5573 5555 5555 5572 5572 5530 5530 5574 5574 5572 5572 5574 5574 5573 5573 5573 5573 5574 5574 5575 5575 5573 5573 5575 5575 5555 5555 5574 5574 5530 5530 5551 5551 5574 5574 5551 5551 5575 5575 5575 5575 5551 5551 5553 5553 5575 5575 5553 5553 5555 5555 5576 5576 5555 5555 5577 5577 5576 5576 5577 5577 5578 5578 5578 5578 5577 5577 5579 5579 5578 5578 5579 5579 5580 5580 5577 5577 5555 5555 5581 5581 5577 5577 5581 5581 5579 5579 5579 5579 5581 5581 5582 5582 5579 5579 5582 5582 5580 5580 5581 5581 5555 5555 5583 5583 5581 5581 5583 5583 5582 5582 5582 5582 5583 5583 5584 5584 5582 5582 5584 5584 5580 5580 5583 5583 5555 5555 5585 5585 5583 5583 5585 5585 5584 5584 5584 5584 5585 5585 5586 5586 5584 5584 5586 5586 5580 5580 5585 5585 5555 5555 5587 5587 5585 5585 5587 5587 5586 5586 5586 5586 5587 5587 5588 5588 5586 5586 5588 5588 5580 5580 5587 5587 5555 5555 5589 5589 5587 5587 5589 5589 5588 5588 5588 5588 5589 5589 5590 5590 5588 5588 5590 5590 5580 5580 5589 5589 5555 5555 5591 5591 5589 5589 5591 5591 5590 5590 5590 5590 5591 5591 5592 5592 5590 5590 5592 5592 5580 5580 5591 5591 5555 5555 5593 5593 5591 5591 5593 5593 5592 5592 5592 5592 5593 5593 5594 5594 5592 5592 5594 5594 5580 5580 5593 5593 5555 5555 5595 5595 5593 5593 5595 5595 5594 5594 5594 5594 5595 5595 5596 5596 5594 5594 5596 5596 5580 5580 5595 5595 5555 5555 5597 5597 5595 5595 5597 5597 5596 5596 5596 5596 5597 5597 5598 5598 5596 5596 5598 5598 5580 5580 5597 5597 5555 5555 5599 5599 5597 5597 5599 5599 5598 5598 5598 5598 5599 5599 5600 5600 5598 5598 5600 5600 5580 5580 5599 5599 5555 5555 5576 5576 5599 5599 5576 5576 5600 5600 5600 5600 5576 5576 5578 5578 5600 5600 5578 5578 5580 5580 5601 5601 5580 5580 5602 5602 5601 5601 5602 5602 5603 5603 5603 5603 5602 5602 5604 5604 5603 5603 5604 5604 5605 5605 5602 5602 5580 5580 5606 5606 5602 5602 5606 5606 5604 5604 5604 5604 5606 5606 5607 5607 5604 5604 5607 5607 5605 5605 5606 5606 5580 5580 5608 5608 5606 5606 5608 5608 5607 5607 5607 5607 5608 5608 5609 5609 5607 5607 5609 5609 5605 5605 5608 5608 5580 5580 5610 5610 5608 5608 5610 5610 5609 5609 5609 5609 5610 5610 5611 5611 5609 5609 5611 5611 5605 5605 5610 5610 5580 5580 5612 5612 5610 5610 5612 5612 5611 5611 5611 5611 5612 5612 5613 5613 5611 5611 5613 5613 5605 5605 5612 5612 5580 5580 5614 5614 5612 5612 5614 5614 5613 5613 5613 5613 5614 5614 5615 5615 5613 5613 5615 5615 5605 5605 5614 5614 5580 5580 5616 5616 5614 5614 5616 5616 5615 5615 5615 5615 5616 5616 5617 5617 5615 5615 5617 5617 5605 5605 5616 5616 5580 5580 5618 5618 5616 5616 5618 5618 5617 5617 5617 5617 5618 5618 5619 5619 5617 5617 5619 5619 5605 5605 5618 5618 5580 5580 5620 5620 5618 5618 5620 5620 5619 5619 5619 5619 5620 5620 5621 5621 5619 5619 5621 5621 5605 5605 5620 5620 5580 5580 5622 5622 5620 5620 5622 5622 5621 5621 5621 5621 5622 5622 5623 5623 5621 5621 5623 5623 5605 5605 5622 5622 5580 5580 5624 5624 5622 5622 5624 5624 5623 5623 5623 5623 5624 5624 5625 5625 5623 5623 5625 5625 5605 5605 5624 5624 5580 5580 5601 5601 5624 5624 5601 5601 5625 5625 5625 5625 5601 5601 5603 5603 5625 5625 5603 5603 5605 5605 5626 5626 5605 5605 5627 5627 5626 5626 5627 5627 5628 5628 5628 5628 5627 5627 5629 5629 5628 5628 5629 5629 5630 5630 5627 5627 5605 5605 5631 5631 5627 5627 5631 5631 5629 5629 5629 5629 5631 5631 5632 5632 5629 5629 5632 5632 5630 5630 5631 5631 5605 5605 5633 5633 5631 5631 5633 5633 5632 5632 5632 5632 5633 5633 5634 5634 5632 5632 5634 5634 5630 5630 5633 5633 5605 5605 5635 5635 5633 5633 5635 5635 5634 5634 5634 5634 5635 5635 5636 5636 5634 5634 5636 5636 5630 5630 5635 5635 5605 5605 5637 5637 5635 5635 5637 5637 5636 5636 5636 5636 5637 5637 5638 5638 5636 5636 5638 5638 5630 5630 5637 5637 5605 5605 5639 5639 5637 5637 5639 5639 5638 5638 5638 5638 5639 5639 5640 5640 5638 5638 5640 5640 5630 5630 5639 5639 5605 5605 5641 5641 5639 5639 5641 5641 5640 5640 5640 5640 5641 5641 5642 5642 5640 5640 5642 5642 5630 5630 5641 5641 5605 5605 5643 5643 5641 5641 5643 5643 5642 5642 5642 5642 5643 5643 5644 5644 5642 5642 5644 5644 5630 5630 5643 5643 5605 5605 5645 5645 5643 5643 5645 5645 5644 5644 5644 5644 5645 5645 5646 5646 5644 5644 5646 5646 5630 5630 5645 5645 5605 5605 5647 5647 5645 5645 5647 5647 5646 5646 5646 5646 5647 5647 5648 5648 5646 5646 5648 5648 5630 5630 5647 5647 5605 5605 5649 5649 5647 5647 5649 5649 5648 5648 5648 5648 5649 5649 5650 5650 5648 5648 5650 5650 5630 5630 5649 5649 5605 5605 5626 5626 5649 5649 5626 5626 5650 5650 5650 5650 5626 5626 5628 5628 5650 5650 5628 5628 5630 5630 5651 5651 5630 5630 5652 5652 5651 5651 5652 5652 5653 5653 5653 5653 5652 5652 5654 5654 5653 5653 5654 5654 5655 5655 5652 5652 5630 5630 5656 5656 5652 5652 5656 5656 5654 5654 5654 5654 5656 5656 5657 5657 5654 5654 5657 5657 5655 5655 5656 5656 5630 5630 5658 5658 5656 5656 5658 5658 5657 5657 5657 5657 5658 5658 5659 5659 5657 5657 5659 5659 5655 5655 5658 5658 5630 5630 5660 5660 5658 5658 5660 5660 5659 5659 5659 5659 5660 5660 5661 5661 5659 5659 5661 5661 5655 5655 5660 5660 5630 5630 5662 5662 5660 5660 5662 5662 5661 5661 5661 5661 5662 5662 5663 5663 5661 5661 5663 5663 5655 5655 5662 5662 5630 5630 5664 5664 5662 5662 5664 5664 5663 5663 5663 5663 5664 5664 5665 5665 5663 5663 5665 5665 5655 5655 5664 5664 5630 5630 5666 5666 5664 5664 5666 5666 5665 5665 5665 5665 5666 5666 5667 5667 5665 5665 5667 5667 5655 5655 5666 5666 5630 5630 5668 5668 5666 5666 5668 5668 5667 5667 5667 5667 5668 5668 5669 5669 5667 5667 5669 5669 5655 5655 5668 5668 5630 5630 5670 5670 5668 5668 5670 5670 5669 5669 5669 5669 5670 5670 5671 5671 5669 5669 5671 5671 5655 5655 5670 5670 5630 5630 5672 5672 5670 5670 5672 5672 5671 5671 5671 5671 5672 5672 5673 5673 5671 5671 5673 5673 5655 5655 5672 5672 5630 5630 5674 5674 5672 5672 5674 5674 5673 5673 5673 5673 5674 5674 5675 5675 5673 5673 5675 5675 5655 5655 5674 5674 5630 5630 5651 5651 5674 5674 5651 5651 5675 5675 5675 5675 5651 5651 5653 5653 5675 5675 5653 5653 5655 5655 5676 5676 5655 5655 5677 5677 5676 5676 5677 5677 5678 5678 5678 5678 5677 5677 5679 5679 5678 5678 5679 5679 5680 5680 5677 5677 5655 5655 5681 5681 5677 5677 5681 5681 5679 5679 5679 5679 5681 5681 5682 5682 5679 5679 5682 5682 5680 5680 5681 5681 5655 5655 5683 5683 5681 5681 5683 5683 5682 5682 5682 5682 5683 5683 5684 5684 5682 5682 5684 5684 5680 5680 5683 5683 5655 5655 5685 5685 5683 5683 5685 5685 5684 5684 5684 5684 5685 5685 5686 5686 5684 5684 5686 5686 5680 5680 5685 5685 5655 5655 5687 5687 5685 5685 5687 5687 5686 5686 5686 5686 5687 5687 5688 5688 5686 5686 5688 5688 5680 5680 5687 5687 5655 5655 5689 5689 5687 5687 5689 5689 5688 5688 5688 5688 5689 5689 5690 5690 5688 5688 5690 5690 5680 5680 5689 5689 5655 5655 5691 5691 5689 5689 5691 5691 5690 5690 5690 5690 5691 5691 5692 5692 5690 5690 5692 5692 5680 5680 5691 5691 5655 5655 5693 5693 5691 5691 5693 5693 5692 5692 5692 5692 5693 5693 5694 5694 5692 5692 5694 5694 5680 5680 5693 5693 5655 5655 5695 5695 5693 5693 5695 5695 5694 5694 5694 5694 5695 5695 5696 5696 5694 5694 5696 5696 5680 5680 5695 5695 5655 5655 5697 5697 5695 5695 5697 5697 5696 5696 5696 5696 5697 5697 5698 5698 5696 5696 5698 5698 5680 5680 5697 5697 5655 5655 5699 5699 5697 5697 5699 5699 5698 5698 5698 5698 5699 5699 5700 5700 5698 5698 5700 5700 5680 5680 5699 5699 5655 5655 5676 5676 5699 5699 5676 5676 5700 5700 5700 5700 5676 5676 5678 5678 5700 5700 5678 5678 5680 5680 5701 5701 5680 5680 5702 5702 5701 5701 5702 5702 5703 5703 5703 5703 5702 5702 5704 5704 5703 5703 5704 5704 5705 5705 5702 5702 5680 5680 5706 5706 5702 5702 5706 5706 5704 5704 5704 5704 5706 5706 5707 5707 5704 5704 5707 5707 5705 5705 5706 5706 5680 5680 5708 5708 5706 5706 5708 5708 5707 5707 5707 5707 5708 5708 5709 5709 5707 5707 5709 5709 5705 5705 5708 5708 5680 5680 5710 5710 5708 5708 5710 5710 5709 5709 5709 5709 5710 5710 5711 5711 5709 5709 5711 5711 5705 5705 5710 5710 5680 5680 5712 5712 5710 5710 5712 5712 5711 5711 5711 5711 5712 5712 5713 5713 5711 5711 5713 5713 5705 5705 5712 5712 5680 5680 5714 5714 5712 5712 5714 5714 5713 5713 5713 5713 5714 5714 5715 5715 5713 5713 5715 5715 5705 5705 5714 5714 5680 5680 5716 5716 5714 5714 5716 5716 5715 5715 5715 5715 5716 5716 5717 5717 5715 5715 5717 5717 5705 5705 5716 5716 5680 5680 5718 5718 5716 5716 5718 5718 5717 5717 5717 5717 5718 5718 5719 5719 5717 5717 5719 5719 5705 5705 5718 5718 5680 5680 5720 5720 5718 5718 5720 5720 5719 5719 5719 5719 5720 5720 5721 5721 5719 5719 5721 5721 5705 5705 5720 5720 5680 5680 5722 5722 5720 5720 5722 5722 5721 5721 5721 5721 5722 5722 5723 5723 5721 5721 5723 5723 5705 5705 5722 5722 5680 5680 5724 5724 5722 5722 5724 5724 5723 5723 5723 5723 5724 5724 5725 5725 5723 5723 5725 5725 5705 5705 5724 5724 5680 5680 5701 5701 5724 5724 5701 5701 5725 5725 5725 5725 5701 5701 5703 5703 5725 5725 5703 5703 5705 5705 5726 5726 5705 5705 5727 5727 5726 5726 5727 5727 5728 5728 5728 5728 5727 5727 5729 5729 5728 5728 5729 5729 5730 5730 5727 5727 5705 5705 5731 5731 5727 5727 5731 5731 5729 5729 5729 5729 5731 5731 5732 5732 5729 5729 5732 5732 5730 5730 5731 5731 5705 5705 5733 5733 5731 5731 5733 5733 5732 5732 5732 5732 5733 5733 5734 5734 5732 5732 5734 5734 5730 5730 5733 5733 5705 5705 5735 5735 5733 5733 5735 5735 5734 5734 5734 5734 5735 5735 5736 5736 5734 5734 5736 5736 5730 5730 5735 5735 5705 5705 5737 5737 5735 5735 5737 5737 5736 5736 5736 5736 5737 5737 5738 5738 5736 5736 5738 5738 5730 5730 5737 5737 5705 5705 5739 5739 5737 5737 5739 5739 5738 5738 5738 5738 5739 5739 5740 5740 5738 5738 5740 5740 5730 5730 5739 5739 5705 5705 5741 5741 5739 5739 5741 5741 5740 5740 5740 5740 5741 5741 5742 5742 5740 5740 5742 5742 5730 5730 5741 5741 5705 5705 5743 5743 5741 5741 5743 5743 5742 5742 5742 5742 5743 5743 5744 5744 5742 5742 5744 5744 5730 5730 5743 5743 5705 5705 5745 5745 5743 5743 5745 5745 5744 5744 5744 5744 5745 5745 5746 5746 5744 5744 5746 5746 5730 5730 5745 5745 5705 5705 5747 5747 5745 5745 5747 5747 5746 5746 5746 5746 5747 5747 5748 5748 5746 5746 5748 5748 5730 5730 5747 5747 5705 5705 5749 5749 5747 5747 5749 5749 5748 5748 5748 5748 5749 5749 5750 5750 5748 5748 5750 5750 5730 5730 5749 5749 5705 5705 5726 5726 5749 5749 5726 5726 5750 5750 5750 5750 5726 5726 5728 5728 5750 5750 5728 5728 5730 5730 5751 5751 5730 5730 5752 5752 5751 5751 5752 5752 5753 5753 5753 5753 5752 5752 5754 5754 5753 5753 5754 5754 5755 5755 5752 5752 5730 5730 5756 5756 5752 5752 5756 5756 5754 5754 5754 5754 5756 5756 5757 5757 5754 5754 5757 5757 5755 5755 5756 5756 5730 5730 5758 5758 5756 5756 5758 5758 5757 5757 5757 5757 5758 5758 5759 5759 5757 5757 5759 5759 5755 5755 5758 5758 5730 5730 5760 5760 5758 5758 5760 5760 5759 5759 5759 5759 5760 5760 5761 5761 5759 5759 5761 5761 5755 5755 5760 5760 5730 5730 5762 5762 5760 5760 5762 5762 5761 5761 5761 5761 5762 5762 5763 5763 5761 5761 5763 5763 5755 5755 5762 5762 5730 5730 5764 5764 5762 5762 5764 5764 5763 5763 5763 5763 5764 5764 5765 5765 5763 5763 5765 5765 5755 5755 5764 5764 5730 5730 5766 5766 5764 5764 5766 5766 5765 5765 5765 5765 5766 5766 5767 5767 5765 5765 5767 5767 5755 5755 5766 5766 5730 5730 5768 5768 5766 5766 5768 5768 5767 5767 5767 5767 5768 5768 5769 5769 5767 5767 5769 5769 5755 5755 5768 5768 5730 5730 5770 5770 5768 5768 5770 5770 5769 5769 5769 5769 5770 5770 5771 5771 5769 5769 5771 5771 5755 5755 5770 5770 5730 5730 5772 5772 5770 5770 5772 5772 5771 5771 5771 5771 5772 5772 5773 5773 5771 5771 5773 5773 5755 5755 5772 5772 5730 5730 5774 5774 5772 5772 5774 5774 5773 5773 5773 5773 5774 5774 5775 5775 5773 5773 5775 5775 5755 5755 5774 5774 5730 5730 5751 5751 5774 5774 5751 5751 5775 5775 5775 5775 5751 5751 5753 5753 5775 5775 5753 5753 5755 5755 5776 5776 5755 5755 5777 5777 5776 5776 5777 5777 5778 5778 5778 5778 5777 5777 5779 5779 5778 5778 5779 5779 5780 5780 5777 5777 5755 5755 5781 5781 5777 5777 5781 5781 5779 5779 5779 5779 5781 5781 5782 5782 5779 5779 5782 5782 5780 5780 5781 5781 5755 5755 5783 5783 5781 5781 5783 5783 5782 5782 5782 5782 5783 5783 5784 5784 5782 5782 5784 5784 5780 5780 5783 5783 5755 5755 5785 5785 5783 5783 5785 5785 5784 5784 5784 5784 5785 5785 5786 5786 5784 5784 5786 5786 5780 5780 5785 5785 5755 5755 5787 5787 5785 5785 5787 5787 5786 5786 5786 5786 5787 5787 5788 5788 5786 5786 5788 5788 5780 5780 5787 5787 5755 5755 5789 5789 5787 5787 5789 5789 5788 5788 5788 5788 5789 5789 5790 5790 5788 5788 5790 5790 5780 5780 5789 5789 5755 5755 5791 5791 5789 5789 5791 5791 5790 5790 5790 5790 5791 5791 5792 5792 5790 5790 5792 5792 5780 5780 5791 5791 5755 5755 5793 5793 5791 5791 5793 5793 5792 5792 5792 5792 5793 5793 5794 5794 5792 5792 5794 5794 5780 5780 5793 5793 5755 5755 5795 5795 5793 5793 5795 5795 5794 5794 5794 5794 5795 5795 5796 5796 5794 5794 5796 5796 5780 5780 5795 5795 5755 5755 5797 5797 5795 5795 5797 5797 5796 5796 5796 5796 5797 5797 5798 5798 5796 5796 5798 5798 5780 5780 5797 5797 5755 5755 5799 5799 5797 5797 5799 5799 5798 5798 5798 5798 5799 5799 5800 5800 5798 5798 5800 5800 5780 5780 5799 5799 5755 5755 5776 5776 5799 5799 5776 5776 5800 5800 5800 5800 5776 5776 5778 5778 5800 5800 5778 5778 5780 5780 5801 5801 5780 5780 5802 5802 5801 5801 5802 5802 5803 5803 5803 5803 5802 5802 5804 5804 5803 5803 5804 5804 5805 5805 5802 5802 5780 5780 5806 5806 5802 5802 5806 5806 5804 5804 5804 5804 5806 5806 5807 5807 5804 5804 5807 5807 5805 5805 5806 5806 5780 5780 5808 5808 5806 5806 5808 5808 5807 5807 5807 5807 5808 5808 5809 5809 5807 5807 5809 5809 5805 5805 5808 5808 5780 5780 5810 5810 5808 5808 5810 5810 5809 5809 5809 5809 5810 5810 5811 5811 5809 5809 5811 5811 5805 5805 5810 5810 5780 5780 5812 5812 5810 5810 5812 5812 5811 5811 5811 5811 5812 5812 5813 5813 5811 5811 5813 5813 5805 5805 5812 5812 5780 5780 5814 5814 5812 5812 5814 5814 5813 5813 5813 5813 5814 5814 5815 5815 5813 5813 5815 5815 5805 5805 5814 5814 5780 5780 5816 5816 5814 5814 5816 5816 5815 5815 5815 5815 5816 5816 5817 5817 5815 5815 5817 5817 5805 5805 5816 5816 5780 5780 5818 5818 5816 5816 5818 5818 5817 5817 5817 5817 5818 5818 5819 5819 5817 5817 5819 5819 5805 5805 5818 5818 5780 5780 5820 5820 5818 5818 5820 5820 5819 5819 5819 5819 5820 5820 5821 5821 5819 5819 5821 5821 5805 5805 5820 5820 5780 5780 5822 5822 5820 5820 5822 5822 5821 5821 5821 5821 5822 5822 5823 5823 5821 5821 5823 5823 5805 5805 5822 5822 5780 5780 5824 5824 5822 5822 5824 5824 5823 5823 5823 5823 5824 5824 5825 5825 5823 5823 5825 5825 5805 5805 5824 5824 5780 5780 5801 5801 5824 5824 5801 5801 5825 5825 5825 5825 5801 5801 5803 5803 5825 5825 5803 5803 5805 5805 5826 5826 5805 5805 5827 5827 5826 5826 5827 5827 5828 5828 5828 5828 5827 5827 5829 5829 5828 5828 5829 5829 5830 5830 5827 5827 5805 5805 5831 5831 5827 5827 5831 5831 5829 5829 5829 5829 5831 5831 5832 5832 5829 5829 5832 5832 5830 5830 5831 5831 5805 5805 5833 5833 5831 5831 5833 5833 5832 5832 5832 5832 5833 5833 5834 5834 5832 5832 5834 5834 5830 5830 5833 5833 5805 5805 5835 5835 5833 5833 5835 5835 5834 5834 5834 5834 5835 5835 5836 5836 5834 5834 5836 5836 5830 5830 5835 5835 5805 5805 5837 5837 5835 5835 5837 5837 5836 5836 5836 5836 5837 5837 5838 5838 5836 5836 5838 5838 5830 5830 5837 5837 5805 5805 5839 5839 5837 5837 5839 5839 5838 5838 5838 5838 5839 5839 5840 5840 5838 5838 5840 5840 5830 5830 5839 5839 5805 5805 5841 5841 5839 5839 5841 5841 5840 5840 5840 5840 5841 5841 5842 5842 5840 5840 5842 5842 5830 5830 5841 5841 5805 5805 5843 5843 5841 5841 5843 5843 5842 5842 5842 5842 5843 5843 5844 5844 5842 5842 5844 5844 5830 5830 5843 5843 5805 5805 5845 5845 5843 5843 5845 5845 5844 5844 5844 5844 5845 5845 5846 5846 5844 5844 5846 5846 5830 5830 5845 5845 5805 5805 5847 5847 5845 5845 5847 5847 5846 5846 5846 5846 5847 5847 5848 5848 5846 5846 5848 5848 5830 5830 5847 5847 5805 5805 5849 5849 5847 5847 5849 5849 5848 5848 5848 5848 5849 5849 5850 5850 5848 5848 5850 5850 5830 5830 5849 5849 5805 5805 5826 5826 5849 5849 5826 5826 5850 5850 5850 5850 5826 5826 5828 5828 5850 5850 5828 5828 5830 5830 5851 5851 5830 5830 5852 5852 5851 5851 5852 5852 5853 5853 5853 5853 5852 5852 5854 5854 5853 5853 5854 5854 5855 5855 5852 5852 5830 5830 5856 5856 5852 5852 5856 5856 5854 5854 5854 5854 5856 5856 5857 5857 5854 5854 5857 5857 5855 5855 5856 5856 5830 5830 5858 5858 5856 5856 5858 5858 5857 5857 5857 5857 5858 5858 5859 5859 5857 5857 5859 5859 5855 5855 5858 5858 5830 5830 5860 5860 5858 5858 5860 5860 5859 5859 5859 5859 5860 5860 5861 5861 5859 5859 5861 5861 5855 5855 5860 5860 5830 5830 5862 5862 5860 5860 5862 5862 5861 5861 5861 5861 5862 5862 5863 5863 5861 5861 5863 5863 5855 5855 5862 5862 5830 5830 5864 5864 5862 5862 5864 5864 5863 5863 5863 5863 5864 5864 5865 5865 5863 5863 5865 5865 5855 5855 5864 5864 5830 5830 5866 5866 5864 5864 5866 5866 5865 5865 5865 5865 5866 5866 5867 5867 5865 5865 5867 5867 5855 5855 5866 5866 5830 5830 5868 5868 5866 5866 5868 5868 5867 5867 5867 5867 5868 5868 5869 5869 5867 5867 5869 5869 5855 5855 5868 5868 5830 5830 5870 5870 5868 5868 5870 5870 5869 5869 5869 5869 5870 5870 5871 5871 5869 5869 5871 5871 5855 5855 5870 5870 5830 5830 5872 5872 5870 5870 5872 5872 5871 5871 5871 5871 5872 5872 5873 5873 5871 5871 5873 5873 5855 5855 5872 5872 5830 5830 5874 5874 5872 5872 5874 5874 5873 5873 5873 5873 5874 5874 5875 5875 5873 5873 5875 5875 5855 5855 5874 5874 5830 5830 5851 5851 5874 5874 5851 5851 5875 5875 5875 5875 5851 5851 5853 5853 5875 5875 5853 5853 5855 5855 5876 5876 5855 5855 5877 5877 5876 5876 5877 5877 5878 5878 5878 5878 5877 5877 5879 5879 5878 5878 5879 5879 5880 5880 5877 5877 5855 5855 5881 5881 5877 5877 5881 5881 5879 5879 5879 5879 5881 5881 5882 5882 5879 5879 5882 5882 5880 5880 5881 5881 5855 5855 5883 5883 5881 5881 5883 5883 5882 5882 5882 5882 5883 5883 5884 5884 5882 5882 5884 5884 5880 5880 5883 5883 5855 5855 5885 5885 5883 5883 5885 5885 5884 5884 5884 5884 5885 5885 5886 5886 5884 5884 5886 5886 5880 5880 5885 5885 5855 5855 5887 5887 5885 5885 5887 5887 5886 5886 5886 5886 5887 5887 5888 5888 5886 5886 5888 5888 5880 5880 5887 5887 5855 5855 5889 5889 5887 5887 5889 5889 5888 5888 5888 5888 5889 5889 5890 5890 5888 5888 5890 5890 5880 5880 5889 5889 5855 5855 5891 5891 5889 5889 5891 5891 5890 5890 5890 5890 5891 5891 5892 5892 5890 5890 5892 5892 5880 5880 5891 5891 5855 5855 5893 5893 5891 5891 5893 5893 5892 5892 5892 5892 5893 5893 5894 5894 5892 5892 5894 5894 5880 5880 5893 5893 5855 5855 5895 5895 5893 5893 5895 5895 5894 5894 5894 5894 5895 5895 5896 5896 5894 5894 5896 5896 5880 5880 5895 5895 5855 5855 5897 5897 5895 5895 5897 5897 5896 5896 5896 5896 5897 5897 5898 5898 5896 5896 5898 5898 5880 5880 5897 5897 5855 5855 5899 5899 5897 5897 5899 5899 5898 5898 5898 5898 5899 5899 5900 5900 5898 5898 5900 5900 5880 5880 5899 5899 5855 5855 5876 5876 5899 5899 5876 5876 5900 5900 5900 5900 5876 5876 5878 5878 5900 5900 5878 5878 5880 5880 5901 5901 5880 5880 5902 5902 5901 5901 5902 5902 5903 5903 5903 5903 5902 5902 5904 5904 5903 5903 5904 5904 5905 5905 5902 5902 5880 5880 5906 5906 5902 5902 5906 5906 5904 5904 5904 5904 5906 5906 5907 5907 5904 5904 5907 5907 5905 5905 5906 5906 5880 5880 5908 5908 5906 5906 5908 5908 5907 5907 5907 5907 5908 5908 5909 5909 5907 5907 5909 5909 5905 5905 5908 5908 5880 5880 5910 5910 5908 5908 5910 5910 5909 5909 5909 5909 5910 5910 5911 5911 5909 5909 5911 5911 5905 5905 5910 5910 5880 5880 5912 5912 5910 5910 5912 5912 5911 5911 5911 5911 5912 5912 5913 5913 5911 5911 5913 5913 5905 5905 5912 5912 5880 5880 5914 5914 5912 5912 5914 5914 5913 5913 5913 5913 5914 5914 5915 5915 5913 5913 5915 5915 5905 5905 5914 5914 5880 5880 5916 5916 5914 5914 5916 5916 5915 5915 5915 5915 5916 5916 5917 5917 5915 5915 5917 5917 5905 5905 5916 5916 5880 5880 5918 5918 5916 5916 5918 5918 5917 5917 5917 5917 5918 5918 5919 5919 5917 5917 5919 5919 5905 5905 5918 5918 5880 5880 5920 5920 5918 5918 5920 5920 5919 5919 5919 5919 5920 5920 5921 5921 5919 5919 5921 5921 5905 5905 5920 5920 5880 5880 5922 5922 5920 5920 5922 5922 5921 5921 5921 5921 5922 5922 5923 5923 5921 5921 5923 5923 5905 5905 5922 5922 5880 5880 5924 5924 5922 5922 5924 5924 5923 5923 5923 5923 5924 5924 5925 5925 5923 5923 5925 5925 5905 5905 5924 5924 5880 5880 5901 5901 5924 5924 5901 5901 5925 5925 5925 5925 5901 5901 5903 5903 5925 5925 5903 5903 5905 5905 5926 5926 5905 5905 5927 5927 5926 5926 5927 5927 5928 5928 5928 5928 5927 5927 5929 5929 5928 5928 5929 5929 5930 5930 5927 5927 5905 5905 5931 5931 5927 5927 5931 5931 5929 5929 5929 5929 5931 5931 5932 5932 5929 5929 5932 5932 5930 5930 5931 5931 5905 5905 5933 5933 5931 5931 5933 5933 5932 5932 5932 5932 5933 5933 5934 5934 5932 5932 5934 5934 5930 5930 5933 5933 5905 5905 5935 5935 5933 5933 5935 5935 5934 5934 5934 5934 5935 5935 5936 5936 5934 5934 5936 5936 5930 5930 5935 5935 5905 5905 5937 5937 5935 5935 5937 5937 5936 5936 5936 5936 5937 5937 5938 5938 5936 5936 5938 5938 5930 5930 5937 5937 5905 5905 5939 5939 5937 5937 5939 5939 5938 5938 5938 5938 5939 5939 5940 5940 5938 5938 5940 5940 5930 5930 5939 5939 5905 5905 5941 5941 5939 5939 5941 5941 5940 5940 5940 5940 5941 5941 5942 5942 5940 5940 5942 5942 5930 5930 5941 5941 5905 5905 5943 5943 5941 5941 5943 5943 5942 5942 5942 5942 5943 5943 5944 5944 5942 5942 5944 5944 5930 5930 5943 5943 5905 5905 5945 5945 5943 5943 5945 5945 5944 5944 5944 5944 5945 5945 5946 5946 5944 5944 5946 5946 5930 5930 5945 5945 5905 5905 5947 5947 5945 5945 5947 5947 5946 5946 5946 5946 5947 5947 5948 5948 5946 5946 5948 5948 5930 5930 5947 5947 5905 5905 5949 5949 5947 5947 5949 5949 5948 5948 5948 5948 5949 5949 5950 5950 5948 5948 5950 5950 5930 5930 5949 5949 5905 5905 5926 5926 5949 5949 5926 5926 5950 5950 5950 5950 5926 5926 5928 5928 5950 5950 5928 5928 5930 5930 5951 5951 5930 5930 5952 5952 5951 5951 5952 5952 5953 5953 5953 5953 5952 5952 5954 5954 5953 5953 5954 5954 5955 5955 5952 5952 5930 5930 5956 5956 5952 5952 5956 5956 5954 5954 5954 5954 5956 5956 5957 5957 5954 5954 5957 5957 5955 5955 5956 5956 5930 5930 5958 5958 5956 5956 5958 5958 5957 5957 5957 5957 5958 5958 5959 5959 5957 5957 5959 5959 5955 5955 5958 5958 5930 5930 5960 5960 5958 5958 5960 5960 5959 5959 5959 5959 5960 5960 5961 5961 5959 5959 5961 5961 5955 5955 5960 5960 5930 5930 5962 5962 5960 5960 5962 5962 5961 5961 5961 5961 5962 5962 5963 5963 5961 5961 5963 5963 5955 5955 5962 5962 5930 5930 5964 5964 5962 5962 5964 5964 5963 5963 5963 5963 5964 5964 5965 5965 5963 5963 5965 5965 5955 5955 5964 5964 5930 5930 5966 5966 5964 5964 5966 5966 5965 5965 5965 5965 5966 5966 5967 5967 5965 5965 5967 5967 5955 5955 5966 5966 5930 5930 5968 5968 5966 5966 5968 5968 5967 5967 5967 5967 5968 5968 5969 5969 5967 5967 5969 5969 5955 5955 5968 5968 5930 5930 5970 5970 5968 5968 5970 5970 5969 5969 5969 5969 5970 5970 5971 5971 5969 5969 5971 5971 5955 5955 5970 5970 5930 5930 5972 5972 5970 5970 5972 5972 5971 5971 5971 5971 5972 5972 5973 5973 5971 5971 5973 5973 5955 5955 5972 5972 5930 5930 5974 5974 5972 5972 5974 5974 5973 5973 5973 5973 5974 5974 5975 5975 5973 5973 5975 5975 5955 5955 5974 5974 5930 5930 5951 5951 5974 5974 5951 5951 5975 5975 5975 5975 5951 5951 5953 5953 5975 5975 5953 5953 5955 5955</p>
        </triangles>
      </mesh>
    </geometry>
  </library_geometries>
  <library_materials>
    <material id="025533311b2340d8947bfa5e9f9d1d5c" name="defaultmaterial">
      <instance_effect url="#daefcf6c5e664b4c925fcc9716920bb0" />
    </material>
  </library_materials>
  <library_visual_scenes>
    <visual_scene id="scene">
      <node id="node0" name="node0">
        <instance_geometry url="#847665e1e0424ff8802821bfd3750ede">
          <bind_material>
            <technique_common>
              <instance_material symbol="material0" target="#025533311b2340d8947bfa5e9f9d1d5c" />
            </technique_common>
          </bind_material>
        </instance_geometry>
      </node>
    </visual_scene>
  </library_visual_scenes>
  <scene>
    <instance_visual_scene url="#scene" />
  </scene>
</COLLADA>
