# https://github.com/mikedh/trimesh
v 0.02547000 0.00030334 0.01034220
v 0.02200000 0.00000000 0.01000000
v 0.02515678 0.00047924 0.00856644
v 0.02504374 0.00461305 0.01084429
v 0.02473052 0.00478895 0.00906853
v 0.02157374 0.00430971 0.01050209
v 0.02399770 0.00052673 0.00717480
v 0.02357144 0.00483644 0.00767689
v 0.02230334 0.00043308 0.00654017
v 0.02187708 0.00474279 0.00704226
v 0.02052770 0.00022339 0.00683260
v 0.02010144 0.00453310 0.00733469
v 0.01914656 -0.00004616 0.00797373
v 0.01872030 0.00426355 0.00847582
v 0.01853000 -0.00030334 0.00965780
v 0.01810374 0.00400638 0.01015989
v 0.01884322 -0.00047924 0.01143356
v 0.01841697 0.00383047 0.01193566
v 0.02000230 -0.00052673 0.01282520
v 0.01957605 0.00378298 0.01332729
v 0.02169666 -0.00043308 0.01345983
v 0.02127041 0.00387663 0.01396192
v 0.02347230 -0.00022339 0.01316740
v 0.02304604 0.00408632 0.01366949
v 0.02485344 0.00004616 0.01202627
v 0.02442718 0.00435587 0.01252836
v 0.02481066 0.00517316 0.01151543
v 0.02480872 0.00539056 0.00971679
v 0.02354840 0.00931587 0.01201752
v 0.02354646 0.00953327 0.01021888
v 0.02031149 0.00845242 0.01100418
v 0.02393997 0.00531835 0.00812857
v 0.02267771 0.00946106 0.00863066
v 0.02243719 0.00497588 0.00717633
v 0.02117494 0.00911859 0.00767842
v 0.02070305 0.00445490 0.00711523
v 0.01944080 0.00859761 0.00761732
v 0.01920222 0.00389503 0.00796164
v 0.01793996 0.00803773 0.00846373
v 0.01833683 0.00344626 0.00948876
v 0.01707458 0.00758897 0.00999085
v 0.01833877 0.00322886 0.01128740
v 0.01707651 0.00737157 0.01178949
v 0.01920752 0.00330107 0.01287562
v 0.01794526 0.00744378 0.01337771
v 0.02071029 0.00364355 0.01382785
v 0.01944804 0.00778625 0.01432994
v 0.02244443 0.00416452 0.01388895
v 0.02118218 0.00830723 0.01439104
v 0.02394527 0.00472440 0.01304255
v 0.02268301 0.00886711 0.01354464
v 0.02311801 0.00974344 0.01264939
v 0.02338752 0.01011876 0.01089757
v 0.02106867 0.01355861 0.01315148
v 0.02133818 0.01393393 0.01139966
v 0.01826215 0.01226759 0.01150628
v 0.02283281 0.01004758 0.00917431
v 0.02078347 0.01386275 0.00967640
v 0.02160251 0.00954898 0.00794137
v 0.01955317 0.01336415 0.00844346
v 0.02002629 0.00875656 0.00752911
v 0.01797695 0.01257173 0.00803120
v 0.01852648 0.00788264 0.00804799
v 0.01647714 0.01169781 0.00855008
v 0.01750497 0.00716140 0.00935898
v 0.01545563 0.01097657 0.00986107
v 0.01723546 0.00678609 0.01111080
v 0.01518612 0.01060126 0.01161289
v 0.01779017 0.00685726 0.01283406
v 0.01574083 0.01067244 0.01333615
v 0.01902047 0.00735586 0.01406700
v 0.01697113 0.01117104 0.01456909
v 0.02059669 0.00814828 0.01447926
v 0.01854736 0.01196346 0.01498135
v 0.02209650 0.00902220 0.01396038
v 0.02004716 0.01283737 0.01446247
v 0.02050704 0.01378801 0.01371960
v 0.02096649 0.01441341 0.01208248
v 0.01775003 0.01712781 0.01422169
v 0.01820949 0.01775320 0.01258457
v 0.01550514 0.01560739 0.01200837
v 0.02070132 0.01446384 0.01029097
v 0.01794431 0.01780363 0.01079306
v 0.01978257 0.01392578 0.00882509
v 0.01702556 0.01726558 0.00932719
v 0.01845643 0.01294342 0.00807764
v 0.01569942 0.01628321 0.00857974
v 0.01707823 0.01177996 0.00824889
v 0.01432122 0.01511976 0.00875098
v 0.01601726 0.01074717 0.00929295
v 0.01326025 0.01408697 0.00979505
v 0.01555781 0.01012178 0.01093007
v 0.01280080 0.01346157 0.01143217
v 0.01582298 0.01007135 0.01272159
v 0.01306598 0.01341114 0.01322368
v 0.01674173 0.01060940 0.01418746
v 0.01398472 0.01394920 0.01468955
v 0.01806788 0.01159177 0.01493491
v 0.01531087 0.01493156 0.01543700
v 0.01944607 0.01275522 0.01476366
v 0.01668907 0.01609501 0.01526575
v 0.01714337 0.01712382 0.01470404
v 0.01768211 0.01805308 0.01324506
v 0.01378553 0.01985882 0.01520613
v 0.01432427 0.02078808 0.01374715
v 0.01214730 0.01834238 0.01251046
v 0.01763753 0.01832702 0.01145471
v 0.01427969 0.02106202 0.01195681
v 0.01702158 0.01787224 0.00981272
v 0.01366373 0.02060723 0.01031481
v 0.01599930 0.01681059 0.00875904
v 0.01264146 0.01954558 0.00926113
v 0.01484461 0.01542654 0.00857602
v 0.01148677 0.01816154 0.00907812
v 0.01386692 0.01409095 0.00931270
v 0.01050907 0.01682595 0.00981479
v 0.01332818 0.01316169 0.01077168
v 0.00997034 0.01589669 0.01127377
v 0.01337276 0.01288775 0.01256202
v 0.01001492 0.01562275 0.01306412
v 0.01398871 0.01334254 0.01420402
v 0.01063087 0.01607753 0.01470611
v 0.01501099 0.01440419 0.01525769
v 0.01165315 0.01713918 0.01575979
v 0.01616568 0.01578823 0.01544071
v 0.01280783 0.01852323 0.01594280
v 0.01322696 0.01962206 0.01558402
v 0.01372215 0.02086232 0.01435972
v 0.00939841 0.02164627 0.01608611
v 0.00989359 0.02288654 0.01486181
v 0.00831874 0.02036660 0.01301255
v 0.01379536 0.02142737 0.01263991
v 0.00996680 0.02345159 0.01314201
v 0.01342697 0.02116580 0.01088542
v 0.00959842 0.02319002 0.01138751
v 0.01271570 0.02014770 0.00956635
v 0.00888714 0.02217192 0.01006845
v 0.01185212 0.01864587 0.00903616
v 0.00802357 0.02067008 0.00953825
v 0.01106764 0.01706271 0.00943690
v 0.00723908 0.01908693 0.00993899
v 0.01057245 0.01582245 0.01066120
v 0.00674389 0.01784667 0.01116329
v 0.01049924 0.01525740 0.01238101
v 0.00667069 0.01728162 0.01288310
v 0.01086763 0.01551897 0.01413550
v 0.00703907 0.01754318 0.01463759
v 0.01157891 0.01653707 0.01545457
v 0.00775035 0.01856129 0.01595666
v 0.01244248 0.01803890 0.01598476
v 0.00861392 0.02006312 0.01648685
v 0.00897367 0.02121308 0.01634490
v 0.00930917 0.02272375 0.01540272
v 0.00482276 0.02244808 0.01684699
v 0.00515825 0.02395875 0.01590481
v 0.00416783 0.02160160 0.01351464
v 0.00937928 0.02360282 0.01382010
v 0.00522837 0.02483782 0.01432219
v 0.00916522 0.02361475 0.01202110
v 0.00501431 0.02484975 0.01252319
v 0.00872435 0.02275634 0.01048775
v 0.00457344 0.02399134 0.01098984
v 0.00817480 0.02125761 0.00963093
v 0.00402389 0.02249260 0.01013302
v 0.00766382 0.01952012 0.00968020
v 0.00351290 0.02075512 0.01018230
v 0.00732832 0.01800945 0.01062238
v 0.00317741 0.01924445 0.01112447
v 0.00725821 0.01713038 0.01220500
v 0.00310729 0.01836538 0.01270710
v 0.00747227 0.01711845 0.01400401
v 0.00332135 0.01835345 0.01450610
v 0.00791313 0.01797686 0.01553735
v 0.00376222 0.01921186 0.01603944
v 0.00846269 0.01947560 0.01639418
v 0.00431177 0.02071060 0.01689627
v 0.00459705 0.02188495 0.01697665
v 0.00468122 0.02358392 0.01635310
v 0.00028463 0.02228288 0.01747874
v 0.00036880 0.02398184 0.01685520
v -0.00014459 0.02199952 0.01401674
v 0.00462783 0.02475172 0.01496899
v 0.00031541 0.02514965 0.01547108
v 0.00445118 0.02507546 0.01319519
v 0.00013876 0.02547338 0.01369728
v 0.00419861 0.02446837 0.01150699
v -0.00011381 0.02486629 0.01200908
v 0.00393779 0.02309314 0.01035673
v -0.00037463 0.02349106 0.01085883
v 0.00373860 0.02131825 0.01005264
v -0.00057382 0.02171617 0.01055473
v 0.00365443 0.01961928 0.01067619
v -0.00065799 0.02001721 0.01117828
v 0.00370783 0.01845148 0.01206030
v -0.00060459 0.01884940 0.01256239
v 0.00388448 0.01812775 0.01383410
v -0.00042794 0.01852567 0.01433619
v 0.00413705 0.01873483 0.01552230
v -0.00017537 0.01913276 0.01602439
v 0.00439787 0.02011007 0.01667256
v 0.00008545 0.02050799 0.01717465
v 0.00029261 0.02167626 0.01747424
v 0.00007240 0.02345250 0.01719349
v -0.00401421 0.02122168 0.01797634
v -0.00423442 0.02299793 0.01769558
v -0.00445141 0.02154495 0.01451883
v -0.00020595 0.02483943 0.01606153
v -0.00451277 0.02438486 0.01656362
v -0.00046786 0.02546540 0.01438167
v -0.00477468 0.02501083 0.01488376
v -0.00064315 0.02516270 0.01260402
v -0.00494997 0.02470813 0.01310611
v -0.00068485 0.02401242 0.01120491
v -0.00499167 0.02355785 0.01170701
v -0.00058179 0.02232279 0.01055923
v -0.00488861 0.02186822 0.01106132
v -0.00036158 0.02054654 0.01083998
v -0.00466840 0.02009197 0.01134207
v -0.00008323 0.01915962 0.01197194
v -0.00439005 0.01870505 0.01247404
v 0.00017868 0.01853365 0.01365181
v -0.00412814 0.01807907 0.01415390
v 0.00035397 0.01883635 0.01542945
v -0.00395285 0.01838178 0.01593154
v 0.00039567 0.01998662 0.01682856
v -0.00391115 0.01953205 0.01733065
v -0.00377378 0.02066468 0.01783786
v -0.00430470 0.02239534 0.01791078
v -0.00790811 0.01937523 0.01833995
v -0.00843902 0.02110589 0.01841287
v -0.00858573 0.02025550 0.01502092
v -0.00487493 0.02389814 0.01707483
v -0.00900926 0.02260869 0.01757692
v -0.00533168 0.02477041 0.01555400
v -0.00946600 0.02348095 0.01605609
v -0.00555256 0.02477841 0.01375580
v -0.00968688 0.02348896 0.01425789
v -0.00547839 0.02392001 0.01216205
v -0.00961271 0.02263056 0.01266414
v -0.00512904 0.02242522 0.01119980
v -0.00926336 0.02113577 0.01170189
v -0.00459812 0.02069456 0.01112688
v -0.00873244 0.01940511 0.01162897
v -0.00402789 0.01919176 0.01196283
v -0.00816221 0.01790231 0.01246492
v -0.00357114 0.01831950 0.01348366
v -0.00770546 0.01703005 0.01398575
v -0.00335026 0.01831149 0.01528186
v -0.00748458 0.01702204 0.01578395
v -0.00342443 0.01916989 0.01687561
v -0.00755876 0.01788044 0.01737770
v -0.00747213 0.01895335 0.01807285
v -0.00827240 0.02052254 0.01849662
v -0.01127375 0.01687898 0.01857495
v -0.01207402 0.01844818 0.01899872
v -0.01238735 0.01818113 0.01552301
v -0.00915662 0.02202018 0.01798908
v -0.01295824 0.01994582 0.01849117
v -0.00988788 0.02304498 0.01668622
v -0.01368950 0.02097061 0.01718831
v -0.01027022 0.02332233 0.01493714
v -0.01407184 0.02124796 0.01543924
v -0.01020121 0.02277793 0.01321052
v -0.01400283 0.02070356 0.01371261
v -0.00969933 0.02155765 0.01196899
v -0.01350095 0.01948328 0.01247108
v -0.00889906 0.01998845 0.01154522
v -0.01270068 0.01791408 0.01204731
v -0.00801484 0.01849081 0.01205276
v -0.01181646 0.01641645 0.01255485
v -0.00728358 0.01746602 0.01335562
v -0.01108520 0.01539165 0.01385771
v -0.00690124 0.01718866 0.01510470
v -0.01070286 0.01511430 0.01560679
v -0.00697025 0.01773307 0.01683132
v -0.01077187 0.01565870 0.01733342
v -0.01070915 0.01665699 0.01818959
v -0.01169606 0.01797362 0.01894778
v -0.01403076 0.01387809 0.01869168
v -0.01501766 0.01519473 0.01944988
v -0.01570895 0.01540223 0.01602511
v -0.01286820 0.01934586 0.01878831
v -0.01618980 0.01656696 0.01929040
v -0.01391150 0.02040601 0.01775391
v -0.01723310 0.01762711 0.01825600
v -0.01454640 0.02087001 0.01612174
v -0.01786800 0.01809111 0.01662383
v -0.01460279 0.02061352 0.01432914
v -0.01792439 0.01783462 0.01483123
v -0.01406555 0.01970528 0.01285644
v -0.01738715 0.01692638 0.01335853
v -0.01307864 0.01838864 0.01209824
v -0.01640024 0.01560974 0.01260033
v -0.01190650 0.01701640 0.01225771
v -0.01522811 0.01423750 0.01275980
v -0.01086321 0.01595625 0.01329212
v -0.01418481 0.01317735 0.01379421
v -0.01022831 0.01549226 0.01492429
v -0.01354991 0.01271336 0.01542638
v -0.01017192 0.01574874 0.01671689
v -0.01349352 0.01296984 0.01721898
v -0.01342420 0.01389005 0.01820299
v -0.01448639 0.01490181 0.01926623
v -0.01613707 0.01051430 0.01870508
v -0.01719926 0.01152606 0.01976832
v -0.01842182 0.01202649 0.01652720
v -0.01587616 0.01604765 0.01946102
v -0.01858903 0.01267191 0.01996311
v -0.01722114 0.01702056 0.01873515
v -0.01993401 0.01364481 0.01923724
v -0.01816092 0.01755983 0.01728313
v -0.02087379 0.01418409 0.01778522
v -0.01844370 0.01752098 0.01549402
v -0.02115657 0.01414524 0.01599611
v -0.01799371 0.01691442 0.01384722
v -0.02070658 0.01353867 0.01434931
v -0.01693152 0.01590266 0.01278398
v -0.01964439 0.01252692 0.01328607
v -0.01554174 0.01475681 0.01258919
v -0.01825461 0.01138107 0.01309129
v -0.01419677 0.01378391 0.01331506
v -0.01690964 0.01040816 0.01381715
v -0.01325699 0.01324463 0.01476708
v -0.01596986 0.00986889 0.01526917
v -0.01297421 0.01328348 0.01655619
v -0.01568708 0.00990774 0.01705828
v -0.01558166 0.01075839 0.01813200
v -0.01659622 0.01145974 0.01945909
v -0.01758067 0.00691661 0.01863409
v -0.01859523 0.00761796 0.01996118
v -0.02042084 0.00818471 0.01702929
v -0.01809995 0.01231295 0.02000057
v -0.02009896 0.00847117 0.02050266
v -0.01968992 0.01308940 0.01961137
v -0.02168894 0.00924762 0.02011346
v -0.02094011 0.01358105 0.01839577
v -0.02293913 0.00973927 0.01889786
v -0.02151553 0.01365615 0.01667948
v -0.02351454 0.00981437 0.01718158
v -0.02126199 0.01329459 0.01492239
v -0.02326100 0.00945281 0.01542448
v -0.02024743 0.01259324 0.01359531
v -0.02224644 0.00875146 0.01409740
v -0.01874370 0.01174003 0.01305382
v -0.02074271 0.00789825 0.01355591
v -0.01715372 0.01096357 0.01344302
v -0.01915274 0.00712179 0.01394511
v -0.01590353 0.01047193 0.01465863
v -0.01790255 0.00663015 0.01516072
v -0.01532812 0.01039682 0.01637491
v -0.01732713 0.00655504 0.01687700
v -0.01716167 0.00735535 0.01799882
v -0.01801300 0.00778842 0.01953832
v -0.01836936 0.00319640 0.01850091
v -0.01922069 0.00362947 0.02004042
v -0.02162853 0.00402577 0.01753138
v -0.01950950 0.00832767 0.02040553
v -0.02071719 0.00416873 0.02090763
v -0.02125020 0.00882862 0.02036808
v -0.02245789 0.00466968 0.02087017
v -0.02276867 0.00915704 0.01943600
v -0.02397636 0.00499809 0.01993809
v -0.02365804 0.00922491 0.01785905
v -0.02486573 0.00506597 0.01836114
v -0.02368000 0.00901407 0.01605976
v -0.02488769 0.00485513 0.01656185
v -0.02282868 0.00858100 0.01452025
v -0.02403637 0.00442206 0.01502234
v -0.02133217 0.00804175 0.01365304
v -0.02253986 0.00388280 0.01415514
v -0.01959147 0.00754080 0.01369050
v -0.02079916 0.00338185 0.01419259
v -0.01807300 0.00721238 0.01462258
v -0.01928069 0.00305344 0.01512467
v -0.01718363 0.00714450 0.01619953
v -0.01839133 0.00298556 0.01670163
v -0.01815108 0.00376245 0.01782807
v -0.01874863 0.00401054 0.01952034
v -0.01852065 -0.00055249 0.01833016
v -0.01911820 -0.00030440 0.02002243
v -0.02199810 -0.00028918 0.01803347
v -0.02011784 0.00426272 0.02067966
v -0.02048741 -0.00005223 0.02118176
v -0.02189185 0.00445140 0.02099541
v -0.02226142 0.00013646 0.02149750
v -0.02359529 0.00452603 0.02038297
v -0.02396486 0.00021109 0.02088507
v -0.02477174 0.00446662 0.01900645
v -0.02514132 0.00015168 0.01950854
v -0.02510597 0.00428908 0.01723469
v -0.02547555 -0.00002586 0.01773678
v -0.02450843 0.00404099 0.01554242
v -0.02487800 -0.00027395 0.01604452
v -0.02313921 0.00378882 0.01438310
v -0.02350878 -0.00052613 0.01488519
v -0.02136521 0.00360014 0.01406735
v -0.02173478 -0.00071481 0.01456944
v -0.01966176 0.00352550 0.01467979
v -0.02003134 -0.00078944 0.01518188
v -0.01848531 0.00358491 0.01605631
v -0.01885488 -0.00073003 0.01655840
v -0.01853660 0.00005397 0.01764583
v -0.01882878 0.00022879 0.01942528
v -0.01805373 -0.00424977 0.01814792
v -0.01834591 -0.00407495 0.01992737
v -0.02151523 -0.00459291 0.01853557
v -0.01997017 0.00026482 0.02083180
v -0.01948731 -0.00403892 0.02133389
v -0.02165495 0.00015240 0.02148851
v -0.02117208 -0.00415133 0.02199060
v -0.02343168 -0.00007833 0.02121944
v -0.02294881 -0.00438207 0.02172153
v -0.02482427 -0.00036556 0.02009670
v -0.02434140 -0.00466930 0.02059879
v -0.02545960 -0.00063232 0.01842112
v -0.02497673 -0.00493606 0.01892321
v -0.02516742 -0.00080714 0.01664167
v -0.02468455 -0.00511088 0.01714376
v -0.02402602 -0.00084317 0.01523515
v -0.02354315 -0.00514691 0.01573724
v -0.02234125 -0.00073075 0.01457844
v -0.02185838 -0.00503449 0.01508053
v -0.02056452 -0.00050002 0.01484750
v -0.02008165 -0.00480376 0.01534959
v -0.01917193 -0.00021279 0.01597025
v -0.01868906 -0.00451653 0.01647234
v -0.01830146 -0.00369597 0.01747860
v -0.01828355 -0.00347149 0.01927628
v -0.01698486 -0.00782173 0.01798069
v -0.01696696 -0.00759725 0.01977838
v -0.02019863 -0.00871867 0.01903766
v -0.01913157 -0.00354749 0.02087549
v -0.01781498 -0.00767325 0.02137758
v -0.02061829 -0.00390361 0.02184772
v -0.01930169 -0.00802936 0.02234981
v -0.02234535 -0.00444443 0.02193245
v -0.02102875 -0.00857018 0.02243455
v -0.02384997 -0.00502503 0.02110700
v -0.02253337 -0.00915079 0.02160909
v -0.02472900 -0.00548985 0.01959253
v -0.02341240 -0.00961561 0.02009462
v -0.02474691 -0.00571434 0.01779485
v -0.02343031 -0.00984010 0.01829694
v -0.02389889 -0.00563834 0.01619564
v -0.02258229 -0.00976410 0.01669773
v -0.02241217 -0.00528222 0.01522341
v -0.02109557 -0.00940798 0.01572550
v -0.02068512 -0.00474140 0.01513867
v -0.01936852 -0.00886716 0.01564077
v -0.01918049 -0.00416079 0.01596413
v -0.01786389 -0.00828655 0.01646622
v -0.01742634 -0.00740562 0.01735234
v -0.01714123 -0.00701614 0.01909859
v -0.01532703 -0.01119353 0.01785443
v -0.01504193 -0.01080405 0.01960068
v -0.01809932 -0.01250658 0.01953975
v -0.01767535 -0.00708286 0.02082851
v -0.01557605 -0.01087076 0.02133061
v -0.01888558 -0.00758788 0.02207858
v -0.01678628 -0.01137579 0.02258067
v -0.02044764 -0.00839590 0.02251383
v -0.01834834 -0.01218381 0.02301593
v -0.02194298 -0.00929041 0.02201765
v -0.01984367 -0.01307832 0.02251974
v -0.02297092 -0.01003172 0.02072298
v -0.02087162 -0.01381963 0.02122507
v -0.02325603 -0.01042120 0.01897673
v -0.02115672 -0.01420910 0.01947882
v -0.02272191 -0.01035449 0.01724680
v -0.02062260 -0.01414239 0.01774889
v -0.02151168 -0.00984946 0.01599673
v -0.01941237 -0.01363736 0.01649882
v -0.01994962 -0.00904144 0.01556148
v -0.01785031 -0.01282934 0.01606357
v -0.01845428 -0.00814693 0.01605766
v -0.01635497 -0.01193484 0.01655976
v -0.01589450 -0.01097897 0.01729138
v -0.01542609 -0.01033450 0.01891853
v -0.01309383 -0.01428224 0.01779347
v -0.01262542 -0.01363777 0.01942062
v -0.01529866 -0.01580984 0.02004184
v -0.01567397 -0.01027204 0.02071214
v -0.01287330 -0.01357531 0.02121423
v -0.01657172 -0.01080832 0.02219161
v -0.01377105 -0.01411159 0.02269370
v -0.01787879 -0.01179965 0.02296051
v -0.01507812 -0.01510291 0.02346260
v -0.01924495 -0.01298039 0.02281282
v -0.01644428 -0.01628366 0.02331492
v -0.02030415 -0.01403418 0.02178812
v -0.01750348 -0.01733745 0.02229021
v -0.02077256 -0.01467865 0.02016097
v -0.01797189 -0.01798192 0.02066306
v -0.02052468 -0.01474111 0.01836736
v -0.01772401 -0.01804438 0.01886945
v -0.01962693 -0.01420483 0.01688789
v -0.01682626 -0.01750810 0.01738998
v -0.01831986 -0.01321351 0.01611899
v -0.01551919 -0.01651677 0.01662108
v -0.01695370 -0.01203276 0.01626667
v -0.01415303 -0.01533603 0.01676876
v -0.01370018 -0.01430217 0.01731754
v -0.01316050 -0.01335186 0.01876254
v -0.01030668 -0.01699280 0.01781964
v -0.00976700 -0.01604248 0.01926464
v -0.01190515 -0.01850047 0.02054393
v -0.01319373 -0.01306016 0.02055033
v -0.00980023 -0.01575079 0.02105242
v -0.01379098 -0.01350524 0.02220187
v -0.01039748 -0.01619587 0.02270396
v -0.01479221 -0.01456783 0.02327463
v -0.01139871 -0.01725846 0.02377672
v -0.01592914 -0.01596322 0.02348117
v -0.01253564 -0.01865385 0.02398326
v -0.01689713 -0.01731751 0.02276614
v -0.01350363 -0.02000814 0.02326823
v -0.01743681 -0.01826783 0.02132114
v -0.01404331 -0.02095845 0.02182323
v -0.01740358 -0.01855952 0.01953335
v -0.01401007 -0.02125015 0.02003544
v -0.01680633 -0.01811445 0.01788181
v -0.01341283 -0.02080507 0.01838390
v -0.01580510 -0.01705185 0.01680905
v -0.01241160 -0.01974248 0.01731114
v -0.01466817 -0.01565646 0.01660251
v -0.01127467 -0.01834709 0.01710461
v -0.01085883 -0.01724416 0.01744928
v -0.01037086 -0.01598409 0.01865613
v -0.00700400 -0.01921788 0.01795137
v -0.00651602 -0.01795781 0.01915823
v -0.00805032 -0.02047419 0.02104603
v -0.01029400 -0.01539829 0.02036882
v -0.00643916 -0.01737201 0.02087091
v -0.01064884 -0.01564371 0.02212843
v -0.00679401 -0.01761743 0.02263052
v -0.01134032 -0.01665460 0.02346348
v -0.00748549 -0.01862832 0.02396557
v -0.01218314 -0.01816009 0.02401623
v -0.00832831 -0.02013381 0.02451832
v -0.01295148 -0.01975678 0.02363859
v -0.00909664 -0.02173050 0.02414068
v -0.01343945 -0.02101684 0.02243173
v -0.00958462 -0.02299056 0.02293383
v -0.01351631 -0.02160265 0.02071904
v -0.00966148 -0.02357636 0.02122114
v -0.01316146 -0.02135722 0.01895943
v -0.00930663 -0.02333094 0.01946153
v -0.01246999 -0.02034633 0.01762439
v -0.00861515 -0.02232005 0.01812648
v -0.01162717 -0.01884085 0.01707163
v -0.00777233 -0.02081457 0.01757373
v -0.00741720 -0.01966208 0.01770093
v -0.00709597 -0.01813591 0.01862288
v -0.00325041 -0.02084242 0.01820303
v -0.00292918 -0.01931624 0.01912497
v -0.00388353 -0.02165452 0.02154812
v -0.00703046 -0.01723627 0.02019410
v -0.00286367 -0.01841660 0.02069619
v -0.00723822 -0.01720423 0.02199359
v -0.00307143 -0.01838456 0.02249569
v -0.00766358 -0.01804838 0.02353919
v -0.00349679 -0.01922871 0.02404128
v -0.00819257 -0.01954251 0.02441674
v -0.00402578 -0.02072284 0.02491884
v -0.00868344 -0.02128629 0.02439112
v -0.00451665 -0.02246662 0.02489321
v -0.00900467 -0.02281247 0.02346918
v -0.00483788 -0.02399280 0.02397127
v -0.00907018 -0.02371210 0.02189795
v -0.00490339 -0.02489243 0.02240005
v -0.00886242 -0.02374414 0.02009846
v -0.00469563 -0.02492447 0.02060055
v -0.00843706 -0.02290000 0.01855286
v -0.00427027 -0.02408033 0.01905495
v -0.00790807 -0.02140586 0.01767531
v -0.00374128 -0.02258619 0.01817740
v -0.00346123 -0.02141128 0.01808221
v -0.00339619 -0.01970348 0.01868352
v 0.00085605 -0.02175249 0.01858430
v 0.00092109 -0.02004469 0.01918561
v 0.00043375 -0.02199572 0.02205021
v -0.00346173 -0.01851846 0.02005238
v 0.00085555 -0.01885966 0.02055448
v -0.00364029 -0.01817374 0.02182204
v 0.00067699 -0.01851495 0.02232413
v -0.00388403 -0.01876170 0.02351829
v 0.00043325 -0.01910290 0.02402038
v -0.00412764 -0.02012478 0.02468664
v 0.00018964 -0.02046598 0.02518873
v -0.00430583 -0.02189776 0.02501402
v 0.00001145 -0.02223896 0.02551611
v -0.00437087 -0.02360556 0.02441272
v -0.00005360 -0.02394676 0.02491481
v -0.00430533 -0.02479058 0.02304385
v 0.00001195 -0.02513178 0.02354594
v -0.00412677 -0.02513530 0.02127420
v 0.00019051 -0.02547650 0.02177629
v -0.00388303 -0.02454734 0.01957794
v 0.00043425 -0.02488855 0.02008004
v -0.00363942 -0.02318426 0.01840960
v 0.00067785 -0.02352546 0.01891169
v 0.00087997 -0.02235869 0.01859780
v 0.00063870 -0.02058163 0.01885516
v 0.00518044 -0.02184754 0.01909989
v 0.00493917 -0.02007049 0.01935725
v 0.00473422 -0.02148458 0.02255230
v 0.00034252 -0.01918348 0.01996863
v 0.00464299 -0.01867233 0.02047073
v 0.00007078 -0.01853886 0.02163986
v 0.00437125 -0.01802772 0.02214196
v -0.00010370 -0.01882051 0.02342105
v 0.00419677 -0.01830937 0.02392314
v -0.00013417 -0.01995296 0.02483491
v 0.00416630 -0.01944181 0.02533701
v -0.00001247 -0.02163276 0.02550262
v 0.00428800 -0.02112162 0.02600471
v 0.00022879 -0.02340982 0.02524526
v 0.00452926 -0.02289867 0.02574735
v 0.00052498 -0.02480797 0.02413178
v 0.00482545 -0.02429682 0.02463388
v 0.00079671 -0.02545258 0.02246056
v 0.00509718 -0.02494144 0.02296265
v 0.00097120 -0.02517093 0.02067937
v 0.00527167 -0.02465979 0.02118147
v 0.00100167 -0.02403849 0.01926551
v 0.00530214 -0.02352735 0.01976760
v 0.00543542 -0.02239803 0.01924717
v 0.00488475 -0.02067472 0.01915062
v 0.00955244 -0.02105435 0.01974926
v 0.00900177 -0.01933103 0.01965271
v 0.00885124 -0.02014089 0.02305439
v 0.00429375 -0.01916840 0.01996554
v 0.00841076 -0.01782472 0.02046764
v 0.00382077 -0.01828271 0.02147359
v 0.00793778 -0.01693902 0.02197568
v 0.00359254 -0.01825495 0.02327068
v 0.00770956 -0.01691126 0.02377277
v 0.00367023 -0.01909257 0.02487528
v 0.00778725 -0.01774888 0.02537737
v 0.00403301 -0.02057113 0.02585744
v 0.00815003 -0.01922744 0.02635953
v 0.00458368 -0.02229444 0.02595399
v 0.00870070 -0.02095076 0.02645608
v 0.00517469 -0.02380076 0.02513906
v 0.00929171 -0.02245707 0.02564115
v 0.00564767 -0.02468645 0.02363101
v 0.00976469 -0.02334277 0.02413310
v 0.00587589 -0.02471421 0.02183392
v 0.00999291 -0.02337052 0.02233602
v 0.00579821 -0.02387659 0.02022932
v 0.00991522 -0.02253290 0.02073142
v 0.00999935 -0.02146462 0.02002461
v 0.00918367 -0.01990979 0.01957789
v 0.01377338 -0.01934046 0.02052670
v 0.01295770 -0.01778563 0.02007998
v 0.01262526 -0.01801674 0.02355649
v 0.00827892 -0.01841689 0.02006269
v 0.01205294 -0.01629273 0.02056479
v 0.00752751 -0.01738593 0.02134912
v 0.01130154 -0.01526178 0.02185121
v 0.00713080 -0.01709317 0.02309248
v 0.01090482 -0.01496901 0.02359457
v 0.00719507 -0.01761704 0.02482563
v 0.01096910 -0.01549288 0.02532772
v 0.00770312 -0.01881717 0.02608418
v 0.01147714 -0.01669301 0.02658627
v 0.00851880 -0.02037200 0.02653090
v 0.01229282 -0.01824784 0.02703299
v 0.00942355 -0.02186490 0.02604609
v 0.01319758 -0.01974074 0.02654818
v 0.01017496 -0.02289585 0.02475967
v 0.01394899 -0.02077170 0.02526176
v 0.01057167 -0.02318862 0.02301631
v 0.01434570 -0.02106446 0.02351840
v 0.01050740 -0.02266475 0.02128316
v 0.01428142 -0.02054060 0.02178525
v 0.01434362 -0.01954754 0.02091946
v 0.01334800 -0.01825009 0.02013988
v 0.01762841 -0.01672522 0.02142155
v 0.01663279 -0.01542777 0.02064197
v 0.01591005 -0.01519442 0.02405858
v 0.01215873 -0.01689011 0.02027577
v 0.01544351 -0.01406780 0.02077787
v 0.01109446 -0.01583201 0.02129073
v 0.01437925 -0.01300970 0.02179283
v 0.01044037 -0.01535931 0.02291280
v 0.01372516 -0.01253699 0.02341489
v 0.01037172 -0.01559866 0.02470734
v 0.01365651 -0.01277634 0.02520943
v 0.01090690 -0.01648593 0.02619351
v 0.01419169 -0.01366362 0.02669560
v 0.01190252 -0.01778338 0.02697309
v 0.01518731 -0.01496106 0.02747518
v 0.01309180 -0.01914336 0.02683720
v 0.01637658 -0.01632104 0.02733929
v 0.01415606 -0.02020146 0.02582224
v 0.01744085 -0.01737914 0.02632433
v 0.01481015 -0.02067416 0.02420017
v 0.01809494 -0.01785184 0.02470227
v 0.01487880 -0.02043481 0.02240563
v 0.01816359 -0.01761249 0.02290772
v 0.01823444 -0.01669732 0.02191650
v 0.01717158 -0.01570662 0.02083427
v 0.02090270 -0.01328621 0.02241859
v 0.01983984 -0.01229551 0.02133636
v 0.01857831 -0.01178331 0.02456067
v 0.01577069 -0.01457868 0.02061598
v 0.01843896 -0.01116757 0.02111808
v 0.01440715 -0.01361573 0.02132014
v 0.01707541 -0.01020462 0.02182223
v 0.01344630 -0.01307578 0.02275806
v 0.01611457 -0.00966467 0.02326015
v 0.01314562 -0.01310352 0.02454445
v 0.01581388 -0.00969241 0.02504655
v 0.01358566 -0.01369152 0.02620066
v 0.01625392 -0.01028040 0.02670275
v 0.01464852 -0.01468221 0.02728289
v 0.01731678 -0.01127110 0.02778498
v 0.01604941 -0.01581015 0.02750117
v 0.01871767 -0.01239904 0.02800326
v 0.01741295 -0.01677311 0.02679701
v 0.02008121 -0.01336199 0.02729910
v 0.01837379 -0.01731305 0.02535909
v 0.02104206 -0.01390194 0.02586119
v 0.01867448 -0.01728531 0.02357270
v 0.02134275 -0.01387420 0.02407479
v 0.02145150 -0.01302761 0.02299654
v 0.02044442 -0.01234596 0.02165360
v 0.02339984 -0.00915989 0.02349864
v 0.02239276 -0.00847824 0.02215569
v 0.02052666 -0.00791558 0.02506276
v 0.01893731 -0.01151355 0.02108960
v 0.02088565 -0.00764582 0.02159169
v 0.01733401 -0.01075342 0.02145567
v 0.01928235 -0.00688569 0.02195776
v 0.01606412 -0.01026924 0.02265372
v 0.01801246 -0.00640152 0.02315581
v 0.01546791 -0.01019076 0.02436274
v 0.01741625 -0.00632304 0.02486483
v 0.01570512 -0.01053900 0.02612480
v 0.01765347 -0.00667128 0.02662689
v 0.01671221 -0.01122065 0.02746774
v 0.01866055 -0.00735293 0.02796984
v 0.01821932 -0.01205306 0.02803174
v 0.02016766 -0.00818534 0.02853383
v 0.01982262 -0.01281319 0.02766567
v 0.02177096 -0.00894547 0.02816776
v 0.02109251 -0.01329737 0.02646762
v 0.02304085 -0.00942964 0.02696971
v 0.02168872 -0.01337585 0.02475860
v 0.02363706 -0.00950813 0.02526069
v 0.02380717 -0.00871029 0.02413720
v 0.02297031 -0.00829253 0.02258558
v 0.02496009 -0.00453583 0.02463929
v 0.02412323 -0.00411808 0.02308767
v 0.02167957 -0.00374113 0.02556485
v 0.02147868 -0.00777378 0.02169771
v 0.02263160 -0.00359932 0.02219981
v 0.01973195 -0.00729302 0.02171151
v 0.02088487 -0.00311856 0.02221361
v 0.01819816 -0.00697908 0.02262328
v 0.01935108 -0.00280462 0.02312537
v 0.01728829 -0.00691607 0.02418870
v 0.01844121 -0.00274161 0.02469079
v 0.01724614 -0.00712088 0.02598832
v 0.01839906 -0.00294642 0.02649042
v 0.01808300 -0.00753863 0.02753995
v 0.01923592 -0.00336417 0.02804204
v 0.01957463 -0.00805739 0.02842781
v 0.02072755 -0.00388293 0.02892990
v 0.02132136 -0.00853815 0.02841401
v 0.02247428 -0.00436369 0.02891610
v 0.02285515 -0.00885209 0.02750225
v 0.02400807 -0.00467763 0.02800434
v 0.02376502 -0.00891510 0.02593683
v 0.02491794 -0.00474064 0.02643892
v 0.02516342 -0.00396424 0.02531372
v 0.02458511 -0.00372473 0.02361355
v 0.02547624 0.00035519 0.02581581
v 0.02489793 0.00059470 0.02411564
v 0.02199240 0.00057830 0.02606695
v 0.02322827 -0.00348961 0.02243623
v 0.02354109 0.00082981 0.02293832
v 0.02145646 -0.00332189 0.02209722
v 0.02176928 0.00099754 0.02259932
v 0.01974443 -0.00326650 0.02268736
v 0.02005725 0.00105293 0.02318946
v 0.01855092 -0.00333828 0.02404853
v 0.01886375 0.00098114 0.02455062
v 0.01819573 -0.00351801 0.02581599
v 0.01850856 0.00080142 0.02631808
v 0.01877404 -0.00375752 0.02751616
v 0.01908686 0.00056191 0.02801825
v 0.02013088 -0.00399264 0.02869348
v 0.02044370 0.00032679 0.02919557
v 0.02190269 -0.00416036 0.02903248
v 0.02221551 0.00015906 0.02953458
v 0.02361472 -0.00421575 0.02844234
v 0.02392754 0.00010367 0.02894443
v 0.02480823 -0.00414397 0.02708118
v 0.02512105 0.00017546 0.02758327
v 0.02544435 0.00096102 0.02649997
v 0.02517324 0.00113531 0.02471714
v 0.02490496 0.00525804 0.02700206
v 0.02463384 0.00543233 0.02521923
v 0.02145300 0.00487532 0.02656904
v 0.02404982 0.00116034 0.02329598
v 0.02351043 0.00545736 0.02379807
v 0.02237512 0.00102942 0.02261731
v 0.02183572 0.00532644 0.02311940
v 0.02059786 0.00077762 0.02286296
v 0.02005847 0.00507464 0.02336505
v 0.01919428 0.00047242 0.02396711
v 0.01865488 0.00476944 0.02446921
v 0.01854044 0.00019558 0.02563392
v 0.01800104 0.00449260 0.02613601
v 0.01881155 0.00002130 0.02741675
v 0.01827216 0.00431831 0.02791885
v 0.01993497 -0.00000374 0.02883791
v 0.01939558 0.00429328 0.02934000
v 0.02160968 0.00012718 0.02951659
v 0.02107028 0.00442420 0.03001868
v 0.02338693 0.00037898 0.02927093
v 0.02284754 0.00467600 0.02977303
v 0.02479052 0.00068419 0.02816678
v 0.02425112 0.00498121 0.02866887
v 0.02464276 0.00580513 0.02766944
v 0.02468032 0.00603722 0.02587303
v 0.02327204 0.00991323 0.02817154
v 0.02330960 0.01014531 0.02637512
v 0.02008229 0.00898342 0.02707113
v 0.02385312 0.00595798 0.02426311
v 0.02248240 0.01006607 0.02476520
v 0.02238281 0.00558864 0.02327106
v 0.02101209 0.00969674 0.02377316
v 0.02066336 0.00502817 0.02316270
v 0.01929265 0.00913627 0.02366480
v 0.01915549 0.00442674 0.02396707
v 0.01778478 0.00853484 0.02446916
v 0.01826324 0.00394551 0.02546863
v 0.01689253 0.00805361 0.02597072
v 0.01822568 0.00371342 0.02726504
v 0.01685497 0.00782152 0.02776713
v 0.01905288 0.00379266 0.02887496
v 0.01768217 0.00790076 0.02937705
v 0.02052319 0.00416200 0.02986701
v 0.01915248 0.00827010 0.03036910
v 0.02224264 0.00472247 0.02997537
v 0.02087193 0.00883057 0.03047746
v 0.02375051 0.00532390 0.02917100
v 0.02237979 0.00943199 0.02967310
v 0.02281978 0.01031759 0.02879628
v 0.02312011 0.01072164 0.02705590
v 0.02067086 0.01407757 0.02929837
v 0.02097119 0.01448162 0.02755799
v 0.01793337 0.01274340 0.02757322
v 0.02260646 0.01065993 0.02531960
v 0.02045754 0.01441991 0.02582169
v 0.02141646 0.01014900 0.02405262
v 0.01926754 0.01390899 0.02455471
v 0.01986897 0.00932576 0.02359445
v 0.01772005 0.01308574 0.02409654
v 0.01837863 0.00841079 0.02406785
v 0.01622972 0.01217077 0.02456995
v 0.01734480 0.00764925 0.02534598
v 0.01519588 0.01140923 0.02584808
v 0.01704446 0.00724520 0.02708636
v 0.01489555 0.01100518 0.02758846
v 0.01755811 0.00730690 0.02882266
v 0.01540920 0.01106689 0.02932475
v 0.01874812 0.00781783 0.03008964
v 0.01659920 0.01157781 0.03059173
v 0.02029561 0.00864107 0.03054781
v 0.01814669 0.01240106 0.03104990
v 0.02178594 0.00955605 0.03007440
v 0.01963702 0.01331603 0.03057650
v 0.02009795 0.01427714 0.02985626
v 0.02057482 0.01494090 0.02823935
v 0.01725410 0.01754330 0.03035835
v 0.01773097 0.01820707 0.02874144
v 0.01508952 0.01600957 0.02807531
v 0.02034391 0.01501585 0.02644396
v 0.01750007 0.01828202 0.02694605
v 0.01946711 0.01448190 0.02495115
v 0.01662326 0.01774807 0.02545324
v 0.01817933 0.01348212 0.02416092
v 0.01533549 0.01674828 0.02466301
v 0.01682566 0.01228440 0.02428502
v 0.01398181 0.01555056 0.02478711
v 0.01576879 0.01120966 0.02529019
v 0.01292494 0.01447583 0.02579228
v 0.01529192 0.01054590 0.02690709
v 0.01244808 0.01381207 0.02740918
v 0.01552283 0.01047095 0.02870249
v 0.01267898 0.01373712 0.02920458
v 0.01639964 0.01100490 0.03019530
v 0.01355579 0.01427107 0.03069739
v 0.01768741 0.01200468 0.03098552
v 0.01484356 0.01527085 0.03148761
v 0.01904108 0.01320240 0.03086143
v 0.01619724 0.01646857 0.03136352
v 0.01664849 0.01750744 0.03082777
v 0.01718856 0.01847882 0.02939699
v 0.01321991 0.02015323 0.03132986
v 0.01375999 0.02112461 0.02989908
v 0.01166095 0.01865536 0.02857741
v 0.01716620 0.01878856 0.02761207
v 0.01373763 0.02143435 0.02811417
v 0.01658740 0.01835368 0.02595128
v 0.01315882 0.02099947 0.02645337
v 0.01560724 0.01729069 0.02485962
v 0.01217866 0.01993648 0.02536171
v 0.01448835 0.01588443 0.02462960
v 0.01105978 0.01853022 0.02513169
v 0.01353056 0.01451170 0.02532286
v 0.01010198 0.01715748 0.02582495
v 0.01299048 0.01354032 0.02675363
v 0.00956191 0.01618611 0.02725573
v 0.01301285 0.01323057 0.02853855
v 0.00958427 0.01587636 0.02904065
v 0.01359165 0.01366546 0.03019935
v 0.01016308 0.01631124 0.03070144
v 0.01457181 0.01472844 0.03129101
v 0.01114324 0.01737423 0.03179310
v 0.01569069 0.01613471 0.03152103
v 0.01226212 0.01878049 0.03202312
v 0.01267456 0.01988744 0.03169262
v 0.01315480 0.02116710 0.03050342
v 0.00879412 0.02181032 0.03219471
v 0.00927436 0.02308998 0.03100551
v 0.00778050 0.02057824 0.02907950
v 0.01323477 0.02177375 0.02879814
v 0.00935432 0.02369663 0.02930024
v 0.01289303 0.02154482 0.02703372
v 0.00901259 0.02346770 0.02753581
v 0.01222116 0.02054167 0.02568293
v 0.00834071 0.02246455 0.02618502
v 0.01139918 0.01903307 0.02510771
v 0.00751873 0.02095595 0.02560980
v 0.01064734 0.01742327 0.02546219
v 0.00676689 0.01934615 0.02596428
v 0.01016709 0.01614361 0.02665139
v 0.00628665 0.01806649 0.02715348
v 0.01008713 0.01553696 0.02835667
v 0.00620668 0.01745984 0.02885876
v 0.01042887 0.01576589 0.03012109
v 0.00654842 0.01768877 0.03062318
v 0.01110074 0.01676905 0.03147188
v 0.00722030 0.01869193 0.03197398
v 0.01192272 0.01827764 0.03204710
v 0.00804228 0.02020052 0.03254919
v 0.00839274 0.02135540 0.03243675
v 0.00869930 0.02289670 0.03153521
v 0.00421079 0.02248086 0.03293885
v 0.00451735 0.02402216 0.03203730
v 0.00359856 0.02170369 0.02958159
v 0.00875967 0.02381677 0.02997566
v 0.00457772 0.02494223 0.03047775
v 0.00855767 0.02386908 0.02817598
v 0.00437573 0.02499454 0.02867807
v 0.00814743 0.02303961 0.02661840
v 0.00396549 0.02416507 0.02712049
v 0.00763888 0.02155061 0.02572027
v 0.00345693 0.02267607 0.02622236
v 0.00716827 0.01980107 0.02572224
v 0.00298633 0.02092653 0.02622433
v 0.00686171 0.01825977 0.02662379
v 0.00267977 0.01938523 0.02712588
v 0.00680134 0.01733970 0.02818334
v 0.00261940 0.01846516 0.02868543
v 0.00700334 0.01728739 0.02998302
v 0.00282139 0.01841285 0.03048511
v 0.00741357 0.01811686 0.03154059
v 0.00323163 0.01924232 0.03204269
v 0.00792213 0.01960586 0.03243873
v 0.00374019 0.02073132 0.03294082
v 0.00401500 0.02190665 0.03305079
v 0.00406068 0.02362278 0.03247184
v -0.00030639 0.02219108 0.03355289
v -0.00026071 0.02390721 0.03297393
v -0.00072283 0.02198812 0.03008368
v 0.00398254 0.02482469 0.03111845
v -0.00033885 0.02510912 0.03162054
v 0.00380152 0.02519034 0.02935325
v -0.00051988 0.02547476 0.02985534
v 0.00356611 0.02462174 0.02764924
v -0.00075528 0.02490616 0.02815133
v 0.00333939 0.02327125 0.02646300
v -0.00098200 0.02355568 0.02696509
v 0.00318212 0.02150074 0.02611238
v -0.00113927 0.02178517 0.02661448
v 0.00313644 0.01978461 0.02669134
v -0.00118495 0.02006904 0.02719343
v 0.00321458 0.01858270 0.02804473
v -0.00110681 0.01886712 0.02854683
v 0.00339560 0.01821705 0.02980993
v -0.00092579 0.01850148 0.03031202
v 0.00363101 0.01878565 0.03151394
v -0.00069038 0.01907008 0.03201603
v 0.00385773 0.02013614 0.03270018
v -0.00046366 0.02042057 0.03320227
v -0.00026655 0.02158571 0.03353040
v -0.00052888 0.02336302 0.03329647
v -0.00455993 0.02101809 0.03403249
v -0.00482226 0.02279540 0.03379856
v -0.00501621 0.02142050 0.03058577
v -0.00084319 0.02477193 0.03220168
v -0.00513657 0.02420430 0.03270377
v -0.00112524 0.02543492 0.03053937
v -0.00541862 0.02486729 0.03104146
v -0.00129947 0.02517434 0.02875496
v -0.00559285 0.02460671 0.02925705
v -0.00131919 0.02406002 0.02732658
v -0.00561257 0.02349239 0.02782867
v -0.00117911 0.02239053 0.02663696
v -0.00547249 0.02182291 0.02713905
v -0.00091678 0.02061322 0.02687089
v -0.00521016 0.02004559 0.02737298
v -0.00060247 0.01920431 0.02796568
v -0.00489585 0.01863669 0.02846778
v -0.00032042 0.01854132 0.02962799
v -0.00461380 0.01797370 0.03013008
v -0.00014619 0.01880190 0.03141240
v -0.00443957 0.01823428 0.03191449
v -0.00012647 0.01991623 0.03284078
v -0.00441986 0.01934860 0.03334288
v -0.00429056 0.02047449 0.03387645
v -0.00486078 0.02218995 0.03399661
v -0.00838956 0.01907681 0.03437854
v -0.00895978 0.02079226 0.03449870
v -0.00911521 0.02002281 0.03108787
v -0.00547265 0.02369923 0.03320284
v -0.00957165 0.02230154 0.03370493
v -0.00596221 0.02459793 0.03170783
v -0.01006121 0.02320024 0.03220993
v -0.00619830 0.02464523 0.02991217
v -0.01029730 0.02324755 0.03041426
v -0.00611764 0.02382847 0.02829700
v -0.01021664 0.02243079 0.02879909
v -0.00574186 0.02236650 0.02729510
v -0.00984086 0.02096882 0.02779720
v -0.00517164 0.02065104 0.02717494
v -0.00927064 0.01925336 0.02767703
v -0.00455977 0.01914176 0.02796871
v -0.00865877 0.01774408 0.02847080
v -0.00407021 0.01824307 0.02946371
v -0.00816921 0.01684538 0.02996581
v -0.00383412 0.01819576 0.03125938
v -0.00793312 0.01679807 0.03176147
v -0.00391478 0.01901252 0.03287455
v -0.00801378 0.01761483 0.03337664
v -0.00793202 0.01867842 0.03409497
v -0.00876273 0.02021848 0.03456457
v -0.01167780 0.01650484 0.03459707
v -0.01250851 0.01804490 0.03506666
v -0.01286099 0.01784923 0.03158996
v -0.00968789 0.02170611 0.03410259
v -0.01343367 0.01953253 0.03460468
v -0.01045960 0.02274270 0.03283281
v -0.01420537 0.02056912 0.03333491
v -0.01087108 0.02305049 0.03109548
v -0.01461686 0.02087691 0.03159757
v -0.01081208 0.02254703 0.02935611
v -0.01455786 0.02037345 0.02985820
v -0.01029840 0.02136720 0.02808076
v -0.01404418 0.01919361 0.02858285
v -0.00946769 0.01982714 0.02761116
v -0.01321347 0.01765356 0.02811325
v -0.00854253 0.01833951 0.02807314
v -0.01228831 0.01616593 0.02857524
v -0.00777082 0.01730292 0.02934292
v -0.01151660 0.01512934 0.02984501
v -0.00735934 0.01699513 0.03108025
v -0.01110512 0.01482155 0.03158234
v -0.00741834 0.01749860 0.03281962
v -0.01116412 0.01532501 0.03332171
v -0.01110231 0.01631283 0.03419697
v -0.01210613 0.01759087 0.03499781
v -0.01434972 0.01344757 0.03469906
v -0.01535354 0.01472561 0.03549990
v -0.01610840 0.01498398 0.03209205
v -0.01331221 0.01893813 0.03488551
v -0.01655962 0.01607288 0.03538761
v -0.01439739 0.01999363 0.03389018
v -0.01764480 0.01712838 0.03439227
v -0.01507089 0.02047454 0.03227850
v -0.01831830 0.01760929 0.03278059
v -0.01515225 0.02025199 0.03048233
v -0.01839966 0.01738674 0.03098442
v -0.01461967 0.01938563 0.02898294
v -0.01786707 0.01652038 0.02948504
v -0.01361585 0.01810759 0.02818211
v -0.01686325 0.01524234 0.02868420
v -0.01240976 0.01676033 0.02829440
v -0.01565717 0.01389507 0.02879650
v -0.01132459 0.01570483 0.02928974
v -0.01457199 0.01283958 0.02979183
v -0.01065109 0.01522392 0.03090142
v -0.01389849 0.01235867 0.03140351
v -0.01056973 0.01544646 0.03269759
v -0.01381713 0.01258121 0.03319968
v -0.01374463 0.01349140 0.03419795
v -0.01480760 0.01446102 0.03529899
v -0.01636782 0.01004551 0.03470004
v -0.01743080 0.01101513 0.03580108
v -0.01873159 0.01153809 0.03259414
v -0.01621913 0.01557077 0.03554073
v -0.01884232 0.01212488 0.03604282
v -0.01760098 0.01652329 0.03485841
v -0.02022417 0.01307740 0.03536050
v -0.01858289 0.01706335 0.03343483
v -0.02120609 0.01361746 0.03393693
v -0.01890177 0.01704625 0.03165147
v -0.02152497 0.01360036 0.03215356
v -0.01847216 0.01647656 0.02998615
v -0.02109536 0.01303067 0.03048825
v -0.01740919 0.01550694 0.02888511
v -0.02003238 0.01206105 0.02938720
v -0.01599767 0.01439719 0.02864337
v -0.01862086 0.01095130 0.02914546
v -0.01461581 0.01344467 0.02932570
v -0.01723901 0.00999878 0.02982779
v -0.01363390 0.01290460 0.03074927
v -0.01625709 0.00945871 0.03125136
v -0.01331502 0.01292171 0.03253263
v -0.01593822 0.00947582 0.03303473
v -0.01582601 0.01031844 0.03411732
v -0.01682511 0.01098059 0.03547590
v -0.01772335 0.00642544 0.03461941
v -0.01872244 0.00708759 0.03597799
v -0.02062893 0.00764509 0.03309624
v -0.01833505 0.01179212 0.03606232
v -0.02023238 0.00789913 0.03656441
v -0.01995124 0.01253559 0.03571944
v -0.02184857 0.00864259 0.03622153
v -0.02124063 0.01301177 0.03453914
v -0.02313796 0.00911877 0.03504123
v -0.02185772 0.01309308 0.03283768
v -0.02375505 0.00920008 0.03333977
v -0.02163717 0.01275773 0.03107096
v -0.02353451 0.00886474 0.03157306
v -0.02063807 0.01209558 0.02971238
v -0.02253541 0.00820258 0.03021448
v -0.01912814 0.01128405 0.02912597
v -0.02102547 0.00739105 0.02962806
v -0.01751195 0.01054059 0.02946885
v -0.01940928 0.00664759 0.02997094
v -0.01622256 0.01006441 0.03064915
v -0.01811989 0.00617141 0.03115124
v -0.01560546 0.00998309 0.03235061
v -0.01750280 0.00609009 0.03285270
v -0.01732798 0.00688559 0.03397767
v -0.01814997 0.00728841 0.03554114
v -0.01842593 0.00269634 0.03447976
v -0.01924792 0.00309916 0.03604323
v -0.02172688 0.00345584 0.03359833
v -0.01963620 0.00778680 0.03644950
v -0.02073415 0.00359755 0.03695159
v -0.02138842 0.00824722 0.03645936
v -0.02248637 0.00405797 0.03696145
v -0.02293714 0.00854630 0.03556807
v -0.02403509 0.00435705 0.03607016
v -0.02386738 0.00860390 0.03401445
v -0.02496533 0.00441465 0.03451655
v -0.02392987 0.00840458 0.03221480
v -0.02502782 0.00421533 0.03271689
v -0.02310788 0.00800176 0.03065133
v -0.02420583 0.00381251 0.03115342
v -0.02162166 0.00750337 0.02974297
v -0.02271961 0.00331412 0.03024506
v -0.01986943 0.00704296 0.02973311
v -0.02096738 0.00285371 0.03023520
v -0.01832071 0.00674388 0.03062440
v -0.01941866 0.00255463 0.03112649
v -0.01739048 0.00668628 0.03217801
v -0.01848843 0.00249703 0.03268011
v -0.01823770 0.00327308 0.03380386
v -0.01879654 0.00350451 0.03551164
v -0.01849372 -0.00105009 0.03430595
v -0.01905256 -0.00081865 0.03601373
v -0.02198290 -0.00086733 0.03410042
v -0.02014056 0.00372291 0.03670675
v -0.02039658 -0.00060026 0.03720884
v -0.02190964 0.00386974 0.03706896
v -0.02216566 -0.00045343 0.03757105
v -0.02362974 0.00390567 0.03650121
v -0.02388576 -0.00041750 0.03700331
v -0.02483997 0.00382106 0.03515565
v -0.02509599 -0.00050210 0.03565774
v -0.02521605 0.00363860 0.03339279
v -0.02547207 -0.00068457 0.03389489
v -0.02465721 0.00340716 0.03168501
v -0.02491323 -0.00091600 0.03218711
v -0.02331319 0.00318877 0.03048990
v -0.02356921 -0.00113440 0.03099200
v -0.02154412 0.00304194 0.03012769
v -0.02180014 -0.00128123 0.03062979
v -0.01982401 0.00300601 0.03069544
v -0.02008003 -0.00131716 0.03119753
v -0.01861378 0.00309061 0.03204101
v -0.01886980 -0.00123255 0.03254310
v -0.01854152 -0.00044530 0.03362209
v -0.01879156 -0.00027099 0.03540799
v -0.01794569 -0.00473486 0.03412418
v -0.01819573 -0.00456055 0.03591009
v -0.02138706 -0.00515688 0.03460251
v -0.01989672 -0.00025647 0.03684354
v -0.01930089 -0.00454603 0.03734563
v -0.02156087 -0.00040563 0.03754407
v -0.02096504 -0.00469519 0.03804616
v -0.02333810 -0.00067850 0.03732187
v -0.02274227 -0.00496806 0.03782396
v -0.02475220 -0.00100197 0.03623649
v -0.02415637 -0.00529152 0.03673859
v -0.02542428 -0.00128936 0.03457875
v -0.02482844 -0.00557891 0.03508084
v -0.02517423 -0.00146367 0.03279284
v -0.02457840 -0.00575322 0.03329493
v -0.02406907 -0.00147819 0.03135730
v -0.02347324 -0.00576774 0.03185939
v -0.02240493 -0.00132903 0.03065677
v -0.02180909 -0.00561858 0.03115886
v -0.02062769 -0.00105616 0.03087896
v -0.02003186 -0.00534571 0.03138106
v -0.01921359 -0.00073269 0.03196435
v -0.01861776 -0.00502225 0.03246644
v -0.01822218 -0.00419485 0.03345885
v -0.01816517 -0.00395464 0.03525368
v -0.01679758 -0.00828457 0.03396094
v -0.01674058 -0.00804437 0.03575578
v -0.01996247 -0.00924661 0.03510460
v -0.01897147 -0.00403658 0.03687403
v -0.01754688 -0.00812630 0.03737613
v -0.02042503 -0.00441870 0.03788574
v -0.01900044 -0.00850842 0.03838783
v -0.02213636 -0.00499861 0.03801770
v -0.02071177 -0.00908834 0.03851979
v -0.02364692 -0.00562094 0.03723456
v -0.02222233 -0.00971066 0.03773665
v -0.02455195 -0.00611892 0.03574617
v -0.02312736 -0.01020864 0.03624827
v -0.02460896 -0.00635913 0.03395134
v -0.02318436 -0.01044885 0.03445343
v -0.02380266 -0.00627719 0.03233099
v -0.02237806 -0.01036692 0.03283308
v -0.02234910 -0.00589507 0.03131929
v -0.02092450 -0.00998480 0.03182138
v -0.02063777 -0.00531516 0.03118732
v -0.01921317 -0.00940488 0.03168942
v -0.01912721 -0.00469283 0.03197046
v -0.01770261 -0.00878256 0.03247255
v -0.01726032 -0.00789224 0.03333993
v -0.01694516 -0.00747323 0.03507414
v -0.01506217 -0.01162365 0.03384202
v -0.01474700 -0.01120464 0.03557623
v -0.01776432 -0.01297802 0.03560669
v -0.01743848 -0.00752939 0.03681651
v -0.01524032 -0.01126080 0.03731860
v -0.01860810 -0.00804568 0.03810018
v -0.01640995 -0.01177709 0.03860227
v -0.02014063 -0.00888376 0.03858118
v -0.01794247 -0.01261517 0.03908327
v -0.02162541 -0.00981906 0.03813064
v -0.01942726 -0.01355048 0.03863273
v -0.02266462 -0.01060098 0.03686928
v -0.02046647 -0.01433239 0.03737137
v -0.02297978 -0.01101999 0.03513507
v -0.02078163 -0.01475140 0.03563716
v -0.02248646 -0.01096383 0.03339270
v -0.02028831 -0.01469524 0.03389479
v -0.02131684 -0.01044754 0.03210903
v -0.01911869 -0.01417895 0.03261112
v -0.01978431 -0.00960946 0.03162802
v -0.01758616 -0.01334087 0.03213011
v -0.01829953 -0.00867416 0.03207856
v -0.01610137 -0.01240557 0.03258066
v -0.01564013 -0.01143922 0.03328939
v -0.01515531 -0.01075593 0.03489577
v -0.01275359 -0.01466772 0.03379148
v -0.01226878 -0.01398444 0.03539786
v -0.01487778 -0.01620653 0.03610879
v -0.01536958 -0.01066806 0.03669264
v -0.01248305 -0.01389656 0.03719473
v -0.01622551 -0.01119913 0.03819853
v -0.01333898 -0.01442764 0.03870063
v -0.01749377 -0.01220686 0.03900994
v -0.01460723 -0.01543537 0.03951204
v -0.01883452 -0.01342122 0.03890946
v -0.01594798 -0.01664973 0.03941155
v -0.01988851 -0.01451683 0.03792400
v -0.01700197 -0.01774533 0.03842609
v -0.02037332 -0.01520011 0.03631762
v -0.01748679 -0.01842862 0.03681971
v -0.02015906 -0.01528799 0.03452075
v -0.01727252 -0.01851649 0.03502284
v -0.01930312 -0.01475691 0.03301486
v -0.01641659 -0.01798542 0.03351695
v -0.01803487 -0.01374918 0.03220344
v -0.01514833 -0.01697769 0.03270553
v -0.01669412 -0.01253482 0.03230393
v -0.01380759 -0.01576333 0.03280602
v -0.01335806 -0.01471949 0.03332865
v -0.01281814 -0.01372704 0.03474495
v -0.00989500 -0.01731998 0.03383074
v -0.00935509 -0.01632754 0.03524705
v -0.01141473 -0.01880702 0.03661088
v -0.01283011 -0.01339897 0.03652669
v -0.00936706 -0.01599946 0.03702879
v -0.01339075 -0.01382318 0.03819646
v -0.00992769 -0.01642367 0.03869855
v -0.01434984 -0.01488600 0.03930683
v -0.01088678 -0.01748649 0.03980892
v -0.01545039 -0.01630266 0.03956029
v -0.01198734 -0.01890315 0.04006238
v -0.01639751 -0.01769356 0.03888892
v -0.01293446 -0.02029405 0.03939101
v -0.01693743 -0.01868601 0.03747262
v -0.01347437 -0.02128650 0.03797471
v -0.01692546 -0.01901409 0.03569088
v -0.01346240 -0.02161458 0.03619297
v -0.01636482 -0.01858988 0.03402112
v -0.01290176 -0.02119037 0.03452321
v -0.01540573 -0.01752705 0.03291074
v -0.01194267 -0.02012754 0.03341283
v -0.01430518 -0.01611039 0.03265728
v -0.01084212 -0.01871089 0.03315938
v -0.01043318 -0.01760002 0.03347564
v -0.00996118 -0.01630096 0.03464699
v -0.00652779 -0.01947173 0.03397774
v -0.00605580 -0.01817267 0.03514908
v -0.00750934 -0.02067873 0.03711297
v -0.00987866 -0.01567340 0.03634455
v -0.00597328 -0.01754511 0.03684665
v -0.01020773 -0.01588549 0.03811348
v -0.00630234 -0.01775720 0.03861557
v -0.01086021 -0.01688040 0.03947979
v -0.00695483 -0.01875211 0.03998188
v -0.01166128 -0.01839155 0.04007737
v -0.00775589 -0.02026326 0.04057947
v -0.01239628 -0.02001402 0.03974612
v -0.00849089 -0.02188573 0.04024821
v -0.01286828 -0.02131308 0.03857477
v -0.00896289 -0.02318479 0.03907686
v -0.01295080 -0.02194064 0.03687720
v -0.00904541 -0.02381235 0.03737929
v -0.01262173 -0.02172855 0.03510828
v -0.00871634 -0.02360026 0.03561037
v -0.01196925 -0.02073364 0.03374197
v -0.00806386 -0.02260534 0.03424406
v -0.01116818 -0.01922249 0.03314438
v -0.00726280 -0.02109420 0.03364648
v -0.00691708 -0.01993703 0.03374413
v -0.00662558 -0.01838100 0.03462512
v -0.00272070 -0.02100743 0.03424622
v -0.00242920 -0.01945139 0.03512721
v -0.00331297 -0.02174912 0.03761506
v -0.00657089 -0.01744063 0.03617273
v -0.00237451 -0.01851103 0.03667482
v -0.00676765 -0.01736791 0.03797228
v -0.00257128 -0.01843831 0.03847437
v -0.00716315 -0.01818233 0.03954158
v -0.00296678 -0.01925272 0.04004367
v -0.00765142 -0.01966565 0.04046013
v -0.00345504 -0.02073604 0.04096222
v -0.00810161 -0.02142042 0.04048182
v -0.00390523 -0.02249081 0.04098391
v -0.00839311 -0.02297646 0.03960082
v -0.00419673 -0.02404685 0.04010291
v -0.00844780 -0.02391682 0.03805321
v -0.00425143 -0.02498721 0.03855530
v -0.00825104 -0.02398954 0.03625366
v -0.00405466 -0.02505993 0.03675575
v -0.00785554 -0.02317513 0.03468436
v -0.00365916 -0.02424552 0.03518645
v -0.00736727 -0.02169181 0.03376581
v -0.00317090 -0.02276220 0.03426790
v -0.00290134 -0.02158659 0.03414315
v -0.00287522 -0.01986264 0.03469966
v 0.00142342 -0.02181419 0.03464525
v 0.00144954 -0.02009024 0.03520175
v 0.00101179 -0.02197672 0.03811716
v -0.00296639 -0.01864417 0.03603735
v 0.00135836 -0.01887177 0.03653944
v -0.00315044 -0.01825767 0.03779778
v 0.00117432 -0.01848528 0.03829987
v -0.00337803 -0.01880671 0.03950926
v 0.00094673 -0.01903431 0.04001135
v -0.00358819 -0.02014416 0.04071318
v 0.00073657 -0.02037176 0.04121527
v -0.00372460 -0.02191165 0.04108697
v 0.00060016 -0.02213925 0.04158906
v -0.00375072 -0.02363560 0.04053047
v 0.00057404 -0.02386320 0.04103256
v -0.00365954 -0.02485407 0.03919278
v 0.00066521 -0.02508167 0.03969487
v -0.00347550 -0.02524057 0.03743235
v 0.00084925 -0.02546817 0.03793444
v -0.00324791 -0.02469154 0.03572087
v 0.00107685 -0.02491914 0.03622296
v -0.00303775 -0.02335409 0.03451695
v 0.00128701 -0.02358169 0.03501904
v 0.00147916 -0.02241830 0.03467672
v 0.00119576 -0.02064129 0.03488718
v 0.00576471 -0.02179429 0.03517881
v 0.00548131 -0.02001727 0.03538927
v 0.00529734 -0.02135271 0.03861925
v 0.00086306 -0.01922210 0.03596310
v 0.00514861 -0.01859809 0.03646519
v 0.00057021 -0.01854102 0.03761620
v 0.00485576 -0.01791701 0.03811829
v 0.00039568 -0.01878053 0.03940353
v 0.00468123 -0.01815652 0.03990562
v 0.00038624 -0.01987645 0.04084618
v 0.00467179 -0.01925244 0.04134827
v 0.00054441 -0.02153515 0.04155759
v 0.00482996 -0.02091113 0.04205968
v 0.00082782 -0.02331216 0.04134713
v 0.00511336 -0.02268815 0.04184923
v 0.00116052 -0.02473134 0.04027121
v 0.00544606 -0.02410733 0.04077330
v 0.00145336 -0.02541242 0.03861811
v 0.00573891 -0.02478841 0.03912020
v 0.00162789 -0.02517292 0.03683078
v 0.00591344 -0.02454890 0.03733287
v 0.00163733 -0.02407699 0.03538813
v 0.00592288 -0.02345298 0.03589022
v 0.00604828 -0.02233061 0.03534361
v 0.00545872 -0.02062353 0.03519985
v 0.01012855 -0.02087917 0.03584570
v 0.00953899 -0.01917209 0.03570195
v 0.00937761 -0.01990127 0.03912134
v 0.00482592 -0.01911183 0.03597232
v 0.00890619 -0.01766038 0.03647441
v 0.00431943 -0.01820057 0.03745403
v 0.00839971 -0.01674913 0.03795612
v 0.00407498 -0.01813393 0.03924796
v 0.00815525 -0.01668248 0.03975005
v 0.00415805 -0.01892975 0.04087342
v 0.00823833 -0.01747831 0.04137551
v 0.00454640 -0.02037481 0.04189488
v 0.00862667 -0.01892337 0.04239698
v 0.00513595 -0.02208189 0.04203864
v 0.00921623 -0.02063045 0.04254073
v 0.00576875 -0.02359359 0.04126617
v 0.00984903 -0.02214215 0.04176826
v 0.00627524 -0.02450485 0.03978446
v 0.01035551 -0.02305341 0.04028656
v 0.00651969 -0.02457149 0.03799054
v 0.01059997 -0.02312005 0.03849263
v 0.00643662 -0.02377567 0.03636507
v 0.01051689 -0.02232422 0.03686716
v 0.01059641 -0.02126539 0.03613743
v 0.00975106 -0.01974049 0.03564503
v 0.01431329 -0.01904276 0.03663952
v 0.01346794 -0.01751786 0.03614713
v 0.01309449 -0.01767864 0.03962343
v 0.00880565 -0.01825867 0.03608412
v 0.01252253 -0.01603604 0.03658621
v 0.00801349 -0.01721699 0.03733702
v 0.01173038 -0.01499436 0.03783911
v 0.00758685 -0.01689455 0.03906802
v 0.01130373 -0.01467192 0.03957012
v 0.00764004 -0.01737777 0.04081332
v 0.01135693 -0.01515514 0.04131541
v 0.00815881 -0.01853715 0.04210525
v 0.01187570 -0.01631452 0.04260734
v 0.00900416 -0.02006205 0.04259764
v 0.01272104 -0.01783942 0.04309973
v 0.00994957 -0.02154386 0.04215856
v 0.01366646 -0.01932123 0.04266066
v 0.01074173 -0.02258555 0.04090566
v 0.01445861 -0.02036292 0.04140776
v 0.01116837 -0.02290798 0.03917465
v 0.01488525 -0.02068535 0.03967674
v 0.01111518 -0.02242477 0.03742936
v 0.01483206 -0.02020214 0.03793145
v 0.01489362 -0.01921958 0.03704688
v 0.01388212 -0.01796116 0.03622493
v 0.01810309 -0.01631189 0.03754897
v 0.01709158 -0.01505347 0.03672702
v 0.01630396 -0.01477095 0.04012552
v 0.01265956 -0.01662704 0.03631360
v 0.01586903 -0.01371935 0.03681570
v 0.01155355 -0.01557469 0.03728914
v 0.01476302 -0.01266700 0.03779123
v 0.01086043 -0.01508609 0.03889015
v 0.01406990 -0.01217841 0.03939225
v 0.01076593 -0.01529217 0.04068765
v 0.01397539 -0.01238448 0.04118974
v 0.01129536 -0.01613769 0.04219998
v 0.01450483 -0.01323001 0.04270208
v 0.01230687 -0.01739612 0.04302194
v 0.01551634 -0.01448843 0.04352403
v 0.01352942 -0.01873024 0.04293326
v 0.01673889 -0.01582255 0.04343535
v 0.01463544 -0.01978259 0.04195772
v 0.01784490 -0.01687490 0.04245981
v 0.01532855 -0.02027118 0.04035671
v 0.01853802 -0.01736349 0.04085880
v 0.01542306 -0.02006511 0.03855921
v 0.01863252 -0.01715742 0.03906131
v 0.01870682 -0.01625218 0.03805617
v 0.01764428 -0.01530362 0.03693651
v 0.02128449 -0.01277211 0.03855826
v 0.02022196 -0.01182355 0.03743860
v 0.01888163 -0.01129088 0.04062761
v 0.01622261 -0.01421234 0.03667135
v 0.01880028 -0.01073226 0.03717344
v 0.01482273 -0.01327073 0.03733173
v 0.01740040 -0.00979066 0.03783382
v 0.01381975 -0.01273111 0.03874070
v 0.01639742 -0.00925103 0.03924279
v 0.01348241 -0.01273806 0.04052074
v 0.01606008 -0.00925798 0.04102283
v 0.01390110 -0.01328972 0.04219488
v 0.01647878 -0.00980965 0.04269697
v 0.01496364 -0.01423828 0.04331454
v 0.01754131 -0.01075820 0.04381663
v 0.01638531 -0.01532956 0.04357970
v 0.01896299 -0.01184949 0.04408179
v 0.01778519 -0.01627117 0.04291932
v 0.02036286 -0.01279110 0.04342141
v 0.01878817 -0.01681079 0.04151034
v 0.02136585 -0.01333072 0.04201244
v 0.01912551 -0.01680384 0.03973031
v 0.02170319 -0.01332377 0.04023240
v 0.02181895 -0.01248502 0.03914565
v 0.02082835 -0.01184215 0.03777167
v 0.02366494 -0.00856742 0.03964774
v 0.02267435 -0.00792455 0.03827377
v 0.02072763 -0.00737327 0.04112971
v 0.01931613 -0.01105157 0.03716294
v 0.02116213 -0.00713397 0.03766504
v 0.01768749 -0.01032511 0.03748257
v 0.01953349 -0.00640751 0.03798466
v 0.01637882 -0.00985742 0.03864491
v 0.01822482 -0.00593982 0.03914700
v 0.01574078 -0.00977383 0.04033851
v 0.01758678 -0.00585623 0.04084060
v 0.01594432 -0.01009673 0.04210958
v 0.01779032 -0.00617913 0.04261167
v 0.01693492 -0.01073960 0.04348356
v 0.01878092 -0.00682200 0.04398565
v 0.01844714 -0.01153018 0.04409229
v 0.02029314 -0.00761258 0.04459438
v 0.02007578 -0.01225664 0.04377266
v 0.02192178 -0.00833904 0.04427475
v 0.02138445 -0.01272433 0.04261032
v 0.02323045 -0.00880673 0.04311241
v 0.02202249 -0.01280792 0.04091672
v 0.02386849 -0.00889032 0.04141881
v 0.02404808 -0.00809704 0.04029256
v 0.02324134 -0.00770875 0.03871750
v 0.02509087 -0.00389372 0.04079465
v 0.02428413 -0.00350543 0.03921960
v 0.02177043 -0.00316995 0.04163180
v 0.02176106 -0.00723058 0.03778880
v 0.02280385 -0.00302726 0.03829089
v 0.02000387 -0.00679064 0.03775529
v 0.02104666 -0.00258732 0.03825738
v 0.01844062 -0.00650682 0.03862595
v 0.01948341 -0.00230350 0.03912804
v 0.01749017 -0.00645516 0.04016749
v 0.01853296 -0.00225184 0.04066958
v 0.01740719 -0.00664951 0.04196686
v 0.01844998 -0.00244619 0.04246895
v 0.01821393 -0.00703780 0.04354191
v 0.01925672 -0.00283448 0.04404400
v 0.01969421 -0.00751597 0.04447062
v 0.02073700 -0.00331265 0.04497271
v 0.02145140 -0.00795591 0.04450412
v 0.02249419 -0.00375259 0.04500622
v 0.02301465 -0.00823973 0.04363346
v 0.02405744 -0.00403641 0.04413556
v 0.02396510 -0.00829139 0.04209192
v 0.02500789 -0.00408807 0.04259402
v 0.02526387 -0.00331223 0.04147190
v 0.02472470 -0.00308836 0.03975681
v 0.02546305 0.00101393 0.04197400
v 0.02492387 0.00123780 0.04025890
v 0.02196960 0.00115620 0.04213389
v 0.02339393 -0.00288634 0.03854411
v 0.02359311 0.00143981 0.03904621
v 0.02162815 -0.00276033 0.03815877
v 0.02182732 0.00156583 0.03866086
v 0.01990048 -0.00274407 0.03870401
v 0.02009966 0.00158209 0.03920610
v 0.01867387 -0.00284192 0.04003375
v 0.01887304 0.00148423 0.04053585
v 0.01827697 -0.00302768 0.04179170
v 0.01847615 0.00129848 0.04229379
v 0.01881615 -0.00325155 0.04350679
v 0.01901532 0.00107461 0.04400888
v 0.02014692 -0.00345356 0.04471948
v 0.02034609 0.00087259 0.04522157
v 0.02191270 -0.00357958 0.04510483
v 0.02211187 0.00074658 0.04560693
v 0.02364037 -0.00359584 0.04455959
v 0.02383954 0.00073032 0.04506168
v 0.02486698 -0.00349798 0.04322984
v 0.02506615 0.00082817 0.04373194
v 0.02539937 0.00161725 0.04265745
v 0.02517039 0.00179214 0.04086877
v 0.02474720 0.00589860 0.04315954
v 0.02451822 0.00607349 0.04137086
v 0.02131743 0.00543756 0.04263598
v 0.02408376 0.00179662 0.03941908
v 0.02343160 0.00607798 0.03992118
v 0.02243064 0.00162951 0.03869683
v 0.02177848 0.00591087 0.03919892
v 0.02065399 0.00133558 0.03889553
v 0.02000182 0.00561693 0.03939762
v 0.01922985 0.00099358 0.03996195
v 0.01857769 0.00527494 0.04046404
v 0.01853983 0.00069516 0.04161033
v 0.01788766 0.00497651 0.04211243
v 0.01876881 0.00052027 0.04339901
v 0.01811664 0.00480163 0.04390110
v 0.01985543 0.00051578 0.04484870
v 0.01920327 0.00479714 0.04535079
v 0.02150855 0.00068290 0.04557095
v 0.02085639 0.00496425 0.04607305
v 0.02328520 0.00097683 0.04537226
v 0.02263304 0.00525818 0.04587435
v 0.02470934 0.00131883 0.04430583
v 0.02405718 0.00560018 0.04480793
v 0.02445661 0.00643116 0.04382270
v 0.02453284 0.00667999 0.04202976
v 0.02297839 0.01050180 0.04432480
v 0.02305461 0.01075063 0.04253185
v 0.01983920 0.00950820 0.04313808
v 0.02374751 0.00659591 0.04039925
v 0.02226928 0.01066656 0.04090134
v 0.02231103 0.00620146 0.03936807
v 0.02083280 0.01027210 0.03987017
v 0.02060832 0.00560231 0.03921253
v 0.01913010 0.00967296 0.03971462
v 0.01909562 0.00495903 0.03997430
v 0.01761739 0.00902967 0.04047639
v 0.01817825 0.00444396 0.04144926
v 0.01670002 0.00851461 0.04195135
v 0.01810202 0.00419513 0.04324221
v 0.01662380 0.00826577 0.04374430
v 0.01888736 0.00427921 0.04487272
v 0.01740913 0.00834985 0.04537481
v 0.02032384 0.00467366 0.04590389
v 0.01884561 0.00874431 0.04640598
v 0.02202654 0.00527280 0.04605943
v 0.02054831 0.00934345 0.04656153
v 0.02353925 0.00591609 0.04529767
v 0.02206102 0.00998674 0.04579976
v 0.02250549 0.01088184 0.04494197
v 0.02283509 0.01131620 0.04321424
v 0.02025848 0.01458403 0.04544406
v 0.02058808 0.01501840 0.04371633
v 0.01759219 0.01321040 0.04364017
v 0.02236195 0.01126611 0.04146609
v 0.02011494 0.01496831 0.04196819
v 0.02121284 0.01074500 0.04016596
v 0.01896583 0.01444719 0.04066805
v 0.01969566 0.00989248 0.03966220
v 0.01744865 0.01359468 0.04016429
v 0.01821695 0.00893700 0.04008980
v 0.01596994 0.01263920 0.04059189
v 0.01717292 0.00813457 0.04133418
v 0.01492591 0.01183677 0.04183627
v 0.01684332 0.00770021 0.04306192
v 0.01459630 0.01140241 0.04356401
v 0.01731646 0.00775030 0.04481006
v 0.01506945 0.01145249 0.04531215
v 0.01846557 0.00827141 0.04611019
v 0.01621856 0.01197361 0.04661229
v 0.01998275 0.00912393 0.04661395
v 0.01773574 0.01282613 0.04711604
v 0.02146146 0.01007941 0.04618635
v 0.01921445 0.01378161 0.04668844
v 0.01967588 0.01475321 0.04599134
v 0.02016812 0.01545621 0.04439576
v 0.01674715 0.01794350 0.04649343
v 0.01723940 0.01864650 0.04489785
v 0.01466347 0.01640069 0.04414226
v 0.01997015 0.01555745 0.04259773
v 0.01704143 0.01874774 0.04309982
v 0.01913501 0.01502980 0.04107901
v 0.01620629 0.01822008 0.04158110
v 0.01788647 0.01401464 0.04024655
v 0.01495775 0.01720493 0.04074865
v 0.01655908 0.01278399 0.04032341
v 0.01363036 0.01597427 0.04082551
v 0.01550851 0.01166759 0.04128899
v 0.01257979 0.01485787 0.04179109
v 0.01501627 0.01096459 0.04288457
v 0.01208755 0.01415487 0.04338666
v 0.01521424 0.01086335 0.04468261
v 0.01228552 0.01405363 0.04518470
v 0.01604938 0.01139100 0.04620132
v 0.01312066 0.01458129 0.04670342
v 0.01729792 0.01240616 0.04703378
v 0.01436920 0.01559645 0.04753587
v 0.01862531 0.01363682 0.04695692
v 0.01569659 0.01682710 0.04745901
v 0.01614426 0.01787586 0.04694960
v 0.01668346 0.01888937 0.04554801
v 0.01264732 0.02043060 0.04745169
v 0.01318652 0.02144411 0.04605010
v 0.01116654 0.01895543 0.04464435
v 0.01668140 0.01923604 0.04376975
v 0.01318446 0.02179078 0.04427185
v 0.01613864 0.01882298 0.04209131
v 0.01264171 0.02137772 0.04259340
v 0.01520061 0.01776087 0.04096242
v 0.01170368 0.02031561 0.04146451
v 0.01411866 0.01633430 0.04068556
v 0.01062172 0.01888905 0.04118765
v 0.01318269 0.01492552 0.04133492
v 0.00968575 0.01748027 0.04183701
v 0.01264349 0.01391201 0.04273651
v 0.00914655 0.01646676 0.04323860
v 0.01264555 0.01356534 0.04451476
v 0.00914861 0.01612008 0.04501686
v 0.01318831 0.01397840 0.04619321
v 0.00969137 0.01653314 0.04669530
v 0.01412634 0.01504051 0.04732210
v 0.01062940 0.01759525 0.04782419
v 0.01520829 0.01646708 0.04759896
v 0.01171135 0.01902182 0.04810105
v 0.01211669 0.02013652 0.04779907
v 0.01257994 0.02145475 0.04664578
v 0.00818704 0.02195673 0.04830116
v 0.00865029 0.02327496 0.04714788
v 0.00723689 0.02077565 0.04514644
v 0.01266447 0.02210328 0.04495622
v 0.00873482 0.02392349 0.04545831
v 0.01234762 0.02190836 0.04318309
v 0.00841797 0.02372857 0.04368518
v 0.01171431 0.02092220 0.04180150
v 0.00778466 0.02274241 0.04230360
v 0.01093422 0.01940904 0.04118165
v 0.00700457 0.02122926 0.04168375
v 0.01021638 0.01777435 0.04148963
v 0.00628673 0.01959456 0.04199173
v 0.00975313 0.01645612 0.04264292
v 0.00582348 0.01827634 0.04314501
v 0.00966861 0.01580759 0.04433249
v 0.00573896 0.01762780 0.04483458
v 0.00998545 0.01600251 0.04610562
v 0.00605580 0.01782273 0.04660771
v 0.01061876 0.01698867 0.04748720
v 0.00668911 0.01880888 0.04798929
v 0.01139885 0.01850182 0.04810705
v 0.00746920 0.02032204 0.04860914
v 0.00781013 0.02148135 0.04852629
v 0.00808618 0.02305172 0.04766600
v 0.00360004 0.02249649 0.04902839
v 0.00387610 0.02406687 0.04816809
v 0.00302680 0.02179079 0.04564853
v 0.00813467 0.02401222 0.04613060
v 0.00392458 0.02502737 0.04663269
v 0.00794259 0.02410549 0.04433149
v 0.00373251 0.02512063 0.04483358
v 0.00756143 0.02330652 0.04275075
v 0.00335134 0.02432166 0.04325284
v 0.00709330 0.02182941 0.04181193
v 0.00288322 0.02284455 0.04231402
v 0.00666365 0.02006994 0.04176660
v 0.00245356 0.02108508 0.04226869
v 0.00638759 0.01849957 0.04262689
v 0.00217751 0.01951471 0.04312898
v 0.00633911 0.01753907 0.04416229
v 0.00212902 0.01855421 0.04466438
v 0.00653118 0.01744581 0.04596140
v 0.00232110 0.01846095 0.04646349
v 0.00691235 0.01824477 0.04754214
v 0.00270226 0.01925992 0.04804423
v 0.00738047 0.01972189 0.04848095
v 0.00317039 0.02073703 0.04898305
v 0.00343470 0.02191279 0.04912255
v 0.00344105 0.02364404 0.04858858
v -0.00089268 0.02208352 0.04962464
v -0.00088633 0.02381477 0.04909068
v -0.00130057 0.02196152 0.04615063
v 0.00333640 0.02487871 0.04726684
v -0.00099097 0.02504944 0.04776893
v 0.00314880 0.02528597 0.04551147
v -0.00117857 0.02545671 0.04601356
v 0.00292851 0.02475671 0.04379283
v -0.00139886 0.02492744 0.04429492
v 0.00273456 0.02343273 0.04257142
v -0.00159282 0.02360346 0.04307351
v 0.00261891 0.02166879 0.04217453
v -0.00170846 0.02183953 0.04267662
v 0.00261256 0.01993754 0.04270849
v -0.00171481 0.02010828 0.04321058
v 0.00271720 0.01870287 0.04403023
v -0.00161017 0.01887360 0.04453233
v 0.00290481 0.01829560 0.04578560
v -0.00142257 0.01846634 0.04628769
v 0.00312510 0.01882487 0.04750424
v -0.00120228 0.01899560 0.04800633
v 0.00331905 0.02014885 0.04872565
v -0.00100832 0.02031958 0.04922774
v -0.00082107 0.02148109 0.04958418
v -0.00112553 0.02325724 0.04939724
v -0.00509805 0.02080080 0.05008627
v -0.00540251 0.02257696 0.04989933
v -0.00557755 0.02128123 0.04665272
v -0.00147689 0.02468622 0.04834037
v -0.00575387 0.02400593 0.04884246
v -0.00178101 0.02538511 0.04669676
v -0.00605798 0.02470482 0.04719885
v -0.00195639 0.02516665 0.04490682
v -0.00623336 0.02448636 0.04540891
v -0.00195604 0.02408938 0.04345015
v -0.00623302 0.02340910 0.04395225
v -0.00178007 0.02244196 0.04271708
v -0.00605704 0.02176167 0.04321917
v -0.00147561 0.02066580 0.04290402
v -0.00575258 0.01998551 0.04340611
v -0.00112425 0.01923683 0.04396089
v -0.00540122 0.01855654 0.04446298
v -0.00082013 0.01853794 0.04560449
v -0.00509711 0.01785765 0.04610658
v -0.00064475 0.01875640 0.04739444
v -0.00492173 0.01807611 0.04789653
v -0.00064510 0.01983366 0.04885110
v -0.00492207 0.01915337 0.04935319
v -0.00480049 0.02027211 0.04991276
v -0.00540915 0.02197032 0.05008008
v -0.00886133 0.01876716 0.05041485
v -0.00947000 0.02046537 0.05058217
v -0.00963839 0.01977628 0.04715481
v -0.00606294 0.02348389 0.04932905
v -0.01012378 0.02197894 0.04983114
v -0.00658667 0.02440725 0.04786089
v -0.01064751 0.02290230 0.04836298
v -0.00684000 0.02449301 0.04606901
v -0.01090084 0.02298806 0.04657110
v -0.00675506 0.02371817 0.04443353
v -0.01081590 0.02221322 0.04493562
v -0.00635461 0.02229036 0.04339268
v -0.01041545 0.02078541 0.04389478
v -0.00574594 0.02059215 0.04322536
v -0.00980678 0.01908720 0.04372745
v -0.00509215 0.01907858 0.04397639
v -0.00915299 0.01757363 0.04447848
v -0.00456842 0.01815522 0.04544455
v -0.00862927 0.01665027 0.04594664
v -0.00431509 0.01806946 0.04723643
v -0.00837593 0.01656451 0.04773852
v -0.00440003 0.01884430 0.04887191
v -0.00846087 0.01733935 0.04937400
v -0.00838348 0.01839338 0.05011501
v -0.00924306 0.01990274 0.05063011
v -0.01207083 0.01612208 0.05061710
v -0.01293041 0.01763144 0.05113221
v -0.01332574 0.01750499 0.04765690
v -0.01020857 0.02137822 0.05021401
v -0.01389592 0.01910692 0.05071611
v -0.01102130 0.02242446 0.04897820
v -0.01470865 0.02015316 0.04948030
v -0.01146348 0.02276112 0.04725382
v -0.01515082 0.02048983 0.04775591
v -0.01141663 0.02229800 0.04550290
v -0.01510397 0.02002671 0.04600499
v -0.01089330 0.02115919 0.04419461
v -0.01458065 0.01888790 0.04469671
v -0.01003372 0.01964983 0.04367951
v -0.01372107 0.01737854 0.04418160
v -0.00906821 0.01817436 0.04409561
v -0.01275556 0.01590306 0.04459770
v -0.00825548 0.01712811 0.04533142
v -0.01194283 0.01485682 0.04583351
v -0.00781330 0.01679145 0.04705581
v -0.01150065 0.01452015 0.04755790
v -0.00786015 0.01725457 0.04880672
v -0.01154750 0.01498327 0.04930881
v -0.01148605 0.01596058 0.05020255
v -0.01250473 0.01719918 0.05104548
v -0.01465702 0.01301095 0.05070464
v -0.01567570 0.01424956 0.05154757
v -0.01649670 0.01455537 0.04815900
v -0.01374340 0.01851973 0.05098043
v -0.01691436 0.01557011 0.05148253
v -0.01487015 0.01956838 0.05002486
v -0.01804112 0.01661876 0.05052695
v -0.01558308 0.02006415 0.04843479
v -0.01875405 0.01711452 0.04893688
v -0.01569116 0.01987419 0.04663628
v -0.01886213 0.01692457 0.04713838
v -0.01516543 0.01904941 0.04511126
v -0.01833639 0.01609978 0.04561335
v -0.01414675 0.01781080 0.04426833
v -0.01731771 0.01486118 0.04477042
v -0.01290808 0.01649025 0.04433337
v -0.01607905 0.01354063 0.04483546
v -0.01178132 0.01544160 0.04528895
v -0.01495229 0.01249198 0.04579104
v -0.01106839 0.01494584 0.04687902
v -0.01423936 0.01199621 0.04738111
v -0.01096031 0.01513579 0.04867752
v -0.01413128 0.01218617 0.04917961
v -0.01405506 0.01308651 0.05019145
v -0.01511661 0.01401402 0.05132953
v -0.01658677 0.00957286 0.05069354
v -0.01764832 0.01050037 0.05183162
v -0.01902841 0.01104171 0.04866109
v -0.01654795 0.01508658 0.05161807
v -0.01907966 0.01157293 0.05212016
v -0.01796556 0.01601681 0.05097975
v -0.02049727 0.01250315 0.05148184
v -0.01898959 0.01655544 0.04958561
v -0.02152130 0.01304178 0.05008771
v -0.01934565 0.01655815 0.04780922
v -0.02187736 0.01304450 0.04831131
v -0.01893834 0.01602422 0.04612654
v -0.02147005 0.01251057 0.04662864
v -0.01787680 0.01509671 0.04498846
v -0.02040851 0.01158306 0.04549056
v -0.01644546 0.01402415 0.04469992
v -0.01897717 0.01051050 0.04520202
v -0.01502785 0.01309393 0.04533824
v -0.01755956 0.00958028 0.04584033
v -0.01400382 0.01255530 0.04673238
v -0.01653553 0.00904164 0.04723447
v -0.01364776 0.01255258 0.04850877
v -0.01617946 0.00903893 0.04901087
v -0.01606005 0.00987389 0.05010159
v -0.01704165 0.01049771 0.05149072
v -0.01785440 0.00593236 0.05060368
v -0.01883600 0.00655618 0.05199281
v -0.02082276 0.00710019 0.04916318
v -0.01855560 0.01126729 0.05212166
v -0.02034994 0.00732577 0.05262375
v -0.02019624 0.01197643 0.05182534
v -0.02199058 0.00803491 0.05232743
v -0.02152396 0.01243511 0.05068116
v -0.02331830 0.00849359 0.05118325
v -0.02218300 0.01252044 0.04899571
v -0.02397735 0.00857891 0.04949780
v -0.02199677 0.01220954 0.04722059
v -0.02379112 0.00826801 0.04772268
v -0.02101518 0.01158572 0.04583145
v -0.02280952 0.00764419 0.04633354
v -0.01950123 0.01081613 0.04520052
v -0.02129558 0.00687461 0.04570261
v -0.01786059 0.01010699 0.04549684
v -0.01965494 0.00616547 0.04599893
v -0.01653287 0.00964831 0.04664101
v -0.01832722 0.00570678 0.04714311
v -0.01587383 0.00956299 0.04832647
v -0.01766817 0.00562146 0.04882856
v -0.01748377 0.00641266 0.04995590
v -0.01827487 0.00678681 0.05154226
v -0.01847121 0.00219599 0.05045800
v -0.01926232 0.00257015 0.05204436
v -0.02181021 0.00288352 0.04966527
v -0.01974868 0.00724493 0.05249115
v -0.02073613 0.00302827 0.05299325
v -0.02151029 0.00766427 0.05254831
v -0.02249774 0.00344760 0.05305040
v -0.02308767 0.00793246 0.05169843
v -0.02407512 0.00371580 0.05220052
v -0.02405818 0.00797764 0.05016923
v -0.02504563 0.00376098 0.05067132
v -0.02416176 0.00778771 0.04837045
v -0.02514921 0.00357105 0.04887255
v -0.02337065 0.00741356 0.04678410
v -0.02435810 0.00319690 0.04728619
v -0.02189684 0.00695544 0.04583521
v -0.02288429 0.00273878 0.04633730
v -0.02013523 0.00653610 0.04577805
v -0.02112268 0.00231944 0.04628014
v -0.01855785 0.00626791 0.04662793
v -0.01954530 0.00205125 0.04713002
v -0.01758734 0.00622273 0.04815713
v -0.01857479 0.00200606 0.04865922
v -0.01831355 0.00278182 0.04977950
v -0.01883287 0.00299866 0.05150162
v -0.01845584 -0.00154658 0.05028160
v -0.01897516 -0.00132974 0.05200371
v -0.02195250 -0.00144488 0.05016736
v -0.02014996 0.00318465 0.05273168
v -0.02029224 -0.00114376 0.05323378
v -0.02191191 0.00328994 0.05314011
v -0.02205420 -0.00103846 0.05364220
v -0.02364661 0.00328634 0.05261745
v -0.02378890 -0.00104206 0.05311954
v -0.02488925 0.00317481 0.05130376
v -0.02503154 -0.00115360 0.05180585
v -0.02530687 0.00298522 0.04955104
v -0.02544916 -0.00134318 0.05005313
v -0.02478756 0.00276838 0.04782893
v -0.02492985 -0.00156002 0.04833102
v -0.02347047 0.00258240 0.04659886
v -0.02361276 -0.00174600 0.04710095
v -0.02170851 0.00247710 0.04619044
v -0.02185080 -0.00185130 0.04669253
v -0.01997381 0.00248070 0.04671309
v -0.02011610 -0.00184770 0.04721518
v -0.01873117 0.00259224 0.04802678
v -0.01887346 -0.00173616 0.04852887
v -0.01853536 -0.00094514 0.04959868
v -0.01874330 -0.00076912 0.05138981
v -0.01782698 -0.00521755 0.05010077
v -0.01803492 -0.00504153 0.05189190
v -0.02124412 -0.00571729 0.05066946
v -0.01981114 -0.00077417 0.05285339
v -0.01910276 -0.00504659 0.05335548
v -0.02145276 -0.00095894 0.05359725
v -0.02074437 -0.00523135 0.05409934
v -0.02322828 -0.00127392 0.05342208
v -0.02251990 -0.00554633 0.05392417
v -0.02466196 -0.00163470 0.05237481
v -0.02395358 -0.00590711 0.05287690
v -0.02536964 -0.00194462 0.05073605
v -0.02466126 -0.00621704 0.05123815
v -0.02516170 -0.00212064 0.04894492
v -0.02445332 -0.00639305 0.04944701
v -0.02409386 -0.00211559 0.04748134
v -0.02338548 -0.00638800 0.04798343
v -0.02245224 -0.00193082 0.04673748
v -0.02174386 -0.00620323 0.04723957
v -0.02067672 -0.00161584 0.04691265
v -0.01996834 -0.00588826 0.04741474
v -0.01924304 -0.00125506 0.04795992
v -0.01853466 -0.00552747 0.04846201
v -0.01813146 -0.00469282 0.04943988
v -0.01803624 -0.00443486 0.05123063
v -0.01659986 -0.00874368 0.04994198
v -0.01650464 -0.00848572 0.05173272
v -0.01971251 -0.00976816 0.05117155
v -0.01880057 -0.00452053 0.05287101
v -0.01726897 -0.00857139 0.05337310
v -0.02021964 -0.00492687 0.05392148
v -0.01868804 -0.00897773 0.05442357
v -0.02191322 -0.00554500 0.05410058
v -0.02038162 -0.00959586 0.05460267
v -0.02342752 -0.00620930 0.05336031
v -0.02189591 -0.01026016 0.05386240
v -0.02435677 -0.00674177 0.05189903
v -0.02282516 -0.01079263 0.05240112
v -0.02445199 -0.00699973 0.05010828
v -0.02292039 -0.01105059 0.05061037
v -0.02368766 -0.00691406 0.04846790
v -0.02215606 -0.01096492 0.04897000
v -0.02226859 -0.00650772 0.04741743
v -0.02073698 -0.01055858 0.04791952
v -0.02057501 -0.00588959 0.04723833
v -0.01904340 -0.00994045 0.04774043
v -0.01906072 -0.00522529 0.04797860
v -0.01752911 -0.00927615 0.04848069
v -0.01708258 -0.00837621 0.04932874
v -0.01673895 -0.00792612 0.05104971
v -0.01478710 -0.01204855 0.04983083
v -0.01444347 -0.01159847 0.05155180
v -0.01741703 -0.01344050 0.05167364
v -0.01719208 -0.00796961 0.05280332
v -0.01489661 -0.01164195 0.05330541
v -0.01832057 -0.00849501 0.05411970
v -0.01602509 -0.01216735 0.05462179
v -0.01982202 -0.00936155 0.05464612
v -0.01752654 -0.01303389 0.05514822
v -0.02129413 -0.01033704 0.05424154
v -0.01899865 -0.01400939 0.05474363
v -0.02234245 -0.01116010 0.05301436
v -0.02004697 -0.01483244 0.05351645
v -0.02268607 -0.01161019 0.05129339
v -0.02039059 -0.01528253 0.05179548
v -0.02223294 -0.01156671 0.04953978
v -0.01993746 -0.01523905 0.05004187
v -0.02110446 -0.01104130 0.04822340
v -0.01880898 -0.01471364 0.04872549
v -0.01960300 -0.01017476 0.04769697
v -0.01730753 -0.01384710 0.04819907
v -0.01813089 -0.00919927 0.04810156
v -0.01583542 -0.01287161 0.04860365
v -0.01537395 -0.01189475 0.04928901
v -0.01487480 -0.01117184 0.05087350
v -0.01240355 -0.01504626 0.04979110
v -0.01190440 -0.01432335 0.05137559
v -0.01444663 -0.01659201 0.05217573
v -0.01505683 -0.01105682 0.05267239
v -0.01208643 -0.01420833 0.05317448
v -0.01587128 -0.01158050 0.05420367
v -0.01290088 -0.01473201 0.05470576
v -0.01709991 -0.01260257 0.05505703
v -0.01412951 -0.01575408 0.05555912
v -0.01841351 -0.01384916 0.05500381
v -0.01544311 -0.01700067 0.05550590
v -0.01946011 -0.01498625 0.05405827
v -0.01648971 -0.01813776 0.05456037
v -0.01995927 -0.01570916 0.05247378
v -0.01698887 -0.01886067 0.05297587
v -0.01977723 -0.01582418 0.05067489
v -0.01680683 -0.01897569 0.05117698
v -0.01896279 -0.01530050 0.04914361
v -0.01599238 -0.01845201 0.04964570
v -0.01773415 -0.01427843 0.04829025
v -0.01476375 -0.01742994 0.04879234
v -0.01642055 -0.01303184 0.04834347
v -0.01345015 -0.01618335 0.04884556
v -0.01300446 -0.01512973 0.04934168
v -0.01246653 -0.01409518 0.05072831
v -0.00947424 -0.01763829 0.04984377
v -0.00893631 -0.01660375 0.05123040
v -0.01091641 -0.01910057 0.05267783
v -0.01245917 -0.01372966 0.05250277
v -0.00892895 -0.01623823 0.05300486
v -0.01298435 -0.01413111 0.05418960
v -0.00945413 -0.01663967 0.05469169
v -0.01390134 -0.01519195 0.05533682
v -0.01037113 -0.01770051 0.05583891
v -0.01496445 -0.01662794 0.05563703
v -0.01143423 -0.01913650 0.05613912
v -0.01588881 -0.01805430 0.05500979
v -0.01235859 -0.02056286 0.05551188
v -0.01642673 -0.01908884 0.05362316
v -0.01289652 -0.02159740 0.05412525
v -0.01643409 -0.01945436 0.05184869
v -0.01290388 -0.02196292 0.05235079
v -0.01590892 -0.01905292 0.05016186
v -0.01237870 -0.02156148 0.05066396
v -0.01499192 -0.01799208 0.04901464
v -0.01146170 -0.02050064 0.04951673
v -0.01392881 -0.01655609 0.04871444
v -0.01039860 -0.01906465 0.04921653
v -0.00999696 -0.01794622 0.04950417
v -0.00954296 -0.01660906 0.05063920
v -0.00604372 -0.01971462 0.05000627
v -0.00558973 -0.01837746 0.05114129
v -0.00696318 -0.02086898 0.05317992
v -0.00945698 -0.01593950 0.05232047
v -0.00550375 -0.01770790 0.05282256
v -0.00976206 -0.01611695 0.05409750
v -0.00580882 -0.01788535 0.05459959
v -0.01037644 -0.01709386 0.05549412
v -0.00642321 -0.01886226 0.05599621
v -0.01113551 -0.01860846 0.05613612
v -0.00718227 -0.02037686 0.05663821
v -0.01183587 -0.02025493 0.05585147
v -0.00788264 -0.02202333 0.05635357
v -0.01228986 -0.02159208 0.05471645
v -0.00833663 -0.02336049 0.05521854
v -0.01237584 -0.02226164 0.05303518
v -0.00842261 -0.02403004 0.05353727
v -0.01207077 -0.02208420 0.05125815
v -0.00811753 -0.02385260 0.05176025
v -0.01145639 -0.02110729 0.04986153
v -0.00750315 -0.02287569 0.05036362
v -0.01069732 -0.01959268 0.04921953
v -0.00674408 -0.02136108 0.04972162
v -0.00640801 -0.02019974 0.04978965
v -0.00614778 -0.01861545 0.05062909
v -0.00218495 -0.02115946 0.05029174
v -0.00192471 -0.01957516 0.05113118
v -0.00274012 -0.02182869 0.05368201
v -0.00610603 -0.01763498 0.05215202
v -0.00188296 -0.01859470 0.05265411
v -0.00629395 -0.01752106 0.05395037
v -0.00207089 -0.01848078 0.05445247
v -0.00666119 -0.01830421 0.05554229
v -0.00243813 -0.01926393 0.05604438
v -0.00710935 -0.01977459 0.05650121
v -0.00288629 -0.02073431 0.05700330
v -0.00751834 -0.02153821 0.05657018
v -0.00329528 -0.02249792 0.05707228
v -0.00777858 -0.02312250 0.05573075
v -0.00355552 -0.02408222 0.05623284
v -0.00782033 -0.02410297 0.05420781
v -0.00359727 -0.02506268 0.05470991
v -0.00763241 -0.02421689 0.05240946
v -0.00340935 -0.02517661 0.05291155
v -0.00726517 -0.02343374 0.05081755
v -0.00304210 -0.02439345 0.05131964
v -0.00681701 -0.02196336 0.04985863
v -0.00259394 -0.02292308 0.05036072
v -0.00233490 -0.02174731 0.05020650
v -0.00234850 -0.02000928 0.05071782
v 0.00199435 -0.02186115 0.05070859
v 0.00198075 -0.02012312 0.05121991
v 0.00158913 -0.02194253 0.05418410
v -0.00246703 -0.01875877 0.05202340
v 0.00186221 -0.01887261 0.05252549
v -0.00265874 -0.01833083 0.05377340
v 0.00167051 -0.01844467 0.05427549
v -0.00287225 -0.01884015 0.05549891
v 0.00145700 -0.01895398 0.05600100
v -0.00305036 -0.02015024 0.05673758
v 0.00127889 -0.02026408 0.05723968
v -0.00314533 -0.02191007 0.05715752
v 0.00118391 -0.02202391 0.05765961
v -0.00313174 -0.02364810 0.05664619
v 0.00119751 -0.02376194 0.05714829
v -0.00301320 -0.02489862 0.05534062
v 0.00131604 -0.02501246 0.05584271
v -0.00282150 -0.02532655 0.05359062
v 0.00150775 -0.02544039 0.05409271
v -0.00260798 -0.02481724 0.05186511
v 0.00172126 -0.02493108 0.05236720
v -0.00242988 -0.02350714 0.05062643
v 0.00189937 -0.02362099 0.05112853
v 0.00208176 -0.02246150 0.05075803
v 0.00175628 -0.02068675 0.05092142
v 0.00634943 -0.02172505 0.05126012
v 0.00602394 -0.01995030 0.05142352
v 0.00585679 -0.02120608 0.05468619
v 0.00138601 -0.01924848 0.05195905
v 0.00565367 -0.01851203 0.05246114
v 0.00107016 -0.01853209 0.05359288
v 0.00533783 -0.01779564 0.05409497
v 0.00089337 -0.01872952 0.05538513
v 0.00516104 -0.01799307 0.05588722
v 0.00090301 -0.01978787 0.05685556
v 0.00517068 -0.01905143 0.05735765
v 0.00109649 -0.02142357 0.05761018
v 0.00536416 -0.02068712 0.05811227
v 0.00142198 -0.02319832 0.05744678
v 0.00568964 -0.02246187 0.05794887
v 0.00179225 -0.02463658 0.05640915
v 0.00605991 -0.02390013 0.05691124
v 0.00210809 -0.02535298 0.05477532
v 0.00637576 -0.02461653 0.05527741
v 0.00228488 -0.02515555 0.05298308
v 0.00655255 -0.02441910 0.05348517
v 0.00227524 -0.02409719 0.05151264
v 0.00654291 -0.02336074 0.05201473
v 0.00666079 -0.02224573 0.05144232
v 0.00603325 -0.02055690 0.05125146
v 0.01070150 -0.02068753 0.05194441
v 0.01007396 -0.01899870 0.05175355
v 0.00989750 -0.01964789 0.05518828
v 0.00535843 -0.01904202 0.05198093
v 0.00939914 -0.01748382 0.05248302
v 0.00481715 -0.01810700 0.05343527
v 0.00885786 -0.01654880 0.05393736
v 0.00455444 -0.01800237 0.05522480
v 0.00859515 -0.01644417 0.05572690
v 0.00464069 -0.01875618 0.05687001
v 0.00868140 -0.01719798 0.05737210
v 0.00505280 -0.02016644 0.05793007
v 0.00909351 -0.01860824 0.05843216
v 0.00568034 -0.02185527 0.05812093
v 0.00972105 -0.02029707 0.05862302
v 0.00635516 -0.02337015 0.05739146
v 0.01039587 -0.02181195 0.05789355
v 0.00689644 -0.02430517 0.05593711
v 0.01093715 -0.02274697 0.05643920
v 0.00715915 -0.02440980 0.05414758
v 0.01119986 -0.02285160 0.05464967
v 0.00707289 -0.02365599 0.05250237
v 0.01111360 -0.02209779 0.05300447
v 0.01118900 -0.02104863 0.05225231
v 0.01031560 -0.01955518 0.05171458
v 0.01484618 -0.01872906 0.05275440
v 0.01397278 -0.01723561 0.05221668
v 0.01355468 -0.01732832 0.05569038
v 0.00933017 -0.01808656 0.05210763
v 0.01298735 -0.01576700 0.05260973
v 0.00849676 -0.01703631 0.05332614
v 0.01215394 -0.01471674 0.05382823
v 0.00803867 -0.01668582 0.05504361
v 0.01169585 -0.01436626 0.05554570
v 0.00807866 -0.01712902 0.05679984
v 0.01173584 -0.01480945 0.05730193
v 0.00860600 -0.01824714 0.05812426
v 0.01226318 -0.01592758 0.05862635
v 0.00947940 -0.01974060 0.05866199
v 0.01313658 -0.01742103 0.05916408
v 0.01046483 -0.02120921 0.05826893
v 0.01412201 -0.01888964 0.05877103
v 0.01129824 -0.02225946 0.05705043
v 0.01495542 -0.01993990 0.05755252
v 0.01175633 -0.02260995 0.05533296
v 0.01541351 -0.02029039 0.05583505
v 0.01171635 -0.02216675 0.05357673
v 0.01537352 -0.01984719 0.05407882
v 0.01543500 -0.01887514 0.05317608
v 0.01440968 -0.01765653 0.05231232
v 0.01856693 -0.01588409 0.05367817
v 0.01754160 -0.01466548 0.05281441
v 0.01668660 -0.01433727 0.05619247
v 0.01315525 -0.01634998 0.05235372
v 0.01628718 -0.01335893 0.05285581
v 0.01200786 -0.01530557 0.05328917
v 0.01513978 -0.01231452 0.05379126
v 0.01127493 -0.01480315 0.05486802
v 0.01440685 -0.01181210 0.05537011
v 0.01115286 -0.01497736 0.05666722
v 0.01428478 -0.01198631 0.05716931
v 0.01167435 -0.01578150 0.05820468
v 0.01480628 -0.01279045 0.05870677
v 0.01269968 -0.01700011 0.05906843
v 0.01583160 -0.01400906 0.05957052
v 0.01395410 -0.01830667 0.05902704
v 0.01708603 -0.01531562 0.05952913
v 0.01510150 -0.01935107 0.05809158
v 0.01823342 -0.01636003 0.05859368
v 0.01583443 -0.01985349 0.05651273
v 0.01896635 -0.01686244 0.05701483
v 0.01595650 -0.01967929 0.05471353
v 0.01908842 -0.01668824 0.05521562
v 0.01916668 -0.01579273 0.05419727
v 0.01810668 -0.01488624 0.05304096
v 0.02165199 -0.01224611 0.05469936
v 0.02059199 -0.01133961 0.05354305
v 0.01917191 -0.01079064 0.05669456
v 0.01666617 -0.01383265 0.05272910
v 0.01915148 -0.01028602 0.05323119
v 0.01523114 -0.01291427 0.05334524
v 0.01771644 -0.00936765 0.05384733
v 0.01418609 -0.01237719 0.05472430
v 0.01667140 -0.00883056 0.05522639
v 0.01381106 -0.01236530 0.05649675
v 0.01629636 -0.00881868 0.05699884
v 0.01420652 -0.01288181 0.05818767
v 0.01669183 -0.00933518 0.05868976
v 0.01526652 -0.01378830 0.05934398
v 0.01775183 -0.01024167 0.05984607
v 0.01670703 -0.01484189 0.05965584
v 0.01919233 -0.01129526 0.06015793
v 0.01814207 -0.01576027 0.05903970
v 0.02062737 -0.01221364 0.05954179
v 0.01918711 -0.01629736 0.05766064
v 0.02167242 -0.01275073 0.05816273
v 0.01956215 -0.01630924 0.05588819
v 0.02204745 -0.01276261 0.05639028
v 0.02217061 -0.01193133 0.05529578
v 0.02119852 -0.01132632 0.05389172
v 0.02391299 -0.00796656 0.05579787
v 0.02294090 -0.00736155 0.05439382
v 0.02091429 -0.00682587 0.05719665
v 0.01968339 -0.01057778 0.05323869
v 0.02142578 -0.00661301 0.05374078
v 0.01803122 -0.00988627 0.05351165
v 0.01977360 -0.00592150 0.05401374
v 0.01668469 -0.00943709 0.05463747
v 0.01842707 -0.00547232 0.05513956
v 0.01600461 -0.00935059 0.05631448
v 0.01774699 -0.00538582 0.05681658
v 0.01617320 -0.00964995 0.05809334
v 0.01791558 -0.00568518 0.05859543
v 0.01714530 -0.01025496 0.05949740
v 0.01888768 -0.00629019 0.05999949
v 0.01866042 -0.01100351 0.06015044
v 0.02040280 -0.00703874 0.06065253
v 0.02031260 -0.01169502 0.05987747
v 0.02205498 -0.00773024 0.06037956
v 0.02165913 -0.01214420 0.05875165
v 0.02340151 -0.00817943 0.05925374
v 0.02233921 -0.01223070 0.05707464
v 0.02408159 -0.00826592 0.05757673
v 0.02427088 -0.00747669 0.05644849
v 0.02349577 -0.00711625 0.05485110
v 0.02520282 -0.00324741 0.05695058
v 0.02442771 -0.00288697 0.05535319
v 0.02184623 -0.00259659 0.05769875
v 0.02202896 -0.00667801 0.05388219
v 0.02296090 -0.00244873 0.05438428
v 0.02026347 -0.00627938 0.05380139
v 0.02119541 -0.00205010 0.05430349
v 0.01867237 -0.00602719 0.05463035
v 0.01960431 -0.00179791 0.05513244
v 0.01768199 -0.00598900 0.05614695
v 0.01861393 -0.00175972 0.05664904
v 0.01755770 -0.00617505 0.05794481
v 0.01848964 -0.00194577 0.05844690
v 0.01833281 -0.00653549 0.05954221
v 0.01926475 -0.00230621 0.06004430
v 0.01979962 -0.00697374 0.06051111
v 0.02073156 -0.00274446 0.06101321
v 0.02156511 -0.00737236 0.06059191
v 0.02249705 -0.00314308 0.06109400
v 0.02315621 -0.00762455 0.05976295
v 0.02408815 -0.00339527 0.06026505
v 0.02414659 -0.00766274 0.05824636
v 0.02507853 -0.00343346 0.05874845
v 0.02534503 -0.00265764 0.05763020
v 0.02484575 -0.00244732 0.05590136
v 0.02543041 0.00167226 0.05813229
v 0.02493114 0.00188258 0.05640345
v 0.02193161 0.00173331 0.05820084
v 0.02354276 -0.00227700 0.05465414
v 0.02362814 0.00205290 0.05515623
v 0.02178518 -0.00219231 0.05422271
v 0.02187057 0.00213759 0.05472480
v 0.02004396 -0.00221595 0.05472268
v 0.02012935 0.00211395 0.05522477
v 0.01878566 -0.00234158 0.05602009
v 0.01887104 0.00198832 0.05652218
v 0.01834743 -0.00253555 0.05776729
v 0.01843282 0.00179435 0.05826938
v 0.01884671 -0.00274587 0.05949613
v 0.01893209 0.00158403 0.05999822
v 0.02014970 -0.00291619 0.06074335
v 0.02023508 0.00141371 0.06124545
v 0.02190728 -0.00300087 0.06117478
v 0.02199266 0.00132902 0.06167687
v 0.02364849 -0.00297723 0.06067481
v 0.02373388 0.00135267 0.06117690
v 0.02490680 -0.00285160 0.05937740
v 0.02499218 0.00147830 0.05987949
v 0.02533511 0.00227140 0.05881456
v 0.02514818 0.00244910 0.05702128
v 0.02457063 0.00653414 0.05931665
v 0.02438370 0.00671184 0.05752337
v 0.02116713 0.00599604 0.05870293
v 0.02409937 0.00243501 0.05554406
v 0.02333489 0.00669774 0.05604615
v 0.02246971 0.00223289 0.05477872
v 0.02170523 0.00649562 0.05528081
v 0.02069587 0.00189691 0.05493034
v 0.01993139 0.00615964 0.05543243
v 0.01925315 0.00151709 0.05595828
v 0.01848867 0.00577983 0.05646037
v 0.01852812 0.00119521 0.05758711
v 0.01776364 0.00545794 0.05808920
v 0.01871505 0.00101751 0.05938039
v 0.01795057 0.00528024 0.05988248
v 0.01976386 0.00103161 0.06085761
v 0.01899938 0.00529434 0.06135971
v 0.02139352 0.00123373 0.06162295
v 0.02062904 0.00549646 0.06212504
v 0.02316736 0.00156971 0.06147134
v 0.02240288 0.00583244 0.06197343
v 0.02461008 0.00194952 0.06044339
v 0.02384560 0.00621225 0.06094548
v 0.02425245 0.00705068 0.05997514
v 0.02436642 0.00731826 0.05818690
v 0.02266773 0.01108106 0.06047723
v 0.02278170 0.01134865 0.05868899
v 0.01958241 0.01002642 0.05920502
v 0.02362314 0.00723156 0.05653694
v 0.02203842 0.01126194 0.05703903
v 0.02222177 0.00681380 0.05546734
v 0.02063705 0.01084418 0.05596944
v 0.02053782 0.00617692 0.05526473
v 0.01895310 0.01020730 0.05576682
v 0.01902249 0.00549157 0.05598337
v 0.01743777 0.00952195 0.05648546
v 0.01808181 0.00494140 0.05743072
v 0.01649709 0.00897178 0.05793281
v 0.01796784 0.00467382 0.05921895
v 0.01638312 0.00870420 0.05972105
v 0.01871113 0.00476052 0.06086892
v 0.01712641 0.00879090 0.06137101
v 0.02011249 0.00517828 0.06193851
v 0.01852777 0.00920866 0.06244060
v 0.02179645 0.00581516 0.06214113
v 0.02021173 0.00984554 0.06264322
v 0.02331178 0.00650051 0.06142249
v 0.02172706 0.01053089 0.06192458
v 0.02217552 0.01143572 0.06108642
v 0.02253276 0.01190189 0.05937253
v 0.01983197 0.01507757 0.06158851
v 0.02018921 0.01554374 0.05987462
v 0.01723886 0.01366827 0.05970711
v 0.02209945 0.01186554 0.05761375
v 0.01975590 0.01550739 0.05811584
v 0.02099171 0.01133639 0.05628135
v 0.01864816 0.01497824 0.05678344
v 0.01950634 0.01045624 0.05573235
v 0.01716279 0.01409809 0.05623444
v 0.01804136 0.00946092 0.05611384
v 0.01569781 0.01310277 0.05661594
v 0.01698930 0.00861712 0.05732362
v 0.01464575 0.01225898 0.05782571
v 0.01663207 0.00815095 0.05903752
v 0.01428851 0.01179280 0.05953961
v 0.01706537 0.00818731 0.06079629
v 0.01472182 0.01182916 0.06129839
v 0.01817312 0.00871645 0.06212869
v 0.01582956 0.01235830 0.06263079
v 0.01965848 0.00959660 0.06267770
v 0.01731493 0.01323845 0.06317979
v 0.02112346 0.01059192 0.06229620
v 0.01877991 0.01423378 0.06279829
v 0.01924128 0.01521590 0.06212480
v 0.01974682 0.01595889 0.06055165
v 0.01622971 0.01832809 0.06262689
v 0.01673525 0.01907108 0.06105375
v 0.01422729 0.01678047 0.06020920
v 0.01958035 0.01608811 0.05875222
v 0.01656878 0.01920030 0.05925431
v 0.01878649 0.01556894 0.05720865
v 0.01577492 0.01868113 0.05771074
v 0.01757794 0.01454048 0.05633454
v 0.01456637 0.01765268 0.05683663
v 0.01627853 0.01327832 0.05636410
v 0.01326696 0.01639052 0.05686620
v 0.01523645 0.01212065 0.05728943
v 0.01222488 0.01523285 0.05779152
v 0.01473091 0.01137766 0.05886257
v 0.01171934 0.01448986 0.05936467
v 0.01489737 0.01124844 0.06066201
v 0.01188580 0.01436063 0.06116410
v 0.01569124 0.01176761 0.06220558
v 0.01267967 0.01487981 0.06270767
v 0.01689979 0.01279606 0.06307969
v 0.01388822 0.01590826 0.06358178
v 0.01819919 0.01405822 0.06305012
v 0.01518762 0.01717042 0.06355222
v 0.01563120 0.01822886 0.06306949
v 0.01616731 0.01928440 0.06169806
v 0.01206832 0.02069080 0.06357158
v 0.01260442 0.02174634 0.06220015
v 0.01066441 0.01924241 0.06071130
v 0.01618359 0.01966901 0.05992769
v 0.01262071 0.02213095 0.06042979
v 0.01567568 0.01927964 0.05823276
v 0.01211280 0.02174158 0.05873485
v 0.01477968 0.01822062 0.05706742
v 0.01121679 0.02068256 0.05756951
v 0.01373566 0.01677571 0.05674391
v 0.01017278 0.01923765 0.05724600
v 0.01282338 0.01533208 0.05734893
v 0.00926049 0.01779402 0.05785102
v 0.01228727 0.01427654 0.05872035
v 0.00872439 0.01673849 0.05922244
v 0.01227099 0.01389193 0.06049072
v 0.00870811 0.01635388 0.06099281
v 0.01277890 0.01428130 0.06218565
v 0.00921602 0.01674325 0.06268774
v 0.01367491 0.01534032 0.06335100
v 0.01011202 0.01780227 0.06385309
v 0.01471892 0.01678523 0.06367450
v 0.01115603 0.01924717 0.06417660
v 0.01155388 0.02036924 0.06390333
v 0.01199812 0.02172508 0.06278677
v 0.00757774 0.02208553 0.06440543
v 0.00802199 0.02344136 0.06328886
v 0.00668827 0.02095870 0.06121339
v 0.01208500 0.02241569 0.06111408
v 0.00810886 0.02413197 0.06161617
v 0.01179123 0.02225602 0.05933347
v 0.00781509 0.02397231 0.05983556
v 0.01119553 0.02128886 0.05792204
v 0.00721939 0.02300515 0.05842413
v 0.01045752 0.01977336 0.05725800
v 0.00648138 0.02148964 0.05776009
v 0.00977494 0.01811559 0.05751926
v 0.00579880 0.01983187 0.05802135
v 0.00933069 0.01675975 0.05863583
v 0.00535455 0.01847603 0.05913792
v 0.00924381 0.01606914 0.06030852
v 0.00526767 0.01778542 0.06081061
v 0.00953758 0.01622880 0.06208913
v 0.00556144 0.01794509 0.06259122
v 0.01013328 0.01719596 0.06350055
v 0.00615714 0.01891225 0.06400265
v 0.01087130 0.01871147 0.06416460
v 0.00689516 0.02042776 0.06466669
v 0.00722632 0.02159099 0.06461349
v 0.00747039 0.02318879 0.06379505
v 0.00299101 0.02249512 0.06511559
v 0.00323507 0.02409292 0.06429714
v 0.00245296 0.02186282 0.06171548
v 0.00750488 0.02418904 0.06228485
v 0.00326957 0.02509316 0.06278694
v 0.00732056 0.02432372 0.06048756
v 0.00308525 0.02522784 0.06098965
v 0.00696682 0.02355675 0.05888475
v 0.00273151 0.02446087 0.05938684
v 0.00653844 0.02209363 0.05790590
v 0.00230313 0.02299775 0.05840799
v 0.00615021 0.02032641 0.05781329
v 0.00191490 0.02123053 0.05831538
v 0.00590615 0.01872860 0.05863173
v 0.00167084 0.01963273 0.05913382
v 0.00587166 0.01772836 0.06014192
v 0.00163634 0.01863248 0.06064402
v 0.00605597 0.01759368 0.06193922
v 0.00182066 0.01849780 0.06244131
v 0.00640971 0.01836065 0.06354202
v 0.00217440 0.01926477 0.06404412
v 0.00683809 0.01982377 0.06452088
v 0.00260278 0.02072789 0.06502297
v 0.00285657 0.02190353 0.06519189
v 0.00282285 0.02364781 0.06470329
v -0.00147380 0.02196045 0.06569398
v -0.00150752 0.02370473 0.06520539
v -0.00187741 0.02191975 0.06221757
v 0.00269001 0.02491380 0.06341411
v -0.00164035 0.02497073 0.06391620
v 0.00249366 0.02536229 0.06166978
v -0.00183671 0.02541921 0.06217187
v 0.00228640 0.02487310 0.05993770
v -0.00204397 0.02493002 0.06043979
v 0.00212377 0.02357730 0.05868197
v -0.00220660 0.02363423 0.05918406
v 0.00204934 0.02182212 0.05823907
v -0.00228103 0.02187904 0.05874116
v 0.00208306 0.02007784 0.05872767
v -0.00224730 0.02013476 0.05922976
v 0.00221590 0.01881185 0.06001685
v -0.00211447 0.01886877 0.06051894
v 0.00241225 0.01836336 0.06176118
v -0.00191812 0.01842028 0.06226327
v 0.00261951 0.01885255 0.06349327
v -0.00171085 0.01890947 0.06399535
v 0.00278214 0.02014834 0.06474900
v -0.00154822 0.02020526 0.06525108
v -0.00137063 0.02136261 0.06563558
v -0.00171710 0.02313540 0.06549575
v -0.00562825 0.02057013 0.06613767
v -0.00597471 0.02234292 0.06599785
v -0.00613503 0.02112727 0.06271967
v -0.00210651 0.02458246 0.06447754
v -0.00636413 0.02378998 0.06497964
v -0.00243455 0.02531605 0.06285378
v -0.00669216 0.02452357 0.06335586
v -0.00261329 0.02513960 0.06105953
v -0.00687091 0.02434712 0.06156163
v -0.00259486 0.02410039 0.05957559
v -0.00685248 0.02330791 0.06007769
v -0.00238419 0.02247688 0.05879956
v -0.00664181 0.02168440 0.05930166
v -0.00203773 0.02070409 0.05893939
v -0.00629534 0.01991161 0.05944148
v -0.00164831 0.01925703 0.05995760
v -0.00590592 0.01846455 0.06045970
v -0.00132028 0.01852345 0.06158137
v -0.00557789 0.01773097 0.06208346
v -0.00114153 0.01869990 0.06337561
v -0.00539914 0.01790742 0.06387770
v -0.00115996 0.01973910 0.06485955
v -0.00541758 0.01894663 0.06536165
v -0.00530331 0.02005781 0.06594682
v -0.00594947 0.02173677 0.06616119
v -0.00932319 0.01844664 0.06644891
v -0.00996934 0.02012560 0.06666328
v -0.01015491 0.01951609 0.06322176
v -0.00664534 0.02325242 0.06545340
v -0.01066522 0.02164124 0.06595549
v -0.00720448 0.02419863 0.06401312
v -0.01122436 0.02258745 0.06451520
v -0.00747706 0.02432187 0.06222625
v -0.01149694 0.02271070 0.06272834
v -0.00739004 0.02358912 0.06057159
v -0.01140992 0.02197795 0.06107369
v -0.00696674 0.02219672 0.05949251
v -0.01098662 0.02058554 0.05999460
v -0.00632059 0.02051776 0.05927815
v -0.01034047 0.01890659 0.05978024
v -0.00562471 0.01900212 0.05998593
v -0.00964459 0.01739094 0.06048802
v -0.00506557 0.01805591 0.06142621
v -0.00908545 0.01644473 0.06192831
v -0.00479300 0.01793266 0.06321308
v -0.00881287 0.01632149 0.06371517
v -0.00488001 0.01866541 0.06486773
v -0.00889989 0.01705424 0.06536983
v -0.00882636 0.01809848 0.06613300
v -0.00971315 0.01957567 0.06669325
v -0.01245273 0.01573105 0.06663509
v -0.01333952 0.01720824 0.06719535
v -0.01378128 0.01714866 0.06372385
v -0.01071832 0.02103690 0.06632333
v -0.01434469 0.01866946 0.06682542
v -0.01157251 0.02209062 0.06512233
v -0.01519889 0.01972319 0.06562442
v -0.01204687 0.02245451 0.06341208
v -0.01567324 0.02008707 0.06391417
v -0.01201427 0.02203104 0.06165083
v -0.01564064 0.01966361 0.06215293
v -0.01148346 0.02093370 0.06031051
v -0.01510983 0.01856626 0.06081260
v -0.01059666 0.01945651 0.05975026
v -0.01422303 0.01708908 0.06025235
v -0.00959150 0.01799529 0.06012019
v -0.01321787 0.01562785 0.06062228
v -0.00873730 0.01694156 0.06132118
v -0.01236367 0.01457413 0.06182327
v -0.00826295 0.01657768 0.06303144
v -0.01188932 0.01421024 0.06353353
v -0.00829555 0.01700114 0.06479269
v -0.01192192 0.01463371 0.06529477
v -0.01186027 0.01560050 0.06620637
v -0.01289171 0.01679895 0.06709080
v -0.01495260 0.01256854 0.06670847
v -0.01598405 0.01376699 0.06759290
v -0.01687361 0.01411670 0.06422594
v -0.01416152 0.01809110 0.06707306
v -0.01725385 0.01505914 0.06757516
v -0.01532944 0.01913073 0.06615790
v -0.01842177 0.01609877 0.06665999
v -0.01608253 0.01963926 0.06459054
v -0.01917486 0.01660730 0.06509263
v -0.01621900 0.01948044 0.06279095
v -0.01931134 0.01644848 0.06329304
v -0.01570229 0.01869682 0.06124132
v -0.01879462 0.01566486 0.06174342
v -0.01467084 0.01749837 0.06035690
v -0.01776318 0.01446641 0.06085899
v -0.01340104 0.01620621 0.06037464
v -0.01649337 0.01317426 0.06087673
v -0.01223312 0.01516659 0.06128980
v -0.01532545 0.01213463 0.06179189
v -0.01148003 0.01465805 0.06285716
v -0.01457236 0.01162610 0.06335925
v -0.01134355 0.01481688 0.06465675
v -0.01443589 0.01178492 0.06515884
v -0.01435546 0.01267563 0.06618354
v -0.01541336 0.01356116 0.06735788
v -0.01679393 0.00909664 0.06668564
v -0.01785183 0.00998217 0.06785997
v -0.01931209 0.01053771 0.06472804
v -0.01686254 0.01459554 0.06769301
v -0.01930101 0.01101655 0.06819510
v -0.01831468 0.01550162 0.06709915
v -0.02075315 0.01192263 0.06760124
v -0.01938069 0.01603661 0.06573541
v -0.02181917 0.01245762 0.06623750
v -0.01977494 0.01605716 0.06396721
v -0.02221341 0.01247817 0.06446930
v -0.01939177 0.01555777 0.06226834
v -0.02183024 0.01197878 0.06277043
v -0.01833387 0.01467224 0.06109400
v -0.02077234 0.01109325 0.06159610
v -0.01688469 0.01363785 0.06075887
v -0.01932316 0.01005887 0.06126096
v -0.01543255 0.01273178 0.06135273
v -0.01787102 0.00915279 0.06185482
v -0.01436653 0.01219679 0.06271647
v -0.01680501 0.00861780 0.06321856
v -0.01397229 0.01217624 0.06448467
v -0.01641076 0.00859725 0.06498677
v -0.01628376 0.00942494 0.06608485
v -0.01724586 0.01001140 0.06750359
v -0.01797388 0.00543761 0.06658695
v -0.01893598 0.00602406 0.06800568
v -0.02100220 0.00655038 0.06523012
v -0.01876161 0.01073888 0.06817862
v -0.02045173 0.00675155 0.06868070
v -0.02042486 0.01141246 0.06792906
v -0.02211497 0.00742513 0.06843115
v -0.02178994 0.01185165 0.06682179
v -0.02348005 0.00786432 0.06732389
v -0.02249108 0.01193877 0.06515350
v -0.02418120 0.00795144 0.06565560
v -0.02234042 0.01165048 0.06337121
v -0.02403053 0.00766315 0.06387330
v -0.02137831 0.01106402 0.06195248
v -0.02306843 0.00707669 0.06245457
v -0.01986256 0.01033654 0.06127745
v -0.02155268 0.00634921 0.06177954
v -0.01819932 0.00966296 0.06152701
v -0.01988943 0.00567563 0.06202910
v -0.01683424 0.00922377 0.06263427
v -0.01852435 0.00523644 0.06313637
v -0.01613309 0.00913665 0.06430256
v -0.01782321 0.00514932 0.06480466
v -0.01762899 0.00593672 0.06593359
v -0.01838775 0.00628386 0.06754175
v -0.01850526 0.00169555 0.06643569
v -0.01926401 0.00204270 0.06804384
v -0.02187847 0.00230921 0.06573222
v -0.01984704 0.00670242 0.06853050
v -0.02072331 0.00246126 0.06903259
v -0.02161586 0.00708024 0.06863493
v -0.02249213 0.00283908 0.06913701
v -0.02322025 0.00731609 0.06782704
v -0.02409652 0.00307492 0.06832913
v -0.02423032 0.00734676 0.06632330
v -0.02510659 0.00310559 0.06682540
v -0.02437542 0.00716404 0.06452666
v -0.02525168 0.00292287 0.06502875
v -0.02361666 0.00681689 0.06291851
v -0.02449293 0.00257572 0.06342060
v -0.02215736 0.00639833 0.06192975
v -0.02303363 0.00215716 0.06243184
v -0.02038854 0.00602051 0.06182532
v -0.02126481 0.00177935 0.06232742
v -0.01878415 0.00578467 0.06263322
v -0.01966042 0.00154350 0.06313531
v -0.01777409 0.00575400 0.06413694
v -0.01865035 0.00151283 0.06463904
v -0.01837861 0.00228886 0.06575507
v -0.01885768 0.00249319 0.06749032
v -0.01840707 -0.00204179 0.06625716
v -0.01888614 -0.00183746 0.06799242
v -0.02190693 -0.00202143 0.06623431
v -0.02014617 0.00264823 0.06875450
v -0.02017463 -0.00168242 0.06925659
v -0.02189882 0.00271243 0.06920885
v -0.02192729 -0.00161822 0.06971095
v -0.02364603 0.00266858 0.06873165
v -0.02367450 -0.00166207 0.06923374
v -0.02491962 0.00252845 0.06745075
v -0.02494808 -0.00180220 0.06795284
v -0.02537834 0.00232957 0.06570937
v -0.02540680 -0.00200108 0.06621146
v -0.02489927 0.00212523 0.06397411
v -0.02492773 -0.00220541 0.06447620
v -0.02361078 0.00197020 0.06270994
v -0.02363924 -0.00236045 0.06321203
v -0.02185812 0.00190600 0.06225558
v -0.02188658 -0.00242465 0.06275767
v -0.02011091 0.00194984 0.06273279
v -0.02013938 -0.00238080 0.06323488
v -0.01883732 0.00208998 0.06401369
v -0.01886578 -0.00224067 0.06451578
v -0.01851808 -0.00144536 0.06557566
v -0.01868406 -0.00126542 0.06737078
v -0.01769764 -0.00569767 0.06607775
v -0.01786362 -0.00551774 0.06787287
v -0.02108649 -0.00627375 0.06673640
v -0.01971361 -0.00128806 0.06886138
v -0.01889317 -0.00554038 0.06936347
v -0.02133086 -0.00150721 0.06964806
v -0.02051041 -0.00575952 0.07015015
v -0.02310246 -0.00186414 0.06952003
v -0.02228202 -0.00611645 0.07002212
v -0.02455373 -0.00226322 0.06851160
v -0.02373328 -0.00651553 0.06901368
v -0.02529579 -0.00259751 0.06689296
v -0.02447534 -0.00684983 0.06739505
v -0.02512980 -0.00277745 0.06509785
v -0.02430936 -0.00702976 0.06559993
v -0.02410026 -0.00275481 0.06360724
v -0.02327981 -0.00700712 0.06410933
v -0.02248301 -0.00253566 0.06282055
v -0.02166257 -0.00678798 0.06332265
v -0.02071141 -0.00217873 0.06294858
v -0.01989096 -0.00643105 0.06345068
v -0.01926014 -0.00177965 0.06395702
v -0.01843970 -0.00603197 0.06445912
v -0.01802928 -0.00518967 0.06542177
v -0.01789683 -0.00491197 0.06720719
v -0.01639172 -0.00919887 0.06592386
v -0.01625927 -0.00892118 0.06770928
v -0.01944893 -0.01028295 0.06723849
v -0.01861905 -0.00499916 0.06886646
v -0.01698149 -0.00900837 0.06936856
v -0.02000241 -0.00542788 0.06995498
v -0.01836485 -0.00943708 0.07045708
v -0.02167625 -0.00608324 0.07018109
v -0.02003869 -0.01009245 0.07068318
v -0.02319207 -0.00678965 0.06948420
v -0.02155451 -0.01079886 0.06998629
v -0.02414370 -0.00735783 0.06805103
v -0.02250614 -0.01136703 0.06855313
v -0.02427615 -0.00763553 0.06626561
v -0.02263859 -0.01164473 0.06676771
v -0.02355393 -0.00754834 0.06460635
v -0.02191637 -0.01155754 0.06510843
v -0.02217057 -0.00711962 0.06351782
v -0.02053301 -0.01112883 0.06401991
v -0.02049673 -0.00646426 0.06329171
v -0.01885917 -0.01047346 0.06379380
v -0.01898091 -0.00575785 0.06398860
v -0.01734335 -0.00976705 0.06449070
v -0.01689309 -0.00885728 0.06531883
v -0.01652267 -0.00837466 0.06702536
v -0.01450187 -0.01246801 0.06582092
v -0.01413145 -0.01198540 0.06752745
v -0.01705771 -0.01389369 0.06774059
v -0.01693634 -0.00840337 0.06878900
v -0.01454512 -0.01201411 0.06929109
v -0.01802325 -0.00893572 0.07013719
v -0.01563204 -0.01254645 0.07063928
v -0.01949218 -0.00982905 0.07070867
v -0.01710096 -0.01343978 0.07121076
v -0.02094952 -0.01084401 0.07035032
v -0.01855830 -0.01445474 0.07085241
v -0.02200477 -0.01170863 0.06915816
v -0.01961355 -0.01531936 0.06966025
v -0.02237519 -0.01219124 0.06745163
v -0.01998397 -0.01580197 0.06795372
v -0.02196152 -0.01216253 0.06568798
v -0.01957030 -0.01577326 0.06619008
v -0.02087460 -0.01163019 0.06433980
v -0.01848339 -0.01524092 0.06484190
v -0.01940568 -0.01073686 0.06376832
v -0.01701446 -0.01434759 0.06427041
v -0.01794834 -0.00972190 0.06412667
v -0.01555712 -0.01333263 0.06462876
v -0.01509599 -0.01234526 0.06529027
v -0.01458460 -0.01158203 0.06685179
v -0.01204378 -0.01541760 0.06579236
v -0.01153238 -0.01465437 0.06735388
v -0.01400549 -0.01696603 0.06824268
v -0.01473588 -0.01143820 0.06865145
v -0.01168366 -0.01451055 0.06915355
v -0.01550928 -0.01195232 0.07020706
v -0.01245707 -0.01502467 0.07070915
v -0.01669759 -0.01298663 0.07110177
v -0.01364538 -0.01605897 0.07160386
v -0.01798239 -0.01426398 0.07109585
v -0.01493018 -0.01733632 0.07159795
v -0.01901943 -0.01544211 0.07019090
v -0.01596721 -0.01851446 0.07069299
v -0.01953082 -0.01620534 0.06862938
v -0.01647860 -0.01927769 0.06913148
v -0.01937955 -0.01634917 0.06682972
v -0.01632733 -0.01942151 0.06733181
v -0.01860614 -0.01583505 0.06527411
v -0.01555392 -0.01890739 0.06577621
v -0.01741783 -0.01480074 0.06437940
v -0.01436561 -0.01787308 0.06488150
v -0.01613303 -0.01352339 0.06438532
v -0.01308081 -0.01659573 0.06488740
v -0.01263947 -0.01553253 0.06535666
v -0.01210573 -0.01445606 0.06671266
v -0.00904453 -0.01794743 0.06585876
v -0.00851079 -0.01687096 0.06721475
v -0.01041056 -0.01938093 0.06874477
v -0.01208104 -0.01405213 0.06847861
v -0.00848610 -0.01646703 0.06898071
v -0.01257200 -0.01442898 0.07018135
v -0.00897706 -0.01684388 0.07068345
v -0.01344707 -0.01548563 0.07136463
v -0.00985213 -0.01790052 0.07186672
v -0.01447176 -0.01693895 0.07171138
v -0.01087682 -0.01935384 0.07221346
v -0.01537152 -0.01839952 0.07112869
v -0.01177658 -0.02081442 0.07163078
v -0.01590526 -0.01947600 0.06977270
v -0.01231032 -0.02189090 0.07027479
v -0.01592995 -0.01987993 0.06800674
v -0.01233501 -0.02229482 0.06850883
v -0.01543899 -0.01950308 0.06630400
v -0.01184405 -0.02191798 0.06680609
v -0.01456392 -0.01844643 0.06512073
v -0.01096899 -0.02086133 0.06562282
v -0.01353923 -0.01699311 0.06477398
v -0.00994429 -0.01940801 0.06527607
v -0.00955034 -0.01828241 0.06553490
v -0.00911633 -0.01690815 0.06663281
v -0.00555199 -0.01994628 0.06603699
v -0.00511797 -0.01857203 0.06713491
v -0.00641220 -0.02104480 0.06924686
v -0.00902910 -0.01619647 0.06829663
v -0.00503075 -0.01786035 0.06879872
v -0.00931204 -0.01633807 0.07008053
v -0.00531368 -0.01800194 0.07058262
v -0.00988932 -0.01729499 0.07150651
v -0.00589096 -0.01895886 0.07200859
v -0.01060627 -0.01881084 0.07219248
v -0.00660791 -0.02047472 0.07269457
v -0.01127077 -0.02047945 0.07195465
v -0.00727242 -0.02214332 0.07245673
v -0.01170478 -0.02185370 0.07085672
v -0.00770643 -0.02351758 0.07135881
v -0.01179201 -0.02256538 0.06919291
v -0.00779366 -0.02422926 0.06969500
v -0.01150907 -0.02242379 0.06740902
v -0.00751072 -0.02408766 0.06791110
v -0.01093179 -0.02146686 0.06598303
v -0.00693344 -0.02313074 0.06648513
v -0.01021485 -0.01995101 0.06529706
v -0.00621649 -0.02161489 0.06579915
v -0.00589028 -0.02044988 0.06583751
v -0.00566274 -0.01883901 0.06663482
v -0.00164345 -0.02129826 0.06633960
v -0.00141591 -0.01968738 0.06713691
v -0.00216537 -0.02189318 0.06974895
v -0.00563602 -0.01781918 0.06813201
v -0.00138919 -0.01866755 0.06863411
v -0.00581728 -0.01766365 0.06992794
v -0.00157045 -0.01851202 0.07043003
v -0.00615795 -0.01841410 0.07154136
v -0.00191112 -0.01926247 0.07204346
v -0.00656674 -0.01986944 0.07253999
v -0.00231991 -0.02071781 0.07304207
v -0.00693413 -0.02163972 0.07265621
v -0.00268729 -0.02248810 0.07315830
v -0.00716166 -0.02325059 0.07185891
v -0.00291483 -0.02409897 0.07236100
v -0.00718838 -0.02427043 0.07036171
v -0.00294155 -0.02511880 0.07086380
v -0.00700712 -0.02442596 0.06856579
v -0.00276029 -0.02527433 0.06906788
v -0.00666646 -0.02367551 0.06695236
v -0.00241962 -0.02452388 0.06745445
v -0.00625766 -0.02222016 0.06595374
v -0.00201083 -0.02306854 0.06645583
v -0.00176229 -0.02189318 0.06627224
v -0.00181629 -0.02014318 0.06673803
v 0.00256845 -0.02189318 0.06677433
v 0.00251445 -0.02014318 0.06724013
v 0.00216537 -0.02189318 0.07025105
v -0.00196383 -0.01886209 0.06801060
v 0.00236691 -0.01886209 0.06851269
v -0.00216537 -0.01839318 0.06974895
v 0.00216537 -0.01839318 0.07025105
v -0.00236691 -0.01886209 0.07148731
v 0.00196383 -0.01886209 0.07198940
v -0.00251445 -0.02014318 0.07275987
v 0.00181629 -0.02014318 0.07326197
v -0.00256845 -0.02189318 0.07322567
v 0.00176229 -0.02189318 0.07372776
v -0.00251445 -0.02364318 0.07275987
v 0.00181629 -0.02364318 0.07326197
v -0.00236691 -0.02492427 0.07148731
v 0.00196383 -0.02492427 0.07198940
v -0.00216537 -0.02539318 0.06974895
v 0.00216537 -0.02539318 0.07025105
v -0.00196383 -0.02492427 0.06801060
v 0.00236691 -0.02492427 0.06851269
v -0.00181629 -0.02364318 0.06673803
v 0.00251445 -0.02364318 0.06724013
v 0.00268729 -0.02248810 0.06684170
v 0.00231991 -0.02071781 0.06695793
v 0.00693413 -0.02163972 0.06734379
v 0.00656674 -0.01986944 0.06746002
v 0.00641220 -0.02104480 0.07075313
v 0.00191112 -0.01926247 0.06795654
v 0.00615795 -0.01841410 0.06845864
v 0.00157045 -0.01851202 0.06956998
v 0.00581728 -0.01766365 0.07007206
v 0.00138919 -0.01866755 0.07136589
v 0.00563602 -0.01781918 0.07186799
v 0.00141591 -0.01968738 0.07286309
v 0.00566274 -0.01883901 0.07336518
v 0.00164345 -0.02129826 0.07366040
v 0.00589028 -0.02044988 0.07416249
v 0.00201083 -0.02306854 0.07354417
v 0.00625766 -0.02222016 0.07404626
v 0.00241962 -0.02452388 0.07254555
v 0.00666646 -0.02367551 0.07304764
v 0.00276029 -0.02527433 0.07093212
v 0.00700712 -0.02442596 0.07143421
v 0.00294155 -0.02511880 0.06913619
v 0.00718838 -0.02427043 0.06963829
v 0.00291483 -0.02409897 0.06763900
v 0.00716166 -0.02325059 0.06814110
v 0.00727242 -0.02214332 0.06754327
v 0.00660791 -0.02047472 0.06730543
v 0.01127077 -0.02047945 0.06804536
v 0.01060627 -0.01881084 0.06780752
v 0.01041056 -0.01938093 0.07125523
v 0.00589096 -0.01895886 0.06799141
v 0.00988932 -0.01729499 0.06849349
v 0.00531368 -0.01800194 0.06941738
v 0.00931204 -0.01633807 0.06991947
v 0.00503075 -0.01786035 0.07120127
v 0.00902910 -0.01619647 0.07170337
v 0.00511797 -0.01857203 0.07286509
v 0.00911633 -0.01690815 0.07336719
v 0.00555199 -0.01994628 0.07396301
v 0.00955034 -0.01828241 0.07446510
v 0.00621649 -0.02161489 0.07420085
v 0.01021485 -0.01995101 0.07470294
v 0.00693344 -0.02313074 0.07351487
v 0.01093179 -0.02146686 0.07401697
v 0.00751072 -0.02408766 0.07208890
v 0.01150907 -0.02242379 0.07259098
v 0.00779366 -0.02422926 0.07030500
v 0.01179201 -0.02256538 0.07080709
v 0.00770643 -0.02351758 0.06864119
v 0.01170478 -0.02185370 0.06914328
v 0.01177658 -0.02081442 0.06836922
v 0.01087682 -0.01935384 0.06778653
v 0.01537152 -0.01839952 0.06887131
v 0.01447176 -0.01693895 0.06828862
v 0.01400549 -0.01696603 0.07175732
v 0.00985213 -0.01790052 0.06813328
v 0.01344707 -0.01548563 0.06863537
v 0.00897706 -0.01684388 0.06931655
v 0.01257200 -0.01442898 0.06981865
v 0.00848610 -0.01646703 0.07101929
v 0.01208104 -0.01405213 0.07152139
v 0.00851079 -0.01687096 0.07278525
v 0.01210573 -0.01445606 0.07328735
v 0.00904453 -0.01794743 0.07414124
v 0.01263947 -0.01553253 0.07464334
v 0.00994429 -0.01940801 0.07472393
v 0.01353923 -0.01699311 0.07522602
v 0.01096899 -0.02086133 0.07437718
v 0.01456392 -0.01844643 0.07487927
v 0.01184405 -0.02191798 0.07319391
v 0.01543899 -0.01950308 0.07369600
v 0.01233501 -0.02229482 0.07149117
v 0.01592995 -0.01987993 0.07199326
v 0.01231032 -0.02189090 0.06972521
v 0.01590526 -0.01947600 0.07022730
v 0.01596721 -0.01851446 0.06930701
v 0.01493018 -0.01733632 0.06840205
v 0.01901943 -0.01544211 0.06980910
v 0.01798239 -0.01426398 0.06890415
v 0.01705771 -0.01389369 0.07225941
v 0.01364538 -0.01605897 0.06839614
v 0.01669759 -0.01298663 0.06889823
v 0.01245707 -0.01502467 0.06929085
v 0.01550928 -0.01195232 0.06979294
v 0.01168366 -0.01451055 0.07084645
v 0.01473588 -0.01143820 0.07134854
v 0.01153238 -0.01465437 0.07264612
v 0.01458460 -0.01158203 0.07314821
v 0.01204378 -0.01541760 0.07420763
v 0.01509599 -0.01234526 0.07470973
v 0.01308081 -0.01659573 0.07511260
v 0.01613303 -0.01352339 0.07561468
v 0.01436561 -0.01787308 0.07511850
v 0.01741783 -0.01480074 0.07562060
v 0.01555392 -0.01890739 0.07422379
v 0.01860614 -0.01583505 0.07472589
v 0.01632733 -0.01942151 0.07266819
v 0.01937955 -0.01634917 0.07317028
v 0.01647860 -0.01927769 0.07086852
v 0.01953082 -0.01620534 0.07137062
v 0.01961355 -0.01531936 0.07033975
v 0.01855830 -0.01445474 0.06914759
v 0.02200477 -0.01170863 0.07084184
v 0.02094952 -0.01084401 0.06964968
v 0.01944893 -0.01028295 0.07276151
v 0.01710096 -0.01343978 0.06878924
v 0.01949218 -0.00982905 0.06929133
v 0.01563204 -0.01254645 0.06936073
v 0.01802325 -0.00893572 0.06986281
v 0.01454512 -0.01201411 0.07070891
v 0.01693634 -0.00840337 0.07121100
v 0.01413145 -0.01198540 0.07247255
v 0.01652267 -0.00837466 0.07297464
v 0.01450187 -0.01246801 0.07417908
v 0.01689309 -0.00885728 0.07468117
v 0.01555712 -0.01333263 0.07537124
v 0.01794834 -0.00972190 0.07587333
v 0.01701446 -0.01434759 0.07572959
v 0.01940568 -0.01073686 0.07623168
v 0.01848339 -0.01524092 0.07515810
v 0.02087460 -0.01163019 0.07566020
v 0.01957030 -0.01577326 0.07380992
v 0.02196152 -0.01216253 0.07431201
v 0.01998397 -0.01580197 0.07204628
v 0.02237519 -0.01219124 0.07254837
v 0.02250614 -0.01136703 0.07144687
v 0.02155451 -0.01079886 0.07001371
v 0.02414370 -0.00735783 0.07194897
v 0.02319207 -0.00678965 0.07051580
v 0.02108649 -0.00627375 0.07326360
v 0.02003869 -0.01009245 0.06931682
v 0.02167625 -0.00608324 0.06981891
v 0.01836485 -0.00943708 0.06954292
v 0.02000241 -0.00542788 0.07004502
v 0.01698149 -0.00900837 0.07063144
v 0.01861905 -0.00499916 0.07113354
v 0.01625927 -0.00892118 0.07229072
v 0.01789683 -0.00491197 0.07279281
v 0.01639172 -0.00919887 0.07407614
v 0.01802928 -0.00518967 0.07457823
v 0.01734335 -0.00976705 0.07550930
v 0.01898091 -0.00575785 0.07601140
v 0.01885917 -0.01047346 0.07620619
v 0.02049673 -0.00646426 0.07670829
v 0.02053301 -0.01112883 0.07598009
v 0.02217057 -0.00711962 0.07648218
v 0.02191637 -0.01155754 0.07489157
v 0.02355393 -0.00754834 0.07539365
v 0.02263859 -0.01164473 0.07323229
v 0.02427615 -0.00763553 0.07373439
v 0.02447534 -0.00684983 0.07260495
v 0.02373328 -0.00651553 0.07098632
v 0.02529579 -0.00259751 0.07310704
v 0.02455373 -0.00226322 0.07148840
v 0.02190693 -0.00202143 0.07376569
v 0.02228202 -0.00611645 0.06997788
v 0.02310246 -0.00186414 0.07047997
v 0.02051041 -0.00575952 0.06984985
v 0.02133086 -0.00150721 0.07035194
v 0.01889317 -0.00554038 0.07063653
v 0.01971361 -0.00128806 0.07113862
v 0.01786362 -0.00551774 0.07212713
v 0.01868406 -0.00126542 0.07262922
v 0.01769764 -0.00569767 0.07392225
v 0.01851808 -0.00144536 0.07442434
v 0.01843970 -0.00603197 0.07554089
v 0.01926014 -0.00177965 0.07604297
v 0.01989096 -0.00643105 0.07654932
v 0.02071141 -0.00217873 0.07705142
v 0.02166257 -0.00678798 0.07667735
v 0.02248301 -0.00253566 0.07717944
v 0.02327981 -0.00700712 0.07589067
v 0.02410026 -0.00275481 0.07639276
v 0.02430936 -0.00702976 0.07440007
v 0.02512980 -0.00277745 0.07490215
v 0.02540680 -0.00200108 0.07378854
v 0.02494808 -0.00180220 0.07204716
v 0.02537834 0.00232957 0.07429063
v 0.02491962 0.00252845 0.07254925
v 0.02187847 0.00230921 0.07426778
v 0.02367450 -0.00166207 0.07076626
v 0.02364603 0.00266858 0.07126835
v 0.02192729 -0.00161822 0.07028905
v 0.02189882 0.00271243 0.07079115
v 0.02017463 -0.00168242 0.07074341
v 0.02014617 0.00264823 0.07124550
v 0.01888614 -0.00183746 0.07200758
v 0.01885768 0.00249319 0.07250968
v 0.01840707 -0.00204179 0.07374284
v 0.01837861 0.00228886 0.07424493
v 0.01886578 -0.00224067 0.07548422
v 0.01883732 0.00208998 0.07598631
v 0.02013938 -0.00238080 0.07676512
v 0.02011091 0.00194984 0.07726721
v 0.02188658 -0.00242465 0.07724233
v 0.02185812 0.00190600 0.07774442
v 0.02363924 -0.00236045 0.07678797
v 0.02361078 0.00197020 0.07729007
v 0.02492773 -0.00220541 0.07552380
v 0.02489927 0.00212523 0.07602589
v 0.02525168 0.00292287 0.07497125
v 0.02510659 0.00310559 0.07317460
v 0.02437542 0.00716404 0.07547334
v 0.02423032 0.00734676 0.07367670
v 0.02100220 0.00655038 0.07476988
v 0.02409652 0.00307492 0.07167087
v 0.02322025 0.00731609 0.07217296
v 0.02249213 0.00283908 0.07086299
v 0.02161586 0.00708024 0.07136507
v 0.02072331 0.00246126 0.07096741
v 0.01984704 0.00670242 0.07146950
v 0.01926401 0.00204270 0.07195617
v 0.01838775 0.00628386 0.07245825
v 0.01850526 0.00169555 0.07356431
v 0.01762899 0.00593672 0.07406641
v 0.01865035 0.00151283 0.07536096
v 0.01777409 0.00575400 0.07586306
v 0.01966042 0.00154350 0.07686469
v 0.01878415 0.00578467 0.07736678
v 0.02126481 0.00177935 0.07767259
v 0.02038854 0.00602051 0.07817467
v 0.02303363 0.00215716 0.07756816
v 0.02215736 0.00639833 0.07807025
v 0.02449293 0.00257572 0.07657940
v 0.02361666 0.00681689 0.07708149
v 0.02403053 0.00766315 0.07612669
v 0.02418120 0.00795144 0.07434440
v 0.02234042 0.01165048 0.07662879
v 0.02249108 0.01193877 0.07484650
v 0.01931209 0.01053771 0.07527196
v 0.02348005 0.00786432 0.07267611
v 0.02178994 0.01185165 0.07317821
v 0.02211497 0.00742513 0.07156885
v 0.02042486 0.01141246 0.07207094
v 0.02045173 0.00675155 0.07131930
v 0.01876161 0.01073888 0.07182138
v 0.01893598 0.00602406 0.07199432
v 0.01724586 0.01001140 0.07249641
v 0.01797388 0.00543761 0.07341305
v 0.01628376 0.00942494 0.07391515
v 0.01782321 0.00514932 0.07519534
v 0.01613309 0.00913665 0.07569744
v 0.01852435 0.00523644 0.07686363
v 0.01683424 0.00922377 0.07736573
v 0.01988943 0.00567563 0.07797090
v 0.01819932 0.00966296 0.07847299
v 0.02155268 0.00634921 0.07822046
v 0.01986256 0.01033654 0.07872254
v 0.02306843 0.00707669 0.07754543
v 0.02137831 0.01106402 0.07804752
v 0.02183024 0.01197878 0.07722957
v 0.02221341 0.01247817 0.07553069
v 0.01939177 0.01555777 0.07773166
v 0.01977494 0.01605716 0.07603279
v 0.01687361 0.01411670 0.07577406
v 0.02181917 0.01245762 0.07376250
v 0.01938069 0.01603661 0.07426459
v 0.02075315 0.01192263 0.07239876
v 0.01831468 0.01550162 0.07290085
v 0.01930101 0.01101655 0.07180490
v 0.01686254 0.01459554 0.07230698
v 0.01785183 0.00998217 0.07214003
v 0.01541336 0.01356116 0.07264212
v 0.01679393 0.00909664 0.07331436
v 0.01435546 0.01267563 0.07381646
v 0.01641076 0.00859725 0.07501324
v 0.01397229 0.01217624 0.07551533
v 0.01680501 0.00861780 0.07678144
v 0.01436653 0.01219679 0.07728353
v 0.01787102 0.00915279 0.07814518
v 0.01543255 0.01273178 0.07864726
v 0.01932316 0.01005887 0.07873904
v 0.01688469 0.01363785 0.07924113
v 0.02077234 0.01109325 0.07840391
v 0.01833387 0.01467224 0.07890599
v 0.01879462 0.01566486 0.07825658
v 0.01931134 0.01644848 0.07670696
v 0.01570229 0.01869682 0.07875867
v 0.01621900 0.01948044 0.07720906
v 0.01378128 0.01714866 0.07627615
v 0.01917486 0.01660730 0.07490737
v 0.01608253 0.01963926 0.07540946
v 0.01842177 0.01609877 0.07334001
v 0.01532944 0.01913073 0.07384210
v 0.01725385 0.01505914 0.07242484
v 0.01416152 0.01809110 0.07292694
v 0.01598405 0.01376699 0.07240710
v 0.01289171 0.01679895 0.07290920
v 0.01495260 0.01256854 0.07329153
v 0.01186027 0.01560050 0.07379363
v 0.01443589 0.01178492 0.07484116
v 0.01134355 0.01481688 0.07534325
v 0.01457236 0.01162610 0.07664075
v 0.01148003 0.01465805 0.07714284
v 0.01532545 0.01213463 0.07820811
v 0.01223312 0.01516659 0.07871020
v 0.01649337 0.01317426 0.07912327
v 0.01340104 0.01620621 0.07962536
v 0.01776318 0.01446641 0.07914101
v 0.01467084 0.01749837 0.07964311
v 0.01510983 0.01856626 0.07918739
v 0.01564064 0.01966361 0.07784708
v 0.01148346 0.02093370 0.07968949
v 0.01201427 0.02203104 0.07834917
v 0.01015491 0.01951609 0.07677824
v 0.01567324 0.02008707 0.07608583
v 0.01204687 0.02245451 0.07658792
v 0.01519889 0.01972319 0.07437558
v 0.01157251 0.02209062 0.07487767
v 0.01434469 0.01866946 0.07317458
v 0.01071832 0.02103690 0.07367668
v 0.01333952 0.01720824 0.07280465
v 0.00971315 0.01957567 0.07330675
v 0.01245273 0.01573105 0.07336491
v 0.00882636 0.01809848 0.07386700
v 0.01192192 0.01463371 0.07470523
v 0.00829555 0.01700114 0.07520732
v 0.01188932 0.01421024 0.07646647
v 0.00826295 0.01657768 0.07696857
v 0.01236367 0.01457413 0.07817672
v 0.00873730 0.01694156 0.07867882
v 0.01321787 0.01562785 0.07937772
v 0.00959150 0.01799529 0.07987981
v 0.01422303 0.01708908 0.07974765
v 0.01059666 0.01945651 0.08024974
v 0.01098662 0.02058554 0.08000539
v 0.01140992 0.02197795 0.07892632
v 0.00696674 0.02219672 0.08050749
v 0.00739004 0.02358912 0.07942840
v 0.00613503 0.02112727 0.07728034
v 0.01149694 0.02271070 0.07727166
v 0.00747706 0.02432187 0.07777375
v 0.01122436 0.02258745 0.07548480
v 0.00720448 0.02419863 0.07598688
v 0.01066522 0.02164124 0.07404450
v 0.00664534 0.02325242 0.07454660
v 0.00996934 0.02012560 0.07333672
v 0.00594947 0.02173677 0.07383882
v 0.00932319 0.01844664 0.07355109
v 0.00530331 0.02005781 0.07405318
v 0.00889989 0.01705424 0.07463017
v 0.00488001 0.01866541 0.07513227
v 0.00881287 0.01632149 0.07628483
v 0.00479300 0.01793266 0.07678692
v 0.00908545 0.01644473 0.07807169
v 0.00506557 0.01805591 0.07857379
v 0.00964459 0.01739094 0.07951198
v 0.00562471 0.01900212 0.08001407
v 0.01034047 0.01890659 0.08021976
v 0.00632059 0.02051776 0.08072186
v 0.00664181 0.02168440 0.08069834
v 0.00685248 0.02330791 0.07992232
v 0.00238419 0.02247688 0.08120044
v 0.00259486 0.02410039 0.08042441
v 0.00187741 0.02191975 0.07778243
v 0.00687091 0.02434712 0.07843837
v 0.00261329 0.02513960 0.07894047
v 0.00669216 0.02452357 0.07664413
v 0.00243455 0.02531605 0.07714622
v 0.00636413 0.02378998 0.07502037
v 0.00210651 0.02458246 0.07552246
v 0.00597471 0.02234292 0.07400215
v 0.00171710 0.02313540 0.07450424
v 0.00562825 0.02057013 0.07386233
v 0.00137063 0.02136261 0.07436442
v 0.00541758 0.01894663 0.07463835
v 0.00115996 0.01973910 0.07514045
v 0.00539914 0.01790742 0.07612230
v 0.00114153 0.01869990 0.07662439
v 0.00557789 0.01773097 0.07791653
v 0.00132028 0.01852345 0.07841863
v 0.00590592 0.01846455 0.07954030
v 0.00164831 0.01925703 0.08004240
v 0.00629534 0.01991161 0.08055852
v 0.00203773 0.02070409 0.08106061
v 0.00228103 0.02187904 0.08125884
v 0.00220660 0.02363423 0.08081593
v -0.00204934 0.02182212 0.08176093
v -0.00212377 0.02357730 0.08131803
v -0.00245296 0.02186282 0.07828452
v 0.00204397 0.02493002 0.07956021
v -0.00228640 0.02487310 0.08006230
v 0.00183671 0.02541921 0.07782812
v -0.00249366 0.02536229 0.07833022
v 0.00164035 0.02497073 0.07608379
v -0.00269001 0.02491380 0.07658589
v 0.00150752 0.02370473 0.07479461
v -0.00282285 0.02364781 0.07529671
v 0.00147380 0.02196045 0.07430602
v -0.00285657 0.02190353 0.07480811
v 0.00154822 0.02020526 0.07474892
v -0.00278214 0.02014834 0.07525101
v 0.00171085 0.01890947 0.07600465
v -0.00261951 0.01885255 0.07650673
v 0.00191812 0.01842028 0.07773673
v -0.00241225 0.01836336 0.07823882
v 0.00211447 0.01886877 0.07948106
v -0.00221590 0.01881185 0.07998314
v 0.00224730 0.02013476 0.08077024
v -0.00208306 0.02007784 0.08127233
v -0.00191490 0.02123053 0.08168462
v -0.00230313 0.02299775 0.08159201
v -0.00615021 0.02032641 0.08218671
v -0.00653844 0.02209363 0.08209410
v -0.00668827 0.02095870 0.07878661
v -0.00273151 0.02446087 0.08061316
v -0.00696682 0.02355675 0.08111525
v -0.00308525 0.02522784 0.07901035
v -0.00732056 0.02432372 0.07951244
v -0.00326957 0.02509316 0.07721306
v -0.00750488 0.02418904 0.07771514
v -0.00323507 0.02409292 0.07570286
v -0.00747039 0.02318879 0.07620495
v -0.00299101 0.02249512 0.07488441
v -0.00722632 0.02159099 0.07538651
v -0.00260278 0.02072789 0.07497703
v -0.00683809 0.01982377 0.07547912
v -0.00217440 0.01926477 0.07595588
v -0.00640971 0.01836065 0.07645797
v -0.00182066 0.01849780 0.07755869
v -0.00605597 0.01759368 0.07806078
v -0.00163634 0.01863248 0.07935598
v -0.00587166 0.01772836 0.07985808
v -0.00167084 0.01963273 0.08086618
v -0.00590615 0.01872860 0.08136827
v -0.00579880 0.01983187 0.08197865
v -0.00648138 0.02148964 0.08223991
v -0.00977494 0.01811559 0.08248074
v -0.01045752 0.01977336 0.08274201
v -0.01066441 0.01924241 0.07928871
v -0.00721939 0.02300515 0.08157587
v -0.01119553 0.02128886 0.08207796
v -0.00781509 0.02397231 0.08016444
v -0.01179123 0.02225602 0.08066653
v -0.00810886 0.02413197 0.07838383
v -0.01208500 0.02241569 0.07888592
v -0.00802199 0.02344136 0.07671114
v -0.01199812 0.02172508 0.07721324
v -0.00757774 0.02208553 0.07559457
v -0.01155388 0.02036924 0.07609666
v -0.00689516 0.02042776 0.07533331
v -0.01087130 0.01871147 0.07583540
v -0.00615714 0.01891225 0.07599735
v -0.01013328 0.01719596 0.07649945
v -0.00556144 0.01794509 0.07740878
v -0.00953758 0.01622880 0.07791087
v -0.00526767 0.01778542 0.07918939
v -0.00924381 0.01606914 0.07969148
v -0.00535455 0.01847603 0.08086208
v -0.00933069 0.01675975 0.08136417
v -0.00926049 0.01779402 0.08214898
v -0.01017278 0.01923765 0.08275400
v -0.01282338 0.01533208 0.08265107
v -0.01373566 0.01677571 0.08325609
v -0.01422729 0.01678047 0.07979079
v -0.01121679 0.02068256 0.08243050
v -0.01477968 0.01822062 0.08293258
v -0.01211280 0.02174158 0.08126514
v -0.01567568 0.01927964 0.08176724
v -0.01262071 0.02213095 0.07957021
v -0.01618359 0.01966901 0.08007231
v -0.01260442 0.02174634 0.07779985
v -0.01616731 0.01928440 0.07830194
v -0.01206832 0.02069080 0.07642842
v -0.01563120 0.01822886 0.07693052
v -0.01115603 0.01924717 0.07582340
v -0.01471892 0.01678523 0.07632550
v -0.01011202 0.01780227 0.07614692
v -0.01367491 0.01534032 0.07664900
v -0.00921602 0.01674325 0.07731226
v -0.01277890 0.01428130 0.07781435
v -0.00870811 0.01635388 0.07900719
v -0.01227099 0.01389193 0.07950928
v -0.00872439 0.01673849 0.08077756
v -0.01228727 0.01427654 0.08127965
v -0.01222488 0.01523285 0.08220848
v -0.01326696 0.01639052 0.08313380
v -0.01523645 0.01212065 0.08271057
v -0.01627853 0.01327832 0.08363590
v -0.01723886 0.01366827 0.08029289
v -0.01456637 0.01765268 0.08316337
v -0.01757794 0.01454048 0.08366547
v -0.01577492 0.01868113 0.08228926
v -0.01878649 0.01556894 0.08279135
v -0.01656878 0.01920030 0.08074569
v -0.01958035 0.01608811 0.08124778
v -0.01673525 0.01907108 0.07894626
v -0.01974682 0.01595889 0.07944834
v -0.01622971 0.01832809 0.07737311
v -0.01924128 0.01521590 0.07787520
v -0.01518762 0.01717042 0.07644778
v -0.01819919 0.01405822 0.07694988
v -0.01388822 0.01590826 0.07641822
v -0.01689979 0.01279606 0.07692031
v -0.01267967 0.01487981 0.07729233
v -0.01569124 0.01176761 0.07779442
v -0.01188580 0.01436063 0.07883590
v -0.01489737 0.01124844 0.07933799
v -0.01171934 0.01448986 0.08063534
v -0.01473091 0.01137766 0.08113743
v -0.01464575 0.01225898 0.08217429
v -0.01569781 0.01310277 0.08338407
v -0.01698930 0.00861712 0.08267638
v -0.01804136 0.00946092 0.08388615
v -0.01958241 0.01002642 0.08079498
v -0.01716279 0.01409809 0.08376556
v -0.01950634 0.01045624 0.08426765
v -0.01864816 0.01497824 0.08321656
v -0.02099171 0.01133639 0.08371865
v -0.01975590 0.01550739 0.08188416
v -0.02209945 0.01186554 0.08238626
v -0.02018921 0.01554374 0.08012538
v -0.02253276 0.01190189 0.08062748
v -0.01983197 0.01507757 0.07841149
v -0.02217552 0.01143572 0.07891358
v -0.01877991 0.01423378 0.07720171
v -0.02112346 0.01059192 0.07770380
v -0.01731493 0.01323845 0.07682021
v -0.01965848 0.00959660 0.07732230
v -0.01582956 0.01235830 0.07736921
v -0.01817312 0.00871645 0.07787131
v -0.01472182 0.01182916 0.07870162
v -0.01706537 0.00818731 0.07920370
v -0.01428851 0.01179280 0.08046039
v -0.01663207 0.00815095 0.08096248
v -0.01649709 0.00897178 0.08206719
v -0.01743777 0.00952195 0.08351454
v -0.01808181 0.00494140 0.08256928
v -0.01902249 0.00549157 0.08401663
v -0.02116713 0.00599604 0.08129707
v -0.01895310 0.01020730 0.08423318
v -0.02053782 0.00617692 0.08473527
v -0.02063705 0.01084418 0.08403056
v -0.02222177 0.00681380 0.08453266
v -0.02203842 0.01126194 0.08296097
v -0.02362314 0.00723156 0.08346307
v -0.02278170 0.01134865 0.08131100
v -0.02436642 0.00731826 0.08181310
v -0.02266773 0.01108106 0.07952277
v -0.02425245 0.00705068 0.08002486
v -0.02172706 0.01053089 0.07807542
v -0.02331178 0.00650051 0.07857751
v -0.02021173 0.00984554 0.07735678
v -0.02179645 0.00581516 0.07785887
v -0.01852777 0.00920866 0.07755940
v -0.02011249 0.00517828 0.07806148
v -0.01712641 0.00879090 0.07862899
v -0.01871113 0.00476052 0.07913108
v -0.01638312 0.00870420 0.08027896
v -0.01796784 0.00467382 0.08078104
v -0.01776364 0.00545794 0.08191080
v -0.01848867 0.00577983 0.08353963
v -0.01852812 0.00119521 0.08241288
v -0.01925315 0.00151709 0.08404172
v -0.02193161 0.00173331 0.08179916
v -0.01993139 0.00615964 0.08456757
v -0.02069587 0.00189691 0.08506966
v -0.02170523 0.00649562 0.08471919
v -0.02246971 0.00223289 0.08522128
v -0.02333489 0.00669774 0.08395385
v -0.02409937 0.00243501 0.08445594
v -0.02438370 0.00671184 0.08247663
v -0.02514818 0.00244910 0.08297872
v -0.02457063 0.00653414 0.08068335
v -0.02533511 0.00227140 0.08118544
v -0.02384560 0.00621225 0.07905451
v -0.02461008 0.00194952 0.07955661
v -0.02240288 0.00583244 0.07802657
v -0.02316736 0.00156971 0.07852867
v -0.02062904 0.00549646 0.07787496
v -0.02139352 0.00123373 0.07837705
v -0.01899938 0.00529434 0.07864030
v -0.01976386 0.00103161 0.07914238
v -0.01795057 0.00528024 0.08011752
v -0.01871505 0.00101751 0.08061960
v -0.01843282 0.00179435 0.08173062
v -0.01887104 0.00198832 0.08347782
v -0.01834743 -0.00253555 0.08223271
v -0.01878566 -0.00234158 0.08397991
v -0.02184623 -0.00259659 0.08230125
v -0.02012935 0.00211395 0.08477522
v -0.02004396 -0.00221595 0.08527732
v -0.02187057 0.00213759 0.08527520
v -0.02178518 -0.00219231 0.08577729
v -0.02362814 0.00205290 0.08484377
v -0.02354276 -0.00227700 0.08534586
v -0.02493114 0.00188258 0.08359654
v -0.02484575 -0.00244732 0.08409864
v -0.02543041 0.00167226 0.08186771
v -0.02534503 -0.00265764 0.08236980
v -0.02499218 0.00147830 0.08012051
v -0.02490680 -0.00285160 0.08062260
v -0.02373388 0.00135267 0.07882310
v -0.02364849 -0.00297723 0.07932519
v -0.02199266 0.00132902 0.07832313
v -0.02190728 -0.00300087 0.07882522
v -0.02023508 0.00141371 0.07875455
v -0.02014970 -0.00291619 0.07925665
v -0.01893209 0.00158403 0.08000178
v -0.01884671 -0.00274587 0.08050387
v -0.01848964 -0.00194577 0.08155309
v -0.01861393 -0.00175972 0.08335096
v -0.01755770 -0.00617505 0.08205519
v -0.01768199 -0.00598900 0.08385305
v -0.02091429 -0.00682587 0.08280335
v -0.01960431 -0.00179791 0.08486756
v -0.01867237 -0.00602719 0.08536965
v -0.02119541 -0.00205010 0.08569651
v -0.02026347 -0.00627938 0.08619861
v -0.02296090 -0.00244873 0.08561572
v -0.02202896 -0.00667801 0.08611781
v -0.02442771 -0.00288697 0.08464681
v -0.02349577 -0.00711625 0.08514890
v -0.02520282 -0.00324741 0.08304942
v -0.02427088 -0.00747669 0.08355150
v -0.02507853 -0.00343346 0.08125155
v -0.02414659 -0.00766274 0.08175364
v -0.02408815 -0.00339527 0.07973495
v -0.02315621 -0.00762455 0.08023705
v -0.02249705 -0.00314308 0.07890600
v -0.02156511 -0.00737236 0.07940809
v -0.02073156 -0.00274446 0.07898679
v -0.01979962 -0.00697374 0.07948889
v -0.01926475 -0.00230621 0.07995570
v -0.01833281 -0.00653549 0.08045779
v -0.01791558 -0.00568518 0.08140457
v -0.01774699 -0.00538582 0.08318342
v -0.01617320 -0.00964995 0.08190665
v -0.01600461 -0.00935059 0.08368552
v -0.01917191 -0.01079064 0.08330544
v -0.01842707 -0.00547232 0.08486044
v -0.01668469 -0.00943709 0.08536253
v -0.01977360 -0.00592150 0.08598626
v -0.01803122 -0.00988627 0.08648835
v -0.02142578 -0.00661301 0.08625922
v -0.01968339 -0.01057778 0.08676131
v -0.02294090 -0.00736155 0.08560619
v -0.02119852 -0.01132632 0.08610827
v -0.02391299 -0.00796656 0.08420213
v -0.02217061 -0.01193133 0.08470422
v -0.02408159 -0.00826592 0.08242327
v -0.02233921 -0.01223070 0.08292536
v -0.02340151 -0.00817943 0.08074626
v -0.02165913 -0.01214420 0.08124834
v -0.02205498 -0.00773024 0.07962044
v -0.02031260 -0.01169502 0.08012252
v -0.02040280 -0.00703874 0.07934747
v -0.01866042 -0.01100351 0.07984956
v -0.01888768 -0.00629019 0.08000051
v -0.01714530 -0.01025496 0.08050260
v -0.01669183 -0.00933518 0.08131024
v -0.01629636 -0.00881868 0.08300116
v -0.01420652 -0.01288181 0.08181233
v -0.01381106 -0.01236530 0.08350325
v -0.01668660 -0.01433727 0.08380753
v -0.01667140 -0.00883056 0.08477361
v -0.01418609 -0.01237719 0.08527570
v -0.01771644 -0.00936765 0.08615267
v -0.01523114 -0.01291427 0.08665476
v -0.01915148 -0.01028602 0.08676881
v -0.01666617 -0.01383265 0.08727090
v -0.02059199 -0.01133961 0.08645695
v -0.01810668 -0.01488624 0.08695904
v -0.02165199 -0.01224611 0.08530064
v -0.01916668 -0.01579273 0.08580273
v -0.02204745 -0.01276261 0.08360972
v -0.01956215 -0.01630924 0.08411181
v -0.02167242 -0.01275073 0.08183727
v -0.01918711 -0.01629736 0.08233936
v -0.02062737 -0.01221364 0.08045821
v -0.01814207 -0.01576027 0.08096030
v -0.01919233 -0.01129526 0.07984207
v -0.01670703 -0.01484189 0.08034416
v -0.01775183 -0.01024167 0.08015393
v -0.01526652 -0.01378830 0.08065602
v -0.01480628 -0.01279045 0.08129323
v -0.01428478 -0.01198631 0.08283069
v -0.01167435 -0.01578150 0.08179532
v -0.01115286 -0.01497736 0.08333278
v -0.01355468 -0.01732832 0.08430962
v -0.01440685 -0.01181210 0.08462989
v -0.01127493 -0.01480315 0.08513198
v -0.01513978 -0.01231452 0.08620874
v -0.01200786 -0.01530557 0.08671083
v -0.01628718 -0.01335893 0.08714419
v -0.01315525 -0.01634998 0.08764628
v -0.01754160 -0.01466548 0.08718558
v -0.01440968 -0.01765653 0.08768768
v -0.01856693 -0.01588409 0.08632183
v -0.01543500 -0.01887514 0.08682393
v -0.01908842 -0.01668824 0.08478437
v -0.01595650 -0.01967929 0.08528647
v -0.01896635 -0.01686244 0.08298518
v -0.01583443 -0.01985349 0.08348726
v -0.01823342 -0.01636003 0.08140633
v -0.01510150 -0.01935107 0.08190841
v -0.01708603 -0.01531562 0.08047087
v -0.01395410 -0.01830667 0.08097296
v -0.01583160 -0.01400906 0.08042948
v -0.01269968 -0.01700011 0.08093157
v -0.01226318 -0.01592758 0.08137365
v -0.01173584 -0.01480945 0.08269807
v -0.00860600 -0.01824714 0.08187574
v -0.00807866 -0.01712902 0.08320016
v -0.00989750 -0.01964789 0.08481172
v -0.01169585 -0.01436626 0.08445430
v -0.00803867 -0.01668582 0.08495639
v -0.01215394 -0.01471674 0.08617177
v -0.00849676 -0.01703631 0.08667386
v -0.01298735 -0.01576700 0.08739027
v -0.00933017 -0.01808656 0.08789237
v -0.01397278 -0.01723561 0.08778332
v -0.01031560 -0.01955518 0.08828542
v -0.01484618 -0.01872906 0.08724560
v -0.01118900 -0.02104863 0.08774769
v -0.01537352 -0.01984719 0.08592118
v -0.01171635 -0.02216675 0.08642327
v -0.01541351 -0.02029039 0.08416495
v -0.01175633 -0.02260995 0.08466704
v -0.01495542 -0.01993990 0.08244748
v -0.01129824 -0.02225946 0.08294957
v -0.01412201 -0.01888964 0.08122897
v -0.01046483 -0.02120921 0.08173107
v -0.01313658 -0.01742103 0.08083592
v -0.00947940 -0.01974060 0.08133802
v -0.00909351 -0.01860824 0.08156784
v -0.00868140 -0.01719798 0.08262789
v -0.00505280 -0.02016644 0.08206993
v -0.00464069 -0.01875618 0.08312999
v -0.00585679 -0.02120608 0.08531380
v -0.00859515 -0.01644417 0.08427311
v -0.00455444 -0.01800237 0.08477519
v -0.00885786 -0.01654880 0.08606263
v -0.00481715 -0.01810700 0.08656473
v -0.00939914 -0.01748382 0.08751698
v -0.00535843 -0.01904202 0.08801907
v -0.01007396 -0.01899870 0.08824646
v -0.00603325 -0.02055690 0.08874854
v -0.01070150 -0.02068753 0.08805559
v -0.00666079 -0.02224573 0.08855768
v -0.01111360 -0.02209779 0.08699553
v -0.00707289 -0.02365599 0.08749763
v -0.01119986 -0.02285160 0.08535033
v -0.00715915 -0.02440980 0.08585242
v -0.01093715 -0.02274697 0.08356079
v -0.00689644 -0.02430517 0.08406289
v -0.01039587 -0.02181195 0.08210645
v -0.00635516 -0.02337015 0.08260854
v -0.00972105 -0.02029707 0.08137698
v -0.00568034 -0.02185527 0.08187907
v -0.00536416 -0.02068712 0.08188773
v -0.00517068 -0.01905143 0.08264235
v -0.00109649 -0.02142357 0.08238982
v -0.00090301 -0.01978787 0.08314444
v -0.00158913 -0.02194253 0.08581590
v -0.00516104 -0.01799307 0.08411278
v -0.00089337 -0.01872952 0.08461487
v -0.00533783 -0.01779564 0.08590502
v -0.00107016 -0.01853209 0.08640712
v -0.00565367 -0.01851203 0.08753885
v -0.00138601 -0.01924848 0.08804095
v -0.00602394 -0.01995030 0.08857649
v -0.00175628 -0.02068675 0.08907858
v -0.00634943 -0.02172505 0.08873988
v -0.00208176 -0.02246150 0.08924197
v -0.00654291 -0.02336074 0.08798526
v -0.00227524 -0.02409719 0.08848736
v -0.00655255 -0.02441910 0.08651483
v -0.00228488 -0.02515555 0.08701693
v -0.00637576 -0.02461653 0.08472259
v -0.00210809 -0.02535298 0.08522468
v -0.00605991 -0.02390013 0.08308876
v -0.00179225 -0.02463658 0.08359085
v -0.00568964 -0.02246187 0.08205113
v -0.00142198 -0.02319832 0.08255322
v -0.00118391 -0.02202391 0.08234039
v -0.00127889 -0.02026408 0.08276033
v 0.00314533 -0.02191007 0.08284248
v 0.00305036 -0.02015024 0.08326241
v 0.00274012 -0.02182869 0.08631799
v -0.00145700 -0.01895398 0.08399900
v 0.00287225 -0.01884015 0.08450109
v -0.00167051 -0.01844467 0.08572451
v 0.00265874 -0.01833083 0.08622660
v -0.00186221 -0.01887261 0.08747451
v 0.00246703 -0.01875877 0.08797660
v -0.00198075 -0.02012312 0.08878008
v 0.00234850 -0.02000928 0.08928218
v -0.00199435 -0.02186115 0.08929141
v 0.00233490 -0.02174731 0.08979350
v -0.00189937 -0.02362099 0.08887148
v 0.00242988 -0.02350714 0.08937357
v -0.00172126 -0.02493108 0.08763281
v 0.00260798 -0.02481724 0.08813489
v -0.00150775 -0.02544039 0.08590729
v 0.00282150 -0.02532655 0.08640938
v -0.00131604 -0.02501246 0.08415729
v 0.00301320 -0.02489862 0.08465938
v -0.00119751 -0.02376194 0.08285172
v 0.00313174 -0.02364810 0.08335380
v 0.00329528 -0.02249792 0.08292773
v 0.00288629 -0.02073431 0.08299670
v 0.00751834 -0.02153821 0.08342981
v 0.00710935 -0.01977459 0.08349880
v 0.00696318 -0.02086898 0.08682008
v 0.00243813 -0.01926393 0.08395562
v 0.00666119 -0.01830421 0.08445771
v 0.00207089 -0.01848078 0.08554754
v 0.00629395 -0.01752106 0.08604962
v 0.00188296 -0.01859470 0.08734589
v 0.00610603 -0.01763498 0.08784798
v 0.00192471 -0.01957516 0.08886882
v 0.00614778 -0.01861545 0.08937091
v 0.00218495 -0.02115946 0.08970826
v 0.00640801 -0.02019974 0.09021036
v 0.00259394 -0.02292308 0.08963928
v 0.00681701 -0.02196336 0.09014137
v 0.00304210 -0.02439345 0.08868036
v 0.00726517 -0.02343374 0.08918245
v 0.00340935 -0.02517661 0.08708845
v 0.00763241 -0.02421689 0.08759055
v 0.00359727 -0.02506268 0.08529010
v 0.00782033 -0.02410297 0.08579218
v 0.00355552 -0.02408222 0.08376716
v 0.00777858 -0.02312250 0.08426926
v 0.00788264 -0.02202333 0.08364643
v 0.00718227 -0.02037686 0.08336178
v 0.01183587 -0.02025493 0.08414853
v 0.01113551 -0.01860846 0.08386388
v 0.01091641 -0.01910057 0.08732218
v 0.00642321 -0.01886226 0.08400378
v 0.01037644 -0.01709386 0.08450588
v 0.00580882 -0.01788535 0.08540041
v 0.00976206 -0.01611695 0.08590250
v 0.00550375 -0.01770790 0.08717744
v 0.00945698 -0.01593950 0.08767953
v 0.00558973 -0.01837746 0.08885871
v 0.00954296 -0.01660906 0.08936080
v 0.00604372 -0.01971462 0.08999374
v 0.00999696 -0.01794622 0.09049582
v 0.00674408 -0.02136108 0.09027838
v 0.01069732 -0.01959268 0.09078047
v 0.00750315 -0.02287569 0.08963638
v 0.01145639 -0.02110729 0.09013847
v 0.00811753 -0.02385260 0.08823975
v 0.01207077 -0.02208420 0.08874185
v 0.00842261 -0.02403004 0.08646273
v 0.01237584 -0.02226164 0.08696482
v 0.00833663 -0.02336049 0.08478145
v 0.01228986 -0.02159208 0.08528355
v 0.01235859 -0.02056286 0.08448812
v 0.01143423 -0.01913650 0.08386088
v 0.01588881 -0.01805430 0.08499022
v 0.01496445 -0.01662794 0.08436297
v 0.01444663 -0.01659201 0.08782427
v 0.01037113 -0.01770051 0.08416109
v 0.01390134 -0.01519195 0.08466318
v 0.00945413 -0.01663967 0.08530831
v 0.01298435 -0.01413111 0.08581040
v 0.00892895 -0.01623823 0.08699514
v 0.01245917 -0.01372966 0.08749723
v 0.00893631 -0.01660375 0.08876960
v 0.01246653 -0.01409518 0.08927169
v 0.00947424 -0.01763829 0.09015623
v 0.01300446 -0.01512973 0.09065832
v 0.01039860 -0.01906465 0.09078347
v 0.01392881 -0.01655609 0.09128556
v 0.01146170 -0.02050064 0.09048326
v 0.01499192 -0.01799208 0.09098536
v 0.01237870 -0.02156148 0.08933605
v 0.01590892 -0.01905292 0.08983814
v 0.01290388 -0.02196292 0.08764921
v 0.01643409 -0.01945436 0.08815131
v 0.01289652 -0.02159740 0.08587475
v 0.01642673 -0.01908884 0.08637684
v 0.01648971 -0.01813776 0.08543964
v 0.01544311 -0.01700067 0.08449410
v 0.01946011 -0.01498625 0.08594172
v 0.01841351 -0.01384916 0.08499619
v 0.01741703 -0.01344050 0.08832636
v 0.01412951 -0.01575408 0.08444088
v 0.01709991 -0.01260257 0.08494297
v 0.01290088 -0.01473201 0.08529424
v 0.01587128 -0.01158050 0.08579633
v 0.01208643 -0.01420833 0.08682551
v 0.01505683 -0.01105682 0.08732761
v 0.01190440 -0.01432335 0.08862440
v 0.01487480 -0.01117184 0.08912650
v 0.01240355 -0.01504626 0.09020890
v 0.01537395 -0.01189475 0.09071099
v 0.01345015 -0.01618335 0.09115443
v 0.01642055 -0.01303184 0.09165653
v 0.01476375 -0.01742994 0.09120765
v 0.01773415 -0.01427843 0.09170975
v 0.01599238 -0.01845201 0.09035430
v 0.01896279 -0.01530050 0.09085639
v 0.01680683 -0.01897569 0.08882302
v 0.01977723 -0.01582418 0.08932512
v 0.01698887 -0.01886067 0.08702413
v 0.01995927 -0.01570916 0.08752622
v 0.02004697 -0.01483244 0.08648355
v 0.01899865 -0.01400939 0.08525637
v 0.02234245 -0.01116010 0.08698565
v 0.02129413 -0.01033704 0.08575846
v 0.01971251 -0.00976816 0.08882845
v 0.01752654 -0.01303389 0.08485179
v 0.01982202 -0.00936155 0.08535387
v 0.01602509 -0.01216735 0.08537821
v 0.01832057 -0.00849501 0.08588030
v 0.01489661 -0.01164195 0.08669459
v 0.01719208 -0.00796961 0.08719669
v 0.01444347 -0.01159847 0.08844820
v 0.01673895 -0.00792612 0.08895029
v 0.01478710 -0.01204855 0.09016917
v 0.01708258 -0.00837621 0.09067126
v 0.01583542 -0.01287161 0.09139635
v 0.01813089 -0.00919927 0.09189844
v 0.01730753 -0.01384710 0.09180094
v 0.01960300 -0.01017476 0.09230303
v 0.01880898 -0.01471364 0.09127451
v 0.02110446 -0.01104130 0.09177660
v 0.01993746 -0.01523905 0.08995813
v 0.02223294 -0.01156671 0.09046022
v 0.02039059 -0.01528253 0.08820452
v 0.02268607 -0.01161019 0.08870661
v 0.02282516 -0.01079263 0.08759888
v 0.02189591 -0.01026016 0.08613760
v 0.02435677 -0.00674177 0.08810097
v 0.02342752 -0.00620930 0.08663969
v 0.02124412 -0.00571729 0.08933055
v 0.02038162 -0.00959586 0.08539733
v 0.02191322 -0.00554500 0.08589942
v 0.01868804 -0.00897773 0.08557642
v 0.02021964 -0.00492687 0.08607852
v 0.01726897 -0.00857139 0.08662690
v 0.01880057 -0.00452053 0.08712899
v 0.01650464 -0.00848572 0.08826728
v 0.01803624 -0.00443486 0.08876937
v 0.01659986 -0.00874368 0.09005802
v 0.01813146 -0.00469282 0.09056012
v 0.01752911 -0.00927615 0.09151930
v 0.01906072 -0.00522529 0.09202140
v 0.01904340 -0.00994045 0.09225958
v 0.02057501 -0.00588959 0.09276167
v 0.02073698 -0.01055858 0.09208048
v 0.02226859 -0.00650772 0.09258257
v 0.02215606 -0.01096492 0.09103000
v 0.02368766 -0.00691406 0.09153210
v 0.02292039 -0.01105059 0.08938962
v 0.02445199 -0.00699973 0.08989172
v 0.02466126 -0.00621704 0.08876186
v 0.02395358 -0.00590711 0.08712310
v 0.02536964 -0.00194462 0.08926395
v 0.02466196 -0.00163470 0.08762519
v 0.02195250 -0.00144488 0.08983263
v 0.02251990 -0.00554633 0.08607583
v 0.02322828 -0.00127392 0.08657792
v 0.02074437 -0.00523135 0.08590066
v 0.02145276 -0.00095894 0.08640275
v 0.01910276 -0.00504659 0.08664452
v 0.01981114 -0.00077417 0.08714661
v 0.01803492 -0.00504153 0.08810810
v 0.01874330 -0.00076912 0.08861019
v 0.01782698 -0.00521755 0.08989923
v 0.01853536 -0.00094514 0.09040132
v 0.01853466 -0.00552747 0.09153799
v 0.01924304 -0.00125506 0.09204008
v 0.01996834 -0.00588826 0.09258526
v 0.02067672 -0.00161584 0.09308735
v 0.02174386 -0.00620323 0.09276043
v 0.02245224 -0.00193082 0.09326252
v 0.02338548 -0.00638800 0.09201657
v 0.02409386 -0.00211559 0.09251866
v 0.02445332 -0.00639305 0.09055299
v 0.02516170 -0.00212064 0.09105508
v 0.02544916 -0.00134318 0.08994687
v 0.02503154 -0.00115360 0.08819415
v 0.02530687 0.00298522 0.09044896
v 0.02488925 0.00317481 0.08869623
v 0.02181021 0.00288352 0.09033473
v 0.02378890 -0.00104206 0.08688045
v 0.02364661 0.00328634 0.08738255
v 0.02205420 -0.00103846 0.08635780
v 0.02191191 0.00328994 0.08685989
v 0.02029224 -0.00114376 0.08676623
v 0.02014996 0.00318465 0.08726832
v 0.01897516 -0.00132974 0.08799629
v 0.01883287 0.00299866 0.08849838
v 0.01845584 -0.00154658 0.08971841
v 0.01831355 0.00278182 0.09022050
v 0.01887346 -0.00173616 0.09147113
v 0.01873117 0.00259224 0.09197322
v 0.02011610 -0.00184770 0.09278481
v 0.01997381 0.00248070 0.09328691
v 0.02185080 -0.00185130 0.09330747
v 0.02170851 0.00247710 0.09380956
v 0.02361276 -0.00174600 0.09289905
v 0.02347047 0.00258240 0.09340114
v 0.02492985 -0.00156002 0.09166898
v 0.02478756 0.00276838 0.09217107
v 0.02514921 0.00357105 0.09112746
v 0.02504563 0.00376098 0.08932868
v 0.02416176 0.00778771 0.09162954
v 0.02405818 0.00797764 0.08983077
v 0.02082276 0.00710019 0.09083682
v 0.02407512 0.00371580 0.08779948
v 0.02308767 0.00793246 0.08830157
v 0.02249774 0.00344760 0.08694959
v 0.02151029 0.00766427 0.08745169
v 0.02073613 0.00302827 0.08700676
v 0.01974868 0.00724493 0.08750885
v 0.01926232 0.00257015 0.08795565
v 0.01827487 0.00678681 0.08845773
v 0.01847121 0.00219599 0.08954200
v 0.01748377 0.00641266 0.09004410
v 0.01857479 0.00200606 0.09134077
v 0.01758734 0.00622273 0.09184287
v 0.01954530 0.00205125 0.09286997
v 0.01855785 0.00626791 0.09337207
v 0.02112268 0.00231944 0.09371986
v 0.02013523 0.00653610 0.09422195
v 0.02288429 0.00273878 0.09366270
v 0.02189684 0.00695544 0.09416479
v 0.02435810 0.00319690 0.09271381
v 0.02337065 0.00741356 0.09321591
v 0.02379112 0.00826801 0.09227732
v 0.02397735 0.00857891 0.09050220
v 0.02199677 0.01220954 0.09277941
v 0.02218300 0.01252044 0.09100430
v 0.01902841 0.01104171 0.09133891
v 0.02331830 0.00849359 0.08881675
v 0.02152396 0.01243511 0.08931884
v 0.02199058 0.00803491 0.08767257
v 0.02019624 0.01197643 0.08817466
v 0.02034994 0.00732577 0.08737625
v 0.01855560 0.01126729 0.08787834
v 0.01883600 0.00655618 0.08800719
v 0.01704165 0.01049771 0.08850928
v 0.01785440 0.00593236 0.08939632
v 0.01606005 0.00987389 0.08989841
v 0.01766817 0.00562146 0.09117144
v 0.01587383 0.00956299 0.09167353
v 0.01832722 0.00570678 0.09285689
v 0.01653287 0.00964831 0.09335899
v 0.01965494 0.00616547 0.09400107
v 0.01786059 0.01010699 0.09450316
v 0.02129558 0.00687461 0.09429739
v 0.01950123 0.01081613 0.09479948
v 0.02280952 0.00764419 0.09366646
v 0.02101518 0.01158572 0.09416854
v 0.02147005 0.01251057 0.09337136
v 0.02187736 0.01304450 0.09168869
v 0.01893834 0.01602422 0.09387346
v 0.01934565 0.01655815 0.09219078
v 0.01649670 0.01455537 0.09184100
v 0.02152130 0.01304178 0.08991230
v 0.01898959 0.01655544 0.09041438
v 0.02049727 0.01250315 0.08851816
v 0.01796556 0.01601681 0.08902024
v 0.01907966 0.01157293 0.08787984
v 0.01654795 0.01508658 0.08838193
v 0.01764832 0.01050037 0.08816838
v 0.01511661 0.01401402 0.08867047
v 0.01658677 0.00957286 0.08930646
v 0.01405506 0.01308651 0.08980855
v 0.01617946 0.00903893 0.09098914
v 0.01364776 0.01255258 0.09149123
v 0.01653553 0.00904164 0.09276553
v 0.01400382 0.01255530 0.09326763
v 0.01755956 0.00958028 0.09415967
v 0.01502785 0.01309393 0.09466176
v 0.01897717 0.01051050 0.09479798
v 0.01644546 0.01402415 0.09530008
v 0.02040851 0.01158306 0.09450945
v 0.01787680 0.01509671 0.09501154
v 0.01833639 0.01609978 0.09438665
v 0.01886213 0.01692457 0.09286162
v 0.01516543 0.01904941 0.09488875
v 0.01569116 0.01987419 0.09336372
v 0.01332574 0.01750499 0.09234310
v 0.01875405 0.01711452 0.09106312
v 0.01558308 0.02006415 0.09156521
v 0.01804112 0.01661876 0.08947305
v 0.01487015 0.01956838 0.08997514
v 0.01691436 0.01557011 0.08851747
v 0.01374340 0.01851973 0.08901957
v 0.01567570 0.01424956 0.08845243
v 0.01250473 0.01719918 0.08895452
v 0.01465702 0.01301095 0.08929536
v 0.01148605 0.01596058 0.08979744
v 0.01413128 0.01218617 0.09082039
v 0.01096031 0.01513579 0.09132247
v 0.01423936 0.01199621 0.09261889
v 0.01106839 0.01494584 0.09312098
v 0.01495229 0.01249198 0.09420896
v 0.01178132 0.01544160 0.09471105
v 0.01607905 0.01354063 0.09516454
v 0.01290808 0.01649025 0.09566662
v 0.01731771 0.01486118 0.09522957
v 0.01414675 0.01781080 0.09573167
v 0.01458065 0.01888790 0.09530330
v 0.01510397 0.02002671 0.09399500
v 0.01089330 0.02115919 0.09580538
v 0.01141663 0.02229800 0.09449710
v 0.00963839 0.01977628 0.09284519
v 0.01515082 0.02048983 0.09224409
v 0.01146348 0.02276112 0.09274618
v 0.01470865 0.02015316 0.09051970
v 0.01102130 0.02242446 0.09102180
v 0.01389592 0.01910692 0.08928389
v 0.01020857 0.02137822 0.08978599
v 0.01293041 0.01763144 0.08886779
v 0.00924306 0.01990274 0.08936989
v 0.01207083 0.01612208 0.08938290
v 0.00838348 0.01839338 0.08988499
v 0.01154750 0.01498327 0.09069119
v 0.00786015 0.01725457 0.09119328
v 0.01150065 0.01452015 0.09244210
v 0.00781330 0.01679145 0.09294419
v 0.01194283 0.01485682 0.09416649
v 0.00825548 0.01712811 0.09466858
v 0.01275556 0.01590306 0.09540230
v 0.00906821 0.01817436 0.09590439
v 0.01372107 0.01737854 0.09581840
v 0.01003372 0.01964983 0.09632049
v 0.01041545 0.02078541 0.09610523
v 0.01081590 0.02221322 0.09506438
v 0.00635461 0.02229036 0.09660732
v 0.00675506 0.02371817 0.09556647
v 0.00557755 0.02128123 0.09334728
v 0.01090084 0.02298806 0.09342890
v 0.00684000 0.02449301 0.09393099
v 0.01064751 0.02290230 0.09163702
v 0.00658667 0.02440725 0.09213911
v 0.01012378 0.02197894 0.09016886
v 0.00606294 0.02348389 0.09067095
v 0.00947000 0.02046537 0.08941783
v 0.00540915 0.02197032 0.08991992
v 0.00886133 0.01876716 0.08958515
v 0.00480049 0.02027211 0.09008724
v 0.00846087 0.01733935 0.09062600
v 0.00440003 0.01884430 0.09112809
v 0.00837593 0.01656451 0.09226148
v 0.00431509 0.01806946 0.09276357
v 0.00862927 0.01665027 0.09405336
v 0.00456842 0.01815522 0.09455545
v 0.00915299 0.01757363 0.09552152
v 0.00509215 0.01907858 0.09602360
v 0.00980678 0.01908720 0.09627255
v 0.00574594 0.02059215 0.09677465
v 0.00605704 0.02176167 0.09678083
v 0.00623302 0.02340910 0.09604775
v 0.00178007 0.02244196 0.09728292
v 0.00195604 0.02408938 0.09654985
v 0.00130057 0.02196152 0.09384938
v 0.00623336 0.02448636 0.09459109
v 0.00195639 0.02516665 0.09509318
v 0.00605798 0.02470482 0.09280115
v 0.00178101 0.02538511 0.09330324
v 0.00575387 0.02400593 0.09115754
v 0.00147689 0.02468622 0.09165963
v 0.00540251 0.02257696 0.09010067
v 0.00112553 0.02325724 0.09060276
v 0.00509805 0.02080080 0.08991373
v 0.00082107 0.02148109 0.09041582
v 0.00492207 0.01915337 0.09064680
v 0.00064510 0.01983366 0.09114890
v 0.00492173 0.01807611 0.09210347
v 0.00064475 0.01875640 0.09260556
v 0.00509711 0.01785765 0.09389342
v 0.00082013 0.01853794 0.09439550
v 0.00540122 0.01855654 0.09553702
v 0.00112425 0.01923683 0.09603912
v 0.00575258 0.01998551 0.09659389
v 0.00147561 0.02066580 0.09709598
v 0.00170846 0.02183953 0.09732338
v 0.00159282 0.02360346 0.09692649
v -0.00261891 0.02166879 0.09782548
v -0.00273456 0.02343273 0.09742858
v -0.00302680 0.02179079 0.09435146
v 0.00139886 0.02492744 0.09570508
v -0.00292851 0.02475671 0.09620717
v 0.00117857 0.02545671 0.09398644
v -0.00314880 0.02528597 0.09448853
v 0.00099097 0.02504944 0.09223107
v -0.00333640 0.02487871 0.09273316
v 0.00088633 0.02381477 0.09090932
v -0.00344105 0.02364404 0.09141142
v 0.00089268 0.02208352 0.09037536
v -0.00343470 0.02191279 0.09087746
v 0.00100832 0.02031958 0.09077226
v -0.00331905 0.02014885 0.09127435
v 0.00120228 0.01899560 0.09199367
v -0.00312510 0.01882487 0.09249575
v 0.00142257 0.01846634 0.09371231
v -0.00290481 0.01829560 0.09421440
v 0.00161017 0.01887360 0.09546767
v -0.00271720 0.01870287 0.09596977
v 0.00171481 0.02010828 0.09678942
v -0.00261256 0.01993754 0.09729151
v -0.00245356 0.02108508 0.09773131
v -0.00288322 0.02284455 0.09768598
v -0.00666365 0.02006994 0.09823340
v -0.00709330 0.02182941 0.09818806
v -0.00723689 0.02077565 0.09485356
v -0.00335134 0.02432166 0.09674716
v -0.00756143 0.02330652 0.09724925
v -0.00373251 0.02512063 0.09516642
v -0.00794259 0.02410549 0.09566851
v -0.00392458 0.02502737 0.09336731
v -0.00813467 0.02401222 0.09386940
v -0.00387610 0.02406687 0.09183191
v -0.00808618 0.02305172 0.09233400
v -0.00360004 0.02249649 0.09097162
v -0.00781013 0.02148135 0.09147371
v -0.00317039 0.02073703 0.09101696
v -0.00738047 0.01972189 0.09151904
v -0.00270226 0.01925992 0.09195577
v -0.00691235 0.01824477 0.09245786
v -0.00232110 0.01846095 0.09353651
v -0.00653118 0.01744581 0.09403860
v -0.00212902 0.01855421 0.09533562
v -0.00633911 0.01753907 0.09583771
v -0.00217751 0.01951471 0.09687102
v -0.00638759 0.01849957 0.09737311
v -0.00628673 0.01959456 0.09800828
v -0.00700457 0.02122926 0.09831625
v -0.01021638 0.01777435 0.09851036
v -0.01093422 0.01940904 0.09881835
v -0.01116654 0.01895543 0.09535564
v -0.00778466 0.02274241 0.09769641
v -0.01171431 0.02092220 0.09819850
v -0.00841797 0.02372857 0.09631482
v -0.01234762 0.02190836 0.09681691
v -0.00873482 0.02392349 0.09454169
v -0.01266447 0.02210328 0.09504378
v -0.00865029 0.02327496 0.09285212
v -0.01257994 0.02145475 0.09335422
v -0.00818704 0.02195673 0.09169884
v -0.01211669 0.02013652 0.09220093
v -0.00746920 0.02032204 0.09139086
v -0.01139885 0.01850182 0.09189295
v -0.00668911 0.01880888 0.09201071
v -0.01061876 0.01698867 0.09251280
v -0.00605580 0.01782273 0.09339229
v -0.00998545 0.01600251 0.09389438
v -0.00573896 0.01762780 0.09516542
v -0.00966861 0.01580759 0.09566752
v -0.00582348 0.01827634 0.09685499
v -0.00975313 0.01645612 0.09735708
v -0.00968575 0.01748027 0.09816299
v -0.01062172 0.01888905 0.09881235
v -0.01318269 0.01492552 0.09866508
v -0.01411866 0.01633430 0.09931444
v -0.01466347 0.01640069 0.09585774
v -0.01170368 0.02031561 0.09853549
v -0.01520061 0.01776087 0.09903758
v -0.01264171 0.02137772 0.09740660
v -0.01613864 0.01882298 0.09790869
v -0.01318446 0.02179078 0.09572815
v -0.01668140 0.01923604 0.09623025
v -0.01318652 0.02144411 0.09394990
v -0.01668346 0.01888937 0.09445199
v -0.01264732 0.02043060 0.09254831
v -0.01614426 0.01787586 0.09305041
v -0.01171135 0.01902182 0.09189895
v -0.01520829 0.01646708 0.09240104
v -0.01062940 0.01759525 0.09217580
v -0.01412634 0.01504051 0.09267790
v -0.00969137 0.01653314 0.09330470
v -0.01318831 0.01397840 0.09380680
v -0.00914861 0.01612008 0.09498315
v -0.01264555 0.01356534 0.09548523
v -0.00914655 0.01646676 0.09676140
v -0.01264349 0.01391201 0.09726349
v -0.01257979 0.01485787 0.09820891
v -0.01363036 0.01597427 0.09917449
v -0.01550851 0.01166759 0.09871101
v -0.01655908 0.01278399 0.09967659
v -0.01759219 0.01321040 0.09635983
v -0.01495775 0.01720493 0.09925135
v -0.01788647 0.01401464 0.09975345
v -0.01620629 0.01822008 0.09841890
v -0.01913501 0.01502980 0.09892099
v -0.01704143 0.01874774 0.09690018
v -0.01997015 0.01555745 0.09740227
v -0.01723940 0.01864650 0.09510215
v -0.02016812 0.01545621 0.09560423
v -0.01674715 0.01794350 0.09350657
v -0.01967588 0.01475321 0.09400866
v -0.01569659 0.01682710 0.09254099
v -0.01862531 0.01363682 0.09304308
v -0.01436920 0.01559645 0.09246413
v -0.01729792 0.01240616 0.09296622
v -0.01312066 0.01458129 0.09329659
v -0.01604938 0.01139100 0.09379867
v -0.01228552 0.01405363 0.09481530
v -0.01521424 0.01086335 0.09531739
v -0.01208755 0.01415487 0.09661334
v -0.01501627 0.01096459 0.09711543
v -0.01492591 0.01183677 0.09816373
v -0.01596994 0.01263920 0.09940811
v -0.01717292 0.00813457 0.09866582
v -0.01821695 0.00893700 0.09991021
v -0.01983920 0.00950820 0.09686192
v -0.01744865 0.01359468 0.09983571
v -0.01969566 0.00989248 0.10033780
v -0.01896583 0.01444719 0.09933195
v -0.02121284 0.01074500 0.09983404
v -0.02011494 0.01496831 0.09803181
v -0.02236195 0.01126611 0.09853391
v -0.02058808 0.01501840 0.09628367
v -0.02283509 0.01131620 0.09678576
v -0.02025848 0.01458403 0.09455594
v -0.02250549 0.01088184 0.09505803
v -0.01921445 0.01378161 0.09331156
v -0.02146146 0.01007941 0.09381364
v -0.01773574 0.01282613 0.09288395
v -0.01998275 0.00912393 0.09338605
v -0.01621856 0.01197361 0.09338772
v -0.01846557 0.00827141 0.09388981
v -0.01506945 0.01145249 0.09468785
v -0.01731646 0.00775030 0.09518994
v -0.01459630 0.01140241 0.09643599
v -0.01684332 0.00770021 0.09693809
v -0.01670002 0.00851461 0.09804864
v -0.01761739 0.00902967 0.09952361
v -0.01817825 0.00444396 0.09855074
v -0.01909562 0.00495903 0.10002570
v -0.02131743 0.00543756 0.09736402
v -0.01913010 0.00967296 0.10028537
v -0.02060832 0.00560231 0.10078747
v -0.02083280 0.01027210 0.10012984
v -0.02231103 0.00620146 0.10063192
v -0.02226928 0.01066656 0.09909866
v -0.02374751 0.00659591 0.09960075
v -0.02305461 0.01075063 0.09746815
v -0.02453284 0.00667999 0.09797024
v -0.02297839 0.01050180 0.09567521
v -0.02445661 0.00643116 0.09617729
v -0.02206102 0.00998674 0.09420024
v -0.02353925 0.00591609 0.09470233
v -0.02054831 0.00934345 0.09343848
v -0.02202654 0.00527280 0.09394056
v -0.01884561 0.00874431 0.09359401
v -0.02032384 0.00467366 0.09409611
v -0.01740913 0.00834985 0.09462519
v -0.01888736 0.00427921 0.09512728
v -0.01662380 0.00826577 0.09625570
v -0.01810202 0.00419513 0.09675779
v -0.01788766 0.00497651 0.09788758
v -0.01857769 0.00527494 0.09953596
v -0.01853983 0.00069516 0.09838966
v -0.01922985 0.00099358 0.10003805
v -0.02196960 0.00115620 0.09786611
v -0.02000182 0.00561693 0.10060238
v -0.02065399 0.00133558 0.10110448
v -0.02177848 0.00591087 0.10080108
v -0.02243064 0.00162951 0.10130318
v -0.02343160 0.00607798 0.10007882
v -0.02408376 0.00179662 0.10058092
v -0.02451822 0.00607349 0.09862914
v -0.02517039 0.00179214 0.09913123
v -0.02474720 0.00589860 0.09684046
v -0.02539937 0.00161725 0.09734255
v -0.02405718 0.00560018 0.09519207
v -0.02470934 0.00131883 0.09569416
v -0.02263304 0.00525818 0.09412565
v -0.02328520 0.00097683 0.09462775
v -0.02085639 0.00496425 0.09392695
v -0.02150855 0.00068290 0.09442905
v -0.01920327 0.00479714 0.09464921
v -0.01985543 0.00051578 0.09515130
v -0.01811664 0.00480163 0.09609890
v -0.01876881 0.00052027 0.09660099
v -0.01847615 0.00129848 0.09770621
v -0.01887304 0.00148423 0.09946416
v -0.01827697 -0.00302768 0.09820831
v -0.01867387 -0.00284192 0.09996624
v -0.02177043 -0.00316995 0.09836820
v -0.02009966 0.00158209 0.10079390
v -0.01990048 -0.00274407 0.10129599
v -0.02182732 0.00156583 0.10133914
v -0.02162815 -0.00276033 0.10184123
v -0.02359311 0.00143981 0.10095380
v -0.02339393 -0.00288634 0.10145588
v -0.02492387 0.00123780 0.09974110
v -0.02472470 -0.00308836 0.10024319
v -0.02546305 0.00101393 0.09802601
v -0.02526387 -0.00331223 0.09852809
v -0.02506615 0.00082817 0.09626807
v -0.02486698 -0.00349798 0.09677016
v -0.02383954 0.00073032 0.09493832
v -0.02364037 -0.00359584 0.09544041
v -0.02211187 0.00074658 0.09439307
v -0.02191270 -0.00357958 0.09489517
v -0.02034609 0.00087259 0.09477843
v -0.02014692 -0.00345356 0.09528052
v -0.01901532 0.00107461 0.09599112
v -0.01881615 -0.00325155 0.09649321
v -0.01844998 -0.00244619 0.09753105
v -0.01853296 -0.00225184 0.09933042
v -0.01740719 -0.00664951 0.09803315
v -0.01749017 -0.00645516 0.09983251
v -0.02072763 -0.00737327 0.09887029
v -0.01948341 -0.00230350 0.10087196
v -0.01844062 -0.00650682 0.10137405
v -0.02104666 -0.00258732 0.10174262
v -0.02000387 -0.00679064 0.10224471
v -0.02280385 -0.00302726 0.10170911
v -0.02176106 -0.00723058 0.10221120
v -0.02428413 -0.00350543 0.10078041
v -0.02324134 -0.00770875 0.10128250
v -0.02509087 -0.00389372 0.09920535
v -0.02404808 -0.00809704 0.09970745
v -0.02500789 -0.00408807 0.09740598
v -0.02396510 -0.00829139 0.09790808
v -0.02405744 -0.00403641 0.09586444
v -0.02301465 -0.00823973 0.09636653
v -0.02249419 -0.00375259 0.09499379
v -0.02145140 -0.00795591 0.09549587
v -0.02073700 -0.00331265 0.09502729
v -0.01969421 -0.00751597 0.09552938
v -0.01925672 -0.00283448 0.09595600
v -0.01821393 -0.00703780 0.09645809
v -0.01779032 -0.00617913 0.09738833
v -0.01758678 -0.00585623 0.09915940
v -0.01594432 -0.01009673 0.09789042
v -0.01574078 -0.00977383 0.09966148
v -0.01888163 -0.01129088 0.09937239
v -0.01822482 -0.00593982 0.10085300
v -0.01637882 -0.00985742 0.10135509
v -0.01953349 -0.00640751 0.10201534
v -0.01768749 -0.01032511 0.10251743
v -0.02116213 -0.00713397 0.10233496
v -0.01931613 -0.01105157 0.10283706
v -0.02267435 -0.00792455 0.10172623
v -0.02082835 -0.01184215 0.10222833
v -0.02366494 -0.00856742 0.10035226
v -0.02181895 -0.01248502 0.10085435
v -0.02386849 -0.00889032 0.09858119
v -0.02202249 -0.01280792 0.09908328
v -0.02323045 -0.00880673 0.09688759
v -0.02138445 -0.01272433 0.09738968
v -0.02192178 -0.00833904 0.09572525
v -0.02007578 -0.01225664 0.09622734
v -0.02029314 -0.00761258 0.09540562
v -0.01844714 -0.01153018 0.09590771
v -0.01878092 -0.00682200 0.09601435
v -0.01693492 -0.01073960 0.09651645
v -0.01647878 -0.00980965 0.09730303
v -0.01606008 -0.00925798 0.09897717
v -0.01390110 -0.01328972 0.09780512
v -0.01348241 -0.01273806 0.09947927
v -0.01630396 -0.01477095 0.09987447
v -0.01639742 -0.00925103 0.10075720
v -0.01381975 -0.01273111 0.10125930
v -0.01740040 -0.00979066 0.10216618
v -0.01482273 -0.01327073 0.10266827
v -0.01880028 -0.01073226 0.10282656
v -0.01622261 -0.01421234 0.10332865
v -0.02022196 -0.01182355 0.10256140
v -0.01764428 -0.01530362 0.10306349
v -0.02128449 -0.01277211 0.10144174
v -0.01870682 -0.01625218 0.10194383
v -0.02170319 -0.01332377 0.09976760
v -0.01912551 -0.01680384 0.10026969
v -0.02136585 -0.01333072 0.09798756
v -0.01878817 -0.01681079 0.09848966
v -0.02036286 -0.01279110 0.09657859
v -0.01778519 -0.01627117 0.09708068
v -0.01896299 -0.01184949 0.09591821
v -0.01638531 -0.01532956 0.09642030
v -0.01754131 -0.01075820 0.09618337
v -0.01496364 -0.01423828 0.09668546
v -0.01450483 -0.01323001 0.09729792
v -0.01397539 -0.01238448 0.09881026
v -0.01129536 -0.01613769 0.09780002
v -0.01076593 -0.01529217 0.09931235
v -0.01309449 -0.01767864 0.10037657
v -0.01406990 -0.01217841 0.10060775
v -0.01086043 -0.01508609 0.10110985
v -0.01476302 -0.01266700 0.10220876
v -0.01155355 -0.01557469 0.10271086
v -0.01586903 -0.01371935 0.10318431
v -0.01265956 -0.01662704 0.10368640
v -0.01709158 -0.01505347 0.10327298
v -0.01388212 -0.01796116 0.10377508
v -0.01810309 -0.01631189 0.10245103
v -0.01489362 -0.01921958 0.10295312
v -0.01863252 -0.01715742 0.10093869
v -0.01542306 -0.02006511 0.10144079
v -0.01853802 -0.01736349 0.09914120
v -0.01532855 -0.02027118 0.09964329
v -0.01784490 -0.01687490 0.09754019
v -0.01463544 -0.01978259 0.09804228
v -0.01673889 -0.01582255 0.09656465
v -0.01352942 -0.01873024 0.09706674
v -0.01551634 -0.01448843 0.09647597
v -0.01230687 -0.01739612 0.09697806
v -0.01187570 -0.01631452 0.09739266
v -0.01135693 -0.01515514 0.09868459
v -0.00815881 -0.01853715 0.09789475
v -0.00764004 -0.01737777 0.09918668
v -0.00937761 -0.01990127 0.10087866
v -0.01130373 -0.01467192 0.10042989
v -0.00758685 -0.01689455 0.10093198
v -0.01173038 -0.01499436 0.10216089
v -0.00801349 -0.01721699 0.10266299
v -0.01252253 -0.01603604 0.10341379
v -0.00880565 -0.01825867 0.10391589
v -0.01346794 -0.01751786 0.10385288
v -0.00975106 -0.01974049 0.10435496
v -0.01431329 -0.01904276 0.10336048
v -0.01059641 -0.02126539 0.10386257
v -0.01483206 -0.02020214 0.10206855
v -0.01111518 -0.02242477 0.10257064
v -0.01488525 -0.02068535 0.10032325
v -0.01116837 -0.02290798 0.10082535
v -0.01445861 -0.02036292 0.09859224
v -0.01074173 -0.02258555 0.09909434
v -0.01366646 -0.01932123 0.09733935
v -0.00994957 -0.02154386 0.09784143
v -0.01272104 -0.01783942 0.09690027
v -0.00900416 -0.02006205 0.09740236
v -0.00862667 -0.01892337 0.09760302
v -0.00823833 -0.01747831 0.09862448
v -0.00454640 -0.02037481 0.09810512
v -0.00415805 -0.01892975 0.09912658
v -0.00529734 -0.02135271 0.10138075
v -0.00815525 -0.01668248 0.10024995
v -0.00407498 -0.01813393 0.10075204
v -0.00839971 -0.01674913 0.10204387
v -0.00431943 -0.01820057 0.10254597
v -0.00890619 -0.01766038 0.10352559
v -0.00482592 -0.01911183 0.10402768
v -0.00953899 -0.01917209 0.10429806
v -0.00545872 -0.02062353 0.10480015
v -0.01012855 -0.02087917 0.10415430
v -0.00604828 -0.02233061 0.10465639
v -0.01051689 -0.02232422 0.10313284
v -0.00643662 -0.02377567 0.10363493
v -0.01059997 -0.02312005 0.10150737
v -0.00651969 -0.02457149 0.10200947
v -0.01035551 -0.02305341 0.09971344
v -0.00627524 -0.02450485 0.10021554
v -0.00984903 -0.02214215 0.09823173
v -0.00576875 -0.02359359 0.09873383
v -0.00921623 -0.02063045 0.09745927
v -0.00513595 -0.02208189 0.09796136
v -0.00482996 -0.02091113 0.09794032
v -0.00467179 -0.01925244 0.09865173
v -0.00054441 -0.02153515 0.09844241
v -0.00038624 -0.01987645 0.09915382
v -0.00101179 -0.02197672 0.10188285
v -0.00468123 -0.01815652 0.10009438
v -0.00039568 -0.01878053 0.10059647
v -0.00485576 -0.01791701 0.10188171
v -0.00057021 -0.01854102 0.10238380
v -0.00514861 -0.01859809 0.10353481
v -0.00086306 -0.01922210 0.10403690
v -0.00548131 -0.02001727 0.10461073
v -0.00119576 -0.02064129 0.10511282
v -0.00576471 -0.02179429 0.10482118
v -0.00147916 -0.02241830 0.10532328
v -0.00592288 -0.02345298 0.10410978
v -0.00163733 -0.02407699 0.10461187
v -0.00591344 -0.02454890 0.10266713
v -0.00162789 -0.02517292 0.10316922
v -0.00573891 -0.02478841 0.10087980
v -0.00145336 -0.02541242 0.10138189
v -0.00544606 -0.02410733 0.09922670
v -0.00116052 -0.02473134 0.09972879
v -0.00511336 -0.02268815 0.09815077
v -0.00082782 -0.02331216 0.09865287
v -0.00060016 -0.02213925 0.09841093
v -0.00073657 -0.02037176 0.09878473
v 0.00372460 -0.02191165 0.09891303
v 0.00358819 -0.02014416 0.09928682
v 0.00331297 -0.02174912 0.10238494
v -0.00094673 -0.01903431 0.09998865
v 0.00337803 -0.01880671 0.10049075
v -0.00117432 -0.01848528 0.10170013
v 0.00315044 -0.01825767 0.10220222
v -0.00135836 -0.01887177 0.10346056
v 0.00296639 -0.01864417 0.10396265
v -0.00144954 -0.02009024 0.10479825
v 0.00287522 -0.01986264 0.10530034
v -0.00142342 -0.02181419 0.10535476
v 0.00290134 -0.02158659 0.10585684
v -0.00128701 -0.02358169 0.10498096
v 0.00303775 -0.02335409 0.10548306
v -0.00107685 -0.02491914 0.10377704
v 0.00324791 -0.02469154 0.10427913
v -0.00084925 -0.02546817 0.10206556
v 0.00347550 -0.02524057 0.10256766
v -0.00066521 -0.02508167 0.10030513
v 0.00365954 -0.02485407 0.10080722
v -0.00057404 -0.02386320 0.09896744
v 0.00375072 -0.02363560 0.09946954
v 0.00390523 -0.02249081 0.09901609
v 0.00345504 -0.02073604 0.09903777
v 0.00810161 -0.02142042 0.09951819
v 0.00765142 -0.01966565 0.09953987
v 0.00750934 -0.02067873 0.10288703
v 0.00296678 -0.01925272 0.09995633
v 0.00716315 -0.01818233 0.10045842
v 0.00257128 -0.01843831 0.10152563
v 0.00676765 -0.01736791 0.10202772
v 0.00237451 -0.01851103 0.10332517
v 0.00657089 -0.01744063 0.10382727
v 0.00242920 -0.01945139 0.10487279
v 0.00662558 -0.01838100 0.10537488
v 0.00272070 -0.02100743 0.10575378
v 0.00691708 -0.01993703 0.10625587
v 0.00317090 -0.02276220 0.10573210
v 0.00736727 -0.02169181 0.10623419
v 0.00365916 -0.02424552 0.10481355
v 0.00785554 -0.02317513 0.10531563
v 0.00405466 -0.02505993 0.10324425
v 0.00825104 -0.02398954 0.10374634
v 0.00425143 -0.02498721 0.10144470
v 0.00844780 -0.02391682 0.10194679
v 0.00419673 -0.02404685 0.09989709
v 0.00839311 -0.02297646 0.10039918
v 0.00849089 -0.02188573 0.09975179
v 0.00775589 -0.02026326 0.09942053
v 0.01239628 -0.02001402 0.10025389
v 0.01166128 -0.01839155 0.09992263
v 0.01141473 -0.01880702 0.10338912
v 0.00695483 -0.01875211 0.10001812
v 0.01086021 -0.01688040 0.10052021
v 0.00630234 -0.01775720 0.10138442
v 0.01020773 -0.01588549 0.10188652
v 0.00597328 -0.01754511 0.10315336
v 0.00987866 -0.01567340 0.10365544
v 0.00605580 -0.01817267 0.10485092
v 0.00996118 -0.01630096 0.10535301
v 0.00652779 -0.01947173 0.10602227
v 0.01043318 -0.01760002 0.10652436
v 0.00726280 -0.02109420 0.10635353
v 0.01116818 -0.01922249 0.10685562
v 0.00806386 -0.02260534 0.10575594
v 0.01196925 -0.02073364 0.10625803
v 0.00871634 -0.02360026 0.10438963
v 0.01262173 -0.02172855 0.10489172
v 0.00904541 -0.02381235 0.10262071
v 0.01295080 -0.02194064 0.10312279
v 0.00896289 -0.02318479 0.10092314
v 0.01286828 -0.02131308 0.10142523
v 0.01293446 -0.02029405 0.10060898
v 0.01198734 -0.01890315 0.09993762
v 0.01639751 -0.01769356 0.10111108
v 0.01545039 -0.01630266 0.10043971
v 0.01487778 -0.01620653 0.10389122
v 0.01088678 -0.01748649 0.10019108
v 0.01434984 -0.01488600 0.10069317
v 0.00992769 -0.01642367 0.10130145
v 0.01339075 -0.01382318 0.10180354
v 0.00936706 -0.01599946 0.10297121
v 0.01283011 -0.01339897 0.10347331
v 0.00935509 -0.01632754 0.10475296
v 0.01281814 -0.01372704 0.10525504
v 0.00989500 -0.01731998 0.10616926
v 0.01335806 -0.01471949 0.10667135
v 0.01084212 -0.01871089 0.10684063
v 0.01430518 -0.01611039 0.10734272
v 0.01194267 -0.02012754 0.10658716
v 0.01540573 -0.01752705 0.10708926
v 0.01290176 -0.02119037 0.10547679
v 0.01636482 -0.01858988 0.10597888
v 0.01346240 -0.02161458 0.10380703
v 0.01692546 -0.01901409 0.10430912
v 0.01347437 -0.02128650 0.10202529
v 0.01693743 -0.01868601 0.10252738
v 0.01700197 -0.01774533 0.10157391
v 0.01594798 -0.01664973 0.10058845
v 0.01988851 -0.01451683 0.10207600
v 0.01883452 -0.01342122 0.10109054
v 0.01776432 -0.01297802 0.10439330
v 0.01460723 -0.01543537 0.10048796
v 0.01749377 -0.01220686 0.10099006
v 0.01333898 -0.01442764 0.10129938
v 0.01622551 -0.01119913 0.10180146
v 0.01248305 -0.01389656 0.10280526
v 0.01536958 -0.01066806 0.10330736
v 0.01226878 -0.01398444 0.10460214
v 0.01515531 -0.01075593 0.10510423
v 0.01275359 -0.01466772 0.10620852
v 0.01564013 -0.01143922 0.10671061
v 0.01380759 -0.01576333 0.10719398
v 0.01669412 -0.01253482 0.10769607
v 0.01514833 -0.01697769 0.10729446
v 0.01803487 -0.01374918 0.10779656
v 0.01641659 -0.01798542 0.10648305
v 0.01930312 -0.01475691 0.10698514
v 0.01727252 -0.01851649 0.10497716
v 0.02015906 -0.01528799 0.10547926
v 0.01748679 -0.01842862 0.10318029
v 0.02037332 -0.01520011 0.10368238
v 0.02046647 -0.01433239 0.10262863
v 0.01942726 -0.01355048 0.10136726
v 0.02266462 -0.01060098 0.10313072
v 0.02162541 -0.00981906 0.10186936
v 0.01996247 -0.00924661 0.10489540
v 0.01794247 -0.01261517 0.10091673
v 0.02014063 -0.00888376 0.10141882
v 0.01640995 -0.01177709 0.10139773
v 0.01860810 -0.00804568 0.10189983
v 0.01524032 -0.01126080 0.10268140
v 0.01743848 -0.00752939 0.10318349
v 0.01474700 -0.01120464 0.10442377
v 0.01694516 -0.00747323 0.10492586
v 0.01506217 -0.01162365 0.10615798
v 0.01726032 -0.00789224 0.10666007
v 0.01610137 -0.01240557 0.10741934
v 0.01829953 -0.00867416 0.10792144
v 0.01758616 -0.01334087 0.10786989
v 0.01978431 -0.00960946 0.10837197
v 0.01911869 -0.01417895 0.10738888
v 0.02131684 -0.01044754 0.10789097
v 0.02028831 -0.01469524 0.10610521
v 0.02248646 -0.01096383 0.10660730
v 0.02078163 -0.01475140 0.10436284
v 0.02297978 -0.01101999 0.10486493
v 0.02312736 -0.01020864 0.10375173
v 0.02222233 -0.00971066 0.10226335
v 0.02455195 -0.00611892 0.10425383
v 0.02364692 -0.00562094 0.10276543
v 0.02138706 -0.00515688 0.10539749
v 0.02071177 -0.00908834 0.10148021
v 0.02213636 -0.00499861 0.10198230
v 0.01900044 -0.00850842 0.10161217
v 0.02042503 -0.00441870 0.10211427
v 0.01754688 -0.00812630 0.10262387
v 0.01897147 -0.00403658 0.10312597
v 0.01674058 -0.00804437 0.10424422
v 0.01816517 -0.00395464 0.10474632
v 0.01679758 -0.00828457 0.10603906
v 0.01822218 -0.00419485 0.10654115
v 0.01770261 -0.00878256 0.10752745
v 0.01912721 -0.00469283 0.10802954
v 0.01921317 -0.00940488 0.10831059
v 0.02063777 -0.00531516 0.10881267
v 0.02092450 -0.00998480 0.10817862
v 0.02234910 -0.00589507 0.10868072
v 0.02237806 -0.01036692 0.10716692
v 0.02380266 -0.00627719 0.10766901
v 0.02318436 -0.01044885 0.10554657
v 0.02460896 -0.00635913 0.10604866
v 0.02482844 -0.00557891 0.10491916
v 0.02415637 -0.00529152 0.10326142
v 0.02542428 -0.00128936 0.10542125
v 0.02475220 -0.00100197 0.10376351
v 0.02198290 -0.00086733 0.10589958
v 0.02274227 -0.00496806 0.10217603
v 0.02333810 -0.00067850 0.10267813
v 0.02096504 -0.00469519 0.10195384
v 0.02156087 -0.00040563 0.10245593
v 0.01930089 -0.00454603 0.10265437
v 0.01989672 -0.00025647 0.10315646
v 0.01819573 -0.00456055 0.10408992
v 0.01879156 -0.00027099 0.10459200
v 0.01794569 -0.00473486 0.10587582
v 0.01854152 -0.00044530 0.10637791
v 0.01861776 -0.00502225 0.10753357
v 0.01921359 -0.00073269 0.10803565
v 0.02003186 -0.00534571 0.10861894
v 0.02062769 -0.00105616 0.10912104
v 0.02180909 -0.00561858 0.10884114
v 0.02240493 -0.00132903 0.10934323
v 0.02347324 -0.00576774 0.10814061
v 0.02406907 -0.00147819 0.10864270
v 0.02457840 -0.00575322 0.10670507
v 0.02517423 -0.00146367 0.10720716
v 0.02547207 -0.00068457 0.10610511
v 0.02509599 -0.00050210 0.10434226
v 0.02521605 0.00363860 0.10660721
v 0.02483997 0.00382106 0.10484435
v 0.02172688 0.00345584 0.10640167
v 0.02388576 -0.00041750 0.10299669
v 0.02362974 0.00390567 0.10349879
v 0.02216566 -0.00045343 0.10242895
v 0.02190964 0.00386974 0.10293104
v 0.02039658 -0.00060026 0.10279116
v 0.02014056 0.00372291 0.10329325
v 0.01905256 -0.00081865 0.10398627
v 0.01879654 0.00350451 0.10448837
v 0.01849372 -0.00105009 0.10569405
v 0.01823770 0.00327308 0.10619614
v 0.01886980 -0.00123255 0.10745690
v 0.01861378 0.00309061 0.10795899
v 0.02008003 -0.00131716 0.10880247
v 0.01982401 0.00300601 0.10930456
v 0.02180014 -0.00128123 0.10937022
v 0.02154412 0.00304194 0.10987230
v 0.02356921 -0.00113440 0.10900800
v 0.02331319 0.00318877 0.10951009
v 0.02491323 -0.00091600 0.10781290
v 0.02465721 0.00340716 0.10831498
v 0.02502782 0.00421533 0.10728311
v 0.02496533 0.00441465 0.10548346
v 0.02392987 0.00840458 0.10778520
v 0.02386738 0.00860390 0.10598554
v 0.02062893 0.00764509 0.10690377
v 0.02403509 0.00435705 0.10392984
v 0.02293714 0.00854630 0.10443193
v 0.02248637 0.00405797 0.10303855
v 0.02138842 0.00824722 0.10354064
v 0.02073415 0.00359755 0.10304841
v 0.01963620 0.00778680 0.10355050
v 0.01924792 0.00309916 0.10395677
v 0.01814997 0.00728841 0.10445886
v 0.01842593 0.00269634 0.10552024
v 0.01732798 0.00688559 0.10602234
v 0.01848843 0.00249703 0.10731989
v 0.01739048 0.00668628 0.10782199
v 0.01941866 0.00255463 0.10887351
v 0.01832071 0.00674388 0.10937560
v 0.02096738 0.00285371 0.10976480
v 0.01986943 0.00704296 0.11026689
v 0.02271961 0.00331412 0.10975494
v 0.02162166 0.00750337 0.11025703
v 0.02420583 0.00381251 0.10884658
v 0.02310788 0.00800176 0.10934867
v 0.02353451 0.00886474 0.10842694
v 0.02375505 0.00920008 0.10666023
v 0.02163717 0.01275773 0.10892904
v 0.02185772 0.01309308 0.10716232
v 0.01873159 0.01153809 0.10740586
v 0.02313796 0.00911877 0.10495877
v 0.02124063 0.01301177 0.10546086
v 0.02184857 0.00864259 0.10377847
v 0.01995124 0.01253559 0.10428056
v 0.02023238 0.00789913 0.10343559
v 0.01833505 0.01179212 0.10393769
v 0.01872244 0.00708759 0.10402201
v 0.01682511 0.01098059 0.10452410
v 0.01772335 0.00642544 0.10538059
v 0.01582601 0.01031844 0.10588268
v 0.01750280 0.00609009 0.10714730
v 0.01560546 0.00998309 0.10764939
v 0.01811989 0.00617141 0.10884876
v 0.01622256 0.01006441 0.10935085
v 0.01940928 0.00664759 0.11002906
v 0.01751195 0.01054059 0.11053115
v 0.02102547 0.00739105 0.11037194
v 0.01912814 0.01128405 0.11087403
v 0.02253541 0.00820258 0.10978552
v 0.02063807 0.01209558 0.11028761
v 0.02109536 0.01303067 0.10951176
v 0.02152497 0.01360036 0.10784644
v 0.01847216 0.01647656 0.11001385
v 0.01890177 0.01704625 0.10834853
v 0.01610840 0.01498398 0.10790795
v 0.02120609 0.01361746 0.10606308
v 0.01858289 0.01706335 0.10656516
v 0.02022417 0.01307740 0.10463950
v 0.01760098 0.01652329 0.10514160
v 0.01884232 0.01212488 0.10395718
v 0.01621913 0.01557077 0.10445926
v 0.01743080 0.01101513 0.10419892
v 0.01480760 0.01446102 0.10470101
v 0.01636782 0.01004551 0.10529996
v 0.01374463 0.01349140 0.10580205
v 0.01593822 0.00947582 0.10696527
v 0.01331502 0.01292171 0.10746737
v 0.01625709 0.00945871 0.10874864
v 0.01363390 0.01290460 0.10925073
v 0.01723901 0.00999878 0.11017221
v 0.01461581 0.01344467 0.11067431
v 0.01862086 0.01095130 0.11085454
v 0.01599767 0.01439719 0.11135663
v 0.02003238 0.01206105 0.11061279
v 0.01740919 0.01550694 0.11111489
v 0.01786707 0.01652038 0.11051496
v 0.01839966 0.01738674 0.10901558
v 0.01461967 0.01938563 0.11101706
v 0.01515225 0.02025199 0.10951767
v 0.01286099 0.01784923 0.10841005
v 0.01831830 0.01760929 0.10721941
v 0.01507089 0.02047454 0.10772150
v 0.01764480 0.01712838 0.10560773
v 0.01439739 0.01999363 0.10610982
v 0.01655962 0.01607288 0.10461240
v 0.01331221 0.01893813 0.10511449
v 0.01535354 0.01472561 0.10450010
v 0.01210613 0.01759087 0.10500219
v 0.01434972 0.01344757 0.10530093
v 0.01110231 0.01631283 0.10580303
v 0.01381713 0.01258121 0.10680032
v 0.01056973 0.01544646 0.10730241
v 0.01389849 0.01235867 0.10859649
v 0.01065109 0.01522392 0.10909858
v 0.01457199 0.01283958 0.11020817
v 0.01132459 0.01570483 0.11071026
v 0.01565717 0.01389507 0.11120351
v 0.01240976 0.01676033 0.11170559
v 0.01686325 0.01524234 0.11131580
v 0.01361585 0.01810759 0.11181789
v 0.01404418 0.01919361 0.11141714
v 0.01455786 0.02037345 0.11014180
v 0.01029840 0.02136720 0.11191924
v 0.01081208 0.02254703 0.11064389
v 0.00911521 0.02002281 0.10891213
v 0.01461686 0.02087691 0.10840242
v 0.01087108 0.02305049 0.10890452
v 0.01420537 0.02056912 0.10666510
v 0.01045960 0.02274270 0.10716718
v 0.01343367 0.01953253 0.10539532
v 0.00968789 0.02170611 0.10589741
v 0.01250851 0.01804490 0.10493334
v 0.00876273 0.02021848 0.10543543
v 0.01167780 0.01650484 0.10540294
v 0.00793202 0.01867842 0.10590503
v 0.01116412 0.01532501 0.10667828
v 0.00741834 0.01749860 0.10718038
v 0.01110512 0.01482155 0.10841766
v 0.00735934 0.01699513 0.10891975
v 0.01151660 0.01512934 0.11015499
v 0.00777082 0.01730292 0.11065708
v 0.01228831 0.01616593 0.11142477
v 0.00854253 0.01833951 0.11192685
v 0.01321347 0.01765356 0.11188675
v 0.00946769 0.01982714 0.11238883
v 0.00984086 0.02096882 0.11220280
v 0.01021664 0.02243079 0.11120091
v 0.00574186 0.02236650 0.11270490
v 0.00611764 0.02382847 0.11170300
v 0.00501621 0.02142050 0.10941423
v 0.01029730 0.02324755 0.10958574
v 0.00619830 0.02464523 0.11008783
v 0.01006121 0.02320024 0.10779008
v 0.00596221 0.02459793 0.10829217
v 0.00957165 0.02230154 0.10629506
v 0.00547265 0.02369923 0.10679716
v 0.00895978 0.02079226 0.10550130
v 0.00486078 0.02218995 0.10600339
v 0.00838956 0.01907681 0.10562146
v 0.00429056 0.02047449 0.10612356
v 0.00801378 0.01761483 0.10662336
v 0.00391478 0.01901252 0.10712545
v 0.00793312 0.01679807 0.10823853
v 0.00383412 0.01819576 0.10874062
v 0.00816921 0.01684538 0.11003419
v 0.00407021 0.01824307 0.11053628
v 0.00865877 0.01774408 0.11152920
v 0.00455977 0.01914176 0.11203130
v 0.00927064 0.01925336 0.11232297
v 0.00517164 0.02065104 0.11282506
v 0.00547249 0.02182291 0.11286095
v 0.00561257 0.02349239 0.11217133
v 0.00117911 0.02239053 0.11336304
v 0.00131919 0.02406002 0.11267342
v 0.00072283 0.02198812 0.10991631
v 0.00559285 0.02460671 0.11074295
v 0.00129947 0.02517434 0.11124504
v 0.00541862 0.02486729 0.10895853
v 0.00112524 0.02543492 0.10946063
v 0.00513657 0.02420430 0.10729623
v 0.00084319 0.02477193 0.10779832
v 0.00482226 0.02279540 0.10620143
v 0.00052888 0.02336302 0.10670353
v 0.00455993 0.02101809 0.10596751
v 0.00026655 0.02158571 0.10646960
v 0.00441986 0.01934860 0.10665713
v 0.00012647 0.01991623 0.10715922
v 0.00443957 0.01823428 0.10808551
v 0.00014619 0.01880190 0.10858760
v 0.00461380 0.01797370 0.10986991
v 0.00032042 0.01854132 0.11037201
v 0.00489585 0.01863669 0.11153223
v 0.00060247 0.01920431 0.11203431
v 0.00521016 0.02004559 0.11262701
v 0.00091678 0.02061322 0.11312911
v 0.00113927 0.02178517 0.11338552
v 0.00098200 0.02355568 0.11303490
v -0.00318212 0.02150074 0.11388762
v -0.00333939 0.02327125 0.11353700
v -0.00359856 0.02170369 0.11041841
v 0.00075528 0.02490616 0.11184867
v -0.00356611 0.02462174 0.11235076
v 0.00051988 0.02547476 0.11014465
v -0.00380152 0.02519034 0.11064675
v 0.00033885 0.02510912 0.10837946
v -0.00398254 0.02482469 0.10888156
v 0.00026071 0.02390721 0.10702606
v -0.00406068 0.02362278 0.10752816
v 0.00030639 0.02219108 0.10644712
v -0.00401500 0.02190665 0.10694920
v 0.00046366 0.02042057 0.10679772
v -0.00385773 0.02013614 0.10729982
v 0.00069038 0.01907008 0.10798397
v -0.00363101 0.01878565 0.10848606
v 0.00092579 0.01850148 0.10968798
v -0.00339560 0.01821705 0.11019007
v 0.00110681 0.01886712 0.11145318
v -0.00321458 0.01858270 0.11195527
v 0.00118495 0.02006904 0.11280657
v -0.00313644 0.01978461 0.11330866
v -0.00298633 0.02092653 0.11377567
v -0.00345693 0.02267607 0.11377764
v -0.00716827 0.01980107 0.11427776
v -0.00763888 0.02155061 0.11427973
v -0.00778050 0.02057824 0.11092050
v -0.00396549 0.02416507 0.11287951
v -0.00814743 0.02303961 0.11338160
v -0.00437573 0.02499454 0.11132193
v -0.00855767 0.02386908 0.11182402
v -0.00457772 0.02494223 0.10952225
v -0.00875967 0.02381677 0.11002434
v -0.00451735 0.02402216 0.10796270
v -0.00869930 0.02289670 0.10846479
v -0.00421079 0.02248086 0.10706116
v -0.00839274 0.02135540 0.10756324
v -0.00374019 0.02073132 0.10705918
v -0.00792213 0.01960586 0.10756128
v -0.00323163 0.01924232 0.10795731
v -0.00741357 0.01811686 0.10845941
v -0.00282139 0.01841285 0.10951489
v -0.00700334 0.01728739 0.11001699
v -0.00261940 0.01846516 0.11131457
v -0.00680134 0.01733970 0.11181666
v -0.00267977 0.01938523 0.11287412
v -0.00686171 0.01825977 0.11337622
v -0.00676689 0.01934615 0.11403572
v -0.00751873 0.02095595 0.11439020
v -0.01064734 0.01742327 0.11453781
v -0.01139918 0.01903307 0.11489229
v -0.01166095 0.01865536 0.11142259
v -0.00834071 0.02246455 0.11381498
v -0.01222116 0.02054167 0.11431707
v -0.00901259 0.02346770 0.11246419
v -0.01289303 0.02154482 0.11296628
v -0.00935432 0.02369663 0.11069977
v -0.01323477 0.02177375 0.11120186
v -0.00927436 0.02308998 0.10899449
v -0.01315480 0.02116710 0.10949658
v -0.00879412 0.02181032 0.10780529
v -0.01267456 0.01988744 0.10830738
v -0.00804228 0.02020052 0.10745081
v -0.01192272 0.01827764 0.10795289
v -0.00722030 0.01869193 0.10802603
v -0.01110074 0.01676905 0.10852811
v -0.00654842 0.01768877 0.10937682
v -0.01042887 0.01576589 0.10987891
v -0.00620668 0.01745984 0.11114124
v -0.01008713 0.01553696 0.11164333
v -0.00628665 0.01806649 0.11284652
v -0.01016709 0.01614361 0.11334860
v -0.01010198 0.01715748 0.11417505
v -0.01105978 0.01853022 0.11486831
v -0.01353056 0.01451170 0.11467714
v -0.01448835 0.01588443 0.11537040
v -0.01508952 0.01600957 0.11192469
v -0.01217866 0.01993648 0.11463829
v -0.01560724 0.01729069 0.11514038
v -0.01315882 0.02099947 0.11354662
v -0.01658740 0.01835368 0.11404872
v -0.01373763 0.02143435 0.11188583
v -0.01716620 0.01878856 0.11238793
v -0.01375999 0.02112461 0.11010092
v -0.01718856 0.01847882 0.11060300
v -0.01321991 0.02015323 0.10867014
v -0.01664849 0.01750744 0.10917223
v -0.01226212 0.01878049 0.10797688
v -0.01569069 0.01613471 0.10847897
v -0.01114324 0.01737423 0.10820690
v -0.01457181 0.01472844 0.10870899
v -0.01016308 0.01631124 0.10929856
v -0.01359165 0.01366546 0.10980065
v -0.00958427 0.01587636 0.11095935
v -0.01301285 0.01323057 0.11146145
v -0.00956191 0.01618611 0.11274427
v -0.01299048 0.01354032 0.11324637
v -0.01292494 0.01447583 0.11420772
v -0.01398181 0.01555056 0.11521289
v -0.01576879 0.01120966 0.11470982
v -0.01682566 0.01228440 0.11571498
v -0.01793337 0.01274340 0.11242678
v -0.01533549 0.01674828 0.11533698
v -0.01817933 0.01348212 0.11583908
v -0.01662326 0.01774807 0.11454676
v -0.01946711 0.01448190 0.11504886
v -0.01750007 0.01828202 0.11305396
v -0.02034391 0.01501585 0.11355604
v -0.01773097 0.01820707 0.11125856
v -0.02057482 0.01494090 0.11176065
v -0.01725410 0.01754330 0.10964165
v -0.02009795 0.01427714 0.11014374
v -0.01619724 0.01646857 0.10863648
v -0.01904108 0.01320240 0.10913857
v -0.01484356 0.01527085 0.10851239
v -0.01768741 0.01200468 0.10901447
v -0.01355579 0.01427107 0.10930261
v -0.01639964 0.01100490 0.10980470
v -0.01267898 0.01373712 0.11079542
v -0.01552283 0.01047095 0.11129751
v -0.01244808 0.01381207 0.11259081
v -0.01529192 0.01054590 0.11309291
v -0.01519588 0.01140923 0.11415192
v -0.01622972 0.01217077 0.11543006
v -0.01734480 0.00764925 0.11465402
v -0.01837863 0.00841079 0.11593214
v -0.02008229 0.00898342 0.11292887
v -0.01772005 0.01308574 0.11590346
v -0.01986897 0.00932576 0.11640555
v -0.01926754 0.01390899 0.11544529
v -0.02141646 0.01014900 0.11594738
v -0.02045754 0.01441991 0.11417831
v -0.02260646 0.01065993 0.11468040
v -0.02097119 0.01448162 0.11244201
v -0.02312011 0.01072164 0.11294410
v -0.02067086 0.01407757 0.11070163
v -0.02281978 0.01031759 0.11120372
v -0.01963702 0.01331603 0.10942350
v -0.02178594 0.00955605 0.10992560
v -0.01814669 0.01240106 0.10895010
v -0.02029561 0.00864107 0.10945219
v -0.01659920 0.01157781 0.10940827
v -0.01874812 0.00781783 0.10991036
v -0.01540920 0.01106689 0.11067525
v -0.01755811 0.00730690 0.11117734
v -0.01489555 0.01100518 0.11241154
v -0.01704446 0.00724520 0.11291364
v -0.01689253 0.00805361 0.11402928
v -0.01778478 0.00853484 0.11553084
v -0.01826324 0.00394551 0.11453137
v -0.01915549 0.00442674 0.11603293
v -0.02145300 0.00487532 0.11343096
v -0.01929265 0.00913627 0.11633521
v -0.02066336 0.00502817 0.11683729
v -0.02101209 0.00969674 0.11622684
v -0.02238281 0.00558864 0.11672894
v -0.02248240 0.01006607 0.11523479
v -0.02385312 0.00595798 0.11573689
v -0.02330960 0.01014531 0.11362488
v -0.02468032 0.00603722 0.11412697
v -0.02327204 0.00991323 0.11182846
v -0.02464276 0.00580513 0.11233056
v -0.02237979 0.00943199 0.11032690
v -0.02375051 0.00532390 0.11082900
v -0.02087193 0.00883057 0.10952254
v -0.02224264 0.00472247 0.11002463
v -0.01915248 0.00827010 0.10963090
v -0.02052319 0.00416200 0.11013299
v -0.01768217 0.00790076 0.11062294
v -0.01905288 0.00379266 0.11112504
v -0.01685497 0.00782152 0.11223286
v -0.01822568 0.00371342 0.11273496
v -0.01800104 0.00449260 0.11386399
v -0.01865488 0.00476944 0.11553080
v -0.01854044 0.00019558 0.11436608
v -0.01919428 0.00047242 0.11603288
v -0.02199240 0.00057830 0.11393306
v -0.02005847 0.00507464 0.11663495
v -0.02059786 0.00077762 0.11713704
v -0.02183572 0.00532644 0.11688060
v -0.02237512 0.00102942 0.11738270
v -0.02351043 0.00545736 0.11620192
v -0.02404982 0.00116034 0.11670402
v -0.02463384 0.00543233 0.11478077
v -0.02517324 0.00113531 0.11528286
v -0.02490496 0.00525804 0.11299793
v -0.02544435 0.00096102 0.11350003
v -0.02425112 0.00498121 0.11133113
v -0.02479052 0.00068419 0.11183322
v -0.02284754 0.00467600 0.11022697
v -0.02338693 0.00037898 0.11072907
v -0.02107028 0.00442420 0.10998132
v -0.02160968 0.00012718 0.11048342
v -0.01939558 0.00429328 0.11066000
v -0.01993497 -0.00000374 0.11116209
v -0.01827216 0.00431831 0.11208116
v -0.01881155 0.00002130 0.11258325
v -0.01850856 0.00080142 0.11368192
v -0.01886375 0.00098114 0.11544938
v -0.01819573 -0.00351801 0.11418401
v -0.01855092 -0.00333828 0.11595147
v -0.02167957 -0.00374113 0.11443514
v -0.02005725 0.00105293 0.11681055
v -0.01974443 -0.00326650 0.11731263
v -0.02176928 0.00099754 0.11740068
v -0.02145646 -0.00332189 0.11790278
v -0.02354109 0.00082981 0.11706167
v -0.02322827 -0.00348961 0.11756377
v -0.02489793 0.00059470 0.11588436
v -0.02458511 -0.00372473 0.11638645
v -0.02547624 0.00035519 0.11418419
v -0.02516342 -0.00396424 0.11468628
v -0.02512105 0.00017546 0.11241673
v -0.02480823 -0.00414397 0.11291882
v -0.02392754 0.00010367 0.11105557
v -0.02361472 -0.00421575 0.11155766
v -0.02221551 0.00015906 0.11046542
v -0.02190269 -0.00416036 0.11096752
v -0.02044370 0.00032679 0.11080443
v -0.02013088 -0.00399264 0.11130653
v -0.01908686 0.00056191 0.11198175
v -0.01877404 -0.00375752 0.11248384
v -0.01839906 -0.00294642 0.11350958
v -0.01844121 -0.00274161 0.11530921
v -0.01724614 -0.00712088 0.11401168
v -0.01728829 -0.00691607 0.11581130
v -0.02052666 -0.00791558 0.11493724
v -0.01935108 -0.00280462 0.11687463
v -0.01819816 -0.00697908 0.11737672
v -0.02088487 -0.00311856 0.11778639
v -0.01973195 -0.00729302 0.11828849
v -0.02263160 -0.00359932 0.11780019
v -0.02147868 -0.00777378 0.11830229
v -0.02412323 -0.00411808 0.11691233
v -0.02297031 -0.00829253 0.11741442
v -0.02496009 -0.00453583 0.11536071
v -0.02380717 -0.00871029 0.11586280
v -0.02491794 -0.00474064 0.11356109
v -0.02376502 -0.00891510 0.11406317
v -0.02400807 -0.00467763 0.11199566
v -0.02285515 -0.00885209 0.11249775
v -0.02247428 -0.00436369 0.11108390
v -0.02132136 -0.00853815 0.11158599
v -0.02072755 -0.00388293 0.11107010
v -0.01957463 -0.00805739 0.11157219
v -0.01923592 -0.00336417 0.11195796
v -0.01808300 -0.00753863 0.11246005
v -0.01765347 -0.00667128 0.11337312
v -0.01741625 -0.00632304 0.11513517
v -0.01570512 -0.01053900 0.11387520
v -0.01546791 -0.01019076 0.11563726
v -0.01857831 -0.01178331 0.11543933
v -0.01801246 -0.00640152 0.11684418
v -0.01606412 -0.01026924 0.11734628
v -0.01928235 -0.00688569 0.11804224
v -0.01733401 -0.01075342 0.11854433
v -0.02088565 -0.00764582 0.11840831
v -0.01893731 -0.01151355 0.11891040
v -0.02239276 -0.00847824 0.11784431
v -0.02044442 -0.01234596 0.11834641
v -0.02339984 -0.00915989 0.11650136
v -0.02145150 -0.01302761 0.11700346
v -0.02363706 -0.00950813 0.11473931
v -0.02168872 -0.01337585 0.11524140
v -0.02304085 -0.00942964 0.11303029
v -0.02109251 -0.01329737 0.11353238
v -0.02177096 -0.00894547 0.11183224
v -0.01982262 -0.01281319 0.11233433
v -0.02016766 -0.00818534 0.11146616
v -0.01821932 -0.01205306 0.11196826
v -0.01866055 -0.00735293 0.11203016
v -0.01671221 -0.01122065 0.11253226
v -0.01625392 -0.01028040 0.11329725
v -0.01581388 -0.00969241 0.11495345
v -0.01358566 -0.01369152 0.11379934
v -0.01314562 -0.01310352 0.11545555
v -0.01591005 -0.01519442 0.11594142
v -0.01611457 -0.00966467 0.11673985
v -0.01344630 -0.01307578 0.11724194
v -0.01707541 -0.01020462 0.11817776
v -0.01440715 -0.01361573 0.11867986
v -0.01843896 -0.01116757 0.11888193
v -0.01577069 -0.01457868 0.11938401
v -0.01983984 -0.01229551 0.11866364
v -0.01717158 -0.01570662 0.11916573
v -0.02090270 -0.01328621 0.11758141
v -0.01823444 -0.01669732 0.11808350
v -0.02134275 -0.01387420 0.11592521
v -0.01867448 -0.01728531 0.11642730
v -0.02104206 -0.01390194 0.11413881
v -0.01837379 -0.01731305 0.11464091
v -0.02008121 -0.01336199 0.11270089
v -0.01741295 -0.01677311 0.11320299
v -0.01871767 -0.01239904 0.11199674
v -0.01604941 -0.01581015 0.11249883
v -0.01731678 -0.01127110 0.11221502
v -0.01464852 -0.01468221 0.11271711
v -0.01419169 -0.01366362 0.11330440
v -0.01365651 -0.01277634 0.11479057
v -0.01090690 -0.01648593 0.11380649
v -0.01037172 -0.01559866 0.11529266
v -0.01262526 -0.01801674 0.11644351
v -0.01372516 -0.01253699 0.11658511
v -0.01044037 -0.01535931 0.11708720
v -0.01437925 -0.01300970 0.11820718
v -0.01109446 -0.01583201 0.11870927
v -0.01544351 -0.01406780 0.11922213
v -0.01215873 -0.01689011 0.11972423
v -0.01663279 -0.01542777 0.11935803
v -0.01334800 -0.01825009 0.11986012
v -0.01762841 -0.01672522 0.11857845
v -0.01434362 -0.01954754 0.11908054
v -0.01816359 -0.01761249 0.11709227
v -0.01487880 -0.02043481 0.11759437
v -0.01809494 -0.01785184 0.11529773
v -0.01481015 -0.02067416 0.11579983
v -0.01744085 -0.01737914 0.11367567
v -0.01415606 -0.02020146 0.11417776
v -0.01637658 -0.01632104 0.11266071
v -0.01309180 -0.01914336 0.11316280
v -0.01518731 -0.01496106 0.11252481
v -0.01190252 -0.01778338 0.11302691
v -0.01147714 -0.01669301 0.11341374
v -0.01096910 -0.01549288 0.11467228
v -0.00770312 -0.01881717 0.11391582
v -0.00719507 -0.01761704 0.11517438
v -0.00885124 -0.02014089 0.11694561
v -0.01090482 -0.01496901 0.11640543
v -0.00713080 -0.01709317 0.11690752
v -0.01130154 -0.01526178 0.11814879
v -0.00752751 -0.01738593 0.11865088
v -0.01205294 -0.01629273 0.11943521
v -0.00827892 -0.01841689 0.11993731
v -0.01295770 -0.01778563 0.11992002
v -0.00918367 -0.01990979 0.12042211
v -0.01377338 -0.01934046 0.11947329
v -0.00999935 -0.02146462 0.11997539
v -0.01428142 -0.02054060 0.11821475
v -0.01050740 -0.02266475 0.11871684
v -0.01434570 -0.02106446 0.11648159
v -0.01057167 -0.02318862 0.11698369
v -0.01394899 -0.02077170 0.11473824
v -0.01017496 -0.02289585 0.11524034
v -0.01319758 -0.01974074 0.11345182
v -0.00942355 -0.02186490 0.11395391
v -0.01229282 -0.01824784 0.11296701
v -0.00851880 -0.02037200 0.11346910
v -0.00815003 -0.01922744 0.11364047
v -0.00778725 -0.01774888 0.11462263
v -0.00403301 -0.02057113 0.11414257
v -0.00367023 -0.01909257 0.11512472
v -0.00473422 -0.02148458 0.11744770
v -0.00770956 -0.01691126 0.11622723
v -0.00359254 -0.01825495 0.11672932
v -0.00793778 -0.01693902 0.11802431
v -0.00382077 -0.01828271 0.11852641
v -0.00841076 -0.01782472 0.11953236
v -0.00429375 -0.01916840 0.12003446
v -0.00900177 -0.01933103 0.12034729
v -0.00488475 -0.02067472 0.12084939
v -0.00955244 -0.02105435 0.12025074
v -0.00543542 -0.02239803 0.12075283
v -0.00991522 -0.02253290 0.11926858
v -0.00579821 -0.02387659 0.11977068
v -0.00999291 -0.02337052 0.11766399
v -0.00587589 -0.02471421 0.11816607
v -0.00976469 -0.02334277 0.11586690
v -0.00564767 -0.02468645 0.11636899
v -0.00929171 -0.02245707 0.11435885
v -0.00517469 -0.02380076 0.11486094
v -0.00870070 -0.02095076 0.11354392
v -0.00458368 -0.02229444 0.11404601
v -0.00428800 -0.02112162 0.11399528
v -0.00416630 -0.01944181 0.11466300
v 0.00001247 -0.02163276 0.11449738
v 0.00013417 -0.01995296 0.11516508
v -0.00043375 -0.02199572 0.11794979
v -0.00419677 -0.01830937 0.11607686
v 0.00010370 -0.01882051 0.11657895
v -0.00437125 -0.01802772 0.11785804
v -0.00007078 -0.01853886 0.11836014
v -0.00464299 -0.01867233 0.11952928
v -0.00034252 -0.01918348 0.12003136
v -0.00493917 -0.02007049 0.12064274
v -0.00063870 -0.02058163 0.12114484
v -0.00518044 -0.02184754 0.12090011
v -0.00087997 -0.02235869 0.12140220
v -0.00530214 -0.02352735 0.12023240
v -0.00100167 -0.02403849 0.12073449
v -0.00527167 -0.02465979 0.11881854
v -0.00097120 -0.02517093 0.11932062
v -0.00509718 -0.02494144 0.11703736
v -0.00079671 -0.02545258 0.11753944
v -0.00482545 -0.02429682 0.11536612
v -0.00052498 -0.02480797 0.11586822
v -0.00452926 -0.02289867 0.11425265
v -0.00022879 -0.02340982 0.11475474
v -0.00001145 -0.02223896 0.11448389
v -0.00018964 -0.02046598 0.11481127
v 0.00430583 -0.02189776 0.11498598
v 0.00412764 -0.02012478 0.11531336
v 0.00388353 -0.02165452 0.11845189
v -0.00043325 -0.01910290 0.11597962
v 0.00388403 -0.01876170 0.11648171
v -0.00067699 -0.01851495 0.11767587
v 0.00364029 -0.01817374 0.11817797
v -0.00085555 -0.01885966 0.11944553
v 0.00346173 -0.01851846 0.11994761
v -0.00092109 -0.02004469 0.12081439
v 0.00339619 -0.01970348 0.12131649
v -0.00085605 -0.02175249 0.12141570
v 0.00346123 -0.02141128 0.12191778
v -0.00067785 -0.02352546 0.12108831
v 0.00363942 -0.02318426 0.12159041
v -0.00043425 -0.02488855 0.11991996
v 0.00388303 -0.02454734 0.12042206
v -0.00019051 -0.02547650 0.11822371
v 0.00412677 -0.02513530 0.11872580
v -0.00001195 -0.02513178 0.11645406
v 0.00430533 -0.02479058 0.11695615
v 0.00005360 -0.02394676 0.11508519
v 0.00437087 -0.02360556 0.11558728
v 0.00451665 -0.02246662 0.11510679
v 0.00402578 -0.02072284 0.11508116
v 0.00868344 -0.02128629 0.11560889
v 0.00819257 -0.01954251 0.11558326
v 0.00805032 -0.02047419 0.11895397
v 0.00349679 -0.01922871 0.11595872
v 0.00766358 -0.01804838 0.11646081
v 0.00307143 -0.01838456 0.11750431
v 0.00723822 -0.01720423 0.11800641
v 0.00286367 -0.01841660 0.11930381
v 0.00703046 -0.01723627 0.11980590
v 0.00292918 -0.01931624 0.12087503
v 0.00709597 -0.01813591 0.12137713
v 0.00325041 -0.02084242 0.12179697
v 0.00741720 -0.01966208 0.12229907
v 0.00374128 -0.02258619 0.12182260
v 0.00790807 -0.02140586 0.12232469
v 0.00427027 -0.02408033 0.12094504
v 0.00843706 -0.02290000 0.12144714
v 0.00469563 -0.02492447 0.11939945
v 0.00886242 -0.02374414 0.11990155
v 0.00490339 -0.02489243 0.11759996
v 0.00907018 -0.02371210 0.11810204
v 0.00483788 -0.02399280 0.11602873
v 0.00900467 -0.02281247 0.11653082
v 0.00909664 -0.02173050 0.11585932
v 0.00832831 -0.02013381 0.11548167
v 0.01295148 -0.01975678 0.11636141
v 0.01218314 -0.01816009 0.11598377
v 0.01190515 -0.01850047 0.11945607
v 0.00748549 -0.01862832 0.11603443
v 0.01134032 -0.01665460 0.11653652
v 0.00679401 -0.01761743 0.11736947
v 0.01064884 -0.01564371 0.11787157
v 0.00643916 -0.01737201 0.11912908
v 0.01029400 -0.01539829 0.11963118
v 0.00651602 -0.01795781 0.12084178
v 0.01037086 -0.01598409 0.12134387
v 0.00700400 -0.01921788 0.12204863
v 0.01085883 -0.01724416 0.12255072
v 0.00777233 -0.02081457 0.12242627
v 0.01162717 -0.01884085 0.12292837
v 0.00861515 -0.02232005 0.12187352
v 0.01246999 -0.02034633 0.12237561
v 0.00930663 -0.02333094 0.12053847
v 0.01316146 -0.02135722 0.12104057
v 0.00966148 -0.02357636 0.11877886
v 0.01351631 -0.02160265 0.11928096
v 0.00958462 -0.02299056 0.11706617
v 0.01343945 -0.02101684 0.11756827
v 0.01350363 -0.02000814 0.11673177
v 0.01253564 -0.01865385 0.11601674
v 0.01689713 -0.01731751 0.11723386
v 0.01592914 -0.01596322 0.11651883
v 0.01529866 -0.01580984 0.11995816
v 0.01139871 -0.01725846 0.11622328
v 0.01479221 -0.01456783 0.11672537
v 0.01039748 -0.01619587 0.11729604
v 0.01379098 -0.01350524 0.11779813
v 0.00980023 -0.01575079 0.11894757
v 0.01319373 -0.01306016 0.11944967
v 0.00976700 -0.01604248 0.12073536
v 0.01316050 -0.01335186 0.12123746
v 0.01030668 -0.01699280 0.12218037
v 0.01370018 -0.01430217 0.12268246
v 0.01127467 -0.01834709 0.12289539
v 0.01466817 -0.01565646 0.12339748
v 0.01241160 -0.01974248 0.12268886
v 0.01580510 -0.01705185 0.12319095
v 0.01341283 -0.02080507 0.12161610
v 0.01680633 -0.01811445 0.12211819
v 0.01401007 -0.02125015 0.11996455
v 0.01740358 -0.01855952 0.12046665
v 0.01404331 -0.02095845 0.11817677
v 0.01743681 -0.01826783 0.11867886
v 0.01750348 -0.01733745 0.11770979
v 0.01644428 -0.01628366 0.11668508
v 0.02030415 -0.01403418 0.11821188
v 0.01924495 -0.01298039 0.11718717
v 0.01809932 -0.01250658 0.12046025
v 0.01507812 -0.01510291 0.11653740
v 0.01787879 -0.01179965 0.11703949
v 0.01377105 -0.01411159 0.11730630
v 0.01657172 -0.01080832 0.11780839
v 0.01287330 -0.01357531 0.11878577
v 0.01567397 -0.01027204 0.11928786
v 0.01262542 -0.01363777 0.12057938
v 0.01542609 -0.01033450 0.12108147
v 0.01309383 -0.01428224 0.12220653
v 0.01589450 -0.01097897 0.12270863
v 0.01415303 -0.01533603 0.12323123
v 0.01695370 -0.01203276 0.12373333
v 0.01551919 -0.01651677 0.12337892
v 0.01831986 -0.01321351 0.12388101
v 0.01682626 -0.01750810 0.12261002
v 0.01962693 -0.01420483 0.12311210
v 0.01772401 -0.01804438 0.12113055
v 0.02052468 -0.01474111 0.12163264
v 0.01797189 -0.01798192 0.11933694
v 0.02077256 -0.01467865 0.11983903
v 0.02087162 -0.01381963 0.11877493
v 0.01984367 -0.01307832 0.11748026
v 0.02297092 -0.01003172 0.11927702
v 0.02194298 -0.00929041 0.11798235
v 0.02019863 -0.00871867 0.12096234
v 0.01834834 -0.01218381 0.11698407
v 0.02044764 -0.00839590 0.11748616
v 0.01678628 -0.01137579 0.11741932
v 0.01888558 -0.00758788 0.11792142
v 0.01557605 -0.01087076 0.11866939
v 0.01767535 -0.00708286 0.11917149
v 0.01504193 -0.01080405 0.12039932
v 0.01714123 -0.00701614 0.12090141
v 0.01532703 -0.01119353 0.12214557
v 0.01742634 -0.00740562 0.12264767
v 0.01635497 -0.01193484 0.12344024
v 0.01845428 -0.00814693 0.12394234
v 0.01785031 -0.01282934 0.12393643
v 0.01994962 -0.00904144 0.12443852
v 0.01941237 -0.01363736 0.12350117
v 0.02151168 -0.00984946 0.12400327
v 0.02062260 -0.01414239 0.12225111
v 0.02272191 -0.01035449 0.12275320
v 0.02115672 -0.01420910 0.12052118
v 0.02325603 -0.01042120 0.12102327
v 0.02341240 -0.00961561 0.11990538
v 0.02253337 -0.00915079 0.11839091
v 0.02472900 -0.00548985 0.12040747
v 0.02384997 -0.00502503 0.11889300
v 0.02151523 -0.00459291 0.12146444
v 0.02102875 -0.00857018 0.11756545
v 0.02234535 -0.00444443 0.11806755
v 0.01930169 -0.00802936 0.11765019
v 0.02061829 -0.00390361 0.11815228
v 0.01781498 -0.00767325 0.11862241
v 0.01913157 -0.00354749 0.11912451
v 0.01696696 -0.00759725 0.12022162
v 0.01828355 -0.00347149 0.12072372
v 0.01698486 -0.00782173 0.12201931
v 0.01830146 -0.00369597 0.12252140
v 0.01786389 -0.00828655 0.12353378
v 0.01918049 -0.00416079 0.12403587
v 0.01936852 -0.00886716 0.12435924
v 0.02068512 -0.00474140 0.12486132
v 0.02109557 -0.00940798 0.12427450
v 0.02241217 -0.00528222 0.12477659
v 0.02258229 -0.00976410 0.12330227
v 0.02389889 -0.00563834 0.12380436
v 0.02343031 -0.00984010 0.12170307
v 0.02474691 -0.00571434 0.12220515
v 0.02497673 -0.00493606 0.12107679
v 0.02434140 -0.00466930 0.11940121
v 0.02545960 -0.00063232 0.12157888
v 0.02482427 -0.00036556 0.11990330
v 0.02199810 -0.00028918 0.12196653
v 0.02294881 -0.00438207 0.11827847
v 0.02343168 -0.00007833 0.11878056
v 0.02117208 -0.00415133 0.11800940
v 0.02165495 0.00015240 0.11851149
v 0.01948731 -0.00403892 0.11866611
v 0.01997017 0.00026482 0.11916821
v 0.01834591 -0.00407495 0.12007263
v 0.01882878 0.00022879 0.12057472
v 0.01805373 -0.00424977 0.12185208
v 0.01853660 0.00005397 0.12235417
v 0.01868906 -0.00451653 0.12352766
v 0.01917193 -0.00021279 0.12402976
v 0.02008165 -0.00480376 0.12465040
v 0.02056452 -0.00050002 0.12515250
v 0.02185838 -0.00503449 0.12491947
v 0.02234125 -0.00073075 0.12542155
v 0.02354315 -0.00514691 0.12426276
v 0.02402602 -0.00084317 0.12476485
v 0.02468455 -0.00511088 0.12285624
v 0.02516742 -0.00080714 0.12335833
v 0.02547555 -0.00002586 0.12226322
v 0.02514132 0.00015168 0.12049145
v 0.02510597 0.00428908 0.12276531
v 0.02477174 0.00446662 0.12099355
v 0.02162853 0.00402577 0.12246862
v 0.02396486 0.00021109 0.11911494
v 0.02359529 0.00452603 0.11961703
v 0.02226142 0.00013646 0.11850250
v 0.02189185 0.00445140 0.11900459
v 0.02048741 -0.00005223 0.11881825
v 0.02011784 0.00426272 0.11932033
v 0.01911820 -0.00030440 0.11997757
v 0.01874863 0.00401054 0.12047966
v 0.01852065 -0.00055249 0.12166984
v 0.01815108 0.00376245 0.12217193
v 0.01885488 -0.00073003 0.12344160
v 0.01848531 0.00358491 0.12394369
v 0.02003134 -0.00078944 0.12481812
v 0.01966176 0.00352550 0.12532021
v 0.02173478 -0.00071481 0.12543055
v 0.02136521 0.00360014 0.12593265
v 0.02350878 -0.00052613 0.12511481
v 0.02313921 0.00378882 0.12561691
v 0.02487800 -0.00027395 0.12395549
v 0.02450843 0.00404099 0.12445758
v 0.02488769 0.00485513 0.12343815
v 0.02486573 0.00506597 0.12163886
v 0.02368000 0.00901407 0.12394024
v 0.02365804 0.00922491 0.12214096
v 0.02042084 0.00818471 0.12297071
v 0.02397636 0.00499809 0.12006190
v 0.02276867 0.00915704 0.12056400
v 0.02245789 0.00466968 0.11912983
v 0.02125020 0.00882862 0.11963192
v 0.02071719 0.00416873 0.11909238
v 0.01950950 0.00832767 0.11959447
v 0.01922069 0.00362947 0.11995959
v 0.01801300 0.00778842 0.12046167
v 0.01836936 0.00319640 0.12149908
v 0.01716167 0.00735535 0.12200118
v 0.01839133 0.00298556 0.12329838
v 0.01718363 0.00714450 0.12380046
v 0.01928069 0.00305344 0.12487533
v 0.01807300 0.00721238 0.12537742
v 0.02079916 0.00338185 0.12580740
v 0.01959147 0.00754080 0.12630950
v 0.02253986 0.00388280 0.12584487
v 0.02133217 0.00804175 0.12634696
v 0.02403637 0.00442206 0.12497766
v 0.02282868 0.00858100 0.12547974
v 0.02326100 0.00945281 0.12457552
v 0.02351454 0.00981437 0.12281843
v 0.02126199 0.01329459 0.12507761
v 0.02151553 0.01365615 0.12332052
v 0.01842182 0.01202649 0.12347280
v 0.02293913 0.00973927 0.12110214
v 0.02094011 0.01358105 0.12160423
v 0.02168894 0.00924762 0.11988654
v 0.01968992 0.01308940 0.12038863
v 0.02009896 0.00847117 0.11949734
v 0.01809995 0.01231295 0.11999943
v 0.01859523 0.00761796 0.12003882
v 0.01659622 0.01145974 0.12054092
v 0.01758067 0.00691661 0.12136590
v 0.01558166 0.01075839 0.12186800
v 0.01732713 0.00655504 0.12312300
v 0.01532812 0.01039682 0.12362509
v 0.01790255 0.00663015 0.12483928
v 0.01590353 0.01047193 0.12534137
v 0.01915274 0.00712179 0.12605488
v 0.01715372 0.01096357 0.12655698
v 0.02074271 0.00789825 0.12644409
v 0.01874370 0.01174003 0.12694618
v 0.02224644 0.00875146 0.12590259
v 0.02024743 0.01259324 0.12640469
v 0.02070658 0.01353867 0.12565069
v 0.02115657 0.01414524 0.12400389
v 0.01799371 0.01691442 0.12615278
v 0.01844370 0.01752098 0.12450598
v 0.01570895 0.01540223 0.12397490
v 0.02087379 0.01418409 0.12221478
v 0.01816092 0.01755983 0.12271687
v 0.01993401 0.01364481 0.12076276
v 0.01722114 0.01702056 0.12126485
v 0.01858903 0.01267191 0.12003689
v 0.01587616 0.01604765 0.12053899
v 0.01719926 0.01152606 0.12023167
v 0.01448639 0.01490181 0.12073377
v 0.01613707 0.01051430 0.12129492
v 0.01342420 0.01389005 0.12179701
v 0.01568708 0.00990774 0.12294172
v 0.01297421 0.01328348 0.12344381
v 0.01596986 0.00986889 0.12473083
v 0.01325699 0.01324463 0.12523292
v 0.01690964 0.01040816 0.12618284
v 0.01419677 0.01378391 0.12668493
v 0.01825461 0.01138107 0.12690872
v 0.01554174 0.01475681 0.12741080
v 0.01964439 0.01252692 0.12671393
v 0.01693152 0.01590266 0.12721603
v 0.01738715 0.01692638 0.12664147
v 0.01792439 0.01783462 0.12516877
v 0.01406555 0.01970528 0.12714356
v 0.01460279 0.02061352 0.12567087
v 0.01238735 0.01818113 0.12447698
v 0.01786800 0.01809111 0.12337617
v 0.01454640 0.02087001 0.12387826
v 0.01723310 0.01762711 0.12174400
v 0.01391150 0.02040601 0.12224609
v 0.01618980 0.01656696 0.12070960
v 0.01286820 0.01934586 0.12121169
v 0.01501766 0.01519473 0.12055013
v 0.01169606 0.01797362 0.12105221
v 0.01403076 0.01387809 0.12130832
v 0.01070915 0.01665699 0.12181041
v 0.01349352 0.01296984 0.12278102
v 0.01017192 0.01574874 0.12328311
v 0.01354991 0.01271336 0.12457362
v 0.01022831 0.01549226 0.12507571
v 0.01418481 0.01317735 0.12620579
v 0.01086321 0.01595625 0.12670788
v 0.01522811 0.01423750 0.12724020
v 0.01190650 0.01701640 0.12774229
v 0.01640024 0.01560974 0.12739967
v 0.01307864 0.01838864 0.12790176
v 0.01350095 0.01948328 0.12752892
v 0.01400283 0.02070356 0.12628739
v 0.00969933 0.02155765 0.12803102
v 0.01020121 0.02277793 0.12678948
v 0.00858573 0.02025550 0.12497908
v 0.01407184 0.02124796 0.12456077
v 0.01027022 0.02332233 0.12506285
v 0.01368950 0.02097061 0.12281169
v 0.00988788 0.02304498 0.12331378
v 0.01295824 0.01994582 0.12150883
v 0.00915662 0.02202018 0.12201092
v 0.01207402 0.01844818 0.12100129
v 0.00827240 0.02052254 0.12150338
v 0.01127375 0.01687898 0.12142505
v 0.00747213 0.01895335 0.12192714
v 0.01077187 0.01565870 0.12266658
v 0.00697025 0.01773307 0.12316868
v 0.01070286 0.01511430 0.12439321
v 0.00690124 0.01718866 0.12489530
v 0.01108520 0.01539165 0.12614229
v 0.00728358 0.01746602 0.12664437
v 0.01181646 0.01641645 0.12744515
v 0.00801484 0.01849081 0.12794724
v 0.01270068 0.01791408 0.12795269
v 0.00889906 0.01998845 0.12845479
v 0.00926336 0.02113577 0.12829810
v 0.00961271 0.02263056 0.12733586
v 0.00512904 0.02242522 0.12880020
v 0.00547839 0.02392001 0.12783794
v 0.00445141 0.02154495 0.12548117
v 0.00968688 0.02348896 0.12574211
v 0.00555256 0.02477841 0.12624420
v 0.00946600 0.02348095 0.12394391
v 0.00533168 0.02477041 0.12444600
v 0.00900926 0.02260869 0.12242308
v 0.00487493 0.02389814 0.12292517
v 0.00843902 0.02110589 0.12158713
v 0.00430470 0.02239534 0.12208922
v 0.00790811 0.01937523 0.12166005
v 0.00377378 0.02066468 0.12216214
v 0.00755876 0.01788044 0.12262230
v 0.00342443 0.01916989 0.12312440
v 0.00748458 0.01702204 0.12421605
v 0.00335026 0.01831149 0.12471814
v 0.00770546 0.01703005 0.12601425
v 0.00357114 0.01831950 0.12651634
v 0.00816221 0.01790231 0.12753507
v 0.00402789 0.01919176 0.12803717
v 0.00873244 0.01940511 0.12837103
v 0.00459812 0.02069456 0.12887312
v 0.00488861 0.02186822 0.12893867
v 0.00499167 0.02355785 0.12829299
v 0.00058179 0.02232279 0.12944077
v 0.00068485 0.02401242 0.12879509
v 0.00014459 0.02199952 0.12598327
v 0.00494997 0.02470813 0.12689389
v 0.00064315 0.02516270 0.12739597
v 0.00477468 0.02501083 0.12511624
v 0.00046786 0.02546540 0.12561834
v 0.00451277 0.02438486 0.12343638
v 0.00020595 0.02483943 0.12393847
v 0.00423442 0.02299793 0.12230442
v -0.00007240 0.02345250 0.12280651
v 0.00401421 0.02122168 0.12202366
v -0.00029261 0.02167626 0.12252576
v 0.00391115 0.01953205 0.12266935
v -0.00039567 0.01998662 0.12317144
v 0.00395285 0.01838178 0.12406845
v -0.00035397 0.01883635 0.12457055
v 0.00412814 0.01807907 0.12584610
v -0.00017868 0.01853365 0.12634820
v 0.00439005 0.01870505 0.12752597
v 0.00008323 0.01915962 0.12802805
v 0.00466840 0.02009197 0.12865792
v 0.00036158 0.02054654 0.12916002
v 0.00057382 0.02171617 0.12944527
v 0.00037463 0.02349106 0.12914117
v -0.00373860 0.02131825 0.12994736
v -0.00393779 0.02309314 0.12964326
v -0.00416783 0.02160160 0.12648536
v 0.00011381 0.02486629 0.12799092
v -0.00419861 0.02446837 0.12849301
v -0.00013876 0.02547338 0.12630272
v -0.00445118 0.02507546 0.12680481
v -0.00031541 0.02514965 0.12452891
v -0.00462783 0.02475172 0.12503101
v -0.00036880 0.02398184 0.12314481
v -0.00468122 0.02358392 0.12364690
v -0.00028463 0.02228288 0.12252126
v -0.00459705 0.02188495 0.12302335
v -0.00008545 0.02050799 0.12282535
v -0.00439787 0.02011007 0.12332745
v 0.00017537 0.01913276 0.12397560
v -0.00413705 0.01873483 0.12447770
v 0.00042794 0.01852567 0.12566382
v -0.00388448 0.01812775 0.12616590
v 0.00060459 0.01884940 0.12743761
v -0.00370783 0.01845148 0.12793970
v 0.00065799 0.02001721 0.12882172
v -0.00365443 0.01961928 0.12932381
v -0.00351290 0.02075512 0.12981771
v -0.00402389 0.02249260 0.12986699
v -0.00766382 0.01952012 0.13031979
v -0.00817480 0.02125761 0.13036907
v -0.00831874 0.02036660 0.12698744
v -0.00457344 0.02399134 0.12901016
v -0.00872435 0.02275634 0.12951225
v -0.00501431 0.02484975 0.12747681
v -0.00916522 0.02361475 0.12797891
v -0.00522837 0.02483782 0.12567781
v -0.00937928 0.02360282 0.12617990
v -0.00515825 0.02395875 0.12409519
v -0.00930917 0.02272375 0.12459727
v -0.00482276 0.02244808 0.12315301
v -0.00897367 0.02121308 0.12365510
v -0.00431177 0.02071060 0.12310373
v -0.00846269 0.01947560 0.12360583
v -0.00376222 0.01921186 0.12396055
v -0.00791313 0.01797686 0.12446265
v -0.00332135 0.01835345 0.12549390
v -0.00747227 0.01711845 0.12599599
v -0.00310729 0.01836538 0.12729290
v -0.00725821 0.01713038 0.12779500
v -0.00317741 0.01924445 0.12887552
v -0.00732832 0.01800945 0.12937762
v -0.00723908 0.01908693 0.13006102
v -0.00802357 0.02067008 0.13046175
v -0.01106764 0.01706271 0.13056310
v -0.01185212 0.01864587 0.13096385
v -0.01214730 0.01834238 0.12748954
v -0.00888714 0.02217192 0.12993155
v -0.01271570 0.02014770 0.13043365
v -0.00959842 0.02319002 0.12861249
v -0.01342697 0.02116580 0.12911458
v -0.00996680 0.02345159 0.12685800
v -0.01379536 0.02142737 0.12736009
v -0.00989359 0.02288654 0.12513819
v -0.01372215 0.02086232 0.12564027
v -0.00939841 0.02164627 0.12391388
v -0.01322696 0.01962206 0.12441598
v -0.00861392 0.02006312 0.12351315
v -0.01244248 0.01803890 0.12401524
v -0.00775035 0.01856129 0.12404335
v -0.01157891 0.01653707 0.12454543
v -0.00703907 0.01754318 0.12536241
v -0.01086763 0.01551897 0.12586451
v -0.00667069 0.01728162 0.12711690
v -0.01049924 0.01525740 0.12761900
v -0.00674389 0.01784667 0.12883671
v -0.01057245 0.01582245 0.12933880
v -0.01050907 0.01682595 0.13018522
v -0.01148677 0.01816154 0.13092189
v -0.01386692 0.01409095 0.13068730
v -0.01484461 0.01542654 0.13142398
v -0.01550514 0.01560739 0.12799163
v -0.01264146 0.01954558 0.13073887
v -0.01599930 0.01681059 0.13124096
v -0.01366373 0.02060723 0.12968519
v -0.01702158 0.01787224 0.13018729
v -0.01427969 0.02106202 0.12804319
v -0.01763753 0.01832702 0.12854528
v -0.01432427 0.02078808 0.12625284
v -0.01768211 0.01805308 0.12675494
v -0.01378553 0.01985882 0.12479387
v -0.01714337 0.01712382 0.12529597
v -0.01280783 0.01852323 0.12405720
v -0.01616568 0.01578823 0.12455928
v -0.01165315 0.01713918 0.12424021
v -0.01501099 0.01440419 0.12474231
v -0.01063087 0.01607753 0.12529388
v -0.01398871 0.01334254 0.12579598
v -0.01001492 0.01562275 0.12693588
v -0.01337276 0.01288775 0.12743798
v -0.00997034 0.01589669 0.12872623
v -0.01332818 0.01316169 0.12922832
v -0.01326025 0.01408697 0.13020496
v -0.01432122 0.01511976 0.13124901
v -0.01601726 0.01074717 0.13070704
v -0.01707823 0.01177996 0.13175111
v -0.01826215 0.01226759 0.12849373
v -0.01569942 0.01628321 0.13142027
v -0.01845643 0.01294342 0.13192235
v -0.01702556 0.01726558 0.13067281
v -0.01978257 0.01392578 0.13117491
v -0.01794431 0.01780363 0.12920694
v -0.02070132 0.01446384 0.12970904
v -0.01820949 0.01775320 0.12741543
v -0.02096649 0.01441341 0.12791753
v -0.01775003 0.01712781 0.12577832
v -0.02050704 0.01378801 0.12628040
v -0.01668907 0.01609501 0.12473425
v -0.01944607 0.01275522 0.12523635
v -0.01531087 0.01493156 0.12456300
v -0.01806788 0.01159177 0.12506509
v -0.01398472 0.01394920 0.12531045
v -0.01674173 0.01060940 0.12581255
v -0.01306598 0.01341114 0.12677632
v -0.01582298 0.01007135 0.12727842
v -0.01280080 0.01346157 0.12856783
v -0.01555781 0.01012178 0.12906992
v -0.01545563 0.01097657 0.13013893
v -0.01647714 0.01169781 0.13144992
v -0.01750497 0.00716140 0.13064101
v -0.01852648 0.00788264 0.13195202
v -0.02031149 0.00845242 0.12899582
v -0.01797695 0.01257173 0.13196880
v -0.02002629 0.00875656 0.13247089
v -0.01955317 0.01336415 0.13155654
v -0.02160251 0.00954898 0.13205864
v -0.02078347 0.01386275 0.13032359
v -0.02283281 0.01004758 0.13082568
v -0.02133818 0.01393393 0.12860034
v -0.02338752 0.01011876 0.12910244
v -0.02106867 0.01355861 0.12684852
v -0.02311801 0.00974344 0.12735061
v -0.02004716 0.01283737 0.12553753
v -0.02209650 0.00902220 0.12603962
v -0.01854736 0.01196346 0.12501864
v -0.02059669 0.00814828 0.12552074
v -0.01697113 0.01117104 0.12543091
v -0.01902047 0.00735586 0.12593301
v -0.01574083 0.01067244 0.12666385
v -0.01779017 0.00685726 0.12716594
v -0.01518612 0.01060126 0.12838711
v -0.01723546 0.00678609 0.12888920
v -0.01707458 0.00758897 0.13000914
v -0.01793996 0.00803773 0.13153628
v -0.01833683 0.00344626 0.13051124
v -0.01920222 0.00389503 0.13203835
v -0.02157374 0.00430971 0.12949790
v -0.01944080 0.00859761 0.13238268
v -0.02070305 0.00445490 0.13288477
v -0.02117494 0.00911859 0.13232158
v -0.02243719 0.00497588 0.13282366
v -0.02267771 0.00946106 0.13136934
v -0.02393997 0.00531835 0.13187143
v -0.02354646 0.00953327 0.12978113
v -0.02480872 0.00539056 0.13028321
v -0.02354840 0.00931587 0.12798248
v -0.02481066 0.00517316 0.12848458
v -0.02268301 0.00886711 0.12645537
v -0.02394527 0.00472440 0.12695745
v -0.02118218 0.00830723 0.12560895
v -0.02244443 0.00416452 0.12611105
v -0.01944804 0.00778625 0.12567006
v -0.02071029 0.00364355 0.12617216
v -0.01794526 0.00744378 0.12662229
v -0.01920752 0.00330107 0.12712438
v -0.01707651 0.00737157 0.12821051
v -0.01833877 0.00322886 0.12871261
v -0.01810374 0.00400638 0.12984011
v -0.01872030 0.00426355 0.13152418
v -0.01853000 -0.00030334 0.13034220
v -0.01914656 -0.00004616 0.13202627
v -0.02200000 0.00000000 0.13000000
v -0.02010144 0.00453310 0.13266531
v -0.02052770 0.00022339 0.13316740
v -0.02187708 0.00474279 0.13295774
v -0.02230334 0.00043308 0.13345984
v -0.02357144 0.00483644 0.13232312
v -0.02399770 0.00052673 0.13282520
v -0.02473052 0.00478895 0.13093147
v -0.02515678 0.00047924 0.13143356
v -0.02504374 0.00461305 0.12915571
v -0.02547000 0.00030334 0.12965780
v -0.02442718 0.00435587 0.12747164
v -0.02485344 0.00004616 0.12797374
v -0.02304604 0.00408632 0.12633051
v -0.02347230 -0.00022339 0.12683260
v -0.02127041 0.00387663 0.12603807
v -0.02169666 -0.00043308 0.12654017
v -0.01957605 0.00378298 0.12667270
v -0.02000230 -0.00052673 0.12717479
v -0.01841697 0.00383047 0.12806435
v -0.01884322 -0.00047924 0.12856644
vn 0.81453855 -0.58010819 -0.00120056
vn 0.09777104 -0.98852302 -0.11516535
vn 0.74677851 -0.54205498 -0.38535471
vn 0.68680519 0.71135139 0.14925763
vn 0.61904524 0.74940416 -0.23489658
vn 0.98062471 0.19589586 0.00000000
vn 0.49603256 -0.53178173 -0.68641087
vn 0.36829920 0.75967789 -0.53595262
vn 0.12948824 -0.55204042 -0.82370150
vn 0.00175495 0.73941888 -0.67324338
vn -0.25463938 -0.59740319 -0.76043949
vn -0.38237266 0.69405619 -0.60998127
vn -0.55342354 -0.65571503 -0.51357588
vn -0.68115687 0.63574430 -0.36311775
vn -0.68680522 -0.71135135 -0.14925766
vn -0.81453855 0.58010819 0.00120060
vn -0.61904520 -0.74940421 0.23489652
vn -0.74677848 0.54205501 0.38535472
vn -0.36829926 -0.75967778 0.53595272
vn -0.49603258 0.53178168 0.68641090
vn -0.00175492 -0.73941899 0.67324325
vn -0.12948824 0.55204049 0.82370146
vn 0.38237268 -0.69405611 0.60998134
vn 0.25463939 0.59740317 0.76043950
vn 0.68115685 -0.63574434 0.36311772
vn 0.55342357 0.65571499 0.51357590
vn 0.88937328 -0.43391549 0.14398788
vn 0.88895369 -0.38688439 -0.24511593
vn 0.51112298 0.80749912 0.29444604
vn 0.51070364 0.85453011 -0.09465776
vn 0.92324944 0.38420108 -0.00000000
vn 0.70101565 -0.40250582 -0.58869867
vn 0.32276534 0.83890871 -0.43824047
vn 0.37591692 -0.47659424 -0.79469768
vn -0.00233334 0.76482024 -0.64423952
vn 0.00076734 -0.58929754 -0.80791573
vn -0.37748276 0.65211686 -0.65745750
vn -0.32391153 -0.71041738 -0.62481075
vn -0.70216192 0.53099740 -0.47435261
vn -0.51112339 -0.80749884 -0.29444610
vn -0.88937327 0.43391550 -0.14398791
vn -0.51070330 -0.85453031 0.09465769
vn -0.88895375 0.38688425 0.24511591
vn -0.32276551 -0.83890862 0.43824052
vn -0.70101560 0.40250587 0.58869869
vn 0.00233330 -0.76482025 0.64423951
vn -0.37591686 0.47659427 0.79469769
vn 0.37748278 -0.65211687 0.65745748
vn -0.00076751 0.58929774 0.80791558
vn 0.70216192 -0.53099735 0.47435267
vn 0.32391185 0.71041707 0.62481093
vn 0.91419564 -0.29234265 0.28068152
vn 0.97249876 -0.21115033 -0.09829392
vn 0.30008602 0.85092120 0.43113975
vn 0.35838933 0.93211372 0.05216423
vn 0.83009790 0.55761768 0.00000000
vn 0.85249682 -0.22654833 -0.47108918
vn 0.23838699 0.91671560 -0.32063087
vn 0.58634402 -0.33441163 -0.73781403
vn -0.02776544 0.80885232 -0.58735594
vn 0.24535606 -0.50583780 -0.82699971
vn -0.36875363 0.63742626 -0.67654158
vn -0.07910003 -0.69489328 -0.71474926
vn -0.69320952 0.44837062 -0.56429102
vn -0.30008589 -0.85092127 -0.43113971
vn -0.91419565 0.29234263 -0.28068149
vn -0.35838904 -0.93211382 -0.05216429
vn -0.97249877 0.21115031 0.09829391
vn -0.23838736 -0.91671543 0.32063106
vn -0.85249683 0.22654832 0.47108918
vn 0.02776561 -0.80885243 0.58735578
vn -0.58634403 0.33441161 0.73781404
vn 0.36875360 -0.63742633 0.67654155
vn -0.24535594 0.50583774 0.82699979
vn 0.69320955 -0.44837055 0.56429103
vn 0.07909982 0.69489344 0.71474914
vn 0.89872776 -0.17149003 0.40358342
vn 0.99812187 -0.03619681 0.04942181
vn 0.07255591 0.82932116 0.55404156
vn 0.17194980 0.96461455 0.19988003
vn 0.70477919 0.70942674 -0.00000000
vn 0.94075609 -0.02528768 -0.33813979
vn 0.11458432 0.97552346 -0.18768167
vn 0.74200149 -0.14168629 -0.65525475
vn -0.08417040 0.85912498 -0.50479660
vn 0.45511423 -0.35420326 -0.81695231
vn -0.37105773 0.64660801 -0.66649399
vn 0.15696565 -0.60589520 -0.77990563
vn -0.66920630 0.39491611 -0.62944754
vn -0.07255584 -0.82932116 -0.55404158
vn -0.89872777 0.17149001 -0.40358341
vn -0.17195001 -0.96461452 -0.19988001
vn -0.99812187 0.03619685 -0.04942183
vn -0.11458419 -0.97552348 0.18768165
vn -0.94075608 0.02528766 0.33813982
vn 0.08417040 -0.85912500 0.50479656
vn -0.74200151 0.14168630 0.65525473
vn 0.37105768 -0.64660794 0.66649409
vn -0.45511419 0.35420320 0.81695236
vn 0.66920634 -0.39491616 0.62944746
vn -0.15696565 0.60589523 0.77990561
vn 0.85751120 -0.08173510 0.50793102
vn 0.97405696 0.11929359 0.19230725
vn -0.14870825 0.73784117 0.65838914
vn -0.03216258 0.93887027 0.34276550
vn 0.55215007 0.83374474 0.00000000
vn 0.96441267 0.17855601 -0.19500245
vn -0.04180668 0.99813226 -0.04454431
vn 0.83116266 0.08017164 -0.55021918
vn -0.17505692 0.89974794 -0.39976083
vn 0.61001129 -0.14949728 -0.77816245
vn -0.39620815 0.67007923 -0.62770449
vn 0.36021552 -0.44891053 -0.81775553
vn -0.64600405 0.37066600 -0.66729714
vn 0.14870821 -0.73784118 -0.65838914
vn -0.85751116 0.08173507 -0.50793108
vn 0.03216262 -0.93887028 -0.34276547
vn -0.97405696 -0.11929360 -0.19230723
vn 0.04180683 -0.99813225 0.04454431
vn -0.96441268 -0.17855594 0.19500244
vn 0.17505664 -0.89974792 0.39976100
vn -0.83116265 -0.08017169 0.55021919
vn 0.39620836 -0.67007932 0.62770426
vn -0.61001126 0.14949722 0.77816248
vn 0.64600392 -0.37066590 0.66729733
vn -0.36021559 0.44891061 0.81775546
vn 0.80720289 -0.02645715 0.58968085
vn 0.91432818 0.24185191 0.32482555
vn -0.34007233 0.58012518 0.74013890
vn -0.23294739 0.84843438 0.47528372
vn 0.37812486 0.92575461 0.00000000
vn 0.93016558 0.36409051 -0.04722391
vn -0.21710971 0.97067299 0.10323433
vn 0.85047170 0.30750457 -0.42677726
vn -0.29680390 0.91408710 -0.27631906
vn 0.69660026 0.08725663 -0.71213367
vn -0.45067505 0.69383903 -0.56167553
vn 0.50978115 -0.23763850 -0.82683198
vn -0.63749425 0.36894397 -0.67637373
vn 0.34007233 -0.58012519 -0.74013889
vn -0.80720295 0.02645720 -0.58968077
vn 0.23294743 -0.84843438 -0.47528370
vn -0.91432818 -0.24185190 -0.32482554
vn 0.21710969 -0.97067299 -0.10323431
vn -0.93016567 -0.36409027 0.04722389
vn 0.29680377 -0.91408712 0.27631912
vn -0.85047149 -0.30750498 0.42677738
vn 0.45067507 -0.69383902 0.56167553
vn -0.69660033 -0.08725649 0.71213362
vn 0.63749438 -0.36894403 0.67637357
vn -0.50978122 0.23763853 0.82683193
vn 0.76361849 -0.00192084 0.64566487
vn 0.83619724 0.32488522 0.44184134
vn -0.48025511 0.36816217 0.79612288
vn -0.40767654 0.69496834 0.59229962
vn 0.18944684 0.98189098 0.00000000
vn 0.85136468 0.51505726 0.09946959
vn -0.39250881 0.88514009 0.24992768
vn 0.80505756 0.51763775 -0.28971276
vn -0.43881631 0.88772092 -0.13925451
vn 0.70968310 0.33193638 -0.62142428
vn -0.53419054 0.70201950 -0.47096612
vn 0.59079715 0.00771111 -0.80678328
vn -0.65307660 0.37779412 -0.65632504
vn 0.48025500 -0.36816218 -0.79612294
vn -0.76361861 0.00192094 -0.64566471
vn 0.40767659 -0.69496834 -0.59229959
vn -0.83619713 -0.32488534 -0.44184146
vn 0.39250887 -0.88514006 -0.24992772
vn -0.85136484 -0.51505702 -0.09946950
vn 0.43881623 -0.88772095 0.13925455
vn -0.80505734 -0.51763808 0.28971277
vn 0.53419047 -0.70201952 0.47096617
vn -0.70968319 -0.33193625 0.62142425
vn 0.65307673 -0.37779414 0.65632491
vn -0.59079711 -0.00771112 0.80678331
vn 0.73899067 0.00167677 0.67371357
vn 0.75719935 0.36921750 0.53882055
vn -0.55328039 0.12091942 0.82417189
vn -0.53507162 0.48846008 0.68927869
vn -0.00657247 0.99997840 -0.00000000
vn 0.74564886 0.62185101 0.23939318
vn -0.54662219 0.74109383 0.38985140
vn 0.70743353 0.69188488 -0.14433683
vn -0.58483742 0.81112744 0.00612135
vn 0.65279372 0.56055300 -0.50954950
vn -0.63947740 0.67979562 -0.35909132
vn 0.59636979 0.26304595 -0.75838638
vn -0.69590127 0.38228870 -0.60792826
vn 0.55328033 -0.12091948 -0.82417192
vn -0.73899059 -0.00167673 -0.67371366
vn 0.53507165 -0.48846012 -0.68927864
vn -0.75719945 -0.36921738 -0.53882048
vn 0.54662236 -0.74109372 -0.38985139
vn -0.74564866 -0.62185121 -0.23939328
vn 0.58483730 -0.81112752 -0.00612132
vn -0.70743363 -0.69188477 0.14433683
vn 0.63947741 -0.67979563 0.35909128
vn -0.65279377 -0.56055294 0.50954951
vn 0.69590123 -0.38228868 0.60792833
vn -0.59636973 -0.26304603 0.75838640
vn 0.73987615 -0.00182451 0.67274063
vn 0.69223802 0.38243528 0.61200472
vn -0.55071561 -0.13804294 0.82319892
vn -0.59835411 0.24621693 0.76246284
vn -0.20233665 0.97931603 -0.00000000
vn 0.63202166 0.68247178 0.36712516
vn -0.65857037 0.54625327 0.51758326
vn 0.57536231 0.81789021 0.00371705
vn -0.71522970 0.68167182 0.15417523
vn 0.53744138 0.75240559 -0.38084458
vn -0.75315046 0.61618706 -0.23038640
vn 0.52842043 0.50356404 -0.68351672
vn -0.76217164 0.36734574 -0.53305863
vn 0.55071570 0.13804295 -0.82319886
vn -0.73987623 0.00182450 -0.67274055
vn 0.59835402 -0.24621696 -0.76246290
vn -0.69223799 -0.38243530 -0.61200474
vn 0.65857038 -0.54625326 -0.51758326
vn -0.63202172 -0.68247176 -0.36712511
vn 0.71522974 -0.68167178 -0.15417524
vn -0.57536225 -0.81789025 -0.00371706
vn 0.75315038 -0.61618714 0.23038643
vn -0.53744139 -0.75240558 0.38084458
vn 0.76217174 -0.36734569 0.53305853
vn -0.52842044 -0.50356403 0.68351672
vn 0.76604326 0.00276995 0.64278306
vn 0.65118813 0.37716714 0.65855825
vn -0.47285867 -0.38363121 0.79324131
vn -0.58771342 -0.00923378 0.80901649
vn -0.39026058 0.92070445 -0.00000000
vn 0.52782915 0.70227078 0.47771553
vn -0.71107255 0.31586974 0.62817365
vn 0.42902018 0.89096942 0.14871174
vn -0.80988148 0.50456846 0.29916995
vn 0.38123695 0.89270143 -0.24029678
vn -0.85766481 0.50630041 -0.08983862
vn 0.39728284 0.70700275 -0.58507560
vn -0.84161884 0.32060173 -0.43461736
vn 0.47285861 0.38363115 -0.79324137
vn -0.76604312 -0.00276981 -0.64278321
vn 0.58771358 0.00923384 -0.80901637
vn -0.65118816 -0.37716715 -0.65855821
vn 0.71107248 -0.31586980 -0.62817370
vn -0.52782923 -0.70227076 -0.47771548
vn 0.80988149 -0.50456845 -0.29916993
vn -0.42902016 -0.89096942 -0.14871176
vn 0.85766485 -0.50630033 0.08983861
vn -0.38123694 -0.89270144 0.24029676
vn 0.84161872 -0.32060187 0.43461751
vn -0.39728288 -0.70700274 0.58507558
vn 0.81050916 0.02910900 0.58500219
vn 0.63738533 0.36857573 0.67667709
vn -0.32869431 -0.59250144 0.73546047
vn -0.50181768 -0.25303437 0.82713519
vn -0.56306133 0.82641511 -0.00000000
vn 0.44609918 0.69256326 0.56687887
vn -0.69310401 0.07095301 0.71733709
vn 0.28790531 0.91425887 0.28502852
vn -0.85129796 0.29264845 0.43548671
vn 0.20519156 0.97425958 -0.09335252
vn -0.93401143 0.35264939 0.05710564
vn 0.22012160 0.85648812 -0.46687748
vn -0.91908167 0.23487799 -0.31641937
vn 0.32869407 0.59250143 -0.73546057
vn -0.81050916 -0.02910900 -0.58500219
vn 0.50181771 0.25303435 -0.82713518
vn -0.63738534 -0.36857573 -0.67667707
vn 0.69310409 -0.07095285 -0.71733703
vn -0.44609919 -0.69256326 -0.56687886
vn 0.85129789 -0.29264857 -0.43548676
vn -0.28790524 -0.91425888 -0.28502855
vn 0.93401143 -0.35264938 -0.05710566
vn -0.20519173 -0.97425954 0.09335257
vn 0.91908166 -0.23487803 0.31641935
vn -0.22012134 -0.85648814 0.46687756
vn 0.86072810 0.08664461 0.50163716
vn 0.64722831 0.37147537 0.66565874
vn -0.13463181 -0.74608721 0.65209520
vn -0.34813131 -0.46125630 0.81611716
vn -0.71404344 0.70010140 -0.00000000
vn 0.39365706 0.66833442 0.63116022
vn -0.60170285 -0.16439730 0.78161833
vn 0.16795857 0.89767880 0.40738519
vn -0.82740119 0.06494709 0.55784329
vn 0.03060875 0.99805574 0.05429401
vn -0.96475103 0.16532389 0.20475219
vn 0.01841027 0.94256933 -0.33350280
vn -0.97694950 0.10983785 -0.18304460
vn 0.13463160 0.74608713 -0.65209534
vn -0.86072817 -0.08664469 -0.50163704
vn 0.34813165 0.46125650 -0.81611690
vn -0.64722820 -0.37147529 -0.66565890
vn 0.60170269 0.16439715 -0.78161848
vn -0.39365700 -0.66833447 -0.63116020
vn 0.82740123 -0.06494693 -0.55784326
vn -0.16795863 -0.89767880 -0.40738515
vn 0.96475099 -0.16532410 -0.20475223
vn -0.03060873 -0.99805574 -0.05429397
vn 0.97694951 -0.10983767 0.18304462
vn -0.01841021 -0.94256933 0.33350280
vn 0.90073868 0.17865851 0.39591789
vn 0.67095268 0.39753368 0.62593088
vn 0.08779316 -0.83292584 0.54637616
vn -0.14199281 -0.61405069 0.77638895
vn -0.83735560 0.54665857 -0.00000000
vn 0.37029962 0.64541672 0.66806844
vn -0.44264582 -0.36616750 0.81852675
vn 0.07933912 0.85588744 0.51104010
vn -0.73360653 -0.15569699 0.66149823
vn -0.12396638 0.97255040 0.19692145
vn -0.93691181 -0.03903374 0.34737965
vn -0.18514105 0.96414587 -0.19011978
vn -0.99808645 -0.04743838 -0.03966160
vn -0.08779302 0.83292593 -0.54637605
vn -0.90073867 -0.17865849 -0.39591792
vn 0.14199266 0.61405054 -0.77638909
vn -0.67095276 -0.39753367 -0.62593081
vn 0.44264592 0.36616759 -0.81852666
vn -0.37029953 -0.64541667 -0.66806855
vn 0.73360648 0.15569697 -0.66149829
vn -0.07933902 -0.85588746 -0.51104009
vn 0.93691182 0.03903380 -0.34737964
vn 0.12396625 -0.97255042 -0.19692142
vn 0.99808645 0.04743836 0.03966165
vn 0.18514101 -0.96414588 0.19011976
vn 0.91393295 0.30128786 0.27194153
vn 0.69445110 0.45301252 0.55903249
vn 0.31490382 -0.84994948 0.42239966
vn 0.09542194 -0.69822473 0.70949058
vn -0.92821983 0.37203218 -0.00000000
vn 0.36914641 0.63758967 0.67617330
vn -0.22988277 -0.51364768 0.82663170
vn 0.02518377 0.80556140 0.59197687
vn -0.57384538 -0.34567594 0.74243493
vn -0.24527202 0.91192035 0.32900291
vn -0.84430121 -0.23931688 0.47946105
vn -0.36975297 0.92816741 -0.04228471
vn -0.96878187 -0.22306991 0.10817351
vn -0.31490363 0.84994955 -0.42239965
vn -0.91393299 -0.30128764 -0.27194162
vn -0.09542221 0.69822452 -0.70949075
vn -0.69445109 -0.45301280 -0.55903227
vn 0.22988291 0.51364787 -0.82663154
vn -0.36914633 -0.63758949 -0.67617352
vn 0.57384538 0.34567578 -0.74243501
vn -0.02518378 -0.80556144 -0.59197681
vn 0.84430120 0.23931696 -0.47946103
vn 0.24527202 -0.91192036 -0.32900287
vn 0.96878188 0.22306987 -0.10817352
vn 0.36975295 -0.92816742 0.04228469
vn 0.88601219 0.44372165 0.13451206
vn 0.70184278 0.53740886 0.46755580
vn 0.52411236 -0.80255731 0.28497017
vn 0.33994288 -0.70887045 0.61801418
vn -0.98311486 0.18298957 0.00000000
vn 0.37810069 0.65406697 0.65516125
vn 0.01620071 -0.59221208 0.80561926
vn 0.00153214 0.76243861 0.64705874
vn -0.36036773 -0.48384044 0.79751710
vn -0.32696167 0.83348485 0.44542011
vn -0.68886145 -0.41279424 0.59587820
vn -0.51936060 0.84816953 0.10427375
vn -0.88126068 -0.39810964 0.25473188
vn -0.52411220 0.80255742 -0.28497014
vn -0.88601218 -0.44372168 -0.13451203
vn -0.33994308 0.70887031 -0.61801423
vn -0.70184280 -0.53740872 -0.46755593
vn -0.01620072 0.59221204 -0.80561929
vn -0.37810069 -0.65406709 -0.65516113
vn 0.36036777 0.48384055 -0.79751702
vn -0.00153212 -0.76243854 -0.64705882
vn 0.68886143 0.41279428 -0.59587819
vn 0.32696168 -0.83348484 -0.44542012
vn 0.88126067 0.39810960 -0.25473195
vn 0.51936057 -0.84816955 -0.10427369
vn 0.80765680 0.58954940 -0.01104510
vn 0.67838797 0.64321994 0.35504630
vn 0.69690983 -0.70347758 0.13941303
vn 0.56764102 -0.64980688 0.50550439
vn -0.99991361 -0.01314464 -0.00000000
vn 0.38218278 0.69777318 0.60584562
vn 0.27143600 -0.59525361 0.75630393
vn -0.00159063 0.73859119 0.67415171
vn -0.11233745 -0.55443565 0.82460985
vn -0.37010050 0.75473721 0.54166166
vn -0.48084748 -0.53828956 0.69211997
vn -0.62460528 0.74188443 0.24387649
vn -0.73535190 -0.55114234 0.39433451
vn -0.69690979 0.70347760 -0.13941309
vn -0.80765681 -0.58954939 0.01104515
vn -0.56764110 0.64980675 -0.50550448
vn -0.67838794 -0.64322002 -0.35504620
vn -0.27143590 0.59525378 -0.75630383
vn -0.38218285 -0.69777309 -0.60584568
vn 0.11233745 0.55443558 -0.82460990
vn 0.00159064 -0.73859112 -0.67415178
vn 0.48084746 0.53828963 -0.69211993
vn 0.37010048 -0.75473725 -0.54166163
vn 0.73535191 0.55114228 -0.39433457
vn 0.62460524 -0.74188448 -0.24387642
vn 0.67648478 0.71906807 -0.15908945
vn 0.61327673 0.75688674 0.22586303
vn 0.82118233 -0.57060063 -0.00863124
vn 0.75797447 -0.53278237 0.37632120
vn -0.97796507 -0.20876859 0.00000000
vn 0.36635631 0.76468062 0.53013828
vn 0.51105394 -0.52498805 0.68059636
vn 0.00188492 0.74036227 0.67220544
vn 0.14658261 -0.54930657 0.82266386
vn -0.38247727 0.69044683 0.61399863
vn -0.23777953 -0.59922200 0.76445660
vn -0.68374076 0.62830998 0.37111339
vn -0.53904314 -0.66135884 0.52157165
vn -0.82118225 0.57060075 0.00863120
vn -0.67648465 -0.71906820 0.15908944
vn -0.75797465 0.53278205 -0.37632129
vn -0.61327675 -0.75688673 -0.22586301
vn -0.51105387 0.52498823 -0.68059628
vn -0.36635630 -0.76468065 -0.53013825
vn -0.14658267 0.54930665 -0.82266380
vn -0.00188488 -0.74036216 -0.67220556
vn 0.23777954 0.59922185 -0.76445671
vn 0.38247727 -0.69044700 -0.61399844
vn 0.53904301 0.66135900 -0.52157157
vn 0.68374082 -0.62830986 -0.37111348
vn 0.49797440 0.81220439 -0.30388407
vn 0.50184797 0.86076798 0.08501233
vn 0.89250956 -0.42413111 -0.15342587
vn 0.89638313 -0.37556743 0.23547057
vn -0.91811965 -0.39630331 -0.00000000
vn 0.31839412 0.84432703 0.43097221
vn 0.71292920 -0.39200844 0.58143043
vn -0.00323087 0.76728683 0.64129594
vn 0.39130421 -0.46904851 0.79175407
vn -0.37684791 0.65029032 0.65962728
vn 0.01768720 -0.58604498 0.81008545
vn -0.70234650 0.52468663 0.48105440
vn -0.30781137 -0.71164878 0.63151261
vn -0.89250956 0.42413111 0.15342587
vn -0.49797442 -0.81220438 0.30388407
vn -0.89638315 0.37556743 -0.23547052
vn -0.50184793 -0.86076800 -0.08501238
vn -0.71292923 0.39200841 -0.58143041
vn -0.31839419 -0.84432695 -0.43097232
vn -0.39130421 0.46904851 -0.79175407
vn 0.00323094 -0.76728693 -0.64129582
vn -0.01768720 0.58604498 -0.81008545
vn 0.37684791 -0.65029032 -0.65962728
vn 0.30781138 0.71164878 -0.63151261
vn 0.70234650 -0.52468663 -0.48105440
vn 0.28519352 0.85160118 -0.43981825
vn 0.34687130 0.93585809 -0.06204781
vn 0.91427737 -0.28349199 -0.28935997
vn 0.97595543 -0.19923500 0.08841043
vn -0.82269662 -0.56848066 0.00000000
vn 0.23132420 0.92142612 0.31219066
vn 0.86040825 -0.21366715 0.46264888
vn -0.03048721 0.81217232 0.58262050
vn 0.59859668 -0.32292063 0.73307863
vn -0.36841118 0.63737154 0.67677967
vn 0.26067292 -0.49772182 0.82723795
vn -0.69190074 0.44386076 0.56943919
vn -0.06281665 -0.69123223 0.71989726
vn -0.91427739 0.28349191 0.28935996
vn -0.28519341 -0.85160122 0.43981823
vn -0.97595541 0.19923512 -0.08841042
vn -0.34687129 -0.93585809 0.06204782
vn -0.86040829 0.21366700 -0.46264888
vn -0.23132423 -0.92142612 -0.31219066
vn -0.59859671 0.32292076 -0.73307855
vn 0.03048727 -0.81217233 -0.58262049
vn -0.26067284 0.49772169 -0.82723805
vn 0.36841119 -0.63737155 -0.67677965
vn 0.06281656 0.69123234 -0.71989717
vn 0.69190072 -0.44386079 -0.56943919
vn 0.05734592 0.82540273 -0.56162423
vn 0.15867898 0.96482172 -0.20961877
vn 0.89660166 -0.16446263 -0.41116602
vn 0.99793429 -0.02504352 -0.05916055
vn -0.69539336 -0.71862930 0.00000000
vn 0.10505440 0.97833445 0.17839639
vn 0.94431019 -0.01153086 0.32885454
vn -0.08915772 0.86231996 0.49845279
vn 0.75009778 -0.12754522 0.64891104
vn -0.37191919 0.64786431 0.66479166
vn 0.46733637 -0.34200099 0.81524968
vn -0.66746433 0.39243104 0.63284220
vn 0.17179130 -0.59743442 0.78330062
vn -0.89660163 0.16446243 0.41116618
vn -0.05734606 -0.82540274 0.56162420
vn -0.99793429 0.02504363 0.05916052
vn -0.15867879 -0.96482176 0.20961876
vn -0.94431017 0.01153080 -0.32885461
vn -0.10505440 -0.97833447 -0.17839629
vn -0.75009787 0.12754542 -0.64891089
vn 0.08915755 -0.86231990 -0.49845294
vn -0.46733626 0.34200085 -0.81524980
vn 0.37191930 -0.64786439 -0.66479152
vn -0.17179136 0.59743447 -0.78330057
vn 0.66746427 -0.39243083 -0.63284239
vn -0.16265115 0.72929771 -0.66458216
vn -0.04590079 0.93488063 -0.35198199
vn 0.85425429 -0.07698198 -0.51412390
vn 0.97100458 0.12860111 -0.20152383
vn -0.54114333 -0.84093038 0.00000000
vn -0.05309077 0.99798404 0.03477396
vn 0.96381448 0.19170478 0.18523210
vn -0.18229484 0.90169941 0.39205454
vn 0.83461066 0.09541966 0.54251279
vn -0.39889239 0.67182613 0.62412700
vn 0.61801287 -0.13445333 0.77458530
vn -0.64484657 0.36995842 0.66880765
vn 0.37205874 -0.43632100 0.81926569
vn -0.85425427 0.07698202 0.51412392
vn 0.16265113 -0.72929773 0.66458215
vn -0.97100458 -0.12860113 0.20152384
vn 0.04590081 -0.93488064 0.35198196
vn -0.96381447 -0.19170472 -0.18523218
vn 0.05309079 -0.99798404 -0.03477391
vn -0.83461064 -0.09541978 -0.54251281
vn 0.18229476 -0.90169941 -0.39205458
vn -0.61801310 0.13445351 -0.77458509
vn 0.39889229 -0.67182602 -0.62412719
vn -0.37205864 0.43632089 -0.81926580
vn 0.64484669 -0.36995850 -0.66880749
vn -0.35122141 0.56750517 -0.74470222
vn -0.24565661 0.84009739 -0.48362094
vn 0.80392811 -0.02394449 -0.59424428
vn 0.90949283 0.24864732 -0.33316258
vn -0.36592366 -0.93064487 0.00000000
vn -0.22902936 0.96682542 -0.11311125
vn 0.92612006 0.37537560 0.03734695
vn -0.30579446 0.91373261 0.26754899
vn 0.84935500 0.32228277 0.41800706
vn -0.45538301 0.69504515 0.55636189
vn 0.69976647 0.10359543 0.70682025
vn -0.63771232 0.36936006 0.67594094
vn 0.51743712 -0.22208972 0.82639880
vn -0.80392830 0.02394469 0.59424401
vn 0.35122115 -0.56750515 0.74470236
vn -0.90949276 -0.24864745 0.33316268
vn 0.24565678 -0.84009735 0.48362091
vn -0.92611996 -0.37537583 -0.03734697
vn 0.22902932 -0.96682543 0.11311128
vn -0.84935510 -0.32228253 -0.41800705
vn 0.30579458 -0.91373259 -0.26754893
vn -0.69976655 -0.10359535 -0.70682019
vn 0.45538274 -0.69504516 -0.55636210
vn -0.51743683 0.22208960 -0.82639902
vn 0.63771256 -0.36936023 -0.67594061
vn -0.48735021 0.35253463 -0.79887991
vn -0.41785816 0.68269547 -0.59943428
vn 0.76128065 -0.00116666 -0.64842148
vn 0.83077248 0.32899445 -0.44897631
vn -0.17652409 -0.98429632 0.00000000
vn -0.40368599 0.87731557 -0.25952845
vn 0.84494479 0.52361436 -0.10907020
vn -0.44863121 0.88424672 0.12976042
vn 0.79999946 0.53054544 0.28021850
vn -0.54065124 0.70163147 0.46412230
vn 0.70797948 0.34793058 0.61458064
vn -0.65508846 0.37840177 0.65396575
vn 0.59354221 0.02470059 0.80442373
vn -0.76128064 0.00116667 0.64842148
vn 0.48735021 -0.35253463 0.79887991
vn -0.83077247 -0.32899447 0.44897633
vn 0.41785816 -0.68269547 0.59943428
vn -0.84494481 -0.52361432 0.10907020
vn 0.40368599 -0.87731557 0.25952845
vn -0.79999942 -0.53054548 -0.28021851
vn 0.44863121 -0.88424672 -0.12976042
vn -0.70797950 -0.34793055 -0.61458064
vn 0.54065125 -0.70163147 -0.46412229
vn -0.59354220 -0.02470059 -0.80442373
vn 0.65508844 -0.37840177 -0.65396578
vn -0.55550572 0.10374328 -0.82501559
vn -0.54143550 0.47319529 -0.69493439
vn 0.73822089 0.00149699 -0.67455740
vn 0.75229148 0.37094898 -0.54447625
vn 0.01971590 -0.99980562 -0.00000000
vn -0.55561403 0.72955360 -0.39880395
vn 0.73811243 0.62730729 -0.24834574
vn -0.59424342 0.80412664 -0.01597175
vn 0.69948362 0.70188037 0.13448651
vn -0.64697166 0.67693343 0.35098262
vn 0.64675496 0.57468708 0.50144070
vn -0.69967129 0.38205461 0.60373368
vn 0.59405523 0.27980840 0.75419205
vn -0.73822088 -0.00149698 0.67455740
vn 0.55550605 -0.10374329 0.82501537
vn -0.75229147 -0.37094901 0.54447624
vn 0.54143517 -0.47319539 0.69493459
vn -0.73811244 -0.62730729 0.24834571
vn 0.55561437 -0.72955337 0.39880389
vn -0.69948348 -0.70188050 -0.13448651
vn 0.59424313 -0.80412686 0.01597170
vn -0.64675502 -0.57468704 -0.50144067
vn 0.64697181 -0.67693334 -0.35098253
vn -0.59405548 -0.27980832 -0.75419188
vn 0.69967132 -0.38205458 -0.60373367
vn -0.54781337 -0.15510640 -0.82209642
vn -0.60000642 0.22932831 -0.76642079
vn 0.74087668 -0.00193562 -0.67163829
vn 0.68868356 0.38249886 -0.61596232
vn 0.21519172 -0.97657182 -0.00000000
vn -0.66408053 0.53179335 -0.52554056
vn 0.62460949 0.68496427 -0.37508256
vn -0.72286593 0.67124425 -0.16400002
vn 0.56582406 0.82441479 -0.01354178
vn -0.76061202 0.61031455 0.22132672
vn 0.52807794 0.76348519 0.37178495
vn -0.76720435 0.36533066 0.52719161
vn 0.52148554 0.51850128 0.67764979
vn -0.74087679 0.00193567 0.67163817
vn 0.54781327 0.15510634 0.82209649
vn -0.68868330 -0.38249891 0.61596258
vn 0.60000670 -0.22932821 0.76642060
vn -0.62460968 -0.68496419 0.37508240
vn 0.66408039 -0.53179343 0.52554066
vn -0.56582399 -0.82441484 0.01354185
vn 0.72286594 -0.67124426 0.16399997
vn -0.52807795 -0.76348519 -0.37178495
vn 0.76061214 -0.61031442 -0.22132666
vn -0.52148558 -0.51850130 -0.67764976
vn 0.76720426 -0.36533069 -0.52719171
vn -0.46516459 -0.39893520 -0.79023579
vn -0.58429223 -0.02612665 -0.81112267
vn 0.76855106 0.00371700 -0.63977766
vn 0.64942346 0.37652556 -0.66066456
vn 0.40232889 -0.91549520 -0.00000000
vn -0.71214574 0.29973733 -0.63482752
vn 0.52156995 0.70238961 -0.48436931
vn -0.81446679 0.49134208 -0.30858841
vn 0.41924890 0.89399397 -0.15813012
vn -0.86383902 0.49734640 0.08017916
vn 0.36987660 0.89999872 0.23063739
vn -0.84703259 0.31614240 0.42730524
vn 0.38668316 0.71879454 0.57776339
vn -0.76855110 -0.00371700 0.63977761
vn 0.46516464 0.39893524 0.79023574
vn -0.64942356 -0.37652552 0.66066449
vn 0.58429205 0.02612656 0.81112280
vn -0.52156994 -0.70238956 0.48436938
vn 0.71214575 -0.29973742 0.63482746
vn -0.41924864 -0.89399407 0.15813024
vn 0.81446702 -0.49134176 0.30858832
vn -0.36987679 -0.89999864 -0.23063737
vn 0.86383893 -0.49734656 -0.08017917
vn -0.38668305 -0.71879455 -0.57776346
vn 0.84703264 -0.31614238 -0.42730517
vn -0.31709190 -0.60462926 -0.73066831
vn -0.49355032 -0.26827083 -0.82730819
vn 0.81384189 0.03190121 -0.58021004
vn 0.63738396 0.36825998 -0.67685026
vn 0.57387541 -0.81894262 -0.00000000
vn -0.68927798 0.05469201 -0.72242969
vn 0.44165606 0.69122265 -0.57197130
vn -0.85183101 0.27772107 -0.44413391
vn 0.27910296 0.91425164 -0.29367581
vn -0.93765299 0.34105592 -0.06699047
vn 0.19328125 0.97758658 0.08346761
vn -0.92374809 0.22772615 0.30794524
vn 0.20718595 0.86425699 0.45840358
vn -0.81384186 -0.03190118 0.58021009
vn 0.31709207 0.60462927 0.73066823
vn -0.63738397 -0.36826002 0.67685022
vn 0.49355020 0.26827077 0.82730828
vn -0.44165614 -0.69122261 0.57197128
vn 0.68927804 -0.05469199 0.72242963
vn -0.27910297 -0.91425163 0.29367583
vn 0.85183102 -0.27772105 0.44413391
vn -0.19328106 -0.97758661 -0.08346766
vn 0.93765298 -0.34105595 0.06699048
vn -0.20718616 -0.86425698 -0.45840351
vn 0.92374808 -0.22772616 -0.30794527
vn -0.12042815 -0.75403334 -0.64570177
vn -0.33581219 -0.47335334 -0.81435053
vn 0.86389991 0.09170996 -0.49524360
vn 0.64851590 0.37238973 -0.66389233
vn 0.72318401 -0.69065541 -0.00000000
vn -0.59309060 -0.17914699 -0.78495216
vn 0.39123742 0.66659622 -0.63449410
vn -0.82332568 0.04975390 -0.56538427
vn 0.16100244 0.89549690 -0.41492591
vn -0.96482645 0.15201468 -0.21447948
vn 0.01950168 0.99775796 -0.06402131
vn -0.97967762 0.10023546 0.17373718
vn 0.00465025 0.94597869 0.32419545
vn -0.86389988 -0.09170972 0.49524371
vn 0.12042838 0.75403337 0.64570170
vn -0.64851583 -0.37238972 0.66389239
vn 0.33581201 0.47335326 0.81435065
vn -0.39123759 -0.66659631 0.63449390
vn 0.59309056 0.17914691 0.78495221
vn -0.16100225 -0.89549686 0.41492608
vn 0.82332579 -0.04975366 0.56538413
vn -0.01950179 -0.99775797 0.06402126
vn 0.96482645 -0.15201468 0.21447952
vn -0.00465029 -0.94597871 -0.32419540
vn 0.97967756 -0.10023575 -0.17373735
vn 0.10305065 -0.83621715 -0.53862922
vn -0.12687975 -0.62189793 -0.77275125
vn 0.90262952 0.18596565 -0.38817100
vn 0.67269875 0.40028447 -0.62229313
vn 0.84446889 -0.53560461 -0.00000000
vn -0.42993647 -0.37788835 -0.81997258
vn 0.36964223 0.64429429 -0.66951437
vn -0.72491516 -0.16957030 -0.66764056
vn 0.07466364 0.85261231 -0.51718235
vn -0.93277662 -0.05276258 -0.35657242
vn -0.13319822 0.96941999 -0.20611432
vn -0.99782461 -0.05876346 0.02988149
vn -0.19824578 0.96341902 0.18033970
vn -0.90262951 -0.18596557 0.38817106
vn -0.10305100 0.83621706 0.53862930
vn -0.67269882 -0.40028450 0.62229304
vn 0.12687982 0.62189794 0.77275123
vn -0.36964222 -0.64429425 0.66951442
vn 0.42993652 0.37788837 0.81997254
vn -0.07466348 -0.85261230 0.51718240
vn 0.72491513 0.16957025 0.66764061
vn 0.13319775 -0.96942009 0.20611417
vn 0.93277663 0.05276258 0.35657238
vn 0.19824618 -0.96341895 -0.18033963
vn 0.99782462 0.05876331 -0.02988159
vn 0.32964080 -0.84868849 -0.41359978
vn 0.11177537 -0.70122611 -0.70412230
vn 0.91348571 0.31032305 -0.26314153
vn 0.69562065 0.45778576 -0.55366425
vn 0.93302974 -0.35979926 0.00000000
vn -0.21425998 -0.52114833 -0.82613381
vn 0.36958509 0.63786330 -0.67567542
vn -0.56110531 -0.35670776 -0.74694069
vn 0.02273959 0.80230370 -0.59648276
vn -0.83582319 -0.25196584 -0.48776308
vn -0.25197797 0.90704609 -0.33730476
vn -0.96480345 -0.23498752 -0.11804734
vn -0.38095837 0.92402395 0.03241084
vn -0.91348567 -0.31032318 0.26314152
vn -0.32964058 0.84868864 0.41359966
vn -0.69562065 -0.45778574 0.55366427
vn -0.11177564 0.70122586 0.70412251
vn -0.36958502 -0.63786326 0.67567549
vn 0.21426009 0.52114851 0.82613367
vn -0.02273978 -0.80230390 0.59648248
vn 0.56110526 0.35670779 0.74694072
vn 0.25197816 -0.90704596 0.33730495
vn 0.83582324 0.25196568 0.48776307
vn 0.38095836 -0.92402395 -0.03241085
vn 0.96480338 0.23498777 0.11804735
vn 0.53693718 -0.79738407 -0.27545800
vn 0.35589797 -0.70701098 -0.61112365
vn 0.88242427 0.45354430 -0.12499992
vn 0.70138512 0.54391759 -0.46066536
vn 0.98543521 -0.17005128 0.00000000
vn 0.03320984 -0.59478747 -0.80319672
vn 0.37869690 0.65614083 -0.65273874
vn -0.34466338 -0.49078358 -0.80021162
vn 0.00082370 0.76014479 -0.64975320
vn -0.67647086 -0.42286764 -0.60296778
vn -0.33098376 0.82806086 -0.45250962
vn -0.87330507 -0.40923688 -0.26431693
vn -0.52781798 0.84169136 -0.11385881
vn -0.88242421 -0.45354444 0.12499981
vn -0.53693716 0.79738406 0.27545807
vn -0.70138517 -0.54391745 0.46066544
vn -0.35589794 0.70701100 0.61112363
vn -0.37869689 -0.65614081 0.65273877
vn -0.03320985 0.59478746 0.80319673
vn -0.00082370 -0.76014482 0.64975317
vn 0.34466338 0.49078358 0.80021162
vn 0.33098377 -0.82806086 0.45250962
vn 0.67647086 0.42286764 0.60296778
vn 0.52781796 -0.84169138 0.11385880
vn 0.87330506 0.40923690 0.26431693
vn 0.70679594 -0.69545266 -0.12955736
vn 0.58169049 -0.64363848 -0.49735870
vn 0.80053737 0.59891825 0.02090077
vn 0.67543151 0.65073222 -0.34690036
vn 0.99965445 0.02628655 0.00000000
vn 0.28816204 -0.59277548 -0.75205045
vn 0.38190348 0.70159546 -0.60159250
vn -0.09513775 -0.55649076 -0.82538890
vn -0.00139652 0.73787985 -0.67493064
vn -0.46550454 -0.54450821 -0.69772224
vn -0.37176320 0.74986278 -0.54726404
vn -0.72369878 -0.56003752 -0.40325928
vn -0.62995752 0.73433311 -0.25280112
vn -0.80053736 -0.59891827 -0.02090078
vn -0.70679595 0.69545265 0.12955735
vn -0.67543152 -0.65073220 0.34690036
vn -0.58169050 0.64363847 0.49735871
vn -0.38190348 -0.70159546 0.60159250
vn -0.28816203 0.59277549 0.75205044
vn 0.00139653 -0.73787985 0.67493065
vn 0.09513775 0.55649078 0.82538889
vn 0.37176320 -0.74986279 0.54726403
vn 0.46550455 0.54450820 0.69772225
vn 0.62995753 -0.73433310 0.25280112
vn 0.72369877 0.56003753 0.40325928
vn 0.82758765 -0.56103328 0.01844849
vn 0.76893709 -0.52332936 -0.36723581
vn 0.66595084 0.72662231 0.16890674
vn 0.60729975 0.76432620 -0.21677748
vn 0.97513643 0.22160538 -0.00000000
vn 0.52590546 -0.51791331 -0.67467715
vn 0.36426853 0.76974202 -0.52421910
vn 0.16361318 -0.54623594 -0.82149682
vn 0.00197617 0.74141968 -0.67103871
vn -0.22086390 -0.60070784 -0.76835488
vn -0.38250086 0.68694754 -0.61789657
vn -0.52450520 -0.66673415 -0.52949019
vn -0.68614236 0.62092143 -0.37903197
vn -0.66595070 -0.72662244 -0.16890676
vn -0.82758784 0.56103298 -0.01844855
vn -0.60730002 -0.76432596 0.21677758
vn -0.76893703 0.52332945 0.36723580
vn -0.36426844 -0.76974212 0.52421901
vn -0.52590540 0.51791343 0.67467710
vn -0.00197617 -0.74141967 0.67103873
vn -0.16361316 0.54623571 0.82149698
vn 0.38250082 -0.68694767 0.61789645
vn 0.22086383 0.60070798 0.76835480
vn 0.68614250 -0.62092113 0.37903221
vn 0.52450523 0.66673414 0.52949017
vn 0.89542311 -0.41437383 0.16282442
vn 0.90354793 -0.36416566 -0.22579749
vn 0.48467137 0.81666864 0.31328262
vn 0.49279595 0.86687724 -0.07533923
vn 0.91283117 0.40833718 0.00000000
vn 0.72459825 -0.38130773 -0.57407472
vn 0.31384648 0.84973490 -0.42361655
vn 0.40652333 -0.46120729 -0.78868664
vn -0.00422854 0.76983544 -0.63822842
vn 0.03455111 -0.58245509 -0.81212824
vn -0.37620074 0.64858752 -0.66167003
vn -0.29164875 -0.71256307 -0.63811824
vn -0.70240056 0.51847958 -0.48766010
vn -0.48467105 -0.81666886 -0.31328254
vn -0.89542302 0.41437402 -0.16282442
vn -0.49279615 -0.86687712 0.07533933
vn -0.90354797 0.36416558 0.22579745
vn -0.31384641 -0.84973492 0.42361657
vn -0.72459831 0.38130756 0.57407476
vn 0.00422849 -0.76983530 0.63822859
vn -0.40652334 0.46120739 0.78868658
vn 0.37620075 -0.64858771 0.66166984
vn -0.03455112 0.58245510 0.81212824
vn 0.70240058 -0.51847960 0.48766005
vn 0.29164863 0.71256315 0.63811820
vn 0.91418210 -0.27473929 0.29797552
vn 0.97915331 -0.18733045 -0.07852452
vn 0.27023225 0.85198693 0.44843373
vn 0.33520347 0.93939565 0.07193361
vn 0.81515325 0.57924536 -0.00000000
vn 0.86803404 -0.20067953 -0.45414164
vn 0.22408438 0.92604670 -0.30368356
vn 0.61059864 -0.31120909 -0.72822950
vn -0.03335107 0.81551708 -0.57777124
vn 0.27582682 -0.48930319 -0.82734633
vn -0.36812300 0.63742300 -0.67688801
vn -0.04657973 -0.68724165 -0.72493396
vn -0.69052945 0.43948434 -0.57447593
vn -0.27023222 -0.85198694 -0.44843371
vn -0.91418208 0.27473940 -0.29797548
vn -0.33520343 -0.93939566 -0.07193365
vn -0.97915328 0.18733055 0.07852460
vn -0.22408443 -0.92604668 0.30368359
vn -0.86803406 0.20067933 0.45414168
vn 0.03335108 -0.81551708 0.57777123
vn -0.61059869 0.31120917 0.72822942
vn 0.36812295 -0.63742290 0.67688813
vn -0.27582687 0.48930329 0.82734626
vn 0.69052949 -0.43948458 0.57447571
vn 0.04657981 0.68724156 0.72493403
vn 0.89436517 -0.15757811 0.41866465
vn 0.99752722 -0.01398349 0.06887605
vn 0.04217114 0.82117024 0.56912303
vn 0.14533293 0.96476465 0.21933422
vn 0.68588737 0.72770771 -0.00000000
vn 0.94757506 0.00222999 -0.31952548
vn 0.09538101 0.98097843 -0.16906741
vn 0.75789328 -0.11328103 -0.64246805
vn -0.09430108 0.86546734 -0.49200975
vn 0.47930693 -0.32956585 -0.81341946
vn -0.37288717 0.64918226 -0.66296120
vn 0.18646336 -0.58867162 -0.78657303
vn -0.66573100 0.39007680 -0.63611503
vn -0.04217099 -0.82117030 -0.56912296
vn -0.89436515 0.15757792 -0.41866475
vn -0.14533314 -0.96476462 -0.21933424
vn -0.99752722 0.01398376 -0.06887600
vn -0.09538090 -0.98097844 0.16906741
vn -0.94757505 -0.00223025 0.31952550
vn 0.09430110 -0.86546736 0.49200970
vn -0.75789327 0.11328099 0.64246806
vn 0.37288714 -0.64918225 0.66296122
vn -0.47930696 0.32956600 0.81341938
vn 0.66573100 -0.39007677 0.63611505
vn -0.18646336 0.58867163 0.78657302
vn 0.85096215 -0.07238401 0.52021531
vn 0.96779746 0.13775630 0.21069240
vn -0.17645350 0.72045916 0.67067337
vn -0.05961797 0.93059972 0.36115073
vn 0.53004322 0.84797063 0.00000000
vn 0.96295964 0.20476470 -0.17544275
vn -0.06445596 0.99760774 -0.02498449
vn 0.83774538 0.11068486 -0.53472567
vn -0.18967019 0.90352842 -0.38426764
vn 0.62570526 -0.11927289 -0.77088709
vn -0.40171033 0.67357021 -0.62042887
vn 0.38365555 -0.42349289 -0.82064742
vn -0.64375993 0.36935036 -0.67018913
vn 0.17645351 -0.72045913 -0.67067339
vn -0.85096214 0.07238398 -0.52021534
vn 0.05961806 -0.93059973 -0.36115070
vn -0.96779745 -0.13775632 -0.21069241
vn 0.06445599 -0.99760774 0.02498451
vn -0.96295964 -0.20476468 0.17544275
vn 0.18967016 -0.90352843 0.38426761
vn -0.83774531 -0.11068503 0.53472574
vn 0.40171037 -0.67357023 0.62042883
vn -0.62570530 0.11927295 0.77088705
vn 0.64375992 -0.36935034 0.67018915
vn -0.38365560 0.42349296 0.82064736
vn 0.80068903 -0.02156886 0.59869179
vn 0.90458079 0.25526390 0.34142926
vn -0.36213517 0.55464628 0.74914993
vn -0.25824283 0.83147897 0.49188756
vn 0.35365907 0.93537440 -0.00000000
vn 0.92187982 0.38650049 -0.02747663
vn -0.24094429 0.96271563 0.12298159
vn 0.84795064 0.33697674 -0.40917769
vn -0.31487308 0.91319173 -0.25871955
vn 0.70260271 0.11996191 -0.70139758
vn -0.46022115 0.69617693 -0.55093935
vn 0.52478183 -0.20639477 -0.82583608
vn -0.63804211 0.36982030 -0.67537783
vn 0.36213506 -0.55464626 -0.74915000
vn -0.80068893 0.02156875 -0.59869193
vn 0.25824293 -0.83147897 -0.49188750
vn -0.90458079 -0.25526386 -0.34142929
vn 0.24094429 -0.96271563 -0.12298154
vn -0.92187974 -0.38650069 0.02747656
vn 0.31487294 -0.91319176 0.25871962
vn -0.84795076 -0.33697650 0.40917765
vn 0.46022143 -0.69617695 0.55093910
vn -0.70260266 -0.11996195 0.70139763
vn 0.63804189 -0.36982017 0.67537810
vn -0.52478184 0.20639473 0.82583608
vn 0.75903190 -0.00050320 0.65105324
vn 0.82534999 0.33293039 0.45602056
vn -0.49414047 0.33675506 0.80151184
vn -0.42782173 0.67018834 0.60647848
vn 0.16357115 0.98653154 -0.00000000
vn 0.83841025 0.53197088 0.11863905
vn -0.41476191 0.86922908 0.26909731
vn 0.79471199 0.54328663 -0.27068892
vn -0.45845994 0.88054475 -0.12023069
vn 0.70596474 0.36384489 -0.60764354
vn -0.54720741 0.70110310 -0.45718540
vn 0.59594775 0.04172742 -0.80193834
vn -0.65722409 0.37898547 -0.65148025
vn 0.49414044 -0.33675507 -0.80151186
vn -0.75903158 0.00050302 -0.65105362
vn 0.42782175 -0.67018831 -0.60647850
vn -0.82535025 -0.33293012 -0.45602029
vn 0.41476192 -0.86922908 -0.26909731
vn -0.83841020 -0.53197095 -0.11863910
vn 0.45845986 -0.88054479 0.12023077
vn -0.79471205 -0.54328657 0.27068888
vn 0.54720760 -0.70110308 0.45718521
vn -0.70596457 -0.36384497 0.60764370
vn 0.65722382 -0.37898547 0.65148052
vn -0.59594786 -0.04172737 0.80193826
vn 0.73756862 0.00128959 0.67527096
vn 0.74745106 0.37254390 0.55002541
vn -0.55739076 0.08652190 0.82572968
vn -0.54750756 0.45777586 0.70048322
vn -0.03285597 0.99946010 -0.00000000
vn 0.73054752 0.63255576 0.25724217
vn -0.56441165 0.71778814 0.40770048
vn 0.69138524 0.71165640 -0.12462592
vn -0.60357352 0.79688876 0.02583227
vn 0.64045862 0.58865018 -0.49325828
vn -0.65450046 0.67388227 -0.34279999
vn 0.59141328 0.29649658 -0.74988006
vn -0.70354558 0.38172891 -0.59942194
vn 0.55739078 -0.08652191 -0.82572967
vn -0.73756809 -0.00128965 -0.67527154
vn 0.54750751 -0.45777588 -0.70048324
vn -0.74745153 -0.37254361 -0.55002498
vn 0.56441158 -0.71778820 -0.40770045
vn -0.73054721 -0.63255603 -0.25724239
vn 0.60357386 -0.79688850 -0.02583233
vn -0.69138537 -0.71165627 0.12462593
vn 0.65450021 -0.67388244 0.34280015
vn -0.64045860 -0.58865020 0.49325827
vn 0.70354543 -0.38172893 0.59942210
vn -0.59141329 -0.29649661 0.74988004
vn 0.74199075 -0.00200586 0.67040712
vn 0.68523975 0.38248362 0.61980059
vn -0.54457425 -0.17210225 0.82086522
vn -0.60132589 0.21238722 0.77025894
vn -0.22800957 0.97365889 -0.00000000
vn 0.61724569 0.68727565 0.38296206
vn -0.66931959 0.51717911 0.53342015
vn 0.55622859 0.83070119 0.02335123
vn -0.73033667 0.66060474 0.17380945
vn 0.51853775 0.77432950 -0.36267401
vn -0.76802778 0.60423321 -0.21221584
vn 0.51427178 0.53326572 -0.67167865
vn -0.77229364 0.36316917 -0.52122039
vn 0.54457429 0.17210225 -0.82086519
vn -0.74199085 0.00200584 -0.67040701
vn 0.60132592 -0.21238721 -0.77025892
vn -0.68523944 -0.38248368 -0.61980090
vn 0.66931959 -0.51717910 -0.53342016
vn -0.61724589 -0.68727554 -0.38296192
vn 0.73033674 -0.66060466 -0.17380945
vn -0.55622866 -0.83070115 -0.02335122
vn 0.76802775 -0.60423322 0.21221589
vn -0.51853747 -0.77432968 0.36267401
vn 0.77229367 -0.36316915 0.52122036
vn -0.51427188 -0.53326567 0.67167861
vn 0.77113922 0.00476576 0.63664871
vn 0.64778251 0.37587396 0.66264363
vn -0.45717723 -0.41406789 0.78710658
vn -0.58053403 -0.04295979 0.81310190
vn -0.41432776 0.91012774 -0.00000000
vn 0.51541599 0.70237994 0.49092645
vn -0.71290065 0.28354618 0.64138462
vn 0.40950706 0.89679702 0.16750842
vn -0.81880925 0.47796308 0.31796651
vn 0.35843486 0.90703090 -0.22095111
vn -0.86988171 0.48819725 -0.07049291
vn 0.37588315 0.73033982 -0.57036445
vn -0.85243349 0.31150594 -0.41990616
vn 0.45717703 0.41406783 -0.78710672
vn -0.77113931 -0.00476584 -0.63664861
vn 0.58053419 0.04295996 -0.81310178
vn -0.64778246 -0.37587403 -0.66264365
vn 0.71290053 -0.28354623 -0.64138473
vn -0.51541595 -0.70237996 -0.49092646
vn 0.81880913 -0.47796326 -0.31796654
vn -0.40950719 -0.89679697 -0.16750835
vn 0.86988182 -0.48819707 0.07049286
vn -0.35843477 -0.90703092 0.22095117
vn 0.85243358 -0.31150585 0.41990606
vn -0.37588298 -0.73033986 0.57036451
vn 0.81719725 0.03483674 0.57530432
vn 0.63748792 0.36800049 0.67689348
vn -0.30527207 -0.61650425 0.72576268
vn -0.48498181 -0.28334069 0.82735162
vn -0.58459050 0.81132851 0.00000000
vn 0.43734641 0.68982191 0.57695221
vn -0.68512317 0.03848069 0.72741012
vn 0.27040112 0.91406930 0.30225908
vn -0.85206841 0.26272848 0.45271754
vn 0.18138417 0.98065569 -0.07358125
vn -0.94108553 0.32931441 0.07687684
vn 0.19414780 0.87173937 -0.44986342
vn -0.92832159 0.22039845 -0.29940533
vn 0.30527250 0.61650436 -0.72576241
vn -0.81719735 -0.03483696 -0.57530417
vn 0.48498160 0.28334050 -0.82735180
vn -0.63748781 -0.36800038 -0.67689365
vn 0.68512300 -0.03848089 -0.72741027
vn -0.43734659 -0.68982193 -0.57695205
vn 0.85206865 -0.26272799 -0.45271737
vn -0.27040110 -0.91406928 -0.30225916
vn 0.94108536 -0.32931489 -0.07687679
vn -0.18138404 -0.98065571 0.07358130
vn 0.92832171 -0.22039811 0.29940522
vn -0.19414814 -0.87173932 0.44986337
vn 0.86702142 0.09693082 0.48875175
vn 0.64986333 0.37341221 0.66199772
vn -0.10610484 -0.76167756 0.63920972
vn -0.32326307 -0.48519650 0.81245636
vn -0.73219984 0.68108986 -0.00000000
vn 0.38894828 0.66486903 0.63770558
vn -0.58417770 -0.19373930 0.78816337
vn 0.15419000 0.89320710 0.42238196
vn -0.81893641 0.03459855 0.57284037
vn 0.00848999 0.99724250 0.07372462
vn -0.96463603 0.13863413 0.22418273
vn -0.00911006 0.94909935 -0.31484508
vn -0.98223642 0.09049077 -0.16438682
vn 0.10610482 0.76167752 -0.63920976
vn -0.86702151 -0.09693095 -0.48875157
vn 0.32326305 0.48519652 -0.81245636
vn -0.64986300 -0.37341185 -0.66199825
vn 0.58417767 0.19373939 -0.78816337
vn -0.38894864 -0.66486929 -0.63770509
vn 0.81893642 -0.03459868 -0.57284036
vn -0.15418974 -0.89320703 -0.42238220
vn 0.96463606 -0.13863396 -0.22418272
vn -0.00849025 -0.99724250 -0.07372461
vn 0.98223639 -0.09049094 0.16438693
vn 0.00911025 -0.94909936 0.31484506
vn 0.90439553 0.19340878 0.38034429
vn 0.67443993 0.40316978 0.61853449
vn 0.11832189 -0.83919533 0.53080235
vn -0.11163382 -0.62943464 0.76899280
vn -0.85143592 0.52445864 -0.00000000
vn 0.36908232 0.64324398 0.67083189
vn -0.41699111 -0.38936001 0.82128996
vn 0.07014367 0.84930459 0.52322231
vn -0.71593008 -0.18329970 0.67368045
vn -0.14227605 0.96613736 0.21525828
vn -0.92834989 -0.06646678 0.36571664
vn -0.21125963 0.96243702 -0.17054136
vn -0.99733307 -0.07016702 -0.02008332
vn -0.11832195 0.83919525 -0.53080246
vn -0.90439556 -0.19340905 -0.38034406
vn 0.11163388 0.62943464 -0.76899279
vn -0.67443991 -0.40316959 -0.61853463
vn 0.41699110 0.38936004 -0.82128995
vn -0.36908238 -0.64324405 -0.67083179
vn 0.71593005 0.18329963 -0.67368049
vn -0.07014372 -0.84930459 -0.52322229
vn 0.92834991 0.06646679 -0.36571658
vn 0.14227643 -0.96613726 -0.21525849
vn 0.99733306 0.07016722 0.02008316
vn 0.21125933 -0.96243706 0.17054151
vn 0.91285019 0.31944435 0.25428297
vn 0.69671346 0.46268878 0.54818742
vn 0.34429023 -0.84714146 0.40474137
vn 0.12815318 -0.70389708 0.69864559
vn -0.93767846 0.34750412 -0.00000000
vn 0.37006543 0.63824903 0.67504796
vn -0.19849465 -0.52833673 0.82550601
vn 0.02043150 0.79908404 0.60087207
vn -0.54812879 -0.36750184 0.75133031
vn -0.25850466 0.90209778 0.34553572
vn -0.82706480 -0.26448815 0.49599378
vn -0.39200179 0.91968818 -0.02254448
vn -0.96056210 -0.24689774 0.12791386
vn -0.34429008 0.84714158 -0.40474127
vn -0.91285023 -0.31944413 -0.25428313
vn -0.12815339 0.70389691 -0.69864573
vn -0.69671344 -0.46268877 -0.54818745
vn 0.19849474 0.52833675 -0.82550597
vn -0.37006555 -0.63824923 -0.67504771
vn 0.54812879 0.36750183 -0.75133031
vn -0.02043139 -0.79908394 -0.60087221
vn 0.82706481 0.26448807 -0.49599382
vn 0.25850466 -0.90209778 -0.34553572
vn 0.96056214 0.24689761 -0.12791378
vn 0.39200175 -0.91968819 0.02254439
vn 0.87860782 0.46337768 0.11545318
vn 0.70078489 0.55052058 0.45368230
vn 0.54959335 -0.79198381 0.26591127
vn 0.37177021 -0.70484124 0.60414050
vn -0.98758534 0.15708344 0.00000000
vn 0.37926691 0.65833793 0.65019057
vn 0.05025229 -0.59702326 0.80064845
vn 0.00020439 0.75794179 0.65232216
vn -0.32881041 -0.49742001 0.80278082
vn -0.33483391 0.82264109 0.45950831
vn -0.66384822 -0.43272029 0.60996613
vn -0.53607332 0.83510187 0.12341097
vn -0.86508801 -0.42025980 0.27386936
vn -0.54959309 0.79198400 -0.26591123
vn -0.87860789 -0.46337752 -0.11545319
vn -0.37177054 0.70484092 -0.60414066
vn -0.70078484 -0.55052071 -0.45368222
vn -0.05025221 0.59702337 -0.80064837
vn -0.37926689 -0.65833802 -0.65019050
vn 0.32881043 0.49742016 -0.80278072
vn -0.00020431 -0.75794161 -0.65232237
vn 0.66384825 0.43272007 -0.60996626
vn 0.33483371 -0.82264127 -0.45950813
vn 0.86508801 0.42025980 -0.27386937
vn 0.53607344 -0.83510178 -0.12341102
vn 0.79318064 0.60820879 -0.03076596
vn 0.67228548 0.65827572 0.33868172
vn 0.71646127 -0.68728232 0.11969236
vn 0.59556579 -0.63721556 0.48913978
vn -0.99922258 -0.03942388 0.00000000
vn 0.38153029 0.70552125 0.59722224
vn 0.30481088 -0.58996973 0.74768044
vn -0.00117715 0.73728565 0.67558011
vn -0.07789659 -0.55820541 0.82603804
vn -0.37329046 0.74505846 0.55275865
vn -0.45001021 -0.55043280 0.70321728
vn -0.63510287 0.72675551 0.26166921
vn -0.71182221 -0.56873566 0.41212727
vn -0.71646123 0.68728238 -0.11969228
vn -0.79318071 -0.60820870 0.03076583
vn -0.59556582 0.63721543 -0.48913991
vn -0.67228547 -0.65827579 -0.33868162
vn -0.30481082 0.58996985 -0.74768037
vn -0.38153031 -0.70552123 -0.59722225
vn 0.07789659 0.55820544 -0.82603802
vn 0.00117712 -0.73728589 -0.67557985
vn 0.45001022 0.55043286 -0.70321722
vn 0.37329070 -0.74505802 -0.55275907
vn 0.71182220 0.56873561 -0.41212736
vn 0.63510277 -0.72675567 -0.26166902
vn 0.65520656 0.73400809 -0.17870780
vn 0.60111403 0.77171686 0.20764154
vn 0.83375483 -0.55141167 -0.02824967
vn 0.77966276 -0.51370264 0.35809996
vn -0.97213926 -0.23440404 0.00000000
vn 0.36203296 0.77485778 0.51819644
vn 0.54058135 -0.51056156 0.66865440
vn 0.00202403 0.74259047 0.66974271
vn 0.18057263 -0.54282951 0.82020098
vn -0.38244794 0.68355963 0.62167501
vn -0.20389940 -0.60186008 0.77213307
vn -0.68836427 0.61358346 0.38687202
vn -0.50981587 -0.67183614 0.53733042
vn -0.83375502 0.55141139 0.02824972
vn -0.65520651 -0.73400813 0.17870784
vn -0.77966257 0.51370296 -0.35809991
vn -0.60111392 -0.77171696 -0.20764148
vn -0.54058135 0.51056155 -0.66865440
vn -0.36203304 -0.77485768 -0.51819654
vn -0.18057261 0.54282942 -0.82020104
vn -0.00202404 -0.74259046 -0.66974273
vn 0.20389948 0.60185980 -0.77213327
vn 0.38244797 -0.68355958 -0.62167503
vn 0.50981565 0.67183646 -0.53733024
vn 0.68836428 -0.61358338 -0.38687215
vn 0.47121841 0.82088773 -0.32263996
vn 0.48354984 0.87285218 0.06564016
vn 0.89811595 -0.40464942 -0.17218185
vn 0.91044756 -0.35268497 0.21609847
vn -0.90738506 -0.42030031 -0.00000000
vn 0.30912109 0.85512748 0.41617442
vn 0.73601883 -0.37041001 0.56663278
vn -0.00532945 0.77246243 0.63503810
vn 0.42156797 -0.45307437 0.78549606
vn -0.37554589 0.64700830 0.66358537
vn 0.05135175 -0.57852916 0.81404361
vn -0.70232832 0.51237922 0.49416846
vn -0.27543055 -0.71315825 0.64462650
vn -0.89811599 0.40464937 0.17218176
vn -0.47121850 -0.82088763 0.32264008
vn -0.91044752 0.35268515 -0.21609838
vn -0.48354980 -0.87285219 -0.06564025
vn -0.73601890 0.37040981 -0.56663282
vn -0.30912130 -0.85512727 -0.41617469
vn -0.42156803 0.45307459 -0.78549590
vn 0.00532969 -0.77246269 -0.63503779
vn -0.05135175 0.57852914 -0.81404363
vn 0.37554591 -0.64700827 -0.66358539
vn 0.27543067 0.71315803 -0.64462669
vn 0.70232838 -0.51237922 -0.49416837
vn 0.25520961 0.85207566 -0.45698481
vn 0.32338975 0.94272189 -0.08181997
vn 0.91391370 -0.26608868 -0.30652661
vn 0.98209401 -0.17544273 0.06863816
vn -0.80746898 -0.58991003 0.00000000
vn 0.21666844 0.93057208 0.29511081
vn 0.87537273 -0.18759250 0.44556890
vn -0.03635860 0.81888182 0.57280941
vn 0.62234558 -0.29928245 0.72326758
vn -0.36789319 0.63757865 0.67686635
vn 0.29081114 -0.48058592 0.82732463
vn -0.68910053 0.43524236 0.57940015
vn -0.03039632 -0.68292228 0.72985835
vn -0.91391369 0.26608878 0.30652657
vn -0.25520940 -0.85207578 0.45698472
vn -0.98209404 0.17544255 -0.06863826
vn -0.32338972 -0.94272189 0.08182006
vn -0.87537271 0.18759260 -0.44556890
vn -0.21666881 -0.93057193 -0.29511100
vn -0.62234562 0.29928255 -0.72326751
vn 0.03635902 -0.81888216 -0.57280890
vn -0.29081103 0.48058581 -0.82732474
vn 0.36789295 -0.63757836 -0.67686676
vn 0.03039607 0.68292244 -0.72985822
vn 0.68910058 -0.43524235 -0.57940011
vn 0.02703751 0.81662412 -0.57653622
vn 0.13191867 0.96444031 -0.22902477
vn 0.89202315 -0.15083798 -0.42607817
vn 0.99690428 -0.00302193 -0.07856666
vn -0.67626291 -0.73666036 0.00000000
vn 0.08556611 0.98345086 0.15969609
vn 0.95055180 0.01598861 0.31015421
vn -0.09959961 0.86856183 0.48546911
vn 0.76538582 -0.09890031 0.63592710
vn -0.37396438 0.65055798 0.66100299
vn 0.49102134 -0.31690419 0.81146151
vn -0.66401130 0.38785279 0.63926458
vn 0.20097439 -0.57960956 0.78972277
vn -0.89202316 0.15083799 0.42607814
vn -0.02703736 -0.81662418 0.57653615
vn -0.99690428 0.00302193 0.07856666
vn -0.13191890 -0.96444028 0.22902480
vn -0.95055180 -0.01598862 -0.31015422
vn -0.08556610 -0.98345086 -0.15969609
vn -0.76538584 0.09890033 -0.63592708
vn 0.09959988 -0.86856192 -0.48546890
vn -0.49102135 0.31690431 -0.81146145
vn 0.37396401 -0.65055772 -0.66100346
vn -0.20097428 0.57960944 -0.78972289
vn 0.66401139 -0.38785298 -0.63926437
vn -0.19010795 0.71132811 -0.67666187
vn -0.07330794 0.92602704 -0.37027000
vn 0.84764004 -0.06794169 -0.52620366
vn 0.96444041 0.14675681 -0.21981159
vn -0.51885124 -0.85486455 -0.00000000
vn -0.07589675 0.99700016 0.01517782
vn 0.96185151 0.21773012 0.16563597
vn -0.19718077 0.90523025 0.37640130
vn 0.84056718 0.12596043 0.52685936
vn -0.40466294 0.67530708 0.61661029
vn 0.63308569 -0.10396319 0.76706855
vn -0.64274716 0.36883818 0.67144209
vn 0.39500081 -0.41043177 0.82190031
vn -0.84764009 0.06794197 0.52620354
vn 0.19010816 -0.71132820 0.67666171
vn -0.96444033 -0.14675699 0.21981181
vn 0.07330788 -0.92602707 0.37026993
vn -0.96185150 -0.21773011 -0.16563604
vn 0.07589672 -0.99700016 -0.01517772
vn -0.84056731 -0.12596009 -0.52685923
vn 0.19718106 -0.90523025 -0.37640114
vn -0.63308540 0.10396276 -0.76706885
vn 0.40466243 -0.67530693 -0.61661079
vn -0.39500131 0.41043203 -0.82189994
vn 0.64274738 -0.36883837 -0.67144178
vn -0.37280786 0.54155331 -0.75348146
vn -0.27069983 0.82258107 -0.50008198
vn 0.79748949 -0.01932725 -0.60302320
vn 0.89959784 0.26170009 -0.34962379
vn -0.34133372 -0.93994217 0.00000000
vn -0.25284768 0.95834264 -0.13284368
vn 0.91744950 0.39746215 0.01761437
vn -0.32403590 0.91246070 0.24983235
vn 0.84626181 0.35157992 0.40029053
vn -0.46518820 0.69722956 0.54540891
vn 0.70510873 0.13634899 0.69586682
vn -0.63848514 0.37032025 0.67468484
vn 0.53181272 -0.19056073 0.82514353
vn -0.79748919 0.01932708 0.60302359
vn 0.37280803 -0.54155343 0.75348129
vn -0.89959780 -0.26170024 0.34962378
vn 0.27069955 -0.82258106 0.50008214
vn -0.91744956 -0.39746198 -0.01761443
vn 0.25284780 -0.95834260 0.13284369
vn -0.84626190 -0.35157974 -0.40029050
vn 0.32403574 -0.91246075 -0.24983239
vn -0.70510863 -0.13634906 -0.69586691
vn 0.46518855 -0.69722962 -0.54540854
vn -0.53181278 0.19056070 -0.82514349
vn 0.63848466 -0.37032003 -0.67468542
vn -0.50062221 0.32083028 -0.80401825
vn -0.43756178 0.65745134 -0.61343087
vn 0.75687460 0.00007340 -0.65356012
vn 0.81993490 0.33669434 -0.46297267
vn -0.15058959 -0.98859637 -0.00000000
vn -0.42573007 0.86088196 -0.27863266
vn 0.83176690 0.54012510 -0.12817452
vn -0.46829628 0.87661355 0.11066743
vn 0.78920011 0.55585669 0.26112549
vn -0.55385651 0.70043010 0.45015624
vn 0.70364066 0.37967326 0.60061472
vn -0.65948295 0.37954056 0.64886917
vn 0.59801383 0.05878368 0.79932718
vn -0.75687443 -0.00007348 0.65356031
vn 0.50062217 -0.32083026 0.80401827
vn -0.81993492 -0.33669442 0.46297257
vn 0.43756182 -0.65745125 0.61343093
vn -0.83176701 -0.54012497 0.12817435
vn 0.42573004 -0.86088195 0.27863275
vn -0.78920010 -0.55585671 -0.26112548
vn 0.46829665 -0.87661336 -0.11066733
vn -0.70364065 -0.37967332 -0.60061469
vn 0.55385595 -0.70043028 -0.45015665
vn -0.59801376 -0.05878371 -0.79932723
vn 0.65948322 -0.37954056 -0.64886889
vn -0.55893416 0.06926283 -0.82631427
vn -0.55328404 0.44220812 -0.70592404
vn 0.73703298 0.00105938 -0.67585594
vn 0.74268329 0.37400455 -0.55546569
vn 0.04599026 -0.99894189 -0.00000000
vn -0.57300885 0.70580144 -0.41653954
vn 0.72295852 0.63759829 -0.26608158
vn -0.61282267 0.78941357 -0.03570147
vn 0.68314490 0.72121002 0.11475687
vn -0.66205769 0.67064064 0.33454557
vn 0.63390955 0.60243691 0.48500355
vn -0.70752253 0.38130713 0.59499306
vn 0.58844514 0.31310383 0.74545175
vn -0.73703276 -0.00105933 0.67585618
vn 0.55893440 -0.06926287 0.82631410
vn -0.74268300 -0.37400473 0.55546595
vn 0.55328430 -0.44220804 0.70592389
vn -0.72295899 -0.63759789 0.26608125
vn 0.57300843 -0.70580168 0.41653971
vn -0.68314477 -0.72121017 -0.11475675
vn 0.61282270 -0.78941355 0.03570137
vn -0.63390925 -0.60243711 -0.48500371
vn 0.66205808 -0.67064040 -0.33454530
vn -0.58844569 -0.31310360 -0.74545141
vn 0.70752196 -0.38130734 -0.59499360
vn -0.54100085 -0.18902329 -0.81950490
vn -0.60231026 0.19540125 -0.77397720
vn 0.74321762 -0.00203049 -0.66904667
vn 0.68190819 0.38239411 -0.62351902
vn 0.24078814 -0.97057770 -0.00000000
vn -0.67428377 0.50241592 -0.54122052
vn 0.60993460 0.68940883 -0.39076239
vn -0.73763599 0.64975652 -0.18360178
vn 0.54658236 0.83674920 -0.03314365
vn -0.77539223 0.59794269 0.20305523
vn 0.50882640 0.78493564 0.35351343
vn -0.77743495 0.36085879 0.51514642
vn 0.50678326 0.54785157 0.66560452
vn -0.74321767 0.00203042 0.66904662
vn 0.54100080 0.18902335 0.81950492
vn -0.68190819 -0.38239406 0.62351905
vn 0.60231013 -0.19540136 0.77397727
vn -0.60993463 -0.68940881 0.39076238
vn 0.67428387 -0.50241584 0.54122046
vn -0.54658247 -0.83674913 0.03314363
vn 0.73763599 -0.64975651 0.18360178
vn -0.50882629 -0.78493570 -0.35351343
vn 0.77539221 -0.59794270 -0.20305525
vn -0.50678319 -0.54785162 -0.66560454
vn 0.77743499 -0.36085873 -0.51514640
vn -0.44890016 -0.42902297 -0.78385454
vn -0.57644028 -0.05972592 -0.81495363
vn 0.77380496 0.00592020 -0.63339627
vn 0.64626464 0.37521703 -0.66449544
vn 0.42625501 -0.90460304 0.00000000
vn -0.71333545 0.26730296 -0.64784386
vn 0.50937000 0.70224618 -0.49738567
vn -0.82290384 0.46443751 -0.32730271
vn 0.39980112 0.89938038 -0.17684457
vn -0.87578758 0.47885460 0.06078151
vn 0.34691747 0.91379762 0.21123961
vn -0.85781613 0.30669172 0.41242171
vn 0.36488914 0.74163486 0.56287979
vn -0.77380479 -0.00592001 0.63339649
vn 0.44889996 0.42902286 0.78385471
vn -0.64626493 -0.37521714 0.66449510
vn 0.57644050 0.05972610 0.81495346
vn -0.50936956 -0.70224624 0.49738604
vn 0.71333523 -0.26730322 0.64784399
vn -0.39980124 -0.89938035 0.17684443
vn 0.82290404 -0.46443713 0.32730275
vn -0.34691751 -0.91379761 -0.21123960
vn 0.87578758 -0.47885459 -0.06078147
vn -0.36488883 -0.74163488 -0.56287996
vn 0.85781597 -0.30669197 -0.41242186
vn -0.29324066 -0.62812198 -0.72074454
vn -0.47611624 -0.29823748 -0.82726521
vn 0.82057048 0.03791689 -0.57028625
vn 0.63769489 0.36780135 -0.67680677
vn 0.59520427 -0.80357444 -0.00000000
vn -0.68063963 0.02232688 -0.73227809
vn 0.43317166 0.68836591 -0.58182015
vn -0.85200822 0.24767668 -0.46123557
vn 0.26180299 0.91371581 -0.31077744
vn -0.94430421 0.31742996 -0.08676279
vn 0.16950680 0.98346853 0.06369531
vn -0.93279743 0.21289473 0.29080025
vn 0.18101395 0.87893396 0.44125847
vn -0.82057036 -0.03791676 0.57028642
vn 0.29324063 0.62812203 0.72074451
vn -0.63769465 -0.36780129 0.67680702
vn 0.47611646 0.29823770 0.82726501
vn -0.43317179 -0.68836600 0.58181995
vn 0.68063936 -0.02232715 0.73227833
vn -0.26180316 -0.91371581 0.31077729
vn 0.85200813 -0.24767688 0.46123563
vn -0.16950664 -0.98346856 -0.06369526
vn 0.94430438 -0.31742944 0.08676285
vn -0.18101399 -0.87893395 -0.44125848
vn 0.93279727 -0.21289522 -0.29080043
vn -0.09166867 -0.76901796 -0.63262013
vn -0.31049030 -0.49678099 -0.81043471
vn 0.87008781 0.10230734 -0.48216223
vn 0.65126605 0.37454435 -0.65997656
vn 0.74108900 -0.67140681 0.00000000
vn -0.57496734 -0.20816750 -0.79125145
vn 0.38678914 0.66315796 -0.64079301
vn -0.81423337 0.01948881 -0.58021049
vn 0.14752265 0.89081413 -0.42975254
vn -0.96417706 0.12518765 -0.23386032
vn -0.00242060 0.99651305 -0.08340196
vn -0.98462128 0.08060702 0.15499499
vn -0.02286515 0.95193247 0.30545336
vn -0.87008786 -0.10230745 0.48216211
vn 0.09166865 0.76901793 0.63262017
vn -0.65126600 -0.37454430 0.65997664
vn 0.31049037 0.49678111 0.81043461
vn -0.38678899 -0.66315791 0.64079316
vn 0.57496723 0.20816735 0.79125157
vn -0.14752300 -0.89081422 0.42975225
vn 0.81423333 -0.01948865 0.58021054
vn 0.00242074 -0.99651303 0.08340211
vn 0.96417706 -0.12518783 0.23386023
vn 0.02286515 -0.95193247 -0.30545337
vn 0.98462131 -0.08060676 -0.15499494
vn 0.13359945 -0.84186109 -0.52289683
vn -0.09626158 -0.63665784 -0.76511470
vn 0.90603200 0.20098589 -0.37243884
vn 0.67617130 0.40618977 -0.61465620
vn 0.85825614 -0.51322159 0.00000000
vn -0.40381568 -0.40057797 -0.82247808
vn 0.36861720 0.64226969 -0.67202009
vn -0.70665382 -0.19687795 -0.67961713
vn 0.06577883 0.84596924 -0.52915895
vn -0.92363120 -0.08014035 -0.37481052
vn -0.15119831 0.96270717 -0.22435237
vn -0.99660867 -0.08164386 0.01026855
vn -0.22417591 0.96120346 0.16072668
vn -0.90603199 -0.20098633 0.37243862
vn -0.13359910 0.84186121 0.52289673
vn -0.67617113 -0.40618943 0.61465661
vn 0.09626162 0.63665793 0.76511462
vn -0.36861730 -0.64226983 0.67201990
vn 0.40381556 0.40057774 0.82247825
vn -0.06577876 -0.84596927 0.52915891
vn 0.70665380 0.19687804 0.67961714
vn 0.15119835 -0.96270717 0.22435230
vn 0.92363116 0.08014039 0.37481063
vn 0.22417568 -0.96120350 -0.16072675
vn 0.99660865 0.08164407 -0.01026843
vn 0.35884609 -0.84531138 -0.39582590
vn 0.14454768 -0.70623811 -0.69306111
vn 0.91202302 0.32864665 -0.24536788
vn 0.69772477 0.46772062 -0.54260259
vn 0.94216515 -0.33514898 -0.00000000
vn -0.18259367 -0.53520959 -0.82474859
vn 0.37058345 0.63874888 -0.67429058
vn -0.53492074 -0.37805241 -0.75560319
vn 0.01825612 0.79590585 -0.60514510
vn -0.81802807 -0.27687712 -0.50415191
vn -0.26485072 0.89708134 -0.35369361
vn -0.95605698 -0.25879367 -0.13777113
vn -0.40288007 0.91516484 0.01268695
vn -0.91202296 -0.32864690 0.24536777
vn -0.35884611 0.84531138 0.39582589
vn -0.69772475 -0.46772015 0.54260302
vn -0.14454777 0.70623810 0.69306110
vn -0.37058355 -0.63874915 0.67429026
vn 0.18259366 0.53520963 0.82474857
vn -0.01825624 -0.79590591 0.60514502
vn 0.53492072 0.37805238 0.75560321
vn 0.26485101 -0.89708119 0.35369377
vn 0.81802805 0.27687710 0.50415193
vn 0.40287990 -0.91516492 -0.01268701
vn 0.95605698 0.25879367 0.13777113
vn 0.56207608 -0.78636161 -0.25633161
vn 0.38755306 -0.70236367 -0.59706608
vn 0.87456124 0.47321606 -0.10587351
vn 0.70003841 0.55721406 -0.44660800
vn 0.98956477 -0.14408876 0.00000000
vn 0.06732071 -0.59891896 -0.79797494
vn 0.37980595 0.66065876 -0.64751637
vn -0.31281545 -0.50374657 -0.80522412
vn -0.00033026 0.75583127 -0.65476636
vn -0.65099790 -0.44234630 -0.61687234
vn -0.33851272 0.81723142 -0.46641392
vn -0.85661116 -0.43117165 -0.28338726
vn -0.54412576 0.82840631 -0.13292910
vn -0.87456122 -0.47321610 0.10587350
vn -0.56207607 0.78636162 0.25633161
vn -0.70003840 -0.55721410 0.44660799
vn -0.38755317 0.70236359 0.59706610
vn -0.37980589 -0.66065847 0.64751670
vn -0.06732061 0.59891931 0.79797468
vn 0.00033006 -0.75583174 0.65476582
vn 0.31281542 0.50374608 0.80522444
vn 0.33851269 -0.81723133 0.46641410
vn 0.65099790 0.44234665 0.61687209
vn 0.54412591 -0.82840620 0.13292918
vn 0.85661122 0.43117152 0.28338727
vn 0.72590305 -0.67897305 -0.10981964
vn 0.60926270 -0.63054156 -0.48084957
vn 0.78558744 0.61741467 0.04063872
vn 0.66894740 0.66584591 -0.33039160
vn 0.99861804 0.05255480 -0.00000000
vn 0.32137485 -0.58683961 -0.74319411
vn 0.38105921 0.70954805 -0.59273556
vn -0.06062150 -0.55957818 -0.82655750
vn -0.00093699 0.73680977 -0.67609947
vn -0.43437052 -0.55606063 -0.70860343
vn -0.37468607 0.74032698 -0.55814543
vn -0.69972659 -0.57723004 -0.42093725
vn -0.64004202 0.71915740 -0.27047890
vn -0.78558750 -0.61741459 -0.04063859
vn -0.72590305 0.67897307 0.10981953
vn -0.66894714 -0.66584627 0.33039139
vn -0.60926271 0.63054155 0.48084957
vn -0.38105937 -0.70954756 0.59273604
vn -0.32137479 0.58683983 0.74319396
vn 0.00093704 -0.73681002 0.67609919
vn 0.06062145 0.55957773 0.82655780
vn 0.37468613 -0.74032688 0.55814552
vn 0.43437046 0.55606075 0.70860338
vn 0.64004193 -0.71915751 0.27047884
vn 0.69972649 0.57723020 0.42093720
vn 0.83968412 -0.54174171 0.03803289
vn 0.79014835 -0.50390856 -0.34891510
vn 0.64425495 0.74121969 0.18849118
vn 0.59471915 0.77905331 -0.19845673
vn 0.96897428 0.24716157 -0.00000000
vn 0.55507569 -0.50293765 -0.66252901
vn 0.35964658 0.78002420 -0.51207089
vn 0.19745343 -0.53908879 -0.81877678
vn 0.00202449 0.74387230 -0.66831871
vn -0.18689363 -0.60267668 -0.77579094
vn -0.38232279 0.68028552 -0.62533263
vn -0.49498051 -0.67666129 -0.54509064
vn -0.69040958 0.60630003 -0.39463260
vn -0.64425478 -0.74121984 -0.18849118
vn -0.83968388 0.54174209 -0.03803280
vn -0.59471930 -0.77905318 0.19845679
vn -0.79014842 0.50390842 0.34891513
vn -0.35964681 -0.78002389 0.51207119
vn -0.55507569 0.50293766 0.66252900
vn -0.00202430 -0.74387285 0.66831810
vn -0.19745347 0.53908885 0.81877673
vn 0.38232282 -0.68028498 0.62533319
vn 0.18689367 0.60267670 0.77579092
vn 0.69040939 -0.60630046 0.39463226
vn 0.49498043 0.67666132 0.54509067
vn 0.90059052 -0.39496303 0.18149632
vn 0.91708113 -0.34113272 -0.20637506
vn 0.45762092 0.82485707 0.33195467
vn 0.47411144 0.87868746 -0.05591671
vn 0.90178196 0.43219127 0.00000000
vn 0.74718735 -0.35932091 -0.55910602
vn 0.30421764 0.86049911 -0.40864766
vn 0.43643194 -0.44465456 -0.78218251
vn -0.00653757 0.77516534 -0.63172458
vn 0.06808159 -0.57426825 -0.81583140
vn -0.37488804 0.64555194 -0.66537331
vn -0.25916440 -0.71343191 -0.65103666
vn -0.70213404 0.50638844 -0.50057820
vn -0.45762076 -0.82485719 -0.33195460
vn -0.90059058 0.39496281 -0.18149653
vn -0.47411149 -0.87868743 0.05591683
vn -0.91708119 0.34113261 0.20637500
vn -0.30421775 -0.86049896 0.40864788
vn -0.74718734 0.35932110 0.55910591
vn 0.00653778 -0.77516554 0.63172434
vn -0.43643197 0.44465469 0.78218242
vn 0.37488811 -0.64555213 0.66537309
vn -0.06808153 0.57426794 0.81583162
vn 0.70213411 -0.50638795 0.50057861
vn 0.25916423 0.71343208 0.65103653
vn 0.91347617 -0.25754391 0.31501178
vn 0.98477941 -0.16357749 -0.05875302
vn 0.24013148 0.85186542 0.46546986
vn 0.31143447 0.94583228 0.09170528
vn 0.79964516 0.60047283 0.00000000
vn 0.88242299 -0.17441306 -0.43693220
vn 0.20907801 0.93499678 -0.28647410
vn 0.63383312 -0.28714717 -0.71819362
vn -0.03951178 0.82226231 -0.56773542
vn 0.30561920 -0.47157350 -0.82717310
vn -0.36772552 0.63783604 -0.67671495
vn -0.01427369 -0.67827496 -0.73466955
vn -0.68761876 0.43113518 -0.58421135
vn -0.24013151 -0.85186540 -0.46546987
vn -0.91347617 0.25754392 -0.31501178
vn -0.31143453 -0.94583228 -0.09170519
vn -0.98477942 0.16357745 0.05875293
vn -0.20907789 -0.93499681 0.28647407
vn -0.88242297 0.17441297 0.43693228
vn 0.03951175 -0.82226229 0.56773546
vn -0.63383312 0.28714734 0.71819355
vn 0.36772560 -0.63783600 0.67671495
vn -0.30561923 0.47157339 0.82717315
vn 0.68761881 -0.43113521 0.58421126
vn 0.01427367 0.67827493 0.73466957
vn 0.88958066 -0.14424466 0.43340480
vn 0.99606924 0.00783696 0.08823067
vn 0.01195299 0.81176426 0.58386292
vn 0.11844183 0.96384604 0.23868881
vn 0.66652156 0.74548575 0.00000000
vn 0.95324163 0.02973822 -0.30074245
vn 0.07561399 0.98574703 -0.15028410
vn 0.77257355 -0.08441022 -0.62928930
vn -0.10505371 0.87159865 -0.47883140
vn 0.50247465 -0.30402163 -0.80937635
vn -0.37515290 0.65198731 -0.65891794
vn 0.21531831 -0.57025186 -0.79274891
vn -0.66230946 0.38575709 -0.64229094
vn -0.01195318 -0.81176416 -0.58386306
vn -0.88958069 0.14424464 -0.43340474
vn -0.11844176 -0.96384602 -0.23868890
vn -0.99606925 -0.00783700 -0.08823057
vn -0.07561391 -0.98574703 0.15028417
vn -0.95324167 -0.02973809 0.30074236
vn 0.10505388 -0.87159876 0.47883116
vn -0.77257341 0.08440990 0.62928951
vn 0.37515275 -0.65198717 0.65891816
vn -0.50247489 0.30402180 0.80937614
vn 0.66230950 -0.38575723 0.64229081
vn -0.21531800 0.57025171 0.79274911
vn 0.84429291 -0.06365474 0.53208792
vn 0.96093833 0.15560019 0.22888011
vn -0.20360843 0.70190740 0.68254642
vn -0.08696343 0.92116226 0.37933819
vn 0.50756992 0.86161057 0.00000000
vn 0.96049344 0.23059579 -0.15581376
vn -0.08740807 0.99615819 -0.00535545
vn 0.84307711 0.14123822 -0.51891498
vn -0.20482420 0.90680026 -0.36845668
vn 0.64015128 -0.08853040 -0.76313086
vn -0.40775041 0.67703179 -0.61267247
vn 0.40608972 -0.39714318 -0.82302396
vn -0.64181180 0.36841892 -0.67256607
vn 0.20360882 -0.70190754 -0.68254616
vn -0.84429291 0.06365484 -0.53208791
vn 0.08696320 -0.92116226 -0.37933823
vn -0.96093837 -0.15559994 -0.22888010
vn 0.08740816 -0.99615819 0.00535553
vn -0.96049334 -0.23059629 0.15581364
vn 0.20482427 -0.90680022 0.36845675
vn -0.84307723 -0.14123800 0.51891484
vn 0.40775019 -0.67703176 0.61267265
vn -0.64015127 0.08853030 0.76313088
vn 0.64181199 -0.36841911 0.67256578
vn -0.40608992 0.39714326 0.82302382
vn 0.79433367 -0.01721765 0.60723766
vn 0.89454897 0.26795648 0.35774497
vn -0.38323495 0.52823160 0.75769542
vn -0.28301967 0.81340594 0.50820334
vn 0.32894930 0.94434758 0.00000000
vn 0.91283460 0.40825572 -0.00776230
vn -0.26473427 0.95370523 0.14269587
vn 0.84429117 0.36608703 -0.39134731
vn -0.33327726 0.91153641 -0.24088929
vn 0.70728505 0.15274886 -0.69022869
vn -0.47028394 0.69819841 -0.53977031
vn 0.53852660 -0.17459431 -0.82432149
vn -0.63904222 0.37085520 -0.67386309
vn 0.38323493 -0.52823157 -0.75769545
vn -0.79433356 0.01721749 -0.60723781
vn 0.28301980 -0.81340592 -0.50820331
vn -0.89454916 -0.26795615 -0.35774474
vn 0.26473407 -0.95370528 -0.14269586
vn -0.91283443 -0.40825611 0.00776220
vn 0.33327746 -0.91153636 0.24088919
vn -0.84429134 -0.36608671 0.39134724
vn 0.47028383 -0.69819840 0.53977043
vn -0.70728498 -0.15274896 0.69022874
vn 0.63904224 -0.37085517 0.67386309
vn -0.53852658 0.17459429 0.82432151
vn 0.75481236 0.00056663 0.65594053
vn 0.81453138 0.34028874 0.46983211
vn -0.50679200 0.30476676 0.80639884
vn -0.44707290 0.64448889 0.62029017
vn 0.13758212 0.99049036 -0.00000000
vn 0.82502042 0.54807569 0.13767480
vn -0.43658382 0.85227578 0.28813290
vn 0.78346887 0.56825097 -0.25153003
vn -0.47813541 0.87245117 -0.10107172
vn 0.70101029 0.39540890 -0.59349505
vn -0.56059407 0.69960902 -0.44303670
vn 0.59973972 0.07586217 -0.79659099
vn -0.66186462 0.38006233 -0.64613300
vn 0.50679186 -0.30476683 -0.80639891
vn -0.75481221 -0.00056664 -0.65594070
vn 0.44707310 -0.64448881 -0.62029011
vn -0.81453147 -0.34028868 -0.46983199
vn 0.43658372 -0.85227583 -0.28813289
vn -0.82502049 -0.54807559 -0.13767478
vn 0.47813547 -0.87245113 0.10107180
vn -0.78346886 -0.56825102 0.25152994
vn 0.56059378 -0.69960910 0.44303693
vn -0.70101045 -0.39540878 0.59349494
vn 0.66186489 -0.38006234 0.64613272
vn -0.59973953 -0.07586222 0.79659113
vn 0.73661592 0.00081071 0.67631082
vn 0.73799049 0.37533521 0.56079721
vn -0.56013587 0.05197353 0.82676874
vn -0.55876151 0.42649821 0.71125583
vn -0.05911692 0.99825107 -0.00000000
vn 0.71535210 0.64243476 0.27486169
vn -0.58139975 0.69359747 0.42531974
vn 0.67476819 0.73053946 -0.10488082
vn -0.62198384 0.78170251 0.04557730
vn 0.62711218 0.61604246 -0.47667808
vn -0.66963993 0.66720533 -0.32621988
vn 0.58515371 0.32962285 -0.74090749
vn -0.71159779 0.38078586 -0.59044959
vn 0.56013565 -0.05197356 -0.82676889
vn -0.73661645 -0.00081062 -0.67631024
vn 0.55876196 -0.42649813 -0.71125553
vn -0.73799023 -0.37533526 -0.56079752
vn 0.58139959 -0.69359760 -0.42531975
vn -0.71535222 -0.64243465 -0.27486165
vn 0.62198370 -0.78170262 -0.04557728
vn -0.67476805 -0.73053959 0.10488080
vn 0.66964005 -0.66720523 0.32621984
vn -0.62711220 -0.61604247 0.47667805
vn 0.71159808 -0.38078572 0.59044933
vn -0.58515373 -0.32962288 0.74090746
vn 0.74455545 -0.00200520 0.66755761
vn 0.67869082 0.38223464 0.62711678
vn -0.53709419 -0.20586217 0.81801626
vn -0.60295854 0.17837767 0.77757469
vn -0.25352492 0.96732886 0.00000000
vn 0.60268077 0.69136664 0.39848219
vn -0.67896881 0.48750980 0.54894038
vn 0.53689107 0.84255924 0.04291733
vn -0.74475852 0.63870234 0.19337545
vn 0.49895020 0.79530046 -0.34430492
vn -0.78269926 0.59144347 -0.19384656
vn 0.49902499 0.56225305 -0.65942821
vn -0.78262459 0.35839634 -0.50897036
vn 0.53709419 0.20586216 -0.81801626
vn -0.74455548 0.00200520 -0.66755758
vn 0.60295845 -0.17837773 -0.77757475
vn -0.67869071 -0.38223465 -0.62711689
vn 0.67896905 -0.48750960 -0.54894027
vn -0.60268101 -0.69136652 -0.39848203
vn 0.74475840 -0.63870248 -0.19337546
vn -0.53689089 -0.84255936 -0.04291737
vn 0.78269926 -0.59144344 0.19384665
vn -0.49895038 -0.79530039 0.34430481
vn 0.78262460 -0.35839633 0.50897034
vn -0.49902484 -0.56225309 0.65942829
vn 0.77654402 0.00718280 0.63002206
vn 0.64487011 0.37455950 0.66621897
vn -0.44033833 -0.44379425 0.78047987
vn -0.57201233 -0.07641764 0.81667756
vn -0.43810844 0.89892213 -0.00000000
vn 0.50343428 0.70199256 0.50374633
vn -0.71344801 0.25101527 0.65420431
vn 0.39013562 0.90174672 0.18613718
vn -0.82674684 0.45076959 0.33659536
vn 0.33533139 0.92029818 -0.20150465
vn -0.88155087 0.46932112 -0.05104658
vn 0.35370707 0.75267587 -0.55531104
vn -0.86317550 0.30169870 -0.40485300
vn 0.44033790 0.44379420 -0.78048014
vn -0.77654437 -0.00718305 -0.63002162
vn 0.57201273 0.07641785 -0.81667726
vn -0.64486992 -0.37455945 -0.66621919
vn 0.71344771 -0.25101562 -0.65420450
vn -0.50343421 -0.70199256 -0.50374640
vn 0.82674693 -0.45076946 -0.33659532
vn -0.39013577 -0.90174666 -0.18613716
vn 0.88155089 -0.46932108 0.05104658
vn -0.33533140 -0.92029817 0.20150466
vn 0.86317564 -0.30169857 0.40485280
vn -0.35370680 -0.75267587 0.55531121
vn 0.82395714 0.04114362 0.56515646
vn 0.63800215 0.36766642 0.67659047
vn -0.28100331 -0.63947824 0.71561493
vn -0.46695802 -0.31295533 0.82704847
vn -0.60571542 0.79568136 -0.00000000
vn 0.42913190 0.68685954 0.58657462
vn -0.67582836 0.00623774 0.73703265
vn 0.25331290 0.91319522 0.31922885
vn -0.85164745 0.23257365 0.46968725
vn 0.15765512 0.98602698 -0.05381126
vn -0.94730516 0.30540517 0.09664686
vn 0.16779058 0.88583965 -0.43259038
vn -0.93716965 0.20521794 -0.28213233
vn 0.28100324 0.63947821 -0.71561498
vn -0.82395714 -0.04114362 -0.56515646
vn 0.46695814 0.31295538 -0.82704838
vn -0.63800216 -0.36766641 -0.67659046
vn 0.67582831 -0.00623777 -0.73703269
vn -0.42913190 -0.68685955 -0.58657460
vn 0.85164744 -0.23257369 -0.46968725
vn -0.25331283 -0.91319523 -0.31922889
vn 0.94730518 -0.30540511 -0.09664686
vn -0.15765521 -0.98602697 0.05381125
vn 0.93716965 -0.20521797 0.28213231
vn -0.16779055 -0.88583964 0.43259040
vn 0.87309396 0.10783934 0.47547620
vn 0.65272072 0.37578947 0.65782820
vn -0.07712627 -0.77605257 0.62593446
vn -0.29749939 -0.50810209 0.80828607
vn -0.74985019 0.66160765 0.00000000
vn 0.38475735 0.66146680 0.64375729
vn -0.56546306 -0.22242510 0.79421571
vn 0.14100337 0.88832327 0.43703525
vn -0.80921679 0.00443129 0.58749345
vn -0.01322666 0.99557338 0.09305209
vn -0.96344685 0.11168179 0.24351046
vn -0.03660749 0.95447942 -0.29602183
vn -0.98682756 0.07058767 -0.14556355
vn 0.07712645 0.77605265 -0.62593434
vn -0.87309396 -0.10783936 -0.47547620
vn 0.29749933 0.50810210 -0.80828609
vn -0.65272091 -0.37578967 -0.65782790
vn 0.56546302 0.22242495 -0.79421578
vn -0.38475713 -0.66146666 -0.64375756
vn 0.80921683 -0.00443143 -0.58749340
vn -0.14100345 -0.88832326 -0.43703526
vn 0.96344691 -0.11168159 -0.24351032
vn 0.01322672 -0.99557337 -0.09305221
vn 0.98682754 -0.07058775 0.14556363
vn 0.03660725 -0.95447947 0.29602172
vn 0.90753433 0.20869517 0.36445543
vn 0.67788810 0.40934468 0.61065920
vn 0.14887563 -0.84421549 0.51491383
vn -0.08077029 -0.64356555 0.76111730
vn -0.86492798 0.50189600 0.00000000
vn 0.36824330 0.64137433 0.67307938
vn -0.39041521 -0.41153608 0.82353750
vn 0.06156898 0.84261137 0.53499098
vn -0.69708956 -0.21029919 0.68544905
vn -0.15996147 0.95913468 0.23339450
vn -0.91862022 -0.09377569 0.38385284
vn -0.23699012 0.95972168 -0.15089723
vn -0.99564835 -0.09318886 -0.00043890
vn -0.14887543 0.84421560 -0.51491371
vn -0.90753432 -0.20869476 -0.36445571
vn 0.08077024 0.64356542 -0.76111741
vn -0.67788818 -0.40934485 -0.61065899
vn 0.39041523 0.41153613 -0.82353747
vn -0.36824349 -0.64137450 -0.67307911
vn 0.69708950 0.21029901 -0.68544917
vn -0.06156867 -0.84261120 -0.53499127
vn 0.91862024 0.09377591 -0.38385274
vn 0.15996139 -0.95913469 -0.23339452
vn 0.99564838 0.09318863 0.00043908
vn 0.23699005 -0.95972171 0.15089717
vn 0.91100057 0.33792671 0.23639693
vn 0.69864995 0.47287895 0.53691129
vn 0.37330199 -0.84320151 0.38685505
vn 0.16095165 -0.70824943 0.68736986
vn -0.94648907 0.32273587 0.00000000
vn 0.37113441 0.63936393 0.67340405
vn -0.16656370 -0.54176378 0.82386197
vn 0.01621197 0.79277396 0.60930010
vn -0.52148646 -0.38835445 0.75975832
vn -0.27101702 0.89200145 0.36177781
vn -0.80871519 -0.28912649 0.51223589
vn -0.41358875 0.91045937 -0.00284049
vn -0.95128726 -0.27066874 0.14761767
vn -0.37330216 0.84320144 -0.38685504
vn -0.91100047 -0.33792706 -0.23639680
vn -0.16095176 0.70824941 -0.68736985
vn -0.69864992 -0.47287848 -0.53691176
vn 0.16656370 0.54176374 -0.82386200
vn -0.37113448 -0.63936420 -0.67340376
vn 0.52148647 0.38835448 -0.75975829
vn -0.01621197 -0.79277396 -0.60930010
vn 0.80871519 0.28912649 -0.51223590
vn 0.27101682 -0.89200155 -0.36177772
vn 0.95128724 0.27066882 -0.14761765
vn 0.41358913 -0.91045920 0.00284042
vn 0.87028292 0.48305400 0.09626251
vn 0.69914175 0.56399504 0.43944329
vn 0.57438093 -0.78052256 0.24672064
vn 0.40323977 -0.69958118 0.58990157
vn -0.99137324 0.13106909 0.00000000
vn 0.38030936 0.66310148 0.64471794
vn 0.08440741 -0.60047483 0.79517632
vn -0.00078338 0.75381725 0.65708366
vn -0.29668521 -0.50975915 0.80754163
vn -0.34202266 0.81183574 0.47322640
vn -0.63792459 -0.45174085 0.62368455
vn -0.55197415 0.82161038 0.14241109
vn -0.84787599 -0.44196586 0.29286939
vn -0.57438105 0.78052244 -0.24672075
vn -0.87028298 -0.48305392 -0.09626241
vn -0.40323966 0.69958139 -0.58990139
vn -0.69914172 -0.56399506 -0.43944332
vn -0.08440745 0.60047491 -0.79517625
vn -0.38030929 -0.66310122 -0.64471825
vn 0.29668520 0.50975896 -0.80754176
vn 0.00078317 -0.75381774 -0.65708310
vn 0.63792463 0.45174070 -0.62368463
vn 0.34202288 -0.81183551 -0.47322664
vn 0.84787602 0.44196586 -0.29286932
vn 0.55197410 -0.82161040 -0.14241118
vn 0.77775879 0.62652954 -0.05051739
vn 0.66541493 0.67343812 0.32203117
vn 0.73511956 -0.67053042 0.09994091
vn 0.62277552 -0.62362219 0.47248917
vn -0.99784098 -0.06567629 -0.00000000
vn 0.38048614 0.71367289 0.58813375
vn 0.33784722 -0.58338717 0.73859235
vn -0.00068079 0.73645209 0.67648936
vn -0.04331997 -0.56060818 0.82694731
vn -0.37595288 0.73567296 0.56342234
vn -0.41859206 -0.56138702 0.71388045
vn -0.64477607 0.71154405 0.27922911
vn -0.68741521 -0.58551620 0.42968722
vn -0.73511944 0.67053056 -0.09994092
vn -0.77775867 -0.62652968 0.05051741
vn -0.62277586 0.62362178 -0.47248926
vn -0.66541486 -0.67343820 -0.32203115
vn -0.33784700 0.58338772 -0.73859202
vn -0.38048617 -0.71367282 -0.58813381
vn 0.04331993 0.56060785 -0.82694753
vn 0.00068084 -0.73645212 -0.67648933
vn 0.41859202 0.56138702 -0.71388048
vn 0.37595291 -0.73567298 -0.56342229
vn 0.68741512 0.58551631 -0.42968722
vn 0.64477606 -0.71154406 -0.27922908
vn 0.63309917 0.74825163 -0.19825475
vn 0.58811564 0.78632941 0.18922490
vn 0.84537519 -0.53203032 -0.04779666
vn 0.80039142 -0.49395248 0.33968298
vn -0.96564172 -0.25987704 0.00000000
vn 0.35710708 0.78523649 0.50584403
vn 0.56938297 -0.49504571 0.65630236
vn 0.00197256 0.74526523 0.66676521
vn 0.21424856 -0.53501691 0.81722363
vn -0.38213003 0.67712558 0.62887009
vn -0.16985410 -0.60315626 0.77932799
vn -0.69228072 0.59907671 0.40231143
vn -0.48000499 -0.68120547 0.55276969
vn -0.84537517 0.53203037 0.04779663
vn -0.63309912 -0.74825167 0.19825472
vn -0.80039140 0.49395253 -0.33968294
vn -0.58811533 -0.78632967 -0.18922475
vn -0.56938307 0.49504558 -0.65630236
vn -0.35710727 -0.78523623 -0.50584430
vn -0.21424852 0.53501687 -0.81722367
vn -0.00197263 -0.74526501 -0.66676545
vn 0.16985397 0.60315650 -0.77932783
vn 0.38213005 -0.67712581 -0.62886983
vn 0.48000501 0.68120535 -0.55276981
vn 0.69228074 -0.59907675 -0.40231135
vn 0.44388417 0.82857253 -0.34122486
vn 0.46448338 0.88437744 0.04617069
vn 0.90284929 -0.38531963 -0.19076671
vn 0.92344846 -0.32951478 0.19662898
vn -0.89602321 -0.44400722 -0.00000000
vn 0.29913490 0.86584492 0.40103726
vn 0.75810012 -0.34804708 0.55149564
vn -0.00785607 0.77794049 0.62828884
vn 0.45110908 -0.43595178 0.77874685
vn -0.37423177 0.64421833 0.66703322
vn 0.08473330 -0.56967363 0.81749142
vn -0.70182201 0.50050921 0.50688894
vn -0.24285681 -0.71338304 0.65734710
vn -0.90284927 0.38531970 0.19076670
vn -0.44388417 -0.82857253 0.34122486
vn -0.92344853 0.32951465 -0.19662888
vn -0.46448337 -0.88437744 -0.04617081
vn -0.75810010 0.34804734 -0.55149551
vn -0.29913480 -0.86584494 -0.40103730
vn -0.45110904 0.43595155 -0.77874700
vn 0.00785589 -0.77794026 -0.62828914
vn -0.08473333 0.56967368 -0.81749138
vn 0.37423189 -0.64421883 -0.66703268
vn 0.24285681 0.71338305 -0.65734709
vn 0.70182205 -0.50050891 -0.50688918
vn 0.22500451 0.85135399 -0.47388749
vn 0.29934217 0.94872242 -0.10158760
vn 0.91287355 -0.24910911 -0.32342933
vn 0.98721145 -0.15174064 0.04887053
vn -0.79168330 -0.61093170 -0.00000000
vn 0.20131471 0.93931540 0.27777503
vn 0.88918380 -0.16114773 0.42823309
vn -0.04281210 0.82565374 0.56255046
vn 0.64505709 -0.27480938 0.71300852
vn -0.36762453 0.63819324 0.67643299
vn 0.32024474 -0.46227005 0.82689160
vn -0.68608892 0.42716285 0.58890908
vn 0.00178033 -0.67330022 0.73936705
vn -0.91287358 0.24910895 0.32342937
vn -0.22500450 -0.85135400 0.47388747
vn -0.98721141 0.15174090 -0.04887054
vn -0.29934215 -0.94872242 0.10158762
vn -0.88918382 0.16114751 -0.42823313
vn -0.20131474 -0.93931540 -0.27777502
vn -0.64505712 0.27480956 -0.71300843
vn 0.04281210 -0.82565374 -0.56255046
vn -0.32024468 0.46226993 -0.82689168
vn 0.36762454 -0.63819318 -0.67643304
vn -0.00178040 0.67330029 -0.73936699
vn 0.68608892 -0.42716288 -0.58890905
vn -0.00307509 0.80659105 -0.59110187
vn 0.10490807 0.96297934 -0.24832457
vn 0.88704256 -0.13779920 -0.44064371
vn 0.99502595 0.01858864 -0.09786639
vn -0.65666509 -0.75418232 -0.00000000
vn 0.06552806 0.98786236 0.14083335
vn 0.95564609 0.04347195 0.29129152
vn -0.11066281 0.87457269 0.47209782
vn 0.77945475 -0.06981753 0.62255586
vn -0.37645557 0.65346654 0.65670593
vn 0.51366256 -0.29092428 0.80716407
vn -0.66063004 0.38378862 0.64519318
vn 0.22948764 -0.56060171 0.79565140
vn -0.88704263 0.13779938 0.44064351
vn 0.00307525 -0.80659105 0.59110187
vn -0.99502593 -0.01858899 0.09786647
vn -0.10490807 -0.96297933 0.24832459
vn -0.95564607 -0.04347166 -0.29129163
vn -0.06552809 -0.98786237 -0.14083328
vn -0.77945475 0.06981759 -0.62255585
vn 0.11066309 -0.87457281 -0.47209753
vn -0.51366233 0.29092389 -0.80716436
vn 0.37645526 -0.65346637 -0.65670628
vn -0.22948796 0.56060191 -0.79565116
vn 0.66063009 -0.38378878 -0.64519304
vn -0.21694818 0.69220019 -0.68832579
vn -0.10057740 0.91600512 -0.38835396
vn 0.84092536 -0.05952161 -0.53786775
vn 0.95729656 0.16428295 -0.23789578
vn -0.49620078 -0.86820780 0.00000000
vn -0.09898495 0.99507884 -0.00448081
vn 0.95888901 0.24335661 0.14597750
vn -0.21259757 0.90823367 0.36043567
vn 0.84527604 0.15651185 0.51089378
vn -0.41097340 0.67873967 0.60861591
vn 0.64690052 -0.07298258 0.75907395
vn -0.64095750 0.36808970 0.67356028
vn 0.41691636 -0.38363237 0.82401878
vn -0.84092540 0.05952166 0.53786768
vn 0.21694863 -0.69220023 0.68832560
vn -0.95729655 -0.16428303 0.23789578
vn 0.10057717 -0.91600510 0.38835408
vn -0.95888893 -0.24335687 -0.14597759
vn 0.09898480 -0.99507886 0.00448083
vn -0.84527619 -0.15651130 -0.51089370
vn 0.21259797 -0.90823370 -0.36043537
vn -0.64690030 0.07298210 -0.75907418
vn 0.41097315 -0.67873956 -0.60861620
vn -0.41691672 0.38363264 -0.82401847
vn 0.64095758 -0.36808977 -0.67356017
vn -0.39341012 0.51468603 -0.76179182
vn -0.29519692 0.80395595 -0.51624956
vn 0.79122658 -0.01523807 -0.61133322
vn 0.88943978 0.27403194 -0.36579143
vn -0.31650817 -0.94858978 0.00000000
vn -0.27659693 0.94880282 -0.15253636
vn 0.90803962 0.41887912 -0.00207830
vn -0.34259410 0.91041513 0.23189131
vn 0.84204242 0.38049115 0.38234938
vn -0.47550495 0.69907874 0.53402618
vn 0.70913169 0.16915484 0.68448439
vn -0.63971549 0.37142104 0.67291196
vn 0.54492094 -0.15850279 0.82336993
vn -0.79122656 0.01523807 0.61133324
vn 0.39341015 -0.51468605 0.76179179
vn -0.88943971 -0.27403209 0.36579150
vn 0.29519692 -0.80395595 0.51624956
vn -0.90803968 -0.41887901 0.00207817
vn 0.27659693 -0.94880281 0.15253647
vn -0.84204242 -0.38049115 -0.38234938
vn 0.34259414 -0.91041512 -0.23189128
vn -0.70913170 -0.16915481 -0.68448439
vn 0.47550491 -0.69907875 -0.53402620
vn -0.54492098 0.15850279 -0.82336990
vn 0.63971548 -0.37142102 -0.67291198
vn -0.51264687 0.28857162 -0.80865296
vn -0.45634894 0.63130588 -0.62705544
vn 0.75284705 0.00098063 -0.65819478
vn 0.80914469 0.34371490 -0.47659725
vn -0.12455057 -0.99221326 -0.00000000
vn -0.44731710 0.84341201 -0.29759635
vn 0.81817671 0.55582121 -0.14713824
vn -0.48797099 0.86805645 0.09144568
vn 0.77752303 0.58046564 0.24190404
vn -0.56741719 0.69863588 0.43582754
vn 0.69807684 0.41104484 0.58628566
vn -0.66436823 0.38054622 0.64327244
vn 0.60112520 0.09295529 0.79373031
vn -0.75284723 -0.00098064 0.65819457
vn 0.51264663 -0.28857151 0.80865315
vn -0.80914475 -0.34371483 0.47659720
vn 0.45634941 -0.63130575 0.62705523
vn -0.81817670 -0.55582124 0.14713815
vn 0.44731710 -0.84341198 0.29759644
vn -0.77752310 -0.58046559 -0.24190396
vn 0.48797076 -0.86805657 -0.09144583
vn -0.69807662 -0.41104506 -0.58628576
vn 0.56741703 -0.69863594 -0.43582766
vn -0.60112532 -0.09295530 -0.79373022
vn 0.66436878 -0.38054614 -0.64327191
vn -0.56099444 0.03466168 -0.82709359
vn -0.56393644 0.41065273 -0.71647751
vn 0.73631783 0.00054807 -0.67663561
vn 0.73337597 0.37653922 -0.56601935
vn 0.07223291 -0.99738779 -0.00000000
vn -0.58957903 0.68118012 -0.43403942
vn 0.70773340 0.64706654 -0.28358124
vn -0.63105121 0.77375625 -0.05545836
vn 0.66626106 0.73964265 0.09499975
vn -0.67724090 0.66357519 0.31782500
vn 0.62007151 0.62946170 0.46828334
vn -0.71577118 0.38016021 0.58578992
vn 0.58154124 0.34604661 0.73624827
vn -0.73631784 -0.00054808 0.67663560
vn 0.56099444 -0.03466167 0.82709359
vn -0.73337598 -0.37653921 0.56601934
vn 0.56393642 -0.41065275 0.71647752
vn -0.70773339 -0.64706655 0.28358125
vn 0.58957905 -0.68118010 0.43403941
vn -0.66626102 -0.73964268 -0.09499973
vn 0.63105120 -0.77375626 0.05545836
vn -0.62007173 -0.62946159 -0.46828320
vn 0.67724094 -0.66357511 -0.31782506
vn -0.58154104 -0.34604668 -0.73624841
vn 0.71577119 -0.38016021 -0.58578992
vn -0.53285731 -0.22261161 -0.81639890
vn -0.60326926 0.16132401 -0.78105106
vn 0.74600194 -0.00192592 -0.66594099
vn 0.67558998 0.38200964 -0.63059243
vn 0.26621785 -0.96391289 -0.00000000
vn -0.68337106 0.47246644 -0.55657835
vn 0.59548795 0.69315244 -0.40612042
vn -0.75169834 0.62744588 -0.20312870
vn 0.52716116 0.84813144 -0.05267053
vn -0.78994351 0.58473517 0.18459153
vn 0.48891560 0.80542116 0.33504969
vn -0.78785849 0.35577903 0.50269303
vn 0.49100100 0.57646476 0.65315114
vn -0.74600198 0.00192585 0.66594094
vn 0.53285694 0.22261166 0.81639912
vn -0.67558970 -0.38200970 0.63059269
vn 0.60326971 -0.16132379 0.78105076
vn -0.59548842 -0.69315226 0.40612005
vn 0.68337086 -0.47246656 0.55657849
vn -0.52716099 -0.84813153 0.05267058
vn 0.75169835 -0.62744588 0.20312870
vn -0.48891573 -0.80542109 -0.33504968
vn 0.78994351 -0.58473517 -0.18459153
vn -0.49100082 -0.57646484 -0.65315119
vn 0.78785853 -0.35577896 -0.50269302
vn -0.43149551 -0.45837572 -0.77698348
vn -0.56725219 -0.09302773 -0.81827306
vn 0.77935394 0.00855763 -0.62652550
vn 0.64359762 0.37390573 -0.66781479
vn 0.44988655 -0.89308571 0.00000000
vn -0.71323690 0.23469003 -0.66046478
vn 0.49761254 0.70162315 -0.51000659
vn -0.83033376 0.43696519 -0.34584284
vn 0.38051551 0.90389863 -0.19538478
vn -0.88716635 0.45959877 0.04128962
vn 0.32368332 0.92653215 0.19174800
vn -0.86850625 0.29652644 0.39720142
vn 0.34234310 0.76345952 0.54765935
vn -0.77935431 -0.00855790 0.62652503
vn 0.43149539 0.45837565 0.77698358
vn -0.64359714 -0.37390564 0.66781531
vn 0.56725195 0.09302762 0.81827324
vn -0.49761268 -0.70162316 0.51000644
vn 0.71323707 -0.23468977 0.66046469
vn -0.38051577 -0.90389854 0.19538473
vn 0.83033373 -0.43696523 0.34584285
vn -0.32368325 -0.92653219 -0.19174790
vn 0.88716629 -0.45959887 -0.04128976
vn -0.34234288 -0.76345952 -0.54765949
vn 0.86850647 -0.29652616 -0.39720113
vn -0.26856643 -0.65056898 -0.71037460
vn -0.45751073 -0.32748718 -0.82670193
vn 0.82735229 0.04451806 -0.55991636
vn 0.63840764 0.36759960 -0.67624420
vn 0.61612183 -0.78765087 -0.00000000
vn -0.67069037 -0.00977919 -0.74167297
vn 0.42522830 0.68530765 -0.59121428
vn -0.85098483 0.21742459 -0.47807046
vn 0.24493355 0.91251171 -0.32761249
vn -0.95008344 0.29324635 -0.10652719
vn 0.14583500 0.98833305 0.04393095
vn -0.94143347 0.19736826 0.27340226
vn 0.15448494 0.89245536 0.42386063
vn -0.82735226 -0.04451805 0.55991640
vn 0.26856650 0.65056903 0.71037453
vn -0.63840771 -0.36759965 0.67624411
vn 0.45751062 0.32748712 0.82670202
vn -0.42522818 -0.68530763 0.59121439
vn 0.67069043 0.00977927 0.74167291
vn -0.24493374 -0.91251169 0.32761240
vn 0.85098481 -0.21742465 0.47807048
vn -0.14583485 -0.98833308 -0.04393089
vn 0.95008345 -0.29324633 0.10652716
vn -0.15448498 -0.89245535 -0.42386063
vn 0.94143347 -0.19736826 -0.27340224
vn -0.06248529 -0.78278002 -0.61915348
vn -0.28429640 -0.51915520 -0.80601081
vn 0.87603463 0.11352546 -0.46869532
vn 0.65422346 0.37715025 -0.65555271
vn 0.75848181 -0.65169421 -0.00000000
vn -0.55566829 -0.23650517 -0.79705587
vn 0.38285161 0.65980015 -0.64659756
vn -0.80388732 -0.01056634 -0.59468776
vn 0.13463284 0.88573927 -0.44422961
vn -0.96244302 0.09812204 -0.25313139
vn -0.02392321 0.99442741 -0.10267326
vn -0.98885078 0.06043641 0.13609399
vn -0.05033092 0.95674172 0.28655206
vn -0.87603458 -0.11352545 0.46869541
vn 0.06248550 0.78278008 0.61915338
vn -0.65422382 -0.37715060 0.65555214
vn 0.28429632 0.51915513 0.80601089
vn -0.38285114 -0.65979984 0.64659815
vn 0.55566839 0.23650541 0.79705572
vn -0.13463289 -0.88573933 0.44422947
vn 0.80388718 0.01056611 0.59468795
vn 0.02392310 -0.99442743 0.10267312
vn 0.96244301 -0.09812201 0.25313142
vn 0.05033084 -0.95674174 -0.28655201
vn 0.98885082 -0.06043610 -0.13609386
vn 0.16414461 -0.84625926 -0.50685483
vn -0.06516753 -0.65015573 -0.75700114
vn 0.90889774 0.21653246 -0.35639667
vn 0.67958580 0.41263595 -0.60654325
vn 0.87145034 -0.49048374 -0.00000000
vn -0.37679550 -0.42223001 -0.82446769
vn 0.36795758 0.64056157 -0.67400897
vn -0.68724001 -0.22355577 -0.69117580
vn 0.05751275 0.83923559 -0.54071795
vn -0.91331693 -0.10736684 -0.39284164
vn -0.16856359 0.95542481 -0.24238346
vn -0.99444926 -0.10479622 -0.00940363
vn -0.24969610 0.95799552 0.14105473
vn -0.90889780 -0.21653228 0.35639664
vn -0.16414457 0.84625922 0.50685491
vn -0.67958591 -0.41263617 0.60654298
vn 0.06516729 0.65015550 0.75700135
vn -0.36795726 -0.64056118 0.67400952
vn 0.37679565 0.42223027 0.82446749
vn -0.05751298 -0.83923575 0.54071768
vn 0.68724004 0.22355594 0.69117572
vn 0.16856365 -0.95542483 0.24238335
vn 0.91331689 0.10736675 0.39284176
vn 0.24969618 -0.95799551 -0.14105469
vn 0.99444928 0.10479601 0.00940361
vn 0.38765284 -0.84081475 -0.37783043
vn 0.17735758 -0.70993158 -0.68157277
vn 0.90977960 0.34727933 -0.22737227
vn 0.69948431 0.47816232 -0.53111439
vn 0.95064945 -0.31026703 -0.00000000
vn -0.15041233 -0.54799747 -0.82284561
vn 0.37171428 0.64009623 -0.67238776
vn -0.50783101 -0.39840170 -0.76379562
vn 0.01429556 0.78969181 -0.61333717
vn -0.79912860 -0.30122989 -0.52024421
vn -0.27700192 0.88686424 -0.36978609
vn -0.94625199 -0.28251742 -0.15745182
vn -0.42412529 0.90557652 -0.00699350
vn -0.90977973 -0.34727887 0.22737243
vn -0.38765320 0.84081457 0.37783046
vn -0.69948423 -0.47816258 0.53111426
vn -0.17735743 0.70993181 0.68157257
vn -0.37171424 -0.64009611 0.67238790
vn 0.15041214 0.54799708 0.82284591
vn -0.01429578 -0.78969199 0.61333694
vn 0.50783111 0.39840218 0.76379530
vn 0.27700206 -0.88686415 0.36978621
vn 0.79912865 0.30122961 0.52024429
vn 0.42412546 -0.90557644 0.00699361
vn 0.94625210 0.28251710 0.15745174
vn 0.58650433 -0.77447125 -0.23708004
vn 0.41882374 -0.69649694 -0.58264800
vn 0.86577175 0.49288529 -0.08662196
vn 0.69809118 0.57085975 -0.43218960
vn 0.99301040 -0.11802686 -0.00000000
vn 0.10150499 -0.60169060 -0.79225322
vn 0.38077243 0.66566602 -0.64179522
vn -0.28042670 -0.51545534 -0.80973246
vn -0.00115925 0.75190156 -0.65927438
vn -0.62463301 -0.46089737 -0.63040243
vn -0.34536547 0.80645923 -0.47994397
vn -0.83888414 -0.45263649 -0.30231376
vn -0.55961689 0.81472006 -0.15185571
vn -0.86577167 -0.49288545 0.08662190
vn -0.58650403 0.77447148 0.23708005
vn -0.69809124 -0.57085945 0.43218990
vn -0.41882374 0.69649703 0.58264789
vn -0.38077240 -0.66566622 0.64179504
vn -0.10150504 0.60169038 0.79225337
vn 0.00115915 -0.75190177 0.65927414
vn 0.28042665 0.51545521 0.80973256
vn 0.34536577 -0.80645886 0.47994436
vn 0.62463298 0.46089765 0.63040225
vn 0.55961656 -0.81472033 0.15185547
vn 0.83888414 0.45263643 0.30231385
vn 0.74410883 -0.66196046 -0.09005779
vn 0.63609978 -0.61646181 -0.46406024
vn 0.76969504 0.63554806 0.06040032
vn 0.66168639 0.68104685 -0.31360216
vn 0.99689149 0.07878679 0.00000000
vn 0.35422072 -0.57961554 -0.73387568
vn 0.37980715 0.71789302 -0.58341764
vn -0.02599952 -0.56129481 -0.82720745
vn -0.00041311 0.73621387 -0.67674882
vn -0.40268115 -0.56640928 -0.71904688
vn -0.37709491 0.73109910 -0.56858907
vn -0.67489266 -0.59358758 -0.43837618
vn -0.64930608 0.70392115 -0.28791775
vn -0.76969504 -0.63554807 -0.06040033
vn -0.74410869 0.66196061 0.09005780
vn -0.66168640 -0.68104682 0.31360220
vn -0.63609998 0.61646156 0.46406030
vn -0.37980715 -0.71789302 0.58341764
vn -0.35422066 0.57961566 0.73387561
vn 0.00041311 -0.73621387 0.67674882
vn 0.02599953 0.56129480 0.82720745
vn 0.37709491 -0.73109910 0.56858907
vn 0.40268113 0.56640931 0.71904687
vn 0.64930608 -0.70392115 0.28791775
vn 0.67489267 0.59358756 0.43837619
vn 0.85082888 -0.52228296 0.05753896
vn 0.81038890 -0.48384116 -0.33040516
vn 0.62174286 0.75509798 0.20799726
vn 0.58130279 0.79354025 -0.17994701
vn 0.96214236 0.27254739 0.00000000
vn 0.58349780 -0.48689072 -0.64997518
vn 0.35441169 0.79049042 -0.49951701
vn 0.23095055 -0.53061507 -0.81554245
vn 0.00186448 0.74676600 -0.66508426
vn -0.15278797 -0.60329837 -0.78274319
vn -0.38187403 0.67408305 -0.63228496
vn -0.46489541 -0.68546474 -0.56036626
vn -0.69398145 0.59191643 -0.40990813
vn -0.62174285 -0.75509802 -0.20799715
vn -0.85082874 0.52228317 -0.05753902
vn -0.58130274 -0.79354029 0.17994703
vn -0.81038898 0.48384101 0.33040518
vn -0.35441178 -0.79049039 0.49951700
vn -0.58349782 0.48689054 0.64997531
vn -0.00186449 -0.74676600 0.66508425
vn -0.23095057 0.53061555 0.81554213
vn 0.38187406 -0.67408300 0.63228499
vn 0.15278813 0.60329797 0.78274348
vn 0.69398145 -0.59191644 0.40990814
vn 0.46489516 0.68546502 0.56036613
vn 0.90489478 -0.37572469 0.19999100
vn 0.92954928 -0.31783767 -0.18686185
vn 0.43001336 0.83202998 0.35044917
vn 0.45466813 0.88991665 -0.03640378
vn 0.89010967 0.45574639 -0.00000000
vn 0.76875372 -0.33659487 -0.54380292
vn 0.29387209 0.87115980 -0.39334437
vn 0.46559334 -0.42697019 -0.77518985
vn -0.00928780 0.78078408 -0.62473190
vn 0.10129972 -0.56474781 -0.81902276
vn -0.37358172 0.64300689 -0.66856475
vn -0.22651542 -0.71300951 -0.66355724
vn -0.70139659 0.49474486 -0.51309877
vn -0.43001339 -0.83202997 -0.35044915
vn -0.90489482 0.37572454 -0.19999107
vn -0.45466794 -0.88991676 0.03640372
vn -0.92954932 0.31783757 0.18686185
vn -0.29387252 -0.87115948 0.39334475
vn -0.76875378 0.33659488 0.54380283
vn 0.00928805 -0.78078432 0.62473161
vn -0.46559336 0.42697014 0.77518986
vn 0.37358177 -0.64300714 0.66856449
vn -0.10129965 0.56474775 0.81902281
vn 0.70139658 -0.49474450 0.51309912
vn 0.22651543 0.71300959 0.66355714
vn 0.91211012 -0.24078709 0.33177809
vn 0.98939212 -0.13993858 -0.03899265
vn 0.20983512 0.85053955 0.48223615
vn 0.28711776 0.95138786 0.11146541
vn 0.78358458 0.62128512 -0.00000000
vn 0.89565427 -0.14780356 -0.41947292
vn 0.19337963 0.94352282 -0.26901488
vn 0.65601347 -0.26227467 -0.70771345
vn -0.04626138 0.82905178 -0.55725490
vn 0.33468153 -0.45268002 -0.82647993
vn -0.36759312 0.63864659 -0.67602206
vn 0.01775865 -0.66799950 -0.74394979
vn -0.68451596 0.42332686 -0.59349160
vn -0.20983535 -0.85053941 -0.48223630
vn -0.91211017 0.24078713 -0.33177794
vn -0.28711758 -0.95138791 -0.11146545
vn -0.98939212 0.13993856 0.03899267
vn -0.19337956 -0.94352289 0.26901469
vn -0.89565422 0.14780361 0.41947303
vn 0.04626117 -0.82905167 0.55725508
vn -0.65601349 0.26227497 0.70771332
vn 0.36759310 -0.63864646 0.67602220
vn -0.33468136 0.45267967 0.82648019
vn 0.68451600 -0.42332699 0.59349145
vn -0.01775866 0.66799945 0.74394984
vn 0.88441393 -0.13150349 0.44779328
vn 0.99377833 0.02922886 0.10747234
vn -0.01804020 0.80110520 0.59825162
vn 0.09132369 0.96183776 0.25793044
vn 0.64669511 0.76274860 -0.00000000
vn 0.95776663 0.05718343 -0.28180338
vn 0.05531214 0.98979240 -0.13134522
vn 0.78602805 -0.05512979 -0.61572771
vn -0.11642615 0.87747885 -0.46526962
vn 0.52458001 -0.27761743 -0.80482568
vn -0.37787462 0.65499160 -0.65436746
vn 0.24347667 -0.55066317 -0.79842920
vn -0.65897732 0.38194533 -0.64797118
vn 0.01804057 -0.80110532 -0.59825145
vn -0.88441400 0.13150379 -0.44779306
vn -0.09132389 -0.96183771 -0.25793056
vn -0.99377834 -0.02922892 -0.10747226
vn -0.05531240 -0.98979238 0.13134528
vn -0.95776662 -0.05718359 0.28180336
vn 0.11642659 -0.87747893 0.46526935
vn -0.78602802 0.05512983 0.61572774
vn 0.37787432 -0.65499139 0.65436784
vn -0.52458015 0.27761775 0.80482548
vn 0.65897755 -0.38194569 0.64797073
vn -0.24347662 0.55066308 0.79842928
vn 0.83754280 -0.05554243 0.54354125
vn 0.95352006 0.17280322 0.24685732
vn -0.23012042 0.68220927 0.69399935
vn -0.11414353 0.91055559 0.39731572
vn 0.48474573 0.87465512 -0.00000000
vn 0.95704183 0.25600754 -0.13612892
vn -0.11062150 0.99375931 0.01432924
vn 0.84716504 0.17177390 -0.50279730
vn -0.22049823 0.90952602 -0.35233925
vn 0.65333078 -0.05732615 -0.75489907
vn -0.41433295 0.68042602 -0.60444077
vn 0.42747661 -0.36990557 -0.82488400
vn -0.64018657 0.36784632 -0.67442586
vn 0.23012047 -0.68220932 -0.69399929
vn -0.83754288 0.05554275 -0.54354110
vn 0.11414332 -0.91055563 -0.39731567
vn -0.95351995 -0.17280358 -0.24685752
vn 0.11062160 -0.99375929 -0.01432917
vn -0.95704189 -0.25600728 0.13612896
vn 0.22049851 -0.90952602 0.35233909
vn -0.84716500 -0.17177397 0.50279734
vn 0.41433250 -0.68042593 0.60444117
vn -0.65333098 0.05732640 0.75489888
vn 0.64018673 -0.36784654 0.67442559
vn -0.42747638 0.36990546 0.82488417
vn 0.78817107 -0.01338492 0.61531067
vn 0.88427556 0.27992677 0.37376161
vn -0.40332904 0.50092215 0.76576934
vn -0.30722391 0.79423358 0.52421989
vn 0.30401219 0.95266814 0.00000000
vn 0.90307021 0.42932792 0.01190535
vn -0.28842960 0.94363468 0.16236364
vn 0.83951861 0.39478700 -0.37329844
vn -0.35198104 0.90909379 -0.22284036
vn 0.71064935 0.18555906 -0.67863491
vn -0.48085057 0.69986600 -0.52817640
vn 0.55099291 -0.14229312 -0.82228917
vn -0.64050653 0.37201358 -0.67183129
vn 0.40332915 -0.50092220 -0.76576925
vn -0.78817088 0.01338482 -0.61531090
vn 0.30722406 -0.79423360 -0.52421977
vn -0.88427547 -0.27992691 -0.37376172
vn 0.28842963 -0.94363469 -0.16236353
vn -0.90307032 -0.42932768 -0.01190535
vn 0.35198083 -0.90909390 0.22284027
vn -0.83951856 -0.39478700 0.37329855
vn 0.48085059 -0.69986596 0.52817644
vn -0.71064911 -0.18555941 0.67863506
vn 0.64050638 -0.37201351 0.67183148
vn -0.55099343 0.14229345 0.82228877
vn 0.75098146 0.00131939 0.66032197
vn 0.80377928 0.34697497 0.48326726
vn -0.51818286 0.27225144 0.81078091
vn -0.46538556 0.61790684 0.63372504
vn 0.11149798 0.99376466 0.00000000
vn 0.81124150 0.56336061 0.15656321
vn -0.45792320 0.83429264 0.30702137
vn 0.77136778 0.59249647 -0.23224916
vn -0.49779696 0.86342829 -0.08179102
vn 0.69484279 0.42657505 -0.57898810
vn -0.57432184 0.69750722 -0.42853017
vn 0.60217049 0.11005560 -0.79074551
vn -0.66699419 0.38098748 -0.64028688
vn 0.51818370 -0.27225143 -0.81078037
vn -0.75098102 -0.00131959 -0.66032248
vn 0.46538525 -0.61790688 -0.63372521
vn -0.80377949 -0.34697483 -0.48326700
vn 0.45792319 -0.83429266 -0.30702134
vn -0.81124143 -0.56336072 -0.15656325
vn 0.49779672 -0.86342843 0.08179098
vn -0.77136782 -0.59249639 0.23224926
vn 0.57432257 -0.69750695 0.42852961
vn -0.69484261 -0.42657522 0.57898820
vn 0.66699351 -0.38098743 0.64028761
vn -0.60217115 -0.11005538 0.79074504
vn 0.73613906 0.00027638 0.67683027
vn 0.72884379 0.37761998 0.57113035
vn -0.56151024 0.01733461 0.82728820
vn -0.56880419 0.39467843 0.72158903
vn -0.08533671 0.99635217 -0.00000000
vn 0.70010746 0.65149511 0.29223905
vn -0.59754158 0.66855328 0.44269693
vn 0.65762994 0.74851737 -0.08511527
vn -0.64001875 0.76557580 0.06534284
vn 0.61279255 0.64268987 -0.45982064
vn -0.68485598 0.65974791 -0.30936224
vn 0.57761075 0.36236830 -0.73147456
vn -0.72003847 0.37942654 -0.58101644
vn 0.56150946 -0.01733459 -0.82728873
vn -0.73613873 -0.00027638 -0.67683062
vn 0.56880496 -0.39467818 -0.72158857
vn -0.72884384 -0.37761992 -0.57113034
vn 0.59754127 -0.66855344 -0.44269711
vn -0.70010744 -0.65149518 -0.29223894
vn 0.64001902 -0.76557558 -0.06534290
vn -0.65762993 -0.74851738 0.08511526
vn 0.68485581 -0.65974796 0.30936249
vn -0.61279275 -0.64268984 0.45982042
vn 0.72003823 -0.37942659 0.58101670
vn -0.57761024 -0.36236855 0.73147484
vn 0.74755600 -0.00178815 0.66419638
vn 0.67260616 0.38172374 0.63394633
vn -0.52829154 -0.23926444 0.81465365
vn -0.60324247 0.14424725 0.78440503
vn -0.27886502 0.96033031 0.00000000
vn 0.58836177 0.69476866 0.41367491
vn -0.68748634 0.45729222 0.56413329
vn 0.51739764 0.85346686 0.06240190
vn -0.75845016 0.61599032 0.21285975
vn 0.47872885 0.81529491 -0.32574977
vn -0.79711904 0.57781844 -0.17529145
vn 0.48271632 0.59048116 -0.64677427
vn -0.79313178 0.35300477 -0.49631604
vn 0.52829140 0.23926438 -0.81465376
vn -0.74755669 0.00178794 -0.66419561
vn 0.60324246 -0.14424726 -0.78440504
vn -0.67260560 -0.38172378 -0.63394689
vn 0.68748622 -0.45729233 -0.56413333
vn -0.58836158 -0.69476876 -0.41367502
vn 0.75845025 -0.61599018 -0.21285985
vn -0.51739782 -0.85346677 -0.06240173
vn 0.79711929 -0.57781813 0.17529132
vn -0.47872907 -0.81529479 0.32574971
vn 0.79313174 -0.35300484 0.49631606
vn -0.48271586 -0.59048130 0.64677448
vn 0.78223066 0.01004731 0.62290789
vn 0.64244679 0.37326050 0.66928224
vn -0.42237644 -0.47276130 0.77336595
vn -0.56216031 -0.10954824 0.81974079
vn -0.46158666 0.88709512 -0.00000000
vn 0.49190618 0.70114267 0.51616593
vn -0.71270132 0.21833366 0.66662377
vn 0.37094667 0.90583846 0.20458557
vn -0.83366058 0.42302972 0.35504349
vn 0.31197916 0.93249963 -0.18197099
vn -0.89262812 0.44969097 -0.03151292
vn 0.33080360 0.77398242 -0.53992610
vn -0.87380375 0.29117337 -0.38946768
vn 0.42237660 0.47276136 -0.77336583
vn -0.78223082 -0.01004749 -0.62290770
vn 0.56216081 0.10954844 -0.81974042
vn -0.64244654 -0.37326041 -0.66928254
vn 0.71270094 -0.21833396 -0.66662407
vn -0.49190635 -0.70114274 -0.51616567
vn 0.83366056 -0.42302962 -0.35504367
vn -0.37094670 -0.90583849 -0.20458538
vn 0.89262820 -0.44969084 0.03151277
vn -0.31197903 -0.93249966 0.18197106
vn 0.87380374 -0.29117342 0.38946766
vn -0.33080390 -0.77398234 0.53992603
vn 0.83075162 0.04804216 0.55456622
vn 0.63890914 0.36760514 0.67576739
vn -0.25593587 -0.66139015 0.70502475
vn -0.44777848 -0.34182696 0.82622561
vn -0.62642172 0.77948433 -0.00000000
vn 0.42145951 0.68371472 0.59573992
vn -0.66522728 -0.02571718 0.74619789
vn 0.23666970 0.91166946 0.33592597
vn -0.85001785 0.20223725 0.48638436
vn 0.13405202 0.99038893 -0.03405606
vn -0.95263514 0.28095697 0.11640220
vn 0.14110417 0.89878034 -0.41507049
vn -0.94558325 0.18934816 -0.26461216
vn 0.25593584 0.66139022 -0.70502469
vn -0.83075140 -0.04804179 -0.55456658
vn 0.44777853 0.34182706 -0.82622555
vn -0.63890891 -0.36760506 -0.67576765
vn 0.66522718 0.02571712 -0.74619798
vn -0.42146005 -0.68371481 -0.59573944
vn 0.85001788 -0.20223731 -0.48638429
vn -0.23666924 -0.91166946 -0.33592628
vn 0.95263517 -0.28095685 -0.11640223
vn -0.13405235 -0.99038889 0.03405610
vn 0.94558302 -0.18934865 0.26461261
vn -0.14110412 -0.89878041 0.41507035
vn 0.87890485 0.11936517 0.46182056
vn 0.65577014 0.37862858 0.65315076
vn -0.04775253 -0.78919871 0.61227861
vn -0.27088770 -0.52993601 0.80360916
vn -0.76698234 0.64166821 0.00000000
vn 0.38107022 0.65816240 0.64931329
vn -0.54558691 -0.25040163 0.79977118
vn 0.12841212 0.88306721 0.45133428
vn -0.79824530 -0.02549697 0.60179261
vn -0.03450561 0.99307919 0.11226343
vn -0.96116313 0.08451480 0.26272168
vn -0.06402893 0.95872094 -0.27704594
vn -0.99068657 0.05015668 -0.12658762
vn 0.04775247 0.78919868 -0.61227865
vn -0.87890499 -0.11936572 -0.46182015
vn 0.27088781 0.52993613 -0.80360904
vn -0.65576980 -0.37862808 -0.65315139
vn 0.54558679 0.25040153 -0.79977130
vn -0.38107067 -0.65816269 -0.64931273
vn 0.79824541 0.02549720 -0.60179245
vn -0.12841206 -0.88306715 -0.45133442
vn 0.96116310 -0.08451508 -0.26272172
vn 0.03450571 -0.99307919 -0.11226345
vn 0.99068659 -0.05015647 0.12658755
vn 0.06402888 -0.95872094 0.27704595
vn 0.91011792 0.22449497 0.34826338
vn 0.68125964 0.41606369 0.60230914
vn 0.17939894 -0.84799348 0.49872144
vn -0.04945972 -0.65642584 0.75276747
vn -0.87782208 0.47898684 -0.00000000
vn 0.36775608 0.63983368 0.67480985
vn -0.36296301 -0.43265538 0.82526794
vn 0.05361031 0.83584736 0.54633793
vn -0.67710858 -0.23664168 0.69679602
vn -0.17700187 0.95158285 0.25131736
vn -0.90772125 -0.12090629 0.40177580
vn -0.26228983 0.95602850 -0.13120047
vn -0.99300863 -0.11646037 0.01925736
vn -0.17939870 0.84799357 -0.49872137
vn -0.91011787 -0.22449588 -0.34826292
vn 0.04945948 0.65642569 -0.75276761
vn -0.68125953 -0.41606327 -0.60230957
vn 0.36296298 0.43265536 -0.82526797
vn -0.36775611 -0.63983371 -0.67480980
vn 0.67710862 0.23664178 -0.69679594
vn -0.05361041 -0.83584736 -0.54633791
vn 0.90772127 0.12090611 -0.40177582
vn 0.17700210 -0.95158279 -0.25131742
vn 0.99300859 0.11646065 -0.01925760
vn 0.26228960 -0.95602852 0.13120074
vn 0.90835712 0.35669947 0.21829530
vn 0.70022321 0.48356943 0.52521240
vn 0.40189217 -0.83815480 0.36875360
vn 0.19375852 -0.71128495 0.67567104
vn -0.95464568 0.29774422 -0.00000000
vn 0.37231840 0.64094652 0.67124256
vn -0.13414633 -0.55390735 0.82170032
vn 0.01250495 0.78666370 0.61725509
vn -0.49396018 -0.40819104 0.76771311
vn -0.28280644 0.88167446 0.37771771
vn -0.78927109 -0.31317919 0.52817606
vn -0.43448589 0.90052170 0.01681330
vn -0.94095079 -0.29433281 0.16727169
vn -0.40189230 0.83815481 -0.36875343
vn -0.90835718 -0.35669911 -0.21829563
vn -0.19375839 0.71128510 -0.67567092
vn -0.70022314 -0.48356948 -0.52521244
vn 0.13414628 0.55390717 -0.82170044
vn -0.37231845 -0.64094669 -0.67124237
vn 0.49396011 0.40819089 -0.76771324
vn -0.01250489 -0.78666370 -0.61725509
vn 0.78927103 0.31317944 -0.52817599
vn 0.28280642 -0.88167447 -0.37771771
vn 0.94095085 0.29433263 -0.16727165
vn 0.43448592 -0.90052168 -0.01681331
vn 0.86102630 0.50270460 0.07695323
vn 0.69688334 0.57780367 0.42484883
vn 0.59844160 -0.76821326 0.22741158
vn 0.43429850 -0.69311417 0.57530649
vn -0.99447600 0.10496421 0.00000000
vn 0.38119065 0.66835254 0.63874765
vn 0.11860608 -0.60256567 0.78920669
vn -0.00146209 0.75008602 0.66133866
vn -0.26404671 -0.52083198 0.81179639
vn -0.34854340 0.80110608 0.48656607
vn -0.61112808 -0.46981155 0.63702400
vn -0.56705242 0.80774166 0.16126055
vn -0.82963767 -0.46317661 0.31171905
vn -0.59844185 0.76821313 -0.22741136
vn -0.86102635 -0.50270446 -0.07695354
vn -0.43429838 0.69311408 -0.57530669
vn -0.69688318 -0.57780430 -0.42484823
vn -0.11860591 0.60256598 -0.78920648
vn -0.38119073 -0.66835174 -0.63874844
vn 0.26404669 0.52083151 -0.81179670
vn 0.00146209 -0.75008607 -0.66133860
vn 0.61112786 0.46981195 -0.63702392
vn 0.34854311 -0.80110647 -0.48656564
vn 0.82963764 0.46317666 -0.31171906
vn 0.56705307 -0.80774116 -0.16126078
vn 0.76139807 0.64446326 -0.07028574
vn 0.65775959 0.68866745 0.30510568
vn 0.75286867 -0.65326961 0.08017219
vn 0.64923058 -0.60906559 0.45556423
vn -0.99576978 -0.09188327 0.00000000
vn 0.37901833 0.72220577 0.57858787
vn 0.37048878 -0.57552673 0.72904529
vn -0.00013847 0.73609484 0.67687840
vn -0.00866777 -0.56163819 0.82733755
vn -0.37811541 0.72660901 0.57364456
vn -0.38664448 -0.57112372 0.72410202
vn -0.65363347 0.69629378 0.29654385
vn -0.66216300 -0.60143919 0.44700231
vn -0.75286887 0.65326936 -0.08017234
vn -0.76139800 -0.64446331 0.07028598
vn -0.64923046 0.60906590 -0.45556398
vn -0.65776004 -0.68866677 -0.30510624
vn -0.37048885 0.57552629 -0.72904561
vn -0.37901795 -0.72220677 -0.57858687
vn 0.00866777 0.56163864 -0.82733724
vn 0.00013848 -0.73609374 -0.67687960
vn 0.38664454 0.57112330 -0.72410232
vn 0.37811500 -0.72661004 -0.57364353
vn 0.66216302 0.60143928 -0.44700216
vn 0.65363386 -0.69629318 -0.29654440
vn 0.61018864 0.76175412 -0.21771655
vn 0.57428211 0.80067911 0.17062540
vn 0.85604569 -0.51250567 -0.06725866
vn 0.82013843 -0.47358054 0.32108321
vn -0.95847681 -0.28517048 -0.00000000
vn 0.35155761 0.79578220 0.49309020
vn 0.59741461 -0.47847734 0.64354893
vn 0.00169573 0.74837359 0.66327528
vn 0.24755236 -0.52588608 0.81373316
vn -0.38155935 0.67115809 0.63557791
vn -0.13570278 -0.60310188 0.78603618
vn -0.69551454 0.58482407 0.41742105
vn -0.44965794 -0.68943544 0.56787895
vn -0.85604554 0.51250595 0.06725838
vn -0.61018908 -0.76175370 0.21771674
vn -0.82013839 0.47358064 -0.32108318
vn -0.57428181 -0.80067935 -0.17062527
vn -0.59741447 0.47847771 -0.64354878
vn -0.35155779 -0.79578200 -0.49309039
vn -0.24755229 0.52588576 -0.81373339
vn -0.00169575 -0.74837360 -0.66327527
vn 0.13570268 0.60310193 -0.78603616
vn 0.38155942 -0.67115797 -0.63557800
vn 0.44965806 0.68943516 -0.56787920
vn 0.69551451 -0.58482430 -0.41742078
vn 0.41601449 0.83522514 -0.35962606
vn 0.44466767 0.89530005 0.02661723
vn 0.90672981 -0.36618292 -0.20916770
vn 0.93538338 -0.30610811 0.17707560
vn -0.88404218 -0.46740713 -0.00000000
vn 0.28842986 0.87643778 0.38557104
vn 0.77914507 -0.32497017 0.53602925
vn -0.01083665 0.78369338 0.62105334
vn 0.47987888 -0.41771473 0.77151193
vn -0.37294240 0.64191638 0.66996815
vn 0.11777334 -0.55949203 0.82042556
vn -0.70086217 0.48909745 0.51920699
vn -0.21014697 -0.71231052 0.66966557
vn -0.90672987 0.36618274 0.20916774
vn -0.41601413 -0.83522535 0.35962601
vn -0.93538334 0.30610823 -0.17707559
vn -0.44466784 -0.89529997 -0.02661722
vn -0.77914507 0.32497064 -0.53602896
vn -0.28842985 -0.87643769 -0.38557127
vn -0.47987889 0.41771433 -0.77151214
vn 0.01083684 -0.78369353 -0.62105315
vn -0.11777320 0.55949186 -0.82042570
vn 0.37294231 -0.64191631 -0.66996827
vn 0.21014672 0.71231075 -0.66966540
vn 0.70086218 -0.48909748 -0.51920696
vn 0.19463138 0.84941987 -0.49051453
vn 0.27476489 0.95382470 -0.12133711
vn 0.91119008 -0.23258162 -0.34005651
vn 0.99132373 -0.12817651 0.02912120
vn -0.77535062 -0.63153101 0.00000000
vn 0.18527457 0.94761382 0.26019490
vn 0.90183358 -0.13438756 0.41065336
vn -0.04985987 0.83245085 0.55185104
vn 0.66669859 -0.24955000 0.70230890
vn -0.36763592 0.63919444 0.67548080
vn 0.34892295 -0.44280696 0.82593872
vn -0.68290461 0.41962719 0.59795845
vn 0.03365400 -0.66237408 0.74841699
vn -0.91119017 0.23258126 0.34005650
vn -0.19463112 -0.84941982 0.49051473
vn -0.99132369 0.12817678 -0.02912124
vn -0.27476520 -0.95382461 0.12133712
vn -0.90183358 0.13438732 -0.41065343
vn -0.18527482 -0.94761372 -0.26019509
vn -0.66669853 0.24955025 -0.70230886
vn 0.04986016 -0.83245108 -0.55185067
vn -0.34892286 0.44280667 -0.82593891
vn 0.36763613 -0.63919481 -0.67548033
vn -0.03365426 0.66237426 -0.74841682
vn 0.68290443 -0.41962663 -0.59795905
vn -0.03293514 0.79530757 -0.60531078
vn 0.07769571 0.96041894 -0.26750484
vn 0.88169957 -0.12535819 -0.45485294
vn 0.99233053 0.03975244 -0.11704637
vn -0.63661327 -0.77118321 0.00000000
vn 0.04496962 0.99153282 0.12182119
vn 0.95960497 0.07086683 0.27227964
vn -0.12234258 0.88031193 0.45834833
vn 0.79229211 -0.04035445 0.60880599
vn -0.37941211 0.65655829 0.65190311
vn 0.53522260 -0.26410759 0.80236148
vn -0.65735613 0.38022624 0.65062349
vn 0.25727915 -0.54044004 0.80108177
vn -0.88169968 0.12535858 0.45485261
vn 0.03293521 -0.79530752 0.60531084
vn -0.99233049 -0.03975296 0.11704654
vn -0.07769551 -0.96041896 0.26750481
vn -0.95960506 -0.07086647 -0.27227941
vn -0.04497008 -0.99153276 -0.12182153
vn -0.79229184 0.04035367 -0.60880639
vn 0.12234280 -0.88031204 -0.45834806
vn -0.53522278 0.26410789 -0.80236127
vn 0.37941264 -0.65655863 -0.65190246
vn -0.25727913 0.54044016 -0.80108169
vn 0.65735580 -0.38022591 -0.65062401
vn -0.24311867 0.67193816 -0.69956588
vn -0.12765471 0.90481389 -0.40622175
vn 0.83414991 -0.05171633 -0.54910778
vn 0.94961380 0.18115935 -0.25576341
vn -0.47320713 -0.88095120 0.00000000
vn -0.12231240 0.99219686 -0.02418829
vn 0.95495600 0.26854221 0.12627006
vn -0.22852313 0.91067279 0.34416891
vn 0.84874500 0.18701835 0.49462720
vn -0.41782828 0.68208603 0.60014846
vn 0.65944009 -0.04156843 0.75060697
vn -0.63950275 0.36768606 0.67516161
vn 0.43776626 -0.35596889 0.82561907
vn -0.83414994 0.05171633 0.54910772
vn 0.24311801 -0.67193805 0.69956622
vn -0.94961379 -0.18115934 0.25576344
vn 0.12765457 -0.90481392 0.40622171
vn -0.95495599 -0.26854223 -0.12627004
vn 0.12231254 -0.99219684 0.02418828
vn -0.84874508 -0.18701818 -0.49462713
vn 0.22852319 -0.91067281 -0.34416882
vn -0.65944027 0.04156869 -0.75060680
vn 0.41782816 -0.68208601 -0.60014857
vn -0.43776538 0.35596845 -0.82561973
vn 0.63950274 -0.36768603 -0.67516163
vn -0.41298627 0.48694541 -0.76962751
vn -0.31909515 0.78424142 -0.53211247
vn 0.78517108 -0.01165560 -0.61916923
vn 0.87906178 0.28564048 -0.38165416
vn -0.29146378 -0.95658187 -0.00000000
vn -0.30022577 0.93820044 -0.17217556
vn 0.89793124 0.43959963 -0.02171765
vn -0.36143372 0.90756921 0.21373769
vn 0.83672329 0.40896863 0.36419611
vn -0.48631814 0.70055539 0.52222295
vn 0.71183910 0.20195440 0.67268084
vn -0.64141678 0.37262825 0.67062113
vn 0.55674009 -0.12597255 0.82107941
vn -0.78517074 0.01165537 0.61916965
vn 0.41298621 -0.48694548 0.76962750
vn -0.87906199 -0.28564018 0.38165392
vn 0.31909521 -0.78424140 0.53211246
vn -0.89793132 -0.43959948 0.02171743
vn 0.30022584 -0.93820038 0.17217574
vn -0.83672346 -0.40896845 -0.36419591
vn 0.36143316 -0.90756934 -0.21373810
vn -0.71183892 -0.20195442 -0.67268103
vn 0.48631846 -0.70055544 -0.52222258
vn -0.55674020 0.12597260 -0.82107932
vn 0.64141665 -0.37262823 -0.67062127
vn -0.52339885 0.25581329 -0.81278116
vn -0.47417668 0.60429684 -0.64029822
vn 0.74921714 0.00158721 -0.66232255
vn 0.79844004 0.35007097 -0.48984061
vn -0.09842587 -0.99514439 -0.00000000
vn -0.46839575 0.82491962 -0.31640645
vn 0.80422050 0.57069312 -0.16594802
vn -0.50760766 0.85856550 0.07210929
vn 0.76500848 0.60433922 0.22256714
vn -0.58130546 0.69621899 0.42114496
vn 0.69131125 0.44199315 0.57160371
vn -0.66973966 0.38138153 0.63717888
vn 0.60287638 0.12715535 0.78763671
vn -0.74921670 -0.00158732 0.66232304
vn 0.52339931 -0.25581344 0.81278081
vn -0.79844085 -0.35007028 0.48983978
vn 0.47417580 -0.60429702 0.64029870
vn -0.80421994 -0.57069378 0.16594848
vn 0.46839611 -0.82491950 0.31640624
vn -0.76500852 -0.60433910 -0.22256735
vn 0.50760798 -0.85856533 -0.07210900
vn -0.69131179 -0.44199278 -0.57160335
vn 0.58130469 -0.69621925 -0.42114560
vn -0.60287609 -0.12715540 -0.78763692
vn 0.66974004 -0.38138153 -0.63717848
vn -0.56168198 -0.00000000 -0.82735322
vn -0.57336361 0.37858128 -0.72658818
vn 0.73607873 0.00000000 -0.67689593
vn 0.72439699 0.37858114 -0.57612961
vn 0.09842587 -0.99514439 0.00000000
vn -0.60528118 0.65572163 -0.45129130
vn 0.69248004 0.65572168 -0.30083296
vn -0.64888027 0.75716244 -0.07522914
vn 0.64888027 0.75716244 0.07522914
vn -0.69248004 0.65572168 0.30083296
vn 0.60528118 0.65572163 0.45129130
vn -0.72439699 0.37858114 0.57612961
vn 0.57336361 0.37858128 0.72658818
vn -0.73607873 0.00000000 0.67689593
vn 0.56168198 -0.00000000 0.82735322
vn -0.72439702 -0.37858113 0.57612957
vn 0.57336365 -0.37858126 0.72658816
vn -0.69248004 -0.65572168 0.30083296
vn 0.60528118 -0.65572163 0.45129130
vn -0.64888027 -0.75716244 -0.07522914
vn 0.64888027 -0.75716244 0.07522914
vn -0.60528118 -0.65572163 -0.45129130
vn 0.69248004 -0.65572168 -0.30083296
vn -0.57336365 -0.37858126 -0.72658816
vn 0.72439702 -0.37858113 -0.57612957
vn -0.52339931 -0.25581344 -0.81278081
vn -0.60287638 0.12715535 -0.78763671
vn 0.74921670 -0.00158732 -0.66232304
vn 0.66973966 0.38138153 -0.63717888
vn 0.29146378 -0.95658187 0.00000000
vn -0.69131125 0.44199315 -0.57160371
vn 0.58130546 0.69621899 -0.42114496
vn -0.76500848 0.60433922 -0.22256714
vn 0.50760766 0.85856550 -0.07210929
vn -0.80422050 0.57069312 0.16594802
vn 0.46839575 0.82491962 0.31640645
vn -0.79844004 0.35007097 0.48984061
vn 0.47417668 0.60429684 0.64029822
vn -0.74921714 0.00158721 0.66232255
vn 0.52339885 0.25581329 0.81278116
vn -0.66974004 -0.38138153 0.63717848
vn 0.60287609 -0.12715540 0.78763692
vn -0.58130469 -0.69621925 0.42114560
vn 0.69131179 -0.44199278 0.57160335
vn -0.50760795 -0.85856535 0.07210897
vn 0.76500852 -0.60433910 0.22256735
vn -0.46839585 -0.82491956 -0.31640646
vn 0.80421990 -0.57069388 -0.16594831
vn -0.47417610 -0.60429695 -0.64029854
vn 0.79844085 -0.35007028 -0.48983978
vn -0.41298621 -0.48694548 -0.76962750
vn -0.55674009 -0.12597255 -0.82107941
vn 0.78517074 0.01165537 -0.61916965
vn 0.64141678 0.37262825 -0.67062113
vn 0.47320713 -0.88095120 -0.00000000
vn -0.71183910 0.20195440 -0.67268084
vn 0.48631814 0.70055539 -0.52222295
vn -0.83672331 0.40896861 -0.36419608
vn 0.36143372 0.90756921 -0.21373769
vn -0.89793137 0.43959937 0.02171738
vn 0.30022577 0.93820040 0.17217577
vn -0.87906162 0.28564078 0.38165431
vn 0.31909515 0.78424142 0.53211247
vn -0.78517108 -0.01165560 0.61916923
vn 0.41298627 0.48694541 0.76962751
vn -0.64141665 -0.37262823 0.67062127
vn 0.55674020 0.12597260 0.82107932
vn -0.48631846 -0.70055544 0.52222258
vn 0.71183892 -0.20195442 0.67268103
vn -0.36143316 -0.90756934 0.21373810
vn 0.83672346 -0.40896845 0.36419591
vn -0.30022584 -0.93820038 -0.17217574
vn 0.89793132 -0.43959948 -0.02171743
vn -0.31909521 -0.78424140 -0.53211246
vn 0.87906199 -0.28564018 -0.38165392
vn -0.24311859 -0.67193813 -0.69956594
vn -0.43776542 -0.35596837 -0.82561974
vn 0.83414994 0.05171633 -0.54910772
vn 0.63950269 0.36768599 -0.67516171
vn 0.63661327 -0.77118321 -0.00000000
vn -0.65944043 -0.04156893 -0.75060665
vn 0.41782828 0.68208603 -0.60014846
vn -0.84874500 0.18701835 -0.49462720
vn 0.22852313 0.91067279 -0.34416891
vn -0.95495600 0.26854221 -0.12627006
vn 0.12231240 0.99219686 0.02418829
vn -0.94961380 0.18115935 0.25576341
vn 0.12765471 0.90481389 0.40622175
vn -0.83414991 -0.05171633 0.54910778
vn 0.24311808 0.67193809 0.69956616
vn -0.63950281 -0.36768610 0.67516153
vn 0.43776623 0.35596897 0.82561905
vn -0.41782816 -0.68208601 0.60014857
vn 0.65943994 0.04156819 0.75060713
vn -0.22852319 -0.91067281 0.34416882
vn 0.84874508 -0.18701818 0.49462713
vn -0.12231254 -0.99219684 -0.02418828
vn 0.95495599 -0.26854223 0.12627004
vn -0.12765457 -0.90481392 -0.40622171
vn 0.94961379 -0.18115934 -0.25576344
vn -0.03293521 -0.79530752 -0.60531084
vn -0.25727915 -0.54044004 -0.80108177
vn 0.88169968 0.12535858 -0.45485261
vn 0.65735613 0.38022624 -0.65062349
vn 0.77535062 -0.63153101 -0.00000000
vn -0.53522290 -0.26410799 -0.80236115
vn 0.37941211 0.65655829 -0.65190311
vn -0.79229183 -0.04035379 -0.60880640
vn 0.12234282 0.88031205 -0.45834805
vn -0.95960504 0.07086658 -0.27227945
vn -0.04497005 0.99153276 -0.12182152
vn -0.99233050 0.03975288 0.11704652
vn -0.07769563 0.96041894 0.26750486
vn -0.88169981 -0.12535901 0.45485224
vn 0.03293530 0.79530751 0.60531085
vn -0.65735556 -0.38022544 0.65062453
vn 0.25727913 0.54044016 0.80108169
vn -0.37941264 -0.65655863 0.65190246
vn 0.53522278 0.26410789 0.80236127
vn -0.12234280 -0.88031204 0.45834806
vn 0.79229184 0.04035367 0.60880639
vn 0.04497008 -0.99153276 0.12182153
vn 0.95960506 -0.07086647 0.27227941
vn 0.07769551 -0.96041896 -0.26750481
vn 0.99233049 -0.03975296 -0.11704654
vn 0.19463112 -0.84941982 -0.49051473
vn -0.03365400 -0.66237408 -0.74841699
vn 0.91119017 0.23258126 -0.34005650
vn 0.68290461 0.41962719 -0.59795845
vn 0.88404218 -0.46740713 0.00000000
vn -0.34892295 -0.44280696 -0.82593872
vn 0.36763592 0.63919444 -0.67548080
vn -0.66669859 -0.24955000 -0.70230890
vn 0.04985987 0.83245085 -0.55185104
vn -0.90183358 -0.13438756 -0.41065336
vn -0.18527457 0.94761382 -0.26019490
vn -0.99132373 -0.12817651 -0.02912120
vn -0.27476489 0.95382470 0.12133711
vn -0.91119008 -0.23258162 0.34005651
vn -0.19463138 0.84941987 0.49051453
vn -0.68290443 -0.41962663 0.59795905
vn 0.03365426 0.66237426 0.74841682
vn -0.36763613 -0.63919481 0.67548033
vn 0.34892286 0.44280667 0.82593891
vn -0.04986016 -0.83245108 0.55185067
vn 0.66669845 0.24954988 0.70230908
vn 0.18527468 -0.94761370 0.26019524
vn 0.90183364 0.13438773 0.41065317
vn 0.27476520 -0.95382461 -0.12133712
vn 0.99132371 0.12817671 0.02912120
vn 0.41601413 -0.83522535 -0.35962601
vn 0.21014697 -0.71231052 -0.66966557
vn 0.90672987 0.36618274 -0.20916774
vn 0.70086217 0.48909745 -0.51920699
vn 0.95847681 -0.28517048 0.00000000
vn -0.11777334 -0.55949203 -0.82042556
vn 0.37294240 0.64191638 -0.66996815
vn -0.47987888 -0.41771473 -0.77151193
vn 0.01083665 0.78369338 -0.62105334
vn -0.77914507 -0.32497017 -0.53602925
vn -0.28842986 0.87643778 -0.38557104
vn -0.93538338 -0.30610811 -0.17707560
vn -0.44466768 0.89530005 -0.02661726
vn -0.90672973 -0.36618302 0.20916786
vn -0.41601424 0.83522537 0.35962582
vn -0.70086224 -0.48909687 0.51920745
vn -0.21014697 0.71231051 0.66966558
vn -0.37294260 -0.64191728 0.66996718
vn 0.11777328 0.55949195 0.82042563
vn -0.01083646 -0.78369306 0.62105374
vn 0.47987889 0.41771433 0.77151214
vn 0.28842985 -0.87643769 0.38557127
vn 0.77914507 0.32497064 0.53602896
vn 0.44466784 -0.89529997 0.02661722
vn 0.93538334 0.30610823 0.17707559
vn 0.61018908 -0.76175370 -0.21771674
vn 0.44965794 -0.68943544 -0.56787895
vn 0.85604554 0.51250595 -0.06725838
vn 0.69551454 0.58482407 -0.41742105
vn 0.99576978 -0.09188327 0.00000000
vn 0.13570278 -0.60310188 -0.78603618
vn 0.38155935 0.67115809 -0.63557791
vn -0.24755236 -0.52588608 -0.81373316
vn -0.00169573 0.74837359 -0.66327528
vn -0.59741461 -0.47847734 -0.64354893
vn -0.35155761 0.79578220 -0.49309020
vn -0.82013845 -0.47358053 -0.32108318
vn -0.57428211 0.80067911 -0.17062540
vn -0.85604552 -0.51250598 0.06725837
vn -0.61018879 0.76175394 0.21771673
vn -0.69551454 -0.58482408 0.41742104
vn -0.44965769 0.68943571 0.56787883
vn -0.38155942 -0.67115797 0.63557800
vn -0.13570314 0.60310096 0.78603682
vn 0.00169567 -0.74837368 0.66327518
vn 0.24755237 0.52588674 0.81373273
vn 0.35155779 -0.79578200 0.49309039
vn 0.59741466 0.47847716 0.64354901
vn 0.57428181 -0.80067935 0.17062527
vn 0.82013839 0.47358064 0.32108318
vn 0.76139800 -0.64446331 -0.07028598
vn 0.66216300 -0.60143919 -0.44700231
vn 0.75286887 0.65326936 0.08017234
vn 0.65363347 0.69629378 -0.29654385
vn 0.99447600 0.10496421 -0.00000000
vn 0.38664448 -0.57112372 -0.72410202
vn 0.37811541 0.72660901 -0.57364456
vn 0.00866777 -0.56163819 -0.82733755
vn 0.00013847 0.73609484 -0.67687840
vn -0.37048878 -0.57552673 -0.72904529
vn -0.37901833 0.72220577 -0.57858787
vn -0.64923052 -0.60906569 -0.45556417
vn -0.65775959 0.68866745 -0.30510568
vn -0.75286857 -0.65326969 -0.08017241
vn -0.76139807 0.64446324 0.07028595
vn -0.65363403 -0.69629299 0.29654448
vn -0.66216302 0.60143928 0.44700216
vn -0.37811500 -0.72661004 0.57364353
vn -0.38664466 0.57112303 0.72410247
vn -0.00013848 -0.73609379 0.67687955
vn -0.00866777 0.56163914 0.82733690
vn 0.37901795 -0.72220677 0.57858687
vn 0.37048897 0.57552601 0.72904577
vn 0.65776004 -0.68866677 0.30510624
vn 0.64923046 0.60906590 0.45556398
vn 0.86102635 -0.50270446 0.07695354
vn 0.82963767 -0.46317661 -0.31171905
vn 0.59844185 0.76821313 0.22741136
vn 0.56705242 0.80774166 -0.16126055
vn 0.95464568 0.29774422 0.00000000
vn 0.61112808 -0.46981155 -0.63702400
vn 0.34854340 0.80110608 -0.48656607
vn 0.26404671 -0.52083198 -0.81179639
vn 0.00146209 0.75008602 -0.66133866
vn -0.11860608 -0.60256567 -0.78920669
vn -0.38119065 0.66835254 -0.63874765
vn -0.43429850 -0.69311417 -0.57530649
vn -0.69688334 0.57780367 -0.42484883
vn -0.59844160 -0.76821326 -0.22741158
vn -0.86102630 0.50270460 -0.07695323
vn -0.56705307 -0.80774116 0.16126078
vn -0.82963764 0.46317666 0.31171906
vn -0.34854290 -0.80110670 0.48656541
vn -0.61112795 0.46981168 0.63702403
vn -0.00146223 -0.75008564 0.66133909
vn -0.26404675 0.52083194 0.81179640
vn 0.38119072 -0.66835204 0.63874814
vn 0.11860605 0.60256572 0.78920666
vn 0.69688318 -0.57780430 0.42484823
vn 0.43429838 0.69311408 0.57530669
vn 0.90835713 -0.35669943 0.21829533
vn 0.94095085 -0.29433263 -0.16727165
vn 0.40189219 0.83815479 0.36875360
vn 0.43448589 0.90052170 -0.01681330
vn 0.87782208 0.47898684 -0.00000000
vn 0.78927098 -0.31317969 -0.52817592
vn 0.28280644 0.88167446 -0.37771771
vn 0.49396001 -0.40819013 -0.76771370
vn -0.01250482 0.78666366 -0.61725515
vn 0.13414663 -0.55390784 -0.82169994
vn -0.37231840 0.64094652 -0.67124256
vn -0.19375852 -0.71128495 -0.67567104
vn -0.70022321 0.48356943 -0.52521240
vn -0.40189217 -0.83815480 -0.36875360
vn -0.90835712 0.35669947 -0.21829530
vn -0.43448592 -0.90052168 0.01681331
vn -0.94095085 0.29433263 0.16727165
vn -0.28280642 -0.88167447 0.37771771
vn -0.78927098 0.31317969 0.52817592
vn 0.01250482 -0.78666368 0.61725512
vn -0.49396001 0.40819013 0.76771370
vn 0.37231839 -0.64094647 0.67124261
vn -0.13414666 0.55390786 0.82169992
vn 0.70022320 -0.48356950 0.52521234
vn 0.19375853 0.71128493 0.67567106
vn 0.91011790 -0.22449558 0.34826305
vn 0.99300860 -0.11646058 -0.01925760
vn 0.17939893 0.84799349 0.49872143
vn 0.26228961 0.95602852 0.13120072
vn 0.76698234 0.64166821 -0.00000000
vn 0.90772134 -0.12090627 -0.40177560
vn 0.17700244 0.95158263 -0.25131780
vn 0.67710858 -0.23664168 -0.69679602
vn -0.05361126 0.83584786 -0.54633707
vn 0.36296296 -0.43265528 -0.82526802
vn -0.36775578 0.63983333 -0.67481034
vn 0.04945957 -0.65642582 -0.75276749
vn -0.68125952 0.41606334 -0.60230953
vn -0.17939894 -0.84799348 -0.49872144
vn -0.91011790 0.22449554 -0.34826305
vn -0.26228960 -0.95602852 -0.13120074
vn -0.99300859 0.11646065 0.01925760
vn -0.17700210 -0.95158279 0.25131742
vn -0.90772129 0.12090589 0.40177584
vn 0.05361049 -0.83584735 0.54633791
vn -0.67710870 0.23664189 0.69679583
vn 0.36775615 -0.63983374 0.67480975
vn -0.36296296 0.43265530 0.82526800
vn 0.68125950 -0.41606334 0.60230954
vn -0.04945957 0.65642582 0.75276749
vn 0.87890483 -0.11936539 0.46182053
vn 0.99068659 0.05015646 0.12658754
vn -0.04775300 0.78919891 0.61227831
vn 0.06402909 0.95872093 0.27704594
vn 0.62642172 0.77948433 0.00000000
vn 0.96116313 0.08451480 -0.26272168
vn 0.03450561 0.99307919 -0.11226343
vn 0.79824530 -0.02549697 -0.60179261
vn -0.12841212 0.88306721 -0.45133428
vn 0.54558691 -0.25040163 -0.79977118
vn -0.38107022 0.65816240 -0.64931329
vn 0.27088770 -0.52993601 -0.80360916
vn -0.65577014 0.37862858 -0.65315076
vn 0.04775253 -0.78919871 -0.61227861
vn -0.87890485 0.11936517 -0.46182056
vn -0.06402888 -0.95872094 -0.27704595
vn -0.99068659 -0.05015647 -0.12658755
vn -0.03450571 -0.99307919 0.11226345
vn -0.96116308 -0.08451523 0.26272172
vn 0.12841244 -0.88306719 0.45133423
vn -0.79824549 0.02549725 0.60179235
vn 0.38107031 -0.65816242 0.64931322
vn -0.54558707 0.25040190 0.79977099
vn 0.65577009 -0.37862849 0.65315087
vn -0.27088696 0.52993554 0.80360971
vn 0.83075162 -0.04804213 0.55456623
vn 0.94558303 0.18934864 0.26461258
vn -0.25593573 0.66139014 0.70502481
vn -0.14110434 0.89878041 0.41507028
vn 0.46158666 0.88709512 -0.00000000
vn 0.95263517 0.28095686 -0.11640223
vn -0.13405198 0.99038894 0.03405604
vn 0.85001785 0.20223725 -0.48638436
vn -0.23666970 0.91166946 -0.33592597
vn 0.66522728 -0.02571718 -0.74619789
vn -0.42145951 0.68371472 -0.59573992
vn 0.44777848 -0.34182696 -0.82622561
vn -0.63890914 0.36760514 -0.67576739
vn 0.25593587 -0.66139015 -0.70502475
vn -0.83075162 0.04804216 -0.55456622
vn 0.14110412 -0.89878041 -0.41507035
vn -0.94558302 -0.18934865 -0.26461261
vn 0.13405220 -0.99038891 -0.03405606
vn -0.95263517 -0.28095685 0.11640223
vn 0.23666960 -0.91166947 0.33592601
vn -0.85001786 -0.20223724 0.48638435
vn 0.42145950 -0.68371472 0.59573993
vn -0.66522718 0.02571712 0.74619798
vn 0.63890911 -0.36760518 0.67576740
vn -0.44777858 0.34182708 0.82622551
vn 0.78223116 -0.01004778 0.62290726
vn 0.87380336 0.29117385 0.38946821
vn -0.42237644 0.47276130 0.77336595
vn -0.33080375 0.77398247 0.53992593
vn 0.27886502 0.96033031 -0.00000000
vn 0.89262822 0.44969078 0.03151297
vn -0.31197907 0.93249968 0.18197087
vn 0.83366077 0.42302938 -0.35504346
vn -0.37094674 0.90583843 -0.20458555
vn 0.71270072 0.21833418 -0.66662423
vn -0.49190605 0.70114277 -0.51616592
vn 0.56216079 -0.10954846 -0.81974043
vn -0.64244679 0.37326050 -0.66928224
vn 0.42237644 -0.47276130 -0.77336595
vn -0.78223066 0.01004731 -0.62290789
vn 0.33080390 -0.77398234 -0.53992603
vn -0.87380374 -0.29117342 -0.38946766
vn 0.31197903 -0.93249966 -0.18197106
vn -0.89262820 -0.44969084 -0.03151277
vn 0.37094670 -0.90583849 0.20458538
vn -0.83366056 -0.42302962 0.35504367
vn 0.49190605 -0.70114277 0.51616592
vn -0.71270094 -0.21833396 0.66662407
vn 0.64244675 -0.37326046 0.66928230
vn -0.56216086 0.10954848 0.81974039
vn 0.74755693 0.00178783 0.66419533
vn 0.79313145 0.35300496 0.49631644
vn -0.52829115 0.23926436 0.81465393
vn -0.48271664 0.59048116 0.64677403
vn 0.08533671 0.99635217 -0.00000000
vn 0.79711911 0.57781836 0.17529137
vn -0.47872869 0.81529499 0.32574977
vn 0.75845007 0.61599037 -0.21285996
vn -0.51739759 0.85346690 -0.06240171
vn 0.68748652 0.45729208 -0.56413318
vn -0.58836232 0.69476843 -0.41367452
vn 0.60324239 0.14424736 -0.78440508
vn -0.67260516 0.38172380 -0.63394735
vn 0.52829154 -0.23926444 -0.81465365
vn -0.74755655 -0.00178797 -0.66419576
vn 0.48271586 -0.59048130 -0.64677448
vn -0.79313205 -0.35300453 -0.49631578
vn 0.47872903 -0.81529489 -0.32574952
vn -0.79711894 -0.57781850 -0.17529169
vn 0.51739797 -0.85346668 0.06240159
vn -0.75845032 -0.61599005 0.21285998
vn 0.58836141 -0.69476884 0.41367511
vn -0.68748622 -0.45729233 0.56413333
vn 0.67260560 -0.38172378 0.63394689
vn -0.60324246 -0.14424726 0.78440504
vn 0.73613850 -0.00027637 0.67683087
vn 0.72003915 0.37942627 0.58101578
vn -0.56151024 -0.01733461 0.82728820
vn -0.57761033 0.36236842 0.73147484
vn -0.11149798 0.99376466 0.00000000
vn 0.68485539 0.65974828 0.30936274
vn -0.61279276 0.64268983 0.45982042
vn 0.64001900 0.76557558 -0.06534302
vn -0.65762988 0.74851742 0.08511536
vn 0.59754121 0.66855345 -0.44269718
vn -0.70010740 0.65149524 -0.29223891
vn 0.56880457 0.39467831 -0.72158880
vn -0.72884379 0.37761998 -0.57113035
vn 0.56151024 0.01733461 -0.82728820
vn -0.73613906 0.00027638 -0.67683027
vn 0.57761024 -0.36236855 -0.73147484
vn -0.72003823 -0.37942659 -0.58101670
vn 0.61279275 -0.64268984 -0.45982042
vn -0.68485570 -0.65974805 -0.30936253
vn 0.65762992 -0.74851738 -0.08511536
vn -0.64001903 -0.76557556 0.06534299
vn 0.70010748 -0.65149511 0.29223901
vn -0.59754171 -0.66855318 0.44269690
vn 0.72884379 -0.37761998 0.57113035
vn -0.56880407 -0.39467848 0.72158910
vn 0.75098149 -0.00131941 0.66032194
vn 0.66699390 0.38098749 0.64028718
vn -0.51818402 -0.27225144 0.81078017
vn -0.60217027 0.11005569 0.79074567
vn -0.30401219 0.95266814 -0.00000000
vn 0.57432172 0.69750724 0.42853030
vn -0.69484307 0.42657486 0.57898791
vn 0.49779713 0.86342821 0.08179087
vn -0.77136773 0.59249650 0.23224927
vn 0.45792317 0.83429270 -0.30702127
vn -0.81124134 0.56336080 -0.15656339
vn 0.46538556 0.61790684 -0.63372504
vn -0.80377942 0.34697482 -0.48326713
vn 0.51818345 0.27225144 -0.81078053
vn -0.75098146 0.00131939 -0.66032197
vn 0.60217027 -0.11005574 -0.79074566
vn -0.66699392 -0.38098743 -0.64028719
vn 0.69484297 -0.42657499 -0.57898794
vn -0.57432178 -0.69750720 -0.42853028
vn 0.77136782 -0.59249639 -0.23224926
vn -0.49779706 -0.86342825 -0.08179084
vn 0.81124141 -0.56336076 0.15656316
vn -0.45792322 -0.83429261 0.30702145
vn 0.80377924 -0.34697511 0.48326721
vn -0.46538503 -0.61790691 0.63372535
vn 0.78817064 0.01338455 0.61531122
vn 0.64050727 0.37201381 0.67183046
vn -0.40332847 -0.50092208 0.76576969
vn -0.55099296 -0.14229320 0.82228912
vn -0.48474573 0.87465512 0.00000000
vn 0.48084964 0.69986601 0.52817723
vn -0.71064964 0.18555887 0.67863465
vn 0.35198166 0.90909363 0.22284003
vn -0.83951849 0.39478714 0.37329857
vn 0.28842952 0.94363475 -0.16236341
vn -0.90307016 0.42932802 -0.01190558
vn 0.30722381 0.79423359 -0.52421994
vn -0.88427594 0.27992613 -0.37376119
vn 0.40332891 0.50092221 -0.76576937
vn -0.78817031 -0.01338429 -0.61531165
vn 0.55099343 0.14229345 -0.82228877
vn -0.64050691 -0.37201370 -0.67183086
vn 0.71064911 -0.18555941 -0.67863506
vn -0.48085059 -0.69986596 -0.52817644
vn 0.83951858 -0.39478699 -0.37329853
vn -0.35198083 -0.90909390 -0.22284027
vn 0.90307038 -0.42932756 0.01190522
vn -0.28842953 -0.94363471 0.16236362
vn 0.88427540 -0.27992697 0.37376184
vn -0.30722461 -0.79423354 0.52421954
vn 0.83754288 0.05554283 0.54354110
vn 0.64018683 0.36784652 0.67442550
vn -0.23012075 -0.68220944 0.69399907
vn -0.42747681 -0.36990568 0.82488385
vn -0.64669511 0.76274860 0.00000000
vn 0.41433223 0.68042584 0.60444146
vn -0.65333061 -0.05732582 0.75489924
vn 0.22049873 0.90952604 0.35233887
vn -0.84716502 0.17177383 0.50279736
vn 0.11062145 0.99375931 -0.01432933
vn -0.95704181 0.25600753 0.13612902
vn 0.11414356 0.91055559 -0.39731570
vn -0.95352006 0.17280322 -0.24685732
vn 0.23012042 0.68220927 -0.69399935
vn -0.83754280 -0.05554243 -0.54354125
vn 0.42747638 0.36990546 -0.82488417
vn -0.64018673 -0.36784654 -0.67442559
vn 0.65333098 0.05732640 -0.75489888
vn -0.41433275 -0.68042597 -0.60444096
vn 0.84716502 -0.17177404 -0.50279728
vn -0.22049829 -0.90952598 -0.35233931
vn 0.95704190 -0.25600728 -0.13612885
vn -0.11062168 -0.99375929 0.01432911
vn 0.95351995 -0.17280364 0.24685744
vn -0.11414288 -0.91055561 0.39731585
vn 0.88441397 0.13150368 0.44779316
vn 0.65897759 0.38194576 0.64797066
vn -0.01804045 -0.80110528 0.59825152
vn -0.24347699 -0.55066334 0.79842899
vn -0.78358458 0.62128512 -0.00000000
vn 0.37787433 0.65499142 0.65436781
vn -0.52457957 -0.27761684 0.80482617
vn 0.11642623 0.87747883 0.46526964
vn -0.78602829 -0.05513054 0.61572733
vn -0.05531219 0.98979241 0.13134513
vn -0.95776658 0.05718366 0.28180350
vn -0.09132372 0.96183778 -0.25793035
vn -0.99377831 0.02922910 -0.10747250
vn 0.01804020 0.80110520 -0.59825162
vn -0.88441396 -0.13150369 -0.44779317
vn 0.24347662 0.55066308 -0.79842928
vn -0.65897755 -0.38194569 -0.64797073
vn 0.52458015 0.27761775 -0.80482548
vn -0.37787455 -0.65499153 -0.65436758
vn 0.78602810 0.05512989 -0.61572763
vn -0.11642618 -0.87747880 -0.46526971
vn 0.95776658 -0.05718366 -0.28180348
vn 0.05531218 -0.98979241 -0.13134512
vn 0.99377831 -0.02922912 0.10747250
vn 0.09132384 -0.96183777 0.25793035
vn 0.91211015 0.24078741 0.33177778
vn 0.68451575 0.42332615 0.59349233
vn 0.20983564 -0.85053928 0.48223638
vn -0.01775891 -0.66799980 0.74394952
vn -0.89010967 0.45574639 0.00000000
vn 0.36759373 0.63864746 0.67602091
vn -0.33468128 -0.45267959 0.82648027
vn 0.04626061 0.82905124 0.55725578
vn -0.65601361 -0.26227501 0.70771319
vn -0.19337908 0.94352304 0.26901452
vn -0.89565425 -0.14780343 0.41947301
vn -0.28711788 0.95138781 -0.11146549
vn -0.98939208 -0.13993882 0.03899280
vn -0.20983519 0.85053957 -0.48223608
vn -0.91211014 -0.24078659 -0.33177842
vn 0.01775866 0.66799945 -0.74394984
vn -0.68451603 -0.42332724 -0.59349125
vn 0.33468136 0.45267967 -0.82648019
vn -0.36759310 -0.63864646 -0.67602220
vn 0.65601344 0.26227478 -0.70771343
vn -0.04626138 -0.82905178 -0.55725490
vn 0.89565429 0.14780378 -0.41947282
vn 0.19337968 -0.94352279 -0.26901496
vn 0.98939213 0.13993853 -0.03899254
vn 0.28711751 -0.95138794 0.11146537
vn 0.90489471 0.37572483 0.19999105
vn 0.70139660 0.49474417 0.51309942
vn 0.43001344 -0.83202998 0.35044907
vn 0.22651536 -0.71300967 0.66355708
vn -0.96214236 0.27254739 0.00000000
vn 0.37358182 0.64300738 0.66856424
vn -0.10129965 -0.56474762 0.81902290
vn 0.00928791 0.78078425 0.62473170
vn -0.46559331 -0.42697026 0.77518983
vn -0.29387249 0.87115955 0.39334464
vn -0.76875372 -0.33659487 0.54380292
vn -0.45466800 0.88991673 0.03640363
vn -0.92954926 -0.31783767 0.18686195
vn -0.43001331 0.83202997 -0.35044925
vn -0.90489481 -0.37572464 -0.19999092
vn -0.22651557 0.71300942 -0.66355728
vn -0.70139660 -0.49474474 -0.51309887
vn 0.10129971 0.56474795 -0.81902266
vn -0.37358172 -0.64300692 -0.66856473
vn 0.46559339 0.42697007 -0.77518988
vn -0.00928776 -0.78078397 -0.62473205
vn 0.76875372 0.33659493 -0.54380288
vn 0.29387181 -0.87115998 -0.39334418
vn 0.92954934 0.31783756 -0.18686175
vn 0.45466824 -0.88991660 -0.03640392
vn 0.85082882 0.52228303 0.05753917
vn 0.69398144 0.59191654 0.40990800
vn 0.62174278 -0.75509810 0.20799706
vn 0.46489541 -0.68546466 0.56036636
vn -0.99689149 0.07878679 -0.00000000
vn 0.38187404 0.67408329 0.63228469
vn 0.15278805 -0.60329815 0.78274335
vn -0.00186453 0.74676576 0.66508452
vn -0.23095056 -0.53061531 0.81554230
vn -0.35441161 0.79049045 0.49951702
vn -0.58349787 -0.48689067 0.64997516
vn -0.58130269 0.79354032 0.17994709
vn -0.81038894 -0.48384114 0.33040507
vn -0.62174276 0.75509811 -0.20799707
vn -0.85082893 -0.52228284 -0.05753922
vn -0.46489541 0.68546466 -0.56036637
vn -0.69398143 -0.59191655 -0.40990801
vn -0.15278805 0.60329819 -0.78274332
vn -0.38187404 -0.67408330 -0.63228469
vn 0.23095056 0.53061524 -0.81554234
vn 0.00186454 -0.74676577 -0.66508451
vn 0.58349782 0.48689087 -0.64997506
vn 0.35441162 -0.79049045 -0.49951702
vn 0.81038912 0.48384083 -0.33040510
vn 0.58130268 -0.79354031 -0.17994711
vn 0.74410865 0.66196067 -0.09005772
vn 0.64930625 0.70392093 0.28791789
vn 0.76969509 -0.63554802 0.06040021
vn 0.67489269 -0.59358754 0.43837621
vn -0.99301040 -0.11802686 -0.00000000
vn 0.37709460 0.73109982 0.56858836
vn 0.40268120 -0.56640905 0.71904703
vn 0.00041314 0.73621286 0.67674992
vn 0.02599953 -0.56129525 0.82720715
vn -0.37980699 0.71789354 0.58341710
vn -0.35422078 -0.57961532 0.73387583
vn -0.66168637 0.68104692 0.31360205
vn -0.63609968 -0.61646188 0.46406028
vn -0.76969517 0.63554790 -0.06040038
vn -0.74410870 -0.66196058 0.09005793
vn -0.67489250 0.59358794 -0.43837595
vn -0.64930629 -0.70392081 -0.28791810
vn -0.40268131 0.56640870 -0.71904725
vn -0.37709486 -0.73109926 -0.56858890
vn -0.02599953 0.56129535 -0.82720708
vn -0.00041311 -0.73621387 -0.67674882
vn 0.35422072 0.57961544 -0.73387576
vn 0.37980722 -0.71789297 -0.58341766
vn 0.63609994 0.61646153 -0.46406039
vn 0.66168638 -0.68104689 -0.31360209
vn 0.58650400 0.77447147 -0.23708015
vn 0.55961657 0.81472033 0.15185545
vn 0.86577170 -0.49288542 -0.08662180
vn 0.83888418 -0.45263635 0.30231385
vn -0.95064945 -0.31026703 -0.00000000
vn 0.34536603 0.80645854 0.47994471
vn 0.62463302 -0.46089769 0.63040219
vn 0.00115894 0.75190226 0.65927357
vn 0.28042666 -0.51545544 0.80973241
vn -0.38077243 0.66566593 0.64179531
vn -0.10150526 -0.60168993 0.79225369
vn -0.69809124 0.57085940 0.43218997
vn -0.41882351 -0.69649729 0.58264774
vn -0.86577161 0.49288552 0.08662200
vn -0.58650437 -0.77447126 0.23707994
vn -0.83888407 0.45263669 -0.30231364
vn -0.55961665 -0.81472023 -0.15185573
vn -0.62463316 0.46089686 -0.63040265
vn -0.34536549 -0.80645920 -0.47994399
vn -0.28042674 0.51545588 -0.80973210
vn -0.00115930 -0.75190134 -0.65927463
vn 0.10150509 0.60169035 -0.79225340
vn 0.38077239 -0.66566651 -0.64179473
vn 0.41882385 0.69649685 -0.58264802
vn 0.69809130 -0.57085940 -0.43218987
vn 0.38765326 0.84081458 -0.37783037
vn 0.42412545 0.90557644 0.00699355
vn 0.90977972 -0.34727883 -0.22737252
vn 0.94625196 -0.28251751 0.15745184
vn -0.87145034 -0.49048374 0.00000000
vn 0.27700135 0.88686461 0.36978563
vn 0.79912860 -0.30122969 0.52024433
vn -0.01429512 0.78969128 0.61333786
vn 0.50783111 -0.39840179 0.76379551
vn -0.37171445 0.64009681 0.67238712
vn 0.15041229 -0.54799743 0.82284565
vn -0.69948430 0.47816170 0.53111497
vn -0.17735762 -0.70993169 0.68157265
vn -0.90977951 0.34727977 0.22737197
vn -0.38765297 -0.84081465 0.37783053
vn -0.94625211 0.28251701 -0.15745183
vn -0.42412533 -0.90557650 -0.00699347
vn -0.79912870 0.30122965 -0.52024420
vn -0.27700212 -0.88686408 -0.36978633
vn -0.50783116 0.39840241 -0.76379515
vn 0.01429564 -0.78969178 -0.61333720
vn -0.15041191 0.54799664 -0.82284624
vn 0.37171440 -0.64009659 -0.67238736
vn 0.17735728 0.70993198 -0.68157243
vn 0.69948420 -0.47816234 -0.53111452
vn 0.16414464 0.84625930 -0.50685475
vn 0.24969630 0.95799548 -0.14105469
vn 0.90889773 -0.21653226 -0.35639681
vn 0.99444924 -0.10479638 0.00940367
vn -0.75848181 -0.65169421 0.00000000
vn 0.16856356 0.95542484 0.24238336
vn 0.91331689 -0.10736688 0.39284172
vn -0.05751320 0.83923589 0.54071744
vn 0.68723994 -0.22355555 0.69117594
vn -0.36795711 0.64056101 0.67400976
vn 0.37679587 -0.42223063 0.82446720
vn -0.67958590 0.41263617 0.60654298
vn 0.06516710 -0.65015540 0.75700146
vn -0.90889777 0.21653255 0.35639655
vn -0.16414470 -0.84625916 0.50685496
vn -0.99444929 0.10479592 -0.00940339
vn -0.24969611 -0.95799555 0.14105450
vn -0.91331687 0.10736693 -0.39284175
vn -0.16856355 -0.95542486 -0.24238332
vn -0.68723992 0.22355554 -0.69117596
vn 0.05751262 -0.83923561 -0.54071793
vn -0.37679569 0.42223029 -0.82446745
vn 0.36795774 -0.64056180 -0.67400866
vn -0.06516739 0.65015566 -0.75700121
vn 0.67958571 -0.41263572 -0.60654351
vn -0.06248474 0.78277984 -0.61915376
vn 0.05033069 0.95674177 -0.28655194
vn 0.87603468 -0.11352566 -0.46869516
vn 0.98885077 0.06043636 -0.13609408
vn -0.61612183 -0.78765087 0.00000000
vn 0.02392319 0.99442742 0.10267318
vn 0.96244300 0.09812202 0.25313149
vn -0.13463276 0.88573929 0.44422958
vn 0.80388729 -0.01056641 0.59468779
vn -0.38285155 0.65980015 0.64659760
vn 0.55566830 -0.23650524 0.79705584
vn -0.65422345 0.37715019 0.65555275
vn 0.28429646 -0.51915522 0.80601078
vn -0.87603465 0.11352538 0.46869530
vn 0.06248536 -0.78277999 0.61915351
vn -0.98885083 -0.06043605 0.13609377
vn -0.05033078 -0.95674171 0.28655211
vn -0.96244306 -0.09812216 -0.25313120
vn -0.02392305 -0.99442741 -0.10267330
vn -0.80388724 0.01056596 -0.59468788
vn 0.13463275 -0.88573922 -0.44422973
vn -0.55566838 0.23650534 -0.79705575
vn 0.38285169 -0.65980011 -0.64659755
vn -0.28429660 0.51915540 -0.80601061
vn 0.65422353 -0.37715025 -0.65555263
vn -0.26856590 0.65056887 -0.71037490
vn -0.15448537 0.89245541 -0.42386036
vn 0.82735221 -0.04451792 -0.55991649
vn 0.94143333 0.19736849 -0.27340256
vn -0.44988655 -0.89308571 0.00000000
vn -0.14583504 0.98833304 -0.04393104
vn 0.95008344 0.29324631 0.10652730
vn -0.24493348 0.91251169 0.32761260
vn 0.85098497 0.21742437 0.47807031
vn -0.42522800 0.68530759 0.59121456
vn 0.67069024 -0.00977903 0.74167309
vn -0.63840806 0.36759989 0.67624364
vn 0.45751101 -0.32748736 0.82670170
vn -0.82735224 0.04451793 0.55991645
vn 0.26856583 -0.65056882 0.71037497
vn -0.94143334 -0.19736848 0.27340255
vn 0.15448541 -0.89245540 0.42386036
vn -0.95008349 -0.29324614 -0.10652731
vn 0.14583490 -0.98833307 0.04393098
vn -0.85098467 -0.21742487 -0.47807063
vn 0.24493353 -0.91251175 -0.32761239
vn -0.67069057 0.00977943 -0.74167279
vn 0.42522788 -0.68530757 -0.59121467
vn -0.45751090 0.32748729 -0.82670179
vn 0.63840813 -0.36759993 -0.67624356
vn -0.43149562 0.45837568 -0.77698344
vn -0.34234267 0.76345955 -0.54765957
vn 0.77935408 -0.00855772 -0.62652533
vn 0.86850633 0.29652637 -0.39720130
vn -0.26621785 -0.96391289 -0.00000000
vn -0.32368338 0.92653216 -0.19174779
vn 0.88716629 0.45959888 -0.04128985
vn -0.38051561 0.90389861 0.19538467
vn 0.83033374 0.43696514 0.34584295
vn -0.49761308 0.70162312 0.51000610
vn 0.71323690 0.23468995 0.66046480
vn -0.64359659 0.37390549 0.66781593
vn 0.56725214 -0.09302769 0.81827309
vn -0.77935458 0.00855811 0.62652470
vn 0.43149557 -0.45837569 0.77698346
vn -0.86850631 -0.29652640 0.39720132
vn 0.34234299 -0.76345950 0.54765944
vn -0.88716628 -0.45959890 0.04128964
vn 0.32368321 -0.92653218 0.19174800
vn -0.83033372 -0.43696518 -0.34584295
vn 0.38051565 -0.90389860 -0.19538465
vn -0.71323689 -0.23468991 -0.66046483
vn 0.49761231 -0.70162325 -0.51000667
vn -0.56725223 0.09302777 -0.81827302
vn 0.64359763 -0.37390577 -0.66781477
vn -0.53285700 0.22261164 -0.81639909
vn -0.49100105 0.57646469 -0.65315116
vn 0.74600194 0.00192588 -0.66594098
vn 0.78785846 0.35577911 -0.50269302
vn -0.07223291 -0.99738779 -0.00000000
vn -0.48891561 0.80542111 -0.33504978
vn 0.78994349 0.58473523 -0.18459144
vn -0.52716113 0.84813146 0.05267043
vn 0.75169833 0.62744586 0.20312881
vn -0.59548844 0.69315226 0.40612001
vn 0.68337088 0.47246655 0.55657848
vn -0.67558899 0.38200972 0.63059344
vn 0.60326966 0.16132390 0.78105078
vn -0.74600245 -0.00192579 0.66594042
vn 0.53285708 -0.22261160 0.81639905
vn -0.78785850 -0.35577904 0.50269301
vn 0.49100087 -0.57646478 0.65315121
vn -0.78994349 -0.58473522 0.18459145
vn 0.48891574 -0.80542104 0.33504976
vn -0.75169818 -0.62744605 -0.20312878
vn 0.52716113 -0.84813146 -0.05267043
vn -0.68337139 -0.47246621 -0.55657813
vn 0.59548809 -0.69315233 -0.40612040
vn -0.60326931 -0.16132391 -0.78105104
vn 0.67558990 -0.38200969 -0.63059248
vn -0.56099422 -0.03466168 -0.82709374
vn -0.58154143 0.34604662 -0.73624813
vn 0.73631890 -0.00054803 -0.67663445
vn 0.71577070 0.38016030 -0.58579045
vn 0.12455057 -0.99221326 0.00000000
vn -0.62007153 0.62946180 -0.46828318
vn 0.67724076 0.66357523 -0.31782522
vn -0.66626100 0.73964269 -0.09499983
vn 0.63105134 0.77375614 0.05545848
vn -0.70773322 0.64706665 0.28358145
vn 0.58957928 0.68118000 0.43403926
vn -0.73337614 0.37653916 0.56601917
vn 0.56393630 0.41065273 0.71647763
vn -0.73631834 0.00054808 0.67663505
vn 0.56099422 0.03466169 0.82709374
vn -0.71577071 -0.38016030 0.58579044
vn 0.58154142 -0.34604662 0.73624814
vn -0.67724076 -0.66357522 0.31782522
vn 0.62007153 -0.62946181 0.46828318
vn -0.63105141 -0.77375608 -0.05545852
vn 0.66626101 -0.73964268 0.09499983
vn -0.58957889 -0.68118017 -0.43403952
vn 0.70773357 -0.64706644 -0.28358105
vn -0.56393656 -0.41065275 -0.71647741
vn 0.73337526 -0.37653953 -0.56602006
vn -0.51264730 -0.28857161 -0.80865269
vn -0.60112498 0.09295538 -0.79373047
vn 0.75284653 -0.00098090 -0.65819537
vn 0.66436928 0.38054619 -0.64327137
vn 0.31650817 -0.94858978 0.00000000
vn -0.69807673 0.41104500 -0.58628568
vn 0.56741668 0.69863602 -0.43582798
vn -0.77752310 0.58046564 -0.24190384
vn 0.48797105 0.86805640 -0.09144588
vn -0.81817661 0.55582130 0.14713841
vn 0.44731724 0.84341198 0.29759625
vn -0.80914503 0.34371461 0.47659688
vn 0.45634912 0.63130576 0.62705543
vn -0.75284650 0.00098091 0.65819540
vn 0.51264639 0.28857157 0.80865328
vn -0.66436928 -0.38054614 0.64327140
vn 0.60112540 -0.09295519 0.79373018
vn -0.56741680 -0.69863598 0.43582789
vn 0.69807700 -0.41104477 0.58628551
vn -0.48797075 -0.86805658 0.09144575
vn 0.77752298 -0.58046570 0.24190407
vn -0.44731735 -0.84341192 -0.29759623
vn 0.81817653 -0.55582142 -0.14713841
vn -0.45634862 -0.63130593 -0.62705563
vn 0.80914509 -0.34371455 -0.47659683
vn -0.39341067 -0.51468610 -0.76179148
vn -0.54492074 -0.15850267 -0.82337008
vn 0.79122656 0.01523807 -0.61133324
vn 0.63971544 0.37142103 -0.67291201
vn 0.49620078 -0.86820780 0.00000000
vn -0.70913170 0.16915476 -0.68448441
vn 0.47550488 0.69907878 -0.53402618
vn -0.84204239 0.38049111 -0.38234948
vn 0.34259414 0.91041514 -0.23189121
vn -0.90803957 0.41887924 0.00207842
vn 0.27659693 0.94880284 0.15253626
vn -0.88944014 0.27403138 0.36579098
vn 0.29519663 0.80395595 0.51624972
vn -0.79122584 -0.01523742 0.61133419
vn 0.39341050 0.51468615 0.76179154
vn -0.63971595 -0.37142122 0.67291142
vn 0.54492078 0.15850268 0.82337005
vn -0.47550484 -0.69907880 0.53402620
vn 0.70913171 -0.16915473 0.68448440
vn -0.34259418 -0.91041513 0.23189118
vn 0.84204241 -0.38049109 0.38234946
vn -0.27659693 -0.94880281 -0.15253647
vn 0.90803968 -0.41887901 -0.00207817
vn -0.29519663 -0.80395595 -0.51624972
vn 0.88943970 -0.27403217 -0.36579145
vn -0.21694823 -0.69220011 -0.68832585
vn -0.41691672 -0.38363261 -0.82401849
vn 0.84092588 0.05952254 -0.53786683
vn 0.64095671 0.36808906 -0.67356138
vn 0.65666509 -0.75418232 0.00000000
vn -0.64690036 -0.07298240 -0.75907410
vn 0.41097391 0.67873986 -0.60861535
vn -0.84527602 0.15651178 -0.51089384
vn 0.21259766 0.90823370 -0.36043555
vn -0.95888899 0.24335671 -0.14597748
vn 0.09898478 0.99507886 0.00448077
vn -0.95729659 0.16428292 0.23789568
vn 0.10057745 0.91600508 0.38835405
vn -0.84092537 -0.05952153 0.53786774
vn 0.21694826 0.69220015 0.68832580
vn -0.64095755 -0.36808973 0.67356022
vn 0.41691677 0.38363267 0.82401844
vn -0.41097333 -0.67873963 0.60861601
vn 0.64690031 0.07298217 0.75907417
vn -0.21259768 -0.90823370 0.36043553
vn 0.84527619 -0.15651130 0.51089370
vn -0.09898477 -0.99507886 -0.00448081
vn 0.95888895 -0.24335677 0.14597761
vn -0.10057732 -0.91600517 -0.38835387
vn 0.95729637 -0.16428350 -0.23789618
vn -0.00307549 -0.80659122 -0.59110164
vn -0.22948770 -0.56060171 -0.79565138
vn 0.88704248 0.13779886 -0.44064398
vn 0.66063015 0.38378886 -0.64519293
vn 0.79168330 -0.61093170 0.00000000
vn -0.51366228 -0.29092389 -0.80716439
vn 0.37645574 0.65346667 -0.65670571
vn -0.77945489 -0.06981787 -0.62255565
vn 0.11066239 0.87457255 -0.47209818
vn -0.95564605 0.04347208 -0.29129162
vn -0.06552788 0.98786240 -0.14083318
vn -0.99502596 0.01858847 0.09786623
vn -0.10490819 0.96297930 0.24832466
vn -0.88704245 -0.13779879 0.44064405
vn 0.00307540 0.80659119 0.59110167
vn -0.66063020 -0.38378896 0.64519282
vn 0.22948783 0.56060177 0.79565130
vn -0.37645566 -0.65346663 0.65670579
vn 0.51366220 0.29092375 0.80716449
vn -0.11066246 -0.87457256 0.47209814
vn 0.77945492 0.06981785 0.62255561
vn 0.06552786 -0.98786239 0.14083319
vn 0.95564606 -0.04347185 0.29129162
vn 0.10490819 -0.96297929 -0.24832468
vn 0.99502596 -0.01858858 -0.09786625
vn 0.22500443 -0.85135399 -0.47388754
vn -0.00178017 -0.67330006 -0.73936720
vn 0.91287362 0.24910889 -0.32342931
vn 0.68608905 0.42716337 -0.58890854
vn 0.89602321 -0.44400722 0.00000000
vn -0.32024512 -0.46227065 -0.82689111
vn 0.36762414 0.63819261 -0.67643379
vn -0.64505695 -0.27480867 -0.71300893
vn 0.04281207 0.82565380 -0.56255038
vn -0.88918373 -0.16114799 -0.42823313
vn -0.20131429 0.93931557 -0.27777476
vn -0.98721145 -0.15174065 -0.04887043
vn -0.29934241 0.94872236 0.10158745
vn -0.91287351 -0.24910918 0.32342939
vn -0.22500458 0.85135401 0.47388743
vn -0.68608889 -0.42716296 0.58890903
vn 0.00178057 0.67330045 0.73936684
vn -0.36762438 -0.63819296 0.67643334
vn 0.32024455 0.46226968 0.82689187
vn -0.04281249 -0.82565403 0.56255002
vn 0.64505705 0.27480944 0.71300854
vn 0.20131492 -0.93931530 0.27777522
vn 0.88918385 0.16114777 0.42823297
vn 0.29934215 -0.94872241 -0.10158773
vn 0.98721142 0.15174079 0.04887060
vn 0.44388422 -0.82857254 -0.34122476
vn 0.24285667 -0.71338322 -0.65734695
vn 0.90284926 0.38531967 -0.19076680
vn 0.70182200 0.50050897 -0.50688919
vn 0.96564172 -0.25987704 -0.00000000
vn -0.08473323 -0.56967344 -0.81749156
vn 0.37423182 0.64421855 -0.66703299
vn -0.45110898 -0.43595138 -0.77874712
vn 0.00785618 0.77794066 -0.62828864
vn -0.75810011 -0.34804749 -0.55149539
vn -0.29913498 0.86584477 -0.40103753
vn -0.92344856 -0.32951462 -0.19662875
vn -0.46448333 0.88437746 -0.04617087
vn -0.90284927 -0.38531972 0.19076661
vn -0.44388411 0.82857252 0.34122496
vn -0.70182202 -0.50050945 0.50688869
vn -0.24285695 0.71338287 0.65734723
vn -0.37423172 -0.64421812 0.66703346
vn 0.08473336 0.56967383 0.81749128
vn -0.00785596 -0.77794033 0.62828905
vn 0.45110910 0.43595171 0.77874687
vn 0.29913463 -0.86584510 0.40103707
vn 0.75810010 0.34804713 0.55149563
vn 0.46448340 -0.88437743 0.04617072
vn 0.92344847 0.32951473 0.19662900
vn 0.63309917 -0.74825166 -0.19825460
vn 0.48000495 -0.68120555 -0.55276961
vn 0.84537505 0.53203055 -0.04779668
vn 0.69228087 0.59907634 -0.40231175
vn 0.99784098 -0.06567629 0.00000000
vn 0.16985427 -0.60315582 -0.77932829
vn 0.38213002 0.67712578 -0.62886989
vn -0.21424853 -0.53501694 -0.81722362
vn -0.00197246 0.74526549 -0.66676493
vn -0.56938296 -0.49504604 -0.65630211
vn -0.35710741 0.78523599 -0.50584458
vn -0.80039146 -0.49395234 -0.33968308
vn -0.58811520 0.78632980 -0.18922460
vn -0.84537507 -0.53203051 0.04779671
vn -0.63309931 0.74825154 0.19825462
vn -0.69228081 -0.59907643 0.40231171
vn -0.48000480 0.68120571 0.55276955
vn -0.38213007 -0.67712572 0.62886992
vn -0.16985422 0.60315584 0.77932828
vn 0.00197249 -0.74526550 0.66676491
vn 0.21424847 0.53501696 0.81722362
vn 0.35710753 -0.78523586 0.50584469
vn 0.56938300 0.49504597 0.65630214
vn 0.58811508 -0.78632991 0.18922455
vn 0.80039145 0.49395239 0.33968304
vn 0.77775877 -0.62652956 -0.05051738
vn 0.68741514 -0.58551636 -0.42968711
vn 0.73511935 0.67053065 0.09994095
vn 0.64477626 0.71154378 -0.27922934
vn 0.99137324 0.13106909 -0.00000000
vn 0.41859218 -0.56138660 -0.71388071
vn 0.37595269 0.73567340 -0.56342189
vn 0.04332001 -0.56060811 -0.82694735
vn 0.00068081 0.73645187 -0.67648960
vn -0.33784709 -0.58338775 -0.73859196
vn -0.38048612 0.71367276 -0.58813392
vn -0.62277582 -0.62362172 -0.47248940
vn -0.66541474 0.67343842 -0.32203091
vn -0.73511956 -0.67053045 -0.09994072
vn -0.77775887 0.62652945 0.05051715
vn -0.64477609 -0.71154397 0.27922925
vn -0.68741505 0.58551647 0.42968711
vn -0.37595272 -0.73567342 0.56342185
vn -0.41859214 0.56138660 0.71388074
vn -0.00068087 -0.73645189 0.67648958
vn -0.04331993 0.56060863 0.82694701
vn 0.38048633 -0.71367255 0.58813403
vn 0.33784726 0.58338703 0.73859245
vn 0.66541467 -0.67343851 0.32203089
vn 0.62277564 0.62362199 0.47248928
vn 0.87028312 -0.48305360 0.09626274
vn 0.84787600 -0.44196598 -0.29286920
vn 0.57438100 0.78052254 0.24672056
vn 0.55197406 0.82161041 -0.14241127
vn 0.94648907 0.32273587 -0.00000000
vn 0.63792460 -0.45174092 -0.62368449
vn 0.34202279 0.81183554 -0.47322665
vn 0.29668516 -0.50975867 -0.80754196
vn 0.00078329 0.75381745 -0.65708344
vn -0.08440736 -0.60047486 -0.79517629
vn -0.38030934 0.66310174 -0.64471768
vn -0.40323956 -0.69958155 -0.58990127
vn -0.69914180 0.56399469 -0.43944366
vn -0.57438113 -0.78052239 -0.24672073
vn -0.87028285 0.48305415 -0.09626235
vn -0.55197415 -0.82161038 0.14241109
vn -0.84787598 0.44196587 0.29286941
vn -0.34202254 -0.81183593 0.47322617
vn -0.63792465 0.45174048 0.62368476
vn -0.00078345 -0.75381708 0.65708386
vn -0.29668527 0.50975909 0.80754165
vn 0.38030928 -0.66310130 0.64471816
vn 0.08440740 0.60047509 0.79517612
vn 0.69914153 -0.56399564 0.43944288
vn 0.40323986 0.69958111 0.58990159
vn 0.91100051 -0.33792701 0.23639673
vn 0.95128725 -0.27066874 -0.14761777
vn 0.37330247 0.84320125 0.38685517
vn 0.41358878 0.91045937 0.00284059
vn 0.86492798 0.50189600 0.00000000
vn 0.80871514 -0.28912654 -0.51223595
vn 0.27101710 0.89200145 -0.36177776
vn 0.52148641 -0.38835422 -0.75975847
vn -0.01621211 0.79277416 -0.60929984
vn 0.16656382 -0.54176397 -0.82386182
vn -0.37113438 0.63936398 -0.67340401
vn -0.16095155 -0.70824966 -0.68736963
vn -0.69864990 0.47287855 -0.53691172
vn -0.37330231 -0.84320131 -0.38685518
vn -0.91100054 0.33792691 -0.23639674
vn -0.41358915 -0.91045919 -0.00284052
vn -0.95128723 0.27066882 0.14761775
vn -0.27101690 -0.89200154 0.36177767
vn -0.80871514 0.28912654 0.51223595
vn 0.01621210 -0.79277417 0.60929984
vn -0.52148642 0.38835425 0.75975844
vn 0.37113438 -0.63936398 0.67340401
vn -0.16656381 0.54176393 0.82386184
vn 0.69864987 -0.47287855 0.53691176
vn 0.16095158 0.70824966 0.68736964
vn 0.90753433 -0.20869530 0.36445535
vn 0.99564838 -0.09318856 0.00043919
vn 0.14887544 0.84421554 0.51491381
vn 0.23699004 0.95972173 0.15089704
vn 0.74985019 0.66160765 -0.00000000
vn 0.91862029 -0.09377581 -0.38385265
vn 0.15996134 0.95913466 -0.23339465
vn 0.69708959 -0.21029923 -0.68544900
vn -0.06156879 0.84261122 -0.53499123
vn 0.39041508 -0.41153591 -0.82353765
vn -0.36824345 0.64137449 -0.67307914
vn 0.08077020 -0.64356542 -0.76111742
vn -0.67788812 0.40934461 -0.61065923
vn -0.14887539 -0.84421557 -0.51491377
vn -0.90753434 0.20869501 -0.36445550
vn -0.23699004 -0.95972170 -0.15089727
vn -0.99564836 0.09318877 -0.00043893
vn -0.15996145 -0.95913470 0.23339444
vn -0.91862023 0.09377554 0.38385287
vn 0.06156875 -0.84261119 0.53499128
vn -0.69708966 0.21029958 0.68544882
vn 0.36824349 -0.64137450 0.67307911
vn -0.39041508 0.41153591 0.82353765
vn 0.67788813 -0.40934460 0.61065922
vn -0.08077024 0.64356542 0.76111741
vn 0.87309389 -0.10783898 0.47547640
vn 0.98682756 0.07058767 0.14556355
vn -0.07712611 0.77605251 0.62593455
vn 0.03660733 0.95447943 0.29602182
vn 0.60571542 0.79568136 0.00000000
vn 0.96344684 0.11168194 -0.24351045
vn 0.01322646 0.99557339 -0.09305203
vn 0.80921696 0.00443106 -0.58749322
vn -0.14100304 0.88832314 -0.43703562
vn 0.56546307 -0.22242517 -0.79421569
vn -0.38475759 0.66146691 -0.64375704
vn 0.29749900 -0.50810181 -0.80828640
vn -0.65272085 0.37578964 -0.65782797
vn 0.07712647 -0.77605266 -0.62593433
vn -0.87309385 0.10783913 -0.47547644
vn -0.03660728 -0.95447949 -0.29602163
vn -0.98682753 -0.07058770 -0.14556372
vn -0.01322689 -0.99557336 0.09305237
vn -0.96344695 -0.11168147 0.24351023
vn 0.14100386 -0.88832336 0.43703492
vn -0.80921668 -0.00443174 0.58749359
vn 0.38475670 -0.66146641 0.64375808
vn -0.56546332 0.22242533 0.79421547
vn 0.65272121 -0.37579007 0.65782737
vn -0.29749934 0.50810211 0.80828608
vn 0.82395674 -0.04114311 0.56515708
vn 0.93716984 0.20521750 0.28213200
vn -0.28100328 0.63947832 0.71561487
vn -0.16779040 0.88583963 0.43259049
vn 0.43810844 0.89892213 0.00000000
vn 0.94730513 0.30540524 -0.09664695
vn -0.15765510 0.98602698 0.05381137
vn 0.85164757 0.23257337 -0.46968717
vn -0.25331290 0.91319522 -0.31922885
vn 0.67582823 0.00623782 -0.73703276
vn -0.42913183 0.68685957 -0.58657464
vn 0.46695761 -0.31295505 -0.82704880
vn -0.63800234 0.36766655 -0.67659022
vn 0.28100395 -0.63947842 -0.71561451
vn -0.82395674 0.04114311 -0.56515708
vn 0.16779037 -0.88583962 -0.43259052
vn -0.93716991 -0.20521730 -0.28213191
vn 0.15765522 -0.98602697 -0.05381115
vn -0.94730514 -0.30540528 0.09664673
vn 0.25331283 -0.91319523 0.31922889
vn -0.85164732 -0.23257397 0.46968733
vn 0.42913197 -0.68685952 0.58657459
vn -0.67582844 -0.00623769 0.73703257
vn 0.63800242 -0.36766660 0.67659011
vn -0.46695809 0.31295536 0.82704842
vn 0.77654437 -0.00718305 0.63002162
vn 0.86317549 0.30169878 0.40485296
vn -0.44033843 0.44379424 0.78047981
vn -0.35370664 0.75267590 0.55531127
vn 0.25352492 0.96732886 0.00000000
vn 0.88155088 0.46932109 0.05104667
vn -0.33533154 0.92029814 0.20150456
vn 0.82674674 0.45076969 -0.33659547
vn -0.39013588 0.90174665 -0.18613699
vn 0.71344793 0.25101546 -0.65420432
vn -0.50343413 0.70199256 -0.50374648
vn 0.57201298 -0.07641796 -0.81667708
vn -0.64486994 0.37455941 -0.66621919
vn 0.44033734 -0.44379413 -0.78048050
vn -0.77654442 0.00718308 -0.63002156
vn 0.35370733 -0.75267584 -0.55531090
vn -0.86317549 -0.30169865 -0.40485307
vn 0.33533121 -0.92029827 -0.20150453
vn -0.88155090 -0.46932106 -0.05104666
vn 0.39013602 -0.90174659 0.18613697
vn -0.82674683 -0.45076957 0.33659543
vn 0.50343406 -0.70199256 0.50374656
vn -0.71344819 -0.25101515 0.65420415
vn 0.64486987 -0.37455946 0.66621923
vn -0.57201205 0.07641753 0.81667777
vn 0.74455495 0.00200537 0.66755817
vn 0.78262496 0.35839608 0.50896996
vn -0.53709419 0.20586216 0.81801626
vn -0.49902504 0.56225299 0.65942823
vn 0.05911692 0.99825107 0.00000000
vn 0.78269909 0.59144366 0.19384666
vn -0.49895020 0.79530046 0.34430491
vn 0.74475851 0.63870232 -0.19337555
vn -0.53689137 0.84255906 -0.04291714
vn 0.67896899 0.48750970 -0.54894025
vn -0.60268024 0.69136687 -0.39848259
vn 0.60295784 0.17837798 -0.77757517
vn -0.67869132 0.38223458 -0.62711627
vn 0.53709518 -0.20586224 -0.81801559
vn -0.74455500 -0.00200531 -0.66755811
vn 0.49902418 -0.56225327 -0.65942864
vn -0.78262497 -0.35839607 -0.50896995
vn 0.49895052 -0.79530035 -0.34430471
vn -0.78269912 -0.59144357 -0.19384683
vn 0.53689091 -0.84255934 0.04291747
vn -0.74475856 -0.63870231 0.19337539
vn 0.60268069 -0.69136672 0.39848218
vn -0.67896870 -0.48750983 0.54894050
vn 0.67869120 -0.38223460 0.62711639
vn -0.60295871 -0.17837759 0.77757458
vn 0.73661645 -0.00081062 0.67631024
vn 0.71159761 0.38078590 0.59044978
vn -0.56013564 -0.05197359 0.82676890
vn -0.58515414 0.32962272 0.74090721
vn -0.13758212 0.99049036 -0.00000000
vn 0.66964013 0.66720523 0.32621967
vn -0.62711201 0.61604255 0.47667820
vn 0.62198379 0.78170254 -0.04557739
vn -0.67476826 0.73053937 0.10488094
vn 0.58139977 0.69359751 -0.42531964
vn -0.71535184 0.64243495 -0.27486193
vn 0.55876151 0.42649821 -0.71125583
vn -0.73799042 0.37533523 -0.56079729
vn 0.56013621 0.05197351 -0.82676851
vn -0.73661643 0.00081067 -0.67631027
vn 0.58515330 -0.32962302 -0.74090774
vn -0.71159797 -0.38078578 -0.59044942
vn 0.62711237 -0.61604239 -0.47667793
vn -0.66963963 -0.66720550 -0.32622016
vn 0.67476795 -0.73053967 -0.10488088
vn -0.62198388 -0.78170247 0.04557743
vn 0.71535248 -0.64243445 0.27486141
vn -0.58139983 -0.69359739 0.42531977
vn 0.73798999 -0.37533545 0.56079771
vn -0.55876154 -0.42649824 0.71125579
vn 0.75481202 -0.00056673 0.65594093
vn 0.66186467 0.38006230 0.64613296
vn -0.50679204 -0.30476688 0.80639877
vn -0.59973990 0.07586212 0.79659085
vn -0.32894930 0.94434758 -0.00000000
vn 0.56059425 0.69960894 0.44303659
vn -0.70100999 0.39540918 0.59349521
vn 0.47813523 0.87245124 0.10107197
vn -0.78346895 0.56825096 0.25152983
vn 0.43658373 0.85227578 -0.28813302
vn -0.82502029 0.54807588 -0.13767479
vn 0.44707283 0.64448888 -0.62029023
vn -0.81453193 0.34028824 -0.46983152
vn 0.50679213 0.30476683 -0.80639874
vn -0.75481197 0.00056681 -0.65594098
vn 0.59973989 -0.07586214 -0.79659086
vn -0.66186473 -0.38006230 -0.64613290
vn 0.70100997 -0.39540919 -0.59349523
vn -0.56059419 -0.69960899 -0.44303659
vn 0.78346896 -0.56825094 -0.25152985
vn -0.47813525 -0.87245122 -0.10107195
vn 0.82502034 -0.54807582 0.13767476
vn -0.43658363 -0.85227584 0.28813301
vn 0.81453180 -0.34028839 0.46983162
vn -0.44707302 -0.64448880 0.62029017
vn 0.79433374 0.01721776 0.60723757
vn 0.63904248 0.37085528 0.67386280
vn -0.38323516 -0.52823163 0.75769530
vn -0.53852612 -0.17459405 0.82432187
vn -0.50756992 0.86161057 -0.00000000
vn 0.47028332 0.69819838 0.53977090
vn -0.70728534 0.15274866 0.69022844
vn 0.33327781 0.91153629 0.24088896
vn -0.84429104 0.36608718 0.39134743
vn 0.26473417 0.95370527 -0.14269574
vn -0.91283456 0.40825583 0.00776217
vn 0.28301967 0.81340594 -0.50820334
vn -0.89454890 0.26795659 -0.35774507
vn 0.38323472 0.52823155 -0.75769557
vn -0.79433425 -0.01721820 -0.60723689
vn 0.53852697 0.17459448 -0.82432121
vn -0.63904155 -0.37085489 -0.67386389
vn 0.70728492 -0.15274906 -0.69022878
vn -0.47028414 -0.69819839 -0.53977017
vn 0.84429121 -0.36608686 -0.39134737
vn -0.33327731 -0.91153643 -0.24088914
vn 0.91283450 -0.40825595 -0.00776237
vn -0.26473398 -0.95370529 0.14269595
vn 0.89454896 -0.26795638 0.35774507
vn -0.28301987 -0.81340602 0.50820311
vn 0.84429283 0.06365454 0.53208807
vn 0.64181205 0.36841914 0.67256571
vn -0.20360814 -0.70190737 0.68254653
vn -0.40609011 -0.39714346 0.82302363
vn -0.66652156 0.74548575 -0.00000000
vn 0.40775001 0.67703161 0.61267293
vn -0.64015141 -0.08853042 0.76313075
vn 0.20482449 0.90680027 0.36845651
vn -0.84307703 0.14123847 0.51891504
vn 0.08740807 0.99615819 0.00535545
vn -0.96049346 0.23059570 0.15581377
vn 0.08696339 0.92116229 -0.37933810
vn -0.96093824 0.15560047 -0.22888032
vn 0.20360872 0.70190744 -0.68254629
vn -0.84429300 -0.06365495 -0.53208776
vn 0.40608976 0.39714312 -0.82302396
vn -0.64181197 -0.36841907 -0.67256583
vn 0.64015113 0.08853020 -0.76313101
vn -0.40774987 -0.67703173 -0.61267290
vn 0.84307728 -0.14123769 -0.51891484
vn -0.20482481 -0.90680025 -0.36845638
vn 0.96049334 -0.23059639 -0.15581352
vn -0.08740786 -0.99615821 -0.00535570
vn 0.96093847 -0.15559966 0.22887989
vn -0.08696342 -0.92116221 0.37933831
vn 0.88958071 0.14424483 0.43340464
vn 0.66230946 0.38575709 0.64229094
vn 0.01195330 -0.81176412 0.58386312
vn -0.21531831 -0.57025186 0.79274891
vn -0.79964516 0.60047283 0.00000000
vn 0.37515290 0.65198731 0.65891794
vn -0.50247450 -0.30402142 0.80937652
vn 0.10505379 0.87159863 0.47883142
vn -0.77257369 -0.08441057 0.62928908
vn -0.07561399 0.98574703 0.15028410
vn -0.95324163 0.02973836 0.30074247
vn -0.11844172 0.96384607 -0.23868872
vn -0.99606923 0.00783715 -0.08823082
vn -0.01195303 0.81176419 -0.58386303
vn -0.88958071 -0.14424477 -0.43340466
vn 0.21531807 0.57025172 -0.79274908
vn -0.66230951 -0.38575716 -0.64229085
vn 0.50247460 0.30402145 -0.80937645
vn -0.37515292 -0.65198730 -0.65891794
vn 0.77257369 0.08441059 -0.62928909
vn -0.10505355 -0.87159859 -0.47883155
vn 0.95324162 -0.02973835 -0.30074248
vn 0.07561367 -0.98574707 -0.15028399
vn 0.99606923 -0.00783717 0.08823081
vn 0.11844172 -0.96384608 0.23868869
vn 0.91347613 0.25754399 0.31501184
vn 0.68761874 0.43113481 0.58421164
vn 0.24013102 -0.85186566 0.46546965
vn 0.01427417 -0.67827452 0.73466994
vn -0.90178196 0.43219127 -0.00000000
vn 0.36772579 0.63783647 0.67671440
vn -0.30561920 -0.47157357 0.82717306
vn 0.03951140 0.82226202 0.56773587
vn -0.63383323 -0.28714759 0.71819336
vn -0.20907759 0.93499696 0.28647382
vn -0.88242297 -0.17441283 0.43693234
vn -0.31143465 0.94583225 -0.09170504
vn -0.98477946 -0.16357728 0.05875277
vn -0.24013147 0.85186536 -0.46546995
vn -0.91347611 -0.25754468 -0.31501133
vn -0.01427351 0.67827510 -0.73466942
vn -0.68761870 -0.43113449 -0.58421192
vn 0.30561898 0.47157297 -0.82717349
vn -0.36772555 -0.63783598 -0.67671500
vn 0.63383316 0.28714791 -0.71819329
vn -0.03951213 -0.82226258 -0.56773501
vn 0.88242295 0.17441274 -0.43693241
vn 0.20907834 -0.93499668 -0.28647417
vn 0.98477941 0.16357749 -0.05875306
vn 0.31143454 -0.94583226 0.09170528
vn 0.90059046 0.39496322 0.18149625
vn 0.70213413 0.50638754 0.50057898
vn 0.45762087 -0.82485709 0.33195470
vn 0.25916423 -0.71343220 0.65103641
vn -0.96897428 0.24716157 0.00000000
vn 0.37488818 0.64555271 0.66537250
vn -0.06808138 -0.57426781 0.81583173
vn 0.00653763 0.77516532 0.63172461
vn -0.43643198 -0.44465479 0.78218236
vn -0.30421772 0.86049896 0.40864793
vn -0.74718747 -0.35932081 0.55910593
vn -0.47411138 0.87868749 0.05591691
vn -0.91708118 -0.34113270 0.20637486
vn -0.45762070 0.82485728 -0.33195447
vn -0.90059053 -0.39496289 -0.18149658
vn -0.25916482 0.71343148 -0.65103696
vn -0.70213406 -0.50638840 -0.50057822
vn 0.06808195 0.57426882 -0.81583097
vn -0.37488799 -0.64555169 -0.66537359
vn 0.43643192 0.44465416 -0.78218275
vn -0.00653789 -0.77516576 -0.63172407
vn 0.74718728 0.35932115 -0.55910596
vn 0.30421783 -0.86049895 -0.40864784
vn 0.91708116 0.34113262 -0.20637510
vn 0.47411152 -0.87868742 -0.05591673
vn 0.83968394 0.54174198 0.03803305
vn 0.69040943 0.60630023 0.39463256
vn 0.64425483 -0.74121985 0.18849097
vn 0.49498022 -0.67666165 0.54509044
vn -0.99861804 0.05255480 -0.00000000
vn 0.38232287 0.68028517 0.62533296
vn 0.18689388 -0.60267603 0.77579139
vn -0.00202445 0.74387254 0.66831845
vn -0.19745341 -0.53908914 0.81877655
vn -0.35964636 0.78002449 0.51207058
vn -0.55507567 -0.50293754 0.66252912
vn -0.59471940 0.77905302 0.19845709
vn -0.79014835 -0.50390869 0.34891491
vn -0.64425500 0.74121971 -0.18849097
vn -0.83968408 -0.54174175 -0.03803309
vn -0.49498022 0.67666167 -0.54509042
vn -0.69040939 -0.60630029 -0.39463253
vn -0.18689392 0.60267605 -0.77579137
vn -0.38232281 -0.68028518 -0.62533299
vn 0.19745346 0.53908914 -0.81877654
vn 0.00202420 -0.74387311 -0.66831782
vn 0.55507580 0.50293745 -0.66252908
vn 0.35964691 -0.78002368 -0.51207144
vn 0.79014842 0.50390855 -0.34891494
vn 0.59471919 -0.77905322 -0.19845695
vn 0.72590296 0.67897315 -0.10981966
vn 0.64004215 0.71915718 0.27047920
vn 0.78558756 -0.61741451 0.04063866
vn 0.69972668 -0.57723008 0.42093706
vn -0.98956477 -0.14408876 0.00000000
vn 0.37468601 0.74032695 0.55814550
vn 0.43437047 -0.55606086 0.70860329
vn 0.00093694 0.73681055 0.67609861
vn 0.06062149 -0.55957768 0.82655783
vn -0.38105939 0.70954734 0.59273629
vn -0.32137485 -0.58683979 0.74319396
vn -0.66894708 0.66584630 0.33039145
vn -0.60926277 -0.63054154 0.48084950
vn -0.78558749 0.61741461 -0.04063850
vn -0.72590315 -0.67897299 0.10981941
vn -0.69972651 0.57723016 -0.42093723
vn -0.64004168 -0.71915780 -0.27047868
vn -0.43437053 0.55606070 -0.70860337
vn -0.37468633 -0.74032644 -0.55814596
vn -0.06062145 0.55957773 -0.82655780
vn -0.00093701 -0.73681002 -0.67609920
vn 0.32137472 0.58683987 -0.74319395
vn 0.38105933 -0.70954780 -0.59273578
vn 0.60926264 0.63054157 -0.48084963
vn 0.66894721 -0.66584623 -0.33039133
vn 0.56207604 0.78636161 -0.25633171
vn 0.54412581 0.82840629 0.13292900
vn 0.87456125 -0.47321606 -0.10587340
vn 0.85661119 -0.43117151 0.28338736
vn -0.94216515 -0.33514898 -0.00000000
vn 0.33851294 0.81723120 0.46641414
vn 0.65099787 -0.44234644 0.61687227
vn 0.00032994 0.75583199 0.65476552
vn 0.31281543 -0.50374633 0.80522428
vn -0.37980589 0.66065801 0.64751716
vn -0.06732048 -0.59891959 0.79797448
vn -0.70003838 0.55721430 0.44660776
vn -0.38755338 -0.70236330 0.59706631
vn -0.87456127 0.47321602 0.10587341
vn -0.56207605 -0.78636160 0.25633171
vn -0.85661118 0.43117154 -0.28338736
vn -0.54412559 -0.82840645 -0.13292893
vn -0.65099805 0.44234633 -0.61687217
vn -0.33851292 -0.81723108 -0.46641437
vn -0.31281549 0.50374680 -0.80522396
vn -0.00033008 -0.75583154 -0.65476604
vn 0.06732094 0.59891861 -0.79797518
vn 0.37980595 -0.66065844 -0.64751669
vn 0.38755289 0.70236380 -0.59706604
vn 0.70003836 -0.55721433 -0.44660775
vn 0.35884605 0.84531137 -0.39582597
vn 0.40288020 0.91516479 -0.01268681
vn 0.91202294 -0.32864705 -0.24536764
vn 0.95605703 -0.25879355 0.13777101
vn -0.85825614 -0.51322159 -0.00000000
vn 0.26485040 0.89708154 0.35369333
vn 0.81802806 -0.27687684 0.50415206
vn -0.01825578 0.79590549 0.60514558
vn 0.53492083 -0.37805286 0.75560290
vn -0.37058364 0.63874935 0.67429003
vn 0.18259355 -0.53520940 0.82474875
vn -0.69772480 0.46772008 0.54260301
vn -0.14454768 -0.70623811 0.69306111
vn -0.91202300 0.32864685 0.24536769
vn -0.35884604 -0.84531137 0.39582598
vn -0.95605699 0.25879358 -0.13777122
vn -0.40288007 -0.91516484 0.01268708
vn -0.81802795 0.27687749 -0.50415190
vn -0.26485070 -0.89708139 -0.35369348
vn -0.53492063 0.37805193 -0.75560350
vn 0.01825619 -0.79590594 -0.60514497
vn -0.18259378 0.53520983 -0.82474842
vn 0.37058328 -0.63874842 -0.67429110
vn 0.14454769 0.70623811 -0.69306111
vn 0.69772478 -0.46772070 -0.54260250
vn 0.13359917 0.84186123 -0.52289667
vn 0.22417599 0.96120343 -0.16072677
vn 0.90603197 -0.20098608 -0.37243881
vn 0.99660864 -0.08164417 -0.01026838
vn -0.74108900 -0.67140681 -0.00000000
vn 0.15119803 0.96270726 0.22435216
vn 0.92363118 -0.08014021 0.37481061
vn -0.06577843 0.84596901 0.52915936
vn 0.70665395 -0.19687834 0.67961689
vn -0.36861772 0.64227029 0.67201923
vn 0.40381541 -0.40057755 0.82247841
vn -0.67617103 0.40618908 0.61465695
vn 0.09626168 -0.63665799 0.76511456
vn -0.90603196 0.20098641 0.37243865
vn -0.13359953 -0.84186111 0.52289678
vn -0.99660866 0.08164396 0.01026867
vn -0.22417580 -0.96120351 0.16072653
vn -0.92363116 0.08014017 -0.37481066
vn -0.15119801 -0.96270726 -0.22435217
vn -0.70665395 0.19687835 -0.67961688
vn 0.06577844 -0.84596903 -0.52915933
vn -0.40381541 0.40057752 -0.82247843
vn 0.36861767 -0.64227024 -0.67201930
vn -0.09626155 0.63665792 -0.76511464
vn 0.67617102 -0.40618922 -0.61465688
vn -0.09166815 0.76901775 -0.63262046
vn 0.02286490 0.95193254 -0.30545315
vn 0.87008802 -0.10230786 -0.48216173
vn 0.98462122 0.08060721 -0.15499525
vn -0.59520427 -0.80357444 -0.00000000
vn 0.00242079 0.99651304 0.08340204
vn 0.96417707 0.12518759 0.23386033
vn -0.14752306 0.89081423 0.42975221
vn 0.81423334 0.01948873 0.58021053
vn -0.38678890 0.66315786 0.64079326
vn 0.57496750 -0.20816775 0.79125126
vn -0.65126619 0.37454452 0.65997633
vn 0.31048990 -0.49678071 0.81043504
vn -0.87008765 0.10230692 0.48216260
vn 0.09166887 -0.76901805 0.63261999
vn -0.98462134 -0.08060653 0.15499485
vn -0.02286513 -0.95193246 0.30545338
vn -0.96417706 -0.12518799 -0.23386012
vn -0.00242073 -0.99651303 -0.08340220
vn -0.81423344 -0.01948869 -0.58021040
vn 0.14752315 -0.89081416 -0.42975231
vn -0.57496737 0.20816746 -0.79125144
vn 0.38678911 -0.66315790 -0.64079308
vn -0.31049026 0.49678110 -0.81043466
vn 0.65126586 -0.37454413 -0.65997687
vn -0.29324011 0.62812193 -0.72074481
vn -0.18101394 0.87893391 -0.44125857
vn 0.82057036 -0.03791668 -0.57028643
vn 0.93279740 0.21289492 -0.29080022
vn -0.42625501 -0.90460304 0.00000000
vn -0.16950685 0.98346852 -0.06369544
vn 0.94430424 0.31742984 0.08676292
vn -0.26180265 0.91371588 0.31077752
vn 0.85200812 0.24767683 0.46123568
vn -0.43317244 0.68836604 0.58181941
vn 0.68063960 0.02232689 0.73227812
vn -0.63769447 0.36780113 0.67680727
vn 0.47611638 -0.29823756 0.82726510
vn -0.82057036 0.03791684 0.57028641
vn 0.29324051 -0.62812205 0.72074454
vn -0.93279732 -0.21289501 0.29080040
vn 0.18101399 -0.87893400 0.44125838
vn -0.94430439 -0.31742938 -0.08676296
vn 0.16950658 -0.98346857 0.06369535
vn -0.85200807 -0.24767705 -0.46123565
vn 0.26180344 -0.91371578 -0.31077714
vn -0.68063949 -0.02232716 -0.73227822
vn 0.43317139 -0.68836587 -0.58182040
vn -0.47611687 0.29823797 -0.82726467
vn 0.63769493 -0.36780145 -0.67680667
vn -0.44889990 0.42902288 -0.78385474
vn -0.36488893 0.74163486 -0.56287992
vn 0.77380503 -0.00592018 -0.63339619
vn 0.85781612 0.30669181 -0.41242168
vn -0.24078814 -0.97057770 -0.00000000
vn -0.34691747 0.91379760 -0.21123971
vn 0.87578757 0.47885463 -0.06078141
vn -0.39980130 0.89938033 0.17684439
vn 0.82290393 0.46443730 0.32730279
vn -0.50936972 0.70224629 0.49738580
vn 0.71333534 0.26730299 0.64784396
vn -0.64626431 0.37521698 0.66449580
vn 0.57644008 -0.05972582 0.81495378
vn -0.77380518 0.00592031 0.63339600
vn 0.44890053 -0.42902296 0.78385434
vn -0.85781606 -0.30669190 0.41242173
vn 0.36488900 -0.74163480 0.56287995
vn -0.87578748 -0.47885479 0.06078143
vn 0.34691746 -0.91379760 0.21123970
vn -0.82290413 -0.46443697 -0.32730274
vn 0.39980117 -0.89938038 -0.17684443
vn -0.71333475 -0.26730369 -0.64784433
vn 0.50936980 -0.70224624 -0.49738579
vn -0.57644114 0.05972638 -0.81495299
vn 0.64626449 -0.37521703 -0.66449560
vn -0.54100030 0.18902332 -0.81950525
vn -0.50678359 0.54785140 -0.66560442
vn 0.74321709 0.00203060 -0.66904726
vn 0.77743516 0.36085869 -0.51514617
vn -0.04599026 -0.99894189 -0.00000000
vn -0.50882642 0.78493559 -0.35351350
vn 0.77539226 0.59794268 -0.20305513
vn -0.54658249 0.83674912 0.03314352
vn 0.73763600 0.64975647 0.18360189
vn -0.60993440 0.68940898 0.39076243
vn 0.67428331 0.50241626 0.54122076
vn -0.68190794 0.38239411 0.62351929
vn 0.60231091 0.19540100 0.77397675
vn -0.74321811 -0.00203036 0.66904613
vn 0.54100036 -0.18902326 0.81950523
vn -0.77743478 -0.36085884 0.51514665
vn 0.50678341 -0.54785159 0.66560440
vn -0.77539218 -0.59794271 0.20305535
vn 0.50882628 -0.78493576 0.35351333
vn -0.73763596 -0.64975652 -0.18360188
vn 0.54658229 -0.83674925 -0.03314360
vn -0.67428397 -0.50241570 -0.54122046
vn 0.60993473 -0.68940879 -0.39076226
vn -0.60231044 -0.19540116 -0.77397708
vn 0.68190843 -0.38239406 -0.62351878
vn -0.55893389 -0.06926289 -0.82631444
vn -0.58844579 0.31310363 -0.74545131
vn 0.73703300 -0.00105933 -0.67585593
vn 0.70752188 0.38130731 -0.59499372
vn 0.15058959 -0.98859637 -0.00000000
vn -0.63390938 0.60243700 -0.48500367
vn 0.66205825 0.67064031 -0.33454515
vn -0.68314482 0.72121011 -0.11475685
vn 0.61282255 0.78941366 0.03570144
vn -0.72295897 0.63759792 0.26608122
vn 0.57300869 0.70580150 0.41653965
vn -0.74268297 0.37400467 0.55546603
vn 0.55328413 0.44220819 0.70592392
vn -0.73703252 0.00105939 0.67585645
vn 0.55893432 0.06926283 0.82631415
vn -0.70752272 -0.38130711 0.59499284
vn 0.58844547 -0.31310367 0.74545156
vn -0.66205784 -0.67064055 0.33454545
vn 0.63390931 -0.60243707 0.48500367
vn -0.61282265 -0.78941358 -0.03570146
vn 0.68314487 -0.72121006 0.11475688
vn -0.57300879 -0.70580153 -0.41653947
vn 0.72295868 -0.63759810 -0.26608158
vn -0.55328397 -0.44220809 -0.70592411
vn 0.74268316 -0.37400467 -0.55546578
vn -0.50062253 -0.32083024 -0.80401806
vn -0.59801316 0.05878397 -0.79932766
vn 0.75687489 -0.00007327 -0.65355979
vn 0.65948287 0.37954056 -0.64886926
vn 0.34133372 -0.93994217 -0.00000000
vn -0.70364112 0.37967293 -0.60061439
vn 0.55385597 0.70043022 -0.45015673
vn -0.78920000 0.55585682 -0.26112557
vn 0.46829666 0.87661337 -0.11066720
vn -0.83176690 0.54012511 0.12817443
vn 0.42573006 0.86088194 0.27863275
vn -0.81993488 0.33669442 0.46297264
vn 0.43756183 0.65745127 0.61343090
vn -0.75687483 0.00007333 0.65355986
vn 0.50062256 0.32083026 0.80401803
vn -0.65948288 -0.37954057 0.64886924
vn 0.59801309 -0.05878399 0.79932771
vn -0.55385582 -0.70043029 0.45015679
vn 0.70364112 -0.37967291 0.60061440
vn -0.46829684 -0.87661328 0.11066718
vn 0.78920001 -0.55585680 0.26112558
vn -0.42573001 -0.86088196 -0.27863273
vn 0.83176701 -0.54012497 -0.12817435
vn -0.43756182 -0.65745125 -0.61343093
vn 0.81993471 -0.33669464 -0.46297278
vn -0.37280810 -0.54155340 -0.75348127
vn -0.53181248 -0.19056062 -0.82514371
vn 0.79748955 0.01932742 -0.60302311
vn 0.63848489 0.37032013 -0.67468515
vn 0.51885124 -0.85486455 -0.00000000
vn -0.70510916 0.13634856 -0.69586647
vn 0.46518827 0.69722951 -0.54540891
vn -0.84626159 0.35158027 -0.40029069
vn 0.32403594 0.91246071 -0.24983225
vn -0.91744945 0.39746225 -0.01761425
vn 0.25284767 0.95834265 0.13284357
vn -0.89959818 0.26169952 0.34962334
vn 0.27069955 0.82258106 0.50008214
vn -0.79748920 -0.01932700 0.60302358
vn 0.37280794 0.54155341 0.75348135
vn -0.63848450 -0.37031996 0.67468561
vn 0.53181293 0.19056074 0.82514338
vn -0.46518862 -0.69722964 0.54540845
vn 0.70510845 -0.13634930 0.69586705
vn -0.32403604 -0.91246070 0.24983217
vn 0.84626187 -0.35157971 0.40029060
vn -0.25284770 -0.95834265 -0.13284357
vn 0.91744952 -0.39746209 0.01761431
vn -0.27069955 -0.82258106 -0.50008214
vn 0.89959773 -0.26170036 -0.34962387
vn -0.19010795 -0.71132813 -0.67666186
vn -0.39500109 -0.41043194 -0.82190009
vn 0.84763996 0.06794161 -0.52620379
vn 0.64274776 0.36883870 -0.67144123
vn 0.67626291 -0.73666036 -0.00000000
vn -0.63308554 -0.10396294 -0.76706871
vn 0.40466220 0.67530681 -0.61661107
vn -0.84056737 0.12596008 -0.52685915
vn 0.19718114 0.90523022 -0.37640117
vn -0.96185149 0.21773014 -0.16563607
vn 0.07589671 0.99700016 -0.01517774
vn -0.96444036 0.14675687 0.21981178
vn 0.07330787 0.92602712 0.37026981
vn -0.84763989 -0.06794158 0.52620392
vn 0.19010838 0.71132827 0.67666159
vn -0.64274732 -0.36883834 0.67144185
vn 0.39500068 0.41043160 0.82190046
vn -0.40466264 -0.67530704 0.61661053
vn 0.63308557 0.10396308 0.76706866
vn -0.19718132 -0.90523028 0.37640095
vn 0.84056725 -0.12596011 0.52685933
vn -0.07589645 -0.99700018 0.01517798
vn 0.96185153 -0.21773012 0.16563584
vn -0.07330789 -0.92602702 -0.37027004
vn 0.96444036 -0.14675696 -0.21981171
vn 0.02703740 -0.81662410 -0.57653625
vn -0.20097421 -0.57960941 -0.78972292
vn 0.89202318 0.15083772 -0.42607820
vn 0.66401130 0.38785273 -0.63926462
vn 0.80746898 -0.58991003 -0.00000000
vn -0.49102149 -0.31690444 -0.81146132
vn 0.37396461 0.65055813 -0.66100272
vn -0.76538590 -0.09890038 -0.63592700
vn 0.09959920 0.86856167 -0.48546949
vn -0.95055177 0.01598875 -0.31015431
vn -0.08556593 0.98345091 -0.15969592
vn -0.99690429 -0.00302209 0.07856651
vn -0.13191851 0.96444031 0.22902488
vn -0.89202316 -0.15083772 0.42607823
vn -0.02703781 0.81662398 0.57653641
vn -0.66401126 -0.38785272 0.63926467
vn 0.20097447 0.57960958 0.78972273
vn -0.37396418 -0.65055789 0.66100319
vn 0.49102137 0.31690437 0.81146142
vn -0.09960000 -0.86856199 0.48546875
vn 0.76538585 0.09890055 0.63592702
vn 0.08556638 -0.98345084 0.15969609
vn 0.95055177 -0.01598876 0.31015431
vn 0.13191874 -0.96444027 -0.22902491
vn 0.99690429 0.00302209 -0.07856651
vn 0.25520925 -0.85207589 -0.45698460
vn 0.03039664 -0.68292198 -0.72985863
vn 0.91391370 0.26608843 -0.30652682
vn 0.68910062 0.43524284 -0.57939970
vn 0.90738506 -0.42030031 0.00000000
vn -0.29081139 -0.48058635 -0.82732430
vn 0.36789293 0.63757822 -0.67686690
vn -0.62234552 -0.29928223 -0.72326773
vn 0.03635877 0.81888199 -0.57280915
vn -0.87537268 -0.18759255 -0.44556897
vn -0.21666852 0.93057208 -0.29511074
vn -0.98209398 -0.17544286 -0.06863829
vn -0.32338981 0.94272186 0.08182005
vn -0.91391372 -0.26608834 0.30652686
vn -0.25520941 0.85207580 0.45698467
vn -0.68910066 -0.43524283 0.57939965
vn -0.03039639 0.68292214 0.72985849
vn -0.36789284 -0.63757816 0.67686701
vn 0.29081128 0.48058625 0.82732440
vn -0.03635882 -0.81888203 0.57280909
vn 0.62234559 0.29928225 0.72326766
vn 0.21666850 -0.93057208 0.29511076
vn 0.87537266 0.18759265 0.44556897
vn 0.32338984 -0.94272185 -0.08182003
vn 0.98209401 0.17544269 0.06863829
vn 0.47121850 -0.82088763 -0.32264008
vn 0.27543041 -0.71315843 -0.64462636
vn 0.89811588 0.40464965 -0.17218166
vn 0.70232837 0.51237878 -0.49416885
vn 0.97213926 -0.23440404 0.00000000
vn -0.05135154 -0.57852872 -0.81404394
vn 0.37554587 0.64700823 -0.66358545
vn -0.42156796 -0.45307473 -0.78549586
vn 0.00532972 0.77246285 -0.63503759
vn -0.73601883 -0.37041001 -0.56663278
vn -0.30912133 0.85512730 -0.41617461
vn -0.91044756 -0.35268497 -0.21609847
vn -0.48354982 0.87285218 -0.06564017
vn -0.89811591 -0.40464946 0.17218193
vn -0.47121831 0.82088783 0.32263985
vn -0.70232833 -0.51237952 0.49416814
vn -0.27543089 0.71315782 0.64462683
vn -0.37554581 -0.64700780 0.66358590
vn 0.05135196 0.57852957 0.81404331
vn -0.00532980 -0.77246291 0.63503752
vn 0.42156792 0.45307374 0.78549645
vn 0.30912122 -0.85512728 0.41617473
vn 0.73601882 0.37041028 0.56663261
vn 0.48354977 -0.87285220 0.06564035
vn 0.91044757 0.35268508 0.21609826
vn 0.65520655 -0.73400812 -0.17870773
vn 0.50981561 -0.67183658 -0.53733012
vn 0.83375500 0.55141141 -0.02824982
vn 0.68836427 0.61358330 -0.38687229
vn 0.99922258 -0.03942388 -0.00000000
vn 0.20389965 -0.60185943 -0.77213351
vn 0.38244787 0.68356012 -0.62167451
vn -0.18057264 -0.54282974 -0.82020083
vn -0.00202424 0.74258972 -0.66974354
vn -0.54058132 -0.51056144 -0.66865451
vn -0.36203238 0.77485859 -0.51819564
vn -0.77966276 -0.51370279 -0.35809974
vn -0.60111434 0.77171651 -0.20764193
vn -0.83375466 -0.55141194 0.02824950
vn -0.65520648 0.73400814 0.17870792
vn -0.68836452 -0.61358287 0.38687253
vn -0.50981564 0.67183654 0.53733015
vn -0.38244797 -0.68355951 0.62167511
vn -0.20389963 0.60185945 0.77213350
vn 0.00202399 -0.74259071 0.66974244
vn 0.18057261 0.54282987 0.82020075
vn 0.36203283 -0.77485799 0.51819623
vn 0.54058137 0.51056130 0.66865457
vn 0.60111424 -0.77171661 0.20764187
vn 0.77966257 0.51370309 0.35809972
vn 0.79318053 -0.60820893 -0.03076600
vn 0.71182228 -0.56873550 -0.41212738
vn 0.71646128 0.68728231 0.11969236
vn 0.63510293 0.72675548 -0.26166914
vn 0.98758534 0.15708344 -0.00000000
vn 0.45001015 -0.55043299 -0.70321717
vn 0.37329061 0.74505819 -0.55275891
vn 0.07789658 -0.55820547 -0.82603800
vn 0.00117712 0.73728587 -0.67557987
vn -0.30481081 -0.58996978 -0.74768043
vn -0.38153035 0.70552120 -0.59722226
vn -0.59556572 -0.63721557 -0.48913985
vn -0.67228546 0.65827580 -0.33868161
vn -0.71646127 -0.68728232 -0.11969236
vn -0.79318073 0.60820867 0.03076593
vn -0.63510294 -0.72675547 0.26166915
vn -0.71182227 0.56873552 0.41212738
vn -0.37329031 -0.74505874 0.55275838
vn -0.45001016 0.55043298 0.70321717
vn -0.00117723 -0.73728485 0.67558098
vn -0.07789660 0.55820535 0.82603808
vn 0.38152997 -0.70552225 0.59722127
vn 0.30481082 0.58996977 0.74768044
vn 0.67228582 -0.65827515 0.33868216
vn 0.59556584 0.63721556 0.48913972
vn 0.87860775 -0.46337779 0.11545322
vn 0.86508804 -0.42025989 -0.27386916
vn 0.54959306 0.79198405 0.26591113
vn 0.53607359 0.83510164 -0.12341131
vn 0.93767846 0.34750412 -0.00000000
vn 0.66384819 -0.43272021 -0.60996624
vn 0.33483346 0.82264154 -0.45950784
vn 0.32881041 -0.49742001 -0.80278082
vn -0.00020412 0.75794130 -0.65232273
vn -0.05025214 -0.59702353 -0.80064826
vn -0.37926694 0.65833843 -0.65019005
vn -0.37177042 -0.70484095 -0.60414070
vn -0.70078511 0.55052005 -0.45368260
vn -0.54959318 -0.79198389 -0.26591137
vn -0.87860773 0.46337787 -0.11545302
vn -0.53607344 -0.83510178 0.12341102
vn -0.86508800 0.42025984 0.27386936
vn -0.33483364 -0.82264137 0.45950801
vn -0.66384835 0.43271963 0.60996647
vn 0.00020425 -0.75794142 0.65232259
vn -0.32881051 0.49742044 0.80278051
vn 0.37926686 -0.65833848 0.65019004
vn 0.05025221 0.59702345 0.80064831
vn 0.70078491 -0.55052032 0.45368258
vn 0.37177081 0.70484076 0.60414069
vn 0.91285027 -0.31944395 0.25428319
vn 0.96056213 -0.24689772 -0.12791365
vn 0.34429028 0.84714145 0.40474136
vn 0.39200171 0.91968822 0.02254430
vn 0.85143592 0.52445864 0.00000000
vn 0.82706486 -0.26448802 -0.49599375
vn 0.25850458 0.90209778 -0.34553578
vn 0.54812884 -0.36750207 -0.75133016
vn -0.02043135 0.79908385 -0.60087234
vn 0.19849429 -0.52833605 -0.82550653
vn -0.37006563 0.63824950 -0.67504741
vn -0.12815273 -0.70389755 -0.69864520
vn -0.69671339 0.46268838 -0.54818785
vn -0.34429039 -0.84714139 -0.40474138
vn -0.91285014 0.31944461 -0.25428285
vn -0.39200180 -0.91968817 -0.02254447
vn -0.96056213 0.24689761 0.12791388
vn -0.25850474 -0.90209778 0.34553566
vn -0.82706475 0.26448812 0.49599388
vn 0.02043164 -0.79908424 0.60087181
vn -0.54812873 0.36750160 0.75133046
vn 0.37006525 -0.63824852 0.67504854
vn -0.19849490 0.52833705 0.82550575
vn 0.69671345 -0.46268943 0.54818689
vn 0.12815333 0.70389695 0.69864569
vn 0.90439558 -0.19340870 0.38034420
vn 0.99733306 -0.07016715 0.02008321
vn 0.11832208 0.83919518 0.53080254
vn 0.21125948 0.96243703 0.17054148
vn 0.73219984 0.68108986 0.00000000
vn 0.92834996 -0.06646712 -0.36571640
vn 0.14227626 0.96613727 -0.21525857
vn 0.71592991 -0.18329915 -0.67368078
vn -0.07014408 0.84930480 -0.52322190
vn 0.41699138 -0.38936042 -0.82128962
vn -0.36908197 0.64324361 -0.67083244
vn 0.11163364 -0.62943448 -0.76899296
vn -0.67444004 0.40316999 -0.61853422
vn -0.11832191 -0.83919526 -0.53080245
vn -0.90439556 0.19340870 -0.38034424
vn -0.21125922 -0.96243708 -0.17054152
vn -0.99733306 0.07016721 -0.02008318
vn -0.14227650 -0.96613722 0.21525863
vn -0.92834994 0.06646706 0.36571645
vn 0.07014402 -0.84930477 0.52322196
vn -0.71592990 0.18329916 0.67368078
vn 0.36908204 -0.64324368 0.67083233
vn -0.41699130 0.38936032 0.82128971
vn 0.67444005 -0.40316996 0.61853423
vn -0.11163388 0.62943463 0.76899280
vn 0.86702159 -0.09693109 0.48875140
vn 0.98223645 0.09049068 0.16438673
vn -0.10610450 0.76167743 0.63920993
vn 0.00910996 0.94909934 0.31484512
vn 0.58459050 0.81132851 -0.00000000
vn 0.96463598 0.13863438 -0.22418282
vn -0.00849016 0.99724251 -0.07372447
vn 0.81893663 0.03459821 -0.57284008
vn -0.15418937 0.89320694 -0.42238253
vn 0.58417756 -0.19373918 -0.78816350
vn -0.38894896 0.66486936 -0.63770482
vn 0.32326327 -0.48519665 -0.81245619
vn -0.64986314 0.37341199 -0.66199802
vn 0.10610463 -0.76167747 -0.63920986
vn -0.86702144 0.09693074 -0.48875173
vn -0.00911021 -0.94909933 -0.31484516
vn -0.98223640 -0.09049099 -0.16438685
vn 0.00849031 -0.99724251 0.07372448
vn -0.96463605 -0.13863387 0.22418282
vn 0.15418987 -0.89320710 0.42238202
vn -0.81893626 -0.03459906 0.57284056
vn 0.38894850 -0.66486919 0.63770528
vn -0.58417788 0.19373957 0.78816317
vn 0.64986287 -0.37341170 0.66199845
vn -0.32326317 0.48519665 0.81245624
vn 0.81719765 -0.03483734 0.57530371
vn 0.92832144 0.22039876 0.29940558
vn -0.30527208 0.61650426 0.72576268
vn -0.19414804 0.87173939 0.44986328
vn 0.41432776 0.91012774 0.00000000
vn 0.94108552 0.32931440 -0.07687693
vn -0.18138424 0.98065567 0.07358136
vn 0.85206868 0.26272809 -0.45271726
vn -0.27040084 0.91406928 -0.30225940
vn 0.68512290 0.03848092 -0.72741036
vn -0.43734658 0.68982195 -0.57695203
vn 0.48498140 -0.28334041 -0.82735196
vn -0.63748811 0.36800062 -0.67689323
vn 0.30527292 -0.61650446 -0.72576215
vn -0.81719695 0.03483644 -0.57530476
vn 0.19414767 -0.87173933 -0.44986355
vn -0.92832186 -0.22039780 -0.29940497
vn 0.18138398 -0.98065573 -0.07358119
vn -0.94108534 -0.32931498 0.07687667
vn 0.27040161 -0.91406922 0.30225887
vn -0.85206858 -0.26272809 0.45271744
vn 0.43734618 -0.68982185 0.57695246
vn -0.68512306 -0.03848093 0.72741021
vn 0.63748774 -0.36800032 0.67689375
vn -0.48498179 0.28334062 0.82735166
vn 0.77113989 -0.00476621 0.63664791
vn 0.85243350 0.31150595 0.41990615
vn -0.45717718 0.41406783 0.78710664
vn -0.37588293 0.73033984 0.57036457
vn 0.22800957 0.97365889 0.00000000
vn 0.86988162 0.48819738 0.07049311
vn -0.35843486 0.90703094 0.22095094
vn 0.81880934 0.47796287 -0.31796660
vn -0.40950736 0.89679692 -0.16750823
vn 0.71290035 0.28354642 -0.64138484
vn -0.51541602 0.70238000 -0.49092634
vn 0.58053422 -0.04295985 -0.81310176
vn -0.64778173 0.37587381 -0.66264448
vn 0.45717729 -0.41406786 -0.78710656
vn -0.77113989 0.00476620 -0.63664790
vn 0.37588286 -0.73033988 -0.57036456
vn -0.85243350 -0.31150594 -0.41990616
vn 0.35843477 -0.90703098 -0.22095095
vn -0.86988174 -0.48819718 -0.07049311
vn 0.40950751 -0.89679685 0.16750821
vn -0.81880922 -0.47796308 0.31796659
vn 0.51541601 -0.70237999 0.49092636
vn -0.71290023 -0.28354651 0.64138494
vn 0.64778170 -0.37587388 0.66264447
vn -0.58053436 0.04296000 0.81310165
vn 0.74199050 0.00200589 0.67040740
vn 0.77229369 0.36316905 0.52122040
vn -0.54457449 0.17210226 0.82086505
vn -0.51427170 0.53326582 0.67167863
vn 0.03285597 0.99946010 -0.00000000
vn 0.76802776 0.60423319 0.21221598
vn -0.51853773 0.77432957 0.36267386
vn 0.73033668 0.66060471 -0.17380951
vn -0.55622843 0.83070130 -0.02335124
vn 0.66931984 0.51717883 -0.53342011
vn -0.61724605 0.68727550 -0.38296176
vn 0.60132546 0.21238738 -0.77025924
vn -0.68523916 0.38248378 -0.61980114
vn 0.54457459 -0.17210223 -0.82086499
vn -0.74199098 -0.00200583 -0.67040686
vn 0.51427193 -0.53326560 -0.67167863
vn -0.77229363 -0.36316923 -0.52122035
vn 0.51853750 -0.77432963 -0.36267408
vn -0.76802782 -0.60423318 -0.21221579
vn 0.55622887 -0.83070101 0.02335111
vn -0.73033662 -0.66060479 0.17380947
vn 0.61724535 -0.68727578 0.38296237
vn -0.66931980 -0.51717901 0.53341998
vn 0.68524020 -0.38248354 0.61980014
vn -0.60132549 -0.21238737 0.77025922
vn 0.73756806 -0.00128966 0.67527157
vn 0.70354579 0.38172884 0.59942174
vn -0.55739081 -0.08652191 0.82572965
vn -0.59141351 0.29649648 0.74987993
vn -0.16357115 0.98653154 -0.00000000
vn 0.65450008 0.67388254 0.34280018
vn -0.64045837 0.58865034 0.49325840
vn 0.60357361 0.79688869 -0.02583234
vn -0.69138522 0.71165641 0.12462598
vn 0.56441186 0.71778798 -0.40770046
vn -0.73054768 0.63255563 -0.25724205
vn 0.54750687 0.45777607 -0.70048361
vn -0.74745120 0.37254388 -0.55002524
vn 0.55739175 0.08652193 -0.82572901
vn -0.73756816 0.00128963 -0.67527146
vn 0.59141259 -0.29649688 -0.74988049
vn -0.70354544 -0.38172899 -0.59942204
vn 0.64045888 -0.58864993 -0.49325824
vn -0.65450059 -0.67388222 -0.34279985
vn 0.69138538 -0.71165625 -0.12462599
vn -0.60357370 -0.79688862 0.02583236
vn 0.73054691 -0.63255634 0.25724247
vn -0.56441129 -0.71778835 0.40770061
vn 0.74745170 -0.37254351 0.55002481
vn -0.54750780 -0.45777577 0.70048309
vn 0.75903101 0.00050276 0.65105427
vn 0.65722460 0.37898552 0.65147970
vn -0.49414088 -0.33675513 0.80151155
vn -0.59594765 0.04172746 0.80193841
vn -0.35365907 0.93537440 0.00000000
vn 0.54720721 0.70110321 0.45718548
vn -0.70596461 0.36384496 0.60764366
vn 0.45845998 0.88054474 0.12023065
vn -0.79471204 0.54328653 0.27068897
vn 0.41476199 0.86922909 -0.26909715
vn -0.83841008 0.53197111 -0.11863930
vn 0.42782137 0.67018839 -0.60647869
vn -0.82535057 0.33292980 -0.45601993
vn 0.49414089 0.33675513 -0.80151155
vn -0.75903099 -0.00050275 -0.65105430
vn 0.59594765 -0.04172746 -0.80193841
vn -0.65722461 -0.37898553 -0.65147968
vn 0.70596462 -0.36384493 -0.60764366
vn -0.54720721 -0.70110321 -0.45718548
vn 0.79471202 -0.54328656 -0.27068898
vn -0.45845998 -0.88054474 -0.12023065
vn 0.83841008 -0.53197110 0.11863931
vn -0.41476199 -0.86922909 0.26909715
vn 0.82535057 -0.33292979 0.45601994
vn -0.42782137 -0.67018839 0.60647869
vn 0.80068902 0.02156879 0.59869181
vn 0.63804192 0.36982021 0.67537805
vn -0.36213411 -0.55464611 0.74915057
vn -0.52478261 -0.20639520 0.82583548
vn -0.53004322 0.84797063 -0.00000000
vn 0.46022138 0.69617695 0.55093914
vn -0.70260225 0.11996243 0.70139796
vn 0.31487298 0.91319171 0.25871974
vn -0.84795084 0.33697649 0.40917749
vn 0.24094430 0.96271562 -0.12298165
vn -0.92187989 0.38650033 0.02747670
vn 0.25824292 0.83147902 -0.49188742
vn -0.90458070 0.25526398 -0.34142944
vn 0.36213499 0.55464630 -0.74915001
vn -0.80068905 -0.02156893 -0.59869177
vn 0.52478155 0.20639458 -0.82583630
vn -0.63804194 -0.36982019 -0.67537805
vn 0.70260295 -0.11996174 -0.70139737
vn -0.46022110 -0.69617690 -0.55093944
vn 0.84795064 -0.33697665 -0.40917777
vn -0.31487356 -0.91319165 -0.25871925
vn 0.92187972 -0.38650073 -0.02747645
vn -0.24094409 -0.96271570 0.12298140
vn 0.90458082 -0.25526371 0.34142932
vn -0.25824340 -0.83147894 0.49188730
vn 0.85096192 0.07238361 0.52021575
vn 0.64376031 0.36935073 0.67018856
vn -0.17645385 -0.72045928 0.67067314
vn -0.38365511 -0.42349261 0.82064777
vn -0.68588737 0.72770771 0.00000000
vn 0.40170978 0.67356999 0.62042947
vn -0.62570549 -0.11927312 0.77088687
vn 0.18967059 0.90352845 0.38426735
vn -0.83774533 0.11068495 0.53472573
vn 0.06445593 0.99760774 0.02498447
vn -0.96295964 0.20476465 0.17544281
vn 0.05961822 0.93059978 -0.36115056
vn -0.96779738 0.13775649 -0.21069263
vn 0.17645303 0.72045901 -0.67067365
vn -0.85096237 -0.07238441 -0.52021491
vn 0.38365602 0.42349323 -0.82064703
vn -0.64375955 -0.36934999 -0.67018969
vn 0.62570514 0.11927277 -0.77088720
vn -0.40171070 -0.67357038 -0.62042845
vn 0.83774530 -0.11068500 -0.53472577
vn -0.18966998 -0.90352844 -0.38426768
vn 0.96295964 -0.20476463 -0.17544281
vn -0.06445598 -0.99760774 -0.02498445
vn 0.96779750 -0.13775615 0.21069227
vn -0.05961788 -0.93059971 0.36115077
vn 0.89436512 0.15757740 0.41866502
vn 0.66573110 0.39007697 0.63611481
vn 0.04217119 -0.82117021 0.56912308
vn -0.18646339 -0.58867163 0.78657302
vn -0.81515325 0.57924536 0.00000000
vn 0.37288736 0.64918240 0.66296095
vn -0.47930716 -0.32956622 0.81341917
vn 0.09430086 0.86546728 0.49200990
vn -0.75789316 -0.11328063 0.64246825
vn -0.09538107 0.98097840 0.16906754
vn -0.94757509 0.00222984 0.31952538
vn -0.14533283 0.96476470 -0.21933408
vn -0.99752721 -0.01398334 -0.06887625
vn -0.04217134 0.82117015 -0.56912315
vn -0.89436523 -0.15757855 -0.41866434
vn 0.18646339 0.58867170 -0.78657297
vn -0.66573090 -0.39007659 -0.63611526
vn 0.47930702 0.32956605 -0.81341933
vn -0.37288698 -0.64918211 -0.66296145
vn 0.75789318 0.11328073 -0.64246822
vn -0.09430145 -0.86546750 -0.49200939
vn 0.94757509 -0.00223013 -0.31952538
vn 0.09538097 -0.98097841 -0.16906754
vn 0.99752722 0.01398396 0.06887591
vn 0.14533300 -0.96476462 0.21933431
vn 0.91418209 0.27473944 0.29797540
vn 0.69052941 0.43948429 0.57447602
vn 0.27023243 -0.85198683 0.44843381
vn 0.04657978 -0.68724169 0.72493392
vn -0.91283117 0.40833718 0.00000000
vn 0.36812288 0.63742283 0.67688823
vn -0.27582699 -0.48930347 0.82734611
vn 0.03335117 0.81551719 0.57777107
vn -0.61059859 -0.31120883 0.72822965
vn -0.22408433 0.92604675 0.30368343
vn -0.86803399 -0.20067958 0.45414171
vn -0.33520348 0.93939564 -0.07193371
vn -0.97915329 -0.18733051 0.07852464
vn -0.27023243 0.85198683 -0.44843381
vn -0.91418217 -0.27473892 -0.29797565
vn -0.04657962 0.68724170 -0.72493392
vn -0.69052956 -0.43948524 -0.57447511
vn 0.27582699 0.48930347 -0.82734611
vn -0.36812264 -0.63742233 -0.67688883
vn 0.61059861 0.31120884 -0.72822963
vn -0.03335115 -0.81551719 -0.57777107
vn 0.86803400 0.20067950 -0.45414173
vn 0.22408431 -0.92604676 -0.30368343
vn 0.97915327 0.18733061 -0.07852467
vn 0.33520347 -0.93939564 0.07193370
vn 0.89542301 0.41437401 0.16282451
vn 0.70240051 0.51847965 0.48766011
vn 0.48467111 -0.81666886 0.31328244
vn 0.29164894 -0.71256296 0.63811827
vn -0.97513643 0.22160538 0.00000000
vn 0.37620069 0.64858746 0.66167012
vn -0.03455132 -0.58245553 0.81212792
vn 0.00422843 0.76983535 0.63822853
vn -0.40652327 -0.46120664 0.78868705
vn -0.31384605 0.84973524 0.42361619
vn -0.72459816 -0.38130796 0.57407469
vn -0.49279617 0.86687710 0.07533945
vn -0.90354797 -0.36416565 0.22579733
vn -0.48467133 0.81666864 -0.31328268
vn -0.89542310 -0.41437387 -0.16282437
vn -0.29164858 0.71256316 -0.63811821
vn -0.70240061 -0.51847957 -0.48766004
vn 0.03455107 0.58245499 -0.81212832
vn -0.37620071 -0.64858740 -0.66167017
vn 0.40652335 0.46120784 -0.78868631
vn -0.00422875 -0.76983572 -0.63822808
vn 0.72459833 0.38130729 -0.57407492
vn 0.31384681 -0.84973467 -0.42361678
vn 0.90354789 0.36416571 -0.22579757
vn 0.49279608 -0.86687717 -0.07533921
vn 0.82758780 0.56103305 0.01844848
vn 0.68614244 0.62092117 0.37903226
vn 0.66595081 -0.72662233 0.16890679
vn 0.52450505 -0.66673444 0.52948998
vn -0.99965445 0.02628655 0.00000000
vn 0.38250079 0.68694791 0.61789621
vn 0.22086382 -0.60070792 0.76835485
vn -0.00197630 0.74141924 0.67103920
vn -0.16361316 -0.54623544 0.82149715
vn -0.36426836 0.76974232 0.52421877
vn -0.52590529 -0.51791363 0.67467703
vn -0.60729987 0.76432610 0.21677749
vn -0.76893706 -0.52332937 0.36723585
vn -0.66595079 0.72662235 -0.16890680
vn -0.82758765 -0.56103327 -0.01844844
vn -0.52450536 0.66673393 -0.52949032
vn -0.68614264 -0.62092096 -0.37903225
vn -0.22086365 0.60070835 -0.76835456
vn -0.38250078 -0.68694791 -0.61789620
vn 0.16361315 0.54623546 -0.82149714
vn 0.00197613 -0.74141977 -0.67103862
vn 0.52590542 0.51791352 -0.67467702
vn 0.36426875 -0.76974164 -0.52421950
vn 0.76893700 0.52332946 -0.36723584
vn 0.60729977 -0.76432621 -0.21677738
vn 0.70679586 0.69545271 -0.12955747
vn 0.62995750 0.73433308 0.25280126
vn 0.80053735 -0.59891828 0.02090088
vn 0.72369885 -0.56003754 0.40325913
vn -0.98543521 -0.17005128 -0.00000000
vn 0.37176325 0.74986257 0.54726429
vn 0.46550453 -0.54450841 0.69772209
vn 0.00139649 0.73787996 0.67493053
vn 0.09513773 -0.55649052 0.82538907
vn -0.38190345 0.70159568 0.60159227
vn -0.28816197 -0.59277552 0.75205044
vn -0.67543166 0.65073201 0.34690044
vn -0.58169045 -0.64363849 0.49735873
vn -0.80053736 0.59891826 -0.02090087
vn -0.70679585 -0.69545272 0.12955748
vn -0.72369884 0.56003755 -0.40325913
vn -0.62995751 -0.73433307 -0.25280125
vn -0.46550453 0.54450840 -0.69772210
vn -0.37176325 -0.74986258 -0.54726429
vn -0.09513773 0.55649054 -0.82538906
vn -0.00139649 -0.73787995 -0.67493053
vn 0.28816196 0.59277553 -0.75205043
vn 0.38190345 -0.70159567 -0.60159228
vn 0.58169046 0.64363848 -0.49735874
vn 0.67543168 -0.65073200 -0.34690044
vn 0.53693719 0.79738402 -0.27545812
vn 0.52781813 0.84169128 0.11385874
vn 0.88242429 -0.45354429 -0.12499979
vn 0.87330504 -0.40923686 0.26431703
vn -0.93302974 -0.35979926 -0.00000000
vn 0.33098365 0.82806101 0.45250943
vn 0.67647078 -0.42286776 0.60296778
vn -0.00082354 0.76014453 0.64975350
vn 0.34466337 -0.49078361 0.80021160
vn -0.37869693 0.65614093 0.65273863
vn -0.03320984 -0.59478740 0.80319677
vn -0.70138515 0.54391756 0.46066535
vn -0.35589777 -0.70701114 0.61112358
vn -0.88242427 0.45354433 0.12499983
vn -0.53693719 -0.79738403 0.27545811
vn -0.87330502 0.40923704 -0.26431682
vn -0.52781802 -0.84169132 -0.11385893
vn -0.67647099 0.42286695 -0.60296811
vn -0.33098366 -0.82806100 -0.45250943
vn -0.34466348 0.49078457 -0.80021097
vn 0.00082364 -0.76014463 -0.64975339
vn 0.03321014 0.59478687 -0.80319715
vn 0.37869692 -0.65614091 -0.65273866
vn 0.35589775 0.70701116 -0.61112357
vn 0.70138517 -0.54391752 -0.46066536
vn 0.32964046 0.84868874 -0.41359956
vn 0.38095854 0.92402388 -0.03241064
vn 0.91348565 -0.31032311 -0.26314166
vn 0.96480345 -0.23498757 0.11804719
vn -0.84446889 -0.53560461 0.00000000
vn 0.25197793 0.90704611 0.33730472
vn 0.83582316 -0.25196582 0.48776313
vn -0.02273995 0.80230407 0.59648225
vn 0.56110527 -0.35670769 0.74694076
vn -0.36958486 0.63786284 0.67567598
vn 0.21426020 -0.52114877 0.82613348
vn -0.69562071 0.45778561 0.55366430
vn -0.11177586 -0.70122565 0.70412268
vn -0.91348562 0.31032351 0.26314131
vn -0.32964048 -0.84868863 0.41359978
vn -0.96480344 0.23498764 -0.11804717
vn -0.38095826 -0.92402400 0.03241071
vn -0.83582331 0.25196543 -0.48776307
vn -0.25197815 -0.90704593 -0.33730504
vn -0.56110536 0.35670824 -0.74694043
vn 0.02273978 -0.80230382 -0.59648259
vn -0.21425982 0.52114805 -0.82613403
vn 0.36958503 -0.63786324 -0.67567551
vn 0.11177562 0.70122582 -0.70412255
vn 0.69562067 -0.45778597 -0.55366405
vn 0.10305098 0.83621713 -0.53862920
vn 0.19824580 0.96341900 -0.18033975
vn 0.90262944 -0.18596497 -0.38817150
vn 0.99782461 -0.05876354 -0.02988140
vn -0.72318401 -0.69065541 0.00000000
vn 0.13319845 0.96941996 0.20611434
vn 0.93277660 -0.05276250 0.35657249
vn -0.07466399 0.85261248 0.51718203
vn 0.72491512 -0.16957013 0.66764065
vn -0.36964180 0.64429384 0.66951504
vn 0.42993666 -0.37788860 0.81997236
vn -0.67269905 0.40028535 0.62229224
vn 0.12687966 -0.62189785 0.77275133
vn -0.90262944 0.18596501 0.38817150
vn -0.10305062 -0.83621725 0.53862907
vn -0.99782461 0.05876347 0.02988142
vn -0.19824625 -0.96341892 0.18033972
vn -0.93277660 0.05276252 -0.35657249
vn -0.13319802 -0.96942006 -0.20611415
vn -0.72491507 0.16957012 -0.66764071
vn 0.07466378 -0.85261247 -0.51718207
vn -0.42993672 0.37788866 -0.81997231
vn 0.36964177 -0.64429378 -0.66951512
vn -0.12687977 0.62189786 -0.77275130
vn 0.67269912 -0.40028534 -0.62229216
vn -0.12042822 0.75403327 -0.64570185
vn -0.00465046 0.94597874 -0.32419529
vn 0.86390000 -0.09170999 -0.49524344
vn 0.97967757 0.10023558 -0.17373740
vn -0.57387541 -0.81894262 0.00000000
vn -0.01950183 0.99775795 0.06402144
vn 0.96482649 0.15201468 0.21447933
vn -0.16100217 0.89549681 0.41492621
vn 0.82332577 0.04975381 0.56538414
vn -0.39123737 0.66659618 0.63449418
vn 0.59309038 -0.17914671 0.78495239
vn -0.64851631 0.37239022 0.66389165
vn 0.33581227 -0.47335336 0.81435049
vn -0.86389969 0.09170940 0.49524410
vn 0.12042837 -0.75403345 0.64570160
vn -0.97967762 -0.10023553 0.17373716
vn 0.00465015 -0.94597868 0.32419550
vn -0.96482644 -0.15201464 -0.21447957
vn 0.01950178 -0.99775797 -0.06402121
vn -0.82332567 -0.04975390 -0.56538429
vn 0.16100262 -0.89549694 -0.41492575
vn -0.59309085 0.17914725 -0.78495191
vn 0.39123706 -0.66659603 -0.63449452
vn -0.33581179 0.47335313 -0.81435082
vn 0.64851594 -0.37238980 -0.66389225
vn -0.31709241 0.60462940 -0.73066798
vn -0.20718556 0.86425701 -0.45840371
vn 0.81384180 -0.03190120 -0.58021017
vn 0.92374817 0.22772600 -0.30794511
vn -0.40232889 -0.91549520 0.00000000
vn -0.19328132 0.97758657 -0.08346753
vn 0.93765298 0.34105597 0.06699035
vn -0.27910288 0.91425162 0.29367594
vn 0.85183112 0.27772093 0.44413380
vn -0.44165584 0.69122264 0.57197148
vn 0.68927776 0.05469224 0.72242988
vn -0.63738417 0.36826008 0.67685001
vn 0.49355037 -0.26827085 0.82730815
vn -0.81384209 0.03190148 0.58020975
vn 0.31709198 -0.60462924 0.73066829
vn -0.92374784 -0.22772662 0.30794565
vn 0.20718626 -0.86425703 0.45840335
vn -0.93765304 -0.34105576 -0.06699063
vn 0.19328099 -0.97758662 0.08346774
vn -0.85183092 -0.27772119 -0.44413402
vn 0.27910277 -0.91425169 -0.29367583
vn -0.68927809 -0.05469192 -0.72242959
vn 0.44165653 -0.69122266 -0.57197092
vn -0.49355016 0.26827072 -0.82730832
vn 0.63738377 -0.36825992 -0.67685047
vn -0.46516483 0.39893523 -0.79023564
vn -0.38668306 0.71879453 -0.57776347
vn 0.76855121 -0.00371705 -0.63977748
vn 0.84703269 0.31614229 -0.42730512
vn -0.21519172 -0.97657182 -0.00000000
vn -0.36987661 0.89999876 -0.23063723
vn 0.86383894 0.49734652 -0.08017937
vn -0.41924910 0.89399390 0.15813003
vn 0.81446683 0.49134199 0.30858845
vn -0.52156981 0.70238967 0.48436937
vn 0.71214579 0.29973723 0.63482752
vn -0.64942327 0.37652555 0.66066476
vn 0.58429203 -0.02612657 0.81112282
vn -0.76855126 0.00371711 0.63977742
vn 0.46516481 -0.39893518 0.79023568
vn -0.84703264 -0.31614238 0.42730515
vn 0.38668295 -0.71879454 0.57776354
vn -0.86383884 -0.49734669 0.08017937
vn 0.36987691 -0.89999863 0.23063723
vn -0.81446708 -0.49134172 -0.30858823
vn 0.41924836 -0.89399417 -0.15813046
vn -0.71214571 -0.29973739 -0.63482753
vn 0.52157033 -0.70238950 -0.48436905
vn -0.58429195 0.02612651 -0.81112288
vn 0.64942326 -0.37652549 -0.66066480
vn -0.54781276 0.15510630 -0.82209684
vn -0.52148588 0.51850123 -0.67764958
vn 0.74087662 0.00193569 -0.67163836
vn 0.76720428 0.36533063 -0.52719174
vn -0.01971590 -0.99980562 -0.00000000
vn -0.52807792 0.76348527 -0.37178481
vn 0.76061196 0.61031456 -0.22132687
vn -0.56582412 0.82441475 0.01354171
vn 0.72286595 0.67124421 0.16400008
vn -0.62460908 0.68496446 0.37508291
vn 0.66408060 0.53179337 0.52554046
vn -0.68868404 0.38249874 0.61596185
vn 0.60000671 0.22932815 0.76642061
vn -0.74087663 -0.00193563 0.67163835
vn 0.54781274 -0.15510636 0.82209684
vn -0.76720426 -0.36533063 0.52719176
vn 0.52148594 -0.51850121 0.67764955
vn -0.76061208 -0.61031442 0.22132683
vn 0.52807793 -0.76348527 0.37178481
vn -0.72286598 -0.67124423 -0.16399987
vn 0.56582386 -0.82441493 -0.01354201
vn -0.66408045 -0.53179334 -0.52554068
vn 0.62460980 -0.68496413 -0.37508231
vn -0.60000677 -0.22932812 -0.76642057
vn 0.68868355 -0.38249889 -0.61596231
vn -0.55550542 -0.10374327 -0.82501580
vn -0.59405553 0.27980832 -0.75419184
vn 0.73822152 -0.00149690 -0.67455670
vn 0.69967093 0.38205465 -0.60373408
vn 0.17652409 -0.98429632 0.00000000
vn -0.64675489 0.57468721 -0.50144065
vn 0.64697158 0.67693345 -0.35098274
vn -0.69948366 0.70188032 -0.13448657
vn 0.59424352 0.80412657 0.01597182
vn -0.73811211 0.62730754 0.24834606
vn 0.55561421 0.72955356 0.39880378
vn -0.75229199 0.37094869 0.54447574
vn 0.54143510 0.47319539 0.69493464
vn -0.73822052 0.00149705 0.67455780
vn 0.55550636 0.10374329 0.82501516
vn -0.69967141 -0.38205459 0.60373355
vn 0.59405512 -0.27980845 0.75419211
vn -0.64697189 -0.67693332 0.35098242
vn 0.64675493 -0.57468704 0.50144079
vn -0.59424305 -0.80412692 -0.01597153
vn 0.69948351 -0.70188050 0.13448637
vn -0.55561409 -0.72955353 -0.39880400
vn 0.73811260 -0.62730715 -0.24834559
vn -0.54143578 -0.47319524 -0.69493422
vn 0.75229117 -0.37094912 -0.54447658
vn -0.48735054 -0.35253462 -0.79887971
vn -0.59354165 0.02470084 -0.80442413
vn 0.76128109 0.00116694 -0.64842096
vn 0.65508853 0.37840178 -0.65396568
vn 0.36592366 -0.93064487 -0.00000000
vn -0.70797986 0.34793029 -0.61458037
vn 0.54065075 0.70163157 -0.46412274
vn -0.79999935 0.53054555 -0.28021859
vn 0.44863152 0.88424660 -0.12976022
vn -0.84494479 0.52361436 0.10907015
vn 0.40368603 0.87731554 0.25952849
vn -0.83077257 0.32899442 0.44897618
vn 0.41785815 0.68269541 0.59943435
vn -0.76128065 -0.00116663 0.64842147
vn 0.48734995 0.35253462 0.79888007
vn -0.65508808 -0.37840174 0.65396615
vn 0.59354253 -0.02470044 0.80442349
vn -0.54065161 -0.70163139 0.46412200
vn 0.70797951 -0.34793051 0.61458064
vn -0.44863112 -0.88424678 0.12976037
vn 0.79999935 -0.53054553 0.28021862
vn -0.40368601 -0.87731561 -0.25952830
vn 0.84494480 -0.52361431 -0.10907033
vn -0.41785805 -0.68269554 -0.59943428
vn 0.83077218 -0.32899472 -0.44897667
vn -0.35122145 -0.56750524 -0.74470215
vn -0.51743668 -0.22208948 -0.82639914
vn 0.80392779 0.02394416 -0.59424472
vn 0.63771303 0.36936038 -0.67594008
vn 0.54114333 -0.84093038 -0.00000000
vn -0.69976684 0.10359510 -0.70681994
vn 0.45538242 0.69504509 -0.55636246
vn -0.84935484 0.32228303 -0.41800719
vn 0.30579467 0.91373260 -0.26754879
vn -0.92612015 0.37537538 -0.03734706
vn 0.22902932 0.96682543 0.11311130
vn -0.90949262 0.24864766 0.33316291
vn 0.24565645 0.84009748 0.48362085
vn -0.80392806 -0.02394453 0.59424433
vn 0.35122159 0.56750524 0.74470209
vn -0.63771305 -0.36936045 0.67594003
vn 0.51743661 0.22208948 0.82639919
vn -0.45538239 -0.69504511 0.55636245
vn 0.69976683 -0.10359510 0.70681995
vn -0.30579465 -0.91373261 0.26754879
vn 0.84935493 -0.32228279 0.41800718
vn -0.22902928 -0.96682543 -0.11311133
vn 0.92611994 -0.37537589 0.03734701
vn -0.24565672 -0.84009735 -0.48362095
vn 0.90949298 -0.24864704 -0.33316239
vn -0.16265126 -0.72929779 -0.66458205
vn -0.37205846 -0.43632080 -0.81926593
vn 0.85425411 0.07698172 -0.51412424
vn 0.64484672 0.36995858 -0.66880742
vn 0.69539336 -0.71862930 -0.00000000
vn -0.61801282 -0.13445331 -0.77458535
vn 0.39889260 0.67182620 -0.62412679
vn -0.83461084 0.09541938 -0.54251257
vn 0.18229449 0.90169934 -0.39205487
vn -0.96381444 0.19170490 -0.18523219
vn 0.05309093 0.99798404 -0.03477381
vn -0.97100461 0.12860106 0.20152374
vn 0.04590091 0.93488061 0.35198202
vn -0.85425414 -0.07698155 0.51412421
vn 0.16265082 0.72929762 0.66458234
vn -0.64484716 -0.36995898 0.66880677
vn 0.37205889 0.43632105 0.81926560
vn -0.39889169 -0.67182577 0.62412784
vn 0.61801316 0.13445353 0.77458504
vn -0.18229493 -0.90169945 0.39205442
vn 0.83461057 -0.09541992 0.54251289
vn -0.05309086 -0.99798404 0.03477386
vn 0.96381448 -0.19170465 0.18523224
vn -0.04590087 -0.93488068 -0.35198184
vn 0.97100460 -0.12860095 -0.20152387
vn 0.05734630 -0.82540262 -0.56162435
vn -0.17179138 -0.59743455 -0.78330051
vn 0.89660171 0.16446280 -0.41116586
vn 0.66746413 0.39243064 -0.63284266
vn 0.82269662 -0.56848066 -0.00000000
vn -0.46733651 -0.34200114 -0.81524954
vn 0.37191924 0.64786435 -0.66479160
vn -0.75009771 -0.12754497 -0.64891117
vn 0.08915772 0.86232000 -0.49845273
vn -0.94431016 -0.01153090 -0.32885463
vn -0.10505430 0.97833449 -0.17839625
vn -0.99793429 -0.02504360 0.05916047
vn -0.15867895 0.96482172 0.20961882
vn -0.89660164 -0.16446221 0.41116624
vn -0.05734619 0.82540263 0.56162436
vn -0.66746436 -0.39243104 0.63284217
vn 0.17179158 0.59743462 0.78330040
vn -0.37191949 -0.64786454 0.66479127
vn 0.46733619 0.34200078 0.81524987
vn -0.08915735 -0.86231977 0.49845318
vn 0.75009800 0.12754572 0.64891069
vn 0.10505443 -0.97833448 0.17839624
vn 0.94431015 0.01153054 0.32885467
vn 0.15867871 -0.96482176 -0.20961881
vn 0.99793429 0.02504361 -0.05916047
vn 0.28519338 -0.85160121 -0.43981826
vn 0.06281649 -0.69123232 -0.71989719
vn 0.91427741 0.28349188 -0.28935992
vn 0.69190077 0.44386087 -0.56943906
vn 0.91811965 -0.39630331 0.00000000
vn -0.26067280 -0.49772160 -0.82723811
vn 0.36841104 0.63737128 -0.67677999
vn -0.59859670 -0.32292092 -0.73307849
vn 0.03048739 0.81217248 -0.58262027
vn -0.86040824 -0.21366702 -0.46264895
vn -0.23132443 0.92142604 -0.31219073
vn -0.97595542 -0.19923503 -0.08841049
vn -0.34687123 0.93585811 0.06204788
vn -0.91427739 -0.28349196 0.28935993
vn -0.28519338 0.85160121 0.43981826
vn -0.69190077 -0.44386087 0.56943906
vn -0.06281649 0.69123232 0.71989719
vn -0.36841104 -0.63737128 0.67677999
vn 0.26067280 0.49772160 0.82723811
vn -0.03048741 -0.81217248 0.58262027
vn 0.59859669 0.32292091 0.73307850
vn 0.23132445 -0.92142604 0.31219073
vn 0.86040826 0.21366699 0.46264893
vn 0.34687123 -0.93585811 -0.06204789
vn 0.97595540 0.19923514 0.08841048
vn 0.49797441 -0.81220443 -0.30388393
vn 0.30781138 -0.71164873 -0.63151266
vn 0.89250965 0.42413082 -0.15342613
vn 0.70234644 0.52468690 -0.48105420
vn 0.97796507 -0.20876859 -0.00000000
vn -0.01768730 -0.58604513 -0.81008534
vn 0.37684794 0.65029044 -0.65962714
vn -0.39130419 -0.46904840 -0.79175415
vn 0.00323077 0.76728669 -0.64129611
vn -0.71292917 -0.39200846 -0.58143045
vn -0.31839416 0.84432702 -0.43097220
vn -0.89638310 -0.37556746 -0.23547062
vn -0.50184799 0.86076797 -0.08501227
vn -0.89250954 -0.42413117 0.15342578
vn -0.49797458 0.81220425 0.30388413
vn -0.70234644 -0.52468662 0.48105449
vn -0.30781135 0.71164893 0.63151245
vn -0.37684791 -0.65029055 0.65962706
vn 0.01768720 0.58604504 0.81008541
vn -0.00323087 -0.76728675 0.64129604
vn 0.39130424 0.46904827 0.79175420
vn 0.31839399 -0.84432706 0.43097225
vn 0.71292929 0.39200836 0.58143037
vn 0.50184790 -0.86076801 0.08501248
vn 0.89638316 0.37556744 0.23547042
vn 0.67648478 -0.71906812 -0.15908926
vn 0.53904319 -0.66135887 -0.52157155
vn 0.82118217 0.57060086 -0.00863134
vn 0.68374098 0.62830947 -0.37111384
vn 0.99991361 -0.01314464 0.00000000
vn 0.23777958 -0.59922181 -0.76445673
vn 0.38247704 0.69044785 -0.61399762
vn -0.14658263 -0.54930676 -0.82266373
vn -0.00188513 0.74036125 -0.67220656
vn -0.51105395 -0.52498788 -0.68059649
vn -0.36635583 0.76468137 -0.53013754
vn -0.75797447 -0.53278243 -0.37632112
vn -0.61327695 0.75688650 -0.22586328
vn -0.82118250 -0.57060038 0.00863147
vn -0.67648476 0.71906812 0.15908930
vn -0.68374064 -0.62831022 0.37111320
vn -0.53904292 0.66135902 0.52157164
vn -0.38247736 -0.69044677 0.61399864
vn -0.23777982 0.59922123 0.76445711
vn 0.00188482 -0.74036236 0.67220535
vn 0.14658271 0.54930782 0.82266301
vn 0.36635647 -0.76468047 0.53013839
vn 0.51105410 0.52498752 0.68059666
vn 0.61327655 -0.75688694 0.22586288
vn 0.75797454 0.53278219 0.37632132
vn 0.80765662 -0.58954965 -0.01104528
vn 0.73535196 -0.55114218 -0.39433461
vn 0.69690982 0.70347756 0.13941313
vn 0.62460539 0.74188434 -0.24387646
vn 0.98311486 0.18298957 0.00000000
vn 0.48084740 -0.53828976 -0.69211987
vn 0.37010047 0.75473729 -0.54166158
vn 0.11233746 -0.55443554 -0.82460993
vn 0.00159059 0.73859159 -0.67415127
vn -0.27143599 -0.59525379 -0.75630380
vn -0.38218282 0.69777281 -0.60584602
vn -0.56764117 -0.64980677 -0.50550436
vn -0.67838808 0.64321972 -0.35504648
vn -0.69690981 -0.70347757 -0.13941313
vn -0.80765663 0.58954964 0.01104527
vn -0.62460540 -0.74188433 0.24387647
vn -0.73535197 0.55114217 0.39433462
vn -0.37010045 -0.75473730 0.54166157
vn -0.48084739 0.53828979 0.69211985
vn -0.00159059 -0.73859158 0.67415128
vn -0.11233743 0.55443605 0.82460958
vn 0.38218296 -0.69777273 0.60584602
vn 0.27143618 0.59525305 0.75630431
vn 0.67838809 -0.64321970 0.35504649
vn 0.56764092 0.64980706 0.50550428
vn 0.88601210 -0.44372190 0.13451187
vn 0.88126060 -0.39810975 -0.25473197
vn 0.52411240 0.80255727 0.28497022
vn 0.51936043 0.84816965 -0.10427360
vn 0.92821983 0.37203218 0.00000000
vn 0.68886152 -0.41279376 -0.59587844
vn 0.32696168 0.83348491 -0.44541998
vn 0.36036781 -0.48384086 -0.79751681
vn -0.00153179 0.76243793 -0.64705955
vn -0.01620078 -0.59221188 -0.80561940
vn -0.37810077 0.65406803 -0.65516015
vn -0.33994275 -0.70887069 -0.61801397
vn -0.70184291 0.53740817 -0.46755640
vn -0.52411249 -0.80255719 -0.28497028
vn -0.88601211 0.44372186 -0.13451189
vn -0.51936078 -0.84816940 0.10427391
vn -0.88126081 0.39810941 0.25473179
vn -0.32696167 -0.83348476 0.44542028
vn -0.68886142 0.41279454 0.59587801
vn 0.00153258 -0.76243937 0.64705784
vn -0.36036774 0.48384108 0.79751671
vn 0.37810063 -0.65406633 0.65516192
vn 0.01620126 0.59221092 0.80562010
vn 0.70184276 -0.53740869 0.46755603
vn 0.33994253 0.70887093 0.61801381
vn 0.91393307 -0.30128706 0.27194201
vn 0.96878184 -0.22307000 -0.10817358
vn 0.31490377 0.84994956 0.42239954
vn 0.36975303 0.92816739 0.04228474
vn 0.83735560 0.54665857 -0.00000000
vn 0.84430120 -0.23931665 -0.47946118
vn 0.24527184 0.91192047 -0.32900270
vn 0.57384546 -0.34567623 -0.74243473
vn -0.02518341 0.80556106 -0.59197734
vn 0.22988277 -0.51364771 -0.82663169
vn -0.36914653 0.63758990 -0.67617302
vn -0.09542190 -0.69822471 -0.70949060
vn -0.69445114 0.45301257 -0.55903240
vn -0.31490389 -0.84994939 -0.42239978
vn -0.91393302 0.30128761 -0.27194154
vn -0.36975292 -0.92816743 -0.04228476
vn -0.96878189 0.22306979 0.10817355
vn -0.24527218 -0.91192024 0.32900310
vn -0.84430122 0.23931727 0.47946084
vn 0.02518410 -0.80556173 0.59197640
vn -0.57384533 0.34567585 0.74243501
vn 0.36914606 -0.63758889 0.67617423
vn -0.22988261 0.51364730 0.82663198
vn 0.69445111 -0.45301376 0.55903147
vn 0.09542168 0.69822491 0.70949044
vn 0.90073871 -0.17865870 0.39591773
vn 0.99808645 -0.04743831 0.03966154
vn 0.08779275 0.83292598 0.54637602
vn 0.18514105 0.96414586 0.19011986
vn 0.71404344 0.70010140 0.00000000
vn 0.93691180 -0.03903385 -0.34737968
vn 0.12396643 0.97255040 -0.19692141
vn 0.73360645 -0.15569684 -0.66149835
vn -0.07933890 0.85588740 -0.51104022
vn 0.44264599 -0.36616780 -0.81852653
vn -0.37029978 0.64541689 -0.66806819
vn 0.14199257 -0.61405047 -0.77638916
vn -0.67095260 0.39753335 -0.62593118
vn -0.08779282 -0.83292592 -0.54637608
vn -0.90073870 0.17865862 -0.39591778
vn -0.18514103 -0.96414586 -0.19011986
vn -0.99808645 0.04743833 -0.03966155
vn -0.12396674 -0.97255034 0.19692154
vn -0.93691180 0.03903349 0.34737973
vn 0.07934032 -0.85588800 0.51103898
vn -0.73360651 0.15569717 0.66149821
vn 0.37029865 -0.64541583 0.66806985
vn -0.44264629 0.36616814 0.81852621
vn 0.67095288 -0.39753384 0.62593057
vn -0.14199194 0.61405003 0.77638962
vn 0.86072844 -0.08664541 0.50163644
vn 0.97694944 0.10983823 0.18304468
vn -0.13463241 0.74608727 0.65209501
vn -0.01841006 0.94256931 0.33350287
vn 0.56306133 0.82641511 0.00000000
vn 0.96475102 0.16532389 -0.20475225
vn -0.03060854 0.99805575 -0.05429400
vn 0.82740112 0.06494722 -0.55784339
vn -0.16795896 0.89767887 -0.40738487
vn 0.60170298 -0.16439742 -0.78161820
vn -0.39365701 0.66833439 -0.63116028
vn 0.34813132 -0.46125635 -0.81611712
vn -0.64722791 0.37147492 -0.66565939
vn 0.13463190 -0.74608720 -0.65209520
vn -0.86072843 0.08664541 -0.50163647
vn 0.01841005 -0.94256931 -0.33350286
vn -0.97694944 -0.10983811 -0.18304473
vn 0.03060852 -0.99805575 0.05429397
vn -0.96475097 -0.16532413 0.20475228
vn 0.16795905 -0.89767887 0.40738484
vn -0.82740132 -0.06494654 0.55784317
vn 0.39365684 -0.66833445 0.63116032
vn -0.60170263 0.16439714 0.78161853
vn 0.64722780 -0.37147477 0.66565957
vn -0.34813115 0.46125614 0.81611732
vn 0.81050931 -0.02910912 0.58500198
vn 0.91908189 0.23487753 0.31641908
vn -0.32869448 0.59250143 0.73546039
vn -0.22012181 0.85648806 0.46687750
vn 0.39026058 0.92070445 -0.00000000
vn 0.93401135 0.35264965 -0.05710545
vn -0.20519160 0.97425958 0.09335239
vn 0.85129803 0.29264844 -0.43548658
vn -0.28790496 0.91425888 -0.28502883
vn 0.69310377 0.07095328 -0.71733730
vn -0.44609981 0.69256330 -0.56687832
vn 0.50181797 -0.25303453 -0.82713496
vn -0.63738526 0.36857571 -0.67667716
vn 0.32869425 -0.59250152 -0.73546043
vn -0.81050894 0.02910880 -0.58500251
vn 0.22012113 -0.85648815 -0.46687765
vn -0.91908178 -0.23487781 -0.31641917
vn 0.20519201 -0.97425947 -0.09335268
vn -0.93401140 -0.35264947 0.05710568
vn 0.28790471 -0.91425887 0.28502910
vn -0.85129820 -0.29264825 0.43548637
vn 0.44609988 -0.69256330 0.56687827
vn -0.69310402 -0.07095284 0.71733710
vn 0.63738469 -0.36857539 0.67667787
vn -0.50181703 0.25303395 0.82713572
vn 0.76604407 -0.00277042 0.64278208
vn 0.84161822 0.32060229 0.43461816
vn -0.47285868 0.38363109 0.79324136
vn -0.39728344 0.70700279 0.58507515
vn 0.20233665 0.97931603 -0.00000000
vn 0.85766500 0.50630011 0.08983845
vn -0.38123669 0.89270152 0.24029686
vn 0.80988148 0.50456854 -0.29916980
vn -0.42902018 0.89096940 -0.14871187
vn 0.71107282 0.31586955 -0.62817345
vn -0.52782910 0.70227073 -0.47771567
vn 0.58771271 -0.00923343 -0.80901701
vn -0.65118838 0.37716718 -0.65855798
vn 0.47285915 -0.38363127 -0.79324100
vn -0.76604275 0.00276965 -0.64278366
vn 0.39728286 -0.70700271 -0.58507564
vn -0.84161914 -0.32060141 -0.43461702
vn 0.38123686 -0.89270145 -0.24029685
vn -0.85766480 -0.50630043 -0.08983856
vn 0.42902016 -0.89096943 0.14871172
vn -0.80988148 -0.50456845 0.29916996
vn 0.52782964 -0.70227069 0.47771514
vn -0.71107277 -0.31586944 0.62817356
vn 0.65118723 -0.37716707 0.65855918
vn -0.58771287 0.00923349 0.80901689
vn 0.73987627 0.00182449 0.67274050
vn 0.76217200 0.36734549 0.53305828
vn -0.55071593 0.13804295 0.82319871
vn -0.52842007 0.50356412 0.68351694
vn 0.00657247 0.99997840 -0.00000000
vn 0.75315000 0.61618741 0.23038696
vn -0.53744163 0.75240559 0.38084423
vn 0.71522988 0.68167161 -0.15417536
vn -0.57536243 0.81789013 -0.00371697
vn 0.65857018 0.54625336 -0.51758341
vn -0.63202132 0.68247203 -0.36712528
vn 0.59835412 0.24621689 -0.76246284
vn -0.69223809 0.38243530 -0.61200463
vn 0.55071591 -0.13804294 -0.82319872
vn -0.73987626 -0.00182448 -0.67274051
vn 0.52842041 -0.50356403 -0.68351674
vn -0.76217164 -0.36734577 -0.53305861
vn 0.53744130 -0.75240560 -0.38084467
vn -0.75315025 -0.61618730 -0.23038642
vn 0.57536246 -0.81789010 0.00371690
vn -0.71522963 -0.68167188 0.15417529
vn 0.63202102 -0.68247203 0.36712580
vn -0.65857080 -0.54625312 0.51758287
vn 0.69223855 -0.38243514 0.61200421
vn -0.59835367 -0.24621706 0.76246314
vn 0.73898941 -0.00167695 0.67371496
vn 0.69590213 0.38228850 0.60792741
vn -0.55327931 -0.12091945 0.82417261
vn -0.59637057 0.26304556 0.75838590
vn -0.18944684 0.98189098 0.00000000
vn 0.63947735 0.67979566 0.35909133
vn -0.65279367 0.56055302 0.50954954
vn 0.58483719 0.81112761 -0.00612138
vn -0.70743348 0.69188492 0.14433689
vn 0.54662214 0.74109382 -0.38985149
vn -0.74564878 0.62185113 -0.23939315
vn 0.53507169 0.48846004 -0.68927867
vn -0.75719933 0.36921754 -0.53882055
vn 0.55328042 0.12091941 -0.82417187
vn -0.73899051 0.00167679 -0.67371375
vn 0.59636998 -0.26304589 -0.75838625
vn -0.69590162 -0.38228859 -0.60792793
vn 0.65279342 -0.56055316 -0.50954971
vn -0.63947729 -0.67979571 -0.35909133
vn 0.70743360 -0.69188488 -0.14433647
vn -0.58483714 -0.81112764 0.00612093
vn 0.74564885 -0.62185104 0.23939315
vn -0.54662235 -0.74109368 0.38985147
vn 0.75719995 -0.36921711 0.53881997
vn -0.53507216 -0.48845987 0.68927842
vn 0.76361835 0.00192084 0.64566502
vn 0.65307630 0.37779404 0.65632538
vn -0.48025536 -0.36816232 0.79612267
vn -0.59079753 0.00771105 0.80678301
vn -0.37812486 0.92575461 -0.00000000
vn 0.53419094 0.70201943 0.47096577
vn -0.70968260 0.33193687 0.62142459
vn 0.43881630 0.88772093 0.13925447
vn -0.80505757 0.51763771 0.28971280
vn 0.39250884 0.88514006 -0.24992776
vn -0.85136494 0.51505688 -0.09946937
vn 0.40767644 0.69496842 -0.59229959
vn -0.83619655 0.32488598 -0.44184208
vn 0.48025517 0.36816215 -0.79612286
vn -0.76361907 -0.00192120 -0.64566418
vn 0.59079725 -0.00771105 -0.80678321
vn -0.65307662 -0.37779413 -0.65632501
vn 0.70968311 -0.33193629 -0.62142432
vn -0.53419035 -0.70201958 -0.47096621
vn 0.80505734 -0.51763806 -0.28971284
vn -0.43881623 -0.88772096 -0.13925448
vn 0.85136483 -0.51505703 0.09946946
vn -0.39250889 -0.88514004 0.24992777
vn 0.83619752 -0.32488494 0.44184102
vn -0.40767606 -0.69496845 0.59229983
vn 0.80720240 0.02645666 0.58968155
vn 0.63749427 0.36894401 0.67637369
vn -0.34007325 -0.58012542 0.74013828
vn -0.50978029 -0.23763798 0.82683266
vn -0.55215007 0.83374474 -0.00000000
vn 0.45067529 0.69383907 0.56167529
vn -0.69660043 0.08725636 0.71213354
vn 0.29680385 0.91408713 0.27631903
vn -0.85047167 0.30750456 0.42677732
vn 0.21710958 0.97067301 -0.10323435
vn -0.93016571 0.36409014 0.04722404
vn 0.23294795 0.84843444 -0.47528334
vn -0.91432787 0.24185234 -0.32482608
vn 0.34007151 0.58012502 -0.74013940
vn -0.80720292 -0.02645718 -0.58968082
vn 0.50978124 0.23763857 -0.82683190
vn -0.63749480 -0.36894423 -0.67637307
vn 0.69660053 -0.08725633 -0.71213344
vn -0.45067445 -0.69383895 -0.56167611
vn 0.85047147 -0.30750498 -0.42677741
vn -0.29680426 -0.91408705 -0.27631884
vn 0.93016559 -0.36409047 -0.04722390
vn -0.21710955 -0.97067302 0.10323433
vn 0.91432859 -0.24185109 0.32482501
vn -0.23294724 -0.84843439 0.47528378
vn 0.85751076 0.08173434 0.50793187
vn 0.64600444 0.37066643 0.66729653
vn -0.14870888 -0.73784147 0.65838866
vn -0.36021522 -0.44891028 0.81775581
vn -0.70477919 0.70942674 0.00000000
vn 0.39620777 0.67007911 0.62770486
vn -0.61001110 -0.14949705 0.77816264
vn 0.17505670 0.89974797 0.39976085
vn -0.83116259 0.08017166 0.55021928
vn 0.04180699 0.99813225 0.04454418
vn -0.96441269 0.17855584 0.19500251
vn 0.03216233 0.93887025 -0.34276557
vn -0.97405692 0.11929385 -0.19230730
vn 0.14870875 0.73784126 -0.65838893
vn -0.85751154 -0.08173597 -0.50793029
vn 0.36021550 0.44891055 -0.81775553
vn -0.64600336 -0.37066527 -0.66729822
vn 0.61001140 0.14949740 -0.77816233
vn -0.39620891 -0.67007954 -0.62770369
vn 0.83116244 -0.08017219 -0.55021943
vn -0.17505591 -0.89974791 -0.39976135
vn 0.96441269 -0.17855579 -0.19500252
vn -0.04180714 -0.99813225 -0.04454416
vn 0.97405712 -0.11929291 0.19230689
vn -0.03216241 -0.93887026 0.34276554
vn 0.89872756 0.17148876 0.40358441
vn 0.66920689 0.39491761 0.62944597
vn 0.07255579 -0.82932134 0.55404131
vn -0.15696525 -0.60589490 0.77990595
vn -0.83009790 0.55761768 0.00000000
vn 0.37105696 0.64660723 0.66649518
vn -0.45511469 -0.35420387 0.81695180
vn 0.08417078 0.85912518 0.50479621
vn -0.74200134 -0.14168566 0.65525506
vn -0.11458419 0.97552350 0.18768156
vn -0.94075607 -0.02528775 0.33813984
vn -0.17195002 0.96461451 -0.19988008
vn -0.99812186 -0.03619737 -0.04942160
vn -0.07255535 0.82932149 -0.55404114
vn -0.89872755 -0.17148879 -0.40358442
vn 0.15696503 0.60589465 -0.77990618
vn -0.66920695 -0.39491753 -0.62944595
vn 0.45511438 0.35420350 -0.81695213
vn -0.37105681 -0.64660712 -0.66649537
vn 0.74200146 0.14168625 -0.65525479
vn -0.08417079 -0.85912519 -0.50479618
vn 0.94075606 0.02528773 -0.33813986
vn 0.11458406 -0.97552352 -0.18768154
vn 0.99812186 0.03619741 0.04942162
vn 0.17195023 -0.96461447 0.19988005
vn 0.91419555 0.29234262 0.28068183
vn 0.69320949 0.44837001 0.56429153
vn 0.30008526 -0.85092174 0.43113923
vn 0.07910098 -0.69489246 0.71474996
vn -0.92324944 0.38420108 0.00000000
vn 0.36875418 0.63742735 0.67654027
vn -0.24535664 -0.50583880 0.82699893
vn 0.02776431 0.80885149 0.58735713
vn -0.58634384 -0.33441050 0.73781469
vn -0.23838600 0.91671605 0.32063030
vn -0.85249670 -0.22654920 0.47108899
vn -0.35838964 0.93211360 -0.05216424
vn -0.97249878 -0.21115022 0.09829396
vn -0.30008610 0.85092113 -0.43113984
vn -0.91419571 -0.29234238 -0.28068156
vn -0.07909921 0.69489387 -0.71474879
vn -0.69320962 -0.44837123 -0.56429040
vn 0.24535542 0.50583681 -0.82700051
vn -0.36875309 -0.63742530 -0.67654279
vn 0.58634410 0.33441252 -0.73781356
vn -0.02776628 -0.80885299 -0.58735498
vn 0.85249683 0.22654796 -0.47108934
vn 0.23838794 -0.91671521 -0.32063128
vn 0.97249871 0.21115050 -0.09829404
vn 0.35838901 -0.93211383 0.05216435
vn 0.88937294 0.43391629 0.14398758
vn 0.70216204 0.53099651 0.47435342
vn 0.51112353 -0.80749873 0.29444613
vn 0.32391119 -0.71041790 0.62481033
vn -0.98062471 0.19589586 0.00000000
vn 0.37748285 0.65211765 0.65745667
vn -0.00076675 -0.58929635 0.80791659
vn 0.00233295 0.76481948 0.64424042
vn -0.37591707 -0.47659520 0.79469703
vn -0.32276454 0.83890939 0.43823975
vn -0.70101577 -0.40250517 0.58869897
vn -0.51070393 0.85452988 0.09465821
vn -0.88895375 -0.38688445 0.24511558
vn -0.51112307 0.80749903 -0.29444613
vn -0.88937295 -0.43391628 -0.14398755
vn -0.32391146 0.71041766 -0.62481046
vn -0.70216203 -0.53099648 -0.47435348
vn 0.00076690 0.58929649 -0.80791649
vn -0.37748271 -0.65211651 -0.65745788
vn 0.37591690 0.47659542 -0.79469698
vn -0.00233389 -0.76482124 -0.64423833
vn 0.70101572 0.40250530 -0.58869895
vn 0.32276623 -0.83890807 -0.43824104
vn 0.88895371 0.38688432 -0.24511596
vn 0.51070295 -0.85453054 -0.09465753
vn 0.81453857 0.58010816 -0.00120062
vn 0.68115699 0.63574415 0.36311780
vn 0.68680529 -0.71135128 0.14925769
vn 0.55342358 -0.65571493 0.51357597
vn -0.09777104 -0.98852302 0.11516535
vn 0.38237257 0.69405668 0.60998078
vn 0.25463911 -0.59740369 0.76043918
vn -0.00175496 0.73941869 0.67324358
vn -0.12948818 -0.55203924 0.82370231
vn -0.36829948 0.75967728 0.53595329
vn -0.49603238 -0.53178265 0.68641030
vn -0.61904470 0.74940473 0.23489618
vn -0.74677860 -0.54205481 0.38535478
vn -0.68680527 0.71135129 -0.14925768
vn -0.81453857 -0.58010815 0.00120061
vn -0.55342360 0.65571491 -0.51357597
vn -0.68115697 -0.63574418 -0.36311777
vn -0.25463910 0.59740371 -0.76043917
vn -0.38237258 -0.69405664 -0.60998082
vn 0.12948826 0.55204030 -0.82370158
vn 0.00175495 -0.73941873 -0.67324353
vn 0.49603275 0.53178103 -0.68641128
vn 0.36829979 -0.75967710 -0.53595333
vn 0.74677814 0.54205552 -0.38535468
vn 0.61904469 -0.74940474 -0.23489617
f 1//1 2//2 3//3
f 1//1 3//3 4//4
f 4//4 3//3 5//5
f 4//4 5//5 6//6
f 3//3 2//2 7//7
f 3//3 7//7 5//5
f 5//5 7//7 8//8
f 5//5 8//8 6//6
f 7//7 2//2 9//9
f 7//7 9//9 8//8
f 8//8 9//9 10//10
f 8//8 10//10 6//6
f 9//9 2//2 11//11
f 9//9 11//11 10//10
f 10//10 11//11 12//12
f 10//10 12//12 6//6
f 11//11 2//2 13//13
f 11//11 13//13 12//12
f 12//12 13//13 14//14
f 12//12 14//14 6//6
f 13//13 2//2 15//15
f 13//13 15//15 14//14
f 14//14 15//15 16//16
f 14//14 16//16 6//6
f 15//15 2//2 17//17
f 15//15 17//17 16//16
f 16//16 17//17 18//18
f 16//16 18//18 6//6
f 17//17 2//2 19//19
f 17//17 19//19 18//18
f 18//18 19//19 20//20
f 18//18 20//20 6//6
f 19//19 2//2 21//21
f 19//19 21//21 20//20
f 20//20 21//21 22//22
f 20//20 22//22 6//6
f 21//21 2//2 23//23
f 21//21 23//23 22//22
f 22//22 23//23 24//24
f 22//22 24//24 6//6
f 23//23 2//2 25//25
f 23//23 25//25 24//24
f 24//24 25//25 26//26
f 24//24 26//26 6//6
f 25//25 2//2 1//1
f 25//25 1//1 26//26
f 26//26 1//1 4//4
f 26//26 4//4 6//6
f 27//27 6//6 28//28
f 27//27 28//28 29//29
f 29//29 28//28 30//30
f 29//29 30//30 31//31
f 28//28 6//6 32//32
f 28//28 32//32 30//30
f 30//30 32//32 33//33
f 30//30 33//33 31//31
f 32//32 6//6 34//34
f 32//32 34//34 33//33
f 33//33 34//34 35//35
f 33//33 35//35 31//31
f 34//34 6//6 36//36
f 34//34 36//36 35//35
f 35//35 36//36 37//37
f 35//35 37//37 31//31
f 36//36 6//6 38//38
f 36//36 38//38 37//37
f 37//37 38//38 39//39
f 37//37 39//39 31//31
f 38//38 6//6 40//40
f 38//38 40//40 39//39
f 39//39 40//40 41//41
f 39//39 41//41 31//31
f 40//40 6//6 42//42
f 40//40 42//42 41//41
f 41//41 42//42 43//43
f 41//41 43//43 31//31
f 42//42 6//6 44//44
f 42//42 44//44 43//43
f 43//43 44//44 45//45
f 43//43 45//45 31//31
f 44//44 6//6 46//46
f 44//44 46//46 45//45
f 45//45 46//46 47//47
f 45//45 47//47 31//31
f 46//46 6//6 48//48
f 46//46 48//48 47//47
f 47//47 48//48 49//49
f 47//47 49//49 31//31
f 48//48 6//6 50//50
f 48//48 50//50 49//49
f 49//49 50//50 51//51
f 49//49 51//51 31//31
f 50//50 6//6 27//27
f 50//50 27//27 51//51
f 51//51 27//27 29//29
f 51//51 29//29 31//31
f 52//52 31//31 53//53
f 52//52 53//53 54//54
f 54//54 53//53 55//55
f 54//54 55//55 56//56
f 53//53 31//31 57//57
f 53//53 57//57 55//55
f 55//55 57//57 58//58
f 55//55 58//58 56//56
f 57//57 31//31 59//59
f 57//57 59//59 58//58
f 58//58 59//59 60//60
f 58//58 60//60 56//56
f 59//59 31//31 61//61
f 59//59 61//61 60//60
f 60//60 61//61 62//62
f 60//60 62//62 56//56
f 61//61 31//31 63//63
f 61//61 63//63 62//62
f 62//62 63//63 64//64
f 62//62 64//64 56//56
f 63//63 31//31 65//65
f 63//63 65//65 64//64
f 64//64 65//65 66//66
f 64//64 66//66 56//56
f 65//65 31//31 67//67
f 65//65 67//67 66//66
f 66//66 67//67 68//68
f 66//66 68//68 56//56
f 67//67 31//31 69//69
f 67//67 69//69 68//68
f 68//68 69//69 70//70
f 68//68 70//70 56//56
f 69//69 31//31 71//71
f 69//69 71//71 70//70
f 70//70 71//71 72//72
f 70//70 72//72 56//56
f 71//71 31//31 73//73
f 71//71 73//73 72//72
f 72//72 73//73 74//74
f 72//72 74//74 56//56
f 73//73 31//31 75//75
f 73//73 75//75 74//74
f 74//74 75//75 76//76
f 74//74 76//76 56//56
f 75//75 31//31 52//52
f 75//75 52//52 76//76
f 76//76 52//52 54//54
f 76//76 54//54 56//56
f 77//77 56//56 78//78
f 77//77 78//78 79//79
f 79//79 78//78 80//80
f 79//79 80//80 81//81
f 78//78 56//56 82//82
f 78//78 82//82 80//80
f 80//80 82//82 83//83
f 80//80 83//83 81//81
f 82//82 56//56 84//84
f 82//82 84//84 83//83
f 83//83 84//84 85//85
f 83//83 85//85 81//81
f 84//84 56//56 86//86
f 84//84 86//86 85//85
f 85//85 86//86 87//87
f 85//85 87//87 81//81
f 86//86 56//56 88//88
f 86//86 88//88 87//87
f 87//87 88//88 89//89
f 87//87 89//89 81//81
f 88//88 56//56 90//90
f 88//88 90//90 89//89
f 89//89 90//90 91//91
f 89//89 91//91 81//81
f 90//90 56//56 92//92
f 90//90 92//92 91//91
f 91//91 92//92 93//93
f 91//91 93//93 81//81
f 92//92 56//56 94//94
f 92//92 94//94 93//93
f 93//93 94//94 95//95
f 93//93 95//95 81//81
f 94//94 56//56 96//96
f 94//94 96//96 95//95
f 95//95 96//96 97//97
f 95//95 97//97 81//81
f 96//96 56//56 98//98
f 96//96 98//98 97//97
f 97//97 98//98 99//99
f 97//97 99//99 81//81
f 98//98 56//56 100//100
f 98//98 100//100 99//99
f 99//99 100//100 101//101
f 99//99 101//101 81//81
f 100//100 56//56 77//77
f 100//100 77//77 101//101
f 101//101 77//77 79//79
f 101//101 79//79 81//81
f 102//102 81//81 103//103
f 102//102 103//103 104//104
f 104//104 103//103 105//105
f 104//104 105//105 106//106
f 103//103 81//81 107//107
f 103//103 107//107 105//105
f 105//105 107//107 108//108
f 105//105 108//108 106//106
f 107//107 81//81 109//109
f 107//107 109//109 108//108
f 108//108 109//109 110//110
f 108//108 110//110 106//106
f 109//109 81//81 111//111
f 109//109 111//111 110//110
f 110//110 111//111 112//112
f 110//110 112//112 106//106
f 111//111 81//81 113//113
f 111//111 113//113 112//112
f 112//112 113//113 114//114
f 112//112 114//114 106//106
f 113//113 81//81 115//115
f 113//113 115//115 114//114
f 114//114 115//115 116//116
f 114//114 116//116 106//106
f 115//115 81//81 117//117
f 115//115 117//117 116//116
f 116//116 117//117 118//118
f 116//116 118//118 106//106
f 117//117 81//81 119//119
f 117//117 119//119 118//118
f 118//118 119//119 120//120
f 118//118 120//120 106//106
f 119//119 81//81 121//121
f 119//119 121//121 120//120
f 120//120 121//121 122//122
f 120//120 122//122 106//106
f 121//121 81//81 123//123
f 121//121 123//123 122//122
f 122//122 123//123 124//124
f 122//122 124//124 106//106
f 123//123 81//81 125//125
f 123//123 125//125 124//124
f 124//124 125//125 126//126
f 124//124 126//126 106//106
f 125//125 81//81 102//102
f 125//125 102//102 126//126
f 126//126 102//102 104//104
f 126//126 104//104 106//106
f 127//127 106//106 128//128
f 127//127 128//128 129//129
f 129//129 128//128 130//130
f 129//129 130//130 131//131
f 128//128 106//106 132//132
f 128//128 132//132 130//130
f 130//130 132//132 133//133
f 130//130 133//133 131//131
f 132//132 106//106 134//134
f 132//132 134//134 133//133
f 133//133 134//134 135//135
f 133//133 135//135 131//131
f 134//134 106//106 136//136
f 134//134 136//136 135//135
f 135//135 136//136 137//137
f 135//135 137//137 131//131
f 136//136 106//106 138//138
f 136//136 138//138 137//137
f 137//137 138//138 139//139
f 137//137 139//139 131//131
f 138//138 106//106 140//140
f 138//138 140//140 139//139
f 139//139 140//140 141//141
f 139//139 141//141 131//131
f 140//140 106//106 142//142
f 140//140 142//142 141//141
f 141//141 142//142 143//143
f 141//141 143//143 131//131
f 142//142 106//106 144//144
f 142//142 144//144 143//143
f 143//143 144//144 145//145
f 143//143 145//145 131//131
f 144//144 106//106 146//146
f 144//144 146//146 145//145
f 145//145 146//146 147//147
f 145//145 147//147 131//131
f 146//146 106//106 148//148
f 146//146 148//148 147//147
f 147//147 148//148 149//149
f 147//147 149//149 131//131
f 148//148 106//106 150//150
f 148//148 150//150 149//149
f 149//149 150//150 151//151
f 149//149 151//151 131//131
f 150//150 106//106 127//127
f 150//150 127//127 151//151
f 151//151 127//127 129//129
f 151//151 129//129 131//131
f 152//152 131//131 153//153
f 152//152 153//153 154//154
f 154//154 153//153 155//155
f 154//154 155//155 156//156
f 153//153 131//131 157//157
f 153//153 157//157 155//155
f 155//155 157//157 158//158
f 155//155 158//158 156//156
f 157//157 131//131 159//159
f 157//157 159//159 158//158
f 158//158 159//159 160//160
f 158//158 160//160 156//156
f 159//159 131//131 161//161
f 159//159 161//161 160//160
f 160//160 161//161 162//162
f 160//160 162//162 156//156
f 161//161 131//131 163//163
f 161//161 163//163 162//162
f 162//162 163//163 164//164
f 162//162 164//164 156//156
f 163//163 131//131 165//165
f 163//163 165//165 164//164
f 164//164 165//165 166//166
f 164//164 166//166 156//156
f 165//165 131//131 167//167
f 165//165 167//167 166//166
f 166//166 167//167 168//168
f 166//166 168//168 156//156
f 167//167 131//131 169//169
f 167//167 169//169 168//168
f 168//168 169//169 170//170
f 168//168 170//170 156//156
f 169//169 131//131 171//171
f 169//169 171//171 170//170
f 170//170 171//171 172//172
f 170//170 172//172 156//156
f 171//171 131//131 173//173
f 171//171 173//173 172//172
f 172//172 173//173 174//174
f 172//172 174//174 156//156
f 173//173 131//131 175//175
f 173//173 175//175 174//174
f 174//174 175//175 176//176
f 174//174 176//176 156//156
f 175//175 131//131 152//152
f 175//175 152//152 176//176
f 176//176 152//152 154//154
f 176//176 154//154 156//156
f 177//177 156//156 178//178
f 177//177 178//178 179//179
f 179//179 178//178 180//180
f 179//179 180//180 181//181
f 178//178 156//156 182//182
f 178//178 182//182 180//180
f 180//180 182//182 183//183
f 180//180 183//183 181//181
f 182//182 156//156 184//184
f 182//182 184//184 183//183
f 183//183 184//184 185//185
f 183//183 185//185 181//181
f 184//184 156//156 186//186
f 184//184 186//186 185//185
f 185//185 186//186 187//187
f 185//185 187//187 181//181
f 186//186 156//156 188//188
f 186//186 188//188 187//187
f 187//187 188//188 189//189
f 187//187 189//189 181//181
f 188//188 156//156 190//190
f 188//188 190//190 189//189
f 189//189 190//190 191//191
f 189//189 191//191 181//181
f 190//190 156//156 192//192
f 190//190 192//192 191//191
f 191//191 192//192 193//193
f 191//191 193//193 181//181
f 192//192 156//156 194//194
f 192//192 194//194 193//193
f 193//193 194//194 195//195
f 193//193 195//195 181//181
f 194//194 156//156 196//196
f 194//194 196//196 195//195
f 195//195 196//196 197//197
f 195//195 197//197 181//181
f 196//196 156//156 198//198
f 196//196 198//198 197//197
f 197//197 198//198 199//199
f 197//197 199//199 181//181
f 198//198 156//156 200//200
f 198//198 200//200 199//199
f 199//199 200//200 201//201
f 199//199 201//201 181//181
f 200//200 156//156 177//177
f 200//200 177//177 201//201
f 201//201 177//177 179//179
f 201//201 179//179 181//181
f 202//202 181//181 203//203
f 202//202 203//203 204//204
f 204//204 203//203 205//205
f 204//204 205//205 206//206
f 203//203 181//181 207//207
f 203//203 207//207 205//205
f 205//205 207//207 208//208
f 205//205 208//208 206//206
f 207//207 181//181 209//209
f 207//207 209//209 208//208
f 208//208 209//209 210//210
f 208//208 210//210 206//206
f 209//209 181//181 211//211
f 209//209 211//211 210//210
f 210//210 211//211 212//212
f 210//210 212//212 206//206
f 211//211 181//181 213//213
f 211//211 213//213 212//212
f 212//212 213//213 214//214
f 212//212 214//214 206//206
f 213//213 181//181 215//215
f 213//213 215//215 214//214
f 214//214 215//215 216//216
f 214//214 216//216 206//206
f 215//215 181//181 217//217
f 215//215 217//217 216//216
f 216//216 217//217 218//218
f 216//216 218//218 206//206
f 217//217 181//181 219//219
f 217//217 219//219 218//218
f 218//218 219//219 220//220
f 218//218 220//220 206//206
f 219//219 181//181 221//221
f 219//219 221//221 220//220
f 220//220 221//221 222//222
f 220//220 222//222 206//206
f 221//221 181//181 223//223
f 221//221 223//223 222//222
f 222//222 223//223 224//224
f 222//222 224//224 206//206
f 223//223 181//181 225//225
f 223//223 225//225 224//224
f 224//224 225//225 226//226
f 224//224 226//226 206//206
f 225//225 181//181 202//202
f 225//225 202//202 226//226
f 226//226 202//202 204//204
f 226//226 204//204 206//206
f 227//227 206//206 228//228
f 227//227 228//228 229//229
f 229//229 228//228 230//230
f 229//229 230//230 231//231
f 228//228 206//206 232//232
f 228//228 232//232 230//230
f 230//230 232//232 233//233
f 230//230 233//233 231//231
f 232//232 206//206 234//234
f 232//232 234//234 233//233
f 233//233 234//234 235//235
f 233//233 235//235 231//231
f 234//234 206//206 236//236
f 234//234 236//236 235//235
f 235//235 236//236 237//237
f 235//235 237//237 231//231
f 236//236 206//206 238//238
f 236//236 238//238 237//237
f 237//237 238//238 239//239
f 237//237 239//239 231//231
f 238//238 206//206 240//240
f 238//238 240//240 239//239
f 239//239 240//240 241//241
f 239//239 241//241 231//231
f 240//240 206//206 242//242
f 240//240 242//242 241//241
f 241//241 242//242 243//243
f 241//241 243//243 231//231
f 242//242 206//206 244//244
f 242//242 244//244 243//243
f 243//243 244//244 245//245
f 243//243 245//245 231//231
f 244//244 206//206 246//246
f 244//244 246//246 245//245
f 245//245 246//246 247//247
f 245//245 247//247 231//231
f 246//246 206//206 248//248
f 246//246 248//248 247//247
f 247//247 248//248 249//249
f 247//247 249//249 231//231
f 248//248 206//206 250//250
f 248//248 250//250 249//249
f 249//249 250//250 251//251
f 249//249 251//251 231//231
f 250//250 206//206 227//227
f 250//250 227//227 251//251
f 251//251 227//227 229//229
f 251//251 229//229 231//231
f 252//252 231//231 253//253
f 252//252 253//253 254//254
f 254//254 253//253 255//255
f 254//254 255//255 256//256
f 253//253 231//231 257//257
f 253//253 257//257 255//255
f 255//255 257//257 258//258
f 255//255 258//258 256//256
f 257//257 231//231 259//259
f 257//257 259//259 258//258
f 258//258 259//259 260//260
f 258//258 260//260 256//256
f 259//259 231//231 261//261
f 259//259 261//261 260//260
f 260//260 261//261 262//262
f 260//260 262//262 256//256
f 261//261 231//231 263//263
f 261//261 263//263 262//262
f 262//262 263//263 264//264
f 262//262 264//264 256//256
f 263//263 231//231 265//265
f 263//263 265//265 264//264
f 264//264 265//265 266//266
f 264//264 266//266 256//256
f 265//265 231//231 267//267
f 265//265 267//267 266//266
f 266//266 267//267 268//268
f 266//266 268//268 256//256
f 267//267 231//231 269//269
f 267//267 269//269 268//268
f 268//268 269//269 270//270
f 268//268 270//270 256//256
f 269//269 231//231 271//271
f 269//269 271//271 270//270
f 270//270 271//271 272//272
f 270//270 272//272 256//256
f 271//271 231//231 273//273
f 271//271 273//273 272//272
f 272//272 273//273 274//274
f 272//272 274//274 256//256
f 273//273 231//231 275//275
f 273//273 275//275 274//274
f 274//274 275//275 276//276
f 274//274 276//276 256//256
f 275//275 231//231 252//252
f 275//275 252//252 276//276
f 276//276 252//252 254//254
f 276//276 254//254 256//256
f 277//277 256//256 278//278
f 277//277 278//278 279//279
f 279//279 278//278 280//280
f 279//279 280//280 281//281
f 278//278 256//256 282//282
f 278//278 282//282 280//280
f 280//280 282//282 283//283
f 280//280 283//283 281//281
f 282//282 256//256 284//284
f 282//282 284//284 283//283
f 283//283 284//284 285//285
f 283//283 285//285 281//281
f 284//284 256//256 286//286
f 284//284 286//286 285//285
f 285//285 286//286 287//287
f 285//285 287//287 281//281
f 286//286 256//256 288//288
f 286//286 288//288 287//287
f 287//287 288//288 289//289
f 287//287 289//289 281//281
f 288//288 256//256 290//290
f 288//288 290//290 289//289
f 289//289 290//290 291//291
f 289//289 291//291 281//281
f 290//290 256//256 292//292
f 290//290 292//292 291//291
f 291//291 292//292 293//293
f 291//291 293//293 281//281
f 292//292 256//256 294//294
f 292//292 294//294 293//293
f 293//293 294//294 295//295
f 293//293 295//295 281//281
f 294//294 256//256 296//296
f 294//294 296//296 295//295
f 295//295 296//296 297//297
f 295//295 297//297 281//281
f 296//296 256//256 298//298
f 296//296 298//298 297//297
f 297//297 298//298 299//299
f 297//297 299//299 281//281
f 298//298 256//256 300//300
f 298//298 300//300 299//299
f 299//299 300//300 301//301
f 299//299 301//301 281//281
f 300//300 256//256 277//277
f 300//300 277//277 301//301
f 301//301 277//277 279//279
f 301//301 279//279 281//281
f 302//302 281//281 303//303
f 302//302 303//303 304//304
f 304//304 303//303 305//305
f 304//304 305//305 306//306
f 303//303 281//281 307//307
f 303//303 307//307 305//305
f 305//305 307//307 308//308
f 305//305 308//308 306//306
f 307//307 281//281 309//309
f 307//307 309//309 308//308
f 308//308 309//309 310//310
f 308//308 310//310 306//306
f 309//309 281//281 311//311
f 309//309 311//311 310//310
f 310//310 311//311 312//312
f 310//310 312//312 306//306
f 311//311 281//281 313//313
f 311//311 313//313 312//312
f 312//312 313//313 314//314
f 312//312 314//314 306//306
f 313//313 281//281 315//315
f 313//313 315//315 314//314
f 314//314 315//315 316//316
f 314//314 316//316 306//306
f 315//315 281//281 317//317
f 315//315 317//317 316//316
f 316//316 317//317 318//318
f 316//316 318//318 306//306
f 317//317 281//281 319//319
f 317//317 319//319 318//318
f 318//318 319//319 320//320
f 318//318 320//320 306//306
f 319//319 281//281 321//321
f 319//319 321//321 320//320
f 320//320 321//321 322//322
f 320//320 322//322 306//306
f 321//321 281//281 323//323
f 321//321 323//323 322//322
f 322//322 323//323 324//324
f 322//322 324//324 306//306
f 323//323 281//281 325//325
f 323//323 325//325 324//324
f 324//324 325//325 326//326
f 324//324 326//326 306//306
f 325//325 281//281 302//302
f 325//325 302//302 326//326
f 326//326 302//302 304//304
f 326//326 304//304 306//306
f 327//327 306//306 328//328
f 327//327 328//328 329//329
f 329//329 328//328 330//330
f 329//329 330//330 331//331
f 328//328 306//306 332//332
f 328//328 332//332 330//330
f 330//330 332//332 333//333
f 330//330 333//333 331//331
f 332//332 306//306 334//334
f 332//332 334//334 333//333
f 333//333 334//334 335//335
f 333//333 335//335 331//331
f 334//334 306//306 336//336
f 334//334 336//336 335//335
f 335//335 336//336 337//337
f 335//335 337//337 331//331
f 336//336 306//306 338//338
f 336//336 338//338 337//337
f 337//337 338//338 339//339
f 337//337 339//339 331//331
f 338//338 306//306 340//340
f 338//338 340//340 339//339
f 339//339 340//340 341//341
f 339//339 341//341 331//331
f 340//340 306//306 342//342
f 340//340 342//342 341//341
f 341//341 342//342 343//343
f 341//341 343//343 331//331
f 342//342 306//306 344//344
f 342//342 344//344 343//343
f 343//343 344//344 345//345
f 343//343 345//345 331//331
f 344//344 306//306 346//346
f 344//344 346//346 345//345
f 345//345 346//346 347//347
f 345//345 347//347 331//331
f 346//346 306//306 348//348
f 346//346 348//348 347//347
f 347//347 348//348 349//349
f 347//347 349//349 331//331
f 348//348 306//306 350//350
f 348//348 350//350 349//349
f 349//349 350//350 351//351
f 349//349 351//351 331//331
f 350//350 306//306 327//327
f 350//350 327//327 351//351
f 351//351 327//327 329//329
f 351//351 329//329 331//331
f 352//352 331//331 353//353
f 352//352 353//353 354//354
f 354//354 353//353 355//355
f 354//354 355//355 356//356
f 353//353 331//331 357//357
f 353//353 357//357 355//355
f 355//355 357//357 358//358
f 355//355 358//358 356//356
f 357//357 331//331 359//359
f 357//357 359//359 358//358
f 358//358 359//359 360//360
f 358//358 360//360 356//356
f 359//359 331//331 361//361
f 359//359 361//361 360//360
f 360//360 361//361 362//362
f 360//360 362//362 356//356
f 361//361 331//331 363//363
f 361//361 363//363 362//362
f 362//362 363//363 364//364
f 362//362 364//364 356//356
f 363//363 331//331 365//365
f 363//363 365//365 364//364
f 364//364 365//365 366//366
f 364//364 366//366 356//356
f 365//365 331//331 367//367
f 365//365 367//367 366//366
f 366//366 367//367 368//368
f 366//366 368//368 356//356
f 367//367 331//331 369//369
f 367//367 369//369 368//368
f 368//368 369//369 370//370
f 368//368 370//370 356//356
f 369//369 331//331 371//371
f 369//369 371//371 370//370
f 370//370 371//371 372//372
f 370//370 372//372 356//356
f 371//371 331//331 373//373
f 371//371 373//373 372//372
f 372//372 373//373 374//374
f 372//372 374//374 356//356
f 373//373 331//331 375//375
f 373//373 375//375 374//374
f 374//374 375//375 376//376
f 374//374 376//376 356//356
f 375//375 331//331 352//352
f 375//375 352//352 376//376
f 376//376 352//352 354//354
f 376//376 354//354 356//356
f 377//377 356//356 378//378
f 377//377 378//378 379//379
f 379//379 378//378 380//380
f 379//379 380//380 381//381
f 378//378 356//356 382//382
f 378//378 382//382 380//380
f 380//380 382//382 383//383
f 380//380 383//383 381//381
f 382//382 356//356 384//384
f 382//382 384//384 383//383
f 383//383 384//384 385//385
f 383//383 385//385 381//381
f 384//384 356//356 386//386
f 384//384 386//386 385//385
f 385//385 386//386 387//387
f 385//385 387//387 381//381
f 386//386 356//356 388//388
f 386//386 388//388 387//387
f 387//387 388//388 389//389
f 387//387 389//389 381//381
f 388//388 356//356 390//390
f 388//388 390//390 389//389
f 389//389 390//390 391//391
f 389//389 391//391 381//381
f 390//390 356//356 392//392
f 390//390 392//392 391//391
f 391//391 392//392 393//393
f 391//391 393//393 381//381
f 392//392 356//356 394//394
f 392//392 394//394 393//393
f 393//393 394//394 395//395
f 393//393 395//395 381//381
f 394//394 356//356 396//396
f 394//394 396//396 395//395
f 395//395 396//396 397//397
f 395//395 397//397 381//381
f 396//396 356//356 398//398
f 396//396 398//398 397//397
f 397//397 398//398 399//399
f 397//397 399//399 381//381
f 398//398 356//356 400//400
f 398//398 400//400 399//399
f 399//399 400//400 401//401
f 399//399 401//401 381//381
f 400//400 356//356 377//377
f 400//400 377//377 401//401
f 401//401 377//377 379//379
f 401//401 379//379 381//381
f 402//402 381//381 403//403
f 402//402 403//403 404//404
f 404//404 403//403 405//405
f 404//404 405//405 406//406
f 403//403 381//381 407//407
f 403//403 407//407 405//405
f 405//405 407//407 408//408
f 405//405 408//408 406//406
f 407//407 381//381 409//409
f 407//407 409//409 408//408
f 408//408 409//409 410//410
f 408//408 410//410 406//406
f 409//409 381//381 411//411
f 409//409 411//411 410//410
f 410//410 411//411 412//412
f 410//410 412//412 406//406
f 411//411 381//381 413//413
f 411//411 413//413 412//412
f 412//412 413//413 414//414
f 412//412 414//414 406//406
f 413//413 381//381 415//415
f 413//413 415//415 414//414
f 414//414 415//415 416//416
f 414//414 416//416 406//406
f 415//415 381//381 417//417
f 415//415 417//417 416//416
f 416//416 417//417 418//418
f 416//416 418//418 406//406
f 417//417 381//381 419//419
f 417//417 419//419 418//418
f 418//418 419//419 420//420
f 418//418 420//420 406//406
f 419//419 381//381 421//421
f 419//419 421//421 420//420
f 420//420 421//421 422//422
f 420//420 422//422 406//406
f 421//421 381//381 423//423
f 421//421 423//423 422//422
f 422//422 423//423 424//424
f 422//422 424//424 406//406
f 423//423 381//381 425//425
f 423//423 425//425 424//424
f 424//424 425//425 426//426
f 424//424 426//426 406//406
f 425//425 381//381 402//402
f 425//425 402//402 426//426
f 426//426 402//402 404//404
f 426//426 404//404 406//406
f 427//427 406//406 428//428
f 427//427 428//428 429//429
f 429//429 428//428 430//430
f 429//429 430//430 431//431
f 428//428 406//406 432//432
f 428//428 432//432 430//430
f 430//430 432//432 433//433
f 430//430 433//433 431//431
f 432//432 406//406 434//434
f 432//432 434//434 433//433
f 433//433 434//434 435//435
f 433//433 435//435 431//431
f 434//434 406//406 436//436
f 434//434 436//436 435//435
f 435//435 436//436 437//437
f 435//435 437//437 431//431
f 436//436 406//406 438//438
f 436//436 438//438 437//437
f 437//437 438//438 439//439
f 437//437 439//439 431//431
f 438//438 406//406 440//440
f 438//438 440//440 439//439
f 439//439 440//440 441//441
f 439//439 441//441 431//431
f 440//440 406//406 442//442
f 440//440 442//442 441//441
f 441//441 442//442 443//443
f 441//441 443//443 431//431
f 442//442 406//406 444//444
f 442//442 444//444 443//443
f 443//443 444//444 445//445
f 443//443 445//445 431//431
f 444//444 406//406 446//446
f 444//444 446//446 445//445
f 445//445 446//446 447//447
f 445//445 447//447 431//431
f 446//446 406//406 448//448
f 446//446 448//448 447//447
f 447//447 448//448 449//449
f 447//447 449//449 431//431
f 448//448 406//406 450//450
f 448//448 450//450 449//449
f 449//449 450//450 451//451
f 449//449 451//451 431//431
f 450//450 406//406 427//427
f 450//450 427//427 451//451
f 451//451 427//427 429//429
f 451//451 429//429 431//431
f 452//452 431//431 453//453
f 452//452 453//453 454//454
f 454//454 453//453 455//455
f 454//454 455//455 456//456
f 453//453 431//431 457//457
f 453//453 457//457 455//455
f 455//455 457//457 458//458
f 455//455 458//458 456//456
f 457//457 431//431 459//459
f 457//457 459//459 458//458
f 458//458 459//459 460//460
f 458//458 460//460 456//456
f 459//459 431//431 461//461
f 459//459 461//461 460//460
f 460//460 461//461 462//462
f 460//460 462//462 456//456
f 461//461 431//431 463//463
f 461//461 463//463 462//462
f 462//462 463//463 464//464
f 462//462 464//464 456//456
f 463//463 431//431 465//465
f 463//463 465//465 464//464
f 464//464 465//465 466//466
f 464//464 466//466 456//456
f 465//465 431//431 467//467
f 465//465 467//467 466//466
f 466//466 467//467 468//468
f 466//466 468//468 456//456
f 467//467 431//431 469//469
f 467//467 469//469 468//468
f 468//468 469//469 470//470
f 468//468 470//470 456//456
f 469//469 431//431 471//471
f 469//469 471//471 470//470
f 470//470 471//471 472//472
f 470//470 472//472 456//456
f 471//471 431//431 473//473
f 471//471 473//473 472//472
f 472//472 473//473 474//474
f 472//472 474//474 456//456
f 473//473 431//431 475//475
f 473//473 475//475 474//474
f 474//474 475//475 476//476
f 474//474 476//476 456//456
f 475//475 431//431 452//452
f 475//475 452//452 476//476
f 476//476 452//452 454//454
f 476//476 454//454 456//456
f 477//477 456//456 478//478
f 477//477 478//478 479//479
f 479//479 478//478 480//480
f 479//479 480//480 481//481
f 478//478 456//456 482//482
f 478//478 482//482 480//480
f 480//480 482//482 483//483
f 480//480 483//483 481//481
f 482//482 456//456 484//484
f 482//482 484//484 483//483
f 483//483 484//484 485//485
f 483//483 485//485 481//481
f 484//484 456//456 486//486
f 484//484 486//486 485//485
f 485//485 486//486 487//487
f 485//485 487//487 481//481
f 486//486 456//456 488//488
f 486//486 488//488 487//487
f 487//487 488//488 489//489
f 487//487 489//489 481//481
f 488//488 456//456 490//490
f 488//488 490//490 489//489
f 489//489 490//490 491//491
f 489//489 491//491 481//481
f 490//490 456//456 492//492
f 490//490 492//492 491//491
f 491//491 492//492 493//493
f 491//491 493//493 481//481
f 492//492 456//456 494//494
f 492//492 494//494 493//493
f 493//493 494//494 495//495
f 493//493 495//495 481//481
f 494//494 456//456 496//496
f 494//494 496//496 495//495
f 495//495 496//496 497//497
f 495//495 497//497 481//481
f 496//496 456//456 498//498
f 496//496 498//498 497//497
f 497//497 498//498 499//499
f 497//497 499//499 481//481
f 498//498 456//456 500//500
f 498//498 500//500 499//499
f 499//499 500//500 501//501
f 499//499 501//501 481//481
f 500//500 456//456 477//477
f 500//500 477//477 501//501
f 501//501 477//477 479//479
f 501//501 479//479 481//481
f 502//502 481//481 503//503
f 502//502 503//503 504//504
f 504//504 503//503 505//505
f 504//504 505//505 506//506
f 503//503 481//481 507//507
f 503//503 507//507 505//505
f 505//505 507//507 508//508
f 505//505 508//508 506//506
f 507//507 481//481 509//509
f 507//507 509//509 508//508
f 508//508 509//509 510//510
f 508//508 510//510 506//506
f 509//509 481//481 511//511
f 509//509 511//511 510//510
f 510//510 511//511 512//512
f 510//510 512//512 506//506
f 511//511 481//481 513//513
f 511//511 513//513 512//512
f 512//512 513//513 514//514
f 512//512 514//514 506//506
f 513//513 481//481 515//515
f 513//513 515//515 514//514
f 514//514 515//515 516//516
f 514//514 516//516 506//506
f 515//515 481//481 517//517
f 515//515 517//517 516//516
f 516//516 517//517 518//518
f 516//516 518//518 506//506
f 517//517 481//481 519//519
f 517//517 519//519 518//518
f 518//518 519//519 520//520
f 518//518 520//520 506//506
f 519//519 481//481 521//521
f 519//519 521//521 520//520
f 520//520 521//521 522//522
f 520//520 522//522 506//506
f 521//521 481//481 523//523
f 521//521 523//523 522//522
f 522//522 523//523 524//524
f 522//522 524//524 506//506
f 523//523 481//481 525//525
f 523//523 525//525 524//524
f 524//524 525//525 526//526
f 524//524 526//526 506//506
f 525//525 481//481 502//502
f 525//525 502//502 526//526
f 526//526 502//502 504//504
f 526//526 504//504 506//506
f 527//527 506//506 528//528
f 527//527 528//528 529//529
f 529//529 528//528 530//530
f 529//529 530//530 531//531
f 528//528 506//506 532//532
f 528//528 532//532 530//530
f 530//530 532//532 533//533
f 530//530 533//533 531//531
f 532//532 506//506 534//534
f 532//532 534//534 533//533
f 533//533 534//534 535//535
f 533//533 535//535 531//531
f 534//534 506//506 536//536
f 534//534 536//536 535//535
f 535//535 536//536 537//537
f 535//535 537//537 531//531
f 536//536 506//506 538//538
f 536//536 538//538 537//537
f 537//537 538//538 539//539
f 537//537 539//539 531//531
f 538//538 506//506 540//540
f 538//538 540//540 539//539
f 539//539 540//540 541//541
f 539//539 541//541 531//531
f 540//540 506//506 542//542
f 540//540 542//542 541//541
f 541//541 542//542 543//543
f 541//541 543//543 531//531
f 542//542 506//506 544//544
f 542//542 544//544 543//543
f 543//543 544//544 545//545
f 543//543 545//545 531//531
f 544//544 506//506 546//546
f 544//544 546//546 545//545
f 545//545 546//546 547//547
f 545//545 547//547 531//531
f 546//546 506//506 548//548
f 546//546 548//548 547//547
f 547//547 548//548 549//549
f 547//547 549//549 531//531
f 548//548 506//506 550//550
f 548//548 550//550 549//549
f 549//549 550//550 551//551
f 549//549 551//551 531//531
f 550//550 506//506 527//527
f 550//550 527//527 551//551
f 551//551 527//527 529//529
f 551//551 529//529 531//531
f 552//552 531//531 553//553
f 552//552 553//553 554//554
f 554//554 553//553 555//555
f 554//554 555//555 556//556
f 553//553 531//531 557//557
f 553//553 557//557 555//555
f 555//555 557//557 558//558
f 555//555 558//558 556//556
f 557//557 531//531 559//559
f 557//557 559//559 558//558
f 558//558 559//559 560//560
f 558//558 560//560 556//556
f 559//559 531//531 561//561
f 559//559 561//561 560//560
f 560//560 561//561 562//562
f 560//560 562//562 556//556
f 561//561 531//531 563//563
f 561//561 563//563 562//562
f 562//562 563//563 564//564
f 562//562 564//564 556//556
f 563//563 531//531 565//565
f 563//563 565//565 564//564
f 564//564 565//565 566//566
f 564//564 566//566 556//556
f 565//565 531//531 567//567
f 565//565 567//567 566//566
f 566//566 567//567 568//568
f 566//566 568//568 556//556
f 567//567 531//531 569//569
f 567//567 569//569 568//568
f 568//568 569//569 570//570
f 568//568 570//570 556//556
f 569//569 531//531 571//571
f 569//569 571//571 570//570
f 570//570 571//571 572//572
f 570//570 572//572 556//556
f 571//571 531//531 573//573
f 571//571 573//573 572//572
f 572//572 573//573 574//574
f 572//572 574//574 556//556
f 573//573 531//531 575//575
f 573//573 575//575 574//574
f 574//574 575//575 576//576
f 574//574 576//576 556//556
f 575//575 531//531 552//552
f 575//575 552//552 576//576
f 576//576 552//552 554//554
f 576//576 554//554 556//556
f 577//577 556//556 578//578
f 577//577 578//578 579//579
f 579//579 578//578 580//580
f 579//579 580//580 581//581
f 578//578 556//556 582//582
f 578//578 582//582 580//580
f 580//580 582//582 583//583
f 580//580 583//583 581//581
f 582//582 556//556 584//584
f 582//582 584//584 583//583
f 583//583 584//584 585//585
f 583//583 585//585 581//581
f 584//584 556//556 586//586
f 584//584 586//586 585//585
f 585//585 586//586 587//587
f 585//585 587//587 581//581
f 586//586 556//556 588//588
f 586//586 588//588 587//587
f 587//587 588//588 589//589
f 587//587 589//589 581//581
f 588//588 556//556 590//590
f 588//588 590//590 589//589
f 589//589 590//590 591//591
f 589//589 591//591 581//581
f 590//590 556//556 592//592
f 590//590 592//592 591//591
f 591//591 592//592 593//593
f 591//591 593//593 581//581
f 592//592 556//556 594//594
f 592//592 594//594 593//593
f 593//593 594//594 595//595
f 593//593 595//595 581//581
f 594//594 556//556 596//596
f 594//594 596//596 595//595
f 595//595 596//596 597//597
f 595//595 597//597 581//581
f 596//596 556//556 598//598
f 596//596 598//598 597//597
f 597//597 598//598 599//599
f 597//597 599//599 581//581
f 598//598 556//556 600//600
f 598//598 600//600 599//599
f 599//599 600//600 601//601
f 599//599 601//601 581//581
f 600//600 556//556 577//577
f 600//600 577//577 601//601
f 601//601 577//577 579//579
f 601//601 579//579 581//581
f 602//602 581//581 603//603
f 602//602 603//603 604//604
f 604//604 603//603 605//605
f 604//604 605//605 606//606
f 603//603 581//581 607//607
f 603//603 607//607 605//605
f 605//605 607//607 608//608
f 605//605 608//608 606//606
f 607//607 581//581 609//609
f 607//607 609//609 608//608
f 608//608 609//609 610//610
f 608//608 610//610 606//606
f 609//609 581//581 611//611
f 609//609 611//611 610//610
f 610//610 611//611 612//612
f 610//610 612//612 606//606
f 611//611 581//581 613//613
f 611//611 613//613 612//612
f 612//612 613//613 614//614
f 612//612 614//614 606//606
f 613//613 581//581 615//615
f 613//613 615//615 614//614
f 614//614 615//615 616//616
f 614//614 616//616 606//606
f 615//615 581//581 617//617
f 615//615 617//617 616//616
f 616//616 617//617 618//618
f 616//616 618//618 606//606
f 617//617 581//581 619//619
f 617//617 619//619 618//618
f 618//618 619//619 620//620
f 618//618 620//620 606//606
f 619//619 581//581 621//621
f 619//619 621//621 620//620
f 620//620 621//621 622//622
f 620//620 622//622 606//606
f 621//621 581//581 623//623
f 621//621 623//623 622//622
f 622//622 623//623 624//624
f 622//622 624//624 606//606
f 623//623 581//581 625//625
f 623//623 625//625 624//624
f 624//624 625//625 626//626
f 624//624 626//626 606//606
f 625//625 581//581 602//602
f 625//625 602//602 626//626
f 626//626 602//602 604//604
f 626//626 604//604 606//606
f 627//627 606//606 628//628
f 627//627 628//628 629//629
f 629//629 628//628 630//630
f 629//629 630//630 631//631
f 628//628 606//606 632//632
f 628//628 632//632 630//630
f 630//630 632//632 633//633
f 630//630 633//633 631//631
f 632//632 606//606 634//634
f 632//632 634//634 633//633
f 633//633 634//634 635//635
f 633//633 635//635 631//631
f 634//634 606//606 636//636
f 634//634 636//636 635//635
f 635//635 636//636 637//637
f 635//635 637//637 631//631
f 636//636 606//606 638//638
f 636//636 638//638 637//637
f 637//637 638//638 639//639
f 637//637 639//639 631//631
f 638//638 606//606 640//640
f 638//638 640//640 639//639
f 639//639 640//640 641//641
f 639//639 641//641 631//631
f 640//640 606//606 642//642
f 640//640 642//642 641//641
f 641//641 642//642 643//643
f 641//641 643//643 631//631
f 642//642 606//606 644//644
f 642//642 644//644 643//643
f 643//643 644//644 645//645
f 643//643 645//645 631//631
f 644//644 606//606 646//646
f 644//644 646//646 645//645
f 645//645 646//646 647//647
f 645//645 647//647 631//631
f 646//646 606//606 648//648
f 646//646 648//648 647//647
f 647//647 648//648 649//649
f 647//647 649//649 631//631
f 648//648 606//606 650//650
f 648//648 650//650 649//649
f 649//649 650//650 651//651
f 649//649 651//651 631//631
f 650//650 606//606 627//627
f 650//650 627//627 651//651
f 651//651 627//627 629//629
f 651//651 629//629 631//631
f 652//652 631//631 653//653
f 652//652 653//653 654//654
f 654//654 653//653 655//655
f 654//654 655//655 656//656
f 653//653 631//631 657//657
f 653//653 657//657 655//655
f 655//655 657//657 658//658
f 655//655 658//658 656//656
f 657//657 631//631 659//659
f 657//657 659//659 658//658
f 658//658 659//659 660//660
f 658//658 660//660 656//656
f 659//659 631//631 661//661
f 659//659 661//661 660//660
f 660//660 661//661 662//662
f 660//660 662//662 656//656
f 661//661 631//631 663//663
f 661//661 663//663 662//662
f 662//662 663//663 664//664
f 662//662 664//664 656//656
f 663//663 631//631 665//665
f 663//663 665//665 664//664
f 664//664 665//665 666//666
f 664//664 666//666 656//656
f 665//665 631//631 667//667
f 665//665 667//667 666//666
f 666//666 667//667 668//668
f 666//666 668//668 656//656
f 667//667 631//631 669//669
f 667//667 669//669 668//668
f 668//668 669//669 670//670
f 668//668 670//670 656//656
f 669//669 631//631 671//671
f 669//669 671//671 670//670
f 670//670 671//671 672//672
f 670//670 672//672 656//656
f 671//671 631//631 673//673
f 671//671 673//673 672//672
f 672//672 673//673 674//674
f 672//672 674//674 656//656
f 673//673 631//631 675//675
f 673//673 675//675 674//674
f 674//674 675//675 676//676
f 674//674 676//676 656//656
f 675//675 631//631 652//652
f 675//675 652//652 676//676
f 676//676 652//652 654//654
f 676//676 654//654 656//656
f 677//677 656//656 678//678
f 677//677 678//678 679//679
f 679//679 678//678 680//680
f 679//679 680//680 681//681
f 678//678 656//656 682//682
f 678//678 682//682 680//680
f 680//680 682//682 683//683
f 680//680 683//683 681//681
f 682//682 656//656 684//684
f 682//682 684//684 683//683
f 683//683 684//684 685//685
f 683//683 685//685 681//681
f 684//684 656//656 686//686
f 684//684 686//686 685//685
f 685//685 686//686 687//687
f 685//685 687//687 681//681
f 686//686 656//656 688//688
f 686//686 688//688 687//687
f 687//687 688//688 689//689
f 687//687 689//689 681//681
f 688//688 656//656 690//690
f 688//688 690//690 689//689
f 689//689 690//690 691//691
f 689//689 691//691 681//681
f 690//690 656//656 692//692
f 690//690 692//692 691//691
f 691//691 692//692 693//693
f 691//691 693//693 681//681
f 692//692 656//656 694//694
f 692//692 694//694 693//693
f 693//693 694//694 695//695
f 693//693 695//695 681//681
f 694//694 656//656 696//696
f 694//694 696//696 695//695
f 695//695 696//696 697//697
f 695//695 697//697 681//681
f 696//696 656//656 698//698
f 696//696 698//698 697//697
f 697//697 698//698 699//699
f 697//697 699//699 681//681
f 698//698 656//656 700//700
f 698//698 700//700 699//699
f 699//699 700//700 701//701
f 699//699 701//701 681//681
f 700//700 656//656 677//677
f 700//700 677//677 701//701
f 701//701 677//677 679//679
f 701//701 679//679 681//681
f 702//702 681//681 703//703
f 702//702 703//703 704//704
f 704//704 703//703 705//705
f 704//704 705//705 706//706
f 703//703 681//681 707//707
f 703//703 707//707 705//705
f 705//705 707//707 708//708
f 705//705 708//708 706//706
f 707//707 681//681 709//709
f 707//707 709//709 708//708
f 708//708 709//709 710//710
f 708//708 710//710 706//706
f 709//709 681//681 711//711
f 709//709 711//711 710//710
f 710//710 711//711 712//712
f 710//710 712//712 706//706
f 711//711 681//681 713//713
f 711//711 713//713 712//712
f 712//712 713//713 714//714
f 712//712 714//714 706//706
f 713//713 681//681 715//715
f 713//713 715//715 714//714
f 714//714 715//715 716//716
f 714//714 716//716 706//706
f 715//715 681//681 717//717
f 715//715 717//717 716//716
f 716//716 717//717 718//718
f 716//716 718//718 706//706
f 717//717 681//681 719//719
f 717//717 719//719 718//718
f 718//718 719//719 720//720
f 718//718 720//720 706//706
f 719//719 681//681 721//721
f 719//719 721//721 720//720
f 720//720 721//721 722//722
f 720//720 722//722 706//706
f 721//721 681//681 723//723
f 721//721 723//723 722//722
f 722//722 723//723 724//724
f 722//722 724//724 706//706
f 723//723 681//681 725//725
f 723//723 725//725 724//724
f 724//724 725//725 726//726
f 724//724 726//726 706//706
f 725//725 681//681 702//702
f 725//725 702//702 726//726
f 726//726 702//702 704//704
f 726//726 704//704 706//706
f 727//727 706//706 728//728
f 727//727 728//728 729//729
f 729//729 728//728 730//730
f 729//729 730//730 731//731
f 728//728 706//706 732//732
f 728//728 732//732 730//730
f 730//730 732//732 733//733
f 730//730 733//733 731//731
f 732//732 706//706 734//734
f 732//732 734//734 733//733
f 733//733 734//734 735//735
f 733//733 735//735 731//731
f 734//734 706//706 736//736
f 734//734 736//736 735//735
f 735//735 736//736 737//737
f 735//735 737//737 731//731
f 736//736 706//706 738//738
f 736//736 738//738 737//737
f 737//737 738//738 739//739
f 737//737 739//739 731//731
f 738//738 706//706 740//740
f 738//738 740//740 739//739
f 739//739 740//740 741//741
f 739//739 741//741 731//731
f 740//740 706//706 742//742
f 740//740 742//742 741//741
f 741//741 742//742 743//743
f 741//741 743//743 731//731
f 742//742 706//706 744//744
f 742//742 744//744 743//743
f 743//743 744//744 745//745
f 743//743 745//745 731//731
f 744//744 706//706 746//746
f 744//744 746//746 745//745
f 745//745 746//746 747//747
f 745//745 747//747 731//731
f 746//746 706//706 748//748
f 746//746 748//748 747//747
f 747//747 748//748 749//749
f 747//747 749//749 731//731
f 748//748 706//706 750//750
f 748//748 750//750 749//749
f 749//749 750//750 751//751
f 749//749 751//751 731//731
f 750//750 706//706 727//727
f 750//750 727//727 751//751
f 751//751 727//727 729//729
f 751//751 729//729 731//731
f 752//752 731//731 753//753
f 752//752 753//753 754//754
f 754//754 753//753 755//755
f 754//754 755//755 756//756
f 753//753 731//731 757//757
f 753//753 757//757 755//755
f 755//755 757//757 758//758
f 755//755 758//758 756//756
f 757//757 731//731 759//759
f 757//757 759//759 758//758
f 758//758 759//759 760//760
f 758//758 760//760 756//756
f 759//759 731//731 761//761
f 759//759 761//761 760//760
f 760//760 761//761 762//762
f 760//760 762//762 756//756
f 761//761 731//731 763//763
f 761//761 763//763 762//762
f 762//762 763//763 764//764
f 762//762 764//764 756//756
f 763//763 731//731 765//765
f 763//763 765//765 764//764
f 764//764 765//765 766//766
f 764//764 766//766 756//756
f 765//765 731//731 767//767
f 765//765 767//767 766//766
f 766//766 767//767 768//768
f 766//766 768//768 756//756
f 767//767 731//731 769//769
f 767//767 769//769 768//768
f 768//768 769//769 770//770
f 768//768 770//770 756//756
f 769//769 731//731 771//771
f 769//769 771//771 770//770
f 770//770 771//771 772//772
f 770//770 772//772 756//756
f 771//771 731//731 773//773
f 771//771 773//773 772//772
f 772//772 773//773 774//774
f 772//772 774//774 756//756
f 773//773 731//731 775//775
f 773//773 775//775 774//774
f 774//774 775//775 776//776
f 774//774 776//776 756//756
f 775//775 731//731 752//752
f 775//775 752//752 776//776
f 776//776 752//752 754//754
f 776//776 754//754 756//756
f 777//777 756//756 778//778
f 777//777 778//778 779//779
f 779//779 778//778 780//780
f 779//779 780//780 781//781
f 778//778 756//756 782//782
f 778//778 782//782 780//780
f 780//780 782//782 783//783
f 780//780 783//783 781//781
f 782//782 756//756 784//784
f 782//782 784//784 783//783
f 783//783 784//784 785//785
f 783//783 785//785 781//781
f 784//784 756//756 786//786
f 784//784 786//786 785//785
f 785//785 786//786 787//787
f 785//785 787//787 781//781
f 786//786 756//756 788//788
f 786//786 788//788 787//787
f 787//787 788//788 789//789
f 787//787 789//789 781//781
f 788//788 756//756 790//790
f 788//788 790//790 789//789
f 789//789 790//790 791//791
f 789//789 791//791 781//781
f 790//790 756//756 792//792
f 790//790 792//792 791//791
f 791//791 792//792 793//793
f 791//791 793//793 781//781
f 792//792 756//756 794//794
f 792//792 794//794 793//793
f 793//793 794//794 795//795
f 793//793 795//795 781//781
f 794//794 756//756 796//796
f 794//794 796//796 795//795
f 795//795 796//796 797//797
f 795//795 797//797 781//781
f 796//796 756//756 798//798
f 796//796 798//798 797//797
f 797//797 798//798 799//799
f 797//797 799//799 781//781
f 798//798 756//756 800//800
f 798//798 800//800 799//799
f 799//799 800//800 801//801
f 799//799 801//801 781//781
f 800//800 756//756 777//777
f 800//800 777//777 801//801
f 801//801 777//777 779//779
f 801//801 779//779 781//781
f 802//802 781//781 803//803
f 802//802 803//803 804//804
f 804//804 803//803 805//805
f 804//804 805//805 806//806
f 803//803 781//781 807//807
f 803//803 807//807 805//805
f 805//805 807//807 808//808
f 805//805 808//808 806//806
f 807//807 781//781 809//809
f 807//807 809//809 808//808
f 808//808 809//809 810//810
f 808//808 810//810 806//806
f 809//809 781//781 811//811
f 809//809 811//811 810//810
f 810//810 811//811 812//812
f 810//810 812//812 806//806
f 811//811 781//781 813//813
f 811//811 813//813 812//812
f 812//812 813//813 814//814
f 812//812 814//814 806//806
f 813//813 781//781 815//815
f 813//813 815//815 814//814
f 814//814 815//815 816//816
f 814//814 816//816 806//806
f 815//815 781//781 817//817
f 815//815 817//817 816//816
f 816//816 817//817 818//818
f 816//816 818//818 806//806
f 817//817 781//781 819//819
f 817//817 819//819 818//818
f 818//818 819//819 820//820
f 818//818 820//820 806//806
f 819//819 781//781 821//821
f 819//819 821//821 820//820
f 820//820 821//821 822//822
f 820//820 822//822 806//806
f 821//821 781//781 823//823
f 821//821 823//823 822//822
f 822//822 823//823 824//824
f 822//822 824//824 806//806
f 823//823 781//781 825//825
f 823//823 825//825 824//824
f 824//824 825//825 826//826
f 824//824 826//826 806//806
f 825//825 781//781 802//802
f 825//825 802//802 826//826
f 826//826 802//802 804//804
f 826//826 804//804 806//806
f 827//827 806//806 828//828
f 827//827 828//828 829//829
f 829//829 828//828 830//830
f 829//829 830//830 831//831
f 828//828 806//806 832//832
f 828//828 832//832 830//830
f 830//830 832//832 833//833
f 830//830 833//833 831//831
f 832//832 806//806 834//834
f 832//832 834//834 833//833
f 833//833 834//834 835//835
f 833//833 835//835 831//831
f 834//834 806//806 836//836
f 834//834 836//836 835//835
f 835//835 836//836 837//837
f 835//835 837//837 831//831
f 836//836 806//806 838//838
f 836//836 838//838 837//837
f 837//837 838//838 839//839
f 837//837 839//839 831//831
f 838//838 806//806 840//840
f 838//838 840//840 839//839
f 839//839 840//840 841//841
f 839//839 841//841 831//831
f 840//840 806//806 842//842
f 840//840 842//842 841//841
f 841//841 842//842 843//843
f 841//841 843//843 831//831
f 842//842 806//806 844//844
f 842//842 844//844 843//843
f 843//843 844//844 845//845
f 843//843 845//845 831//831
f 844//844 806//806 846//846
f 844//844 846//846 845//845
f 845//845 846//846 847//847
f 845//845 847//847 831//831
f 846//846 806//806 848//848
f 846//846 848//848 847//847
f 847//847 848//848 849//849
f 847//847 849//849 831//831
f 848//848 806//806 850//850
f 848//848 850//850 849//849
f 849//849 850//850 851//851
f 849//849 851//851 831//831
f 850//850 806//806 827//827
f 850//850 827//827 851//851
f 851//851 827//827 829//829
f 851//851 829//829 831//831
f 852//852 831//831 853//853
f 852//852 853//853 854//854
f 854//854 853//853 855//855
f 854//854 855//855 856//856
f 853//853 831//831 857//857
f 853//853 857//857 855//855
f 855//855 857//857 858//858
f 855//855 858//858 856//856
f 857//857 831//831 859//859
f 857//857 859//859 858//858
f 858//858 859//859 860//860
f 858//858 860//860 856//856
f 859//859 831//831 861//861
f 859//859 861//861 860//860
f 860//860 861//861 862//862
f 860//860 862//862 856//856
f 861//861 831//831 863//863
f 861//861 863//863 862//862
f 862//862 863//863 864//864
f 862//862 864//864 856//856
f 863//863 831//831 865//865
f 863//863 865//865 864//864
f 864//864 865//865 866//866
f 864//864 866//866 856//856
f 865//865 831//831 867//867
f 865//865 867//867 866//866
f 866//866 867//867 868//868
f 866//866 868//868 856//856
f 867//867 831//831 869//869
f 867//867 869//869 868//868
f 868//868 869//869 870//870
f 868//868 870//870 856//856
f 869//869 831//831 871//871
f 869//869 871//871 870//870
f 870//870 871//871 872//872
f 870//870 872//872 856//856
f 871//871 831//831 873//873
f 871//871 873//873 872//872
f 872//872 873//873 874//874
f 872//872 874//874 856//856
f 873//873 831//831 875//875
f 873//873 875//875 874//874
f 874//874 875//875 876//876
f 874//874 876//876 856//856
f 875//875 831//831 852//852
f 875//875 852//852 876//876
f 876//876 852//852 854//854
f 876//876 854//854 856//856
f 877//877 856//856 878//878
f 877//877 878//878 879//879
f 879//879 878//878 880//880
f 879//879 880//880 881//881
f 878//878 856//856 882//882
f 878//878 882//882 880//880
f 880//880 882//882 883//883
f 880//880 883//883 881//881
f 882//882 856//856 884//884
f 882//882 884//884 883//883
f 883//883 884//884 885//885
f 883//883 885//885 881//881
f 884//884 856//856 886//886
f 884//884 886//886 885//885
f 885//885 886//886 887//887
f 885//885 887//887 881//881
f 886//886 856//856 888//888
f 886//886 888//888 887//887
f 887//887 888//888 889//889
f 887//887 889//889 881//881
f 888//888 856//856 890//890
f 888//888 890//890 889//889
f 889//889 890//890 891//891
f 889//889 891//891 881//881
f 890//890 856//856 892//892
f 890//890 892//892 891//891
f 891//891 892//892 893//893
f 891//891 893//893 881//881
f 892//892 856//856 894//894
f 892//892 894//894 893//893
f 893//893 894//894 895//895
f 893//893 895//895 881//881
f 894//894 856//856 896//896
f 894//894 896//896 895//895
f 895//895 896//896 897//897
f 895//895 897//897 881//881
f 896//896 856//856 898//898
f 896//896 898//898 897//897
f 897//897 898//898 899//899
f 897//897 899//899 881//881
f 898//898 856//856 900//900
f 898//898 900//900 899//899
f 899//899 900//900 901//901
f 899//899 901//901 881//881
f 900//900 856//856 877//877
f 900//900 877//877 901//901
f 901//901 877//877 879//879
f 901//901 879//879 881//881
f 902//902 881//881 903//903
f 902//902 903//903 904//904
f 904//904 903//903 905//905
f 904//904 905//905 906//906
f 903//903 881//881 907//907
f 903//903 907//907 905//905
f 905//905 907//907 908//908
f 905//905 908//908 906//906
f 907//907 881//881 909//909
f 907//907 909//909 908//908
f 908//908 909//909 910//910
f 908//908 910//910 906//906
f 909//909 881//881 911//911
f 909//909 911//911 910//910
f 910//910 911//911 912//912
f 910//910 912//912 906//906
f 911//911 881//881 913//913
f 911//911 913//913 912//912
f 912//912 913//913 914//914
f 912//912 914//914 906//906
f 913//913 881//881 915//915
f 913//913 915//915 914//914
f 914//914 915//915 916//916
f 914//914 916//916 906//906
f 915//915 881//881 917//917
f 915//915 917//917 916//916
f 916//916 917//917 918//918
f 916//916 918//918 906//906
f 917//917 881//881 919//919
f 917//917 919//919 918//918
f 918//918 919//919 920//920
f 918//918 920//920 906//906
f 919//919 881//881 921//921
f 919//919 921//921 920//920
f 920//920 921//921 922//922
f 920//920 922//922 906//906
f 921//921 881//881 923//923
f 921//921 923//923 922//922
f 922//922 923//923 924//924
f 922//922 924//924 906//906
f 923//923 881//881 925//925
f 923//923 925//925 924//924
f 924//924 925//925 926//926
f 924//924 926//926 906//906
f 925//925 881//881 902//902
f 925//925 902//902 926//926
f 926//926 902//902 904//904
f 926//926 904//904 906//906
f 927//927 906//906 928//928
f 927//927 928//928 929//929
f 929//929 928//928 930//930
f 929//929 930//930 931//931
f 928//928 906//906 932//932
f 928//928 932//932 930//930
f 930//930 932//932 933//933
f 930//930 933//933 931//931
f 932//932 906//906 934//934
f 932//932 934//934 933//933
f 933//933 934//934 935//935
f 933//933 935//935 931//931
f 934//934 906//906 936//936
f 934//934 936//936 935//935
f 935//935 936//936 937//937
f 935//935 937//937 931//931
f 936//936 906//906 938//938
f 936//936 938//938 937//937
f 937//937 938//938 939//939
f 937//937 939//939 931//931
f 938//938 906//906 940//940
f 938//938 940//940 939//939
f 939//939 940//940 941//941
f 939//939 941//941 931//931
f 940//940 906//906 942//942
f 940//940 942//942 941//941
f 941//941 942//942 943//943
f 941//941 943//943 931//931
f 942//942 906//906 944//944
f 942//942 944//944 943//943
f 943//943 944//944 945//945
f 943//943 945//945 931//931
f 944//944 906//906 946//946
f 944//944 946//946 945//945
f 945//945 946//946 947//947
f 945//945 947//947 931//931
f 946//946 906//906 948//948
f 946//946 948//948 947//947
f 947//947 948//948 949//949
f 947//947 949//949 931//931
f 948//948 906//906 950//950
f 948//948 950//950 949//949
f 949//949 950//950 951//951
f 949//949 951//951 931//931
f 950//950 906//906 927//927
f 950//950 927//927 951//951
f 951//951 927//927 929//929
f 951//951 929//929 931//931
f 952//952 931//931 953//953
f 952//952 953//953 954//954
f 954//954 953//953 955//955
f 954//954 955//955 956//956
f 953//953 931//931 957//957
f 953//953 957//957 955//955
f 955//955 957//957 958//958
f 955//955 958//958 956//956
f 957//957 931//931 959//959
f 957//957 959//959 958//958
f 958//958 959//959 960//960
f 958//958 960//960 956//956
f 959//959 931//931 961//961
f 959//959 961//961 960//960
f 960//960 961//961 962//962
f 960//960 962//962 956//956
f 961//961 931//931 963//963
f 961//961 963//963 962//962
f 962//962 963//963 964//964
f 962//962 964//964 956//956
f 963//963 931//931 965//965
f 963//963 965//965 964//964
f 964//964 965//965 966//966
f 964//964 966//966 956//956
f 965//965 931//931 967//967
f 965//965 967//967 966//966
f 966//966 967//967 968//968
f 966//966 968//968 956//956
f 967//967 931//931 969//969
f 967//967 969//969 968//968
f 968//968 969//969 970//970
f 968//968 970//970 956//956
f 969//969 931//931 971//971
f 969//969 971//971 970//970
f 970//970 971//971 972//972
f 970//970 972//972 956//956
f 971//971 931//931 973//973
f 971//971 973//973 972//972
f 972//972 973//973 974//974
f 972//972 974//974 956//956
f 973//973 931//931 975//975
f 973//973 975//975 974//974
f 974//974 975//975 976//976
f 974//974 976//976 956//956
f 975//975 931//931 952//952
f 975//975 952//952 976//976
f 976//976 952//952 954//954
f 976//976 954//954 956//956
f 977//977 956//956 978//978
f 977//977 978//978 979//979
f 979//979 978//978 980//980
f 979//979 980//980 981//981
f 978//978 956//956 982//982
f 978//978 982//982 980//980
f 980//980 982//982 983//983
f 980//980 983//983 981//981
f 982//982 956//956 984//984
f 982//982 984//984 983//983
f 983//983 984//984 985//985
f 983//983 985//985 981//981
f 984//984 956//956 986//986
f 984//984 986//986 985//985
f 985//985 986//986 987//987
f 985//985 987//987 981//981
f 986//986 956//956 988//988
f 986//986 988//988 987//987
f 987//987 988//988 989//989
f 987//987 989//989 981//981
f 988//988 956//956 990//990
f 988//988 990//990 989//989
f 989//989 990//990 991//991
f 989//989 991//991 981//981
f 990//990 956//956 992//992
f 990//990 992//992 991//991
f 991//991 992//992 993//993
f 991//991 993//993 981//981
f 992//992 956//956 994//994
f 992//992 994//994 993//993
f 993//993 994//994 995//995
f 993//993 995//995 981//981
f 994//994 956//956 996//996
f 994//994 996//996 995//995
f 995//995 996//996 997//997
f 995//995 997//997 981//981
f 996//996 956//956 998//998
f 996//996 998//998 997//997
f 997//997 998//998 999//999
f 997//997 999//999 981//981
f 998//998 956//956 1000//1000
f 998//998 1000//1000 999//999
f 999//999 1000//1000 1001//1001
f 999//999 1001//1001 981//981
f 1000//1000 956//956 977//977
f 1000//1000 977//977 1001//1001
f 1001//1001 977//977 979//979
f 1001//1001 979//979 981//981
f 1002//1002 981//981 1003//1003
f 1002//1002 1003//1003 1004//1004
f 1004//1004 1003//1003 1005//1005
f 1004//1004 1005//1005 1006//1006
f 1003//1003 981//981 1007//1007
f 1003//1003 1007//1007 1005//1005
f 1005//1005 1007//1007 1008//1008
f 1005//1005 1008//1008 1006//1006
f 1007//1007 981//981 1009//1009
f 1007//1007 1009//1009 1008//1008
f 1008//1008 1009//1009 1010//1010
f 1008//1008 1010//1010 1006//1006
f 1009//1009 981//981 1011//1011
f 1009//1009 1011//1011 1010//1010
f 1010//1010 1011//1011 1012//1012
f 1010//1010 1012//1012 1006//1006
f 1011//1011 981//981 1013//1013
f 1011//1011 1013//1013 1012//1012
f 1012//1012 1013//1013 1014//1014
f 1012//1012 1014//1014 1006//1006
f 1013//1013 981//981 1015//1015
f 1013//1013 1015//1015 1014//1014
f 1014//1014 1015//1015 1016//1016
f 1014//1014 1016//1016 1006//1006
f 1015//1015 981//981 1017//1017
f 1015//1015 1017//1017 1016//1016
f 1016//1016 1017//1017 1018//1018
f 1016//1016 1018//1018 1006//1006
f 1017//1017 981//981 1019//1019
f 1017//1017 1019//1019 1018//1018
f 1018//1018 1019//1019 1020//1020
f 1018//1018 1020//1020 1006//1006
f 1019//1019 981//981 1021//1021
f 1019//1019 1021//1021 1020//1020
f 1020//1020 1021//1021 1022//1022
f 1020//1020 1022//1022 1006//1006
f 1021//1021 981//981 1023//1023
f 1021//1021 1023//1023 1022//1022
f 1022//1022 1023//1023 1024//1024
f 1022//1022 1024//1024 1006//1006
f 1023//1023 981//981 1025//1025
f 1023//1023 1025//1025 1024//1024
f 1024//1024 1025//1025 1026//1026
f 1024//1024 1026//1026 1006//1006
f 1025//1025 981//981 1002//1002
f 1025//1025 1002//1002 1026//1026
f 1026//1026 1002//1002 1004//1004
f 1026//1026 1004//1004 1006//1006
f 1027//1027 1006//1006 1028//1028
f 1027//1027 1028//1028 1029//1029
f 1029//1029 1028//1028 1030//1030
f 1029//1029 1030//1030 1031//1031
f 1028//1028 1006//1006 1032//1032
f 1028//1028 1032//1032 1030//1030
f 1030//1030 1032//1032 1033//1033
f 1030//1030 1033//1033 1031//1031
f 1032//1032 1006//1006 1034//1034
f 1032//1032 1034//1034 1033//1033
f 1033//1033 1034//1034 1035//1035
f 1033//1033 1035//1035 1031//1031
f 1034//1034 1006//1006 1036//1036
f 1034//1034 1036//1036 1035//1035
f 1035//1035 1036//1036 1037//1037
f 1035//1035 1037//1037 1031//1031
f 1036//1036 1006//1006 1038//1038
f 1036//1036 1038//1038 1037//1037
f 1037//1037 1038//1038 1039//1039
f 1037//1037 1039//1039 1031//1031
f 1038//1038 1006//1006 1040//1040
f 1038//1038 1040//1040 1039//1039
f 1039//1039 1040//1040 1041//1041
f 1039//1039 1041//1041 1031//1031
f 1040//1040 1006//1006 1042//1042
f 1040//1040 1042//1042 1041//1041
f 1041//1041 1042//1042 1043//1043
f 1041//1041 1043//1043 1031//1031
f 1042//1042 1006//1006 1044//1044
f 1042//1042 1044//1044 1043//1043
f 1043//1043 1044//1044 1045//1045
f 1043//1043 1045//1045 1031//1031
f 1044//1044 1006//1006 1046//1046
f 1044//1044 1046//1046 1045//1045
f 1045//1045 1046//1046 1047//1047
f 1045//1045 1047//1047 1031//1031
f 1046//1046 1006//1006 1048//1048
f 1046//1046 1048//1048 1047//1047
f 1047//1047 1048//1048 1049//1049
f 1047//1047 1049//1049 1031//1031
f 1048//1048 1006//1006 1050//1050
f 1048//1048 1050//1050 1049//1049
f 1049//1049 1050//1050 1051//1051
f 1049//1049 1051//1051 1031//1031
f 1050//1050 1006//1006 1027//1027
f 1050//1050 1027//1027 1051//1051
f 1051//1051 1027//1027 1029//1029
f 1051//1051 1029//1029 1031//1031
f 1052//1052 1031//1031 1053//1053
f 1052//1052 1053//1053 1054//1054
f 1054//1054 1053//1053 1055//1055
f 1054//1054 1055//1055 1056//1056
f 1053//1053 1031//1031 1057//1057
f 1053//1053 1057//1057 1055//1055
f 1055//1055 1057//1057 1058//1058
f 1055//1055 1058//1058 1056//1056
f 1057//1057 1031//1031 1059//1059
f 1057//1057 1059//1059 1058//1058
f 1058//1058 1059//1059 1060//1060
f 1058//1058 1060//1060 1056//1056
f 1059//1059 1031//1031 1061//1061
f 1059//1059 1061//1061 1060//1060
f 1060//1060 1061//1061 1062//1062
f 1060//1060 1062//1062 1056//1056
f 1061//1061 1031//1031 1063//1063
f 1061//1061 1063//1063 1062//1062
f 1062//1062 1063//1063 1064//1064
f 1062//1062 1064//1064 1056//1056
f 1063//1063 1031//1031 1065//1065
f 1063//1063 1065//1065 1064//1064
f 1064//1064 1065//1065 1066//1066
f 1064//1064 1066//1066 1056//1056
f 1065//1065 1031//1031 1067//1067
f 1065//1065 1067//1067 1066//1066
f 1066//1066 1067//1067 1068//1068
f 1066//1066 1068//1068 1056//1056
f 1067//1067 1031//1031 1069//1069
f 1067//1067 1069//1069 1068//1068
f 1068//1068 1069//1069 1070//1070
f 1068//1068 1070//1070 1056//1056
f 1069//1069 1031//1031 1071//1071
f 1069//1069 1071//1071 1070//1070
f 1070//1070 1071//1071 1072//1072
f 1070//1070 1072//1072 1056//1056
f 1071//1071 1031//1031 1073//1073
f 1071//1071 1073//1073 1072//1072
f 1072//1072 1073//1073 1074//1074
f 1072//1072 1074//1074 1056//1056
f 1073//1073 1031//1031 1075//1075
f 1073//1073 1075//1075 1074//1074
f 1074//1074 1075//1075 1076//1076
f 1074//1074 1076//1076 1056//1056
f 1075//1075 1031//1031 1052//1052
f 1075//1075 1052//1052 1076//1076
f 1076//1076 1052//1052 1054//1054
f 1076//1076 1054//1054 1056//1056
f 1077//1077 1056//1056 1078//1078
f 1077//1077 1078//1078 1079//1079
f 1079//1079 1078//1078 1080//1080
f 1079//1079 1080//1080 1081//1081
f 1078//1078 1056//1056 1082//1082
f 1078//1078 1082//1082 1080//1080
f 1080//1080 1082//1082 1083//1083
f 1080//1080 1083//1083 1081//1081
f 1082//1082 1056//1056 1084//1084
f 1082//1082 1084//1084 1083//1083
f 1083//1083 1084//1084 1085//1085
f 1083//1083 1085//1085 1081//1081
f 1084//1084 1056//1056 1086//1086
f 1084//1084 1086//1086 1085//1085
f 1085//1085 1086//1086 1087//1087
f 1085//1085 1087//1087 1081//1081
f 1086//1086 1056//1056 1088//1088
f 1086//1086 1088//1088 1087//1087
f 1087//1087 1088//1088 1089//1089
f 1087//1087 1089//1089 1081//1081
f 1088//1088 1056//1056 1090//1090
f 1088//1088 1090//1090 1089//1089
f 1089//1089 1090//1090 1091//1091
f 1089//1089 1091//1091 1081//1081
f 1090//1090 1056//1056 1092//1092
f 1090//1090 1092//1092 1091//1091
f 1091//1091 1092//1092 1093//1093
f 1091//1091 1093//1093 1081//1081
f 1092//1092 1056//1056 1094//1094
f 1092//1092 1094//1094 1093//1093
f 1093//1093 1094//1094 1095//1095
f 1093//1093 1095//1095 1081//1081
f 1094//1094 1056//1056 1096//1096
f 1094//1094 1096//1096 1095//1095
f 1095//1095 1096//1096 1097//1097
f 1095//1095 1097//1097 1081//1081
f 1096//1096 1056//1056 1098//1098
f 1096//1096 1098//1098 1097//1097
f 1097//1097 1098//1098 1099//1099
f 1097//1097 1099//1099 1081//1081
f 1098//1098 1056//1056 1100//1100
f 1098//1098 1100//1100 1099//1099
f 1099//1099 1100//1100 1101//1101
f 1099//1099 1101//1101 1081//1081
f 1100//1100 1056//1056 1077//1077
f 1100//1100 1077//1077 1101//1101
f 1101//1101 1077//1077 1079//1079
f 1101//1101 1079//1079 1081//1081
f 1102//1102 1081//1081 1103//1103
f 1102//1102 1103//1103 1104//1104
f 1104//1104 1103//1103 1105//1105
f 1104//1104 1105//1105 1106//1106
f 1103//1103 1081//1081 1107//1107
f 1103//1103 1107//1107 1105//1105
f 1105//1105 1107//1107 1108//1108
f 1105//1105 1108//1108 1106//1106
f 1107//1107 1081//1081 1109//1109
f 1107//1107 1109//1109 1108//1108
f 1108//1108 1109//1109 1110//1110
f 1108//1108 1110//1110 1106//1106
f 1109//1109 1081//1081 1111//1111
f 1109//1109 1111//1111 1110//1110
f 1110//1110 1111//1111 1112//1112
f 1110//1110 1112//1112 1106//1106
f 1111//1111 1081//1081 1113//1113
f 1111//1111 1113//1113 1112//1112
f 1112//1112 1113//1113 1114//1114
f 1112//1112 1114//1114 1106//1106
f 1113//1113 1081//1081 1115//1115
f 1113//1113 1115//1115 1114//1114
f 1114//1114 1115//1115 1116//1116
f 1114//1114 1116//1116 1106//1106
f 1115//1115 1081//1081 1117//1117
f 1115//1115 1117//1117 1116//1116
f 1116//1116 1117//1117 1118//1118
f 1116//1116 1118//1118 1106//1106
f 1117//1117 1081//1081 1119//1119
f 1117//1117 1119//1119 1118//1118
f 1118//1118 1119//1119 1120//1120
f 1118//1118 1120//1120 1106//1106
f 1119//1119 1081//1081 1121//1121
f 1119//1119 1121//1121 1120//1120
f 1120//1120 1121//1121 1122//1122
f 1120//1120 1122//1122 1106//1106
f 1121//1121 1081//1081 1123//1123
f 1121//1121 1123//1123 1122//1122
f 1122//1122 1123//1123 1124//1124
f 1122//1122 1124//1124 1106//1106
f 1123//1123 1081//1081 1125//1125
f 1123//1123 1125//1125 1124//1124
f 1124//1124 1125//1125 1126//1126
f 1124//1124 1126//1126 1106//1106
f 1125//1125 1081//1081 1102//1102
f 1125//1125 1102//1102 1126//1126
f 1126//1126 1102//1102 1104//1104
f 1126//1126 1104//1104 1106//1106
f 1127//1127 1106//1106 1128//1128
f 1127//1127 1128//1128 1129//1129
f 1129//1129 1128//1128 1130//1130
f 1129//1129 1130//1130 1131//1131
f 1128//1128 1106//1106 1132//1132
f 1128//1128 1132//1132 1130//1130
f 1130//1130 1132//1132 1133//1133
f 1130//1130 1133//1133 1131//1131
f 1132//1132 1106//1106 1134//1134
f 1132//1132 1134//1134 1133//1133
f 1133//1133 1134//1134 1135//1135
f 1133//1133 1135//1135 1131//1131
f 1134//1134 1106//1106 1136//1136
f 1134//1134 1136//1136 1135//1135
f 1135//1135 1136//1136 1137//1137
f 1135//1135 1137//1137 1131//1131
f 1136//1136 1106//1106 1138//1138
f 1136//1136 1138//1138 1137//1137
f 1137//1137 1138//1138 1139//1139
f 1137//1137 1139//1139 1131//1131
f 1138//1138 1106//1106 1140//1140
f 1138//1138 1140//1140 1139//1139
f 1139//1139 1140//1140 1141//1141
f 1139//1139 1141//1141 1131//1131
f 1140//1140 1106//1106 1142//1142
f 1140//1140 1142//1142 1141//1141
f 1141//1141 1142//1142 1143//1143
f 1141//1141 1143//1143 1131//1131
f 1142//1142 1106//1106 1144//1144
f 1142//1142 1144//1144 1143//1143
f 1143//1143 1144//1144 1145//1145
f 1143//1143 1145//1145 1131//1131
f 1144//1144 1106//1106 1146//1146
f 1144//1144 1146//1146 1145//1145
f 1145//1145 1146//1146 1147//1147
f 1145//1145 1147//1147 1131//1131
f 1146//1146 1106//1106 1148//1148
f 1146//1146 1148//1148 1147//1147
f 1147//1147 1148//1148 1149//1149
f 1147//1147 1149//1149 1131//1131
f 1148//1148 1106//1106 1150//1150
f 1148//1148 1150//1150 1149//1149
f 1149//1149 1150//1150 1151//1151
f 1149//1149 1151//1151 1131//1131
f 1150//1150 1106//1106 1127//1127
f 1150//1150 1127//1127 1151//1151
f 1151//1151 1127//1127 1129//1129
f 1151//1151 1129//1129 1131//1131
f 1152//1152 1131//1131 1153//1153
f 1152//1152 1153//1153 1154//1154
f 1154//1154 1153//1153 1155//1155
f 1154//1154 1155//1155 1156//1156
f 1153//1153 1131//1131 1157//1157
f 1153//1153 1157//1157 1155//1155
f 1155//1155 1157//1157 1158//1158
f 1155//1155 1158//1158 1156//1156
f 1157//1157 1131//1131 1159//1159
f 1157//1157 1159//1159 1158//1158
f 1158//1158 1159//1159 1160//1160
f 1158//1158 1160//1160 1156//1156
f 1159//1159 1131//1131 1161//1161
f 1159//1159 1161//1161 1160//1160
f 1160//1160 1161//1161 1162//1162
f 1160//1160 1162//1162 1156//1156
f 1161//1161 1131//1131 1163//1163
f 1161//1161 1163//1163 1162//1162
f 1162//1162 1163//1163 1164//1164
f 1162//1162 1164//1164 1156//1156
f 1163//1163 1131//1131 1165//1165
f 1163//1163 1165//1165 1164//1164
f 1164//1164 1165//1165 1166//1166
f 1164//1164 1166//1166 1156//1156
f 1165//1165 1131//1131 1167//1167
f 1165//1165 1167//1167 1166//1166
f 1166//1166 1167//1167 1168//1168
f 1166//1166 1168//1168 1156//1156
f 1167//1167 1131//1131 1169//1169
f 1167//1167 1169//1169 1168//1168
f 1168//1168 1169//1169 1170//1170
f 1168//1168 1170//1170 1156//1156
f 1169//1169 1131//1131 1171//1171
f 1169//1169 1171//1171 1170//1170
f 1170//1170 1171//1171 1172//1172
f 1170//1170 1172//1172 1156//1156
f 1171//1171 1131//1131 1173//1173
f 1171//1171 1173//1173 1172//1172
f 1172//1172 1173//1173 1174//1174
f 1172//1172 1174//1174 1156//1156
f 1173//1173 1131//1131 1175//1175
f 1173//1173 1175//1175 1174//1174
f 1174//1174 1175//1175 1176//1176
f 1174//1174 1176//1176 1156//1156
f 1175//1175 1131//1131 1152//1152
f 1175//1175 1152//1152 1176//1176
f 1176//1176 1152//1152 1154//1154
f 1176//1176 1154//1154 1156//1156
f 1177//1177 1156//1156 1178//1178
f 1177//1177 1178//1178 1179//1179
f 1179//1179 1178//1178 1180//1180
f 1179//1179 1180//1180 1181//1181
f 1178//1178 1156//1156 1182//1182
f 1178//1178 1182//1182 1180//1180
f 1180//1180 1182//1182 1183//1183
f 1180//1180 1183//1183 1181//1181
f 1182//1182 1156//1156 1184//1184
f 1182//1182 1184//1184 1183//1183
f 1183//1183 1184//1184 1185//1185
f 1183//1183 1185//1185 1181//1181
f 1184//1184 1156//1156 1186//1186
f 1184//1184 1186//1186 1185//1185
f 1185//1185 1186//1186 1187//1187
f 1185//1185 1187//1187 1181//1181
f 1186//1186 1156//1156 1188//1188
f 1186//1186 1188//1188 1187//1187
f 1187//1187 1188//1188 1189//1189
f 1187//1187 1189//1189 1181//1181
f 1188//1188 1156//1156 1190//1190
f 1188//1188 1190//1190 1189//1189
f 1189//1189 1190//1190 1191//1191
f 1189//1189 1191//1191 1181//1181
f 1190//1190 1156//1156 1192//1192
f 1190//1190 1192//1192 1191//1191
f 1191//1191 1192//1192 1193//1193
f 1191//1191 1193//1193 1181//1181
f 1192//1192 1156//1156 1194//1194
f 1192//1192 1194//1194 1193//1193
f 1193//1193 1194//1194 1195//1195
f 1193//1193 1195//1195 1181//1181
f 1194//1194 1156//1156 1196//1196
f 1194//1194 1196//1196 1195//1195
f 1195//1195 1196//1196 1197//1197
f 1195//1195 1197//1197 1181//1181
f 1196//1196 1156//1156 1198//1198
f 1196//1196 1198//1198 1197//1197
f 1197//1197 1198//1198 1199//1199
f 1197//1197 1199//1199 1181//1181
f 1198//1198 1156//1156 1200//1200
f 1198//1198 1200//1200 1199//1199
f 1199//1199 1200//1200 1201//1201
f 1199//1199 1201//1201 1181//1181
f 1200//1200 1156//1156 1177//1177
f 1200//1200 1177//1177 1201//1201
f 1201//1201 1177//1177 1179//1179
f 1201//1201 1179//1179 1181//1181
f 1202//1202 1181//1181 1203//1203
f 1202//1202 1203//1203 1204//1204
f 1204//1204 1203//1203 1205//1205
f 1204//1204 1205//1205 1206//1206
f 1203//1203 1181//1181 1207//1207
f 1203//1203 1207//1207 1205//1205
f 1205//1205 1207//1207 1208//1208
f 1205//1205 1208//1208 1206//1206
f 1207//1207 1181//1181 1209//1209
f 1207//1207 1209//1209 1208//1208
f 1208//1208 1209//1209 1210//1210
f 1208//1208 1210//1210 1206//1206
f 1209//1209 1181//1181 1211//1211
f 1209//1209 1211//1211 1210//1210
f 1210//1210 1211//1211 1212//1212
f 1210//1210 1212//1212 1206//1206
f 1211//1211 1181//1181 1213//1213
f 1211//1211 1213//1213 1212//1212
f 1212//1212 1213//1213 1214//1214
f 1212//1212 1214//1214 1206//1206
f 1213//1213 1181//1181 1215//1215
f 1213//1213 1215//1215 1214//1214
f 1214//1214 1215//1215 1216//1216
f 1214//1214 1216//1216 1206//1206
f 1215//1215 1181//1181 1217//1217
f 1215//1215 1217//1217 1216//1216
f 1216//1216 1217//1217 1218//1218
f 1216//1216 1218//1218 1206//1206
f 1217//1217 1181//1181 1219//1219
f 1217//1217 1219//1219 1218//1218
f 1218//1218 1219//1219 1220//1220
f 1218//1218 1220//1220 1206//1206
f 1219//1219 1181//1181 1221//1221
f 1219//1219 1221//1221 1220//1220
f 1220//1220 1221//1221 1222//1222
f 1220//1220 1222//1222 1206//1206
f 1221//1221 1181//1181 1223//1223
f 1221//1221 1223//1223 1222//1222
f 1222//1222 1223//1223 1224//1224
f 1222//1222 1224//1224 1206//1206
f 1223//1223 1181//1181 1225//1225
f 1223//1223 1225//1225 1224//1224
f 1224//1224 1225//1225 1226//1226
f 1224//1224 1226//1226 1206//1206
f 1225//1225 1181//1181 1202//1202
f 1225//1225 1202//1202 1226//1226
f 1226//1226 1202//1202 1204//1204
f 1226//1226 1204//1204 1206//1206
f 1227//1227 1206//1206 1228//1228
f 1227//1227 1228//1228 1229//1229
f 1229//1229 1228//1228 1230//1230
f 1229//1229 1230//1230 1231//1231
f 1228//1228 1206//1206 1232//1232
f 1228//1228 1232//1232 1230//1230
f 1230//1230 1232//1232 1233//1233
f 1230//1230 1233//1233 1231//1231
f 1232//1232 1206//1206 1234//1234
f 1232//1232 1234//1234 1233//1233
f 1233//1233 1234//1234 1235//1235
f 1233//1233 1235//1235 1231//1231
f 1234//1234 1206//1206 1236//1236
f 1234//1234 1236//1236 1235//1235
f 1235//1235 1236//1236 1237//1237
f 1235//1235 1237//1237 1231//1231
f 1236//1236 1206//1206 1238//1238
f 1236//1236 1238//1238 1237//1237
f 1237//1237 1238//1238 1239//1239
f 1237//1237 1239//1239 1231//1231
f 1238//1238 1206//1206 1240//1240
f 1238//1238 1240//1240 1239//1239
f 1239//1239 1240//1240 1241//1241
f 1239//1239 1241//1241 1231//1231
f 1240//1240 1206//1206 1242//1242
f 1240//1240 1242//1242 1241//1241
f 1241//1241 1242//1242 1243//1243
f 1241//1241 1243//1243 1231//1231
f 1242//1242 1206//1206 1244//1244
f 1242//1242 1244//1244 1243//1243
f 1243//1243 1244//1244 1245//1245
f 1243//1243 1245//1245 1231//1231
f 1244//1244 1206//1206 1246//1246
f 1244//1244 1246//1246 1245//1245
f 1245//1245 1246//1246 1247//1247
f 1245//1245 1247//1247 1231//1231
f 1246//1246 1206//1206 1248//1248
f 1246//1246 1248//1248 1247//1247
f 1247//1247 1248//1248 1249//1249
f 1247//1247 1249//1249 1231//1231
f 1248//1248 1206//1206 1250//1250
f 1248//1248 1250//1250 1249//1249
f 1249//1249 1250//1250 1251//1251
f 1249//1249 1251//1251 1231//1231
f 1250//1250 1206//1206 1227//1227
f 1250//1250 1227//1227 1251//1251
f 1251//1251 1227//1227 1229//1229
f 1251//1251 1229//1229 1231//1231
f 1252//1252 1231//1231 1253//1253
f 1252//1252 1253//1253 1254//1254
f 1254//1254 1253//1253 1255//1255
f 1254//1254 1255//1255 1256//1256
f 1253//1253 1231//1231 1257//1257
f 1253//1253 1257//1257 1255//1255
f 1255//1255 1257//1257 1258//1258
f 1255//1255 1258//1258 1256//1256
f 1257//1257 1231//1231 1259//1259
f 1257//1257 1259//1259 1258//1258
f 1258//1258 1259//1259 1260//1260
f 1258//1258 1260//1260 1256//1256
f 1259//1259 1231//1231 1261//1261
f 1259//1259 1261//1261 1260//1260
f 1260//1260 1261//1261 1262//1262
f 1260//1260 1262//1262 1256//1256
f 1261//1261 1231//1231 1263//1263
f 1261//1261 1263//1263 1262//1262
f 1262//1262 1263//1263 1264//1264
f 1262//1262 1264//1264 1256//1256
f 1263//1263 1231//1231 1265//1265
f 1263//1263 1265//1265 1264//1264
f 1264//1264 1265//1265 1266//1266
f 1264//1264 1266//1266 1256//1256
f 1265//1265 1231//1231 1267//1267
f 1265//1265 1267//1267 1266//1266
f 1266//1266 1267//1267 1268//1268
f 1266//1266 1268//1268 1256//1256
f 1267//1267 1231//1231 1269//1269
f 1267//1267 1269//1269 1268//1268
f 1268//1268 1269//1269 1270//1270
f 1268//1268 1270//1270 1256//1256
f 1269//1269 1231//1231 1271//1271
f 1269//1269 1271//1271 1270//1270
f 1270//1270 1271//1271 1272//1272
f 1270//1270 1272//1272 1256//1256
f 1271//1271 1231//1231 1273//1273
f 1271//1271 1273//1273 1272//1272
f 1272//1272 1273//1273 1274//1274
f 1272//1272 1274//1274 1256//1256
f 1273//1273 1231//1231 1275//1275
f 1273//1273 1275//1275 1274//1274
f 1274//1274 1275//1275 1276//1276
f 1274//1274 1276//1276 1256//1256
f 1275//1275 1231//1231 1252//1252
f 1275//1275 1252//1252 1276//1276
f 1276//1276 1252//1252 1254//1254
f 1276//1276 1254//1254 1256//1256
f 1277//1277 1256//1256 1278//1278
f 1277//1277 1278//1278 1279//1279
f 1279//1279 1278//1278 1280//1280
f 1279//1279 1280//1280 1281//1281
f 1278//1278 1256//1256 1282//1282
f 1278//1278 1282//1282 1280//1280
f 1280//1280 1282//1282 1283//1283
f 1280//1280 1283//1283 1281//1281
f 1282//1282 1256//1256 1284//1284
f 1282//1282 1284//1284 1283//1283
f 1283//1283 1284//1284 1285//1285
f 1283//1283 1285//1285 1281//1281
f 1284//1284 1256//1256 1286//1286
f 1284//1284 1286//1286 1285//1285
f 1285//1285 1286//1286 1287//1287
f 1285//1285 1287//1287 1281//1281
f 1286//1286 1256//1256 1288//1288
f 1286//1286 1288//1288 1287//1287
f 1287//1287 1288//1288 1289//1289
f 1287//1287 1289//1289 1281//1281
f 1288//1288 1256//1256 1290//1290
f 1288//1288 1290//1290 1289//1289
f 1289//1289 1290//1290 1291//1291
f 1289//1289 1291//1291 1281//1281
f 1290//1290 1256//1256 1292//1292
f 1290//1290 1292//1292 1291//1291
f 1291//1291 1292//1292 1293//1293
f 1291//1291 1293//1293 1281//1281
f 1292//1292 1256//1256 1294//1294
f 1292//1292 1294//1294 1293//1293
f 1293//1293 1294//1294 1295//1295
f 1293//1293 1295//1295 1281//1281
f 1294//1294 1256//1256 1296//1296
f 1294//1294 1296//1296 1295//1295
f 1295//1295 1296//1296 1297//1297
f 1295//1295 1297//1297 1281//1281
f 1296//1296 1256//1256 1298//1298
f 1296//1296 1298//1298 1297//1297
f 1297//1297 1298//1298 1299//1299
f 1297//1297 1299//1299 1281//1281
f 1298//1298 1256//1256 1300//1300
f 1298//1298 1300//1300 1299//1299
f 1299//1299 1300//1300 1301//1301
f 1299//1299 1301//1301 1281//1281
f 1300//1300 1256//1256 1277//1277
f 1300//1300 1277//1277 1301//1301
f 1301//1301 1277//1277 1279//1279
f 1301//1301 1279//1279 1281//1281
f 1302//1302 1281//1281 1303//1303
f 1302//1302 1303//1303 1304//1304
f 1304//1304 1303//1303 1305//1305
f 1304//1304 1305//1305 1306//1306
f 1303//1303 1281//1281 1307//1307
f 1303//1303 1307//1307 1305//1305
f 1305//1305 1307//1307 1308//1308
f 1305//1305 1308//1308 1306//1306
f 1307//1307 1281//1281 1309//1309
f 1307//1307 1309//1309 1308//1308
f 1308//1308 1309//1309 1310//1310
f 1308//1308 1310//1310 1306//1306
f 1309//1309 1281//1281 1311//1311
f 1309//1309 1311//1311 1310//1310
f 1310//1310 1311//1311 1312//1312
f 1310//1310 1312//1312 1306//1306
f 1311//1311 1281//1281 1313//1313
f 1311//1311 1313//1313 1312//1312
f 1312//1312 1313//1313 1314//1314
f 1312//1312 1314//1314 1306//1306
f 1313//1313 1281//1281 1315//1315
f 1313//1313 1315//1315 1314//1314
f 1314//1314 1315//1315 1316//1316
f 1314//1314 1316//1316 1306//1306
f 1315//1315 1281//1281 1317//1317
f 1315//1315 1317//1317 1316//1316
f 1316//1316 1317//1317 1318//1318
f 1316//1316 1318//1318 1306//1306
f 1317//1317 1281//1281 1319//1319
f 1317//1317 1319//1319 1318//1318
f 1318//1318 1319//1319 1320//1320
f 1318//1318 1320//1320 1306//1306
f 1319//1319 1281//1281 1321//1321
f 1319//1319 1321//1321 1320//1320
f 1320//1320 1321//1321 1322//1322
f 1320//1320 1322//1322 1306//1306
f 1321//1321 1281//1281 1323//1323
f 1321//1321 1323//1323 1322//1322
f 1322//1322 1323//1323 1324//1324
f 1322//1322 1324//1324 1306//1306
f 1323//1323 1281//1281 1325//1325
f 1323//1323 1325//1325 1324//1324
f 1324//1324 1325//1325 1326//1326
f 1324//1324 1326//1326 1306//1306
f 1325//1325 1281//1281 1302//1302
f 1325//1325 1302//1302 1326//1326
f 1326//1326 1302//1302 1304//1304
f 1326//1326 1304//1304 1306//1306
f 1327//1327 1306//1306 1328//1328
f 1327//1327 1328//1328 1329//1329
f 1329//1329 1328//1328 1330//1330
f 1329//1329 1330//1330 1331//1331
f 1328//1328 1306//1306 1332//1332
f 1328//1328 1332//1332 1330//1330
f 1330//1330 1332//1332 1333//1333
f 1330//1330 1333//1333 1331//1331
f 1332//1332 1306//1306 1334//1334
f 1332//1332 1334//1334 1333//1333
f 1333//1333 1334//1334 1335//1335
f 1333//1333 1335//1335 1331//1331
f 1334//1334 1306//1306 1336//1336
f 1334//1334 1336//1336 1335//1335
f 1335//1335 1336//1336 1337//1337
f 1335//1335 1337//1337 1331//1331
f 1336//1336 1306//1306 1338//1338
f 1336//1336 1338//1338 1337//1337
f 1337//1337 1338//1338 1339//1339
f 1337//1337 1339//1339 1331//1331
f 1338//1338 1306//1306 1340//1340
f 1338//1338 1340//1340 1339//1339
f 1339//1339 1340//1340 1341//1341
f 1339//1339 1341//1341 1331//1331
f 1340//1340 1306//1306 1342//1342
f 1340//1340 1342//1342 1341//1341
f 1341//1341 1342//1342 1343//1343
f 1341//1341 1343//1343 1331//1331
f 1342//1342 1306//1306 1344//1344
f 1342//1342 1344//1344 1343//1343
f 1343//1343 1344//1344 1345//1345
f 1343//1343 1345//1345 1331//1331
f 1344//1344 1306//1306 1346//1346
f 1344//1344 1346//1346 1345//1345
f 1345//1345 1346//1346 1347//1347
f 1345//1345 1347//1347 1331//1331
f 1346//1346 1306//1306 1348//1348
f 1346//1346 1348//1348 1347//1347
f 1347//1347 1348//1348 1349//1349
f 1347//1347 1349//1349 1331//1331
f 1348//1348 1306//1306 1350//1350
f 1348//1348 1350//1350 1349//1349
f 1349//1349 1350//1350 1351//1351
f 1349//1349 1351//1351 1331//1331
f 1350//1350 1306//1306 1327//1327
f 1350//1350 1327//1327 1351//1351
f 1351//1351 1327//1327 1329//1329
f 1351//1351 1329//1329 1331//1331
f 1352//1352 1331//1331 1353//1353
f 1352//1352 1353//1353 1354//1354
f 1354//1354 1353//1353 1355//1355
f 1354//1354 1355//1355 1356//1356
f 1353//1353 1331//1331 1357//1357
f 1353//1353 1357//1357 1355//1355
f 1355//1355 1357//1357 1358//1358
f 1355//1355 1358//1358 1356//1356
f 1357//1357 1331//1331 1359//1359
f 1357//1357 1359//1359 1358//1358
f 1358//1358 1359//1359 1360//1360
f 1358//1358 1360//1360 1356//1356
f 1359//1359 1331//1331 1361//1361
f 1359//1359 1361//1361 1360//1360
f 1360//1360 1361//1361 1362//1362
f 1360//1360 1362//1362 1356//1356
f 1361//1361 1331//1331 1363//1363
f 1361//1361 1363//1363 1362//1362
f 1362//1362 1363//1363 1364//1364
f 1362//1362 1364//1364 1356//1356
f 1363//1363 1331//1331 1365//1365
f 1363//1363 1365//1365 1364//1364
f 1364//1364 1365//1365 1366//1366
f 1364//1364 1366//1366 1356//1356
f 1365//1365 1331//1331 1367//1367
f 1365//1365 1367//1367 1366//1366
f 1366//1366 1367//1367 1368//1368
f 1366//1366 1368//1368 1356//1356
f 1367//1367 1331//1331 1369//1369
f 1367//1367 1369//1369 1368//1368
f 1368//1368 1369//1369 1370//1370
f 1368//1368 1370//1370 1356//1356
f 1369//1369 1331//1331 1371//1371
f 1369//1369 1371//1371 1370//1370
f 1370//1370 1371//1371 1372//1372
f 1370//1370 1372//1372 1356//1356
f 1371//1371 1331//1331 1373//1373
f 1371//1371 1373//1373 1372//1372
f 1372//1372 1373//1373 1374//1374
f 1372//1372 1374//1374 1356//1356
f 1373//1373 1331//1331 1375//1375
f 1373//1373 1375//1375 1374//1374
f 1374//1374 1375//1375 1376//1376
f 1374//1374 1376//1376 1356//1356
f 1375//1375 1331//1331 1352//1352
f 1375//1375 1352//1352 1376//1376
f 1376//1376 1352//1352 1354//1354
f 1376//1376 1354//1354 1356//1356
f 1377//1377 1356//1356 1378//1378
f 1377//1377 1378//1378 1379//1379
f 1379//1379 1378//1378 1380//1380
f 1379//1379 1380//1380 1381//1381
f 1378//1378 1356//1356 1382//1382
f 1378//1378 1382//1382 1380//1380
f 1380//1380 1382//1382 1383//1383
f 1380//1380 1383//1383 1381//1381
f 1382//1382 1356//1356 1384//1384
f 1382//1382 1384//1384 1383//1383
f 1383//1383 1384//1384 1385//1385
f 1383//1383 1385//1385 1381//1381
f 1384//1384 1356//1356 1386//1386
f 1384//1384 1386//1386 1385//1385
f 1385//1385 1386//1386 1387//1387
f 1385//1385 1387//1387 1381//1381
f 1386//1386 1356//1356 1388//1388
f 1386//1386 1388//1388 1387//1387
f 1387//1387 1388//1388 1389//1389
f 1387//1387 1389//1389 1381//1381
f 1388//1388 1356//1356 1390//1390
f 1388//1388 1390//1390 1389//1389
f 1389//1389 1390//1390 1391//1391
f 1389//1389 1391//1391 1381//1381
f 1390//1390 1356//1356 1392//1392
f 1390//1390 1392//1392 1391//1391
f 1391//1391 1392//1392 1393//1393
f 1391//1391 1393//1393 1381//1381
f 1392//1392 1356//1356 1394//1394
f 1392//1392 1394//1394 1393//1393
f 1393//1393 1394//1394 1395//1395
f 1393//1393 1395//1395 1381//1381
f 1394//1394 1356//1356 1396//1396
f 1394//1394 1396//1396 1395//1395
f 1395//1395 1396//1396 1397//1397
f 1395//1395 1397//1397 1381//1381
f 1396//1396 1356//1356 1398//1398
f 1396//1396 1398//1398 1397//1397
f 1397//1397 1398//1398 1399//1399
f 1397//1397 1399//1399 1381//1381
f 1398//1398 1356//1356 1400//1400
f 1398//1398 1400//1400 1399//1399
f 1399//1399 1400//1400 1401//1401
f 1399//1399 1401//1401 1381//1381
f 1400//1400 1356//1356 1377//1377
f 1400//1400 1377//1377 1401//1401
f 1401//1401 1377//1377 1379//1379
f 1401//1401 1379//1379 1381//1381
f 1402//1402 1381//1381 1403//1403
f 1402//1402 1403//1403 1404//1404
f 1404//1404 1403//1403 1405//1405
f 1404//1404 1405//1405 1406//1406
f 1403//1403 1381//1381 1407//1407
f 1403//1403 1407//1407 1405//1405
f 1405//1405 1407//1407 1408//1408
f 1405//1405 1408//1408 1406//1406
f 1407//1407 1381//1381 1409//1409
f 1407//1407 1409//1409 1408//1408
f 1408//1408 1409//1409 1410//1410
f 1408//1408 1410//1410 1406//1406
f 1409//1409 1381//1381 1411//1411
f 1409//1409 1411//1411 1410//1410
f 1410//1410 1411//1411 1412//1412
f 1410//1410 1412//1412 1406//1406
f 1411//1411 1381//1381 1413//1413
f 1411//1411 1413//1413 1412//1412
f 1412//1412 1413//1413 1414//1414
f 1412//1412 1414//1414 1406//1406
f 1413//1413 1381//1381 1415//1415
f 1413//1413 1415//1415 1414//1414
f 1414//1414 1415//1415 1416//1416
f 1414//1414 1416//1416 1406//1406
f 1415//1415 1381//1381 1417//1417
f 1415//1415 1417//1417 1416//1416
f 1416//1416 1417//1417 1418//1418
f 1416//1416 1418//1418 1406//1406
f 1417//1417 1381//1381 1419//1419
f 1417//1417 1419//1419 1418//1418
f 1418//1418 1419//1419 1420//1420
f 1418//1418 1420//1420 1406//1406
f 1419//1419 1381//1381 1421//1421
f 1419//1419 1421//1421 1420//1420
f 1420//1420 1421//1421 1422//1422
f 1420//1420 1422//1422 1406//1406
f 1421//1421 1381//1381 1423//1423
f 1421//1421 1423//1423 1422//1422
f 1422//1422 1423//1423 1424//1424
f 1422//1422 1424//1424 1406//1406
f 1423//1423 1381//1381 1425//1425
f 1423//1423 1425//1425 1424//1424
f 1424//1424 1425//1425 1426//1426
f 1424//1424 1426//1426 1406//1406
f 1425//1425 1381//1381 1402//1402
f 1425//1425 1402//1402 1426//1426
f 1426//1426 1402//1402 1404//1404
f 1426//1426 1404//1404 1406//1406
f 1427//1427 1406//1406 1428//1428
f 1427//1427 1428//1428 1429//1429
f 1429//1429 1428//1428 1430//1430
f 1429//1429 1430//1430 1431//1431
f 1428//1428 1406//1406 1432//1432
f 1428//1428 1432//1432 1430//1430
f 1430//1430 1432//1432 1433//1433
f 1430//1430 1433//1433 1431//1431
f 1432//1432 1406//1406 1434//1434
f 1432//1432 1434//1434 1433//1433
f 1433//1433 1434//1434 1435//1435
f 1433//1433 1435//1435 1431//1431
f 1434//1434 1406//1406 1436//1436
f 1434//1434 1436//1436 1435//1435
f 1435//1435 1436//1436 1437//1437
f 1435//1435 1437//1437 1431//1431
f 1436//1436 1406//1406 1438//1438
f 1436//1436 1438//1438 1437//1437
f 1437//1437 1438//1438 1439//1439
f 1437//1437 1439//1439 1431//1431
f 1438//1438 1406//1406 1440//1440
f 1438//1438 1440//1440 1439//1439
f 1439//1439 1440//1440 1441//1441
f 1439//1439 1441//1441 1431//1431
f 1440//1440 1406//1406 1442//1442
f 1440//1440 1442//1442 1441//1441
f 1441//1441 1442//1442 1443//1443
f 1441//1441 1443//1443 1431//1431
f 1442//1442 1406//1406 1444//1444
f 1442//1442 1444//1444 1443//1443
f 1443//1443 1444//1444 1445//1445
f 1443//1443 1445//1445 1431//1431
f 1444//1444 1406//1406 1446//1446
f 1444//1444 1446//1446 1445//1445
f 1445//1445 1446//1446 1447//1447
f 1445//1445 1447//1447 1431//1431
f 1446//1446 1406//1406 1448//1448
f 1446//1446 1448//1448 1447//1447
f 1447//1447 1448//1448 1449//1449
f 1447//1447 1449//1449 1431//1431
f 1448//1448 1406//1406 1450//1450
f 1448//1448 1450//1450 1449//1449
f 1449//1449 1450//1450 1451//1451
f 1449//1449 1451//1451 1431//1431
f 1450//1450 1406//1406 1427//1427
f 1450//1450 1427//1427 1451//1451
f 1451//1451 1427//1427 1429//1429
f 1451//1451 1429//1429 1431//1431
f 1452//1452 1431//1431 1453//1453
f 1452//1452 1453//1453 1454//1454
f 1454//1454 1453//1453 1455//1455
f 1454//1454 1455//1455 1456//1456
f 1453//1453 1431//1431 1457//1457
f 1453//1453 1457//1457 1455//1455
f 1455//1455 1457//1457 1458//1458
f 1455//1455 1458//1458 1456//1456
f 1457//1457 1431//1431 1459//1459
f 1457//1457 1459//1459 1458//1458
f 1458//1458 1459//1459 1460//1460
f 1458//1458 1460//1460 1456//1456
f 1459//1459 1431//1431 1461//1461
f 1459//1459 1461//1461 1460//1460
f 1460//1460 1461//1461 1462//1462
f 1460//1460 1462//1462 1456//1456
f 1461//1461 1431//1431 1463//1463
f 1461//1461 1463//1463 1462//1462
f 1462//1462 1463//1463 1464//1464
f 1462//1462 1464//1464 1456//1456
f 1463//1463 1431//1431 1465//1465
f 1463//1463 1465//1465 1464//1464
f 1464//1464 1465//1465 1466//1466
f 1464//1464 1466//1466 1456//1456
f 1465//1465 1431//1431 1467//1467
f 1465//1465 1467//1467 1466//1466
f 1466//1466 1467//1467 1468//1468
f 1466//1466 1468//1468 1456//1456
f 1467//1467 1431//1431 1469//1469
f 1467//1467 1469//1469 1468//1468
f 1468//1468 1469//1469 1470//1470
f 1468//1468 1470//1470 1456//1456
f 1469//1469 1431//1431 1471//1471
f 1469//1469 1471//1471 1470//1470
f 1470//1470 1471//1471 1472//1472
f 1470//1470 1472//1472 1456//1456
f 1471//1471 1431//1431 1473//1473
f 1471//1471 1473//1473 1472//1472
f 1472//1472 1473//1473 1474//1474
f 1472//1472 1474//1474 1456//1456
f 1473//1473 1431//1431 1475//1475
f 1473//1473 1475//1475 1474//1474
f 1474//1474 1475//1475 1476//1476
f 1474//1474 1476//1476 1456//1456
f 1475//1475 1431//1431 1452//1452
f 1475//1475 1452//1452 1476//1476
f 1476//1476 1452//1452 1454//1454
f 1476//1476 1454//1454 1456//1456
f 1477//1477 1456//1456 1478//1478
f 1477//1477 1478//1478 1479//1479
f 1479//1479 1478//1478 1480//1480
f 1479//1479 1480//1480 1481//1481
f 1478//1478 1456//1456 1482//1482
f 1478//1478 1482//1482 1480//1480
f 1480//1480 1482//1482 1483//1483
f 1480//1480 1483//1483 1481//1481
f 1482//1482 1456//1456 1484//1484
f 1482//1482 1484//1484 1483//1483
f 1483//1483 1484//1484 1485//1485
f 1483//1483 1485//1485 1481//1481
f 1484//1484 1456//1456 1486//1486
f 1484//1484 1486//1486 1485//1485
f 1485//1485 1486//1486 1487//1487
f 1485//1485 1487//1487 1481//1481
f 1486//1486 1456//1456 1488//1488
f 1486//1486 1488//1488 1487//1487
f 1487//1487 1488//1488 1489//1489
f 1487//1487 1489//1489 1481//1481
f 1488//1488 1456//1456 1490//1490
f 1488//1488 1490//1490 1489//1489
f 1489//1489 1490//1490 1491//1491
f 1489//1489 1491//1491 1481//1481
f 1490//1490 1456//1456 1492//1492
f 1490//1490 1492//1492 1491//1491
f 1491//1491 1492//1492 1493//1493
f 1491//1491 1493//1493 1481//1481
f 1492//1492 1456//1456 1494//1494
f 1492//1492 1494//1494 1493//1493
f 1493//1493 1494//1494 1495//1495
f 1493//1493 1495//1495 1481//1481
f 1494//1494 1456//1456 1496//1496
f 1494//1494 1496//1496 1495//1495
f 1495//1495 1496//1496 1497//1497
f 1495//1495 1497//1497 1481//1481
f 1496//1496 1456//1456 1498//1498
f 1496//1496 1498//1498 1497//1497
f 1497//1497 1498//1498 1499//1499
f 1497//1497 1499//1499 1481//1481
f 1498//1498 1456//1456 1500//1500
f 1498//1498 1500//1500 1499//1499
f 1499//1499 1500//1500 1501//1501
f 1499//1499 1501//1501 1481//1481
f 1500//1500 1456//1456 1477//1477
f 1500//1500 1477//1477 1501//1501
f 1501//1501 1477//1477 1479//1479
f 1501//1501 1479//1479 1481//1481
f 1502//1502 1481//1481 1503//1503
f 1502//1502 1503//1503 1504//1504
f 1504//1504 1503//1503 1505//1505
f 1504//1504 1505//1505 1506//1506
f 1503//1503 1481//1481 1507//1507
f 1503//1503 1507//1507 1505//1505
f 1505//1505 1507//1507 1508//1508
f 1505//1505 1508//1508 1506//1506
f 1507//1507 1481//1481 1509//1509
f 1507//1507 1509//1509 1508//1508
f 1508//1508 1509//1509 1510//1510
f 1508//1508 1510//1510 1506//1506
f 1509//1509 1481//1481 1511//1511
f 1509//1509 1511//1511 1510//1510
f 1510//1510 1511//1511 1512//1512
f 1510//1510 1512//1512 1506//1506
f 1511//1511 1481//1481 1513//1513
f 1511//1511 1513//1513 1512//1512
f 1512//1512 1513//1513 1514//1514
f 1512//1512 1514//1514 1506//1506
f 1513//1513 1481//1481 1515//1515
f 1513//1513 1515//1515 1514//1514
f 1514//1514 1515//1515 1516//1516
f 1514//1514 1516//1516 1506//1506
f 1515//1515 1481//1481 1517//1517
f 1515//1515 1517//1517 1516//1516
f 1516//1516 1517//1517 1518//1518
f 1516//1516 1518//1518 1506//1506
f 1517//1517 1481//1481 1519//1519
f 1517//1517 1519//1519 1518//1518
f 1518//1518 1519//1519 1520//1520
f 1518//1518 1520//1520 1506//1506
f 1519//1519 1481//1481 1521//1521
f 1519//1519 1521//1521 1520//1520
f 1520//1520 1521//1521 1522//1522
f 1520//1520 1522//1522 1506//1506
f 1521//1521 1481//1481 1523//1523
f 1521//1521 1523//1523 1522//1522
f 1522//1522 1523//1523 1524//1524
f 1522//1522 1524//1524 1506//1506
f 1523//1523 1481//1481 1525//1525
f 1523//1523 1525//1525 1524//1524
f 1524//1524 1525//1525 1526//1526
f 1524//1524 1526//1526 1506//1506
f 1525//1525 1481//1481 1502//1502
f 1525//1525 1502//1502 1526//1526
f 1526//1526 1502//1502 1504//1504
f 1526//1526 1504//1504 1506//1506
f 1527//1527 1506//1506 1528//1528
f 1527//1527 1528//1528 1529//1529
f 1529//1529 1528//1528 1530//1530
f 1529//1529 1530//1530 1531//1531
f 1528//1528 1506//1506 1532//1532
f 1528//1528 1532//1532 1530//1530
f 1530//1530 1532//1532 1533//1533
f 1530//1530 1533//1533 1531//1531
f 1532//1532 1506//1506 1534//1534
f 1532//1532 1534//1534 1533//1533
f 1533//1533 1534//1534 1535//1535
f 1533//1533 1535//1535 1531//1531
f 1534//1534 1506//1506 1536//1536
f 1534//1534 1536//1536 1535//1535
f 1535//1535 1536//1536 1537//1537
f 1535//1535 1537//1537 1531//1531
f 1536//1536 1506//1506 1538//1538
f 1536//1536 1538//1538 1537//1537
f 1537//1537 1538//1538 1539//1539
f 1537//1537 1539//1539 1531//1531
f 1538//1538 1506//1506 1540//1540
f 1538//1538 1540//1540 1539//1539
f 1539//1539 1540//1540 1541//1541
f 1539//1539 1541//1541 1531//1531
f 1540//1540 1506//1506 1542//1542
f 1540//1540 1542//1542 1541//1541
f 1541//1541 1542//1542 1543//1543
f 1541//1541 1543//1543 1531//1531
f 1542//1542 1506//1506 1544//1544
f 1542//1542 1544//1544 1543//1543
f 1543//1543 1544//1544 1545//1545
f 1543//1543 1545//1545 1531//1531
f 1544//1544 1506//1506 1546//1546
f 1544//1544 1546//1546 1545//1545
f 1545//1545 1546//1546 1547//1547
f 1545//1545 1547//1547 1531//1531
f 1546//1546 1506//1506 1548//1548
f 1546//1546 1548//1548 1547//1547
f 1547//1547 1548//1548 1549//1549
f 1547//1547 1549//1549 1531//1531
f 1548//1548 1506//1506 1550//1550
f 1548//1548 1550//1550 1549//1549
f 1549//1549 1550//1550 1551//1551
f 1549//1549 1551//1551 1531//1531
f 1550//1550 1506//1506 1527//1527
f 1550//1550 1527//1527 1551//1551
f 1551//1551 1527//1527 1529//1529
f 1551//1551 1529//1529 1531//1531
f 1552//1552 1531//1531 1553//1553
f 1552//1552 1553//1553 1554//1554
f 1554//1554 1553//1553 1555//1555
f 1554//1554 1555//1555 1556//1556
f 1553//1553 1531//1531 1557//1557
f 1553//1553 1557//1557 1555//1555
f 1555//1555 1557//1557 1558//1558
f 1555//1555 1558//1558 1556//1556
f 1557//1557 1531//1531 1559//1559
f 1557//1557 1559//1559 1558//1558
f 1558//1558 1559//1559 1560//1560
f 1558//1558 1560//1560 1556//1556
f 1559//1559 1531//1531 1561//1561
f 1559//1559 1561//1561 1560//1560
f 1560//1560 1561//1561 1562//1562
f 1560//1560 1562//1562 1556//1556
f 1561//1561 1531//1531 1563//1563
f 1561//1561 1563//1563 1562//1562
f 1562//1562 1563//1563 1564//1564
f 1562//1562 1564//1564 1556//1556
f 1563//1563 1531//1531 1565//1565
f 1563//1563 1565//1565 1564//1564
f 1564//1564 1565//1565 1566//1566
f 1564//1564 1566//1566 1556//1556
f 1565//1565 1531//1531 1567//1567
f 1565//1565 1567//1567 1566//1566
f 1566//1566 1567//1567 1568//1568
f 1566//1566 1568//1568 1556//1556
f 1567//1567 1531//1531 1569//1569
f 1567//1567 1569//1569 1568//1568
f 1568//1568 1569//1569 1570//1570
f 1568//1568 1570//1570 1556//1556
f 1569//1569 1531//1531 1571//1571
f 1569//1569 1571//1571 1570//1570
f 1570//1570 1571//1571 1572//1572
f 1570//1570 1572//1572 1556//1556
f 1571//1571 1531//1531 1573//1573
f 1571//1571 1573//1573 1572//1572
f 1572//1572 1573//1573 1574//1574
f 1572//1572 1574//1574 1556//1556
f 1573//1573 1531//1531 1575//1575
f 1573//1573 1575//1575 1574//1574
f 1574//1574 1575//1575 1576//1576
f 1574//1574 1576//1576 1556//1556
f 1575//1575 1531//1531 1552//1552
f 1575//1575 1552//1552 1576//1576
f 1576//1576 1552//1552 1554//1554
f 1576//1576 1554//1554 1556//1556
f 1577//1577 1556//1556 1578//1578
f 1577//1577 1578//1578 1579//1579
f 1579//1579 1578//1578 1580//1580
f 1579//1579 1580//1580 1581//1581
f 1578//1578 1556//1556 1582//1582
f 1578//1578 1582//1582 1580//1580
f 1580//1580 1582//1582 1583//1583
f 1580//1580 1583//1583 1581//1581
f 1582//1582 1556//1556 1584//1584
f 1582//1582 1584//1584 1583//1583
f 1583//1583 1584//1584 1585//1585
f 1583//1583 1585//1585 1581//1581
f 1584//1584 1556//1556 1586//1586
f 1584//1584 1586//1586 1585//1585
f 1585//1585 1586//1586 1587//1587
f 1585//1585 1587//1587 1581//1581
f 1586//1586 1556//1556 1588//1588
f 1586//1586 1588//1588 1587//1587
f 1587//1587 1588//1588 1589//1589
f 1587//1587 1589//1589 1581//1581
f 1588//1588 1556//1556 1590//1590
f 1588//1588 1590//1590 1589//1589
f 1589//1589 1590//1590 1591//1591
f 1589//1589 1591//1591 1581//1581
f 1590//1590 1556//1556 1592//1592
f 1590//1590 1592//1592 1591//1591
f 1591//1591 1592//1592 1593//1593
f 1591//1591 1593//1593 1581//1581
f 1592//1592 1556//1556 1594//1594
f 1592//1592 1594//1594 1593//1593
f 1593//1593 1594//1594 1595//1595
f 1593//1593 1595//1595 1581//1581
f 1594//1594 1556//1556 1596//1596
f 1594//1594 1596//1596 1595//1595
f 1595//1595 1596//1596 1597//1597
f 1595//1595 1597//1597 1581//1581
f 1596//1596 1556//1556 1598//1598
f 1596//1596 1598//1598 1597//1597
f 1597//1597 1598//1598 1599//1599
f 1597//1597 1599//1599 1581//1581
f 1598//1598 1556//1556 1600//1600
f 1598//1598 1600//1600 1599//1599
f 1599//1599 1600//1600 1601//1601
f 1599//1599 1601//1601 1581//1581
f 1600//1600 1556//1556 1577//1577
f 1600//1600 1577//1577 1601//1601
f 1601//1601 1577//1577 1579//1579
f 1601//1601 1579//1579 1581//1581
f 1602//1602 1581//1581 1603//1603
f 1602//1602 1603//1603 1604//1604
f 1604//1604 1603//1603 1605//1605
f 1604//1604 1605//1605 1606//1606
f 1603//1603 1581//1581 1607//1607
f 1603//1603 1607//1607 1605//1605
f 1605//1605 1607//1607 1608//1608
f 1605//1605 1608//1608 1606//1606
f 1607//1607 1581//1581 1609//1609
f 1607//1607 1609//1609 1608//1608
f 1608//1608 1609//1609 1610//1610
f 1608//1608 1610//1610 1606//1606
f 1609//1609 1581//1581 1611//1611
f 1609//1609 1611//1611 1610//1610
f 1610//1610 1611//1611 1612//1612
f 1610//1610 1612//1612 1606//1606
f 1611//1611 1581//1581 1613//1613
f 1611//1611 1613//1613 1612//1612
f 1612//1612 1613//1613 1614//1614
f 1612//1612 1614//1614 1606//1606
f 1613//1613 1581//1581 1615//1615
f 1613//1613 1615//1615 1614//1614
f 1614//1614 1615//1615 1616//1616
f 1614//1614 1616//1616 1606//1606
f 1615//1615 1581//1581 1617//1617
f 1615//1615 1617//1617 1616//1616
f 1616//1616 1617//1617 1618//1618
f 1616//1616 1618//1618 1606//1606
f 1617//1617 1581//1581 1619//1619
f 1617//1617 1619//1619 1618//1618
f 1618//1618 1619//1619 1620//1620
f 1618//1618 1620//1620 1606//1606
f 1619//1619 1581//1581 1621//1621
f 1619//1619 1621//1621 1620//1620
f 1620//1620 1621//1621 1622//1622
f 1620//1620 1622//1622 1606//1606
f 1621//1621 1581//1581 1623//1623
f 1621//1621 1623//1623 1622//1622
f 1622//1622 1623//1623 1624//1624
f 1622//1622 1624//1624 1606//1606
f 1623//1623 1581//1581 1625//1625
f 1623//1623 1625//1625 1624//1624
f 1624//1624 1625//1625 1626//1626
f 1624//1624 1626//1626 1606//1606
f 1625//1625 1581//1581 1602//1602
f 1625//1625 1602//1602 1626//1626
f 1626//1626 1602//1602 1604//1604
f 1626//1626 1604//1604 1606//1606
f 1627//1627 1606//1606 1628//1628
f 1627//1627 1628//1628 1629//1629
f 1629//1629 1628//1628 1630//1630
f 1629//1629 1630//1630 1631//1631
f 1628//1628 1606//1606 1632//1632
f 1628//1628 1632//1632 1630//1630
f 1630//1630 1632//1632 1633//1633
f 1630//1630 1633//1633 1631//1631
f 1632//1632 1606//1606 1634//1634
f 1632//1632 1634//1634 1633//1633
f 1633//1633 1634//1634 1635//1635
f 1633//1633 1635//1635 1631//1631
f 1634//1634 1606//1606 1636//1636
f 1634//1634 1636//1636 1635//1635
f 1635//1635 1636//1636 1637//1637
f 1635//1635 1637//1637 1631//1631
f 1636//1636 1606//1606 1638//1638
f 1636//1636 1638//1638 1637//1637
f 1637//1637 1638//1638 1639//1639
f 1637//1637 1639//1639 1631//1631
f 1638//1638 1606//1606 1640//1640
f 1638//1638 1640//1640 1639//1639
f 1639//1639 1640//1640 1641//1641
f 1639//1639 1641//1641 1631//1631
f 1640//1640 1606//1606 1642//1642
f 1640//1640 1642//1642 1641//1641
f 1641//1641 1642//1642 1643//1643
f 1641//1641 1643//1643 1631//1631
f 1642//1642 1606//1606 1644//1644
f 1642//1642 1644//1644 1643//1643
f 1643//1643 1644//1644 1645//1645
f 1643//1643 1645//1645 1631//1631
f 1644//1644 1606//1606 1646//1646
f 1644//1644 1646//1646 1645//1645
f 1645//1645 1646//1646 1647//1647
f 1645//1645 1647//1647 1631//1631
f 1646//1646 1606//1606 1648//1648
f 1646//1646 1648//1648 1647//1647
f 1647//1647 1648//1648 1649//1649
f 1647//1647 1649//1649 1631//1631
f 1648//1648 1606//1606 1650//1650
f 1648//1648 1650//1650 1649//1649
f 1649//1649 1650//1650 1651//1651
f 1649//1649 1651//1651 1631//1631
f 1650//1650 1606//1606 1627//1627
f 1650//1650 1627//1627 1651//1651
f 1651//1651 1627//1627 1629//1629
f 1651//1651 1629//1629 1631//1631
f 1652//1652 1631//1631 1653//1653
f 1652//1652 1653//1653 1654//1654
f 1654//1654 1653//1653 1655//1655
f 1654//1654 1655//1655 1656//1656
f 1653//1653 1631//1631 1657//1657
f 1653//1653 1657//1657 1655//1655
f 1655//1655 1657//1657 1658//1658
f 1655//1655 1658//1658 1656//1656
f 1657//1657 1631//1631 1659//1659
f 1657//1657 1659//1659 1658//1658
f 1658//1658 1659//1659 1660//1660
f 1658//1658 1660//1660 1656//1656
f 1659//1659 1631//1631 1661//1661
f 1659//1659 1661//1661 1660//1660
f 1660//1660 1661//1661 1662//1662
f 1660//1660 1662//1662 1656//1656
f 1661//1661 1631//1631 1663//1663
f 1661//1661 1663//1663 1662//1662
f 1662//1662 1663//1663 1664//1664
f 1662//1662 1664//1664 1656//1656
f 1663//1663 1631//1631 1665//1665
f 1663//1663 1665//1665 1664//1664
f 1664//1664 1665//1665 1666//1666
f 1664//1664 1666//1666 1656//1656
f 1665//1665 1631//1631 1667//1667
f 1665//1665 1667//1667 1666//1666
f 1666//1666 1667//1667 1668//1668
f 1666//1666 1668//1668 1656//1656
f 1667//1667 1631//1631 1669//1669
f 1667//1667 1669//1669 1668//1668
f 1668//1668 1669//1669 1670//1670
f 1668//1668 1670//1670 1656//1656
f 1669//1669 1631//1631 1671//1671
f 1669//1669 1671//1671 1670//1670
f 1670//1670 1671//1671 1672//1672
f 1670//1670 1672//1672 1656//1656
f 1671//1671 1631//1631 1673//1673
f 1671//1671 1673//1673 1672//1672
f 1672//1672 1673//1673 1674//1674
f 1672//1672 1674//1674 1656//1656
f 1673//1673 1631//1631 1675//1675
f 1673//1673 1675//1675 1674//1674
f 1674//1674 1675//1675 1676//1676
f 1674//1674 1676//1676 1656//1656
f 1675//1675 1631//1631 1652//1652
f 1675//1675 1652//1652 1676//1676
f 1676//1676 1652//1652 1654//1654
f 1676//1676 1654//1654 1656//1656
f 1677//1677 1656//1656 1678//1678
f 1677//1677 1678//1678 1679//1679
f 1679//1679 1678//1678 1680//1680
f 1679//1679 1680//1680 1681//1681
f 1678//1678 1656//1656 1682//1682
f 1678//1678 1682//1682 1680//1680
f 1680//1680 1682//1682 1683//1683
f 1680//1680 1683//1683 1681//1681
f 1682//1682 1656//1656 1684//1684
f 1682//1682 1684//1684 1683//1683
f 1683//1683 1684//1684 1685//1685
f 1683//1683 1685//1685 1681//1681
f 1684//1684 1656//1656 1686//1686
f 1684//1684 1686//1686 1685//1685
f 1685//1685 1686//1686 1687//1687
f 1685//1685 1687//1687 1681//1681
f 1686//1686 1656//1656 1688//1688
f 1686//1686 1688//1688 1687//1687
f 1687//1687 1688//1688 1689//1689
f 1687//1687 1689//1689 1681//1681
f 1688//1688 1656//1656 1690//1690
f 1688//1688 1690//1690 1689//1689
f 1689//1689 1690//1690 1691//1691
f 1689//1689 1691//1691 1681//1681
f 1690//1690 1656//1656 1692//1692
f 1690//1690 1692//1692 1691//1691
f 1691//1691 1692//1692 1693//1693
f 1691//1691 1693//1693 1681//1681
f 1692//1692 1656//1656 1694//1694
f 1692//1692 1694//1694 1693//1693
f 1693//1693 1694//1694 1695//1695
f 1693//1693 1695//1695 1681//1681
f 1694//1694 1656//1656 1696//1696
f 1694//1694 1696//1696 1695//1695
f 1695//1695 1696//1696 1697//1697
f 1695//1695 1697//1697 1681//1681
f 1696//1696 1656//1656 1698//1698
f 1696//1696 1698//1698 1697//1697
f 1697//1697 1698//1698 1699//1699
f 1697//1697 1699//1699 1681//1681
f 1698//1698 1656//1656 1700//1700
f 1698//1698 1700//1700 1699//1699
f 1699//1699 1700//1700 1701//1701
f 1699//1699 1701//1701 1681//1681
f 1700//1700 1656//1656 1677//1677
f 1700//1700 1677//1677 1701//1701
f 1701//1701 1677//1677 1679//1679
f 1701//1701 1679//1679 1681//1681
f 1702//1702 1681//1681 1703//1703
f 1702//1702 1703//1703 1704//1704
f 1704//1704 1703//1703 1705//1705
f 1704//1704 1705//1705 1706//1706
f 1703//1703 1681//1681 1707//1707
f 1703//1703 1707//1707 1705//1705
f 1705//1705 1707//1707 1708//1708
f 1705//1705 1708//1708 1706//1706
f 1707//1707 1681//1681 1709//1709
f 1707//1707 1709//1709 1708//1708
f 1708//1708 1709//1709 1710//1710
f 1708//1708 1710//1710 1706//1706
f 1709//1709 1681//1681 1711//1711
f 1709//1709 1711//1711 1710//1710
f 1710//1710 1711//1711 1712//1712
f 1710//1710 1712//1712 1706//1706
f 1711//1711 1681//1681 1713//1713
f 1711//1711 1713//1713 1712//1712
f 1712//1712 1713//1713 1714//1714
f 1712//1712 1714//1714 1706//1706
f 1713//1713 1681//1681 1715//1715
f 1713//1713 1715//1715 1714//1714
f 1714//1714 1715//1715 1716//1716
f 1714//1714 1716//1716 1706//1706
f 1715//1715 1681//1681 1717//1717
f 1715//1715 1717//1717 1716//1716
f 1716//1716 1717//1717 1718//1718
f 1716//1716 1718//1718 1706//1706
f 1717//1717 1681//1681 1719//1719
f 1717//1717 1719//1719 1718//1718
f 1718//1718 1719//1719 1720//1720
f 1718//1718 1720//1720 1706//1706
f 1719//1719 1681//1681 1721//1721
f 1719//1719 1721//1721 1720//1720
f 1720//1720 1721//1721 1722//1722
f 1720//1720 1722//1722 1706//1706
f 1721//1721 1681//1681 1723//1723
f 1721//1721 1723//1723 1722//1722
f 1722//1722 1723//1723 1724//1724
f 1722//1722 1724//1724 1706//1706
f 1723//1723 1681//1681 1725//1725
f 1723//1723 1725//1725 1724//1724
f 1724//1724 1725//1725 1726//1726
f 1724//1724 1726//1726 1706//1706
f 1725//1725 1681//1681 1702//1702
f 1725//1725 1702//1702 1726//1726
f 1726//1726 1702//1702 1704//1704
f 1726//1726 1704//1704 1706//1706
f 1727//1727 1706//1706 1728//1728
f 1727//1727 1728//1728 1729//1729
f 1729//1729 1728//1728 1730//1730
f 1729//1729 1730//1730 1731//1731
f 1728//1728 1706//1706 1732//1732
f 1728//1728 1732//1732 1730//1730
f 1730//1730 1732//1732 1733//1733
f 1730//1730 1733//1733 1731//1731
f 1732//1732 1706//1706 1734//1734
f 1732//1732 1734//1734 1733//1733
f 1733//1733 1734//1734 1735//1735
f 1733//1733 1735//1735 1731//1731
f 1734//1734 1706//1706 1736//1736
f 1734//1734 1736//1736 1735//1735
f 1735//1735 1736//1736 1737//1737
f 1735//1735 1737//1737 1731//1731
f 1736//1736 1706//1706 1738//1738
f 1736//1736 1738//1738 1737//1737
f 1737//1737 1738//1738 1739//1739
f 1737//1737 1739//1739 1731//1731
f 1738//1738 1706//1706 1740//1740
f 1738//1738 1740//1740 1739//1739
f 1739//1739 1740//1740 1741//1741
f 1739//1739 1741//1741 1731//1731
f 1740//1740 1706//1706 1742//1742
f 1740//1740 1742//1742 1741//1741
f 1741//1741 1742//1742 1743//1743
f 1741//1741 1743//1743 1731//1731
f 1742//1742 1706//1706 1744//1744
f 1742//1742 1744//1744 1743//1743
f 1743//1743 1744//1744 1745//1745
f 1743//1743 1745//1745 1731//1731
f 1744//1744 1706//1706 1746//1746
f 1744//1744 1746//1746 1745//1745
f 1745//1745 1746//1746 1747//1747
f 1745//1745 1747//1747 1731//1731
f 1746//1746 1706//1706 1748//1748
f 1746//1746 1748//1748 1747//1747
f 1747//1747 1748//1748 1749//1749
f 1747//1747 1749//1749 1731//1731
f 1748//1748 1706//1706 1750//1750
f 1748//1748 1750//1750 1749//1749
f 1749//1749 1750//1750 1751//1751
f 1749//1749 1751//1751 1731//1731
f 1750//1750 1706//1706 1727//1727
f 1750//1750 1727//1727 1751//1751
f 1751//1751 1727//1727 1729//1729
f 1751//1751 1729//1729 1731//1731
f 1752//1752 1731//1731 1753//1753
f 1752//1752 1753//1753 1754//1754
f 1754//1754 1753//1753 1755//1755
f 1754//1754 1755//1755 1756//1756
f 1753//1753 1731//1731 1757//1757
f 1753//1753 1757//1757 1755//1755
f 1755//1755 1757//1757 1758//1758
f 1755//1755 1758//1758 1756//1756
f 1757//1757 1731//1731 1759//1759
f 1757//1757 1759//1759 1758//1758
f 1758//1758 1759//1759 1760//1760
f 1758//1758 1760//1760 1756//1756
f 1759//1759 1731//1731 1761//1761
f 1759//1759 1761//1761 1760//1760
f 1760//1760 1761//1761 1762//1762
f 1760//1760 1762//1762 1756//1756
f 1761//1761 1731//1731 1763//1763
f 1761//1761 1763//1763 1762//1762
f 1762//1762 1763//1763 1764//1764
f 1762//1762 1764//1764 1756//1756
f 1763//1763 1731//1731 1765//1765
f 1763//1763 1765//1765 1764//1764
f 1764//1764 1765//1765 1766//1766
f 1764//1764 1766//1766 1756//1756
f 1765//1765 1731//1731 1767//1767
f 1765//1765 1767//1767 1766//1766
f 1766//1766 1767//1767 1768//1768
f 1766//1766 1768//1768 1756//1756
f 1767//1767 1731//1731 1769//1769
f 1767//1767 1769//1769 1768//1768
f 1768//1768 1769//1769 1770//1770
f 1768//1768 1770//1770 1756//1756
f 1769//1769 1731//1731 1771//1771
f 1769//1769 1771//1771 1770//1770
f 1770//1770 1771//1771 1772//1772
f 1770//1770 1772//1772 1756//1756
f 1771//1771 1731//1731 1773//1773
f 1771//1771 1773//1773 1772//1772
f 1772//1772 1773//1773 1774//1774
f 1772//1772 1774//1774 1756//1756
f 1773//1773 1731//1731 1775//1775
f 1773//1773 1775//1775 1774//1774
f 1774//1774 1775//1775 1776//1776
f 1774//1774 1776//1776 1756//1756
f 1775//1775 1731//1731 1752//1752
f 1775//1775 1752//1752 1776//1776
f 1776//1776 1752//1752 1754//1754
f 1776//1776 1754//1754 1756//1756
f 1777//1777 1756//1756 1778//1778
f 1777//1777 1778//1778 1779//1779
f 1779//1779 1778//1778 1780//1780
f 1779//1779 1780//1780 1781//1781
f 1778//1778 1756//1756 1782//1782
f 1778//1778 1782//1782 1780//1780
f 1780//1780 1782//1782 1783//1783
f 1780//1780 1783//1783 1781//1781
f 1782//1782 1756//1756 1784//1784
f 1782//1782 1784//1784 1783//1783
f 1783//1783 1784//1784 1785//1785
f 1783//1783 1785//1785 1781//1781
f 1784//1784 1756//1756 1786//1786
f 1784//1784 1786//1786 1785//1785
f 1785//1785 1786//1786 1787//1787
f 1785//1785 1787//1787 1781//1781
f 1786//1786 1756//1756 1788//1788
f 1786//1786 1788//1788 1787//1787
f 1787//1787 1788//1788 1789//1789
f 1787//1787 1789//1789 1781//1781
f 1788//1788 1756//1756 1790//1790
f 1788//1788 1790//1790 1789//1789
f 1789//1789 1790//1790 1791//1791
f 1789//1789 1791//1791 1781//1781
f 1790//1790 1756//1756 1792//1792
f 1790//1790 1792//1792 1791//1791
f 1791//1791 1792//1792 1793//1793
f 1791//1791 1793//1793 1781//1781
f 1792//1792 1756//1756 1794//1794
f 1792//1792 1794//1794 1793//1793
f 1793//1793 1794//1794 1795//1795
f 1793//1793 1795//1795 1781//1781
f 1794//1794 1756//1756 1796//1796
f 1794//1794 1796//1796 1795//1795
f 1795//1795 1796//1796 1797//1797
f 1795//1795 1797//1797 1781//1781
f 1796//1796 1756//1756 1798//1798
f 1796//1796 1798//1798 1797//1797
f 1797//1797 1798//1798 1799//1799
f 1797//1797 1799//1799 1781//1781
f 1798//1798 1756//1756 1800//1800
f 1798//1798 1800//1800 1799//1799
f 1799//1799 1800//1800 1801//1801
f 1799//1799 1801//1801 1781//1781
f 1800//1800 1756//1756 1777//1777
f 1800//1800 1777//1777 1801//1801
f 1801//1801 1777//1777 1779//1779
f 1801//1801 1779//1779 1781//1781
f 1802//1802 1781//1781 1803//1803
f 1802//1802 1803//1803 1804//1804
f 1804//1804 1803//1803 1805//1805
f 1804//1804 1805//1805 1806//1806
f 1803//1803 1781//1781 1807//1807
f 1803//1803 1807//1807 1805//1805
f 1805//1805 1807//1807 1808//1808
f 1805//1805 1808//1808 1806//1806
f 1807//1807 1781//1781 1809//1809
f 1807//1807 1809//1809 1808//1808
f 1808//1808 1809//1809 1810//1810
f 1808//1808 1810//1810 1806//1806
f 1809//1809 1781//1781 1811//1811
f 1809//1809 1811//1811 1810//1810
f 1810//1810 1811//1811 1812//1812
f 1810//1810 1812//1812 1806//1806
f 1811//1811 1781//1781 1813//1813
f 1811//1811 1813//1813 1812//1812
f 1812//1812 1813//1813 1814//1814
f 1812//1812 1814//1814 1806//1806
f 1813//1813 1781//1781 1815//1815
f 1813//1813 1815//1815 1814//1814
f 1814//1814 1815//1815 1816//1816
f 1814//1814 1816//1816 1806//1806
f 1815//1815 1781//1781 1817//1817
f 1815//1815 1817//1817 1816//1816
f 1816//1816 1817//1817 1818//1818
f 1816//1816 1818//1818 1806//1806
f 1817//1817 1781//1781 1819//1819
f 1817//1817 1819//1819 1818//1818
f 1818//1818 1819//1819 1820//1820
f 1818//1818 1820//1820 1806//1806
f 1819//1819 1781//1781 1821//1821
f 1819//1819 1821//1821 1820//1820
f 1820//1820 1821//1821 1822//1822
f 1820//1820 1822//1822 1806//1806
f 1821//1821 1781//1781 1823//1823
f 1821//1821 1823//1823 1822//1822
f 1822//1822 1823//1823 1824//1824
f 1822//1822 1824//1824 1806//1806
f 1823//1823 1781//1781 1825//1825
f 1823//1823 1825//1825 1824//1824
f 1824//1824 1825//1825 1826//1826
f 1824//1824 1826//1826 1806//1806
f 1825//1825 1781//1781 1802//1802
f 1825//1825 1802//1802 1826//1826
f 1826//1826 1802//1802 1804//1804
f 1826//1826 1804//1804 1806//1806
f 1827//1827 1806//1806 1828//1828
f 1827//1827 1828//1828 1829//1829
f 1829//1829 1828//1828 1830//1830
f 1829//1829 1830//1830 1831//1831
f 1828//1828 1806//1806 1832//1832
f 1828//1828 1832//1832 1830//1830
f 1830//1830 1832//1832 1833//1833
f 1830//1830 1833//1833 1831//1831
f 1832//1832 1806//1806 1834//1834
f 1832//1832 1834//1834 1833//1833
f 1833//1833 1834//1834 1835//1835
f 1833//1833 1835//1835 1831//1831
f 1834//1834 1806//1806 1836//1836
f 1834//1834 1836//1836 1835//1835
f 1835//1835 1836//1836 1837//1837
f 1835//1835 1837//1837 1831//1831
f 1836//1836 1806//1806 1838//1838
f 1836//1836 1838//1838 1837//1837
f 1837//1837 1838//1838 1839//1839
f 1837//1837 1839//1839 1831//1831
f 1838//1838 1806//1806 1840//1840
f 1838//1838 1840//1840 1839//1839
f 1839//1839 1840//1840 1841//1841
f 1839//1839 1841//1841 1831//1831
f 1840//1840 1806//1806 1842//1842
f 1840//1840 1842//1842 1841//1841
f 1841//1841 1842//1842 1843//1843
f 1841//1841 1843//1843 1831//1831
f 1842//1842 1806//1806 1844//1844
f 1842//1842 1844//1844 1843//1843
f 1843//1843 1844//1844 1845//1845
f 1843//1843 1845//1845 1831//1831
f 1844//1844 1806//1806 1846//1846
f 1844//1844 1846//1846 1845//1845
f 1845//1845 1846//1846 1847//1847
f 1845//1845 1847//1847 1831//1831
f 1846//1846 1806//1806 1848//1848
f 1846//1846 1848//1848 1847//1847
f 1847//1847 1848//1848 1849//1849
f 1847//1847 1849//1849 1831//1831
f 1848//1848 1806//1806 1850//1850
f 1848//1848 1850//1850 1849//1849
f 1849//1849 1850//1850 1851//1851
f 1849//1849 1851//1851 1831//1831
f 1850//1850 1806//1806 1827//1827
f 1850//1850 1827//1827 1851//1851
f 1851//1851 1827//1827 1829//1829
f 1851//1851 1829//1829 1831//1831
f 1852//1852 1831//1831 1853//1853
f 1852//1852 1853//1853 1854//1854
f 1854//1854 1853//1853 1855//1855
f 1854//1854 1855//1855 1856//1856
f 1853//1853 1831//1831 1857//1857
f 1853//1853 1857//1857 1855//1855
f 1855//1855 1857//1857 1858//1858
f 1855//1855 1858//1858 1856//1856
f 1857//1857 1831//1831 1859//1859
f 1857//1857 1859//1859 1858//1858
f 1858//1858 1859//1859 1860//1860
f 1858//1858 1860//1860 1856//1856
f 1859//1859 1831//1831 1861//1861
f 1859//1859 1861//1861 1860//1860
f 1860//1860 1861//1861 1862//1862
f 1860//1860 1862//1862 1856//1856
f 1861//1861 1831//1831 1863//1863
f 1861//1861 1863//1863 1862//1862
f 1862//1862 1863//1863 1864//1864
f 1862//1862 1864//1864 1856//1856
f 1863//1863 1831//1831 1865//1865
f 1863//1863 1865//1865 1864//1864
f 1864//1864 1865//1865 1866//1866
f 1864//1864 1866//1866 1856//1856
f 1865//1865 1831//1831 1867//1867
f 1865//1865 1867//1867 1866//1866
f 1866//1866 1867//1867 1868//1868
f 1866//1866 1868//1868 1856//1856
f 1867//1867 1831//1831 1869//1869
f 1867//1867 1869//1869 1868//1868
f 1868//1868 1869//1869 1870//1870
f 1868//1868 1870//1870 1856//1856
f 1869//1869 1831//1831 1871//1871
f 1869//1869 1871//1871 1870//1870
f 1870//1870 1871//1871 1872//1872
f 1870//1870 1872//1872 1856//1856
f 1871//1871 1831//1831 1873//1873
f 1871//1871 1873//1873 1872//1872
f 1872//1872 1873//1873 1874//1874
f 1872//1872 1874//1874 1856//1856
f 1873//1873 1831//1831 1875//1875
f 1873//1873 1875//1875 1874//1874
f 1874//1874 1875//1875 1876//1876
f 1874//1874 1876//1876 1856//1856
f 1875//1875 1831//1831 1852//1852
f 1875//1875 1852//1852 1876//1876
f 1876//1876 1852//1852 1854//1854
f 1876//1876 1854//1854 1856//1856
f 1877//1877 1856//1856 1878//1878
f 1877//1877 1878//1878 1879//1879
f 1879//1879 1878//1878 1880//1880
f 1879//1879 1880//1880 1881//1881
f 1878//1878 1856//1856 1882//1882
f 1878//1878 1882//1882 1880//1880
f 1880//1880 1882//1882 1883//1883
f 1880//1880 1883//1883 1881//1881
f 1882//1882 1856//1856 1884//1884
f 1882//1882 1884//1884 1883//1883
f 1883//1883 1884//1884 1885//1885
f 1883//1883 1885//1885 1881//1881
f 1884//1884 1856//1856 1886//1886
f 1884//1884 1886//1886 1885//1885
f 1885//1885 1886//1886 1887//1887
f 1885//1885 1887//1887 1881//1881
f 1886//1886 1856//1856 1888//1888
f 1886//1886 1888//1888 1887//1887
f 1887//1887 1888//1888 1889//1889
f 1887//1887 1889//1889 1881//1881
f 1888//1888 1856//1856 1890//1890
f 1888//1888 1890//1890 1889//1889
f 1889//1889 1890//1890 1891//1891
f 1889//1889 1891//1891 1881//1881
f 1890//1890 1856//1856 1892//1892
f 1890//1890 1892//1892 1891//1891
f 1891//1891 1892//1892 1893//1893
f 1891//1891 1893//1893 1881//1881
f 1892//1892 1856//1856 1894//1894
f 1892//1892 1894//1894 1893//1893
f 1893//1893 1894//1894 1895//1895
f 1893//1893 1895//1895 1881//1881
f 1894//1894 1856//1856 1896//1896
f 1894//1894 1896//1896 1895//1895
f 1895//1895 1896//1896 1897//1897
f 1895//1895 1897//1897 1881//1881
f 1896//1896 1856//1856 1898//1898
f 1896//1896 1898//1898 1897//1897
f 1897//1897 1898//1898 1899//1899
f 1897//1897 1899//1899 1881//1881
f 1898//1898 1856//1856 1900//1900
f 1898//1898 1900//1900 1899//1899
f 1899//1899 1900//1900 1901//1901
f 1899//1899 1901//1901 1881//1881
f 1900//1900 1856//1856 1877//1877
f 1900//1900 1877//1877 1901//1901
f 1901//1901 1877//1877 1879//1879
f 1901//1901 1879//1879 1881//1881
f 1902//1902 1881//1881 1903//1903
f 1902//1902 1903//1903 1904//1904
f 1904//1904 1903//1903 1905//1905
f 1904//1904 1905//1905 1906//1906
f 1903//1903 1881//1881 1907//1907
f 1903//1903 1907//1907 1905//1905
f 1905//1905 1907//1907 1908//1908
f 1905//1905 1908//1908 1906//1906
f 1907//1907 1881//1881 1909//1909
f 1907//1907 1909//1909 1908//1908
f 1908//1908 1909//1909 1910//1910
f 1908//1908 1910//1910 1906//1906
f 1909//1909 1881//1881 1911//1911
f 1909//1909 1911//1911 1910//1910
f 1910//1910 1911//1911 1912//1912
f 1910//1910 1912//1912 1906//1906
f 1911//1911 1881//1881 1913//1913
f 1911//1911 1913//1913 1912//1912
f 1912//1912 1913//1913 1914//1914
f 1912//1912 1914//1914 1906//1906
f 1913//1913 1881//1881 1915//1915
f 1913//1913 1915//1915 1914//1914
f 1914//1914 1915//1915 1916//1916
f 1914//1914 1916//1916 1906//1906
f 1915//1915 1881//1881 1917//1917
f 1915//1915 1917//1917 1916//1916
f 1916//1916 1917//1917 1918//1918
f 1916//1916 1918//1918 1906//1906
f 1917//1917 1881//1881 1919//1919
f 1917//1917 1919//1919 1918//1918
f 1918//1918 1919//1919 1920//1920
f 1918//1918 1920//1920 1906//1906
f 1919//1919 1881//1881 1921//1921
f 1919//1919 1921//1921 1920//1920
f 1920//1920 1921//1921 1922//1922
f 1920//1920 1922//1922 1906//1906
f 1921//1921 1881//1881 1923//1923
f 1921//1921 1923//1923 1922//1922
f 1922//1922 1923//1923 1924//1924
f 1922//1922 1924//1924 1906//1906
f 1923//1923 1881//1881 1925//1925
f 1923//1923 1925//1925 1924//1924
f 1924//1924 1925//1925 1926//1926
f 1924//1924 1926//1926 1906//1906
f 1925//1925 1881//1881 1902//1902
f 1925//1925 1902//1902 1926//1926
f 1926//1926 1902//1902 1904//1904
f 1926//1926 1904//1904 1906//1906
f 1927//1927 1906//1906 1928//1928
f 1927//1927 1928//1928 1929//1929
f 1929//1929 1928//1928 1930//1930
f 1929//1929 1930//1930 1931//1931
f 1928//1928 1906//1906 1932//1932
f 1928//1928 1932//1932 1930//1930
f 1930//1930 1932//1932 1933//1933
f 1930//1930 1933//1933 1931//1931
f 1932//1932 1906//1906 1934//1934
f 1932//1932 1934//1934 1933//1933
f 1933//1933 1934//1934 1935//1935
f 1933//1933 1935//1935 1931//1931
f 1934//1934 1906//1906 1936//1936
f 1934//1934 1936//1936 1935//1935
f 1935//1935 1936//1936 1937//1937
f 1935//1935 1937//1937 1931//1931
f 1936//1936 1906//1906 1938//1938
f 1936//1936 1938//1938 1937//1937
f 1937//1937 1938//1938 1939//1939
f 1937//1937 1939//1939 1931//1931
f 1938//1938 1906//1906 1940//1940
f 1938//1938 1940//1940 1939//1939
f 1939//1939 1940//1940 1941//1941
f 1939//1939 1941//1941 1931//1931
f 1940//1940 1906//1906 1942//1942
f 1940//1940 1942//1942 1941//1941
f 1941//1941 1942//1942 1943//1943
f 1941//1941 1943//1943 1931//1931
f 1942//1942 1906//1906 1944//1944
f 1942//1942 1944//1944 1943//1943
f 1943//1943 1944//1944 1945//1945
f 1943//1943 1945//1945 1931//1931
f 1944//1944 1906//1906 1946//1946
f 1944//1944 1946//1946 1945//1945
f 1945//1945 1946//1946 1947//1947
f 1945//1945 1947//1947 1931//1931
f 1946//1946 1906//1906 1948//1948
f 1946//1946 1948//1948 1947//1947
f 1947//1947 1948//1948 1949//1949
f 1947//1947 1949//1949 1931//1931
f 1948//1948 1906//1906 1950//1950
f 1948//1948 1950//1950 1949//1949
f 1949//1949 1950//1950 1951//1951
f 1949//1949 1951//1951 1931//1931
f 1950//1950 1906//1906 1927//1927
f 1950//1950 1927//1927 1951//1951
f 1951//1951 1927//1927 1929//1929
f 1951//1951 1929//1929 1931//1931
f 1952//1952 1931//1931 1953//1953
f 1952//1952 1953//1953 1954//1954
f 1954//1954 1953//1953 1955//1955
f 1954//1954 1955//1955 1956//1956
f 1953//1953 1931//1931 1957//1957
f 1953//1953 1957//1957 1955//1955
f 1955//1955 1957//1957 1958//1958
f 1955//1955 1958//1958 1956//1956
f 1957//1957 1931//1931 1959//1959
f 1957//1957 1959//1959 1958//1958
f 1958//1958 1959//1959 1960//1960
f 1958//1958 1960//1960 1956//1956
f 1959//1959 1931//1931 1961//1961
f 1959//1959 1961//1961 1960//1960
f 1960//1960 1961//1961 1962//1962
f 1960//1960 1962//1962 1956//1956
f 1961//1961 1931//1931 1963//1963
f 1961//1961 1963//1963 1962//1962
f 1962//1962 1963//1963 1964//1964
f 1962//1962 1964//1964 1956//1956
f 1963//1963 1931//1931 1965//1965
f 1963//1963 1965//1965 1964//1964
f 1964//1964 1965//1965 1966//1966
f 1964//1964 1966//1966 1956//1956
f 1965//1965 1931//1931 1967//1967
f 1965//1965 1967//1967 1966//1966
f 1966//1966 1967//1967 1968//1968
f 1966//1966 1968//1968 1956//1956
f 1967//1967 1931//1931 1969//1969
f 1967//1967 1969//1969 1968//1968
f 1968//1968 1969//1969 1970//1970
f 1968//1968 1970//1970 1956//1956
f 1969//1969 1931//1931 1971//1971
f 1969//1969 1971//1971 1970//1970
f 1970//1970 1971//1971 1972//1972
f 1970//1970 1972//1972 1956//1956
f 1971//1971 1931//1931 1973//1973
f 1971//1971 1973//1973 1972//1972
f 1972//1972 1973//1973 1974//1974
f 1972//1972 1974//1974 1956//1956
f 1973//1973 1931//1931 1975//1975
f 1973//1973 1975//1975 1974//1974
f 1974//1974 1975//1975 1976//1976
f 1974//1974 1976//1976 1956//1956
f 1975//1975 1931//1931 1952//1952
f 1975//1975 1952//1952 1976//1976
f 1976//1976 1952//1952 1954//1954
f 1976//1976 1954//1954 1956//1956
f 1977//1977 1956//1956 1978//1978
f 1977//1977 1978//1978 1979//1979
f 1979//1979 1978//1978 1980//1980
f 1979//1979 1980//1980 1981//1981
f 1978//1978 1956//1956 1982//1982
f 1978//1978 1982//1982 1980//1980
f 1980//1980 1982//1982 1983//1983
f 1980//1980 1983//1983 1981//1981
f 1982//1982 1956//1956 1984//1984
f 1982//1982 1984//1984 1983//1983
f 1983//1983 1984//1984 1985//1985
f 1983//1983 1985//1985 1981//1981
f 1984//1984 1956//1956 1986//1986
f 1984//1984 1986//1986 1985//1985
f 1985//1985 1986//1986 1987//1987
f 1985//1985 1987//1987 1981//1981
f 1986//1986 1956//1956 1988//1988
f 1986//1986 1988//1988 1987//1987
f 1987//1987 1988//1988 1989//1989
f 1987//1987 1989//1989 1981//1981
f 1988//1988 1956//1956 1990//1990
f 1988//1988 1990//1990 1989//1989
f 1989//1989 1990//1990 1991//1991
f 1989//1989 1991//1991 1981//1981
f 1990//1990 1956//1956 1992//1992
f 1990//1990 1992//1992 1991//1991
f 1991//1991 1992//1992 1993//1993
f 1991//1991 1993//1993 1981//1981
f 1992//1992 1956//1956 1994//1994
f 1992//1992 1994//1994 1993//1993
f 1993//1993 1994//1994 1995//1995
f 1993//1993 1995//1995 1981//1981
f 1994//1994 1956//1956 1996//1996
f 1994//1994 1996//1996 1995//1995
f 1995//1995 1996//1996 1997//1997
f 1995//1995 1997//1997 1981//1981
f 1996//1996 1956//1956 1998//1998
f 1996//1996 1998//1998 1997//1997
f 1997//1997 1998//1998 1999//1999
f 1997//1997 1999//1999 1981//1981
f 1998//1998 1956//1956 2000//2000
f 1998//1998 2000//2000 1999//1999
f 1999//1999 2000//2000 2001//2001
f 1999//1999 2001//2001 1981//1981
f 2000//2000 1956//1956 1977//1977
f 2000//2000 1977//1977 2001//2001
f 2001//2001 1977//1977 1979//1979
f 2001//2001 1979//1979 1981//1981
f 2002//2002 1981//1981 2003//2003
f 2002//2002 2003//2003 2004//2004
f 2004//2004 2003//2003 2005//2005
f 2004//2004 2005//2005 2006//2006
f 2003//2003 1981//1981 2007//2007
f 2003//2003 2007//2007 2005//2005
f 2005//2005 2007//2007 2008//2008
f 2005//2005 2008//2008 2006//2006
f 2007//2007 1981//1981 2009//2009
f 2007//2007 2009//2009 2008//2008
f 2008//2008 2009//2009 2010//2010
f 2008//2008 2010//2010 2006//2006
f 2009//2009 1981//1981 2011//2011
f 2009//2009 2011//2011 2010//2010
f 2010//2010 2011//2011 2012//2012
f 2010//2010 2012//2012 2006//2006
f 2011//2011 1981//1981 2013//2013
f 2011//2011 2013//2013 2012//2012
f 2012//2012 2013//2013 2014//2014
f 2012//2012 2014//2014 2006//2006
f 2013//2013 1981//1981 2015//2015
f 2013//2013 2015//2015 2014//2014
f 2014//2014 2015//2015 2016//2016
f 2014//2014 2016//2016 2006//2006
f 2015//2015 1981//1981 2017//2017
f 2015//2015 2017//2017 2016//2016
f 2016//2016 2017//2017 2018//2018
f 2016//2016 2018//2018 2006//2006
f 2017//2017 1981//1981 2019//2019
f 2017//2017 2019//2019 2018//2018
f 2018//2018 2019//2019 2020//2020
f 2018//2018 2020//2020 2006//2006
f 2019//2019 1981//1981 2021//2021
f 2019//2019 2021//2021 2020//2020
f 2020//2020 2021//2021 2022//2022
f 2020//2020 2022//2022 2006//2006
f 2021//2021 1981//1981 2023//2023
f 2021//2021 2023//2023 2022//2022
f 2022//2022 2023//2023 2024//2024
f 2022//2022 2024//2024 2006//2006
f 2023//2023 1981//1981 2025//2025
f 2023//2023 2025//2025 2024//2024
f 2024//2024 2025//2025 2026//2026
f 2024//2024 2026//2026 2006//2006
f 2025//2025 1981//1981 2002//2002
f 2025//2025 2002//2002 2026//2026
f 2026//2026 2002//2002 2004//2004
f 2026//2026 2004//2004 2006//2006
f 2027//2027 2006//2006 2028//2028
f 2027//2027 2028//2028 2029//2029
f 2029//2029 2028//2028 2030//2030
f 2029//2029 2030//2030 2031//2031
f 2028//2028 2006//2006 2032//2032
f 2028//2028 2032//2032 2030//2030
f 2030//2030 2032//2032 2033//2033
f 2030//2030 2033//2033 2031//2031
f 2032//2032 2006//2006 2034//2034
f 2032//2032 2034//2034 2033//2033
f 2033//2033 2034//2034 2035//2035
f 2033//2033 2035//2035 2031//2031
f 2034//2034 2006//2006 2036//2036
f 2034//2034 2036//2036 2035//2035
f 2035//2035 2036//2036 2037//2037
f 2035//2035 2037//2037 2031//2031
f 2036//2036 2006//2006 2038//2038
f 2036//2036 2038//2038 2037//2037
f 2037//2037 2038//2038 2039//2039
f 2037//2037 2039//2039 2031//2031
f 2038//2038 2006//2006 2040//2040
f 2038//2038 2040//2040 2039//2039
f 2039//2039 2040//2040 2041//2041
f 2039//2039 2041//2041 2031//2031
f 2040//2040 2006//2006 2042//2042
f 2040//2040 2042//2042 2041//2041
f 2041//2041 2042//2042 2043//2043
f 2041//2041 2043//2043 2031//2031
f 2042//2042 2006//2006 2044//2044
f 2042//2042 2044//2044 2043//2043
f 2043//2043 2044//2044 2045//2045
f 2043//2043 2045//2045 2031//2031
f 2044//2044 2006//2006 2046//2046
f 2044//2044 2046//2046 2045//2045
f 2045//2045 2046//2046 2047//2047
f 2045//2045 2047//2047 2031//2031
f 2046//2046 2006//2006 2048//2048
f 2046//2046 2048//2048 2047//2047
f 2047//2047 2048//2048 2049//2049
f 2047//2047 2049//2049 2031//2031
f 2048//2048 2006//2006 2050//2050
f 2048//2048 2050//2050 2049//2049
f 2049//2049 2050//2050 2051//2051
f 2049//2049 2051//2051 2031//2031
f 2050//2050 2006//2006 2027//2027
f 2050//2050 2027//2027 2051//2051
f 2051//2051 2027//2027 2029//2029
f 2051//2051 2029//2029 2031//2031
f 2052//2052 2031//2031 2053//2053
f 2052//2052 2053//2053 2054//2054
f 2054//2054 2053//2053 2055//2055
f 2054//2054 2055//2055 2056//2056
f 2053//2053 2031//2031 2057//2057
f 2053//2053 2057//2057 2055//2055
f 2055//2055 2057//2057 2058//2058
f 2055//2055 2058//2058 2056//2056
f 2057//2057 2031//2031 2059//2059
f 2057//2057 2059//2059 2058//2058
f 2058//2058 2059//2059 2060//2060
f 2058//2058 2060//2060 2056//2056
f 2059//2059 2031//2031 2061//2061
f 2059//2059 2061//2061 2060//2060
f 2060//2060 2061//2061 2062//2062
f 2060//2060 2062//2062 2056//2056
f 2061//2061 2031//2031 2063//2063
f 2061//2061 2063//2063 2062//2062
f 2062//2062 2063//2063 2064//2064
f 2062//2062 2064//2064 2056//2056
f 2063//2063 2031//2031 2065//2065
f 2063//2063 2065//2065 2064//2064
f 2064//2064 2065//2065 2066//2066
f 2064//2064 2066//2066 2056//2056
f 2065//2065 2031//2031 2067//2067
f 2065//2065 2067//2067 2066//2066
f 2066//2066 2067//2067 2068//2068
f 2066//2066 2068//2068 2056//2056
f 2067//2067 2031//2031 2069//2069
f 2067//2067 2069//2069 2068//2068
f 2068//2068 2069//2069 2070//2070
f 2068//2068 2070//2070 2056//2056
f 2069//2069 2031//2031 2071//2071
f 2069//2069 2071//2071 2070//2070
f 2070//2070 2071//2071 2072//2072
f 2070//2070 2072//2072 2056//2056
f 2071//2071 2031//2031 2073//2073
f 2071//2071 2073//2073 2072//2072
f 2072//2072 2073//2073 2074//2074
f 2072//2072 2074//2074 2056//2056
f 2073//2073 2031//2031 2075//2075
f 2073//2073 2075//2075 2074//2074
f 2074//2074 2075//2075 2076//2076
f 2074//2074 2076//2076 2056//2056
f 2075//2075 2031//2031 2052//2052
f 2075//2075 2052//2052 2076//2076
f 2076//2076 2052//2052 2054//2054
f 2076//2076 2054//2054 2056//2056
f 2077//2077 2056//2056 2078//2078
f 2077//2077 2078//2078 2079//2079
f 2079//2079 2078//2078 2080//2080
f 2079//2079 2080//2080 2081//2081
f 2078//2078 2056//2056 2082//2082
f 2078//2078 2082//2082 2080//2080
f 2080//2080 2082//2082 2083//2083
f 2080//2080 2083//2083 2081//2081
f 2082//2082 2056//2056 2084//2084
f 2082//2082 2084//2084 2083//2083
f 2083//2083 2084//2084 2085//2085
f 2083//2083 2085//2085 2081//2081
f 2084//2084 2056//2056 2086//2086
f 2084//2084 2086//2086 2085//2085
f 2085//2085 2086//2086 2087//2087
f 2085//2085 2087//2087 2081//2081
f 2086//2086 2056//2056 2088//2088
f 2086//2086 2088//2088 2087//2087
f 2087//2087 2088//2088 2089//2089
f 2087//2087 2089//2089 2081//2081
f 2088//2088 2056//2056 2090//2090
f 2088//2088 2090//2090 2089//2089
f 2089//2089 2090//2090 2091//2091
f 2089//2089 2091//2091 2081//2081
f 2090//2090 2056//2056 2092//2092
f 2090//2090 2092//2092 2091//2091
f 2091//2091 2092//2092 2093//2093
f 2091//2091 2093//2093 2081//2081
f 2092//2092 2056//2056 2094//2094
f 2092//2092 2094//2094 2093//2093
f 2093//2093 2094//2094 2095//2095
f 2093//2093 2095//2095 2081//2081
f 2094//2094 2056//2056 2096//2096
f 2094//2094 2096//2096 2095//2095
f 2095//2095 2096//2096 2097//2097
f 2095//2095 2097//2097 2081//2081
f 2096//2096 2056//2056 2098//2098
f 2096//2096 2098//2098 2097//2097
f 2097//2097 2098//2098 2099//2099
f 2097//2097 2099//2099 2081//2081
f 2098//2098 2056//2056 2100//2100
f 2098//2098 2100//2100 2099//2099
f 2099//2099 2100//2100 2101//2101
f 2099//2099 2101//2101 2081//2081
f 2100//2100 2056//2056 2077//2077
f 2100//2100 2077//2077 2101//2101
f 2101//2101 2077//2077 2079//2079
f 2101//2101 2079//2079 2081//2081
f 2102//2102 2081//2081 2103//2103
f 2102//2102 2103//2103 2104//2104
f 2104//2104 2103//2103 2105//2105
f 2104//2104 2105//2105 2106//2106
f 2103//2103 2081//2081 2107//2107
f 2103//2103 2107//2107 2105//2105
f 2105//2105 2107//2107 2108//2108
f 2105//2105 2108//2108 2106//2106
f 2107//2107 2081//2081 2109//2109
f 2107//2107 2109//2109 2108//2108
f 2108//2108 2109//2109 2110//2110
f 2108//2108 2110//2110 2106//2106
f 2109//2109 2081//2081 2111//2111
f 2109//2109 2111//2111 2110//2110
f 2110//2110 2111//2111 2112//2112
f 2110//2110 2112//2112 2106//2106
f 2111//2111 2081//2081 2113//2113
f 2111//2111 2113//2113 2112//2112
f 2112//2112 2113//2113 2114//2114
f 2112//2112 2114//2114 2106//2106
f 2113//2113 2081//2081 2115//2115
f 2113//2113 2115//2115 2114//2114
f 2114//2114 2115//2115 2116//2116
f 2114//2114 2116//2116 2106//2106
f 2115//2115 2081//2081 2117//2117
f 2115//2115 2117//2117 2116//2116
f 2116//2116 2117//2117 2118//2118
f 2116//2116 2118//2118 2106//2106
f 2117//2117 2081//2081 2119//2119
f 2117//2117 2119//2119 2118//2118
f 2118//2118 2119//2119 2120//2120
f 2118//2118 2120//2120 2106//2106
f 2119//2119 2081//2081 2121//2121
f 2119//2119 2121//2121 2120//2120
f 2120//2120 2121//2121 2122//2122
f 2120//2120 2122//2122 2106//2106
f 2121//2121 2081//2081 2123//2123
f 2121//2121 2123//2123 2122//2122
f 2122//2122 2123//2123 2124//2124
f 2122//2122 2124//2124 2106//2106
f 2123//2123 2081//2081 2125//2125
f 2123//2123 2125//2125 2124//2124
f 2124//2124 2125//2125 2126//2126
f 2124//2124 2126//2126 2106//2106
f 2125//2125 2081//2081 2102//2102
f 2125//2125 2102//2102 2126//2126
f 2126//2126 2102//2102 2104//2104
f 2126//2126 2104//2104 2106//2106
f 2127//2127 2106//2106 2128//2128
f 2127//2127 2128//2128 2129//2129
f 2129//2129 2128//2128 2130//2130
f 2129//2129 2130//2130 2131//2131
f 2128//2128 2106//2106 2132//2132
f 2128//2128 2132//2132 2130//2130
f 2130//2130 2132//2132 2133//2133
f 2130//2130 2133//2133 2131//2131
f 2132//2132 2106//2106 2134//2134
f 2132//2132 2134//2134 2133//2133
f 2133//2133 2134//2134 2135//2135
f 2133//2133 2135//2135 2131//2131
f 2134//2134 2106//2106 2136//2136
f 2134//2134 2136//2136 2135//2135
f 2135//2135 2136//2136 2137//2137
f 2135//2135 2137//2137 2131//2131
f 2136//2136 2106//2106 2138//2138
f 2136//2136 2138//2138 2137//2137
f 2137//2137 2138//2138 2139//2139
f 2137//2137 2139//2139 2131//2131
f 2138//2138 2106//2106 2140//2140
f 2138//2138 2140//2140 2139//2139
f 2139//2139 2140//2140 2141//2141
f 2139//2139 2141//2141 2131//2131
f 2140//2140 2106//2106 2142//2142
f 2140//2140 2142//2142 2141//2141
f 2141//2141 2142//2142 2143//2143
f 2141//2141 2143//2143 2131//2131
f 2142//2142 2106//2106 2144//2144
f 2142//2142 2144//2144 2143//2143
f 2143//2143 2144//2144 2145//2145
f 2143//2143 2145//2145 2131//2131
f 2144//2144 2106//2106 2146//2146
f 2144//2144 2146//2146 2145//2145
f 2145//2145 2146//2146 2147//2147
f 2145//2145 2147//2147 2131//2131
f 2146//2146 2106//2106 2148//2148
f 2146//2146 2148//2148 2147//2147
f 2147//2147 2148//2148 2149//2149
f 2147//2147 2149//2149 2131//2131
f 2148//2148 2106//2106 2150//2150
f 2148//2148 2150//2150 2149//2149
f 2149//2149 2150//2150 2151//2151
f 2149//2149 2151//2151 2131//2131
f 2150//2150 2106//2106 2127//2127
f 2150//2150 2127//2127 2151//2151
f 2151//2151 2127//2127 2129//2129
f 2151//2151 2129//2129 2131//2131
f 2152//2152 2131//2131 2153//2153
f 2152//2152 2153//2153 2154//2154
f 2154//2154 2153//2153 2155//2155
f 2154//2154 2155//2155 2156//2156
f 2153//2153 2131//2131 2157//2157
f 2153//2153 2157//2157 2155//2155
f 2155//2155 2157//2157 2158//2158
f 2155//2155 2158//2158 2156//2156
f 2157//2157 2131//2131 2159//2159
f 2157//2157 2159//2159 2158//2158
f 2158//2158 2159//2159 2160//2160
f 2158//2158 2160//2160 2156//2156
f 2159//2159 2131//2131 2161//2161
f 2159//2159 2161//2161 2160//2160
f 2160//2160 2161//2161 2162//2162
f 2160//2160 2162//2162 2156//2156
f 2161//2161 2131//2131 2163//2163
f 2161//2161 2163//2163 2162//2162
f 2162//2162 2163//2163 2164//2164
f 2162//2162 2164//2164 2156//2156
f 2163//2163 2131//2131 2165//2165
f 2163//2163 2165//2165 2164//2164
f 2164//2164 2165//2165 2166//2166
f 2164//2164 2166//2166 2156//2156
f 2165//2165 2131//2131 2167//2167
f 2165//2165 2167//2167 2166//2166
f 2166//2166 2167//2167 2168//2168
f 2166//2166 2168//2168 2156//2156
f 2167//2167 2131//2131 2169//2169
f 2167//2167 2169//2169 2168//2168
f 2168//2168 2169//2169 2170//2170
f 2168//2168 2170//2170 2156//2156
f 2169//2169 2131//2131 2171//2171
f 2169//2169 2171//2171 2170//2170
f 2170//2170 2171//2171 2172//2172
f 2170//2170 2172//2172 2156//2156
f 2171//2171 2131//2131 2173//2173
f 2171//2171 2173//2173 2172//2172
f 2172//2172 2173//2173 2174//2174
f 2172//2172 2174//2174 2156//2156
f 2173//2173 2131//2131 2175//2175
f 2173//2173 2175//2175 2174//2174
f 2174//2174 2175//2175 2176//2176
f 2174//2174 2176//2176 2156//2156
f 2175//2175 2131//2131 2152//2152
f 2175//2175 2152//2152 2176//2176
f 2176//2176 2152//2152 2154//2154
f 2176//2176 2154//2154 2156//2156
f 2177//2177 2156//2156 2178//2178
f 2177//2177 2178//2178 2179//2179
f 2179//2179 2178//2178 2180//2180
f 2179//2179 2180//2180 2181//2181
f 2178//2178 2156//2156 2182//2182
f 2178//2178 2182//2182 2180//2180
f 2180//2180 2182//2182 2183//2183
f 2180//2180 2183//2183 2181//2181
f 2182//2182 2156//2156 2184//2184
f 2182//2182 2184//2184 2183//2183
f 2183//2183 2184//2184 2185//2185
f 2183//2183 2185//2185 2181//2181
f 2184//2184 2156//2156 2186//2186
f 2184//2184 2186//2186 2185//2185
f 2185//2185 2186//2186 2187//2187
f 2185//2185 2187//2187 2181//2181
f 2186//2186 2156//2156 2188//2188
f 2186//2186 2188//2188 2187//2187
f 2187//2187 2188//2188 2189//2189
f 2187//2187 2189//2189 2181//2181
f 2188//2188 2156//2156 2190//2190
f 2188//2188 2190//2190 2189//2189
f 2189//2189 2190//2190 2191//2191
f 2189//2189 2191//2191 2181//2181
f 2190//2190 2156//2156 2192//2192
f 2190//2190 2192//2192 2191//2191
f 2191//2191 2192//2192 2193//2193
f 2191//2191 2193//2193 2181//2181
f 2192//2192 2156//2156 2194//2194
f 2192//2192 2194//2194 2193//2193
f 2193//2193 2194//2194 2195//2195
f 2193//2193 2195//2195 2181//2181
f 2194//2194 2156//2156 2196//2196
f 2194//2194 2196//2196 2195//2195
f 2195//2195 2196//2196 2197//2197
f 2195//2195 2197//2197 2181//2181
f 2196//2196 2156//2156 2198//2198
f 2196//2196 2198//2198 2197//2197
f 2197//2197 2198//2198 2199//2199
f 2197//2197 2199//2199 2181//2181
f 2198//2198 2156//2156 2200//2200
f 2198//2198 2200//2200 2199//2199
f 2199//2199 2200//2200 2201//2201
f 2199//2199 2201//2201 2181//2181
f 2200//2200 2156//2156 2177//2177
f 2200//2200 2177//2177 2201//2201
f 2201//2201 2177//2177 2179//2179
f 2201//2201 2179//2179 2181//2181
f 2202//2202 2181//2181 2203//2203
f 2202//2202 2203//2203 2204//2204
f 2204//2204 2203//2203 2205//2205
f 2204//2204 2205//2205 2206//2206
f 2203//2203 2181//2181 2207//2207
f 2203//2203 2207//2207 2205//2205
f 2205//2205 2207//2207 2208//2208
f 2205//2205 2208//2208 2206//2206
f 2207//2207 2181//2181 2209//2209
f 2207//2207 2209//2209 2208//2208
f 2208//2208 2209//2209 2210//2210
f 2208//2208 2210//2210 2206//2206
f 2209//2209 2181//2181 2211//2211
f 2209//2209 2211//2211 2210//2210
f 2210//2210 2211//2211 2212//2212
f 2210//2210 2212//2212 2206//2206
f 2211//2211 2181//2181 2213//2213
f 2211//2211 2213//2213 2212//2212
f 2212//2212 2213//2213 2214//2214
f 2212//2212 2214//2214 2206//2206
f 2213//2213 2181//2181 2215//2215
f 2213//2213 2215//2215 2214//2214
f 2214//2214 2215//2215 2216//2216
f 2214//2214 2216//2216 2206//2206
f 2215//2215 2181//2181 2217//2217
f 2215//2215 2217//2217 2216//2216
f 2216//2216 2217//2217 2218//2218
f 2216//2216 2218//2218 2206//2206
f 2217//2217 2181//2181 2219//2219
f 2217//2217 2219//2219 2218//2218
f 2218//2218 2219//2219 2220//2220
f 2218//2218 2220//2220 2206//2206
f 2219//2219 2181//2181 2221//2221
f 2219//2219 2221//2221 2220//2220
f 2220//2220 2221//2221 2222//2222
f 2220//2220 2222//2222 2206//2206
f 2221//2221 2181//2181 2223//2223
f 2221//2221 2223//2223 2222//2222
f 2222//2222 2223//2223 2224//2224
f 2222//2222 2224//2224 2206//2206
f 2223//2223 2181//2181 2225//2225
f 2223//2223 2225//2225 2224//2224
f 2224//2224 2225//2225 2226//2226
f 2224//2224 2226//2226 2206//2206
f 2225//2225 2181//2181 2202//2202
f 2225//2225 2202//2202 2226//2226
f 2226//2226 2202//2202 2204//2204
f 2226//2226 2204//2204 2206//2206
f 2227//2227 2206//2206 2228//2228
f 2227//2227 2228//2228 2229//2229
f 2229//2229 2228//2228 2230//2230
f 2229//2229 2230//2230 2231//2231
f 2228//2228 2206//2206 2232//2232
f 2228//2228 2232//2232 2230//2230
f 2230//2230 2232//2232 2233//2233
f 2230//2230 2233//2233 2231//2231
f 2232//2232 2206//2206 2234//2234
f 2232//2232 2234//2234 2233//2233
f 2233//2233 2234//2234 2235//2235
f 2233//2233 2235//2235 2231//2231
f 2234//2234 2206//2206 2236//2236
f 2234//2234 2236//2236 2235//2235
f 2235//2235 2236//2236 2237//2237
f 2235//2235 2237//2237 2231//2231
f 2236//2236 2206//2206 2238//2238
f 2236//2236 2238//2238 2237//2237
f 2237//2237 2238//2238 2239//2239
f 2237//2237 2239//2239 2231//2231
f 2238//2238 2206//2206 2240//2240
f 2238//2238 2240//2240 2239//2239
f 2239//2239 2240//2240 2241//2241
f 2239//2239 2241//2241 2231//2231
f 2240//2240 2206//2206 2242//2242
f 2240//2240 2242//2242 2241//2241
f 2241//2241 2242//2242 2243//2243
f 2241//2241 2243//2243 2231//2231
f 2242//2242 2206//2206 2244//2244
f 2242//2242 2244//2244 2243//2243
f 2243//2243 2244//2244 2245//2245
f 2243//2243 2245//2245 2231//2231
f 2244//2244 2206//2206 2246//2246
f 2244//2244 2246//2246 2245//2245
f 2245//2245 2246//2246 2247//2247
f 2245//2245 2247//2247 2231//2231
f 2246//2246 2206//2206 2248//2248
f 2246//2246 2248//2248 2247//2247
f 2247//2247 2248//2248 2249//2249
f 2247//2247 2249//2249 2231//2231
f 2248//2248 2206//2206 2250//2250
f 2248//2248 2250//2250 2249//2249
f 2249//2249 2250//2250 2251//2251
f 2249//2249 2251//2251 2231//2231
f 2250//2250 2206//2206 2227//2227
f 2250//2250 2227//2227 2251//2251
f 2251//2251 2227//2227 2229//2229
f 2251//2251 2229//2229 2231//2231
f 2252//2252 2231//2231 2253//2253
f 2252//2252 2253//2253 2254//2254
f 2254//2254 2253//2253 2255//2255
f 2254//2254 2255//2255 2256//2256
f 2253//2253 2231//2231 2257//2257
f 2253//2253 2257//2257 2255//2255
f 2255//2255 2257//2257 2258//2258
f 2255//2255 2258//2258 2256//2256
f 2257//2257 2231//2231 2259//2259
f 2257//2257 2259//2259 2258//2258
f 2258//2258 2259//2259 2260//2260
f 2258//2258 2260//2260 2256//2256
f 2259//2259 2231//2231 2261//2261
f 2259//2259 2261//2261 2260//2260
f 2260//2260 2261//2261 2262//2262
f 2260//2260 2262//2262 2256//2256
f 2261//2261 2231//2231 2263//2263
f 2261//2261 2263//2263 2262//2262
f 2262//2262 2263//2263 2264//2264
f 2262//2262 2264//2264 2256//2256
f 2263//2263 2231//2231 2265//2265
f 2263//2263 2265//2265 2264//2264
f 2264//2264 2265//2265 2266//2266
f 2264//2264 2266//2266 2256//2256
f 2265//2265 2231//2231 2267//2267
f 2265//2265 2267//2267 2266//2266
f 2266//2266 2267//2267 2268//2268
f 2266//2266 2268//2268 2256//2256
f 2267//2267 2231//2231 2269//2269
f 2267//2267 2269//2269 2268//2268
f 2268//2268 2269//2269 2270//2270
f 2268//2268 2270//2270 2256//2256
f 2269//2269 2231//2231 2271//2271
f 2269//2269 2271//2271 2270//2270
f 2270//2270 2271//2271 2272//2272
f 2270//2270 2272//2272 2256//2256
f 2271//2271 2231//2231 2273//2273
f 2271//2271 2273//2273 2272//2272
f 2272//2272 2273//2273 2274//2274
f 2272//2272 2274//2274 2256//2256
f 2273//2273 2231//2231 2275//2275
f 2273//2273 2275//2275 2274//2274
f 2274//2274 2275//2275 2276//2276
f 2274//2274 2276//2276 2256//2256
f 2275//2275 2231//2231 2252//2252
f 2275//2275 2252//2252 2276//2276
f 2276//2276 2252//2252 2254//2254
f 2276//2276 2254//2254 2256//2256
f 2277//2277 2256//2256 2278//2278
f 2277//2277 2278//2278 2279//2279
f 2279//2279 2278//2278 2280//2280
f 2279//2279 2280//2280 2281//2281
f 2278//2278 2256//2256 2282//2282
f 2278//2278 2282//2282 2280//2280
f 2280//2280 2282//2282 2283//2283
f 2280//2280 2283//2283 2281//2281
f 2282//2282 2256//2256 2284//2284
f 2282//2282 2284//2284 2283//2283
f 2283//2283 2284//2284 2285//2285
f 2283//2283 2285//2285 2281//2281
f 2284//2284 2256//2256 2286//2286
f 2284//2284 2286//2286 2285//2285
f 2285//2285 2286//2286 2287//2287
f 2285//2285 2287//2287 2281//2281
f 2286//2286 2256//2256 2288//2288
f 2286//2286 2288//2288 2287//2287
f 2287//2287 2288//2288 2289//2289
f 2287//2287 2289//2289 2281//2281
f 2288//2288 2256//2256 2290//2290
f 2288//2288 2290//2290 2289//2289
f 2289//2289 2290//2290 2291//2291
f 2289//2289 2291//2291 2281//2281
f 2290//2290 2256//2256 2292//2292
f 2290//2290 2292//2292 2291//2291
f 2291//2291 2292//2292 2293//2293
f 2291//2291 2293//2293 2281//2281
f 2292//2292 2256//2256 2294//2294
f 2292//2292 2294//2294 2293//2293
f 2293//2293 2294//2294 2295//2295
f 2293//2293 2295//2295 2281//2281
f 2294//2294 2256//2256 2296//2296
f 2294//2294 2296//2296 2295//2295
f 2295//2295 2296//2296 2297//2297
f 2295//2295 2297//2297 2281//2281
f 2296//2296 2256//2256 2298//2298
f 2296//2296 2298//2298 2297//2297
f 2297//2297 2298//2298 2299//2299
f 2297//2297 2299//2299 2281//2281
f 2298//2298 2256//2256 2300//2300
f 2298//2298 2300//2300 2299//2299
f 2299//2299 2300//2300 2301//2301
f 2299//2299 2301//2301 2281//2281
f 2300//2300 2256//2256 2277//2277
f 2300//2300 2277//2277 2301//2301
f 2301//2301 2277//2277 2279//2279
f 2301//2301 2279//2279 2281//2281
f 2302//2302 2281//2281 2303//2303
f 2302//2302 2303//2303 2304//2304
f 2304//2304 2303//2303 2305//2305
f 2304//2304 2305//2305 2306//2306
f 2303//2303 2281//2281 2307//2307
f 2303//2303 2307//2307 2305//2305
f 2305//2305 2307//2307 2308//2308
f 2305//2305 2308//2308 2306//2306
f 2307//2307 2281//2281 2309//2309
f 2307//2307 2309//2309 2308//2308
f 2308//2308 2309//2309 2310//2310
f 2308//2308 2310//2310 2306//2306
f 2309//2309 2281//2281 2311//2311
f 2309//2309 2311//2311 2310//2310
f 2310//2310 2311//2311 2312//2312
f 2310//2310 2312//2312 2306//2306
f 2311//2311 2281//2281 2313//2313
f 2311//2311 2313//2313 2312//2312
f 2312//2312 2313//2313 2314//2314
f 2312//2312 2314//2314 2306//2306
f 2313//2313 2281//2281 2315//2315
f 2313//2313 2315//2315 2314//2314
f 2314//2314 2315//2315 2316//2316
f 2314//2314 2316//2316 2306//2306
f 2315//2315 2281//2281 2317//2317
f 2315//2315 2317//2317 2316//2316
f 2316//2316 2317//2317 2318//2318
f 2316//2316 2318//2318 2306//2306
f 2317//2317 2281//2281 2319//2319
f 2317//2317 2319//2319 2318//2318
f 2318//2318 2319//2319 2320//2320
f 2318//2318 2320//2320 2306//2306
f 2319//2319 2281//2281 2321//2321
f 2319//2319 2321//2321 2320//2320
f 2320//2320 2321//2321 2322//2322
f 2320//2320 2322//2322 2306//2306
f 2321//2321 2281//2281 2323//2323
f 2321//2321 2323//2323 2322//2322
f 2322//2322 2323//2323 2324//2324
f 2322//2322 2324//2324 2306//2306
f 2323//2323 2281//2281 2325//2325
f 2323//2323 2325//2325 2324//2324
f 2324//2324 2325//2325 2326//2326
f 2324//2324 2326//2326 2306//2306
f 2325//2325 2281//2281 2302//2302
f 2325//2325 2302//2302 2326//2326
f 2326//2326 2302//2302 2304//2304
f 2326//2326 2304//2304 2306//2306
f 2327//2327 2306//2306 2328//2328
f 2327//2327 2328//2328 2329//2329
f 2329//2329 2328//2328 2330//2330
f 2329//2329 2330//2330 2331//2331
f 2328//2328 2306//2306 2332//2332
f 2328//2328 2332//2332 2330//2330
f 2330//2330 2332//2332 2333//2333
f 2330//2330 2333//2333 2331//2331
f 2332//2332 2306//2306 2334//2334
f 2332//2332 2334//2334 2333//2333
f 2333//2333 2334//2334 2335//2335
f 2333//2333 2335//2335 2331//2331
f 2334//2334 2306//2306 2336//2336
f 2334//2334 2336//2336 2335//2335
f 2335//2335 2336//2336 2337//2337
f 2335//2335 2337//2337 2331//2331
f 2336//2336 2306//2306 2338//2338
f 2336//2336 2338//2338 2337//2337
f 2337//2337 2338//2338 2339//2339
f 2337//2337 2339//2339 2331//2331
f 2338//2338 2306//2306 2340//2340
f 2338//2338 2340//2340 2339//2339
f 2339//2339 2340//2340 2341//2341
f 2339//2339 2341//2341 2331//2331
f 2340//2340 2306//2306 2342//2342
f 2340//2340 2342//2342 2341//2341
f 2341//2341 2342//2342 2343//2343
f 2341//2341 2343//2343 2331//2331
f 2342//2342 2306//2306 2344//2344
f 2342//2342 2344//2344 2343//2343
f 2343//2343 2344//2344 2345//2345
f 2343//2343 2345//2345 2331//2331
f 2344//2344 2306//2306 2346//2346
f 2344//2344 2346//2346 2345//2345
f 2345//2345 2346//2346 2347//2347
f 2345//2345 2347//2347 2331//2331
f 2346//2346 2306//2306 2348//2348
f 2346//2346 2348//2348 2347//2347
f 2347//2347 2348//2348 2349//2349
f 2347//2347 2349//2349 2331//2331
f 2348//2348 2306//2306 2350//2350
f 2348//2348 2350//2350 2349//2349
f 2349//2349 2350//2350 2351//2351
f 2349//2349 2351//2351 2331//2331
f 2350//2350 2306//2306 2327//2327
f 2350//2350 2327//2327 2351//2351
f 2351//2351 2327//2327 2329//2329
f 2351//2351 2329//2329 2331//2331
f 2352//2352 2331//2331 2353//2353
f 2352//2352 2353//2353 2354//2354
f 2354//2354 2353//2353 2355//2355
f 2354//2354 2355//2355 2356//2356
f 2353//2353 2331//2331 2357//2357
f 2353//2353 2357//2357 2355//2355
f 2355//2355 2357//2357 2358//2358
f 2355//2355 2358//2358 2356//2356
f 2357//2357 2331//2331 2359//2359
f 2357//2357 2359//2359 2358//2358
f 2358//2358 2359//2359 2360//2360
f 2358//2358 2360//2360 2356//2356
f 2359//2359 2331//2331 2361//2361
f 2359//2359 2361//2361 2360//2360
f 2360//2360 2361//2361 2362//2362
f 2360//2360 2362//2362 2356//2356
f 2361//2361 2331//2331 2363//2363
f 2361//2361 2363//2363 2362//2362
f 2362//2362 2363//2363 2364//2364
f 2362//2362 2364//2364 2356//2356
f 2363//2363 2331//2331 2365//2365
f 2363//2363 2365//2365 2364//2364
f 2364//2364 2365//2365 2366//2366
f 2364//2364 2366//2366 2356//2356
f 2365//2365 2331//2331 2367//2367
f 2365//2365 2367//2367 2366//2366
f 2366//2366 2367//2367 2368//2368
f 2366//2366 2368//2368 2356//2356
f 2367//2367 2331//2331 2369//2369
f 2367//2367 2369//2369 2368//2368
f 2368//2368 2369//2369 2370//2370
f 2368//2368 2370//2370 2356//2356
f 2369//2369 2331//2331 2371//2371
f 2369//2369 2371//2371 2370//2370
f 2370//2370 2371//2371 2372//2372
f 2370//2370 2372//2372 2356//2356
f 2371//2371 2331//2331 2373//2373
f 2371//2371 2373//2373 2372//2372
f 2372//2372 2373//2373 2374//2374
f 2372//2372 2374//2374 2356//2356
f 2373//2373 2331//2331 2375//2375
f 2373//2373 2375//2375 2374//2374
f 2374//2374 2375//2375 2376//2376
f 2374//2374 2376//2376 2356//2356
f 2375//2375 2331//2331 2352//2352
f 2375//2375 2352//2352 2376//2376
f 2376//2376 2352//2352 2354//2354
f 2376//2376 2354//2354 2356//2356
f 2377//2377 2356//2356 2378//2378
f 2377//2377 2378//2378 2379//2379
f 2379//2379 2378//2378 2380//2380
f 2379//2379 2380//2380 2381//2381
f 2378//2378 2356//2356 2382//2382
f 2378//2378 2382//2382 2380//2380
f 2380//2380 2382//2382 2383//2383
f 2380//2380 2383//2383 2381//2381
f 2382//2382 2356//2356 2384//2384
f 2382//2382 2384//2384 2383//2383
f 2383//2383 2384//2384 2385//2385
f 2383//2383 2385//2385 2381//2381
f 2384//2384 2356//2356 2386//2386
f 2384//2384 2386//2386 2385//2385
f 2385//2385 2386//2386 2387//2387
f 2385//2385 2387//2387 2381//2381
f 2386//2386 2356//2356 2388//2388
f 2386//2386 2388//2388 2387//2387
f 2387//2387 2388//2388 2389//2389
f 2387//2387 2389//2389 2381//2381
f 2388//2388 2356//2356 2390//2390
f 2388//2388 2390//2390 2389//2389
f 2389//2389 2390//2390 2391//2391
f 2389//2389 2391//2391 2381//2381
f 2390//2390 2356//2356 2392//2392
f 2390//2390 2392//2392 2391//2391
f 2391//2391 2392//2392 2393//2393
f 2391//2391 2393//2393 2381//2381
f 2392//2392 2356//2356 2394//2394
f 2392//2392 2394//2394 2393//2393
f 2393//2393 2394//2394 2395//2395
f 2393//2393 2395//2395 2381//2381
f 2394//2394 2356//2356 2396//2396
f 2394//2394 2396//2396 2395//2395
f 2395//2395 2396//2396 2397//2397
f 2395//2395 2397//2397 2381//2381
f 2396//2396 2356//2356 2398//2398
f 2396//2396 2398//2398 2397//2397
f 2397//2397 2398//2398 2399//2399
f 2397//2397 2399//2399 2381//2381
f 2398//2398 2356//2356 2400//2400
f 2398//2398 2400//2400 2399//2399
f 2399//2399 2400//2400 2401//2401
f 2399//2399 2401//2401 2381//2381
f 2400//2400 2356//2356 2377//2377
f 2400//2400 2377//2377 2401//2401
f 2401//2401 2377//2377 2379//2379
f 2401//2401 2379//2379 2381//2381
f 2402//2402 2381//2381 2403//2403
f 2402//2402 2403//2403 2404//2404
f 2404//2404 2403//2403 2405//2405
f 2404//2404 2405//2405 2406//2406
f 2403//2403 2381//2381 2407//2407
f 2403//2403 2407//2407 2405//2405
f 2405//2405 2407//2407 2408//2408
f 2405//2405 2408//2408 2406//2406
f 2407//2407 2381//2381 2409//2409
f 2407//2407 2409//2409 2408//2408
f 2408//2408 2409//2409 2410//2410
f 2408//2408 2410//2410 2406//2406
f 2409//2409 2381//2381 2411//2411
f 2409//2409 2411//2411 2410//2410
f 2410//2410 2411//2411 2412//2412
f 2410//2410 2412//2412 2406//2406
f 2411//2411 2381//2381 2413//2413
f 2411//2411 2413//2413 2412//2412
f 2412//2412 2413//2413 2414//2414
f 2412//2412 2414//2414 2406//2406
f 2413//2413 2381//2381 2415//2415
f 2413//2413 2415//2415 2414//2414
f 2414//2414 2415//2415 2416//2416
f 2414//2414 2416//2416 2406//2406
f 2415//2415 2381//2381 2417//2417
f 2415//2415 2417//2417 2416//2416
f 2416//2416 2417//2417 2418//2418
f 2416//2416 2418//2418 2406//2406
f 2417//2417 2381//2381 2419//2419
f 2417//2417 2419//2419 2418//2418
f 2418//2418 2419//2419 2420//2420
f 2418//2418 2420//2420 2406//2406
f 2419//2419 2381//2381 2421//2421
f 2419//2419 2421//2421 2420//2420
f 2420//2420 2421//2421 2422//2422
f 2420//2420 2422//2422 2406//2406
f 2421//2421 2381//2381 2423//2423
f 2421//2421 2423//2423 2422//2422
f 2422//2422 2423//2423 2424//2424
f 2422//2422 2424//2424 2406//2406
f 2423//2423 2381//2381 2425//2425
f 2423//2423 2425//2425 2424//2424
f 2424//2424 2425//2425 2426//2426
f 2424//2424 2426//2426 2406//2406
f 2425//2425 2381//2381 2402//2402
f 2425//2425 2402//2402 2426//2426
f 2426//2426 2402//2402 2404//2404
f 2426//2426 2404//2404 2406//2406
f 2427//2427 2406//2406 2428//2428
f 2427//2427 2428//2428 2429//2429
f 2429//2429 2428//2428 2430//2430
f 2429//2429 2430//2430 2431//2431
f 2428//2428 2406//2406 2432//2432
f 2428//2428 2432//2432 2430//2430
f 2430//2430 2432//2432 2433//2433
f 2430//2430 2433//2433 2431//2431
f 2432//2432 2406//2406 2434//2434
f 2432//2432 2434//2434 2433//2433
f 2433//2433 2434//2434 2435//2435
f 2433//2433 2435//2435 2431//2431
f 2434//2434 2406//2406 2436//2436
f 2434//2434 2436//2436 2435//2435
f 2435//2435 2436//2436 2437//2437
f 2435//2435 2437//2437 2431//2431
f 2436//2436 2406//2406 2438//2438
f 2436//2436 2438//2438 2437//2437
f 2437//2437 2438//2438 2439//2439
f 2437//2437 2439//2439 2431//2431
f 2438//2438 2406//2406 2440//2440
f 2438//2438 2440//2440 2439//2439
f 2439//2439 2440//2440 2441//2441
f 2439//2439 2441//2441 2431//2431
f 2440//2440 2406//2406 2442//2442
f 2440//2440 2442//2442 2441//2441
f 2441//2441 2442//2442 2443//2443
f 2441//2441 2443//2443 2431//2431
f 2442//2442 2406//2406 2444//2444
f 2442//2442 2444//2444 2443//2443
f 2443//2443 2444//2444 2445//2445
f 2443//2443 2445//2445 2431//2431
f 2444//2444 2406//2406 2446//2446
f 2444//2444 2446//2446 2445//2445
f 2445//2445 2446//2446 2447//2447
f 2445//2445 2447//2447 2431//2431
f 2446//2446 2406//2406 2448//2448
f 2446//2446 2448//2448 2447//2447
f 2447//2447 2448//2448 2449//2449
f 2447//2447 2449//2449 2431//2431
f 2448//2448 2406//2406 2450//2450
f 2448//2448 2450//2450 2449//2449
f 2449//2449 2450//2450 2451//2451
f 2449//2449 2451//2451 2431//2431
f 2450//2450 2406//2406 2427//2427
f 2450//2450 2427//2427 2451//2451
f 2451//2451 2427//2427 2429//2429
f 2451//2451 2429//2429 2431//2431
f 2452//2452 2431//2431 2453//2453
f 2452//2452 2453//2453 2454//2454
f 2454//2454 2453//2453 2455//2455
f 2454//2454 2455//2455 2456//2456
f 2453//2453 2431//2431 2457//2457
f 2453//2453 2457//2457 2455//2455
f 2455//2455 2457//2457 2458//2458
f 2455//2455 2458//2458 2456//2456
f 2457//2457 2431//2431 2459//2459
f 2457//2457 2459//2459 2458//2458
f 2458//2458 2459//2459 2460//2460
f 2458//2458 2460//2460 2456//2456
f 2459//2459 2431//2431 2461//2461
f 2459//2459 2461//2461 2460//2460
f 2460//2460 2461//2461 2462//2462
f 2460//2460 2462//2462 2456//2456
f 2461//2461 2431//2431 2463//2463
f 2461//2461 2463//2463 2462//2462
f 2462//2462 2463//2463 2464//2464
f 2462//2462 2464//2464 2456//2456
f 2463//2463 2431//2431 2465//2465
f 2463//2463 2465//2465 2464//2464
f 2464//2464 2465//2465 2466//2466
f 2464//2464 2466//2466 2456//2456
f 2465//2465 2431//2431 2467//2467
f 2465//2465 2467//2467 2466//2466
f 2466//2466 2467//2467 2468//2468
f 2466//2466 2468//2468 2456//2456
f 2467//2467 2431//2431 2469//2469
f 2467//2467 2469//2469 2468//2468
f 2468//2468 2469//2469 2470//2470
f 2468//2468 2470//2470 2456//2456
f 2469//2469 2431//2431 2471//2471
f 2469//2469 2471//2471 2470//2470
f 2470//2470 2471//2471 2472//2472
f 2470//2470 2472//2472 2456//2456
f 2471//2471 2431//2431 2473//2473
f 2471//2471 2473//2473 2472//2472
f 2472//2472 2473//2473 2474//2474
f 2472//2472 2474//2474 2456//2456
f 2473//2473 2431//2431 2475//2475
f 2473//2473 2475//2475 2474//2474
f 2474//2474 2475//2475 2476//2476
f 2474//2474 2476//2476 2456//2456
f 2475//2475 2431//2431 2452//2452
f 2475//2475 2452//2452 2476//2476
f 2476//2476 2452//2452 2454//2454
f 2476//2476 2454//2454 2456//2456
f 2477//2477 2456//2456 2478//2478
f 2477//2477 2478//2478 2479//2479
f 2479//2479 2478//2478 2480//2480
f 2479//2479 2480//2480 2481//2481
f 2478//2478 2456//2456 2482//2482
f 2478//2478 2482//2482 2480//2480
f 2480//2480 2482//2482 2483//2483
f 2480//2480 2483//2483 2481//2481
f 2482//2482 2456//2456 2484//2484
f 2482//2482 2484//2484 2483//2483
f 2483//2483 2484//2484 2485//2485
f 2483//2483 2485//2485 2481//2481
f 2484//2484 2456//2456 2486//2486
f 2484//2484 2486//2486 2485//2485
f 2485//2485 2486//2486 2487//2487
f 2485//2485 2487//2487 2481//2481
f 2486//2486 2456//2456 2488//2488
f 2486//2486 2488//2488 2487//2487
f 2487//2487 2488//2488 2489//2489
f 2487//2487 2489//2489 2481//2481
f 2488//2488 2456//2456 2490//2490
f 2488//2488 2490//2490 2489//2489
f 2489//2489 2490//2490 2491//2491
f 2489//2489 2491//2491 2481//2481
f 2490//2490 2456//2456 2492//2492
f 2490//2490 2492//2492 2491//2491
f 2491//2491 2492//2492 2493//2493
f 2491//2491 2493//2493 2481//2481
f 2492//2492 2456//2456 2494//2494
f 2492//2492 2494//2494 2493//2493
f 2493//2493 2494//2494 2495//2495
f 2493//2493 2495//2495 2481//2481
f 2494//2494 2456//2456 2496//2496
f 2494//2494 2496//2496 2495//2495
f 2495//2495 2496//2496 2497//2497
f 2495//2495 2497//2497 2481//2481
f 2496//2496 2456//2456 2498//2498
f 2496//2496 2498//2498 2497//2497
f 2497//2497 2498//2498 2499//2499
f 2497//2497 2499//2499 2481//2481
f 2498//2498 2456//2456 2500//2500
f 2498//2498 2500//2500 2499//2499
f 2499//2499 2500//2500 2501//2501
f 2499//2499 2501//2501 2481//2481
f 2500//2500 2456//2456 2477//2477
f 2500//2500 2477//2477 2501//2501
f 2501//2501 2477//2477 2479//2479
f 2501//2501 2479//2479 2481//2481
f 2502//2502 2481//2481 2503//2503
f 2502//2502 2503//2503 2504//2504
f 2504//2504 2503//2503 2505//2505
f 2504//2504 2505//2505 2506//2506
f 2503//2503 2481//2481 2507//2507
f 2503//2503 2507//2507 2505//2505
f 2505//2505 2507//2507 2508//2508
f 2505//2505 2508//2508 2506//2506
f 2507//2507 2481//2481 2509//2509
f 2507//2507 2509//2509 2508//2508
f 2508//2508 2509//2509 2510//2510
f 2508//2508 2510//2510 2506//2506
f 2509//2509 2481//2481 2511//2511
f 2509//2509 2511//2511 2510//2510
f 2510//2510 2511//2511 2512//2512
f 2510//2510 2512//2512 2506//2506
f 2511//2511 2481//2481 2513//2513
f 2511//2511 2513//2513 2512//2512
f 2512//2512 2513//2513 2514//2514
f 2512//2512 2514//2514 2506//2506
f 2513//2513 2481//2481 2515//2515
f 2513//2513 2515//2515 2514//2514
f 2514//2514 2515//2515 2516//2516
f 2514//2514 2516//2516 2506//2506
f 2515//2515 2481//2481 2517//2517
f 2515//2515 2517//2517 2516//2516
f 2516//2516 2517//2517 2518//2518
f 2516//2516 2518//2518 2506//2506
f 2517//2517 2481//2481 2519//2519
f 2517//2517 2519//2519 2518//2518
f 2518//2518 2519//2519 2520//2520
f 2518//2518 2520//2520 2506//2506
f 2519//2519 2481//2481 2521//2521
f 2519//2519 2521//2521 2520//2520
f 2520//2520 2521//2521 2522//2522
f 2520//2520 2522//2522 2506//2506
f 2521//2521 2481//2481 2523//2523
f 2521//2521 2523//2523 2522//2522
f 2522//2522 2523//2523 2524//2524
f 2522//2522 2524//2524 2506//2506
f 2523//2523 2481//2481 2525//2525
f 2523//2523 2525//2525 2524//2524
f 2524//2524 2525//2525 2526//2526
f 2524//2524 2526//2526 2506//2506
f 2525//2525 2481//2481 2502//2502
f 2525//2525 2502//2502 2526//2526
f 2526//2526 2502//2502 2504//2504
f 2526//2526 2504//2504 2506//2506
f 2527//2527 2506//2506 2528//2528
f 2527//2527 2528//2528 2529//2529
f 2529//2529 2528//2528 2530//2530
f 2529//2529 2530//2530 2531//2531
f 2528//2528 2506//2506 2532//2532
f 2528//2528 2532//2532 2530//2530
f 2530//2530 2532//2532 2533//2533
f 2530//2530 2533//2533 2531//2531
f 2532//2532 2506//2506 2534//2534
f 2532//2532 2534//2534 2533//2533
f 2533//2533 2534//2534 2535//2535
f 2533//2533 2535//2535 2531//2531
f 2534//2534 2506//2506 2536//2536
f 2534//2534 2536//2536 2535//2535
f 2535//2535 2536//2536 2537//2537
f 2535//2535 2537//2537 2531//2531
f 2536//2536 2506//2506 2538//2538
f 2536//2536 2538//2538 2537//2537
f 2537//2537 2538//2538 2539//2539
f 2537//2537 2539//2539 2531//2531
f 2538//2538 2506//2506 2540//2540
f 2538//2538 2540//2540 2539//2539
f 2539//2539 2540//2540 2541//2541
f 2539//2539 2541//2541 2531//2531
f 2540//2540 2506//2506 2542//2542
f 2540//2540 2542//2542 2541//2541
f 2541//2541 2542//2542 2543//2543
f 2541//2541 2543//2543 2531//2531
f 2542//2542 2506//2506 2544//2544
f 2542//2542 2544//2544 2543//2543
f 2543//2543 2544//2544 2545//2545
f 2543//2543 2545//2545 2531//2531
f 2544//2544 2506//2506 2546//2546
f 2544//2544 2546//2546 2545//2545
f 2545//2545 2546//2546 2547//2547
f 2545//2545 2547//2547 2531//2531
f 2546//2546 2506//2506 2548//2548
f 2546//2546 2548//2548 2547//2547
f 2547//2547 2548//2548 2549//2549
f 2547//2547 2549//2549 2531//2531
f 2548//2548 2506//2506 2550//2550
f 2548//2548 2550//2550 2549//2549
f 2549//2549 2550//2550 2551//2551
f 2549//2549 2551//2551 2531//2531
f 2550//2550 2506//2506 2527//2527
f 2550//2550 2527//2527 2551//2551
f 2551//2551 2527//2527 2529//2529
f 2551//2551 2529//2529 2531//2531
f 2552//2552 2531//2531 2553//2553
f 2552//2552 2553//2553 2554//2554
f 2554//2554 2553//2553 2555//2555
f 2554//2554 2555//2555 2556//2556
f 2553//2553 2531//2531 2557//2557
f 2553//2553 2557//2557 2555//2555
f 2555//2555 2557//2557 2558//2558
f 2555//2555 2558//2558 2556//2556
f 2557//2557 2531//2531 2559//2559
f 2557//2557 2559//2559 2558//2558
f 2558//2558 2559//2559 2560//2560
f 2558//2558 2560//2560 2556//2556
f 2559//2559 2531//2531 2561//2561
f 2559//2559 2561//2561 2560//2560
f 2560//2560 2561//2561 2562//2562
f 2560//2560 2562//2562 2556//2556
f 2561//2561 2531//2531 2563//2563
f 2561//2561 2563//2563 2562//2562
f 2562//2562 2563//2563 2564//2564
f 2562//2562 2564//2564 2556//2556
f 2563//2563 2531//2531 2565//2565
f 2563//2563 2565//2565 2564//2564
f 2564//2564 2565//2565 2566//2566
f 2564//2564 2566//2566 2556//2556
f 2565//2565 2531//2531 2567//2567
f 2565//2565 2567//2567 2566//2566
f 2566//2566 2567//2567 2568//2568
f 2566//2566 2568//2568 2556//2556
f 2567//2567 2531//2531 2569//2569
f 2567//2567 2569//2569 2568//2568
f 2568//2568 2569//2569 2570//2570
f 2568//2568 2570//2570 2556//2556
f 2569//2569 2531//2531 2571//2571
f 2569//2569 2571//2571 2570//2570
f 2570//2570 2571//2571 2572//2572
f 2570//2570 2572//2572 2556//2556
f 2571//2571 2531//2531 2573//2573
f 2571//2571 2573//2573 2572//2572
f 2572//2572 2573//2573 2574//2574
f 2572//2572 2574//2574 2556//2556
f 2573//2573 2531//2531 2575//2575
f 2573//2573 2575//2575 2574//2574
f 2574//2574 2575//2575 2576//2576
f 2574//2574 2576//2576 2556//2556
f 2575//2575 2531//2531 2552//2552
f 2575//2575 2552//2552 2576//2576
f 2576//2576 2552//2552 2554//2554
f 2576//2576 2554//2554 2556//2556
f 2577//2577 2556//2556 2578//2578
f 2577//2577 2578//2578 2579//2579
f 2579//2579 2578//2578 2580//2580
f 2579//2579 2580//2580 2581//2581
f 2578//2578 2556//2556 2582//2582
f 2578//2578 2582//2582 2580//2580
f 2580//2580 2582//2582 2583//2583
f 2580//2580 2583//2583 2581//2581
f 2582//2582 2556//2556 2584//2584
f 2582//2582 2584//2584 2583//2583
f 2583//2583 2584//2584 2585//2585
f 2583//2583 2585//2585 2581//2581
f 2584//2584 2556//2556 2586//2586
f 2584//2584 2586//2586 2585//2585
f 2585//2585 2586//2586 2587//2587
f 2585//2585 2587//2587 2581//2581
f 2586//2586 2556//2556 2588//2588
f 2586//2586 2588//2588 2587//2587
f 2587//2587 2588//2588 2589//2589
f 2587//2587 2589//2589 2581//2581
f 2588//2588 2556//2556 2590//2590
f 2588//2588 2590//2590 2589//2589
f 2589//2589 2590//2590 2591//2591
f 2589//2589 2591//2591 2581//2581
f 2590//2590 2556//2556 2592//2592
f 2590//2590 2592//2592 2591//2591
f 2591//2591 2592//2592 2593//2593
f 2591//2591 2593//2593 2581//2581
f 2592//2592 2556//2556 2594//2594
f 2592//2592 2594//2594 2593//2593
f 2593//2593 2594//2594 2595//2595
f 2593//2593 2595//2595 2581//2581
f 2594//2594 2556//2556 2596//2596
f 2594//2594 2596//2596 2595//2595
f 2595//2595 2596//2596 2597//2597
f 2595//2595 2597//2597 2581//2581
f 2596//2596 2556//2556 2598//2598
f 2596//2596 2598//2598 2597//2597
f 2597//2597 2598//2598 2599//2599
f 2597//2597 2599//2599 2581//2581
f 2598//2598 2556//2556 2600//2600
f 2598//2598 2600//2600 2599//2599
f 2599//2599 2600//2600 2601//2601
f 2599//2599 2601//2601 2581//2581
f 2600//2600 2556//2556 2577//2577
f 2600//2600 2577//2577 2601//2601
f 2601//2601 2577//2577 2579//2579
f 2601//2601 2579//2579 2581//2581
f 2602//2602 2581//2581 2603//2603
f 2602//2602 2603//2603 2604//2604
f 2604//2604 2603//2603 2605//2605
f 2604//2604 2605//2605 2606//2606
f 2603//2603 2581//2581 2607//2607
f 2603//2603 2607//2607 2605//2605
f 2605//2605 2607//2607 2608//2608
f 2605//2605 2608//2608 2606//2606
f 2607//2607 2581//2581 2609//2609
f 2607//2607 2609//2609 2608//2608
f 2608//2608 2609//2609 2610//2610
f 2608//2608 2610//2610 2606//2606
f 2609//2609 2581//2581 2611//2611
f 2609//2609 2611//2611 2610//2610
f 2610//2610 2611//2611 2612//2612
f 2610//2610 2612//2612 2606//2606
f 2611//2611 2581//2581 2613//2613
f 2611//2611 2613//2613 2612//2612
f 2612//2612 2613//2613 2614//2614
f 2612//2612 2614//2614 2606//2606
f 2613//2613 2581//2581 2615//2615
f 2613//2613 2615//2615 2614//2614
f 2614//2614 2615//2615 2616//2616
f 2614//2614 2616//2616 2606//2606
f 2615//2615 2581//2581 2617//2617
f 2615//2615 2617//2617 2616//2616
f 2616//2616 2617//2617 2618//2618
f 2616//2616 2618//2618 2606//2606
f 2617//2617 2581//2581 2619//2619
f 2617//2617 2619//2619 2618//2618
f 2618//2618 2619//2619 2620//2620
f 2618//2618 2620//2620 2606//2606
f 2619//2619 2581//2581 2621//2621
f 2619//2619 2621//2621 2620//2620
f 2620//2620 2621//2621 2622//2622
f 2620//2620 2622//2622 2606//2606
f 2621//2621 2581//2581 2623//2623
f 2621//2621 2623//2623 2622//2622
f 2622//2622 2623//2623 2624//2624
f 2622//2622 2624//2624 2606//2606
f 2623//2623 2581//2581 2625//2625
f 2623//2623 2625//2625 2624//2624
f 2624//2624 2625//2625 2626//2626
f 2624//2624 2626//2626 2606//2606
f 2625//2625 2581//2581 2602//2602
f 2625//2625 2602//2602 2626//2626
f 2626//2626 2602//2602 2604//2604
f 2626//2626 2604//2604 2606//2606
f 2627//2627 2606//2606 2628//2628
f 2627//2627 2628//2628 2629//2629
f 2629//2629 2628//2628 2630//2630
f 2629//2629 2630//2630 2631//2631
f 2628//2628 2606//2606 2632//2632
f 2628//2628 2632//2632 2630//2630
f 2630//2630 2632//2632 2633//2633
f 2630//2630 2633//2633 2631//2631
f 2632//2632 2606//2606 2634//2634
f 2632//2632 2634//2634 2633//2633
f 2633//2633 2634//2634 2635//2635
f 2633//2633 2635//2635 2631//2631
f 2634//2634 2606//2606 2636//2636
f 2634//2634 2636//2636 2635//2635
f 2635//2635 2636//2636 2637//2637
f 2635//2635 2637//2637 2631//2631
f 2636//2636 2606//2606 2638//2638
f 2636//2636 2638//2638 2637//2637
f 2637//2637 2638//2638 2639//2639
f 2637//2637 2639//2639 2631//2631
f 2638//2638 2606//2606 2640//2640
f 2638//2638 2640//2640 2639//2639
f 2639//2639 2640//2640 2641//2641
f 2639//2639 2641//2641 2631//2631
f 2640//2640 2606//2606 2642//2642
f 2640//2640 2642//2642 2641//2641
f 2641//2641 2642//2642 2643//2643
f 2641//2641 2643//2643 2631//2631
f 2642//2642 2606//2606 2644//2644
f 2642//2642 2644//2644 2643//2643
f 2643//2643 2644//2644 2645//2645
f 2643//2643 2645//2645 2631//2631
f 2644//2644 2606//2606 2646//2646
f 2644//2644 2646//2646 2645//2645
f 2645//2645 2646//2646 2647//2647
f 2645//2645 2647//2647 2631//2631
f 2646//2646 2606//2606 2648//2648
f 2646//2646 2648//2648 2647//2647
f 2647//2647 2648//2648 2649//2649
f 2647//2647 2649//2649 2631//2631
f 2648//2648 2606//2606 2650//2650
f 2648//2648 2650//2650 2649//2649
f 2649//2649 2650//2650 2651//2651
f 2649//2649 2651//2651 2631//2631
f 2650//2650 2606//2606 2627//2627
f 2650//2650 2627//2627 2651//2651
f 2651//2651 2627//2627 2629//2629
f 2651//2651 2629//2629 2631//2631
f 2652//2652 2631//2631 2653//2653
f 2652//2652 2653//2653 2654//2654
f 2654//2654 2653//2653 2655//2655
f 2654//2654 2655//2655 2656//2656
f 2653//2653 2631//2631 2657//2657
f 2653//2653 2657//2657 2655//2655
f 2655//2655 2657//2657 2658//2658
f 2655//2655 2658//2658 2656//2656
f 2657//2657 2631//2631 2659//2659
f 2657//2657 2659//2659 2658//2658
f 2658//2658 2659//2659 2660//2660
f 2658//2658 2660//2660 2656//2656
f 2659//2659 2631//2631 2661//2661
f 2659//2659 2661//2661 2660//2660
f 2660//2660 2661//2661 2662//2662
f 2660//2660 2662//2662 2656//2656
f 2661//2661 2631//2631 2663//2663
f 2661//2661 2663//2663 2662//2662
f 2662//2662 2663//2663 2664//2664
f 2662//2662 2664//2664 2656//2656
f 2663//2663 2631//2631 2665//2665
f 2663//2663 2665//2665 2664//2664
f 2664//2664 2665//2665 2666//2666
f 2664//2664 2666//2666 2656//2656
f 2665//2665 2631//2631 2667//2667
f 2665//2665 2667//2667 2666//2666
f 2666//2666 2667//2667 2668//2668
f 2666//2666 2668//2668 2656//2656
f 2667//2667 2631//2631 2669//2669
f 2667//2667 2669//2669 2668//2668
f 2668//2668 2669//2669 2670//2670
f 2668//2668 2670//2670 2656//2656
f 2669//2669 2631//2631 2671//2671
f 2669//2669 2671//2671 2670//2670
f 2670//2670 2671//2671 2672//2672
f 2670//2670 2672//2672 2656//2656
f 2671//2671 2631//2631 2673//2673
f 2671//2671 2673//2673 2672//2672
f 2672//2672 2673//2673 2674//2674
f 2672//2672 2674//2674 2656//2656
f 2673//2673 2631//2631 2675//2675
f 2673//2673 2675//2675 2674//2674
f 2674//2674 2675//2675 2676//2676
f 2674//2674 2676//2676 2656//2656
f 2675//2675 2631//2631 2652//2652
f 2675//2675 2652//2652 2676//2676
f 2676//2676 2652//2652 2654//2654
f 2676//2676 2654//2654 2656//2656
f 2677//2677 2656//2656 2678//2678
f 2677//2677 2678//2678 2679//2679
f 2679//2679 2678//2678 2680//2680
f 2679//2679 2680//2680 2681//2681
f 2678//2678 2656//2656 2682//2682
f 2678//2678 2682//2682 2680//2680
f 2680//2680 2682//2682 2683//2683
f 2680//2680 2683//2683 2681//2681
f 2682//2682 2656//2656 2684//2684
f 2682//2682 2684//2684 2683//2683
f 2683//2683 2684//2684 2685//2685
f 2683//2683 2685//2685 2681//2681
f 2684//2684 2656//2656 2686//2686
f 2684//2684 2686//2686 2685//2685
f 2685//2685 2686//2686 2687//2687
f 2685//2685 2687//2687 2681//2681
f 2686//2686 2656//2656 2688//2688
f 2686//2686 2688//2688 2687//2687
f 2687//2687 2688//2688 2689//2689
f 2687//2687 2689//2689 2681//2681
f 2688//2688 2656//2656 2690//2690
f 2688//2688 2690//2690 2689//2689
f 2689//2689 2690//2690 2691//2691
f 2689//2689 2691//2691 2681//2681
f 2690//2690 2656//2656 2692//2692
f 2690//2690 2692//2692 2691//2691
f 2691//2691 2692//2692 2693//2693
f 2691//2691 2693//2693 2681//2681
f 2692//2692 2656//2656 2694//2694
f 2692//2692 2694//2694 2693//2693
f 2693//2693 2694//2694 2695//2695
f 2693//2693 2695//2695 2681//2681
f 2694//2694 2656//2656 2696//2696
f 2694//2694 2696//2696 2695//2695
f 2695//2695 2696//2696 2697//2697
f 2695//2695 2697//2697 2681//2681
f 2696//2696 2656//2656 2698//2698
f 2696//2696 2698//2698 2697//2697
f 2697//2697 2698//2698 2699//2699
f 2697//2697 2699//2699 2681//2681
f 2698//2698 2656//2656 2700//2700
f 2698//2698 2700//2700 2699//2699
f 2699//2699 2700//2700 2701//2701
f 2699//2699 2701//2701 2681//2681
f 2700//2700 2656//2656 2677//2677
f 2700//2700 2677//2677 2701//2701
f 2701//2701 2677//2677 2679//2679
f 2701//2701 2679//2679 2681//2681
f 2702//2702 2681//2681 2703//2703
f 2702//2702 2703//2703 2704//2704
f 2704//2704 2703//2703 2705//2705
f 2704//2704 2705//2705 2706//2706
f 2703//2703 2681//2681 2707//2707
f 2703//2703 2707//2707 2705//2705
f 2705//2705 2707//2707 2708//2708
f 2705//2705 2708//2708 2706//2706
f 2707//2707 2681//2681 2709//2709
f 2707//2707 2709//2709 2708//2708
f 2708//2708 2709//2709 2710//2710
f 2708//2708 2710//2710 2706//2706
f 2709//2709 2681//2681 2711//2711
f 2709//2709 2711//2711 2710//2710
f 2710//2710 2711//2711 2712//2712
f 2710//2710 2712//2712 2706//2706
f 2711//2711 2681//2681 2713//2713
f 2711//2711 2713//2713 2712//2712
f 2712//2712 2713//2713 2714//2714
f 2712//2712 2714//2714 2706//2706
f 2713//2713 2681//2681 2715//2715
f 2713//2713 2715//2715 2714//2714
f 2714//2714 2715//2715 2716//2716
f 2714//2714 2716//2716 2706//2706
f 2715//2715 2681//2681 2717//2717
f 2715//2715 2717//2717 2716//2716
f 2716//2716 2717//2717 2718//2718
f 2716//2716 2718//2718 2706//2706
f 2717//2717 2681//2681 2719//2719
f 2717//2717 2719//2719 2718//2718
f 2718//2718 2719//2719 2720//2720
f 2718//2718 2720//2720 2706//2706
f 2719//2719 2681//2681 2721//2721
f 2719//2719 2721//2721 2720//2720
f 2720//2720 2721//2721 2722//2722
f 2720//2720 2722//2722 2706//2706
f 2721//2721 2681//2681 2723//2723
f 2721//2721 2723//2723 2722//2722
f 2722//2722 2723//2723 2724//2724
f 2722//2722 2724//2724 2706//2706
f 2723//2723 2681//2681 2725//2725
f 2723//2723 2725//2725 2724//2724
f 2724//2724 2725//2725 2726//2726
f 2724//2724 2726//2726 2706//2706
f 2725//2725 2681//2681 2702//2702
f 2725//2725 2702//2702 2726//2726
f 2726//2726 2702//2702 2704//2704
f 2726//2726 2704//2704 2706//2706
f 2727//2727 2706//2706 2728//2728
f 2727//2727 2728//2728 2729//2729
f 2729//2729 2728//2728 2730//2730
f 2729//2729 2730//2730 2731//2731
f 2728//2728 2706//2706 2732//2732
f 2728//2728 2732//2732 2730//2730
f 2730//2730 2732//2732 2733//2733
f 2730//2730 2733//2733 2731//2731
f 2732//2732 2706//2706 2734//2734
f 2732//2732 2734//2734 2733//2733
f 2733//2733 2734//2734 2735//2735
f 2733//2733 2735//2735 2731//2731
f 2734//2734 2706//2706 2736//2736
f 2734//2734 2736//2736 2735//2735
f 2735//2735 2736//2736 2737//2737
f 2735//2735 2737//2737 2731//2731
f 2736//2736 2706//2706 2738//2738
f 2736//2736 2738//2738 2737//2737
f 2737//2737 2738//2738 2739//2739
f 2737//2737 2739//2739 2731//2731
f 2738//2738 2706//2706 2740//2740
f 2738//2738 2740//2740 2739//2739
f 2739//2739 2740//2740 2741//2741
f 2739//2739 2741//2741 2731//2731
f 2740//2740 2706//2706 2742//2742
f 2740//2740 2742//2742 2741//2741
f 2741//2741 2742//2742 2743//2743
f 2741//2741 2743//2743 2731//2731
f 2742//2742 2706//2706 2744//2744
f 2742//2742 2744//2744 2743//2743
f 2743//2743 2744//2744 2745//2745
f 2743//2743 2745//2745 2731//2731
f 2744//2744 2706//2706 2746//2746
f 2744//2744 2746//2746 2745//2745
f 2745//2745 2746//2746 2747//2747
f 2745//2745 2747//2747 2731//2731
f 2746//2746 2706//2706 2748//2748
f 2746//2746 2748//2748 2747//2747
f 2747//2747 2748//2748 2749//2749
f 2747//2747 2749//2749 2731//2731
f 2748//2748 2706//2706 2750//2750
f 2748//2748 2750//2750 2749//2749
f 2749//2749 2750//2750 2751//2751
f 2749//2749 2751//2751 2731//2731
f 2750//2750 2706//2706 2727//2727
f 2750//2750 2727//2727 2751//2751
f 2751//2751 2727//2727 2729//2729
f 2751//2751 2729//2729 2731//2731
f 2752//2752 2731//2731 2753//2753
f 2752//2752 2753//2753 2754//2754
f 2754//2754 2753//2753 2755//2755
f 2754//2754 2755//2755 2756//2756
f 2753//2753 2731//2731 2757//2757
f 2753//2753 2757//2757 2755//2755
f 2755//2755 2757//2757 2758//2758
f 2755//2755 2758//2758 2756//2756
f 2757//2757 2731//2731 2759//2759
f 2757//2757 2759//2759 2758//2758
f 2758//2758 2759//2759 2760//2760
f 2758//2758 2760//2760 2756//2756
f 2759//2759 2731//2731 2761//2761
f 2759//2759 2761//2761 2760//2760
f 2760//2760 2761//2761 2762//2762
f 2760//2760 2762//2762 2756//2756
f 2761//2761 2731//2731 2763//2763
f 2761//2761 2763//2763 2762//2762
f 2762//2762 2763//2763 2764//2764
f 2762//2762 2764//2764 2756//2756
f 2763//2763 2731//2731 2765//2765
f 2763//2763 2765//2765 2764//2764
f 2764//2764 2765//2765 2766//2766
f 2764//2764 2766//2766 2756//2756
f 2765//2765 2731//2731 2767//2767
f 2765//2765 2767//2767 2766//2766
f 2766//2766 2767//2767 2768//2768
f 2766//2766 2768//2768 2756//2756
f 2767//2767 2731//2731 2769//2769
f 2767//2767 2769//2769 2768//2768
f 2768//2768 2769//2769 2770//2770
f 2768//2768 2770//2770 2756//2756
f 2769//2769 2731//2731 2771//2771
f 2769//2769 2771//2771 2770//2770
f 2770//2770 2771//2771 2772//2772
f 2770//2770 2772//2772 2756//2756
f 2771//2771 2731//2731 2773//2773
f 2771//2771 2773//2773 2772//2772
f 2772//2772 2773//2773 2774//2774
f 2772//2772 2774//2774 2756//2756
f 2773//2773 2731//2731 2775//2775
f 2773//2773 2775//2775 2774//2774
f 2774//2774 2775//2775 2776//2776
f 2774//2774 2776//2776 2756//2756
f 2775//2775 2731//2731 2752//2752
f 2775//2775 2752//2752 2776//2776
f 2776//2776 2752//2752 2754//2754
f 2776//2776 2754//2754 2756//2756
f 2777//2777 2756//2756 2778//2778
f 2777//2777 2778//2778 2779//2779
f 2779//2779 2778//2778 2780//2780
f 2779//2779 2780//2780 2781//2781
f 2778//2778 2756//2756 2782//2782
f 2778//2778 2782//2782 2780//2780
f 2780//2780 2782//2782 2783//2783
f 2780//2780 2783//2783 2781//2781
f 2782//2782 2756//2756 2784//2784
f 2782//2782 2784//2784 2783//2783
f 2783//2783 2784//2784 2785//2785
f 2783//2783 2785//2785 2781//2781
f 2784//2784 2756//2756 2786//2786
f 2784//2784 2786//2786 2785//2785
f 2785//2785 2786//2786 2787//2787
f 2785//2785 2787//2787 2781//2781
f 2786//2786 2756//2756 2788//2788
f 2786//2786 2788//2788 2787//2787
f 2787//2787 2788//2788 2789//2789
f 2787//2787 2789//2789 2781//2781
f 2788//2788 2756//2756 2790//2790
f 2788//2788 2790//2790 2789//2789
f 2789//2789 2790//2790 2791//2791
f 2789//2789 2791//2791 2781//2781
f 2790//2790 2756//2756 2792//2792
f 2790//2790 2792//2792 2791//2791
f 2791//2791 2792//2792 2793//2793
f 2791//2791 2793//2793 2781//2781
f 2792//2792 2756//2756 2794//2794
f 2792//2792 2794//2794 2793//2793
f 2793//2793 2794//2794 2795//2795
f 2793//2793 2795//2795 2781//2781
f 2794//2794 2756//2756 2796//2796
f 2794//2794 2796//2796 2795//2795
f 2795//2795 2796//2796 2797//2797
f 2795//2795 2797//2797 2781//2781
f 2796//2796 2756//2756 2798//2798
f 2796//2796 2798//2798 2797//2797
f 2797//2797 2798//2798 2799//2799
f 2797//2797 2799//2799 2781//2781
f 2798//2798 2756//2756 2800//2800
f 2798//2798 2800//2800 2799//2799
f 2799//2799 2800//2800 2801//2801
f 2799//2799 2801//2801 2781//2781
f 2800//2800 2756//2756 2777//2777
f 2800//2800 2777//2777 2801//2801
f 2801//2801 2777//2777 2779//2779
f 2801//2801 2779//2779 2781//2781
f 2802//2802 2781//2781 2803//2803
f 2802//2802 2803//2803 2804//2804
f 2804//2804 2803//2803 2805//2805
f 2804//2804 2805//2805 2806//2806
f 2803//2803 2781//2781 2807//2807
f 2803//2803 2807//2807 2805//2805
f 2805//2805 2807//2807 2808//2808
f 2805//2805 2808//2808 2806//2806
f 2807//2807 2781//2781 2809//2809
f 2807//2807 2809//2809 2808//2808
f 2808//2808 2809//2809 2810//2810
f 2808//2808 2810//2810 2806//2806
f 2809//2809 2781//2781 2811//2811
f 2809//2809 2811//2811 2810//2810
f 2810//2810 2811//2811 2812//2812
f 2810//2810 2812//2812 2806//2806
f 2811//2811 2781//2781 2813//2813
f 2811//2811 2813//2813 2812//2812
f 2812//2812 2813//2813 2814//2814
f 2812//2812 2814//2814 2806//2806
f 2813//2813 2781//2781 2815//2815
f 2813//2813 2815//2815 2814//2814
f 2814//2814 2815//2815 2816//2816
f 2814//2814 2816//2816 2806//2806
f 2815//2815 2781//2781 2817//2817
f 2815//2815 2817//2817 2816//2816
f 2816//2816 2817//2817 2818//2818
f 2816//2816 2818//2818 2806//2806
f 2817//2817 2781//2781 2819//2819
f 2817//2817 2819//2819 2818//2818
f 2818//2818 2819//2819 2820//2820
f 2818//2818 2820//2820 2806//2806
f 2819//2819 2781//2781 2821//2821
f 2819//2819 2821//2821 2820//2820
f 2820//2820 2821//2821 2822//2822
f 2820//2820 2822//2822 2806//2806
f 2821//2821 2781//2781 2823//2823
f 2821//2821 2823//2823 2822//2822
f 2822//2822 2823//2823 2824//2824
f 2822//2822 2824//2824 2806//2806
f 2823//2823 2781//2781 2825//2825
f 2823//2823 2825//2825 2824//2824
f 2824//2824 2825//2825 2826//2826
f 2824//2824 2826//2826 2806//2806
f 2825//2825 2781//2781 2802//2802
f 2825//2825 2802//2802 2826//2826
f 2826//2826 2802//2802 2804//2804
f 2826//2826 2804//2804 2806//2806
f 2827//2827 2806//2806 2828//2828
f 2827//2827 2828//2828 2829//2829
f 2829//2829 2828//2828 2830//2830
f 2829//2829 2830//2830 2831//2831
f 2828//2828 2806//2806 2832//2832
f 2828//2828 2832//2832 2830//2830
f 2830//2830 2832//2832 2833//2833
f 2830//2830 2833//2833 2831//2831
f 2832//2832 2806//2806 2834//2834
f 2832//2832 2834//2834 2833//2833
f 2833//2833 2834//2834 2835//2835
f 2833//2833 2835//2835 2831//2831
f 2834//2834 2806//2806 2836//2836
f 2834//2834 2836//2836 2835//2835
f 2835//2835 2836//2836 2837//2837
f 2835//2835 2837//2837 2831//2831
f 2836//2836 2806//2806 2838//2838
f 2836//2836 2838//2838 2837//2837
f 2837//2837 2838//2838 2839//2839
f 2837//2837 2839//2839 2831//2831
f 2838//2838 2806//2806 2840//2840
f 2838//2838 2840//2840 2839//2839
f 2839//2839 2840//2840 2841//2841
f 2839//2839 2841//2841 2831//2831
f 2840//2840 2806//2806 2842//2842
f 2840//2840 2842//2842 2841//2841
f 2841//2841 2842//2842 2843//2843
f 2841//2841 2843//2843 2831//2831
f 2842//2842 2806//2806 2844//2844
f 2842//2842 2844//2844 2843//2843
f 2843//2843 2844//2844 2845//2845
f 2843//2843 2845//2845 2831//2831
f 2844//2844 2806//2806 2846//2846
f 2844//2844 2846//2846 2845//2845
f 2845//2845 2846//2846 2847//2847
f 2845//2845 2847//2847 2831//2831
f 2846//2846 2806//2806 2848//2848
f 2846//2846 2848//2848 2847//2847
f 2847//2847 2848//2848 2849//2849
f 2847//2847 2849//2849 2831//2831
f 2848//2848 2806//2806 2850//2850
f 2848//2848 2850//2850 2849//2849
f 2849//2849 2850//2850 2851//2851
f 2849//2849 2851//2851 2831//2831
f 2850//2850 2806//2806 2827//2827
f 2850//2850 2827//2827 2851//2851
f 2851//2851 2827//2827 2829//2829
f 2851//2851 2829//2829 2831//2831
f 2852//2852 2831//2831 2853//2853
f 2852//2852 2853//2853 2854//2854
f 2854//2854 2853//2853 2855//2855
f 2854//2854 2855//2855 2856//2856
f 2853//2853 2831//2831 2857//2857
f 2853//2853 2857//2857 2855//2855
f 2855//2855 2857//2857 2858//2858
f 2855//2855 2858//2858 2856//2856
f 2857//2857 2831//2831 2859//2859
f 2857//2857 2859//2859 2858//2858
f 2858//2858 2859//2859 2860//2860
f 2858//2858 2860//2860 2856//2856
f 2859//2859 2831//2831 2861//2861
f 2859//2859 2861//2861 2860//2860
f 2860//2860 2861//2861 2862//2862
f 2860//2860 2862//2862 2856//2856
f 2861//2861 2831//2831 2863//2863
f 2861//2861 2863//2863 2862//2862
f 2862//2862 2863//2863 2864//2864
f 2862//2862 2864//2864 2856//2856
f 2863//2863 2831//2831 2865//2865
f 2863//2863 2865//2865 2864//2864
f 2864//2864 2865//2865 2866//2866
f 2864//2864 2866//2866 2856//2856
f 2865//2865 2831//2831 2867//2867
f 2865//2865 2867//2867 2866//2866
f 2866//2866 2867//2867 2868//2868
f 2866//2866 2868//2868 2856//2856
f 2867//2867 2831//2831 2869//2869
f 2867//2867 2869//2869 2868//2868
f 2868//2868 2869//2869 2870//2870
f 2868//2868 2870//2870 2856//2856
f 2869//2869 2831//2831 2871//2871
f 2869//2869 2871//2871 2870//2870
f 2870//2870 2871//2871 2872//2872
f 2870//2870 2872//2872 2856//2856
f 2871//2871 2831//2831 2873//2873
f 2871//2871 2873//2873 2872//2872
f 2872//2872 2873//2873 2874//2874
f 2872//2872 2874//2874 2856//2856
f 2873//2873 2831//2831 2875//2875
f 2873//2873 2875//2875 2874//2874
f 2874//2874 2875//2875 2876//2876
f 2874//2874 2876//2876 2856//2856
f 2875//2875 2831//2831 2852//2852
f 2875//2875 2852//2852 2876//2876
f 2876//2876 2852//2852 2854//2854
f 2876//2876 2854//2854 2856//2856
f 2877//2877 2856//2856 2878//2878
f 2877//2877 2878//2878 2879//2879
f 2879//2879 2878//2878 2880//2880
f 2879//2879 2880//2880 2881//2881
f 2878//2878 2856//2856 2882//2882
f 2878//2878 2882//2882 2880//2880
f 2880//2880 2882//2882 2883//2883
f 2880//2880 2883//2883 2881//2881
f 2882//2882 2856//2856 2884//2884
f 2882//2882 2884//2884 2883//2883
f 2883//2883 2884//2884 2885//2885
f 2883//2883 2885//2885 2881//2881
f 2884//2884 2856//2856 2886//2886
f 2884//2884 2886//2886 2885//2885
f 2885//2885 2886//2886 2887//2887
f 2885//2885 2887//2887 2881//2881
f 2886//2886 2856//2856 2888//2888
f 2886//2886 2888//2888 2887//2887
f 2887//2887 2888//2888 2889//2889
f 2887//2887 2889//2889 2881//2881
f 2888//2888 2856//2856 2890//2890
f 2888//2888 2890//2890 2889//2889
f 2889//2889 2890//2890 2891//2891
f 2889//2889 2891//2891 2881//2881
f 2890//2890 2856//2856 2892//2892
f 2890//2890 2892//2892 2891//2891
f 2891//2891 2892//2892 2893//2893
f 2891//2891 2893//2893 2881//2881
f 2892//2892 2856//2856 2894//2894
f 2892//2892 2894//2894 2893//2893
f 2893//2893 2894//2894 2895//2895
f 2893//2893 2895//2895 2881//2881
f 2894//2894 2856//2856 2896//2896
f 2894//2894 2896//2896 2895//2895
f 2895//2895 2896//2896 2897//2897
f 2895//2895 2897//2897 2881//2881
f 2896//2896 2856//2856 2898//2898
f 2896//2896 2898//2898 2897//2897
f 2897//2897 2898//2898 2899//2899
f 2897//2897 2899//2899 2881//2881
f 2898//2898 2856//2856 2900//2900
f 2898//2898 2900//2900 2899//2899
f 2899//2899 2900//2900 2901//2901
f 2899//2899 2901//2901 2881//2881
f 2900//2900 2856//2856 2877//2877
f 2900//2900 2877//2877 2901//2901
f 2901//2901 2877//2877 2879//2879
f 2901//2901 2879//2879 2881//2881
f 2902//2902 2881//2881 2903//2903
f 2902//2902 2903//2903 2904//2904
f 2904//2904 2903//2903 2905//2905
f 2904//2904 2905//2905 2906//2906
f 2903//2903 2881//2881 2907//2907
f 2903//2903 2907//2907 2905//2905
f 2905//2905 2907//2907 2908//2908
f 2905//2905 2908//2908 2906//2906
f 2907//2907 2881//2881 2909//2909
f 2907//2907 2909//2909 2908//2908
f 2908//2908 2909//2909 2910//2910
f 2908//2908 2910//2910 2906//2906
f 2909//2909 2881//2881 2911//2911
f 2909//2909 2911//2911 2910//2910
f 2910//2910 2911//2911 2912//2912
f 2910//2910 2912//2912 2906//2906
f 2911//2911 2881//2881 2913//2913
f 2911//2911 2913//2913 2912//2912
f 2912//2912 2913//2913 2914//2914
f 2912//2912 2914//2914 2906//2906
f 2913//2913 2881//2881 2915//2915
f 2913//2913 2915//2915 2914//2914
f 2914//2914 2915//2915 2916//2916
f 2914//2914 2916//2916 2906//2906
f 2915//2915 2881//2881 2917//2917
f 2915//2915 2917//2917 2916//2916
f 2916//2916 2917//2917 2918//2918
f 2916//2916 2918//2918 2906//2906
f 2917//2917 2881//2881 2919//2919
f 2917//2917 2919//2919 2918//2918
f 2918//2918 2919//2919 2920//2920
f 2918//2918 2920//2920 2906//2906
f 2919//2919 2881//2881 2921//2921
f 2919//2919 2921//2921 2920//2920
f 2920//2920 2921//2921 2922//2922
f 2920//2920 2922//2922 2906//2906
f 2921//2921 2881//2881 2923//2923
f 2921//2921 2923//2923 2922//2922
f 2922//2922 2923//2923 2924//2924
f 2922//2922 2924//2924 2906//2906
f 2923//2923 2881//2881 2925//2925
f 2923//2923 2925//2925 2924//2924
f 2924//2924 2925//2925 2926//2926
f 2924//2924 2926//2926 2906//2906
f 2925//2925 2881//2881 2902//2902
f 2925//2925 2902//2902 2926//2926
f 2926//2926 2902//2902 2904//2904
f 2926//2926 2904//2904 2906//2906
f 2927//2927 2906//2906 2928//2928
f 2927//2927 2928//2928 2929//2929
f 2929//2929 2928//2928 2930//2930
f 2929//2929 2930//2930 2931//2931
f 2928//2928 2906//2906 2932//2932
f 2928//2928 2932//2932 2930//2930
f 2930//2930 2932//2932 2933//2933
f 2930//2930 2933//2933 2931//2931
f 2932//2932 2906//2906 2934//2934
f 2932//2932 2934//2934 2933//2933
f 2933//2933 2934//2934 2935//2935
f 2933//2933 2935//2935 2931//2931
f 2934//2934 2906//2906 2936//2936
f 2934//2934 2936//2936 2935//2935
f 2935//2935 2936//2936 2937//2937
f 2935//2935 2937//2937 2931//2931
f 2936//2936 2906//2906 2938//2938
f 2936//2936 2938//2938 2937//2937
f 2937//2937 2938//2938 2939//2939
f 2937//2937 2939//2939 2931//2931
f 2938//2938 2906//2906 2940//2940
f 2938//2938 2940//2940 2939//2939
f 2939//2939 2940//2940 2941//2941
f 2939//2939 2941//2941 2931//2931
f 2940//2940 2906//2906 2942//2942
f 2940//2940 2942//2942 2941//2941
f 2941//2941 2942//2942 2943//2943
f 2941//2941 2943//2943 2931//2931
f 2942//2942 2906//2906 2944//2944
f 2942//2942 2944//2944 2943//2943
f 2943//2943 2944//2944 2945//2945
f 2943//2943 2945//2945 2931//2931
f 2944//2944 2906//2906 2946//2946
f 2944//2944 2946//2946 2945//2945
f 2945//2945 2946//2946 2947//2947
f 2945//2945 2947//2947 2931//2931
f 2946//2946 2906//2906 2948//2948
f 2946//2946 2948//2948 2947//2947
f 2947//2947 2948//2948 2949//2949
f 2947//2947 2949//2949 2931//2931
f 2948//2948 2906//2906 2950//2950
f 2948//2948 2950//2950 2949//2949
f 2949//2949 2950//2950 2951//2951
f 2949//2949 2951//2951 2931//2931
f 2950//2950 2906//2906 2927//2927
f 2950//2950 2927//2927 2951//2951
f 2951//2951 2927//2927 2929//2929
f 2951//2951 2929//2929 2931//2931
f 2952//2952 2931//2931 2953//2953
f 2952//2952 2953//2953 2954//2954
f 2954//2954 2953//2953 2955//2955
f 2954//2954 2955//2955 2956//2956
f 2953//2953 2931//2931 2957//2957
f 2953//2953 2957//2957 2955//2955
f 2955//2955 2957//2957 2958//2958
f 2955//2955 2958//2958 2956//2956
f 2957//2957 2931//2931 2959//2959
f 2957//2957 2959//2959 2958//2958
f 2958//2958 2959//2959 2960//2960
f 2958//2958 2960//2960 2956//2956
f 2959//2959 2931//2931 2961//2961
f 2959//2959 2961//2961 2960//2960
f 2960//2960 2961//2961 2962//2962
f 2960//2960 2962//2962 2956//2956
f 2961//2961 2931//2931 2963//2963
f 2961//2961 2963//2963 2962//2962
f 2962//2962 2963//2963 2964//2964
f 2962//2962 2964//2964 2956//2956
f 2963//2963 2931//2931 2965//2965
f 2963//2963 2965//2965 2964//2964
f 2964//2964 2965//2965 2966//2966
f 2964//2964 2966//2966 2956//2956
f 2965//2965 2931//2931 2967//2967
f 2965//2965 2967//2967 2966//2966
f 2966//2966 2967//2967 2968//2968
f 2966//2966 2968//2968 2956//2956
f 2967//2967 2931//2931 2969//2969
f 2967//2967 2969//2969 2968//2968
f 2968//2968 2969//2969 2970//2970
f 2968//2968 2970//2970 2956//2956
f 2969//2969 2931//2931 2971//2971
f 2969//2969 2971//2971 2970//2970
f 2970//2970 2971//2971 2972//2972
f 2970//2970 2972//2972 2956//2956
f 2971//2971 2931//2931 2973//2973
f 2971//2971 2973//2973 2972//2972
f 2972//2972 2973//2973 2974//2974
f 2972//2972 2974//2974 2956//2956
f 2973//2973 2931//2931 2975//2975
f 2973//2973 2975//2975 2974//2974
f 2974//2974 2975//2975 2976//2976
f 2974//2974 2976//2976 2956//2956
f 2975//2975 2931//2931 2952//2952
f 2975//2975 2952//2952 2976//2976
f 2976//2976 2952//2952 2954//2954
f 2976//2976 2954//2954 2956//2956
f 2977//2977 2956//2956 2978//2978
f 2977//2977 2978//2978 2979//2979
f 2979//2979 2978//2978 2980//2980
f 2979//2979 2980//2980 2981//2981
f 2978//2978 2956//2956 2982//2982
f 2978//2978 2982//2982 2980//2980
f 2980//2980 2982//2982 2983//2983
f 2980//2980 2983//2983 2981//2981
f 2982//2982 2956//2956 2984//2984
f 2982//2982 2984//2984 2983//2983
f 2983//2983 2984//2984 2985//2985
f 2983//2983 2985//2985 2981//2981
f 2984//2984 2956//2956 2986//2986
f 2984//2984 2986//2986 2985//2985
f 2985//2985 2986//2986 2987//2987
f 2985//2985 2987//2987 2981//2981
f 2986//2986 2956//2956 2988//2988
f 2986//2986 2988//2988 2987//2987
f 2987//2987 2988//2988 2989//2989
f 2987//2987 2989//2989 2981//2981
f 2988//2988 2956//2956 2990//2990
f 2988//2988 2990//2990 2989//2989
f 2989//2989 2990//2990 2991//2991
f 2989//2989 2991//2991 2981//2981
f 2990//2990 2956//2956 2992//2992
f 2990//2990 2992//2992 2991//2991
f 2991//2991 2992//2992 2993//2993
f 2991//2991 2993//2993 2981//2981
f 2992//2992 2956//2956 2994//2994
f 2992//2992 2994//2994 2993//2993
f 2993//2993 2994//2994 2995//2995
f 2993//2993 2995//2995 2981//2981
f 2994//2994 2956//2956 2996//2996
f 2994//2994 2996//2996 2995//2995
f 2995//2995 2996//2996 2997//2997
f 2995//2995 2997//2997 2981//2981
f 2996//2996 2956//2956 2998//2998
f 2996//2996 2998//2998 2997//2997
f 2997//2997 2998//2998 2999//2999
f 2997//2997 2999//2999 2981//2981
f 2998//2998 2956//2956 3000//3000
f 2998//2998 3000//3000 2999//2999
f 2999//2999 3000//3000 3001//3001
f 2999//2999 3001//3001 2981//2981
f 3000//3000 2956//2956 2977//2977
f 3000//3000 2977//2977 3001//3001
f 3001//3001 2977//2977 2979//2979
f 3001//3001 2979//2979 2981//2981
f 3002//3002 2981//2981 3003//3003
f 3002//3002 3003//3003 3004//3004
f 3004//3004 3003//3003 3005//3005
f 3004//3004 3005//3005 3006//3006
f 3003//3003 2981//2981 3007//3007
f 3003//3003 3007//3007 3005//3005
f 3005//3005 3007//3007 3008//3008
f 3005//3005 3008//3008 3006//3006
f 3007//3007 2981//2981 3009//3009
f 3007//3007 3009//3009 3008//3008
f 3008//3008 3009//3009 3010//3010
f 3008//3008 3010//3010 3006//3006
f 3009//3009 2981//2981 3011//3011
f 3009//3009 3011//3011 3010//3010
f 3010//3010 3011//3011 3012//3012
f 3010//3010 3012//3012 3006//3006
f 3011//3011 2981//2981 3013//3013
f 3011//3011 3013//3013 3012//3012
f 3012//3012 3013//3013 3014//3014
f 3012//3012 3014//3014 3006//3006
f 3013//3013 2981//2981 3015//3015
f 3013//3013 3015//3015 3014//3014
f 3014//3014 3015//3015 3016//3016
f 3014//3014 3016//3016 3006//3006
f 3015//3015 2981//2981 3017//3017
f 3015//3015 3017//3017 3016//3016
f 3016//3016 3017//3017 3018//3018
f 3016//3016 3018//3018 3006//3006
f 3017//3017 2981//2981 3019//3019
f 3017//3017 3019//3019 3018//3018
f 3018//3018 3019//3019 3020//3020
f 3018//3018 3020//3020 3006//3006
f 3019//3019 2981//2981 3021//3021
f 3019//3019 3021//3021 3020//3020
f 3020//3020 3021//3021 3022//3022
f 3020//3020 3022//3022 3006//3006
f 3021//3021 2981//2981 3023//3023
f 3021//3021 3023//3023 3022//3022
f 3022//3022 3023//3023 3024//3024
f 3022//3022 3024//3024 3006//3006
f 3023//3023 2981//2981 3025//3025
f 3023//3023 3025//3025 3024//3024
f 3024//3024 3025//3025 3026//3026
f 3024//3024 3026//3026 3006//3006
f 3025//3025 2981//2981 3002//3002
f 3025//3025 3002//3002 3026//3026
f 3026//3026 3002//3002 3004//3004
f 3026//3026 3004//3004 3006//3006
f 3027//3027 3006//3006 3028//3028
f 3027//3027 3028//3028 3029//3029
f 3029//3029 3028//3028 3030//3030
f 3029//3029 3030//3030 3031//3031
f 3028//3028 3006//3006 3032//3032
f 3028//3028 3032//3032 3030//3030
f 3030//3030 3032//3032 3033//3033
f 3030//3030 3033//3033 3031//3031
f 3032//3032 3006//3006 3034//3034
f 3032//3032 3034//3034 3033//3033
f 3033//3033 3034//3034 3035//3035
f 3033//3033 3035//3035 3031//3031
f 3034//3034 3006//3006 3036//3036
f 3034//3034 3036//3036 3035//3035
f 3035//3035 3036//3036 3037//3037
f 3035//3035 3037//3037 3031//3031
f 3036//3036 3006//3006 3038//3038
f 3036//3036 3038//3038 3037//3037
f 3037//3037 3038//3038 3039//3039
f 3037//3037 3039//3039 3031//3031
f 3038//3038 3006//3006 3040//3040
f 3038//3038 3040//3040 3039//3039
f 3039//3039 3040//3040 3041//3041
f 3039//3039 3041//3041 3031//3031
f 3040//3040 3006//3006 3042//3042
f 3040//3040 3042//3042 3041//3041
f 3041//3041 3042//3042 3043//3043
f 3041//3041 3043//3043 3031//3031
f 3042//3042 3006//3006 3044//3044
f 3042//3042 3044//3044 3043//3043
f 3043//3043 3044//3044 3045//3045
f 3043//3043 3045//3045 3031//3031
f 3044//3044 3006//3006 3046//3046
f 3044//3044 3046//3046 3045//3045
f 3045//3045 3046//3046 3047//3047
f 3045//3045 3047//3047 3031//3031
f 3046//3046 3006//3006 3048//3048
f 3046//3046 3048//3048 3047//3047
f 3047//3047 3048//3048 3049//3049
f 3047//3047 3049//3049 3031//3031
f 3048//3048 3006//3006 3050//3050
f 3048//3048 3050//3050 3049//3049
f 3049//3049 3050//3050 3051//3051
f 3049//3049 3051//3051 3031//3031
f 3050//3050 3006//3006 3027//3027
f 3050//3050 3027//3027 3051//3051
f 3051//3051 3027//3027 3029//3029
f 3051//3051 3029//3029 3031//3031
f 3052//3052 3031//3031 3053//3053
f 3052//3052 3053//3053 3054//3054
f 3054//3054 3053//3053 3055//3055
f 3054//3054 3055//3055 3056//3056
f 3053//3053 3031//3031 3057//3057
f 3053//3053 3057//3057 3055//3055
f 3055//3055 3057//3057 3058//3058
f 3055//3055 3058//3058 3056//3056
f 3057//3057 3031//3031 3059//3059
f 3057//3057 3059//3059 3058//3058
f 3058//3058 3059//3059 3060//3060
f 3058//3058 3060//3060 3056//3056
f 3059//3059 3031//3031 3061//3061
f 3059//3059 3061//3061 3060//3060
f 3060//3060 3061//3061 3062//3062
f 3060//3060 3062//3062 3056//3056
f 3061//3061 3031//3031 3063//3063
f 3061//3061 3063//3063 3062//3062
f 3062//3062 3063//3063 3064//3064
f 3062//3062 3064//3064 3056//3056
f 3063//3063 3031//3031 3065//3065
f 3063//3063 3065//3065 3064//3064
f 3064//3064 3065//3065 3066//3066
f 3064//3064 3066//3066 3056//3056
f 3065//3065 3031//3031 3067//3067
f 3065//3065 3067//3067 3066//3066
f 3066//3066 3067//3067 3068//3068
f 3066//3066 3068//3068 3056//3056
f 3067//3067 3031//3031 3069//3069
f 3067//3067 3069//3069 3068//3068
f 3068//3068 3069//3069 3070//3070
f 3068//3068 3070//3070 3056//3056
f 3069//3069 3031//3031 3071//3071
f 3069//3069 3071//3071 3070//3070
f 3070//3070 3071//3071 3072//3072
f 3070//3070 3072//3072 3056//3056
f 3071//3071 3031//3031 3073//3073
f 3071//3071 3073//3073 3072//3072
f 3072//3072 3073//3073 3074//3074
f 3072//3072 3074//3074 3056//3056
f 3073//3073 3031//3031 3075//3075
f 3073//3073 3075//3075 3074//3074
f 3074//3074 3075//3075 3076//3076
f 3074//3074 3076//3076 3056//3056
f 3075//3075 3031//3031 3052//3052
f 3075//3075 3052//3052 3076//3076
f 3076//3076 3052//3052 3054//3054
f 3076//3076 3054//3054 3056//3056
f 3077//3077 3056//3056 3078//3078
f 3077//3077 3078//3078 3079//3079
f 3079//3079 3078//3078 3080//3080
f 3079//3079 3080//3080 3081//3081
f 3078//3078 3056//3056 3082//3082
f 3078//3078 3082//3082 3080//3080
f 3080//3080 3082//3082 3083//3083
f 3080//3080 3083//3083 3081//3081
f 3082//3082 3056//3056 3084//3084
f 3082//3082 3084//3084 3083//3083
f 3083//3083 3084//3084 3085//3085
f 3083//3083 3085//3085 3081//3081
f 3084//3084 3056//3056 3086//3086
f 3084//3084 3086//3086 3085//3085
f 3085//3085 3086//3086 3087//3087
f 3085//3085 3087//3087 3081//3081
f 3086//3086 3056//3056 3088//3088
f 3086//3086 3088//3088 3087//3087
f 3087//3087 3088//3088 3089//3089
f 3087//3087 3089//3089 3081//3081
f 3088//3088 3056//3056 3090//3090
f 3088//3088 3090//3090 3089//3089
f 3089//3089 3090//3090 3091//3091
f 3089//3089 3091//3091 3081//3081
f 3090//3090 3056//3056 3092//3092
f 3090//3090 3092//3092 3091//3091
f 3091//3091 3092//3092 3093//3093
f 3091//3091 3093//3093 3081//3081
f 3092//3092 3056//3056 3094//3094
f 3092//3092 3094//3094 3093//3093
f 3093//3093 3094//3094 3095//3095
f 3093//3093 3095//3095 3081//3081
f 3094//3094 3056//3056 3096//3096
f 3094//3094 3096//3096 3095//3095
f 3095//3095 3096//3096 3097//3097
f 3095//3095 3097//3097 3081//3081
f 3096//3096 3056//3056 3098//3098
f 3096//3096 3098//3098 3097//3097
f 3097//3097 3098//3098 3099//3099
f 3097//3097 3099//3099 3081//3081
f 3098//3098 3056//3056 3100//3100
f 3098//3098 3100//3100 3099//3099
f 3099//3099 3100//3100 3101//3101
f 3099//3099 3101//3101 3081//3081
f 3100//3100 3056//3056 3077//3077
f 3100//3100 3077//3077 3101//3101
f 3101//3101 3077//3077 3079//3079
f 3101//3101 3079//3079 3081//3081
f 3102//3102 3081//3081 3103//3103
f 3102//3102 3103//3103 3104//3104
f 3104//3104 3103//3103 3105//3105
f 3104//3104 3105//3105 3106//3106
f 3103//3103 3081//3081 3107//3107
f 3103//3103 3107//3107 3105//3105
f 3105//3105 3107//3107 3108//3108
f 3105//3105 3108//3108 3106//3106
f 3107//3107 3081//3081 3109//3109
f 3107//3107 3109//3109 3108//3108
f 3108//3108 3109//3109 3110//3110
f 3108//3108 3110//3110 3106//3106
f 3109//3109 3081//3081 3111//3111
f 3109//3109 3111//3111 3110//3110
f 3110//3110 3111//3111 3112//3112
f 3110//3110 3112//3112 3106//3106
f 3111//3111 3081//3081 3113//3113
f 3111//3111 3113//3113 3112//3112
f 3112//3112 3113//3113 3114//3114
f 3112//3112 3114//3114 3106//3106
f 3113//3113 3081//3081 3115//3115
f 3113//3113 3115//3115 3114//3114
f 3114//3114 3115//3115 3116//3116
f 3114//3114 3116//3116 3106//3106
f 3115//3115 3081//3081 3117//3117
f 3115//3115 3117//3117 3116//3116
f 3116//3116 3117//3117 3118//3118
f 3116//3116 3118//3118 3106//3106
f 3117//3117 3081//3081 3119//3119
f 3117//3117 3119//3119 3118//3118
f 3118//3118 3119//3119 3120//3120
f 3118//3118 3120//3120 3106//3106
f 3119//3119 3081//3081 3121//3121
f 3119//3119 3121//3121 3120//3120
f 3120//3120 3121//3121 3122//3122
f 3120//3120 3122//3122 3106//3106
f 3121//3121 3081//3081 3123//3123
f 3121//3121 3123//3123 3122//3122
f 3122//3122 3123//3123 3124//3124
f 3122//3122 3124//3124 3106//3106
f 3123//3123 3081//3081 3125//3125
f 3123//3123 3125//3125 3124//3124
f 3124//3124 3125//3125 3126//3126
f 3124//3124 3126//3126 3106//3106
f 3125//3125 3081//3081 3102//3102
f 3125//3125 3102//3102 3126//3126
f 3126//3126 3102//3102 3104//3104
f 3126//3126 3104//3104 3106//3106
f 3127//3127 3106//3106 3128//3128
f 3127//3127 3128//3128 3129//3129
f 3129//3129 3128//3128 3130//3130
f 3129//3129 3130//3130 3131//3131
f 3128//3128 3106//3106 3132//3132
f 3128//3128 3132//3132 3130//3130
f 3130//3130 3132//3132 3133//3133
f 3130//3130 3133//3133 3131//3131
f 3132//3132 3106//3106 3134//3134
f 3132//3132 3134//3134 3133//3133
f 3133//3133 3134//3134 3135//3135
f 3133//3133 3135//3135 3131//3131
f 3134//3134 3106//3106 3136//3136
f 3134//3134 3136//3136 3135//3135
f 3135//3135 3136//3136 3137//3137
f 3135//3135 3137//3137 3131//3131
f 3136//3136 3106//3106 3138//3138
f 3136//3136 3138//3138 3137//3137
f 3137//3137 3138//3138 3139//3139
f 3137//3137 3139//3139 3131//3131
f 3138//3138 3106//3106 3140//3140
f 3138//3138 3140//3140 3139//3139
f 3139//3139 3140//3140 3141//3141
f 3139//3139 3141//3141 3131//3131
f 3140//3140 3106//3106 3142//3142
f 3140//3140 3142//3142 3141//3141
f 3141//3141 3142//3142 3143//3143
f 3141//3141 3143//3143 3131//3131
f 3142//3142 3106//3106 3144//3144
f 3142//3142 3144//3144 3143//3143
f 3143//3143 3144//3144 3145//3145
f 3143//3143 3145//3145 3131//3131
f 3144//3144 3106//3106 3146//3146
f 3144//3144 3146//3146 3145//3145
f 3145//3145 3146//3146 3147//3147
f 3145//3145 3147//3147 3131//3131
f 3146//3146 3106//3106 3148//3148
f 3146//3146 3148//3148 3147//3147
f 3147//3147 3148//3148 3149//3149
f 3147//3147 3149//3149 3131//3131
f 3148//3148 3106//3106 3150//3150
f 3148//3148 3150//3150 3149//3149
f 3149//3149 3150//3150 3151//3151
f 3149//3149 3151//3151 3131//3131
f 3150//3150 3106//3106 3127//3127
f 3150//3150 3127//3127 3151//3151
f 3151//3151 3127//3127 3129//3129
f 3151//3151 3129//3129 3131//3131
f 3152//3152 3131//3131 3153//3153
f 3152//3152 3153//3153 3154//3154
f 3154//3154 3153//3153 3155//3155
f 3154//3154 3155//3155 3156//3156
f 3153//3153 3131//3131 3157//3157
f 3153//3153 3157//3157 3155//3155
f 3155//3155 3157//3157 3158//3158
f 3155//3155 3158//3158 3156//3156
f 3157//3157 3131//3131 3159//3159
f 3157//3157 3159//3159 3158//3158
f 3158//3158 3159//3159 3160//3160
f 3158//3158 3160//3160 3156//3156
f 3159//3159 3131//3131 3161//3161
f 3159//3159 3161//3161 3160//3160
f 3160//3160 3161//3161 3162//3162
f 3160//3160 3162//3162 3156//3156
f 3161//3161 3131//3131 3163//3163
f 3161//3161 3163//3163 3162//3162
f 3162//3162 3163//3163 3164//3164
f 3162//3162 3164//3164 3156//3156
f 3163//3163 3131//3131 3165//3165
f 3163//3163 3165//3165 3164//3164
f 3164//3164 3165//3165 3166//3166
f 3164//3164 3166//3166 3156//3156
f 3165//3165 3131//3131 3167//3167
f 3165//3165 3167//3167 3166//3166
f 3166//3166 3167//3167 3168//3168
f 3166//3166 3168//3168 3156//3156
f 3167//3167 3131//3131 3169//3169
f 3167//3167 3169//3169 3168//3168
f 3168//3168 3169//3169 3170//3170
f 3168//3168 3170//3170 3156//3156
f 3169//3169 3131//3131 3171//3171
f 3169//3169 3171//3171 3170//3170
f 3170//3170 3171//3171 3172//3172
f 3170//3170 3172//3172 3156//3156
f 3171//3171 3131//3131 3173//3173
f 3171//3171 3173//3173 3172//3172
f 3172//3172 3173//3173 3174//3174
f 3172//3172 3174//3174 3156//3156
f 3173//3173 3131//3131 3175//3175
f 3173//3173 3175//3175 3174//3174
f 3174//3174 3175//3175 3176//3176
f 3174//3174 3176//3176 3156//3156
f 3175//3175 3131//3131 3152//3152
f 3175//3175 3152//3152 3176//3176
f 3176//3176 3152//3152 3154//3154
f 3176//3176 3154//3154 3156//3156
f 3177//3177 3156//3156 3178//3178
f 3177//3177 3178//3178 3179//3179
f 3179//3179 3178//3178 3180//3180
f 3179//3179 3180//3180 3181//3181
f 3178//3178 3156//3156 3182//3182
f 3178//3178 3182//3182 3180//3180
f 3180//3180 3182//3182 3183//3183
f 3180//3180 3183//3183 3181//3181
f 3182//3182 3156//3156 3184//3184
f 3182//3182 3184//3184 3183//3183
f 3183//3183 3184//3184 3185//3185
f 3183//3183 3185//3185 3181//3181
f 3184//3184 3156//3156 3186//3186
f 3184//3184 3186//3186 3185//3185
f 3185//3185 3186//3186 3187//3187
f 3185//3185 3187//3187 3181//3181
f 3186//3186 3156//3156 3188//3188
f 3186//3186 3188//3188 3187//3187
f 3187//3187 3188//3188 3189//3189
f 3187//3187 3189//3189 3181//3181
f 3188//3188 3156//3156 3190//3190
f 3188//3188 3190//3190 3189//3189
f 3189//3189 3190//3190 3191//3191
f 3189//3189 3191//3191 3181//3181
f 3190//3190 3156//3156 3192//3192
f 3190//3190 3192//3192 3191//3191
f 3191//3191 3192//3192 3193//3193
f 3191//3191 3193//3193 3181//3181
f 3192//3192 3156//3156 3194//3194
f 3192//3192 3194//3194 3193//3193
f 3193//3193 3194//3194 3195//3195
f 3193//3193 3195//3195 3181//3181
f 3194//3194 3156//3156 3196//3196
f 3194//3194 3196//3196 3195//3195
f 3195//3195 3196//3196 3197//3197
f 3195//3195 3197//3197 3181//3181
f 3196//3196 3156//3156 3198//3198
f 3196//3196 3198//3198 3197//3197
f 3197//3197 3198//3198 3199//3199
f 3197//3197 3199//3199 3181//3181
f 3198//3198 3156//3156 3200//3200
f 3198//3198 3200//3200 3199//3199
f 3199//3199 3200//3200 3201//3201
f 3199//3199 3201//3201 3181//3181
f 3200//3200 3156//3156 3177//3177
f 3200//3200 3177//3177 3201//3201
f 3201//3201 3177//3177 3179//3179
f 3201//3201 3179//3179 3181//3181
f 3202//3202 3181//3181 3203//3203
f 3202//3202 3203//3203 3204//3204
f 3204//3204 3203//3203 3205//3205
f 3204//3204 3205//3205 3206//3206
f 3203//3203 3181//3181 3207//3207
f 3203//3203 3207//3207 3205//3205
f 3205//3205 3207//3207 3208//3208
f 3205//3205 3208//3208 3206//3206
f 3207//3207 3181//3181 3209//3209
f 3207//3207 3209//3209 3208//3208
f 3208//3208 3209//3209 3210//3210
f 3208//3208 3210//3210 3206//3206
f 3209//3209 3181//3181 3211//3211
f 3209//3209 3211//3211 3210//3210
f 3210//3210 3211//3211 3212//3212
f 3210//3210 3212//3212 3206//3206
f 3211//3211 3181//3181 3213//3213
f 3211//3211 3213//3213 3212//3212
f 3212//3212 3213//3213 3214//3214
f 3212//3212 3214//3214 3206//3206
f 3213//3213 3181//3181 3215//3215
f 3213//3213 3215//3215 3214//3214
f 3214//3214 3215//3215 3216//3216
f 3214//3214 3216//3216 3206//3206
f 3215//3215 3181//3181 3217//3217
f 3215//3215 3217//3217 3216//3216
f 3216//3216 3217//3217 3218//3218
f 3216//3216 3218//3218 3206//3206
f 3217//3217 3181//3181 3219//3219
f 3217//3217 3219//3219 3218//3218
f 3218//3218 3219//3219 3220//3220
f 3218//3218 3220//3220 3206//3206
f 3219//3219 3181//3181 3221//3221
f 3219//3219 3221//3221 3220//3220
f 3220//3220 3221//3221 3222//3222
f 3220//3220 3222//3222 3206//3206
f 3221//3221 3181//3181 3223//3223
f 3221//3221 3223//3223 3222//3222
f 3222//3222 3223//3223 3224//3224
f 3222//3222 3224//3224 3206//3206
f 3223//3223 3181//3181 3225//3225
f 3223//3223 3225//3225 3224//3224
f 3224//3224 3225//3225 3226//3226
f 3224//3224 3226//3226 3206//3206
f 3225//3225 3181//3181 3202//3202
f 3225//3225 3202//3202 3226//3226
f 3226//3226 3202//3202 3204//3204
f 3226//3226 3204//3204 3206//3206
f 3227//3227 3206//3206 3228//3228
f 3227//3227 3228//3228 3229//3229
f 3229//3229 3228//3228 3230//3230
f 3229//3229 3230//3230 3231//3231
f 3228//3228 3206//3206 3232//3232
f 3228//3228 3232//3232 3230//3230
f 3230//3230 3232//3232 3233//3233
f 3230//3230 3233//3233 3231//3231
f 3232//3232 3206//3206 3234//3234
f 3232//3232 3234//3234 3233//3233
f 3233//3233 3234//3234 3235//3235
f 3233//3233 3235//3235 3231//3231
f 3234//3234 3206//3206 3236//3236
f 3234//3234 3236//3236 3235//3235
f 3235//3235 3236//3236 3237//3237
f 3235//3235 3237//3237 3231//3231
f 3236//3236 3206//3206 3238//3238
f 3236//3236 3238//3238 3237//3237
f 3237//3237 3238//3238 3239//3239
f 3237//3237 3239//3239 3231//3231
f 3238//3238 3206//3206 3240//3240
f 3238//3238 3240//3240 3239//3239
f 3239//3239 3240//3240 3241//3241
f 3239//3239 3241//3241 3231//3231
f 3240//3240 3206//3206 3242//3242
f 3240//3240 3242//3242 3241//3241
f 3241//3241 3242//3242 3243//3243
f 3241//3241 3243//3243 3231//3231
f 3242//3242 3206//3206 3244//3244
f 3242//3242 3244//3244 3243//3243
f 3243//3243 3244//3244 3245//3245
f 3243//3243 3245//3245 3231//3231
f 3244//3244 3206//3206 3246//3246
f 3244//3244 3246//3246 3245//3245
f 3245//3245 3246//3246 3247//3247
f 3245//3245 3247//3247 3231//3231
f 3246//3246 3206//3206 3248//3248
f 3246//3246 3248//3248 3247//3247
f 3247//3247 3248//3248 3249//3249
f 3247//3247 3249//3249 3231//3231
f 3248//3248 3206//3206 3250//3250
f 3248//3248 3250//3250 3249//3249
f 3249//3249 3250//3250 3251//3251
f 3249//3249 3251//3251 3231//3231
f 3250//3250 3206//3206 3227//3227
f 3250//3250 3227//3227 3251//3251
f 3251//3251 3227//3227 3229//3229
f 3251//3251 3229//3229 3231//3231
f 3252//3252 3231//3231 3253//3253
f 3252//3252 3253//3253 3254//3254
f 3254//3254 3253//3253 3255//3255
f 3254//3254 3255//3255 3256//3256
f 3253//3253 3231//3231 3257//3257
f 3253//3253 3257//3257 3255//3255
f 3255//3255 3257//3257 3258//3258
f 3255//3255 3258//3258 3256//3256
f 3257//3257 3231//3231 3259//3259
f 3257//3257 3259//3259 3258//3258
f 3258//3258 3259//3259 3260//3260
f 3258//3258 3260//3260 3256//3256
f 3259//3259 3231//3231 3261//3261
f 3259//3259 3261//3261 3260//3260
f 3260//3260 3261//3261 3262//3262
f 3260//3260 3262//3262 3256//3256
f 3261//3261 3231//3231 3263//3263
f 3261//3261 3263//3263 3262//3262
f 3262//3262 3263//3263 3264//3264
f 3262//3262 3264//3264 3256//3256
f 3263//3263 3231//3231 3265//3265
f 3263//3263 3265//3265 3264//3264
f 3264//3264 3265//3265 3266//3266
f 3264//3264 3266//3266 3256//3256
f 3265//3265 3231//3231 3267//3267
f 3265//3265 3267//3267 3266//3266
f 3266//3266 3267//3267 3268//3268
f 3266//3266 3268//3268 3256//3256
f 3267//3267 3231//3231 3269//3269
f 3267//3267 3269//3269 3268//3268
f 3268//3268 3269//3269 3270//3270
f 3268//3268 3270//3270 3256//3256
f 3269//3269 3231//3231 3271//3271
f 3269//3269 3271//3271 3270//3270
f 3270//3270 3271//3271 3272//3272
f 3270//3270 3272//3272 3256//3256
f 3271//3271 3231//3231 3273//3273
f 3271//3271 3273//3273 3272//3272
f 3272//3272 3273//3273 3274//3274
f 3272//3272 3274//3274 3256//3256
f 3273//3273 3231//3231 3275//3275
f 3273//3273 3275//3275 3274//3274
f 3274//3274 3275//3275 3276//3276
f 3274//3274 3276//3276 3256//3256
f 3275//3275 3231//3231 3252//3252
f 3275//3275 3252//3252 3276//3276
f 3276//3276 3252//3252 3254//3254
f 3276//3276 3254//3254 3256//3256
f 3277//3277 3256//3256 3278//3278
f 3277//3277 3278//3278 3279//3279
f 3279//3279 3278//3278 3280//3280
f 3279//3279 3280//3280 3281//3281
f 3278//3278 3256//3256 3282//3282
f 3278//3278 3282//3282 3280//3280
f 3280//3280 3282//3282 3283//3283
f 3280//3280 3283//3283 3281//3281
f 3282//3282 3256//3256 3284//3284
f 3282//3282 3284//3284 3283//3283
f 3283//3283 3284//3284 3285//3285
f 3283//3283 3285//3285 3281//3281
f 3284//3284 3256//3256 3286//3286
f 3284//3284 3286//3286 3285//3285
f 3285//3285 3286//3286 3287//3287
f 3285//3285 3287//3287 3281//3281
f 3286//3286 3256//3256 3288//3288
f 3286//3286 3288//3288 3287//3287
f 3287//3287 3288//3288 3289//3289
f 3287//3287 3289//3289 3281//3281
f 3288//3288 3256//3256 3290//3290
f 3288//3288 3290//3290 3289//3289
f 3289//3289 3290//3290 3291//3291
f 3289//3289 3291//3291 3281//3281
f 3290//3290 3256//3256 3292//3292
f 3290//3290 3292//3292 3291//3291
f 3291//3291 3292//3292 3293//3293
f 3291//3291 3293//3293 3281//3281
f 3292//3292 3256//3256 3294//3294
f 3292//3292 3294//3294 3293//3293
f 3293//3293 3294//3294 3295//3295
f 3293//3293 3295//3295 3281//3281
f 3294//3294 3256//3256 3296//3296
f 3294//3294 3296//3296 3295//3295
f 3295//3295 3296//3296 3297//3297
f 3295//3295 3297//3297 3281//3281
f 3296//3296 3256//3256 3298//3298
f 3296//3296 3298//3298 3297//3297
f 3297//3297 3298//3298 3299//3299
f 3297//3297 3299//3299 3281//3281
f 3298//3298 3256//3256 3300//3300
f 3298//3298 3300//3300 3299//3299
f 3299//3299 3300//3300 3301//3301
f 3299//3299 3301//3301 3281//3281
f 3300//3300 3256//3256 3277//3277
f 3300//3300 3277//3277 3301//3301
f 3301//3301 3277//3277 3279//3279
f 3301//3301 3279//3279 3281//3281
f 3302//3302 3281//3281 3303//3303
f 3302//3302 3303//3303 3304//3304
f 3304//3304 3303//3303 3305//3305
f 3304//3304 3305//3305 3306//3306
f 3303//3303 3281//3281 3307//3307
f 3303//3303 3307//3307 3305//3305
f 3305//3305 3307//3307 3308//3308
f 3305//3305 3308//3308 3306//3306
f 3307//3307 3281//3281 3309//3309
f 3307//3307 3309//3309 3308//3308
f 3308//3308 3309//3309 3310//3310
f 3308//3308 3310//3310 3306//3306
f 3309//3309 3281//3281 3311//3311
f 3309//3309 3311//3311 3310//3310
f 3310//3310 3311//3311 3312//3312
f 3310//3310 3312//3312 3306//3306
f 3311//3311 3281//3281 3313//3313
f 3311//3311 3313//3313 3312//3312
f 3312//3312 3313//3313 3314//3314
f 3312//3312 3314//3314 3306//3306
f 3313//3313 3281//3281 3315//3315
f 3313//3313 3315//3315 3314//3314
f 3314//3314 3315//3315 3316//3316
f 3314//3314 3316//3316 3306//3306
f 3315//3315 3281//3281 3317//3317
f 3315//3315 3317//3317 3316//3316
f 3316//3316 3317//3317 3318//3318
f 3316//3316 3318//3318 3306//3306
f 3317//3317 3281//3281 3319//3319
f 3317//3317 3319//3319 3318//3318
f 3318//3318 3319//3319 3320//3320
f 3318//3318 3320//3320 3306//3306
f 3319//3319 3281//3281 3321//3321
f 3319//3319 3321//3321 3320//3320
f 3320//3320 3321//3321 3322//3322
f 3320//3320 3322//3322 3306//3306
f 3321//3321 3281//3281 3323//3323
f 3321//3321 3323//3323 3322//3322
f 3322//3322 3323//3323 3324//3324
f 3322//3322 3324//3324 3306//3306
f 3323//3323 3281//3281 3325//3325
f 3323//3323 3325//3325 3324//3324
f 3324//3324 3325//3325 3326//3326
f 3324//3324 3326//3326 3306//3306
f 3325//3325 3281//3281 3302//3302
f 3325//3325 3302//3302 3326//3326
f 3326//3326 3302//3302 3304//3304
f 3326//3326 3304//3304 3306//3306
f 3327//3327 3306//3306 3328//3328
f 3327//3327 3328//3328 3329//3329
f 3329//3329 3328//3328 3330//3330
f 3329//3329 3330//3330 3331//3331
f 3328//3328 3306//3306 3332//3332
f 3328//3328 3332//3332 3330//3330
f 3330//3330 3332//3332 3333//3333
f 3330//3330 3333//3333 3331//3331
f 3332//3332 3306//3306 3334//3334
f 3332//3332 3334//3334 3333//3333
f 3333//3333 3334//3334 3335//3335
f 3333//3333 3335//3335 3331//3331
f 3334//3334 3306//3306 3336//3336
f 3334//3334 3336//3336 3335//3335
f 3335//3335 3336//3336 3337//3337
f 3335//3335 3337//3337 3331//3331
f 3336//3336 3306//3306 3338//3338
f 3336//3336 3338//3338 3337//3337
f 3337//3337 3338//3338 3339//3339
f 3337//3337 3339//3339 3331//3331
f 3338//3338 3306//3306 3340//3340
f 3338//3338 3340//3340 3339//3339
f 3339//3339 3340//3340 3341//3341
f 3339//3339 3341//3341 3331//3331
f 3340//3340 3306//3306 3342//3342
f 3340//3340 3342//3342 3341//3341
f 3341//3341 3342//3342 3343//3343
f 3341//3341 3343//3343 3331//3331
f 3342//3342 3306//3306 3344//3344
f 3342//3342 3344//3344 3343//3343
f 3343//3343 3344//3344 3345//3345
f 3343//3343 3345//3345 3331//3331
f 3344//3344 3306//3306 3346//3346
f 3344//3344 3346//3346 3345//3345
f 3345//3345 3346//3346 3347//3347
f 3345//3345 3347//3347 3331//3331
f 3346//3346 3306//3306 3348//3348
f 3346//3346 3348//3348 3347//3347
f 3347//3347 3348//3348 3349//3349
f 3347//3347 3349//3349 3331//3331
f 3348//3348 3306//3306 3350//3350
f 3348//3348 3350//3350 3349//3349
f 3349//3349 3350//3350 3351//3351
f 3349//3349 3351//3351 3331//3331
f 3350//3350 3306//3306 3327//3327
f 3350//3350 3327//3327 3351//3351
f 3351//3351 3327//3327 3329//3329
f 3351//3351 3329//3329 3331//3331
f 3352//3352 3331//3331 3353//3353
f 3352//3352 3353//3353 3354//3354
f 3354//3354 3353//3353 3355//3355
f 3354//3354 3355//3355 3356//3356
f 3353//3353 3331//3331 3357//3357
f 3353//3353 3357//3357 3355//3355
f 3355//3355 3357//3357 3358//3358
f 3355//3355 3358//3358 3356//3356
f 3357//3357 3331//3331 3359//3359
f 3357//3357 3359//3359 3358//3358
f 3358//3358 3359//3359 3360//3360
f 3358//3358 3360//3360 3356//3356
f 3359//3359 3331//3331 3361//3361
f 3359//3359 3361//3361 3360//3360
f 3360//3360 3361//3361 3362//3362
f 3360//3360 3362//3362 3356//3356
f 3361//3361 3331//3331 3363//3363
f 3361//3361 3363//3363 3362//3362
f 3362//3362 3363//3363 3364//3364
f 3362//3362 3364//3364 3356//3356
f 3363//3363 3331//3331 3365//3365
f 3363//3363 3365//3365 3364//3364
f 3364//3364 3365//3365 3366//3366
f 3364//3364 3366//3366 3356//3356
f 3365//3365 3331//3331 3367//3367
f 3365//3365 3367//3367 3366//3366
f 3366//3366 3367//3367 3368//3368
f 3366//3366 3368//3368 3356//3356
f 3367//3367 3331//3331 3369//3369
f 3367//3367 3369//3369 3368//3368
f 3368//3368 3369//3369 3370//3370
f 3368//3368 3370//3370 3356//3356
f 3369//3369 3331//3331 3371//3371
f 3369//3369 3371//3371 3370//3370
f 3370//3370 3371//3371 3372//3372
f 3370//3370 3372//3372 3356//3356
f 3371//3371 3331//3331 3373//3373
f 3371//3371 3373//3373 3372//3372
f 3372//3372 3373//3373 3374//3374
f 3372//3372 3374//3374 3356//3356
f 3373//3373 3331//3331 3375//3375
f 3373//3373 3375//3375 3374//3374
f 3374//3374 3375//3375 3376//3376
f 3374//3374 3376//3376 3356//3356
f 3375//3375 3331//3331 3352//3352
f 3375//3375 3352//3352 3376//3376
f 3376//3376 3352//3352 3354//3354
f 3376//3376 3354//3354 3356//3356
f 3377//3377 3356//3356 3378//3378
f 3377//3377 3378//3378 3379//3379
f 3379//3379 3378//3378 3380//3380
f 3379//3379 3380//3380 3381//3381
f 3378//3378 3356//3356 3382//3382
f 3378//3378 3382//3382 3380//3380
f 3380//3380 3382//3382 3383//3383
f 3380//3380 3383//3383 3381//3381
f 3382//3382 3356//3356 3384//3384
f 3382//3382 3384//3384 3383//3383
f 3383//3383 3384//3384 3385//3385
f 3383//3383 3385//3385 3381//3381
f 3384//3384 3356//3356 3386//3386
f 3384//3384 3386//3386 3385//3385
f 3385//3385 3386//3386 3387//3387
f 3385//3385 3387//3387 3381//3381
f 3386//3386 3356//3356 3388//3388
f 3386//3386 3388//3388 3387//3387
f 3387//3387 3388//3388 3389//3389
f 3387//3387 3389//3389 3381//3381
f 3388//3388 3356//3356 3390//3390
f 3388//3388 3390//3390 3389//3389
f 3389//3389 3390//3390 3391//3391
f 3389//3389 3391//3391 3381//3381
f 3390//3390 3356//3356 3392//3392
f 3390//3390 3392//3392 3391//3391
f 3391//3391 3392//3392 3393//3393
f 3391//3391 3393//3393 3381//3381
f 3392//3392 3356//3356 3394//3394
f 3392//3392 3394//3394 3393//3393
f 3393//3393 3394//3394 3395//3395
f 3393//3393 3395//3395 3381//3381
f 3394//3394 3356//3356 3396//3396
f 3394//3394 3396//3396 3395//3395
f 3395//3395 3396//3396 3397//3397
f 3395//3395 3397//3397 3381//3381
f 3396//3396 3356//3356 3398//3398
f 3396//3396 3398//3398 3397//3397
f 3397//3397 3398//3398 3399//3399
f 3397//3397 3399//3399 3381//3381
f 3398//3398 3356//3356 3400//3400
f 3398//3398 3400//3400 3399//3399
f 3399//3399 3400//3400 3401//3401
f 3399//3399 3401//3401 3381//3381
f 3400//3400 3356//3356 3377//3377
f 3400//3400 3377//3377 3401//3401
f 3401//3401 3377//3377 3379//3379
f 3401//3401 3379//3379 3381//3381
f 3402//3402 3381//3381 3403//3403
f 3402//3402 3403//3403 3404//3404
f 3404//3404 3403//3403 3405//3405
f 3404//3404 3405//3405 3406//3406
f 3403//3403 3381//3381 3407//3407
f 3403//3403 3407//3407 3405//3405
f 3405//3405 3407//3407 3408//3408
f 3405//3405 3408//3408 3406//3406
f 3407//3407 3381//3381 3409//3409
f 3407//3407 3409//3409 3408//3408
f 3408//3408 3409//3409 3410//3410
f 3408//3408 3410//3410 3406//3406
f 3409//3409 3381//3381 3411//3411
f 3409//3409 3411//3411 3410//3410
f 3410//3410 3411//3411 3412//3412
f 3410//3410 3412//3412 3406//3406
f 3411//3411 3381//3381 3413//3413
f 3411//3411 3413//3413 3412//3412
f 3412//3412 3413//3413 3414//3414
f 3412//3412 3414//3414 3406//3406
f 3413//3413 3381//3381 3415//3415
f 3413//3413 3415//3415 3414//3414
f 3414//3414 3415//3415 3416//3416
f 3414//3414 3416//3416 3406//3406
f 3415//3415 3381//3381 3417//3417
f 3415//3415 3417//3417 3416//3416
f 3416//3416 3417//3417 3418//3418
f 3416//3416 3418//3418 3406//3406
f 3417//3417 3381//3381 3419//3419
f 3417//3417 3419//3419 3418//3418
f 3418//3418 3419//3419 3420//3420
f 3418//3418 3420//3420 3406//3406
f 3419//3419 3381//3381 3421//3421
f 3419//3419 3421//3421 3420//3420
f 3420//3420 3421//3421 3422//3422
f 3420//3420 3422//3422 3406//3406
f 3421//3421 3381//3381 3423//3423
f 3421//3421 3423//3423 3422//3422
f 3422//3422 3423//3423 3424//3424
f 3422//3422 3424//3424 3406//3406
f 3423//3423 3381//3381 3425//3425
f 3423//3423 3425//3425 3424//3424
f 3424//3424 3425//3425 3426//3426
f 3424//3424 3426//3426 3406//3406
f 3425//3425 3381//3381 3402//3402
f 3425//3425 3402//3402 3426//3426
f 3426//3426 3402//3402 3404//3404
f 3426//3426 3404//3404 3406//3406
f 3427//3427 3406//3406 3428//3428
f 3427//3427 3428//3428 3429//3429
f 3429//3429 3428//3428 3430//3430
f 3429//3429 3430//3430 3431//3431
f 3428//3428 3406//3406 3432//3432
f 3428//3428 3432//3432 3430//3430
f 3430//3430 3432//3432 3433//3433
f 3430//3430 3433//3433 3431//3431
f 3432//3432 3406//3406 3434//3434
f 3432//3432 3434//3434 3433//3433
f 3433//3433 3434//3434 3435//3435
f 3433//3433 3435//3435 3431//3431
f 3434//3434 3406//3406 3436//3436
f 3434//3434 3436//3436 3435//3435
f 3435//3435 3436//3436 3437//3437
f 3435//3435 3437//3437 3431//3431
f 3436//3436 3406//3406 3438//3438
f 3436//3436 3438//3438 3437//3437
f 3437//3437 3438//3438 3439//3439
f 3437//3437 3439//3439 3431//3431
f 3438//3438 3406//3406 3440//3440
f 3438//3438 3440//3440 3439//3439
f 3439//3439 3440//3440 3441//3441
f 3439//3439 3441//3441 3431//3431
f 3440//3440 3406//3406 3442//3442
f 3440//3440 3442//3442 3441//3441
f 3441//3441 3442//3442 3443//3443
f 3441//3441 3443//3443 3431//3431
f 3442//3442 3406//3406 3444//3444
f 3442//3442 3444//3444 3443//3443
f 3443//3443 3444//3444 3445//3445
f 3443//3443 3445//3445 3431//3431
f 3444//3444 3406//3406 3446//3446
f 3444//3444 3446//3446 3445//3445
f 3445//3445 3446//3446 3447//3447
f 3445//3445 3447//3447 3431//3431
f 3446//3446 3406//3406 3448//3448
f 3446//3446 3448//3448 3447//3447
f 3447//3447 3448//3448 3449//3449
f 3447//3447 3449//3449 3431//3431
f 3448//3448 3406//3406 3450//3450
f 3448//3448 3450//3450 3449//3449
f 3449//3449 3450//3450 3451//3451
f 3449//3449 3451//3451 3431//3431
f 3450//3450 3406//3406 3427//3427
f 3450//3450 3427//3427 3451//3451
f 3451//3451 3427//3427 3429//3429
f 3451//3451 3429//3429 3431//3431
f 3452//3452 3431//3431 3453//3453
f 3452//3452 3453//3453 3454//3454
f 3454//3454 3453//3453 3455//3455
f 3454//3454 3455//3455 3456//3456
f 3453//3453 3431//3431 3457//3457
f 3453//3453 3457//3457 3455//3455
f 3455//3455 3457//3457 3458//3458
f 3455//3455 3458//3458 3456//3456
f 3457//3457 3431//3431 3459//3459
f 3457//3457 3459//3459 3458//3458
f 3458//3458 3459//3459 3460//3460
f 3458//3458 3460//3460 3456//3456
f 3459//3459 3431//3431 3461//3461
f 3459//3459 3461//3461 3460//3460
f 3460//3460 3461//3461 3462//3462
f 3460//3460 3462//3462 3456//3456
f 3461//3461 3431//3431 3463//3463
f 3461//3461 3463//3463 3462//3462
f 3462//3462 3463//3463 3464//3464
f 3462//3462 3464//3464 3456//3456
f 3463//3463 3431//3431 3465//3465
f 3463//3463 3465//3465 3464//3464
f 3464//3464 3465//3465 3466//3466
f 3464//3464 3466//3466 3456//3456
f 3465//3465 3431//3431 3467//3467
f 3465//3465 3467//3467 3466//3466
f 3466//3466 3467//3467 3468//3468
f 3466//3466 3468//3468 3456//3456
f 3467//3467 3431//3431 3469//3469
f 3467//3467 3469//3469 3468//3468
f 3468//3468 3469//3469 3470//3470
f 3468//3468 3470//3470 3456//3456
f 3469//3469 3431//3431 3471//3471
f 3469//3469 3471//3471 3470//3470
f 3470//3470 3471//3471 3472//3472
f 3470//3470 3472//3472 3456//3456
f 3471//3471 3431//3431 3473//3473
f 3471//3471 3473//3473 3472//3472
f 3472//3472 3473//3473 3474//3474
f 3472//3472 3474//3474 3456//3456
f 3473//3473 3431//3431 3475//3475
f 3473//3473 3475//3475 3474//3474
f 3474//3474 3475//3475 3476//3476
f 3474//3474 3476//3476 3456//3456
f 3475//3475 3431//3431 3452//3452
f 3475//3475 3452//3452 3476//3476
f 3476//3476 3452//3452 3454//3454
f 3476//3476 3454//3454 3456//3456
f 3477//3477 3456//3456 3478//3478
f 3477//3477 3478//3478 3479//3479
f 3479//3479 3478//3478 3480//3480
f 3479//3479 3480//3480 3481//3481
f 3478//3478 3456//3456 3482//3482
f 3478//3478 3482//3482 3480//3480
f 3480//3480 3482//3482 3483//3483
f 3480//3480 3483//3483 3481//3481
f 3482//3482 3456//3456 3484//3484
f 3482//3482 3484//3484 3483//3483
f 3483//3483 3484//3484 3485//3485
f 3483//3483 3485//3485 3481//3481
f 3484//3484 3456//3456 3486//3486
f 3484//3484 3486//3486 3485//3485
f 3485//3485 3486//3486 3487//3487
f 3485//3485 3487//3487 3481//3481
f 3486//3486 3456//3456 3488//3488
f 3486//3486 3488//3488 3487//3487
f 3487//3487 3488//3488 3489//3489
f 3487//3487 3489//3489 3481//3481
f 3488//3488 3456//3456 3490//3490
f 3488//3488 3490//3490 3489//3489
f 3489//3489 3490//3490 3491//3491
f 3489//3489 3491//3491 3481//3481
f 3490//3490 3456//3456 3492//3492
f 3490//3490 3492//3492 3491//3491
f 3491//3491 3492//3492 3493//3493
f 3491//3491 3493//3493 3481//3481
f 3492//3492 3456//3456 3494//3494
f 3492//3492 3494//3494 3493//3493
f 3493//3493 3494//3494 3495//3495
f 3493//3493 3495//3495 3481//3481
f 3494//3494 3456//3456 3496//3496
f 3494//3494 3496//3496 3495//3495
f 3495//3495 3496//3496 3497//3497
f 3495//3495 3497//3497 3481//3481
f 3496//3496 3456//3456 3498//3498
f 3496//3496 3498//3498 3497//3497
f 3497//3497 3498//3498 3499//3499
f 3497//3497 3499//3499 3481//3481
f 3498//3498 3456//3456 3500//3500
f 3498//3498 3500//3500 3499//3499
f 3499//3499 3500//3500 3501//3501
f 3499//3499 3501//3501 3481//3481
f 3500//3500 3456//3456 3477//3477
f 3500//3500 3477//3477 3501//3501
f 3501//3501 3477//3477 3479//3479
f 3501//3501 3479//3479 3481//3481
f 3502//3502 3481//3481 3503//3503
f 3502//3502 3503//3503 3504//3504
f 3504//3504 3503//3503 3505//3505
f 3504//3504 3505//3505 3506//3506
f 3503//3503 3481//3481 3507//3507
f 3503//3503 3507//3507 3505//3505
f 3505//3505 3507//3507 3508//3508
f 3505//3505 3508//3508 3506//3506
f 3507//3507 3481//3481 3509//3509
f 3507//3507 3509//3509 3508//3508
f 3508//3508 3509//3509 3510//3510
f 3508//3508 3510//3510 3506//3506
f 3509//3509 3481//3481 3511//3511
f 3509//3509 3511//3511 3510//3510
f 3510//3510 3511//3511 3512//3512
f 3510//3510 3512//3512 3506//3506
f 3511//3511 3481//3481 3513//3513
f 3511//3511 3513//3513 3512//3512
f 3512//3512 3513//3513 3514//3514
f 3512//3512 3514//3514 3506//3506
f 3513//3513 3481//3481 3515//3515
f 3513//3513 3515//3515 3514//3514
f 3514//3514 3515//3515 3516//3516
f 3514//3514 3516//3516 3506//3506
f 3515//3515 3481//3481 3517//3517
f 3515//3515 3517//3517 3516//3516
f 3516//3516 3517//3517 3518//3518
f 3516//3516 3518//3518 3506//3506
f 3517//3517 3481//3481 3519//3519
f 3517//3517 3519//3519 3518//3518
f 3518//3518 3519//3519 3520//3520
f 3518//3518 3520//3520 3506//3506
f 3519//3519 3481//3481 3521//3521
f 3519//3519 3521//3521 3520//3520
f 3520//3520 3521//3521 3522//3522
f 3520//3520 3522//3522 3506//3506
f 3521//3521 3481//3481 3523//3523
f 3521//3521 3523//3523 3522//3522
f 3522//3522 3523//3523 3524//3524
f 3522//3522 3524//3524 3506//3506
f 3523//3523 3481//3481 3525//3525
f 3523//3523 3525//3525 3524//3524
f 3524//3524 3525//3525 3526//3526
f 3524//3524 3526//3526 3506//3506
f 3525//3525 3481//3481 3502//3502
f 3525//3525 3502//3502 3526//3526
f 3526//3526 3502//3502 3504//3504
f 3526//3526 3504//3504 3506//3506
f 3527//3527 3506//3506 3528//3528
f 3527//3527 3528//3528 3529//3529
f 3529//3529 3528//3528 3530//3530
f 3529//3529 3530//3530 3531//3531
f 3528//3528 3506//3506 3532//3532
f 3528//3528 3532//3532 3530//3530
f 3530//3530 3532//3532 3533//3533
f 3530//3530 3533//3533 3531//3531
f 3532//3532 3506//3506 3534//3534
f 3532//3532 3534//3534 3533//3533
f 3533//3533 3534//3534 3535//3535
f 3533//3533 3535//3535 3531//3531
f 3534//3534 3506//3506 3536//3536
f 3534//3534 3536//3536 3535//3535
f 3535//3535 3536//3536 3537//3537
f 3535//3535 3537//3537 3531//3531
f 3536//3536 3506//3506 3538//3538
f 3536//3536 3538//3538 3537//3537
f 3537//3537 3538//3538 3539//3539
f 3537//3537 3539//3539 3531//3531
f 3538//3538 3506//3506 3540//3540
f 3538//3538 3540//3540 3539//3539
f 3539//3539 3540//3540 3541//3541
f 3539//3539 3541//3541 3531//3531
f 3540//3540 3506//3506 3542//3542
f 3540//3540 3542//3542 3541//3541
f 3541//3541 3542//3542 3543//3543
f 3541//3541 3543//3543 3531//3531
f 3542//3542 3506//3506 3544//3544
f 3542//3542 3544//3544 3543//3543
f 3543//3543 3544//3544 3545//3545
f 3543//3543 3545//3545 3531//3531
f 3544//3544 3506//3506 3546//3546
f 3544//3544 3546//3546 3545//3545
f 3545//3545 3546//3546 3547//3547
f 3545//3545 3547//3547 3531//3531
f 3546//3546 3506//3506 3548//3548
f 3546//3546 3548//3548 3547//3547
f 3547//3547 3548//3548 3549//3549
f 3547//3547 3549//3549 3531//3531
f 3548//3548 3506//3506 3550//3550
f 3548//3548 3550//3550 3549//3549
f 3549//3549 3550//3550 3551//3551
f 3549//3549 3551//3551 3531//3531
f 3550//3550 3506//3506 3527//3527
f 3550//3550 3527//3527 3551//3551
f 3551//3551 3527//3527 3529//3529
f 3551//3551 3529//3529 3531//3531
f 3552//3552 3531//3531 3553//3553
f 3552//3552 3553//3553 3554//3554
f 3554//3554 3553//3553 3555//3555
f 3554//3554 3555//3555 3556//3556
f 3553//3553 3531//3531 3557//3557
f 3553//3553 3557//3557 3555//3555
f 3555//3555 3557//3557 3558//3558
f 3555//3555 3558//3558 3556//3556
f 3557//3557 3531//3531 3559//3559
f 3557//3557 3559//3559 3558//3558
f 3558//3558 3559//3559 3560//3560
f 3558//3558 3560//3560 3556//3556
f 3559//3559 3531//3531 3561//3561
f 3559//3559 3561//3561 3560//3560
f 3560//3560 3561//3561 3562//3562
f 3560//3560 3562//3562 3556//3556
f 3561//3561 3531//3531 3563//3563
f 3561//3561 3563//3563 3562//3562
f 3562//3562 3563//3563 3564//3564
f 3562//3562 3564//3564 3556//3556
f 3563//3563 3531//3531 3565//3565
f 3563//3563 3565//3565 3564//3564
f 3564//3564 3565//3565 3566//3566
f 3564//3564 3566//3566 3556//3556
f 3565//3565 3531//3531 3567//3567
f 3565//3565 3567//3567 3566//3566
f 3566//3566 3567//3567 3568//3568
f 3566//3566 3568//3568 3556//3556
f 3567//3567 3531//3531 3569//3569
f 3567//3567 3569//3569 3568//3568
f 3568//3568 3569//3569 3570//3570
f 3568//3568 3570//3570 3556//3556
f 3569//3569 3531//3531 3571//3571
f 3569//3569 3571//3571 3570//3570
f 3570//3570 3571//3571 3572//3572
f 3570//3570 3572//3572 3556//3556
f 3571//3571 3531//3531 3573//3573
f 3571//3571 3573//3573 3572//3572
f 3572//3572 3573//3573 3574//3574
f 3572//3572 3574//3574 3556//3556
f 3573//3573 3531//3531 3575//3575
f 3573//3573 3575//3575 3574//3574
f 3574//3574 3575//3575 3576//3576
f 3574//3574 3576//3576 3556//3556
f 3575//3575 3531//3531 3552//3552
f 3575//3575 3552//3552 3576//3576
f 3576//3576 3552//3552 3554//3554
f 3576//3576 3554//3554 3556//3556
f 3577//3577 3556//3556 3578//3578
f 3577//3577 3578//3578 3579//3579
f 3579//3579 3578//3578 3580//3580
f 3579//3579 3580//3580 3581//3581
f 3578//3578 3556//3556 3582//3582
f 3578//3578 3582//3582 3580//3580
f 3580//3580 3582//3582 3583//3583
f 3580//3580 3583//3583 3581//3581
f 3582//3582 3556//3556 3584//3584
f 3582//3582 3584//3584 3583//3583
f 3583//3583 3584//3584 3585//3585
f 3583//3583 3585//3585 3581//3581
f 3584//3584 3556//3556 3586//3586
f 3584//3584 3586//3586 3585//3585
f 3585//3585 3586//3586 3587//3587
f 3585//3585 3587//3587 3581//3581
f 3586//3586 3556//3556 3588//3588
f 3586//3586 3588//3588 3587//3587
f 3587//3587 3588//3588 3589//3589
f 3587//3587 3589//3589 3581//3581
f 3588//3588 3556//3556 3590//3590
f 3588//3588 3590//3590 3589//3589
f 3589//3589 3590//3590 3591//3591
f 3589//3589 3591//3591 3581//3581
f 3590//3590 3556//3556 3592//3592
f 3590//3590 3592//3592 3591//3591
f 3591//3591 3592//3592 3593//3593
f 3591//3591 3593//3593 3581//3581
f 3592//3592 3556//3556 3594//3594
f 3592//3592 3594//3594 3593//3593
f 3593//3593 3594//3594 3595//3595
f 3593//3593 3595//3595 3581//3581
f 3594//3594 3556//3556 3596//3596
f 3594//3594 3596//3596 3595//3595
f 3595//3595 3596//3596 3597//3597
f 3595//3595 3597//3597 3581//3581
f 3596//3596 3556//3556 3598//3598
f 3596//3596 3598//3598 3597//3597
f 3597//3597 3598//3598 3599//3599
f 3597//3597 3599//3599 3581//3581
f 3598//3598 3556//3556 3600//3600
f 3598//3598 3600//3600 3599//3599
f 3599//3599 3600//3600 3601//3601
f 3599//3599 3601//3601 3581//3581
f 3600//3600 3556//3556 3577//3577
f 3600//3600 3577//3577 3601//3601
f 3601//3601 3577//3577 3579//3579
f 3601//3601 3579//3579 3581//3581
f 3602//3602 3581//3581 3603//3603
f 3602//3602 3603//3603 3604//3604
f 3604//3604 3603//3603 3605//3605
f 3604//3604 3605//3605 3606//3606
f 3603//3603 3581//3581 3607//3607
f 3603//3603 3607//3607 3605//3605
f 3605//3605 3607//3607 3608//3608
f 3605//3605 3608//3608 3606//3606
f 3607//3607 3581//3581 3609//3609
f 3607//3607 3609//3609 3608//3608
f 3608//3608 3609//3609 3610//3610
f 3608//3608 3610//3610 3606//3606
f 3609//3609 3581//3581 3611//3611
f 3609//3609 3611//3611 3610//3610
f 3610//3610 3611//3611 3612//3612
f 3610//3610 3612//3612 3606//3606
f 3611//3611 3581//3581 3613//3613
f 3611//3611 3613//3613 3612//3612
f 3612//3612 3613//3613 3614//3614
f 3612//3612 3614//3614 3606//3606
f 3613//3613 3581//3581 3615//3615
f 3613//3613 3615//3615 3614//3614
f 3614//3614 3615//3615 3616//3616
f 3614//3614 3616//3616 3606//3606
f 3615//3615 3581//3581 3617//3617
f 3615//3615 3617//3617 3616//3616
f 3616//3616 3617//3617 3618//3618
f 3616//3616 3618//3618 3606//3606
f 3617//3617 3581//3581 3619//3619
f 3617//3617 3619//3619 3618//3618
f 3618//3618 3619//3619 3620//3620
f 3618//3618 3620//3620 3606//3606
f 3619//3619 3581//3581 3621//3621
f 3619//3619 3621//3621 3620//3620
f 3620//3620 3621//3621 3622//3622
f 3620//3620 3622//3622 3606//3606
f 3621//3621 3581//3581 3623//3623
f 3621//3621 3623//3623 3622//3622
f 3622//3622 3623//3623 3624//3624
f 3622//3622 3624//3624 3606//3606
f 3623//3623 3581//3581 3625//3625
f 3623//3623 3625//3625 3624//3624
f 3624//3624 3625//3625 3626//3626
f 3624//3624 3626//3626 3606//3606
f 3625//3625 3581//3581 3602//3602
f 3625//3625 3602//3602 3626//3626
f 3626//3626 3602//3602 3604//3604
f 3626//3626 3604//3604 3606//3606
f 3627//3627 3606//3606 3628//3628
f 3627//3627 3628//3628 3629//3629
f 3629//3629 3628//3628 3630//3630
f 3629//3629 3630//3630 3631//3631
f 3628//3628 3606//3606 3632//3632
f 3628//3628 3632//3632 3630//3630
f 3630//3630 3632//3632 3633//3633
f 3630//3630 3633//3633 3631//3631
f 3632//3632 3606//3606 3634//3634
f 3632//3632 3634//3634 3633//3633
f 3633//3633 3634//3634 3635//3635
f 3633//3633 3635//3635 3631//3631
f 3634//3634 3606//3606 3636//3636
f 3634//3634 3636//3636 3635//3635
f 3635//3635 3636//3636 3637//3637
f 3635//3635 3637//3637 3631//3631
f 3636//3636 3606//3606 3638//3638
f 3636//3636 3638//3638 3637//3637
f 3637//3637 3638//3638 3639//3639
f 3637//3637 3639//3639 3631//3631
f 3638//3638 3606//3606 3640//3640
f 3638//3638 3640//3640 3639//3639
f 3639//3639 3640//3640 3641//3641
f 3639//3639 3641//3641 3631//3631
f 3640//3640 3606//3606 3642//3642
f 3640//3640 3642//3642 3641//3641
f 3641//3641 3642//3642 3643//3643
f 3641//3641 3643//3643 3631//3631
f 3642//3642 3606//3606 3644//3644
f 3642//3642 3644//3644 3643//3643
f 3643//3643 3644//3644 3645//3645
f 3643//3643 3645//3645 3631//3631
f 3644//3644 3606//3606 3646//3646
f 3644//3644 3646//3646 3645//3645
f 3645//3645 3646//3646 3647//3647
f 3645//3645 3647//3647 3631//3631
f 3646//3646 3606//3606 3648//3648
f 3646//3646 3648//3648 3647//3647
f 3647//3647 3648//3648 3649//3649
f 3647//3647 3649//3649 3631//3631
f 3648//3648 3606//3606 3650//3650
f 3648//3648 3650//3650 3649//3649
f 3649//3649 3650//3650 3651//3651
f 3649//3649 3651//3651 3631//3631
f 3650//3650 3606//3606 3627//3627
f 3650//3650 3627//3627 3651//3651
f 3651//3651 3627//3627 3629//3629
f 3651//3651 3629//3629 3631//3631
f 3652//3652 3631//3631 3653//3653
f 3652//3652 3653//3653 3654//3654
f 3654//3654 3653//3653 3655//3655
f 3654//3654 3655//3655 3656//3656
f 3653//3653 3631//3631 3657//3657
f 3653//3653 3657//3657 3655//3655
f 3655//3655 3657//3657 3658//3658
f 3655//3655 3658//3658 3656//3656
f 3657//3657 3631//3631 3659//3659
f 3657//3657 3659//3659 3658//3658
f 3658//3658 3659//3659 3660//3660
f 3658//3658 3660//3660 3656//3656
f 3659//3659 3631//3631 3661//3661
f 3659//3659 3661//3661 3660//3660
f 3660//3660 3661//3661 3662//3662
f 3660//3660 3662//3662 3656//3656
f 3661//3661 3631//3631 3663//3663
f 3661//3661 3663//3663 3662//3662
f 3662//3662 3663//3663 3664//3664
f 3662//3662 3664//3664 3656//3656
f 3663//3663 3631//3631 3665//3665
f 3663//3663 3665//3665 3664//3664
f 3664//3664 3665//3665 3666//3666
f 3664//3664 3666//3666 3656//3656
f 3665//3665 3631//3631 3667//3667
f 3665//3665 3667//3667 3666//3666
f 3666//3666 3667//3667 3668//3668
f 3666//3666 3668//3668 3656//3656
f 3667//3667 3631//3631 3669//3669
f 3667//3667 3669//3669 3668//3668
f 3668//3668 3669//3669 3670//3670
f 3668//3668 3670//3670 3656//3656
f 3669//3669 3631//3631 3671//3671
f 3669//3669 3671//3671 3670//3670
f 3670//3670 3671//3671 3672//3672
f 3670//3670 3672//3672 3656//3656
f 3671//3671 3631//3631 3673//3673
f 3671//3671 3673//3673 3672//3672
f 3672//3672 3673//3673 3674//3674
f 3672//3672 3674//3674 3656//3656
f 3673//3673 3631//3631 3675//3675
f 3673//3673 3675//3675 3674//3674
f 3674//3674 3675//3675 3676//3676
f 3674//3674 3676//3676 3656//3656
f 3675//3675 3631//3631 3652//3652
f 3675//3675 3652//3652 3676//3676
f 3676//3676 3652//3652 3654//3654
f 3676//3676 3654//3654 3656//3656
f 3677//3677 3656//3656 3678//3678
f 3677//3677 3678//3678 3679//3679
f 3679//3679 3678//3678 3680//3680
f 3679//3679 3680//3680 3681//3681
f 3678//3678 3656//3656 3682//3682
f 3678//3678 3682//3682 3680//3680
f 3680//3680 3682//3682 3683//3683
f 3680//3680 3683//3683 3681//3681
f 3682//3682 3656//3656 3684//3684
f 3682//3682 3684//3684 3683//3683
f 3683//3683 3684//3684 3685//3685
f 3683//3683 3685//3685 3681//3681
f 3684//3684 3656//3656 3686//3686
f 3684//3684 3686//3686 3685//3685
f 3685//3685 3686//3686 3687//3687
f 3685//3685 3687//3687 3681//3681
f 3686//3686 3656//3656 3688//3688
f 3686//3686 3688//3688 3687//3687
f 3687//3687 3688//3688 3689//3689
f 3687//3687 3689//3689 3681//3681
f 3688//3688 3656//3656 3690//3690
f 3688//3688 3690//3690 3689//3689
f 3689//3689 3690//3690 3691//3691
f 3689//3689 3691//3691 3681//3681
f 3690//3690 3656//3656 3692//3692
f 3690//3690 3692//3692 3691//3691
f 3691//3691 3692//3692 3693//3693
f 3691//3691 3693//3693 3681//3681
f 3692//3692 3656//3656 3694//3694
f 3692//3692 3694//3694 3693//3693
f 3693//3693 3694//3694 3695//3695
f 3693//3693 3695//3695 3681//3681
f 3694//3694 3656//3656 3696//3696
f 3694//3694 3696//3696 3695//3695
f 3695//3695 3696//3696 3697//3697
f 3695//3695 3697//3697 3681//3681
f 3696//3696 3656//3656 3698//3698
f 3696//3696 3698//3698 3697//3697
f 3697//3697 3698//3698 3699//3699
f 3697//3697 3699//3699 3681//3681
f 3698//3698 3656//3656 3700//3700
f 3698//3698 3700//3700 3699//3699
f 3699//3699 3700//3700 3701//3701
f 3699//3699 3701//3701 3681//3681
f 3700//3700 3656//3656 3677//3677
f 3700//3700 3677//3677 3701//3701
f 3701//3701 3677//3677 3679//3679
f 3701//3701 3679//3679 3681//3681
f 3702//3702 3681//3681 3703//3703
f 3702//3702 3703//3703 3704//3704
f 3704//3704 3703//3703 3705//3705
f 3704//3704 3705//3705 3706//3706
f 3703//3703 3681//3681 3707//3707
f 3703//3703 3707//3707 3705//3705
f 3705//3705 3707//3707 3708//3708
f 3705//3705 3708//3708 3706//3706
f 3707//3707 3681//3681 3709//3709
f 3707//3707 3709//3709 3708//3708
f 3708//3708 3709//3709 3710//3710
f 3708//3708 3710//3710 3706//3706
f 3709//3709 3681//3681 3711//3711
f 3709//3709 3711//3711 3710//3710
f 3710//3710 3711//3711 3712//3712
f 3710//3710 3712//3712 3706//3706
f 3711//3711 3681//3681 3713//3713
f 3711//3711 3713//3713 3712//3712
f 3712//3712 3713//3713 3714//3714
f 3712//3712 3714//3714 3706//3706
f 3713//3713 3681//3681 3715//3715
f 3713//3713 3715//3715 3714//3714
f 3714//3714 3715//3715 3716//3716
f 3714//3714 3716//3716 3706//3706
f 3715//3715 3681//3681 3717//3717
f 3715//3715 3717//3717 3716//3716
f 3716//3716 3717//3717 3718//3718
f 3716//3716 3718//3718 3706//3706
f 3717//3717 3681//3681 3719//3719
f 3717//3717 3719//3719 3718//3718
f 3718//3718 3719//3719 3720//3720
f 3718//3718 3720//3720 3706//3706
f 3719//3719 3681//3681 3721//3721
f 3719//3719 3721//3721 3720//3720
f 3720//3720 3721//3721 3722//3722
f 3720//3720 3722//3722 3706//3706
f 3721//3721 3681//3681 3723//3723
f 3721//3721 3723//3723 3722//3722
f 3722//3722 3723//3723 3724//3724
f 3722//3722 3724//3724 3706//3706
f 3723//3723 3681//3681 3725//3725
f 3723//3723 3725//3725 3724//3724
f 3724//3724 3725//3725 3726//3726
f 3724//3724 3726//3726 3706//3706
f 3725//3725 3681//3681 3702//3702
f 3725//3725 3702//3702 3726//3726
f 3726//3726 3702//3702 3704//3704
f 3726//3726 3704//3704 3706//3706
f 3727//3727 3706//3706 3728//3728
f 3727//3727 3728//3728 3729//3729
f 3729//3729 3728//3728 3730//3730
f 3729//3729 3730//3730 3731//3731
f 3728//3728 3706//3706 3732//3732
f 3728//3728 3732//3732 3730//3730
f 3730//3730 3732//3732 3733//3733
f 3730//3730 3733//3733 3731//3731
f 3732//3732 3706//3706 3734//3734
f 3732//3732 3734//3734 3733//3733
f 3733//3733 3734//3734 3735//3735
f 3733//3733 3735//3735 3731//3731
f 3734//3734 3706//3706 3736//3736
f 3734//3734 3736//3736 3735//3735
f 3735//3735 3736//3736 3737//3737
f 3735//3735 3737//3737 3731//3731
f 3736//3736 3706//3706 3738//3738
f 3736//3736 3738//3738 3737//3737
f 3737//3737 3738//3738 3739//3739
f 3737//3737 3739//3739 3731//3731
f 3738//3738 3706//3706 3740//3740
f 3738//3738 3740//3740 3739//3739
f 3739//3739 3740//3740 3741//3741
f 3739//3739 3741//3741 3731//3731
f 3740//3740 3706//3706 3742//3742
f 3740//3740 3742//3742 3741//3741
f 3741//3741 3742//3742 3743//3743
f 3741//3741 3743//3743 3731//3731
f 3742//3742 3706//3706 3744//3744
f 3742//3742 3744//3744 3743//3743
f 3743//3743 3744//3744 3745//3745
f 3743//3743 3745//3745 3731//3731
f 3744//3744 3706//3706 3746//3746
f 3744//3744 3746//3746 3745//3745
f 3745//3745 3746//3746 3747//3747
f 3745//3745 3747//3747 3731//3731
f 3746//3746 3706//3706 3748//3748
f 3746//3746 3748//3748 3747//3747
f 3747//3747 3748//3748 3749//3749
f 3747//3747 3749//3749 3731//3731
f 3748//3748 3706//3706 3750//3750
f 3748//3748 3750//3750 3749//3749
f 3749//3749 3750//3750 3751//3751
f 3749//3749 3751//3751 3731//3731
f 3750//3750 3706//3706 3727//3727
f 3750//3750 3727//3727 3751//3751
f 3751//3751 3727//3727 3729//3729
f 3751//3751 3729//3729 3731//3731
f 3752//3752 3731//3731 3753//3753
f 3752//3752 3753//3753 3754//3754
f 3754//3754 3753//3753 3755//3755
f 3754//3754 3755//3755 3756//3756
f 3753//3753 3731//3731 3757//3757
f 3753//3753 3757//3757 3755//3755
f 3755//3755 3757//3757 3758//3758
f 3755//3755 3758//3758 3756//3756
f 3757//3757 3731//3731 3759//3759
f 3757//3757 3759//3759 3758//3758
f 3758//3758 3759//3759 3760//3760
f 3758//3758 3760//3760 3756//3756
f 3759//3759 3731//3731 3761//3761
f 3759//3759 3761//3761 3760//3760
f 3760//3760 3761//3761 3762//3762
f 3760//3760 3762//3762 3756//3756
f 3761//3761 3731//3731 3763//3763
f 3761//3761 3763//3763 3762//3762
f 3762//3762 3763//3763 3764//3764
f 3762//3762 3764//3764 3756//3756
f 3763//3763 3731//3731 3765//3765
f 3763//3763 3765//3765 3764//3764
f 3764//3764 3765//3765 3766//3766
f 3764//3764 3766//3766 3756//3756
f 3765//3765 3731//3731 3767//3767
f 3765//3765 3767//3767 3766//3766
f 3766//3766 3767//3767 3768//3768
f 3766//3766 3768//3768 3756//3756
f 3767//3767 3731//3731 3769//3769
f 3767//3767 3769//3769 3768//3768
f 3768//3768 3769//3769 3770//3770
f 3768//3768 3770//3770 3756//3756
f 3769//3769 3731//3731 3771//3771
f 3769//3769 3771//3771 3770//3770
f 3770//3770 3771//3771 3772//3772
f 3770//3770 3772//3772 3756//3756
f 3771//3771 3731//3731 3773//3773
f 3771//3771 3773//3773 3772//3772
f 3772//3772 3773//3773 3774//3774
f 3772//3772 3774//3774 3756//3756
f 3773//3773 3731//3731 3775//3775
f 3773//3773 3775//3775 3774//3774
f 3774//3774 3775//3775 3776//3776
f 3774//3774 3776//3776 3756//3756
f 3775//3775 3731//3731 3752//3752
f 3775//3775 3752//3752 3776//3776
f 3776//3776 3752//3752 3754//3754
f 3776//3776 3754//3754 3756//3756
f 3777//3777 3756//3756 3778//3778
f 3777//3777 3778//3778 3779//3779
f 3779//3779 3778//3778 3780//3780
f 3779//3779 3780//3780 3781//3781
f 3778//3778 3756//3756 3782//3782
f 3778//3778 3782//3782 3780//3780
f 3780//3780 3782//3782 3783//3783
f 3780//3780 3783//3783 3781//3781
f 3782//3782 3756//3756 3784//3784
f 3782//3782 3784//3784 3783//3783
f 3783//3783 3784//3784 3785//3785
f 3783//3783 3785//3785 3781//3781
f 3784//3784 3756//3756 3786//3786
f 3784//3784 3786//3786 3785//3785
f 3785//3785 3786//3786 3787//3787
f 3785//3785 3787//3787 3781//3781
f 3786//3786 3756//3756 3788//3788
f 3786//3786 3788//3788 3787//3787
f 3787//3787 3788//3788 3789//3789
f 3787//3787 3789//3789 3781//3781
f 3788//3788 3756//3756 3790//3790
f 3788//3788 3790//3790 3789//3789
f 3789//3789 3790//3790 3791//3791
f 3789//3789 3791//3791 3781//3781
f 3790//3790 3756//3756 3792//3792
f 3790//3790 3792//3792 3791//3791
f 3791//3791 3792//3792 3793//3793
f 3791//3791 3793//3793 3781//3781
f 3792//3792 3756//3756 3794//3794
f 3792//3792 3794//3794 3793//3793
f 3793//3793 3794//3794 3795//3795
f 3793//3793 3795//3795 3781//3781
f 3794//3794 3756//3756 3796//3796
f 3794//3794 3796//3796 3795//3795
f 3795//3795 3796//3796 3797//3797
f 3795//3795 3797//3797 3781//3781
f 3796//3796 3756//3756 3798//3798
f 3796//3796 3798//3798 3797//3797
f 3797//3797 3798//3798 3799//3799
f 3797//3797 3799//3799 3781//3781
f 3798//3798 3756//3756 3800//3800
f 3798//3798 3800//3800 3799//3799
f 3799//3799 3800//3800 3801//3801
f 3799//3799 3801//3801 3781//3781
f 3800//3800 3756//3756 3777//3777
f 3800//3800 3777//3777 3801//3801
f 3801//3801 3777//3777 3779//3779
f 3801//3801 3779//3779 3781//3781
f 3802//3802 3781//3781 3803//3803
f 3802//3802 3803//3803 3804//3804
f 3804//3804 3803//3803 3805//3805
f 3804//3804 3805//3805 3806//3806
f 3803//3803 3781//3781 3807//3807
f 3803//3803 3807//3807 3805//3805
f 3805//3805 3807//3807 3808//3808
f 3805//3805 3808//3808 3806//3806
f 3807//3807 3781//3781 3809//3809
f 3807//3807 3809//3809 3808//3808
f 3808//3808 3809//3809 3810//3810
f 3808//3808 3810//3810 3806//3806
f 3809//3809 3781//3781 3811//3811
f 3809//3809 3811//3811 3810//3810
f 3810//3810 3811//3811 3812//3812
f 3810//3810 3812//3812 3806//3806
f 3811//3811 3781//3781 3813//3813
f 3811//3811 3813//3813 3812//3812
f 3812//3812 3813//3813 3814//3814
f 3812//3812 3814//3814 3806//3806
f 3813//3813 3781//3781 3815//3815
f 3813//3813 3815//3815 3814//3814
f 3814//3814 3815//3815 3816//3816
f 3814//3814 3816//3816 3806//3806
f 3815//3815 3781//3781 3817//3817
f 3815//3815 3817//3817 3816//3816
f 3816//3816 3817//3817 3818//3818
f 3816//3816 3818//3818 3806//3806
f 3817//3817 3781//3781 3819//3819
f 3817//3817 3819//3819 3818//3818
f 3818//3818 3819//3819 3820//3820
f 3818//3818 3820//3820 3806//3806
f 3819//3819 3781//3781 3821//3821
f 3819//3819 3821//3821 3820//3820
f 3820//3820 3821//3821 3822//3822
f 3820//3820 3822//3822 3806//3806
f 3821//3821 3781//3781 3823//3823
f 3821//3821 3823//3823 3822//3822
f 3822//3822 3823//3823 3824//3824
f 3822//3822 3824//3824 3806//3806
f 3823//3823 3781//3781 3825//3825
f 3823//3823 3825//3825 3824//3824
f 3824//3824 3825//3825 3826//3826
f 3824//3824 3826//3826 3806//3806
f 3825//3825 3781//3781 3802//3802
f 3825//3825 3802//3802 3826//3826
f 3826//3826 3802//3802 3804//3804
f 3826//3826 3804//3804 3806//3806
f 3827//3827 3806//3806 3828//3828
f 3827//3827 3828//3828 3829//3829
f 3829//3829 3828//3828 3830//3830
f 3829//3829 3830//3830 3831//3831
f 3828//3828 3806//3806 3832//3832
f 3828//3828 3832//3832 3830//3830
f 3830//3830 3832//3832 3833//3833
f 3830//3830 3833//3833 3831//3831
f 3832//3832 3806//3806 3834//3834
f 3832//3832 3834//3834 3833//3833
f 3833//3833 3834//3834 3835//3835
f 3833//3833 3835//3835 3831//3831
f 3834//3834 3806//3806 3836//3836
f 3834//3834 3836//3836 3835//3835
f 3835//3835 3836//3836 3837//3837
f 3835//3835 3837//3837 3831//3831
f 3836//3836 3806//3806 3838//3838
f 3836//3836 3838//3838 3837//3837
f 3837//3837 3838//3838 3839//3839
f 3837//3837 3839//3839 3831//3831
f 3838//3838 3806//3806 3840//3840
f 3838//3838 3840//3840 3839//3839
f 3839//3839 3840//3840 3841//3841
f 3839//3839 3841//3841 3831//3831
f 3840//3840 3806//3806 3842//3842
f 3840//3840 3842//3842 3841//3841
f 3841//3841 3842//3842 3843//3843
f 3841//3841 3843//3843 3831//3831
f 3842//3842 3806//3806 3844//3844
f 3842//3842 3844//3844 3843//3843
f 3843//3843 3844//3844 3845//3845
f 3843//3843 3845//3845 3831//3831
f 3844//3844 3806//3806 3846//3846
f 3844//3844 3846//3846 3845//3845
f 3845//3845 3846//3846 3847//3847
f 3845//3845 3847//3847 3831//3831
f 3846//3846 3806//3806 3848//3848
f 3846//3846 3848//3848 3847//3847
f 3847//3847 3848//3848 3849//3849
f 3847//3847 3849//3849 3831//3831
f 3848//3848 3806//3806 3850//3850
f 3848//3848 3850//3850 3849//3849
f 3849//3849 3850//3850 3851//3851
f 3849//3849 3851//3851 3831//3831
f 3850//3850 3806//3806 3827//3827
f 3850//3850 3827//3827 3851//3851
f 3851//3851 3827//3827 3829//3829
f 3851//3851 3829//3829 3831//3831
f 3852//3852 3831//3831 3853//3853
f 3852//3852 3853//3853 3854//3854
f 3854//3854 3853//3853 3855//3855
f 3854//3854 3855//3855 3856//3856
f 3853//3853 3831//3831 3857//3857
f 3853//3853 3857//3857 3855//3855
f 3855//3855 3857//3857 3858//3858
f 3855//3855 3858//3858 3856//3856
f 3857//3857 3831//3831 3859//3859
f 3857//3857 3859//3859 3858//3858
f 3858//3858 3859//3859 3860//3860
f 3858//3858 3860//3860 3856//3856
f 3859//3859 3831//3831 3861//3861
f 3859//3859 3861//3861 3860//3860
f 3860//3860 3861//3861 3862//3862
f 3860//3860 3862//3862 3856//3856
f 3861//3861 3831//3831 3863//3863
f 3861//3861 3863//3863 3862//3862
f 3862//3862 3863//3863 3864//3864
f 3862//3862 3864//3864 3856//3856
f 3863//3863 3831//3831 3865//3865
f 3863//3863 3865//3865 3864//3864
f 3864//3864 3865//3865 3866//3866
f 3864//3864 3866//3866 3856//3856
f 3865//3865 3831//3831 3867//3867
f 3865//3865 3867//3867 3866//3866
f 3866//3866 3867//3867 3868//3868
f 3866//3866 3868//3868 3856//3856
f 3867//3867 3831//3831 3869//3869
f 3867//3867 3869//3869 3868//3868
f 3868//3868 3869//3869 3870//3870
f 3868//3868 3870//3870 3856//3856
f 3869//3869 3831//3831 3871//3871
f 3869//3869 3871//3871 3870//3870
f 3870//3870 3871//3871 3872//3872
f 3870//3870 3872//3872 3856//3856
f 3871//3871 3831//3831 3873//3873
f 3871//3871 3873//3873 3872//3872
f 3872//3872 3873//3873 3874//3874
f 3872//3872 3874//3874 3856//3856
f 3873//3873 3831//3831 3875//3875
f 3873//3873 3875//3875 3874//3874
f 3874//3874 3875//3875 3876//3876
f 3874//3874 3876//3876 3856//3856
f 3875//3875 3831//3831 3852//3852
f 3875//3875 3852//3852 3876//3876
f 3876//3876 3852//3852 3854//3854
f 3876//3876 3854//3854 3856//3856
f 3877//3877 3856//3856 3878//3878
f 3877//3877 3878//3878 3879//3879
f 3879//3879 3878//3878 3880//3880
f 3879//3879 3880//3880 3881//3881
f 3878//3878 3856//3856 3882//3882
f 3878//3878 3882//3882 3880//3880
f 3880//3880 3882//3882 3883//3883
f 3880//3880 3883//3883 3881//3881
f 3882//3882 3856//3856 3884//3884
f 3882//3882 3884//3884 3883//3883
f 3883//3883 3884//3884 3885//3885
f 3883//3883 3885//3885 3881//3881
f 3884//3884 3856//3856 3886//3886
f 3884//3884 3886//3886 3885//3885
f 3885//3885 3886//3886 3887//3887
f 3885//3885 3887//3887 3881//3881
f 3886//3886 3856//3856 3888//3888
f 3886//3886 3888//3888 3887//3887
f 3887//3887 3888//3888 3889//3889
f 3887//3887 3889//3889 3881//3881
f 3888//3888 3856//3856 3890//3890
f 3888//3888 3890//3890 3889//3889
f 3889//3889 3890//3890 3891//3891
f 3889//3889 3891//3891 3881//3881
f 3890//3890 3856//3856 3892//3892
f 3890//3890 3892//3892 3891//3891
f 3891//3891 3892//3892 3893//3893
f 3891//3891 3893//3893 3881//3881
f 3892//3892 3856//3856 3894//3894
f 3892//3892 3894//3894 3893//3893
f 3893//3893 3894//3894 3895//3895
f 3893//3893 3895//3895 3881//3881
f 3894//3894 3856//3856 3896//3896
f 3894//3894 3896//3896 3895//3895
f 3895//3895 3896//3896 3897//3897
f 3895//3895 3897//3897 3881//3881
f 3896//3896 3856//3856 3898//3898
f 3896//3896 3898//3898 3897//3897
f 3897//3897 3898//3898 3899//3899
f 3897//3897 3899//3899 3881//3881
f 3898//3898 3856//3856 3900//3900
f 3898//3898 3900//3900 3899//3899
f 3899//3899 3900//3900 3901//3901
f 3899//3899 3901//3901 3881//3881
f 3900//3900 3856//3856 3877//3877
f 3900//3900 3877//3877 3901//3901
f 3901//3901 3877//3877 3879//3879
f 3901//3901 3879//3879 3881//3881
f 3902//3902 3881//3881 3903//3903
f 3902//3902 3903//3903 3904//3904
f 3904//3904 3903//3903 3905//3905
f 3904//3904 3905//3905 3906//3906
f 3903//3903 3881//3881 3907//3907
f 3903//3903 3907//3907 3905//3905
f 3905//3905 3907//3907 3908//3908
f 3905//3905 3908//3908 3906//3906
f 3907//3907 3881//3881 3909//3909
f 3907//3907 3909//3909 3908//3908
f 3908//3908 3909//3909 3910//3910
f 3908//3908 3910//3910 3906//3906
f 3909//3909 3881//3881 3911//3911
f 3909//3909 3911//3911 3910//3910
f 3910//3910 3911//3911 3912//3912
f 3910//3910 3912//3912 3906//3906
f 3911//3911 3881//3881 3913//3913
f 3911//3911 3913//3913 3912//3912
f 3912//3912 3913//3913 3914//3914
f 3912//3912 3914//3914 3906//3906
f 3913//3913 3881//3881 3915//3915
f 3913//3913 3915//3915 3914//3914
f 3914//3914 3915//3915 3916//3916
f 3914//3914 3916//3916 3906//3906
f 3915//3915 3881//3881 3917//3917
f 3915//3915 3917//3917 3916//3916
f 3916//3916 3917//3917 3918//3918
f 3916//3916 3918//3918 3906//3906
f 3917//3917 3881//3881 3919//3919
f 3917//3917 3919//3919 3918//3918
f 3918//3918 3919//3919 3920//3920
f 3918//3918 3920//3920 3906//3906
f 3919//3919 3881//3881 3921//3921
f 3919//3919 3921//3921 3920//3920
f 3920//3920 3921//3921 3922//3922
f 3920//3920 3922//3922 3906//3906
f 3921//3921 3881//3881 3923//3923
f 3921//3921 3923//3923 3922//3922
f 3922//3922 3923//3923 3924//3924
f 3922//3922 3924//3924 3906//3906
f 3923//3923 3881//3881 3925//3925
f 3923//3923 3925//3925 3924//3924
f 3924//3924 3925//3925 3926//3926
f 3924//3924 3926//3926 3906//3906
f 3925//3925 3881//3881 3902//3902
f 3925//3925 3902//3902 3926//3926
f 3926//3926 3902//3902 3904//3904
f 3926//3926 3904//3904 3906//3906
f 3927//3927 3906//3906 3928//3928
f 3927//3927 3928//3928 3929//3929
f 3929//3929 3928//3928 3930//3930
f 3929//3929 3930//3930 3931//3931
f 3928//3928 3906//3906 3932//3932
f 3928//3928 3932//3932 3930//3930
f 3930//3930 3932//3932 3933//3933
f 3930//3930 3933//3933 3931//3931
f 3932//3932 3906//3906 3934//3934
f 3932//3932 3934//3934 3933//3933
f 3933//3933 3934//3934 3935//3935
f 3933//3933 3935//3935 3931//3931
f 3934//3934 3906//3906 3936//3936
f 3934//3934 3936//3936 3935//3935
f 3935//3935 3936//3936 3937//3937
f 3935//3935 3937//3937 3931//3931
f 3936//3936 3906//3906 3938//3938
f 3936//3936 3938//3938 3937//3937
f 3937//3937 3938//3938 3939//3939
f 3937//3937 3939//3939 3931//3931
f 3938//3938 3906//3906 3940//3940
f 3938//3938 3940//3940 3939//3939
f 3939//3939 3940//3940 3941//3941
f 3939//3939 3941//3941 3931//3931
f 3940//3940 3906//3906 3942//3942
f 3940//3940 3942//3942 3941//3941
f 3941//3941 3942//3942 3943//3943
f 3941//3941 3943//3943 3931//3931
f 3942//3942 3906//3906 3944//3944
f 3942//3942 3944//3944 3943//3943
f 3943//3943 3944//3944 3945//3945
f 3943//3943 3945//3945 3931//3931
f 3944//3944 3906//3906 3946//3946
f 3944//3944 3946//3946 3945//3945
f 3945//3945 3946//3946 3947//3947
f 3945//3945 3947//3947 3931//3931
f 3946//3946 3906//3906 3948//3948
f 3946//3946 3948//3948 3947//3947
f 3947//3947 3948//3948 3949//3949
f 3947//3947 3949//3949 3931//3931
f 3948//3948 3906//3906 3950//3950
f 3948//3948 3950//3950 3949//3949
f 3949//3949 3950//3950 3951//3951
f 3949//3949 3951//3951 3931//3931
f 3950//3950 3906//3906 3927//3927
f 3950//3950 3927//3927 3951//3951
f 3951//3951 3927//3927 3929//3929
f 3951//3951 3929//3929 3931//3931
f 3952//3952 3931//3931 3953//3953
f 3952//3952 3953//3953 3954//3954
f 3954//3954 3953//3953 3955//3955
f 3954//3954 3955//3955 3956//3956
f 3953//3953 3931//3931 3957//3957
f 3953//3953 3957//3957 3955//3955
f 3955//3955 3957//3957 3958//3958
f 3955//3955 3958//3958 3956//3956
f 3957//3957 3931//3931 3959//3959
f 3957//3957 3959//3959 3958//3958
f 3958//3958 3959//3959 3960//3960
f 3958//3958 3960//3960 3956//3956
f 3959//3959 3931//3931 3961//3961
f 3959//3959 3961//3961 3960//3960
f 3960//3960 3961//3961 3962//3962
f 3960//3960 3962//3962 3956//3956
f 3961//3961 3931//3931 3963//3963
f 3961//3961 3963//3963 3962//3962
f 3962//3962 3963//3963 3964//3964
f 3962//3962 3964//3964 3956//3956
f 3963//3963 3931//3931 3965//3965
f 3963//3963 3965//3965 3964//3964
f 3964//3964 3965//3965 3966//3966
f 3964//3964 3966//3966 3956//3956
f 3965//3965 3931//3931 3967//3967
f 3965//3965 3967//3967 3966//3966
f 3966//3966 3967//3967 3968//3968
f 3966//3966 3968//3968 3956//3956
f 3967//3967 3931//3931 3969//3969
f 3967//3967 3969//3969 3968//3968
f 3968//3968 3969//3969 3970//3970
f 3968//3968 3970//3970 3956//3956
f 3969//3969 3931//3931 3971//3971
f 3969//3969 3971//3971 3970//3970
f 3970//3970 3971//3971 3972//3972
f 3970//3970 3972//3972 3956//3956
f 3971//3971 3931//3931 3973//3973
f 3971//3971 3973//3973 3972//3972
f 3972//3972 3973//3973 3974//3974
f 3972//3972 3974//3974 3956//3956
f 3973//3973 3931//3931 3975//3975
f 3973//3973 3975//3975 3974//3974
f 3974//3974 3975//3975 3976//3976
f 3974//3974 3976//3976 3956//3956
f 3975//3975 3931//3931 3952//3952
f 3975//3975 3952//3952 3976//3976
f 3976//3976 3952//3952 3954//3954
f 3976//3976 3954//3954 3956//3956
f 3977//3977 3956//3956 3978//3978
f 3977//3977 3978//3978 3979//3979
f 3979//3979 3978//3978 3980//3980
f 3979//3979 3980//3980 3981//3981
f 3978//3978 3956//3956 3982//3982
f 3978//3978 3982//3982 3980//3980
f 3980//3980 3982//3982 3983//3983
f 3980//3980 3983//3983 3981//3981
f 3982//3982 3956//3956 3984//3984
f 3982//3982 3984//3984 3983//3983
f 3983//3983 3984//3984 3985//3985
f 3983//3983 3985//3985 3981//3981
f 3984//3984 3956//3956 3986//3986
f 3984//3984 3986//3986 3985//3985
f 3985//3985 3986//3986 3987//3987
f 3985//3985 3987//3987 3981//3981
f 3986//3986 3956//3956 3988//3988
f 3986//3986 3988//3988 3987//3987
f 3987//3987 3988//3988 3989//3989
f 3987//3987 3989//3989 3981//3981
f 3988//3988 3956//3956 3990//3990
f 3988//3988 3990//3990 3989//3989
f 3989//3989 3990//3990 3991//3991
f 3989//3989 3991//3991 3981//3981
f 3990//3990 3956//3956 3992//3992
f 3990//3990 3992//3992 3991//3991
f 3991//3991 3992//3992 3993//3993
f 3991//3991 3993//3993 3981//3981
f 3992//3992 3956//3956 3994//3994
f 3992//3992 3994//3994 3993//3993
f 3993//3993 3994//3994 3995//3995
f 3993//3993 3995//3995 3981//3981
f 3994//3994 3956//3956 3996//3996
f 3994//3994 3996//3996 3995//3995
f 3995//3995 3996//3996 3997//3997
f 3995//3995 3997//3997 3981//3981
f 3996//3996 3956//3956 3998//3998
f 3996//3996 3998//3998 3997//3997
f 3997//3997 3998//3998 3999//3999
f 3997//3997 3999//3999 3981//3981
f 3998//3998 3956//3956 4000//4000
f 3998//3998 4000//4000 3999//3999
f 3999//3999 4000//4000 4001//4001
f 3999//3999 4001//4001 3981//3981
f 4000//4000 3956//3956 3977//3977
f 4000//4000 3977//3977 4001//4001
f 4001//4001 3977//3977 3979//3979
f 4001//4001 3979//3979 3981//3981
f 4002//4002 3981//3981 4003//4003
f 4002//4002 4003//4003 4004//4004
f 4004//4004 4003//4003 4005//4005
f 4004//4004 4005//4005 4006//4006
f 4003//4003 3981//3981 4007//4007
f 4003//4003 4007//4007 4005//4005
f 4005//4005 4007//4007 4008//4008
f 4005//4005 4008//4008 4006//4006
f 4007//4007 3981//3981 4009//4009
f 4007//4007 4009//4009 4008//4008
f 4008//4008 4009//4009 4010//4010
f 4008//4008 4010//4010 4006//4006
f 4009//4009 3981//3981 4011//4011
f 4009//4009 4011//4011 4010//4010
f 4010//4010 4011//4011 4012//4012
f 4010//4010 4012//4012 4006//4006
f 4011//4011 3981//3981 4013//4013
f 4011//4011 4013//4013 4012//4012
f 4012//4012 4013//4013 4014//4014
f 4012//4012 4014//4014 4006//4006
f 4013//4013 3981//3981 4015//4015
f 4013//4013 4015//4015 4014//4014
f 4014//4014 4015//4015 4016//4016
f 4014//4014 4016//4016 4006//4006
f 4015//4015 3981//3981 4017//4017
f 4015//4015 4017//4017 4016//4016
f 4016//4016 4017//4017 4018//4018
f 4016//4016 4018//4018 4006//4006
f 4017//4017 3981//3981 4019//4019
f 4017//4017 4019//4019 4018//4018
f 4018//4018 4019//4019 4020//4020
f 4018//4018 4020//4020 4006//4006
f 4019//4019 3981//3981 4021//4021
f 4019//4019 4021//4021 4020//4020
f 4020//4020 4021//4021 4022//4022
f 4020//4020 4022//4022 4006//4006
f 4021//4021 3981//3981 4023//4023
f 4021//4021 4023//4023 4022//4022
f 4022//4022 4023//4023 4024//4024
f 4022//4022 4024//4024 4006//4006
f 4023//4023 3981//3981 4025//4025
f 4023//4023 4025//4025 4024//4024
f 4024//4024 4025//4025 4026//4026
f 4024//4024 4026//4026 4006//4006
f 4025//4025 3981//3981 4002//4002
f 4025//4025 4002//4002 4026//4026
f 4026//4026 4002//4002 4004//4004
f 4026//4026 4004//4004 4006//4006
f 4027//4027 4006//4006 4028//4028
f 4027//4027 4028//4028 4029//4029
f 4029//4029 4028//4028 4030//4030
f 4029//4029 4030//4030 4031//4031
f 4028//4028 4006//4006 4032//4032
f 4028//4028 4032//4032 4030//4030
f 4030//4030 4032//4032 4033//4033
f 4030//4030 4033//4033 4031//4031
f 4032//4032 4006//4006 4034//4034
f 4032//4032 4034//4034 4033//4033
f 4033//4033 4034//4034 4035//4035
f 4033//4033 4035//4035 4031//4031
f 4034//4034 4006//4006 4036//4036
f 4034//4034 4036//4036 4035//4035
f 4035//4035 4036//4036 4037//4037
f 4035//4035 4037//4037 4031//4031
f 4036//4036 4006//4006 4038//4038
f 4036//4036 4038//4038 4037//4037
f 4037//4037 4038//4038 4039//4039
f 4037//4037 4039//4039 4031//4031
f 4038//4038 4006//4006 4040//4040
f 4038//4038 4040//4040 4039//4039
f 4039//4039 4040//4040 4041//4041
f 4039//4039 4041//4041 4031//4031
f 4040//4040 4006//4006 4042//4042
f 4040//4040 4042//4042 4041//4041
f 4041//4041 4042//4042 4043//4043
f 4041//4041 4043//4043 4031//4031
f 4042//4042 4006//4006 4044//4044
f 4042//4042 4044//4044 4043//4043
f 4043//4043 4044//4044 4045//4045
f 4043//4043 4045//4045 4031//4031
f 4044//4044 4006//4006 4046//4046
f 4044//4044 4046//4046 4045//4045
f 4045//4045 4046//4046 4047//4047
f 4045//4045 4047//4047 4031//4031
f 4046//4046 4006//4006 4048//4048
f 4046//4046 4048//4048 4047//4047
f 4047//4047 4048//4048 4049//4049
f 4047//4047 4049//4049 4031//4031
f 4048//4048 4006//4006 4050//4050
f 4048//4048 4050//4050 4049//4049
f 4049//4049 4050//4050 4051//4051
f 4049//4049 4051//4051 4031//4031
f 4050//4050 4006//4006 4027//4027
f 4050//4050 4027//4027 4051//4051
f 4051//4051 4027//4027 4029//4029
f 4051//4051 4029//4029 4031//4031
f 4052//4052 4031//4031 4053//4053
f 4052//4052 4053//4053 4054//4054
f 4054//4054 4053//4053 4055//4055
f 4054//4054 4055//4055 4056//4056
f 4053//4053 4031//4031 4057//4057
f 4053//4053 4057//4057 4055//4055
f 4055//4055 4057//4057 4058//4058
f 4055//4055 4058//4058 4056//4056
f 4057//4057 4031//4031 4059//4059
f 4057//4057 4059//4059 4058//4058
f 4058//4058 4059//4059 4060//4060
f 4058//4058 4060//4060 4056//4056
f 4059//4059 4031//4031 4061//4061
f 4059//4059 4061//4061 4060//4060
f 4060//4060 4061//4061 4062//4062
f 4060//4060 4062//4062 4056//4056
f 4061//4061 4031//4031 4063//4063
f 4061//4061 4063//4063 4062//4062
f 4062//4062 4063//4063 4064//4064
f 4062//4062 4064//4064 4056//4056
f 4063//4063 4031//4031 4065//4065
f 4063//4063 4065//4065 4064//4064
f 4064//4064 4065//4065 4066//4066
f 4064//4064 4066//4066 4056//4056
f 4065//4065 4031//4031 4067//4067
f 4065//4065 4067//4067 4066//4066
f 4066//4066 4067//4067 4068//4068
f 4066//4066 4068//4068 4056//4056
f 4067//4067 4031//4031 4069//4069
f 4067//4067 4069//4069 4068//4068
f 4068//4068 4069//4069 4070//4070
f 4068//4068 4070//4070 4056//4056
f 4069//4069 4031//4031 4071//4071
f 4069//4069 4071//4071 4070//4070
f 4070//4070 4071//4071 4072//4072
f 4070//4070 4072//4072 4056//4056
f 4071//4071 4031//4031 4073//4073
f 4071//4071 4073//4073 4072//4072
f 4072//4072 4073//4073 4074//4074
f 4072//4072 4074//4074 4056//4056
f 4073//4073 4031//4031 4075//4075
f 4073//4073 4075//4075 4074//4074
f 4074//4074 4075//4075 4076//4076
f 4074//4074 4076//4076 4056//4056
f 4075//4075 4031//4031 4052//4052
f 4075//4075 4052//4052 4076//4076
f 4076//4076 4052//4052 4054//4054
f 4076//4076 4054//4054 4056//4056
f 4077//4077 4056//4056 4078//4078
f 4077//4077 4078//4078 4079//4079
f 4079//4079 4078//4078 4080//4080
f 4079//4079 4080//4080 4081//4081
f 4078//4078 4056//4056 4082//4082
f 4078//4078 4082//4082 4080//4080
f 4080//4080 4082//4082 4083//4083
f 4080//4080 4083//4083 4081//4081
f 4082//4082 4056//4056 4084//4084
f 4082//4082 4084//4084 4083//4083
f 4083//4083 4084//4084 4085//4085
f 4083//4083 4085//4085 4081//4081
f 4084//4084 4056//4056 4086//4086
f 4084//4084 4086//4086 4085//4085
f 4085//4085 4086//4086 4087//4087
f 4085//4085 4087//4087 4081//4081
f 4086//4086 4056//4056 4088//4088
f 4086//4086 4088//4088 4087//4087
f 4087//4087 4088//4088 4089//4089
f 4087//4087 4089//4089 4081//4081
f 4088//4088 4056//4056 4090//4090
f 4088//4088 4090//4090 4089//4089
f 4089//4089 4090//4090 4091//4091
f 4089//4089 4091//4091 4081//4081
f 4090//4090 4056//4056 4092//4092
f 4090//4090 4092//4092 4091//4091
f 4091//4091 4092//4092 4093//4093
f 4091//4091 4093//4093 4081//4081
f 4092//4092 4056//4056 4094//4094
f 4092//4092 4094//4094 4093//4093
f 4093//4093 4094//4094 4095//4095
f 4093//4093 4095//4095 4081//4081
f 4094//4094 4056//4056 4096//4096
f 4094//4094 4096//4096 4095//4095
f 4095//4095 4096//4096 4097//4097
f 4095//4095 4097//4097 4081//4081
f 4096//4096 4056//4056 4098//4098
f 4096//4096 4098//4098 4097//4097
f 4097//4097 4098//4098 4099//4099
f 4097//4097 4099//4099 4081//4081
f 4098//4098 4056//4056 4100//4100
f 4098//4098 4100//4100 4099//4099
f 4099//4099 4100//4100 4101//4101
f 4099//4099 4101//4101 4081//4081
f 4100//4100 4056//4056 4077//4077
f 4100//4100 4077//4077 4101//4101
f 4101//4101 4077//4077 4079//4079
f 4101//4101 4079//4079 4081//4081
f 4102//4102 4081//4081 4103//4103
f 4102//4102 4103//4103 4104//4104
f 4104//4104 4103//4103 4105//4105
f 4104//4104 4105//4105 4106//4106
f 4103//4103 4081//4081 4107//4107
f 4103//4103 4107//4107 4105//4105
f 4105//4105 4107//4107 4108//4108
f 4105//4105 4108//4108 4106//4106
f 4107//4107 4081//4081 4109//4109
f 4107//4107 4109//4109 4108//4108
f 4108//4108 4109//4109 4110//4110
f 4108//4108 4110//4110 4106//4106
f 4109//4109 4081//4081 4111//4111
f 4109//4109 4111//4111 4110//4110
f 4110//4110 4111//4111 4112//4112
f 4110//4110 4112//4112 4106//4106
f 4111//4111 4081//4081 4113//4113
f 4111//4111 4113//4113 4112//4112
f 4112//4112 4113//4113 4114//4114
f 4112//4112 4114//4114 4106//4106
f 4113//4113 4081//4081 4115//4115
f 4113//4113 4115//4115 4114//4114
f 4114//4114 4115//4115 4116//4116
f 4114//4114 4116//4116 4106//4106
f 4115//4115 4081//4081 4117//4117
f 4115//4115 4117//4117 4116//4116
f 4116//4116 4117//4117 4118//4118
f 4116//4116 4118//4118 4106//4106
f 4117//4117 4081//4081 4119//4119
f 4117//4117 4119//4119 4118//4118
f 4118//4118 4119//4119 4120//4120
f 4118//4118 4120//4120 4106//4106
f 4119//4119 4081//4081 4121//4121
f 4119//4119 4121//4121 4120//4120
f 4120//4120 4121//4121 4122//4122
f 4120//4120 4122//4122 4106//4106
f 4121//4121 4081//4081 4123//4123
f 4121//4121 4123//4123 4122//4122
f 4122//4122 4123//4123 4124//4124
f 4122//4122 4124//4124 4106//4106
f 4123//4123 4081//4081 4125//4125
f 4123//4123 4125//4125 4124//4124
f 4124//4124 4125//4125 4126//4126
f 4124//4124 4126//4126 4106//4106
f 4125//4125 4081//4081 4102//4102
f 4125//4125 4102//4102 4126//4126
f 4126//4126 4102//4102 4104//4104
f 4126//4126 4104//4104 4106//4106
f 4127//4127 4106//4106 4128//4128
f 4127//4127 4128//4128 4129//4129
f 4129//4129 4128//4128 4130//4130
f 4129//4129 4130//4130 4131//4131
f 4128//4128 4106//4106 4132//4132
f 4128//4128 4132//4132 4130//4130
f 4130//4130 4132//4132 4133//4133
f 4130//4130 4133//4133 4131//4131
f 4132//4132 4106//4106 4134//4134
f 4132//4132 4134//4134 4133//4133
f 4133//4133 4134//4134 4135//4135
f 4133//4133 4135//4135 4131//4131
f 4134//4134 4106//4106 4136//4136
f 4134//4134 4136//4136 4135//4135
f 4135//4135 4136//4136 4137//4137
f 4135//4135 4137//4137 4131//4131
f 4136//4136 4106//4106 4138//4138
f 4136//4136 4138//4138 4137//4137
f 4137//4137 4138//4138 4139//4139
f 4137//4137 4139//4139 4131//4131
f 4138//4138 4106//4106 4140//4140
f 4138//4138 4140//4140 4139//4139
f 4139//4139 4140//4140 4141//4141
f 4139//4139 4141//4141 4131//4131
f 4140//4140 4106//4106 4142//4142
f 4140//4140 4142//4142 4141//4141
f 4141//4141 4142//4142 4143//4143
f 4141//4141 4143//4143 4131//4131
f 4142//4142 4106//4106 4144//4144
f 4142//4142 4144//4144 4143//4143
f 4143//4143 4144//4144 4145//4145
f 4143//4143 4145//4145 4131//4131
f 4144//4144 4106//4106 4146//4146
f 4144//4144 4146//4146 4145//4145
f 4145//4145 4146//4146 4147//4147
f 4145//4145 4147//4147 4131//4131
f 4146//4146 4106//4106 4148//4148
f 4146//4146 4148//4148 4147//4147
f 4147//4147 4148//4148 4149//4149
f 4147//4147 4149//4149 4131//4131
f 4148//4148 4106//4106 4150//4150
f 4148//4148 4150//4150 4149//4149
f 4149//4149 4150//4150 4151//4151
f 4149//4149 4151//4151 4131//4131
f 4150//4150 4106//4106 4127//4127
f 4150//4150 4127//4127 4151//4151
f 4151//4151 4127//4127 4129//4129
f 4151//4151 4129//4129 4131//4131
f 4152//4152 4131//4131 4153//4153
f 4152//4152 4153//4153 4154//4154
f 4154//4154 4153//4153 4155//4155
f 4154//4154 4155//4155 4156//4156
f 4153//4153 4131//4131 4157//4157
f 4153//4153 4157//4157 4155//4155
f 4155//4155 4157//4157 4158//4158
f 4155//4155 4158//4158 4156//4156
f 4157//4157 4131//4131 4159//4159
f 4157//4157 4159//4159 4158//4158
f 4158//4158 4159//4159 4160//4160
f 4158//4158 4160//4160 4156//4156
f 4159//4159 4131//4131 4161//4161
f 4159//4159 4161//4161 4160//4160
f 4160//4160 4161//4161 4162//4162
f 4160//4160 4162//4162 4156//4156
f 4161//4161 4131//4131 4163//4163
f 4161//4161 4163//4163 4162//4162
f 4162//4162 4163//4163 4164//4164
f 4162//4162 4164//4164 4156//4156
f 4163//4163 4131//4131 4165//4165
f 4163//4163 4165//4165 4164//4164
f 4164//4164 4165//4165 4166//4166
f 4164//4164 4166//4166 4156//4156
f 4165//4165 4131//4131 4167//4167
f 4165//4165 4167//4167 4166//4166
f 4166//4166 4167//4167 4168//4168
f 4166//4166 4168//4168 4156//4156
f 4167//4167 4131//4131 4169//4169
f 4167//4167 4169//4169 4168//4168
f 4168//4168 4169//4169 4170//4170
f 4168//4168 4170//4170 4156//4156
f 4169//4169 4131//4131 4171//4171
f 4169//4169 4171//4171 4170//4170
f 4170//4170 4171//4171 4172//4172
f 4170//4170 4172//4172 4156//4156
f 4171//4171 4131//4131 4173//4173
f 4171//4171 4173//4173 4172//4172
f 4172//4172 4173//4173 4174//4174
f 4172//4172 4174//4174 4156//4156
f 4173//4173 4131//4131 4175//4175
f 4173//4173 4175//4175 4174//4174
f 4174//4174 4175//4175 4176//4176
f 4174//4174 4176//4176 4156//4156
f 4175//4175 4131//4131 4152//4152
f 4175//4175 4152//4152 4176//4176
f 4176//4176 4152//4152 4154//4154
f 4176//4176 4154//4154 4156//4156
f 4177//4177 4156//4156 4178//4178
f 4177//4177 4178//4178 4179//4179
f 4179//4179 4178//4178 4180//4180
f 4179//4179 4180//4180 4181//4181
f 4178//4178 4156//4156 4182//4182
f 4178//4178 4182//4182 4180//4180
f 4180//4180 4182//4182 4183//4183
f 4180//4180 4183//4183 4181//4181
f 4182//4182 4156//4156 4184//4184
f 4182//4182 4184//4184 4183//4183
f 4183//4183 4184//4184 4185//4185
f 4183//4183 4185//4185 4181//4181
f 4184//4184 4156//4156 4186//4186
f 4184//4184 4186//4186 4185//4185
f 4185//4185 4186//4186 4187//4187
f 4185//4185 4187//4187 4181//4181
f 4186//4186 4156//4156 4188//4188
f 4186//4186 4188//4188 4187//4187
f 4187//4187 4188//4188 4189//4189
f 4187//4187 4189//4189 4181//4181
f 4188//4188 4156//4156 4190//4190
f 4188//4188 4190//4190 4189//4189
f 4189//4189 4190//4190 4191//4191
f 4189//4189 4191//4191 4181//4181
f 4190//4190 4156//4156 4192//4192
f 4190//4190 4192//4192 4191//4191
f 4191//4191 4192//4192 4193//4193
f 4191//4191 4193//4193 4181//4181
f 4192//4192 4156//4156 4194//4194
f 4192//4192 4194//4194 4193//4193
f 4193//4193 4194//4194 4195//4195
f 4193//4193 4195//4195 4181//4181
f 4194//4194 4156//4156 4196//4196
f 4194//4194 4196//4196 4195//4195
f 4195//4195 4196//4196 4197//4197
f 4195//4195 4197//4197 4181//4181
f 4196//4196 4156//4156 4198//4198
f 4196//4196 4198//4198 4197//4197
f 4197//4197 4198//4198 4199//4199
f 4197//4197 4199//4199 4181//4181
f 4198//4198 4156//4156 4200//4200
f 4198//4198 4200//4200 4199//4199
f 4199//4199 4200//4200 4201//4201
f 4199//4199 4201//4201 4181//4181
f 4200//4200 4156//4156 4177//4177
f 4200//4200 4177//4177 4201//4201
f 4201//4201 4177//4177 4179//4179
f 4201//4201 4179//4179 4181//4181
f 4202//4202 4181//4181 4203//4203
f 4202//4202 4203//4203 4204//4204
f 4204//4204 4203//4203 4205//4205
f 4204//4204 4205//4205 4206//4206
f 4203//4203 4181//4181 4207//4207
f 4203//4203 4207//4207 4205//4205
f 4205//4205 4207//4207 4208//4208
f 4205//4205 4208//4208 4206//4206
f 4207//4207 4181//4181 4209//4209
f 4207//4207 4209//4209 4208//4208
f 4208//4208 4209//4209 4210//4210
f 4208//4208 4210//4210 4206//4206
f 4209//4209 4181//4181 4211//4211
f 4209//4209 4211//4211 4210//4210
f 4210//4210 4211//4211 4212//4212
f 4210//4210 4212//4212 4206//4206
f 4211//4211 4181//4181 4213//4213
f 4211//4211 4213//4213 4212//4212
f 4212//4212 4213//4213 4214//4214
f 4212//4212 4214//4214 4206//4206
f 4213//4213 4181//4181 4215//4215
f 4213//4213 4215//4215 4214//4214
f 4214//4214 4215//4215 4216//4216
f 4214//4214 4216//4216 4206//4206
f 4215//4215 4181//4181 4217//4217
f 4215//4215 4217//4217 4216//4216
f 4216//4216 4217//4217 4218//4218
f 4216//4216 4218//4218 4206//4206
f 4217//4217 4181//4181 4219//4219
f 4217//4217 4219//4219 4218//4218
f 4218//4218 4219//4219 4220//4220
f 4218//4218 4220//4220 4206//4206
f 4219//4219 4181//4181 4221//4221
f 4219//4219 4221//4221 4220//4220
f 4220//4220 4221//4221 4222//4222
f 4220//4220 4222//4222 4206//4206
f 4221//4221 4181//4181 4223//4223
f 4221//4221 4223//4223 4222//4222
f 4222//4222 4223//4223 4224//4224
f 4222//4222 4224//4224 4206//4206
f 4223//4223 4181//4181 4225//4225
f 4223//4223 4225//4225 4224//4224
f 4224//4224 4225//4225 4226//4226
f 4224//4224 4226//4226 4206//4206
f 4225//4225 4181//4181 4202//4202
f 4225//4225 4202//4202 4226//4226
f 4226//4226 4202//4202 4204//4204
f 4226//4226 4204//4204 4206//4206
f 4227//4227 4206//4206 4228//4228
f 4227//4227 4228//4228 4229//4229
f 4229//4229 4228//4228 4230//4230
f 4229//4229 4230//4230 4231//4231
f 4228//4228 4206//4206 4232//4232
f 4228//4228 4232//4232 4230//4230
f 4230//4230 4232//4232 4233//4233
f 4230//4230 4233//4233 4231//4231
f 4232//4232 4206//4206 4234//4234
f 4232//4232 4234//4234 4233//4233
f 4233//4233 4234//4234 4235//4235
f 4233//4233 4235//4235 4231//4231
f 4234//4234 4206//4206 4236//4236
f 4234//4234 4236//4236 4235//4235
f 4235//4235 4236//4236 4237//4237
f 4235//4235 4237//4237 4231//4231
f 4236//4236 4206//4206 4238//4238
f 4236//4236 4238//4238 4237//4237
f 4237//4237 4238//4238 4239//4239
f 4237//4237 4239//4239 4231//4231
f 4238//4238 4206//4206 4240//4240
f 4238//4238 4240//4240 4239//4239
f 4239//4239 4240//4240 4241//4241
f 4239//4239 4241//4241 4231//4231
f 4240//4240 4206//4206 4242//4242
f 4240//4240 4242//4242 4241//4241
f 4241//4241 4242//4242 4243//4243
f 4241//4241 4243//4243 4231//4231
f 4242//4242 4206//4206 4244//4244
f 4242//4242 4244//4244 4243//4243
f 4243//4243 4244//4244 4245//4245
f 4243//4243 4245//4245 4231//4231
f 4244//4244 4206//4206 4246//4246
f 4244//4244 4246//4246 4245//4245
f 4245//4245 4246//4246 4247//4247
f 4245//4245 4247//4247 4231//4231
f 4246//4246 4206//4206 4248//4248
f 4246//4246 4248//4248 4247//4247
f 4247//4247 4248//4248 4249//4249
f 4247//4247 4249//4249 4231//4231
f 4248//4248 4206//4206 4250//4250
f 4248//4248 4250//4250 4249//4249
f 4249//4249 4250//4250 4251//4251
f 4249//4249 4251//4251 4231//4231
f 4250//4250 4206//4206 4227//4227
f 4250//4250 4227//4227 4251//4251
f 4251//4251 4227//4227 4229//4229
f 4251//4251 4229//4229 4231//4231
f 4252//4252 4231//4231 4253//4253
f 4252//4252 4253//4253 4254//4254
f 4254//4254 4253//4253 4255//4255
f 4254//4254 4255//4255 4256//4256
f 4253//4253 4231//4231 4257//4257
f 4253//4253 4257//4257 4255//4255
f 4255//4255 4257//4257 4258//4258
f 4255//4255 4258//4258 4256//4256
f 4257//4257 4231//4231 4259//4259
f 4257//4257 4259//4259 4258//4258
f 4258//4258 4259//4259 4260//4260
f 4258//4258 4260//4260 4256//4256
f 4259//4259 4231//4231 4261//4261
f 4259//4259 4261//4261 4260//4260
f 4260//4260 4261//4261 4262//4262
f 4260//4260 4262//4262 4256//4256
f 4261//4261 4231//4231 4263//4263
f 4261//4261 4263//4263 4262//4262
f 4262//4262 4263//4263 4264//4264
f 4262//4262 4264//4264 4256//4256
f 4263//4263 4231//4231 4265//4265
f 4263//4263 4265//4265 4264//4264
f 4264//4264 4265//4265 4266//4266
f 4264//4264 4266//4266 4256//4256
f 4265//4265 4231//4231 4267//4267
f 4265//4265 4267//4267 4266//4266
f 4266//4266 4267//4267 4268//4268
f 4266//4266 4268//4268 4256//4256
f 4267//4267 4231//4231 4269//4269
f 4267//4267 4269//4269 4268//4268
f 4268//4268 4269//4269 4270//4270
f 4268//4268 4270//4270 4256//4256
f 4269//4269 4231//4231 4271//4271
f 4269//4269 4271//4271 4270//4270
f 4270//4270 4271//4271 4272//4272
f 4270//4270 4272//4272 4256//4256
f 4271//4271 4231//4231 4273//4273
f 4271//4271 4273//4273 4272//4272
f 4272//4272 4273//4273 4274//4274
f 4272//4272 4274//4274 4256//4256
f 4273//4273 4231//4231 4275//4275
f 4273//4273 4275//4275 4274//4274
f 4274//4274 4275//4275 4276//4276
f 4274//4274 4276//4276 4256//4256
f 4275//4275 4231//4231 4252//4252
f 4275//4275 4252//4252 4276//4276
f 4276//4276 4252//4252 4254//4254
f 4276//4276 4254//4254 4256//4256
f 4277//4277 4256//4256 4278//4278
f 4277//4277 4278//4278 4279//4279
f 4279//4279 4278//4278 4280//4280
f 4279//4279 4280//4280 4281//4281
f 4278//4278 4256//4256 4282//4282
f 4278//4278 4282//4282 4280//4280
f 4280//4280 4282//4282 4283//4283
f 4280//4280 4283//4283 4281//4281
f 4282//4282 4256//4256 4284//4284
f 4282//4282 4284//4284 4283//4283
f 4283//4283 4284//4284 4285//4285
f 4283//4283 4285//4285 4281//4281
f 4284//4284 4256//4256 4286//4286
f 4284//4284 4286//4286 4285//4285
f 4285//4285 4286//4286 4287//4287
f 4285//4285 4287//4287 4281//4281
f 4286//4286 4256//4256 4288//4288
f 4286//4286 4288//4288 4287//4287
f 4287//4287 4288//4288 4289//4289
f 4287//4287 4289//4289 4281//4281
f 4288//4288 4256//4256 4290//4290
f 4288//4288 4290//4290 4289//4289
f 4289//4289 4290//4290 4291//4291
f 4289//4289 4291//4291 4281//4281
f 4290//4290 4256//4256 4292//4292
f 4290//4290 4292//4292 4291//4291
f 4291//4291 4292//4292 4293//4293
f 4291//4291 4293//4293 4281//4281
f 4292//4292 4256//4256 4294//4294
f 4292//4292 4294//4294 4293//4293
f 4293//4293 4294//4294 4295//4295
f 4293//4293 4295//4295 4281//4281
f 4294//4294 4256//4256 4296//4296
f 4294//4294 4296//4296 4295//4295
f 4295//4295 4296//4296 4297//4297
f 4295//4295 4297//4297 4281//4281
f 4296//4296 4256//4256 4298//4298
f 4296//4296 4298//4298 4297//4297
f 4297//4297 4298//4298 4299//4299
f 4297//4297 4299//4299 4281//4281
f 4298//4298 4256//4256 4300//4300
f 4298//4298 4300//4300 4299//4299
f 4299//4299 4300//4300 4301//4301
f 4299//4299 4301//4301 4281//4281
f 4300//4300 4256//4256 4277//4277
f 4300//4300 4277//4277 4301//4301
f 4301//4301 4277//4277 4279//4279
f 4301//4301 4279//4279 4281//4281
f 4302//4302 4281//4281 4303//4303
f 4302//4302 4303//4303 4304//4304
f 4304//4304 4303//4303 4305//4305
f 4304//4304 4305//4305 4306//4306
f 4303//4303 4281//4281 4307//4307
f 4303//4303 4307//4307 4305//4305
f 4305//4305 4307//4307 4308//4308
f 4305//4305 4308//4308 4306//4306
f 4307//4307 4281//4281 4309//4309
f 4307//4307 4309//4309 4308//4308
f 4308//4308 4309//4309 4310//4310
f 4308//4308 4310//4310 4306//4306
f 4309//4309 4281//4281 4311//4311
f 4309//4309 4311//4311 4310//4310
f 4310//4310 4311//4311 4312//4312
f 4310//4310 4312//4312 4306//4306
f 4311//4311 4281//4281 4313//4313
f 4311//4311 4313//4313 4312//4312
f 4312//4312 4313//4313 4314//4314
f 4312//4312 4314//4314 4306//4306
f 4313//4313 4281//4281 4315//4315
f 4313//4313 4315//4315 4314//4314
f 4314//4314 4315//4315 4316//4316
f 4314//4314 4316//4316 4306//4306
f 4315//4315 4281//4281 4317//4317
f 4315//4315 4317//4317 4316//4316
f 4316//4316 4317//4317 4318//4318
f 4316//4316 4318//4318 4306//4306
f 4317//4317 4281//4281 4319//4319
f 4317//4317 4319//4319 4318//4318
f 4318//4318 4319//4319 4320//4320
f 4318//4318 4320//4320 4306//4306
f 4319//4319 4281//4281 4321//4321
f 4319//4319 4321//4321 4320//4320
f 4320//4320 4321//4321 4322//4322
f 4320//4320 4322//4322 4306//4306
f 4321//4321 4281//4281 4323//4323
f 4321//4321 4323//4323 4322//4322
f 4322//4322 4323//4323 4324//4324
f 4322//4322 4324//4324 4306//4306
f 4323//4323 4281//4281 4325//4325
f 4323//4323 4325//4325 4324//4324
f 4324//4324 4325//4325 4326//4326
f 4324//4324 4326//4326 4306//4306
f 4325//4325 4281//4281 4302//4302
f 4325//4325 4302//4302 4326//4326
f 4326//4326 4302//4302 4304//4304
f 4326//4326 4304//4304 4306//4306
f 4327//4327 4306//4306 4328//4328
f 4327//4327 4328//4328 4329//4329
f 4329//4329 4328//4328 4330//4330
f 4329//4329 4330//4330 4331//4331
f 4328//4328 4306//4306 4332//4332
f 4328//4328 4332//4332 4330//4330
f 4330//4330 4332//4332 4333//4333
f 4330//4330 4333//4333 4331//4331
f 4332//4332 4306//4306 4334//4334
f 4332//4332 4334//4334 4333//4333
f 4333//4333 4334//4334 4335//4335
f 4333//4333 4335//4335 4331//4331
f 4334//4334 4306//4306 4336//4336
f 4334//4334 4336//4336 4335//4335
f 4335//4335 4336//4336 4337//4337
f 4335//4335 4337//4337 4331//4331
f 4336//4336 4306//4306 4338//4338
f 4336//4336 4338//4338 4337//4337
f 4337//4337 4338//4338 4339//4339
f 4337//4337 4339//4339 4331//4331
f 4338//4338 4306//4306 4340//4340
f 4338//4338 4340//4340 4339//4339
f 4339//4339 4340//4340 4341//4341
f 4339//4339 4341//4341 4331//4331
f 4340//4340 4306//4306 4342//4342
f 4340//4340 4342//4342 4341//4341
f 4341//4341 4342//4342 4343//4343
f 4341//4341 4343//4343 4331//4331
f 4342//4342 4306//4306 4344//4344
f 4342//4342 4344//4344 4343//4343
f 4343//4343 4344//4344 4345//4345
f 4343//4343 4345//4345 4331//4331
f 4344//4344 4306//4306 4346//4346
f 4344//4344 4346//4346 4345//4345
f 4345//4345 4346//4346 4347//4347
f 4345//4345 4347//4347 4331//4331
f 4346//4346 4306//4306 4348//4348
f 4346//4346 4348//4348 4347//4347
f 4347//4347 4348//4348 4349//4349
f 4347//4347 4349//4349 4331//4331
f 4348//4348 4306//4306 4350//4350
f 4348//4348 4350//4350 4349//4349
f 4349//4349 4350//4350 4351//4351
f 4349//4349 4351//4351 4331//4331
f 4350//4350 4306//4306 4327//4327
f 4350//4350 4327//4327 4351//4351
f 4351//4351 4327//4327 4329//4329
f 4351//4351 4329//4329 4331//4331
f 4352//4352 4331//4331 4353//4353
f 4352//4352 4353//4353 4354//4354
f 4354//4354 4353//4353 4355//4355
f 4354//4354 4355//4355 4356//4356
f 4353//4353 4331//4331 4357//4357
f 4353//4353 4357//4357 4355//4355
f 4355//4355 4357//4357 4358//4358
f 4355//4355 4358//4358 4356//4356
f 4357//4357 4331//4331 4359//4359
f 4357//4357 4359//4359 4358//4358
f 4358//4358 4359//4359 4360//4360
f 4358//4358 4360//4360 4356//4356
f 4359//4359 4331//4331 4361//4361
f 4359//4359 4361//4361 4360//4360
f 4360//4360 4361//4361 4362//4362
f 4360//4360 4362//4362 4356//4356
f 4361//4361 4331//4331 4363//4363
f 4361//4361 4363//4363 4362//4362
f 4362//4362 4363//4363 4364//4364
f 4362//4362 4364//4364 4356//4356
f 4363//4363 4331//4331 4365//4365
f 4363//4363 4365//4365 4364//4364
f 4364//4364 4365//4365 4366//4366
f 4364//4364 4366//4366 4356//4356
f 4365//4365 4331//4331 4367//4367
f 4365//4365 4367//4367 4366//4366
f 4366//4366 4367//4367 4368//4368
f 4366//4366 4368//4368 4356//4356
f 4367//4367 4331//4331 4369//4369
f 4367//4367 4369//4369 4368//4368
f 4368//4368 4369//4369 4370//4370
f 4368//4368 4370//4370 4356//4356
f 4369//4369 4331//4331 4371//4371
f 4369//4369 4371//4371 4370//4370
f 4370//4370 4371//4371 4372//4372
f 4370//4370 4372//4372 4356//4356
f 4371//4371 4331//4331 4373//4373
f 4371//4371 4373//4373 4372//4372
f 4372//4372 4373//4373 4374//4374
f 4372//4372 4374//4374 4356//4356
f 4373//4373 4331//4331 4375//4375
f 4373//4373 4375//4375 4374//4374
f 4374//4374 4375//4375 4376//4376
f 4374//4374 4376//4376 4356//4356
f 4375//4375 4331//4331 4352//4352
f 4375//4375 4352//4352 4376//4376
f 4376//4376 4352//4352 4354//4354
f 4376//4376 4354//4354 4356//4356
f 4377//4377 4356//4356 4378//4378
f 4377//4377 4378//4378 4379//4379
f 4379//4379 4378//4378 4380//4380
f 4379//4379 4380//4380 4381//4381
f 4378//4378 4356//4356 4382//4382
f 4378//4378 4382//4382 4380//4380
f 4380//4380 4382//4382 4383//4383
f 4380//4380 4383//4383 4381//4381
f 4382//4382 4356//4356 4384//4384
f 4382//4382 4384//4384 4383//4383
f 4383//4383 4384//4384 4385//4385
f 4383//4383 4385//4385 4381//4381
f 4384//4384 4356//4356 4386//4386
f 4384//4384 4386//4386 4385//4385
f 4385//4385 4386//4386 4387//4387
f 4385//4385 4387//4387 4381//4381
f 4386//4386 4356//4356 4388//4388
f 4386//4386 4388//4388 4387//4387
f 4387//4387 4388//4388 4389//4389
f 4387//4387 4389//4389 4381//4381
f 4388//4388 4356//4356 4390//4390
f 4388//4388 4390//4390 4389//4389
f 4389//4389 4390//4390 4391//4391
f 4389//4389 4391//4391 4381//4381
f 4390//4390 4356//4356 4392//4392
f 4390//4390 4392//4392 4391//4391
f 4391//4391 4392//4392 4393//4393
f 4391//4391 4393//4393 4381//4381
f 4392//4392 4356//4356 4394//4394
f 4392//4392 4394//4394 4393//4393
f 4393//4393 4394//4394 4395//4395
f 4393//4393 4395//4395 4381//4381
f 4394//4394 4356//4356 4396//4396
f 4394//4394 4396//4396 4395//4395
f 4395//4395 4396//4396 4397//4397
f 4395//4395 4397//4397 4381//4381
f 4396//4396 4356//4356 4398//4398
f 4396//4396 4398//4398 4397//4397
f 4397//4397 4398//4398 4399//4399
f 4397//4397 4399//4399 4381//4381
f 4398//4398 4356//4356 4400//4400
f 4398//4398 4400//4400 4399//4399
f 4399//4399 4400//4400 4401//4401
f 4399//4399 4401//4401 4381//4381
f 4400//4400 4356//4356 4377//4377
f 4400//4400 4377//4377 4401//4401
f 4401//4401 4377//4377 4379//4379
f 4401//4401 4379//4379 4381//4381
f 4402//4402 4381//4381 4403//4403
f 4402//4402 4403//4403 4404//4404
f 4404//4404 4403//4403 4405//4405
f 4404//4404 4405//4405 4406//4406
f 4403//4403 4381//4381 4407//4407
f 4403//4403 4407//4407 4405//4405
f 4405//4405 4407//4407 4408//4408
f 4405//4405 4408//4408 4406//4406
f 4407//4407 4381//4381 4409//4409
f 4407//4407 4409//4409 4408//4408
f 4408//4408 4409//4409 4410//4410
f 4408//4408 4410//4410 4406//4406
f 4409//4409 4381//4381 4411//4411
f 4409//4409 4411//4411 4410//4410
f 4410//4410 4411//4411 4412//4412
f 4410//4410 4412//4412 4406//4406
f 4411//4411 4381//4381 4413//4413
f 4411//4411 4413//4413 4412//4412
f 4412//4412 4413//4413 4414//4414
f 4412//4412 4414//4414 4406//4406
f 4413//4413 4381//4381 4415//4415
f 4413//4413 4415//4415 4414//4414
f 4414//4414 4415//4415 4416//4416
f 4414//4414 4416//4416 4406//4406
f 4415//4415 4381//4381 4417//4417
f 4415//4415 4417//4417 4416//4416
f 4416//4416 4417//4417 4418//4418
f 4416//4416 4418//4418 4406//4406
f 4417//4417 4381//4381 4419//4419
f 4417//4417 4419//4419 4418//4418
f 4418//4418 4419//4419 4420//4420
f 4418//4418 4420//4420 4406//4406
f 4419//4419 4381//4381 4421//4421
f 4419//4419 4421//4421 4420//4420
f 4420//4420 4421//4421 4422//4422
f 4420//4420 4422//4422 4406//4406
f 4421//4421 4381//4381 4423//4423
f 4421//4421 4423//4423 4422//4422
f 4422//4422 4423//4423 4424//4424
f 4422//4422 4424//4424 4406//4406
f 4423//4423 4381//4381 4425//4425
f 4423//4423 4425//4425 4424//4424
f 4424//4424 4425//4425 4426//4426
f 4424//4424 4426//4426 4406//4406
f 4425//4425 4381//4381 4402//4402
f 4425//4425 4402//4402 4426//4426
f 4426//4426 4402//4402 4404//4404
f 4426//4426 4404//4404 4406//4406
f 4427//4427 4406//4406 4428//4428
f 4427//4427 4428//4428 4429//4429
f 4429//4429 4428//4428 4430//4430
f 4429//4429 4430//4430 4431//4431
f 4428//4428 4406//4406 4432//4432
f 4428//4428 4432//4432 4430//4430
f 4430//4430 4432//4432 4433//4433
f 4430//4430 4433//4433 4431//4431
f 4432//4432 4406//4406 4434//4434
f 4432//4432 4434//4434 4433//4433
f 4433//4433 4434//4434 4435//4435
f 4433//4433 4435//4435 4431//4431
f 4434//4434 4406//4406 4436//4436
f 4434//4434 4436//4436 4435//4435
f 4435//4435 4436//4436 4437//4437
f 4435//4435 4437//4437 4431//4431
f 4436//4436 4406//4406 4438//4438
f 4436//4436 4438//4438 4437//4437
f 4437//4437 4438//4438 4439//4439
f 4437//4437 4439//4439 4431//4431
f 4438//4438 4406//4406 4440//4440
f 4438//4438 4440//4440 4439//4439
f 4439//4439 4440//4440 4441//4441
f 4439//4439 4441//4441 4431//4431
f 4440//4440 4406//4406 4442//4442
f 4440//4440 4442//4442 4441//4441
f 4441//4441 4442//4442 4443//4443
f 4441//4441 4443//4443 4431//4431
f 4442//4442 4406//4406 4444//4444
f 4442//4442 4444//4444 4443//4443
f 4443//4443 4444//4444 4445//4445
f 4443//4443 4445//4445 4431//4431
f 4444//4444 4406//4406 4446//4446
f 4444//4444 4446//4446 4445//4445
f 4445//4445 4446//4446 4447//4447
f 4445//4445 4447//4447 4431//4431
f 4446//4446 4406//4406 4448//4448
f 4446//4446 4448//4448 4447//4447
f 4447//4447 4448//4448 4449//4449
f 4447//4447 4449//4449 4431//4431
f 4448//4448 4406//4406 4450//4450
f 4448//4448 4450//4450 4449//4449
f 4449//4449 4450//4450 4451//4451
f 4449//4449 4451//4451 4431//4431
f 4450//4450 4406//4406 4427//4427
f 4450//4450 4427//4427 4451//4451
f 4451//4451 4427//4427 4429//4429
f 4451//4451 4429//4429 4431//4431
f 4452//4452 4431//4431 4453//4453
f 4452//4452 4453//4453 4454//4454
f 4454//4454 4453//4453 4455//4455
f 4454//4454 4455//4455 4456//4456
f 4453//4453 4431//4431 4457//4457
f 4453//4453 4457//4457 4455//4455
f 4455//4455 4457//4457 4458//4458
f 4455//4455 4458//4458 4456//4456
f 4457//4457 4431//4431 4459//4459
f 4457//4457 4459//4459 4458//4458
f 4458//4458 4459//4459 4460//4460
f 4458//4458 4460//4460 4456//4456
f 4459//4459 4431//4431 4461//4461
f 4459//4459 4461//4461 4460//4460
f 4460//4460 4461//4461 4462//4462
f 4460//4460 4462//4462 4456//4456
f 4461//4461 4431//4431 4463//4463
f 4461//4461 4463//4463 4462//4462
f 4462//4462 4463//4463 4464//4464
f 4462//4462 4464//4464 4456//4456
f 4463//4463 4431//4431 4465//4465
f 4463//4463 4465//4465 4464//4464
f 4464//4464 4465//4465 4466//4466
f 4464//4464 4466//4466 4456//4456
f 4465//4465 4431//4431 4467//4467
f 4465//4465 4467//4467 4466//4466
f 4466//4466 4467//4467 4468//4468
f 4466//4466 4468//4468 4456//4456
f 4467//4467 4431//4431 4469//4469
f 4467//4467 4469//4469 4468//4468
f 4468//4468 4469//4469 4470//4470
f 4468//4468 4470//4470 4456//4456
f 4469//4469 4431//4431 4471//4471
f 4469//4469 4471//4471 4470//4470
f 4470//4470 4471//4471 4472//4472
f 4470//4470 4472//4472 4456//4456
f 4471//4471 4431//4431 4473//4473
f 4471//4471 4473//4473 4472//4472
f 4472//4472 4473//4473 4474//4474
f 4472//4472 4474//4474 4456//4456
f 4473//4473 4431//4431 4475//4475
f 4473//4473 4475//4475 4474//4474
f 4474//4474 4475//4475 4476//4476
f 4474//4474 4476//4476 4456//4456
f 4475//4475 4431//4431 4452//4452
f 4475//4475 4452//4452 4476//4476
f 4476//4476 4452//4452 4454//4454
f 4476//4476 4454//4454 4456//4456
f 4477//4477 4456//4456 4478//4478
f 4477//4477 4478//4478 4479//4479
f 4479//4479 4478//4478 4480//4480
f 4479//4479 4480//4480 4481//4481
f 4478//4478 4456//4456 4482//4482
f 4478//4478 4482//4482 4480//4480
f 4480//4480 4482//4482 4483//4483
f 4480//4480 4483//4483 4481//4481
f 4482//4482 4456//4456 4484//4484
f 4482//4482 4484//4484 4483//4483
f 4483//4483 4484//4484 4485//4485
f 4483//4483 4485//4485 4481//4481
f 4484//4484 4456//4456 4486//4486
f 4484//4484 4486//4486 4485//4485
f 4485//4485 4486//4486 4487//4487
f 4485//4485 4487//4487 4481//4481
f 4486//4486 4456//4456 4488//4488
f 4486//4486 4488//4488 4487//4487
f 4487//4487 4488//4488 4489//4489
f 4487//4487 4489//4489 4481//4481
f 4488//4488 4456//4456 4490//4490
f 4488//4488 4490//4490 4489//4489
f 4489//4489 4490//4490 4491//4491
f 4489//4489 4491//4491 4481//4481
f 4490//4490 4456//4456 4492//4492
f 4490//4490 4492//4492 4491//4491
f 4491//4491 4492//4492 4493//4493
f 4491//4491 4493//4493 4481//4481
f 4492//4492 4456//4456 4494//4494
f 4492//4492 4494//4494 4493//4493
f 4493//4493 4494//4494 4495//4495
f 4493//4493 4495//4495 4481//4481
f 4494//4494 4456//4456 4496//4496
f 4494//4494 4496//4496 4495//4495
f 4495//4495 4496//4496 4497//4497
f 4495//4495 4497//4497 4481//4481
f 4496//4496 4456//4456 4498//4498
f 4496//4496 4498//4498 4497//4497
f 4497//4497 4498//4498 4499//4499
f 4497//4497 4499//4499 4481//4481
f 4498//4498 4456//4456 4500//4500
f 4498//4498 4500//4500 4499//4499
f 4499//4499 4500//4500 4501//4501
f 4499//4499 4501//4501 4481//4481
f 4500//4500 4456//4456 4477//4477
f 4500//4500 4477//4477 4501//4501
f 4501//4501 4477//4477 4479//4479
f 4501//4501 4479//4479 4481//4481
f 4502//4502 4481//4481 4503//4503
f 4502//4502 4503//4503 4504//4504
f 4504//4504 4503//4503 4505//4505
f 4504//4504 4505//4505 4506//4506
f 4503//4503 4481//4481 4507//4507
f 4503//4503 4507//4507 4505//4505
f 4505//4505 4507//4507 4508//4508
f 4505//4505 4508//4508 4506//4506
f 4507//4507 4481//4481 4509//4509
f 4507//4507 4509//4509 4508//4508
f 4508//4508 4509//4509 4510//4510
f 4508//4508 4510//4510 4506//4506
f 4509//4509 4481//4481 4511//4511
f 4509//4509 4511//4511 4510//4510
f 4510//4510 4511//4511 4512//4512
f 4510//4510 4512//4512 4506//4506
f 4511//4511 4481//4481 4513//4513
f 4511//4511 4513//4513 4512//4512
f 4512//4512 4513//4513 4514//4514
f 4512//4512 4514//4514 4506//4506
f 4513//4513 4481//4481 4515//4515
f 4513//4513 4515//4515 4514//4514
f 4514//4514 4515//4515 4516//4516
f 4514//4514 4516//4516 4506//4506
f 4515//4515 4481//4481 4517//4517
f 4515//4515 4517//4517 4516//4516
f 4516//4516 4517//4517 4518//4518
f 4516//4516 4518//4518 4506//4506
f 4517//4517 4481//4481 4519//4519
f 4517//4517 4519//4519 4518//4518
f 4518//4518 4519//4519 4520//4520
f 4518//4518 4520//4520 4506//4506
f 4519//4519 4481//4481 4521//4521
f 4519//4519 4521//4521 4520//4520
f 4520//4520 4521//4521 4522//4522
f 4520//4520 4522//4522 4506//4506
f 4521//4521 4481//4481 4523//4523
f 4521//4521 4523//4523 4522//4522
f 4522//4522 4523//4523 4524//4524
f 4522//4522 4524//4524 4506//4506
f 4523//4523 4481//4481 4525//4525
f 4523//4523 4525//4525 4524//4524
f 4524//4524 4525//4525 4526//4526
f 4524//4524 4526//4526 4506//4506
f 4525//4525 4481//4481 4502//4502
f 4525//4525 4502//4502 4526//4526
f 4526//4526 4502//4502 4504//4504
f 4526//4526 4504//4504 4506//4506
f 4527//4527 4506//4506 4528//4528
f 4527//4527 4528//4528 4529//4529
f 4529//4529 4528//4528 4530//4530
f 4529//4529 4530//4530 4531//4531
f 4528//4528 4506//4506 4532//4532
f 4528//4528 4532//4532 4530//4530
f 4530//4530 4532//4532 4533//4533
f 4530//4530 4533//4533 4531//4531
f 4532//4532 4506//4506 4534//4534
f 4532//4532 4534//4534 4533//4533
f 4533//4533 4534//4534 4535//4535
f 4533//4533 4535//4535 4531//4531
f 4534//4534 4506//4506 4536//4536
f 4534//4534 4536//4536 4535//4535
f 4535//4535 4536//4536 4537//4537
f 4535//4535 4537//4537 4531//4531
f 4536//4536 4506//4506 4538//4538
f 4536//4536 4538//4538 4537//4537
f 4537//4537 4538//4538 4539//4539
f 4537//4537 4539//4539 4531//4531
f 4538//4538 4506//4506 4540//4540
f 4538//4538 4540//4540 4539//4539
f 4539//4539 4540//4540 4541//4541
f 4539//4539 4541//4541 4531//4531
f 4540//4540 4506//4506 4542//4542
f 4540//4540 4542//4542 4541//4541
f 4541//4541 4542//4542 4543//4543
f 4541//4541 4543//4543 4531//4531
f 4542//4542 4506//4506 4544//4544
f 4542//4542 4544//4544 4543//4543
f 4543//4543 4544//4544 4545//4545
f 4543//4543 4545//4545 4531//4531
f 4544//4544 4506//4506 4546//4546
f 4544//4544 4546//4546 4545//4545
f 4545//4545 4546//4546 4547//4547
f 4545//4545 4547//4547 4531//4531
f 4546//4546 4506//4506 4548//4548
f 4546//4546 4548//4548 4547//4547
f 4547//4547 4548//4548 4549//4549
f 4547//4547 4549//4549 4531//4531
f 4548//4548 4506//4506 4550//4550
f 4548//4548 4550//4550 4549//4549
f 4549//4549 4550//4550 4551//4551
f 4549//4549 4551//4551 4531//4531
f 4550//4550 4506//4506 4527//4527
f 4550//4550 4527//4527 4551//4551
f 4551//4551 4527//4527 4529//4529
f 4551//4551 4529//4529 4531//4531
f 4552//4552 4531//4531 4553//4553
f 4552//4552 4553//4553 4554//4554
f 4554//4554 4553//4553 4555//4555
f 4554//4554 4555//4555 4556//4556
f 4553//4553 4531//4531 4557//4557
f 4553//4553 4557//4557 4555//4555
f 4555//4555 4557//4557 4558//4558
f 4555//4555 4558//4558 4556//4556
f 4557//4557 4531//4531 4559//4559
f 4557//4557 4559//4559 4558//4558
f 4558//4558 4559//4559 4560//4560
f 4558//4558 4560//4560 4556//4556
f 4559//4559 4531//4531 4561//4561
f 4559//4559 4561//4561 4560//4560
f 4560//4560 4561//4561 4562//4562
f 4560//4560 4562//4562 4556//4556
f 4561//4561 4531//4531 4563//4563
f 4561//4561 4563//4563 4562//4562
f 4562//4562 4563//4563 4564//4564
f 4562//4562 4564//4564 4556//4556
f 4563//4563 4531//4531 4565//4565
f 4563//4563 4565//4565 4564//4564
f 4564//4564 4565//4565 4566//4566
f 4564//4564 4566//4566 4556//4556
f 4565//4565 4531//4531 4567//4567
f 4565//4565 4567//4567 4566//4566
f 4566//4566 4567//4567 4568//4568
f 4566//4566 4568//4568 4556//4556
f 4567//4567 4531//4531 4569//4569
f 4567//4567 4569//4569 4568//4568
f 4568//4568 4569//4569 4570//4570
f 4568//4568 4570//4570 4556//4556
f 4569//4569 4531//4531 4571//4571
f 4569//4569 4571//4571 4570//4570
f 4570//4570 4571//4571 4572//4572
f 4570//4570 4572//4572 4556//4556
f 4571//4571 4531//4531 4573//4573
f 4571//4571 4573//4573 4572//4572
f 4572//4572 4573//4573 4574//4574
f 4572//4572 4574//4574 4556//4556
f 4573//4573 4531//4531 4575//4575
f 4573//4573 4575//4575 4574//4574
f 4574//4574 4575//4575 4576//4576
f 4574//4574 4576//4576 4556//4556
f 4575//4575 4531//4531 4552//4552
f 4575//4575 4552//4552 4576//4576
f 4576//4576 4552//4552 4554//4554
f 4576//4576 4554//4554 4556//4556
f 4577//4577 4556//4556 4578//4578
f 4577//4577 4578//4578 4579//4579
f 4579//4579 4578//4578 4580//4580
f 4579//4579 4580//4580 4581//4581
f 4578//4578 4556//4556 4582//4582
f 4578//4578 4582//4582 4580//4580
f 4580//4580 4582//4582 4583//4583
f 4580//4580 4583//4583 4581//4581
f 4582//4582 4556//4556 4584//4584
f 4582//4582 4584//4584 4583//4583
f 4583//4583 4584//4584 4585//4585
f 4583//4583 4585//4585 4581//4581
f 4584//4584 4556//4556 4586//4586
f 4584//4584 4586//4586 4585//4585
f 4585//4585 4586//4586 4587//4587
f 4585//4585 4587//4587 4581//4581
f 4586//4586 4556//4556 4588//4588
f 4586//4586 4588//4588 4587//4587
f 4587//4587 4588//4588 4589//4589
f 4587//4587 4589//4589 4581//4581
f 4588//4588 4556//4556 4590//4590
f 4588//4588 4590//4590 4589//4589
f 4589//4589 4590//4590 4591//4591
f 4589//4589 4591//4591 4581//4581
f 4590//4590 4556//4556 4592//4592
f 4590//4590 4592//4592 4591//4591
f 4591//4591 4592//4592 4593//4593
f 4591//4591 4593//4593 4581//4581
f 4592//4592 4556//4556 4594//4594
f 4592//4592 4594//4594 4593//4593
f 4593//4593 4594//4594 4595//4595
f 4593//4593 4595//4595 4581//4581
f 4594//4594 4556//4556 4596//4596
f 4594//4594 4596//4596 4595//4595
f 4595//4595 4596//4596 4597//4597
f 4595//4595 4597//4597 4581//4581
f 4596//4596 4556//4556 4598//4598
f 4596//4596 4598//4598 4597//4597
f 4597//4597 4598//4598 4599//4599
f 4597//4597 4599//4599 4581//4581
f 4598//4598 4556//4556 4600//4600
f 4598//4598 4600//4600 4599//4599
f 4599//4599 4600//4600 4601//4601
f 4599//4599 4601//4601 4581//4581
f 4600//4600 4556//4556 4577//4577
f 4600//4600 4577//4577 4601//4601
f 4601//4601 4577//4577 4579//4579
f 4601//4601 4579//4579 4581//4581
f 4602//4602 4581//4581 4603//4603
f 4602//4602 4603//4603 4604//4604
f 4604//4604 4603//4603 4605//4605
f 4604//4604 4605//4605 4606//4606
f 4603//4603 4581//4581 4607//4607
f 4603//4603 4607//4607 4605//4605
f 4605//4605 4607//4607 4608//4608
f 4605//4605 4608//4608 4606//4606
f 4607//4607 4581//4581 4609//4609
f 4607//4607 4609//4609 4608//4608
f 4608//4608 4609//4609 4610//4610
f 4608//4608 4610//4610 4606//4606
f 4609//4609 4581//4581 4611//4611
f 4609//4609 4611//4611 4610//4610
f 4610//4610 4611//4611 4612//4612
f 4610//4610 4612//4612 4606//4606
f 4611//4611 4581//4581 4613//4613
f 4611//4611 4613//4613 4612//4612
f 4612//4612 4613//4613 4614//4614
f 4612//4612 4614//4614 4606//4606
f 4613//4613 4581//4581 4615//4615
f 4613//4613 4615//4615 4614//4614
f 4614//4614 4615//4615 4616//4616
f 4614//4614 4616//4616 4606//4606
f 4615//4615 4581//4581 4617//4617
f 4615//4615 4617//4617 4616//4616
f 4616//4616 4617//4617 4618//4618
f 4616//4616 4618//4618 4606//4606
f 4617//4617 4581//4581 4619//4619
f 4617//4617 4619//4619 4618//4618
f 4618//4618 4619//4619 4620//4620
f 4618//4618 4620//4620 4606//4606
f 4619//4619 4581//4581 4621//4621
f 4619//4619 4621//4621 4620//4620
f 4620//4620 4621//4621 4622//4622
f 4620//4620 4622//4622 4606//4606
f 4621//4621 4581//4581 4623//4623
f 4621//4621 4623//4623 4622//4622
f 4622//4622 4623//4623 4624//4624
f 4622//4622 4624//4624 4606//4606
f 4623//4623 4581//4581 4625//4625
f 4623//4623 4625//4625 4624//4624
f 4624//4624 4625//4625 4626//4626
f 4624//4624 4626//4626 4606//4606
f 4625//4625 4581//4581 4602//4602
f 4625//4625 4602//4602 4626//4626
f 4626//4626 4602//4602 4604//4604
f 4626//4626 4604//4604 4606//4606
f 4627//4627 4606//4606 4628//4628
f 4627//4627 4628//4628 4629//4629
f 4629//4629 4628//4628 4630//4630
f 4629//4629 4630//4630 4631//4631
f 4628//4628 4606//4606 4632//4632
f 4628//4628 4632//4632 4630//4630
f 4630//4630 4632//4632 4633//4633
f 4630//4630 4633//4633 4631//4631
f 4632//4632 4606//4606 4634//4634
f 4632//4632 4634//4634 4633//4633
f 4633//4633 4634//4634 4635//4635
f 4633//4633 4635//4635 4631//4631
f 4634//4634 4606//4606 4636//4636
f 4634//4634 4636//4636 4635//4635
f 4635//4635 4636//4636 4637//4637
f 4635//4635 4637//4637 4631//4631
f 4636//4636 4606//4606 4638//4638
f 4636//4636 4638//4638 4637//4637
f 4637//4637 4638//4638 4639//4639
f 4637//4637 4639//4639 4631//4631
f 4638//4638 4606//4606 4640//4640
f 4638//4638 4640//4640 4639//4639
f 4639//4639 4640//4640 4641//4641
f 4639//4639 4641//4641 4631//4631
f 4640//4640 4606//4606 4642//4642
f 4640//4640 4642//4642 4641//4641
f 4641//4641 4642//4642 4643//4643
f 4641//4641 4643//4643 4631//4631
f 4642//4642 4606//4606 4644//4644
f 4642//4642 4644//4644 4643//4643
f 4643//4643 4644//4644 4645//4645
f 4643//4643 4645//4645 4631//4631
f 4644//4644 4606//4606 4646//4646
f 4644//4644 4646//4646 4645//4645
f 4645//4645 4646//4646 4647//4647
f 4645//4645 4647//4647 4631//4631
f 4646//4646 4606//4606 4648//4648
f 4646//4646 4648//4648 4647//4647
f 4647//4647 4648//4648 4649//4649
f 4647//4647 4649//4649 4631//4631
f 4648//4648 4606//4606 4650//4650
f 4648//4648 4650//4650 4649//4649
f 4649//4649 4650//4650 4651//4651
f 4649//4649 4651//4651 4631//4631
f 4650//4650 4606//4606 4627//4627
f 4650//4650 4627//4627 4651//4651
f 4651//4651 4627//4627 4629//4629
f 4651//4651 4629//4629 4631//4631
f 4652//4652 4631//4631 4653//4653
f 4652//4652 4653//4653 4654//4654
f 4654//4654 4653//4653 4655//4655
f 4654//4654 4655//4655 4656//4656
f 4653//4653 4631//4631 4657//4657
f 4653//4653 4657//4657 4655//4655
f 4655//4655 4657//4657 4658//4658
f 4655//4655 4658//4658 4656//4656
f 4657//4657 4631//4631 4659//4659
f 4657//4657 4659//4659 4658//4658
f 4658//4658 4659//4659 4660//4660
f 4658//4658 4660//4660 4656//4656
f 4659//4659 4631//4631 4661//4661
f 4659//4659 4661//4661 4660//4660
f 4660//4660 4661//4661 4662//4662
f 4660//4660 4662//4662 4656//4656
f 4661//4661 4631//4631 4663//4663
f 4661//4661 4663//4663 4662//4662
f 4662//4662 4663//4663 4664//4664
f 4662//4662 4664//4664 4656//4656
f 4663//4663 4631//4631 4665//4665
f 4663//4663 4665//4665 4664//4664
f 4664//4664 4665//4665 4666//4666
f 4664//4664 4666//4666 4656//4656
f 4665//4665 4631//4631 4667//4667
f 4665//4665 4667//4667 4666//4666
f 4666//4666 4667//4667 4668//4668
f 4666//4666 4668//4668 4656//4656
f 4667//4667 4631//4631 4669//4669
f 4667//4667 4669//4669 4668//4668
f 4668//4668 4669//4669 4670//4670
f 4668//4668 4670//4670 4656//4656
f 4669//4669 4631//4631 4671//4671
f 4669//4669 4671//4671 4670//4670
f 4670//4670 4671//4671 4672//4672
f 4670//4670 4672//4672 4656//4656
f 4671//4671 4631//4631 4673//4673
f 4671//4671 4673//4673 4672//4672
f 4672//4672 4673//4673 4674//4674
f 4672//4672 4674//4674 4656//4656
f 4673//4673 4631//4631 4675//4675
f 4673//4673 4675//4675 4674//4674
f 4674//4674 4675//4675 4676//4676
f 4674//4674 4676//4676 4656//4656
f 4675//4675 4631//4631 4652//4652
f 4675//4675 4652//4652 4676//4676
f 4676//4676 4652//4652 4654//4654
f 4676//4676 4654//4654 4656//4656
f 4677//4677 4656//4656 4678//4678
f 4677//4677 4678//4678 4679//4679
f 4679//4679 4678//4678 4680//4680
f 4679//4679 4680//4680 4681//4681
f 4678//4678 4656//4656 4682//4682
f 4678//4678 4682//4682 4680//4680
f 4680//4680 4682//4682 4683//4683
f 4680//4680 4683//4683 4681//4681
f 4682//4682 4656//4656 4684//4684
f 4682//4682 4684//4684 4683//4683
f 4683//4683 4684//4684 4685//4685
f 4683//4683 4685//4685 4681//4681
f 4684//4684 4656//4656 4686//4686
f 4684//4684 4686//4686 4685//4685
f 4685//4685 4686//4686 4687//4687
f 4685//4685 4687//4687 4681//4681
f 4686//4686 4656//4656 4688//4688
f 4686//4686 4688//4688 4687//4687
f 4687//4687 4688//4688 4689//4689
f 4687//4687 4689//4689 4681//4681
f 4688//4688 4656//4656 4690//4690
f 4688//4688 4690//4690 4689//4689
f 4689//4689 4690//4690 4691//4691
f 4689//4689 4691//4691 4681//4681
f 4690//4690 4656//4656 4692//4692
f 4690//4690 4692//4692 4691//4691
f 4691//4691 4692//4692 4693//4693
f 4691//4691 4693//4693 4681//4681
f 4692//4692 4656//4656 4694//4694
f 4692//4692 4694//4694 4693//4693
f 4693//4693 4694//4694 4695//4695
f 4693//4693 4695//4695 4681//4681
f 4694//4694 4656//4656 4696//4696
f 4694//4694 4696//4696 4695//4695
f 4695//4695 4696//4696 4697//4697
f 4695//4695 4697//4697 4681//4681
f 4696//4696 4656//4656 4698//4698
f 4696//4696 4698//4698 4697//4697
f 4697//4697 4698//4698 4699//4699
f 4697//4697 4699//4699 4681//4681
f 4698//4698 4656//4656 4700//4700
f 4698//4698 4700//4700 4699//4699
f 4699//4699 4700//4700 4701//4701
f 4699//4699 4701//4701 4681//4681
f 4700//4700 4656//4656 4677//4677
f 4700//4700 4677//4677 4701//4701
f 4701//4701 4677//4677 4679//4679
f 4701//4701 4679//4679 4681//4681
f 4702//4702 4681//4681 4703//4703
f 4702//4702 4703//4703 4704//4704
f 4704//4704 4703//4703 4705//4705
f 4704//4704 4705//4705 4706//4706
f 4703//4703 4681//4681 4707//4707
f 4703//4703 4707//4707 4705//4705
f 4705//4705 4707//4707 4708//4708
f 4705//4705 4708//4708 4706//4706
f 4707//4707 4681//4681 4709//4709
f 4707//4707 4709//4709 4708//4708
f 4708//4708 4709//4709 4710//4710
f 4708//4708 4710//4710 4706//4706
f 4709//4709 4681//4681 4711//4711
f 4709//4709 4711//4711 4710//4710
f 4710//4710 4711//4711 4712//4712
f 4710//4710 4712//4712 4706//4706
f 4711//4711 4681//4681 4713//4713
f 4711//4711 4713//4713 4712//4712
f 4712//4712 4713//4713 4714//4714
f 4712//4712 4714//4714 4706//4706
f 4713//4713 4681//4681 4715//4715
f 4713//4713 4715//4715 4714//4714
f 4714//4714 4715//4715 4716//4716
f 4714//4714 4716//4716 4706//4706
f 4715//4715 4681//4681 4717//4717
f 4715//4715 4717//4717 4716//4716
f 4716//4716 4717//4717 4718//4718
f 4716//4716 4718//4718 4706//4706
f 4717//4717 4681//4681 4719//4719
f 4717//4717 4719//4719 4718//4718
f 4718//4718 4719//4719 4720//4720
f 4718//4718 4720//4720 4706//4706
f 4719//4719 4681//4681 4721//4721
f 4719//4719 4721//4721 4720//4720
f 4720//4720 4721//4721 4722//4722
f 4720//4720 4722//4722 4706//4706
f 4721//4721 4681//4681 4723//4723
f 4721//4721 4723//4723 4722//4722
f 4722//4722 4723//4723 4724//4724
f 4722//4722 4724//4724 4706//4706
f 4723//4723 4681//4681 4725//4725
f 4723//4723 4725//4725 4724//4724
f 4724//4724 4725//4725 4726//4726
f 4724//4724 4726//4726 4706//4706
f 4725//4725 4681//4681 4702//4702
f 4725//4725 4702//4702 4726//4726
f 4726//4726 4702//4702 4704//4704
f 4726//4726 4704//4704 4706//4706
f 4727//4727 4706//4706 4728//4728
f 4727//4727 4728//4728 4729//4729
f 4729//4729 4728//4728 4730//4730
f 4729//4729 4730//4730 4731//4731
f 4728//4728 4706//4706 4732//4732
f 4728//4728 4732//4732 4730//4730
f 4730//4730 4732//4732 4733//4733
f 4730//4730 4733//4733 4731//4731
f 4732//4732 4706//4706 4734//4734
f 4732//4732 4734//4734 4733//4733
f 4733//4733 4734//4734 4735//4735
f 4733//4733 4735//4735 4731//4731
f 4734//4734 4706//4706 4736//4736
f 4734//4734 4736//4736 4735//4735
f 4735//4735 4736//4736 4737//4737
f 4735//4735 4737//4737 4731//4731
f 4736//4736 4706//4706 4738//4738
f 4736//4736 4738//4738 4737//4737
f 4737//4737 4738//4738 4739//4739
f 4737//4737 4739//4739 4731//4731
f 4738//4738 4706//4706 4740//4740
f 4738//4738 4740//4740 4739//4739
f 4739//4739 4740//4740 4741//4741
f 4739//4739 4741//4741 4731//4731
f 4740//4740 4706//4706 4742//4742
f 4740//4740 4742//4742 4741//4741
f 4741//4741 4742//4742 4743//4743
f 4741//4741 4743//4743 4731//4731
f 4742//4742 4706//4706 4744//4744
f 4742//4742 4744//4744 4743//4743
f 4743//4743 4744//4744 4745//4745
f 4743//4743 4745//4745 4731//4731
f 4744//4744 4706//4706 4746//4746
f 4744//4744 4746//4746 4745//4745
f 4745//4745 4746//4746 4747//4747
f 4745//4745 4747//4747 4731//4731
f 4746//4746 4706//4706 4748//4748
f 4746//4746 4748//4748 4747//4747
f 4747//4747 4748//4748 4749//4749
f 4747//4747 4749//4749 4731//4731
f 4748//4748 4706//4706 4750//4750
f 4748//4748 4750//4750 4749//4749
f 4749//4749 4750//4750 4751//4751
f 4749//4749 4751//4751 4731//4731
f 4750//4750 4706//4706 4727//4727
f 4750//4750 4727//4727 4751//4751
f 4751//4751 4727//4727 4729//4729
f 4751//4751 4729//4729 4731//4731
f 4752//4752 4731//4731 4753//4753
f 4752//4752 4753//4753 4754//4754
f 4754//4754 4753//4753 4755//4755
f 4754//4754 4755//4755 4756//4756
f 4753//4753 4731//4731 4757//4757
f 4753//4753 4757//4757 4755//4755
f 4755//4755 4757//4757 4758//4758
f 4755//4755 4758//4758 4756//4756
f 4757//4757 4731//4731 4759//4759
f 4757//4757 4759//4759 4758//4758
f 4758//4758 4759//4759 4760//4760
f 4758//4758 4760//4760 4756//4756
f 4759//4759 4731//4731 4761//4761
f 4759//4759 4761//4761 4760//4760
f 4760//4760 4761//4761 4762//4762
f 4760//4760 4762//4762 4756//4756
f 4761//4761 4731//4731 4763//4763
f 4761//4761 4763//4763 4762//4762
f 4762//4762 4763//4763 4764//4764
f 4762//4762 4764//4764 4756//4756
f 4763//4763 4731//4731 4765//4765
f 4763//4763 4765//4765 4764//4764
f 4764//4764 4765//4765 4766//4766
f 4764//4764 4766//4766 4756//4756
f 4765//4765 4731//4731 4767//4767
f 4765//4765 4767//4767 4766//4766
f 4766//4766 4767//4767 4768//4768
f 4766//4766 4768//4768 4756//4756
f 4767//4767 4731//4731 4769//4769
f 4767//4767 4769//4769 4768//4768
f 4768//4768 4769//4769 4770//4770
f 4768//4768 4770//4770 4756//4756
f 4769//4769 4731//4731 4771//4771
f 4769//4769 4771//4771 4770//4770
f 4770//4770 4771//4771 4772//4772
f 4770//4770 4772//4772 4756//4756
f 4771//4771 4731//4731 4773//4773
f 4771//4771 4773//4773 4772//4772
f 4772//4772 4773//4773 4774//4774
f 4772//4772 4774//4774 4756//4756
f 4773//4773 4731//4731 4775//4775
f 4773//4773 4775//4775 4774//4774
f 4774//4774 4775//4775 4776//4776
f 4774//4774 4776//4776 4756//4756
f 4775//4775 4731//4731 4752//4752
f 4775//4775 4752//4752 4776//4776
f 4776//4776 4752//4752 4754//4754
f 4776//4776 4754//4754 4756//4756
f 4777//4777 4756//4756 4778//4778
f 4777//4777 4778//4778 4779//4779
f 4779//4779 4778//4778 4780//4780
f 4779//4779 4780//4780 4781//4781
f 4778//4778 4756//4756 4782//4782
f 4778//4778 4782//4782 4780//4780
f 4780//4780 4782//4782 4783//4783
f 4780//4780 4783//4783 4781//4781
f 4782//4782 4756//4756 4784//4784
f 4782//4782 4784//4784 4783//4783
f 4783//4783 4784//4784 4785//4785
f 4783//4783 4785//4785 4781//4781
f 4784//4784 4756//4756 4786//4786
f 4784//4784 4786//4786 4785//4785
f 4785//4785 4786//4786 4787//4787
f 4785//4785 4787//4787 4781//4781
f 4786//4786 4756//4756 4788//4788
f 4786//4786 4788//4788 4787//4787
f 4787//4787 4788//4788 4789//4789
f 4787//4787 4789//4789 4781//4781
f 4788//4788 4756//4756 4790//4790
f 4788//4788 4790//4790 4789//4789
f 4789//4789 4790//4790 4791//4791
f 4789//4789 4791//4791 4781//4781
f 4790//4790 4756//4756 4792//4792
f 4790//4790 4792//4792 4791//4791
f 4791//4791 4792//4792 4793//4793
f 4791//4791 4793//4793 4781//4781
f 4792//4792 4756//4756 4794//4794
f 4792//4792 4794//4794 4793//4793
f 4793//4793 4794//4794 4795//4795
f 4793//4793 4795//4795 4781//4781
f 4794//4794 4756//4756 4796//4796
f 4794//4794 4796//4796 4795//4795
f 4795//4795 4796//4796 4797//4797
f 4795//4795 4797//4797 4781//4781
f 4796//4796 4756//4756 4798//4798
f 4796//4796 4798//4798 4797//4797
f 4797//4797 4798//4798 4799//4799
f 4797//4797 4799//4799 4781//4781
f 4798//4798 4756//4756 4800//4800
f 4798//4798 4800//4800 4799//4799
f 4799//4799 4800//4800 4801//4801
f 4799//4799 4801//4801 4781//4781
f 4800//4800 4756//4756 4777//4777
f 4800//4800 4777//4777 4801//4801
f 4801//4801 4777//4777 4779//4779
f 4801//4801 4779//4779 4781//4781
f 4802//4802 4781//4781 4803//4803
f 4802//4802 4803//4803 4804//4804
f 4804//4804 4803//4803 4805//4805
f 4804//4804 4805//4805 4806//4806
f 4803//4803 4781//4781 4807//4807
f 4803//4803 4807//4807 4805//4805
f 4805//4805 4807//4807 4808//4808
f 4805//4805 4808//4808 4806//4806
f 4807//4807 4781//4781 4809//4809
f 4807//4807 4809//4809 4808//4808
f 4808//4808 4809//4809 4810//4810
f 4808//4808 4810//4810 4806//4806
f 4809//4809 4781//4781 4811//4811
f 4809//4809 4811//4811 4810//4810
f 4810//4810 4811//4811 4812//4812
f 4810//4810 4812//4812 4806//4806
f 4811//4811 4781//4781 4813//4813
f 4811//4811 4813//4813 4812//4812
f 4812//4812 4813//4813 4814//4814
f 4812//4812 4814//4814 4806//4806
f 4813//4813 4781//4781 4815//4815
f 4813//4813 4815//4815 4814//4814
f 4814//4814 4815//4815 4816//4816
f 4814//4814 4816//4816 4806//4806
f 4815//4815 4781//4781 4817//4817
f 4815//4815 4817//4817 4816//4816
f 4816//4816 4817//4817 4818//4818
f 4816//4816 4818//4818 4806//4806
f 4817//4817 4781//4781 4819//4819
f 4817//4817 4819//4819 4818//4818
f 4818//4818 4819//4819 4820//4820
f 4818//4818 4820//4820 4806//4806
f 4819//4819 4781//4781 4821//4821
f 4819//4819 4821//4821 4820//4820
f 4820//4820 4821//4821 4822//4822
f 4820//4820 4822//4822 4806//4806
f 4821//4821 4781//4781 4823//4823
f 4821//4821 4823//4823 4822//4822
f 4822//4822 4823//4823 4824//4824
f 4822//4822 4824//4824 4806//4806
f 4823//4823 4781//4781 4825//4825
f 4823//4823 4825//4825 4824//4824
f 4824//4824 4825//4825 4826//4826
f 4824//4824 4826//4826 4806//4806
f 4825//4825 4781//4781 4802//4802
f 4825//4825 4802//4802 4826//4826
f 4826//4826 4802//4802 4804//4804
f 4826//4826 4804//4804 4806//4806
f 4827//4827 4806//4806 4828//4828
f 4827//4827 4828//4828 4829//4829
f 4829//4829 4828//4828 4830//4830
f 4829//4829 4830//4830 4831//4831
f 4828//4828 4806//4806 4832//4832
f 4828//4828 4832//4832 4830//4830
f 4830//4830 4832//4832 4833//4833
f 4830//4830 4833//4833 4831//4831
f 4832//4832 4806//4806 4834//4834
f 4832//4832 4834//4834 4833//4833
f 4833//4833 4834//4834 4835//4835
f 4833//4833 4835//4835 4831//4831
f 4834//4834 4806//4806 4836//4836
f 4834//4834 4836//4836 4835//4835
f 4835//4835 4836//4836 4837//4837
f 4835//4835 4837//4837 4831//4831
f 4836//4836 4806//4806 4838//4838
f 4836//4836 4838//4838 4837//4837
f 4837//4837 4838//4838 4839//4839
f 4837//4837 4839//4839 4831//4831
f 4838//4838 4806//4806 4840//4840
f 4838//4838 4840//4840 4839//4839
f 4839//4839 4840//4840 4841//4841
f 4839//4839 4841//4841 4831//4831
f 4840//4840 4806//4806 4842//4842
f 4840//4840 4842//4842 4841//4841
f 4841//4841 4842//4842 4843//4843
f 4841//4841 4843//4843 4831//4831
f 4842//4842 4806//4806 4844//4844
f 4842//4842 4844//4844 4843//4843
f 4843//4843 4844//4844 4845//4845
f 4843//4843 4845//4845 4831//4831
f 4844//4844 4806//4806 4846//4846
f 4844//4844 4846//4846 4845//4845
f 4845//4845 4846//4846 4847//4847
f 4845//4845 4847//4847 4831//4831
f 4846//4846 4806//4806 4848//4848
f 4846//4846 4848//4848 4847//4847
f 4847//4847 4848//4848 4849//4849
f 4847//4847 4849//4849 4831//4831
f 4848//4848 4806//4806 4850//4850
f 4848//4848 4850//4850 4849//4849
f 4849//4849 4850//4850 4851//4851
f 4849//4849 4851//4851 4831//4831
f 4850//4850 4806//4806 4827//4827
f 4850//4850 4827//4827 4851//4851
f 4851//4851 4827//4827 4829//4829
f 4851//4851 4829//4829 4831//4831
f 4852//4852 4831//4831 4853//4853
f 4852//4852 4853//4853 4854//4854
f 4854//4854 4853//4853 4855//4855
f 4854//4854 4855//4855 4856//4856
f 4853//4853 4831//4831 4857//4857
f 4853//4853 4857//4857 4855//4855
f 4855//4855 4857//4857 4858//4858
f 4855//4855 4858//4858 4856//4856
f 4857//4857 4831//4831 4859//4859
f 4857//4857 4859//4859 4858//4858
f 4858//4858 4859//4859 4860//4860
f 4858//4858 4860//4860 4856//4856
f 4859//4859 4831//4831 4861//4861
f 4859//4859 4861//4861 4860//4860
f 4860//4860 4861//4861 4862//4862
f 4860//4860 4862//4862 4856//4856
f 4861//4861 4831//4831 4863//4863
f 4861//4861 4863//4863 4862//4862
f 4862//4862 4863//4863 4864//4864
f 4862//4862 4864//4864 4856//4856
f 4863//4863 4831//4831 4865//4865
f 4863//4863 4865//4865 4864//4864
f 4864//4864 4865//4865 4866//4866
f 4864//4864 4866//4866 4856//4856
f 4865//4865 4831//4831 4867//4867
f 4865//4865 4867//4867 4866//4866
f 4866//4866 4867//4867 4868//4868
f 4866//4866 4868//4868 4856//4856
f 4867//4867 4831//4831 4869//4869
f 4867//4867 4869//4869 4868//4868
f 4868//4868 4869//4869 4870//4870
f 4868//4868 4870//4870 4856//4856
f 4869//4869 4831//4831 4871//4871
f 4869//4869 4871//4871 4870//4870
f 4870//4870 4871//4871 4872//4872
f 4870//4870 4872//4872 4856//4856
f 4871//4871 4831//4831 4873//4873
f 4871//4871 4873//4873 4872//4872
f 4872//4872 4873//4873 4874//4874
f 4872//4872 4874//4874 4856//4856
f 4873//4873 4831//4831 4875//4875
f 4873//4873 4875//4875 4874//4874
f 4874//4874 4875//4875 4876//4876
f 4874//4874 4876//4876 4856//4856
f 4875//4875 4831//4831 4852//4852
f 4875//4875 4852//4852 4876//4876
f 4876//4876 4852//4852 4854//4854
f 4876//4876 4854//4854 4856//4856
f 4877//4877 4856//4856 4878//4878
f 4877//4877 4878//4878 4879//4879
f 4879//4879 4878//4878 4880//4880
f 4879//4879 4880//4880 4881//4881
f 4878//4878 4856//4856 4882//4882
f 4878//4878 4882//4882 4880//4880
f 4880//4880 4882//4882 4883//4883
f 4880//4880 4883//4883 4881//4881
f 4882//4882 4856//4856 4884//4884
f 4882//4882 4884//4884 4883//4883
f 4883//4883 4884//4884 4885//4885
f 4883//4883 4885//4885 4881//4881
f 4884//4884 4856//4856 4886//4886
f 4884//4884 4886//4886 4885//4885
f 4885//4885 4886//4886 4887//4887
f 4885//4885 4887//4887 4881//4881
f 4886//4886 4856//4856 4888//4888
f 4886//4886 4888//4888 4887//4887
f 4887//4887 4888//4888 4889//4889
f 4887//4887 4889//4889 4881//4881
f 4888//4888 4856//4856 4890//4890
f 4888//4888 4890//4890 4889//4889
f 4889//4889 4890//4890 4891//4891
f 4889//4889 4891//4891 4881//4881
f 4890//4890 4856//4856 4892//4892
f 4890//4890 4892//4892 4891//4891
f 4891//4891 4892//4892 4893//4893
f 4891//4891 4893//4893 4881//4881
f 4892//4892 4856//4856 4894//4894
f 4892//4892 4894//4894 4893//4893
f 4893//4893 4894//4894 4895//4895
f 4893//4893 4895//4895 4881//4881
f 4894//4894 4856//4856 4896//4896
f 4894//4894 4896//4896 4895//4895
f 4895//4895 4896//4896 4897//4897
f 4895//4895 4897//4897 4881//4881
f 4896//4896 4856//4856 4898//4898
f 4896//4896 4898//4898 4897//4897
f 4897//4897 4898//4898 4899//4899
f 4897//4897 4899//4899 4881//4881
f 4898//4898 4856//4856 4900//4900
f 4898//4898 4900//4900 4899//4899
f 4899//4899 4900//4900 4901//4901
f 4899//4899 4901//4901 4881//4881
f 4900//4900 4856//4856 4877//4877
f 4900//4900 4877//4877 4901//4901
f 4901//4901 4877//4877 4879//4879
f 4901//4901 4879//4879 4881//4881
f 4902//4902 4881//4881 4903//4903
f 4902//4902 4903//4903 4904//4904
f 4904//4904 4903//4903 4905//4905
f 4904//4904 4905//4905 4906//4906
f 4903//4903 4881//4881 4907//4907
f 4903//4903 4907//4907 4905//4905
f 4905//4905 4907//4907 4908//4908
f 4905//4905 4908//4908 4906//4906
f 4907//4907 4881//4881 4909//4909
f 4907//4907 4909//4909 4908//4908
f 4908//4908 4909//4909 4910//4910
f 4908//4908 4910//4910 4906//4906
f 4909//4909 4881//4881 4911//4911
f 4909//4909 4911//4911 4910//4910
f 4910//4910 4911//4911 4912//4912
f 4910//4910 4912//4912 4906//4906
f 4911//4911 4881//4881 4913//4913
f 4911//4911 4913//4913 4912//4912
f 4912//4912 4913//4913 4914//4914
f 4912//4912 4914//4914 4906//4906
f 4913//4913 4881//4881 4915//4915
f 4913//4913 4915//4915 4914//4914
f 4914//4914 4915//4915 4916//4916
f 4914//4914 4916//4916 4906//4906
f 4915//4915 4881//4881 4917//4917
f 4915//4915 4917//4917 4916//4916
f 4916//4916 4917//4917 4918//4918
f 4916//4916 4918//4918 4906//4906
f 4917//4917 4881//4881 4919//4919
f 4917//4917 4919//4919 4918//4918
f 4918//4918 4919//4919 4920//4920
f 4918//4918 4920//4920 4906//4906
f 4919//4919 4881//4881 4921//4921
f 4919//4919 4921//4921 4920//4920
f 4920//4920 4921//4921 4922//4922
f 4920//4920 4922//4922 4906//4906
f 4921//4921 4881//4881 4923//4923
f 4921//4921 4923//4923 4922//4922
f 4922//4922 4923//4923 4924//4924
f 4922//4922 4924//4924 4906//4906
f 4923//4923 4881//4881 4925//4925
f 4923//4923 4925//4925 4924//4924
f 4924//4924 4925//4925 4926//4926
f 4924//4924 4926//4926 4906//4906
f 4925//4925 4881//4881 4902//4902
f 4925//4925 4902//4902 4926//4926
f 4926//4926 4902//4902 4904//4904
f 4926//4926 4904//4904 4906//4906
f 4927//4927 4906//4906 4928//4928
f 4927//4927 4928//4928 4929//4929
f 4929//4929 4928//4928 4930//4930
f 4929//4929 4930//4930 4931//4931
f 4928//4928 4906//4906 4932//4932
f 4928//4928 4932//4932 4930//4930
f 4930//4930 4932//4932 4933//4933
f 4930//4930 4933//4933 4931//4931
f 4932//4932 4906//4906 4934//4934
f 4932//4932 4934//4934 4933//4933
f 4933//4933 4934//4934 4935//4935
f 4933//4933 4935//4935 4931//4931
f 4934//4934 4906//4906 4936//4936
f 4934//4934 4936//4936 4935//4935
f 4935//4935 4936//4936 4937//4937
f 4935//4935 4937//4937 4931//4931
f 4936//4936 4906//4906 4938//4938
f 4936//4936 4938//4938 4937//4937
f 4937//4937 4938//4938 4939//4939
f 4937//4937 4939//4939 4931//4931
f 4938//4938 4906//4906 4940//4940
f 4938//4938 4940//4940 4939//4939
f 4939//4939 4940//4940 4941//4941
f 4939//4939 4941//4941 4931//4931
f 4940//4940 4906//4906 4942//4942
f 4940//4940 4942//4942 4941//4941
f 4941//4941 4942//4942 4943//4943
f 4941//4941 4943//4943 4931//4931
f 4942//4942 4906//4906 4944//4944
f 4942//4942 4944//4944 4943//4943
f 4943//4943 4944//4944 4945//4945
f 4943//4943 4945//4945 4931//4931
f 4944//4944 4906//4906 4946//4946
f 4944//4944 4946//4946 4945//4945
f 4945//4945 4946//4946 4947//4947
f 4945//4945 4947//4947 4931//4931
f 4946//4946 4906//4906 4948//4948
f 4946//4946 4948//4948 4947//4947
f 4947//4947 4948//4948 4949//4949
f 4947//4947 4949//4949 4931//4931
f 4948//4948 4906//4906 4950//4950
f 4948//4948 4950//4950 4949//4949
f 4949//4949 4950//4950 4951//4951
f 4949//4949 4951//4951 4931//4931
f 4950//4950 4906//4906 4927//4927
f 4950//4950 4927//4927 4951//4951
f 4951//4951 4927//4927 4929//4929
f 4951//4951 4929//4929 4931//4931
f 4952//4952 4931//4931 4953//4953
f 4952//4952 4953//4953 4954//4954
f 4954//4954 4953//4953 4955//4955
f 4954//4954 4955//4955 4956//4956
f 4953//4953 4931//4931 4957//4957
f 4953//4953 4957//4957 4955//4955
f 4955//4955 4957//4957 4958//4958
f 4955//4955 4958//4958 4956//4956
f 4957//4957 4931//4931 4959//4959
f 4957//4957 4959//4959 4958//4958
f 4958//4958 4959//4959 4960//4960
f 4958//4958 4960//4960 4956//4956
f 4959//4959 4931//4931 4961//4961
f 4959//4959 4961//4961 4960//4960
f 4960//4960 4961//4961 4962//4962
f 4960//4960 4962//4962 4956//4956
f 4961//4961 4931//4931 4963//4963
f 4961//4961 4963//4963 4962//4962
f 4962//4962 4963//4963 4964//4964
f 4962//4962 4964//4964 4956//4956
f 4963//4963 4931//4931 4965//4965
f 4963//4963 4965//4965 4964//4964
f 4964//4964 4965//4965 4966//4966
f 4964//4964 4966//4966 4956//4956
f 4965//4965 4931//4931 4967//4967
f 4965//4965 4967//4967 4966//4966
f 4966//4966 4967//4967 4968//4968
f 4966//4966 4968//4968 4956//4956
f 4967//4967 4931//4931 4969//4969
f 4967//4967 4969//4969 4968//4968
f 4968//4968 4969//4969 4970//4970
f 4968//4968 4970//4970 4956//4956
f 4969//4969 4931//4931 4971//4971
f 4969//4969 4971//4971 4970//4970
f 4970//4970 4971//4971 4972//4972
f 4970//4970 4972//4972 4956//4956
f 4971//4971 4931//4931 4973//4973
f 4971//4971 4973//4973 4972//4972
f 4972//4972 4973//4973 4974//4974
f 4972//4972 4974//4974 4956//4956
f 4973//4973 4931//4931 4975//4975
f 4973//4973 4975//4975 4974//4974
f 4974//4974 4975//4975 4976//4976
f 4974//4974 4976//4976 4956//4956
f 4975//4975 4931//4931 4952//4952
f 4975//4975 4952//4952 4976//4976
f 4976//4976 4952//4952 4954//4954
f 4976//4976 4954//4954 4956//4956
f 4977//4977 4956//4956 4978//4978
f 4977//4977 4978//4978 4979//4979
f 4979//4979 4978//4978 4980//4980
f 4979//4979 4980//4980 4981//4981
f 4978//4978 4956//4956 4982//4982
f 4978//4978 4982//4982 4980//4980
f 4980//4980 4982//4982 4983//4983
f 4980//4980 4983//4983 4981//4981
f 4982//4982 4956//4956 4984//4984
f 4982//4982 4984//4984 4983//4983
f 4983//4983 4984//4984 4985//4985
f 4983//4983 4985//4985 4981//4981
f 4984//4984 4956//4956 4986//4986
f 4984//4984 4986//4986 4985//4985
f 4985//4985 4986//4986 4987//4987
f 4985//4985 4987//4987 4981//4981
f 4986//4986 4956//4956 4988//4988
f 4986//4986 4988//4988 4987//4987
f 4987//4987 4988//4988 4989//4989
f 4987//4987 4989//4989 4981//4981
f 4988//4988 4956//4956 4990//4990
f 4988//4988 4990//4990 4989//4989
f 4989//4989 4990//4990 4991//4991
f 4989//4989 4991//4991 4981//4981
f 4990//4990 4956//4956 4992//4992
f 4990//4990 4992//4992 4991//4991
f 4991//4991 4992//4992 4993//4993
f 4991//4991 4993//4993 4981//4981
f 4992//4992 4956//4956 4994//4994
f 4992//4992 4994//4994 4993//4993
f 4993//4993 4994//4994 4995//4995
f 4993//4993 4995//4995 4981//4981
f 4994//4994 4956//4956 4996//4996
f 4994//4994 4996//4996 4995//4995
f 4995//4995 4996//4996 4997//4997
f 4995//4995 4997//4997 4981//4981
f 4996//4996 4956//4956 4998//4998
f 4996//4996 4998//4998 4997//4997
f 4997//4997 4998//4998 4999//4999
f 4997//4997 4999//4999 4981//4981
f 4998//4998 4956//4956 5000//5000
f 4998//4998 5000//5000 4999//4999
f 4999//4999 5000//5000 5001//5001
f 4999//4999 5001//5001 4981//4981
f 5000//5000 4956//4956 4977//4977
f 5000//5000 4977//4977 5001//5001
f 5001//5001 4977//4977 4979//4979
f 5001//5001 4979//4979 4981//4981
f 5002//5002 4981//4981 5003//5003
f 5002//5002 5003//5003 5004//5004
f 5004//5004 5003//5003 5005//5005
f 5004//5004 5005//5005 5006//5006
f 5003//5003 4981//4981 5007//5007
f 5003//5003 5007//5007 5005//5005
f 5005//5005 5007//5007 5008//5008
f 5005//5005 5008//5008 5006//5006
f 5007//5007 4981//4981 5009//5009
f 5007//5007 5009//5009 5008//5008
f 5008//5008 5009//5009 5010//5010
f 5008//5008 5010//5010 5006//5006
f 5009//5009 4981//4981 5011//5011
f 5009//5009 5011//5011 5010//5010
f 5010//5010 5011//5011 5012//5012
f 5010//5010 5012//5012 5006//5006
f 5011//5011 4981//4981 5013//5013
f 5011//5011 5013//5013 5012//5012
f 5012//5012 5013//5013 5014//5014
f 5012//5012 5014//5014 5006//5006
f 5013//5013 4981//4981 5015//5015
f 5013//5013 5015//5015 5014//5014
f 5014//5014 5015//5015 5016//5016
f 5014//5014 5016//5016 5006//5006
f 5015//5015 4981//4981 5017//5017
f 5015//5015 5017//5017 5016//5016
f 5016//5016 5017//5017 5018//5018
f 5016//5016 5018//5018 5006//5006
f 5017//5017 4981//4981 5019//5019
f 5017//5017 5019//5019 5018//5018
f 5018//5018 5019//5019 5020//5020
f 5018//5018 5020//5020 5006//5006
f 5019//5019 4981//4981 5021//5021
f 5019//5019 5021//5021 5020//5020
f 5020//5020 5021//5021 5022//5022
f 5020//5020 5022//5022 5006//5006
f 5021//5021 4981//4981 5023//5023
f 5021//5021 5023//5023 5022//5022
f 5022//5022 5023//5023 5024//5024
f 5022//5022 5024//5024 5006//5006
f 5023//5023 4981//4981 5025//5025
f 5023//5023 5025//5025 5024//5024
f 5024//5024 5025//5025 5026//5026
f 5024//5024 5026//5026 5006//5006
f 5025//5025 4981//4981 5002//5002
f 5025//5025 5002//5002 5026//5026
f 5026//5026 5002//5002 5004//5004
f 5026//5026 5004//5004 5006//5006
f 5027//5027 5006//5006 5028//5028
f 5027//5027 5028//5028 5029//5029
f 5029//5029 5028//5028 5030//5030
f 5029//5029 5030//5030 5031//5031
f 5028//5028 5006//5006 5032//5032
f 5028//5028 5032//5032 5030//5030
f 5030//5030 5032//5032 5033//5033
f 5030//5030 5033//5033 5031//5031
f 5032//5032 5006//5006 5034//5034
f 5032//5032 5034//5034 5033//5033
f 5033//5033 5034//5034 5035//5035
f 5033//5033 5035//5035 5031//5031
f 5034//5034 5006//5006 5036//5036
f 5034//5034 5036//5036 5035//5035
f 5035//5035 5036//5036 5037//5037
f 5035//5035 5037//5037 5031//5031
f 5036//5036 5006//5006 5038//5038
f 5036//5036 5038//5038 5037//5037
f 5037//5037 5038//5038 5039//5039
f 5037//5037 5039//5039 5031//5031
f 5038//5038 5006//5006 5040//5040
f 5038//5038 5040//5040 5039//5039
f 5039//5039 5040//5040 5041//5041
f 5039//5039 5041//5041 5031//5031
f 5040//5040 5006//5006 5042//5042
f 5040//5040 5042//5042 5041//5041
f 5041//5041 5042//5042 5043//5043
f 5041//5041 5043//5043 5031//5031
f 5042//5042 5006//5006 5044//5044
f 5042//5042 5044//5044 5043//5043
f 5043//5043 5044//5044 5045//5045
f 5043//5043 5045//5045 5031//5031
f 5044//5044 5006//5006 5046//5046
f 5044//5044 5046//5046 5045//5045
f 5045//5045 5046//5046 5047//5047
f 5045//5045 5047//5047 5031//5031
f 5046//5046 5006//5006 5048//5048
f 5046//5046 5048//5048 5047//5047
f 5047//5047 5048//5048 5049//5049
f 5047//5047 5049//5049 5031//5031
f 5048//5048 5006//5006 5050//5050
f 5048//5048 5050//5050 5049//5049
f 5049//5049 5050//5050 5051//5051
f 5049//5049 5051//5051 5031//5031
f 5050//5050 5006//5006 5027//5027
f 5050//5050 5027//5027 5051//5051
f 5051//5051 5027//5027 5029//5029
f 5051//5051 5029//5029 5031//5031
f 5052//5052 5031//5031 5053//5053
f 5052//5052 5053//5053 5054//5054
f 5054//5054 5053//5053 5055//5055
f 5054//5054 5055//5055 5056//5056
f 5053//5053 5031//5031 5057//5057
f 5053//5053 5057//5057 5055//5055
f 5055//5055 5057//5057 5058//5058
f 5055//5055 5058//5058 5056//5056
f 5057//5057 5031//5031 5059//5059
f 5057//5057 5059//5059 5058//5058
f 5058//5058 5059//5059 5060//5060
f 5058//5058 5060//5060 5056//5056
f 5059//5059 5031//5031 5061//5061
f 5059//5059 5061//5061 5060//5060
f 5060//5060 5061//5061 5062//5062
f 5060//5060 5062//5062 5056//5056
f 5061//5061 5031//5031 5063//5063
f 5061//5061 5063//5063 5062//5062
f 5062//5062 5063//5063 5064//5064
f 5062//5062 5064//5064 5056//5056
f 5063//5063 5031//5031 5065//5065
f 5063//5063 5065//5065 5064//5064
f 5064//5064 5065//5065 5066//5066
f 5064//5064 5066//5066 5056//5056
f 5065//5065 5031//5031 5067//5067
f 5065//5065 5067//5067 5066//5066
f 5066//5066 5067//5067 5068//5068
f 5066//5066 5068//5068 5056//5056
f 5067//5067 5031//5031 5069//5069
f 5067//5067 5069//5069 5068//5068
f 5068//5068 5069//5069 5070//5070
f 5068//5068 5070//5070 5056//5056
f 5069//5069 5031//5031 5071//5071
f 5069//5069 5071//5071 5070//5070
f 5070//5070 5071//5071 5072//5072
f 5070//5070 5072//5072 5056//5056
f 5071//5071 5031//5031 5073//5073
f 5071//5071 5073//5073 5072//5072
f 5072//5072 5073//5073 5074//5074
f 5072//5072 5074//5074 5056//5056
f 5073//5073 5031//5031 5075//5075
f 5073//5073 5075//5075 5074//5074
f 5074//5074 5075//5075 5076//5076
f 5074//5074 5076//5076 5056//5056
f 5075//5075 5031//5031 5052//5052
f 5075//5075 5052//5052 5076//5076
f 5076//5076 5052//5052 5054//5054
f 5076//5076 5054//5054 5056//5056
f 5077//5077 5056//5056 5078//5078
f 5077//5077 5078//5078 5079//5079
f 5079//5079 5078//5078 5080//5080
f 5079//5079 5080//5080 5081//5081
f 5078//5078 5056//5056 5082//5082
f 5078//5078 5082//5082 5080//5080
f 5080//5080 5082//5082 5083//5083
f 5080//5080 5083//5083 5081//5081
f 5082//5082 5056//5056 5084//5084
f 5082//5082 5084//5084 5083//5083
f 5083//5083 5084//5084 5085//5085
f 5083//5083 5085//5085 5081//5081
f 5084//5084 5056//5056 5086//5086
f 5084//5084 5086//5086 5085//5085
f 5085//5085 5086//5086 5087//5087
f 5085//5085 5087//5087 5081//5081
f 5086//5086 5056//5056 5088//5088
f 5086//5086 5088//5088 5087//5087
f 5087//5087 5088//5088 5089//5089
f 5087//5087 5089//5089 5081//5081
f 5088//5088 5056//5056 5090//5090
f 5088//5088 5090//5090 5089//5089
f 5089//5089 5090//5090 5091//5091
f 5089//5089 5091//5091 5081//5081
f 5090//5090 5056//5056 5092//5092
f 5090//5090 5092//5092 5091//5091
f 5091//5091 5092//5092 5093//5093
f 5091//5091 5093//5093 5081//5081
f 5092//5092 5056//5056 5094//5094
f 5092//5092 5094//5094 5093//5093
f 5093//5093 5094//5094 5095//5095
f 5093//5093 5095//5095 5081//5081
f 5094//5094 5056//5056 5096//5096
f 5094//5094 5096//5096 5095//5095
f 5095//5095 5096//5096 5097//5097
f 5095//5095 5097//5097 5081//5081
f 5096//5096 5056//5056 5098//5098
f 5096//5096 5098//5098 5097//5097
f 5097//5097 5098//5098 5099//5099
f 5097//5097 5099//5099 5081//5081
f 5098//5098 5056//5056 5100//5100
f 5098//5098 5100//5100 5099//5099
f 5099//5099 5100//5100 5101//5101
f 5099//5099 5101//5101 5081//5081
f 5100//5100 5056//5056 5077//5077
f 5100//5100 5077//5077 5101//5101
f 5101//5101 5077//5077 5079//5079
f 5101//5101 5079//5079 5081//5081
f 5102//5102 5081//5081 5103//5103
f 5102//5102 5103//5103 5104//5104
f 5104//5104 5103//5103 5105//5105
f 5104//5104 5105//5105 5106//5106
f 5103//5103 5081//5081 5107//5107
f 5103//5103 5107//5107 5105//5105
f 5105//5105 5107//5107 5108//5108
f 5105//5105 5108//5108 5106//5106
f 5107//5107 5081//5081 5109//5109
f 5107//5107 5109//5109 5108//5108
f 5108//5108 5109//5109 5110//5110
f 5108//5108 5110//5110 5106//5106
f 5109//5109 5081//5081 5111//5111
f 5109//5109 5111//5111 5110//5110
f 5110//5110 5111//5111 5112//5112
f 5110//5110 5112//5112 5106//5106
f 5111//5111 5081//5081 5113//5113
f 5111//5111 5113//5113 5112//5112
f 5112//5112 5113//5113 5114//5114
f 5112//5112 5114//5114 5106//5106
f 5113//5113 5081//5081 5115//5115
f 5113//5113 5115//5115 5114//5114
f 5114//5114 5115//5115 5116//5116
f 5114//5114 5116//5116 5106//5106
f 5115//5115 5081//5081 5117//5117
f 5115//5115 5117//5117 5116//5116
f 5116//5116 5117//5117 5118//5118
f 5116//5116 5118//5118 5106//5106
f 5117//5117 5081//5081 5119//5119
f 5117//5117 5119//5119 5118//5118
f 5118//5118 5119//5119 5120//5120
f 5118//5118 5120//5120 5106//5106
f 5119//5119 5081//5081 5121//5121
f 5119//5119 5121//5121 5120//5120
f 5120//5120 5121//5121 5122//5122
f 5120//5120 5122//5122 5106//5106
f 5121//5121 5081//5081 5123//5123
f 5121//5121 5123//5123 5122//5122
f 5122//5122 5123//5123 5124//5124
f 5122//5122 5124//5124 5106//5106
f 5123//5123 5081//5081 5125//5125
f 5123//5123 5125//5125 5124//5124
f 5124//5124 5125//5125 5126//5126
f 5124//5124 5126//5126 5106//5106
f 5125//5125 5081//5081 5102//5102
f 5125//5125 5102//5102 5126//5126
f 5126//5126 5102//5102 5104//5104
f 5126//5126 5104//5104 5106//5106
f 5127//5127 5106//5106 5128//5128
f 5127//5127 5128//5128 5129//5129
f 5129//5129 5128//5128 5130//5130
f 5129//5129 5130//5130 5131//5131
f 5128//5128 5106//5106 5132//5132
f 5128//5128 5132//5132 5130//5130
f 5130//5130 5132//5132 5133//5133
f 5130//5130 5133//5133 5131//5131
f 5132//5132 5106//5106 5134//5134
f 5132//5132 5134//5134 5133//5133
f 5133//5133 5134//5134 5135//5135
f 5133//5133 5135//5135 5131//5131
f 5134//5134 5106//5106 5136//5136
f 5134//5134 5136//5136 5135//5135
f 5135//5135 5136//5136 5137//5137
f 5135//5135 5137//5137 5131//5131
f 5136//5136 5106//5106 5138//5138
f 5136//5136 5138//5138 5137//5137
f 5137//5137 5138//5138 5139//5139
f 5137//5137 5139//5139 5131//5131
f 5138//5138 5106//5106 5140//5140
f 5138//5138 5140//5140 5139//5139
f 5139//5139 5140//5140 5141//5141
f 5139//5139 5141//5141 5131//5131
f 5140//5140 5106//5106 5142//5142
f 5140//5140 5142//5142 5141//5141
f 5141//5141 5142//5142 5143//5143
f 5141//5141 5143//5143 5131//5131
f 5142//5142 5106//5106 5144//5144
f 5142//5142 5144//5144 5143//5143
f 5143//5143 5144//5144 5145//5145
f 5143//5143 5145//5145 5131//5131
f 5144//5144 5106//5106 5146//5146
f 5144//5144 5146//5146 5145//5145
f 5145//5145 5146//5146 5147//5147
f 5145//5145 5147//5147 5131//5131
f 5146//5146 5106//5106 5148//5148
f 5146//5146 5148//5148 5147//5147
f 5147//5147 5148//5148 5149//5149
f 5147//5147 5149//5149 5131//5131
f 5148//5148 5106//5106 5150//5150
f 5148//5148 5150//5150 5149//5149
f 5149//5149 5150//5150 5151//5151
f 5149//5149 5151//5151 5131//5131
f 5150//5150 5106//5106 5127//5127
f 5150//5150 5127//5127 5151//5151
f 5151//5151 5127//5127 5129//5129
f 5151//5151 5129//5129 5131//5131
f 5152//5152 5131//5131 5153//5153
f 5152//5152 5153//5153 5154//5154
f 5154//5154 5153//5153 5155//5155
f 5154//5154 5155//5155 5156//5156
f 5153//5153 5131//5131 5157//5157
f 5153//5153 5157//5157 5155//5155
f 5155//5155 5157//5157 5158//5158
f 5155//5155 5158//5158 5156//5156
f 5157//5157 5131//5131 5159//5159
f 5157//5157 5159//5159 5158//5158
f 5158//5158 5159//5159 5160//5160
f 5158//5158 5160//5160 5156//5156
f 5159//5159 5131//5131 5161//5161
f 5159//5159 5161//5161 5160//5160
f 5160//5160 5161//5161 5162//5162
f 5160//5160 5162//5162 5156//5156
f 5161//5161 5131//5131 5163//5163
f 5161//5161 5163//5163 5162//5162
f 5162//5162 5163//5163 5164//5164
f 5162//5162 5164//5164 5156//5156
f 5163//5163 5131//5131 5165//5165
f 5163//5163 5165//5165 5164//5164
f 5164//5164 5165//5165 5166//5166
f 5164//5164 5166//5166 5156//5156
f 5165//5165 5131//5131 5167//5167
f 5165//5165 5167//5167 5166//5166
f 5166//5166 5167//5167 5168//5168
f 5166//5166 5168//5168 5156//5156
f 5167//5167 5131//5131 5169//5169
f 5167//5167 5169//5169 5168//5168
f 5168//5168 5169//5169 5170//5170
f 5168//5168 5170//5170 5156//5156
f 5169//5169 5131//5131 5171//5171
f 5169//5169 5171//5171 5170//5170
f 5170//5170 5171//5171 5172//5172
f 5170//5170 5172//5172 5156//5156
f 5171//5171 5131//5131 5173//5173
f 5171//5171 5173//5173 5172//5172
f 5172//5172 5173//5173 5174//5174
f 5172//5172 5174//5174 5156//5156
f 5173//5173 5131//5131 5175//5175
f 5173//5173 5175//5175 5174//5174
f 5174//5174 5175//5175 5176//5176
f 5174//5174 5176//5176 5156//5156
f 5175//5175 5131//5131 5152//5152
f 5175//5175 5152//5152 5176//5176
f 5176//5176 5152//5152 5154//5154
f 5176//5176 5154//5154 5156//5156
f 5177//5177 5156//5156 5178//5178
f 5177//5177 5178//5178 5179//5179
f 5179//5179 5178//5178 5180//5180
f 5179//5179 5180//5180 5181//5181
f 5178//5178 5156//5156 5182//5182
f 5178//5178 5182//5182 5180//5180
f 5180//5180 5182//5182 5183//5183
f 5180//5180 5183//5183 5181//5181
f 5182//5182 5156//5156 5184//5184
f 5182//5182 5184//5184 5183//5183
f 5183//5183 5184//5184 5185//5185
f 5183//5183 5185//5185 5181//5181
f 5184//5184 5156//5156 5186//5186
f 5184//5184 5186//5186 5185//5185
f 5185//5185 5186//5186 5187//5187
f 5185//5185 5187//5187 5181//5181
f 5186//5186 5156//5156 5188//5188
f 5186//5186 5188//5188 5187//5187
f 5187//5187 5188//5188 5189//5189
f 5187//5187 5189//5189 5181//5181
f 5188//5188 5156//5156 5190//5190
f 5188//5188 5190//5190 5189//5189
f 5189//5189 5190//5190 5191//5191
f 5189//5189 5191//5191 5181//5181
f 5190//5190 5156//5156 5192//5192
f 5190//5190 5192//5192 5191//5191
f 5191//5191 5192//5192 5193//5193
f 5191//5191 5193//5193 5181//5181
f 5192//5192 5156//5156 5194//5194
f 5192//5192 5194//5194 5193//5193
f 5193//5193 5194//5194 5195//5195
f 5193//5193 5195//5195 5181//5181
f 5194//5194 5156//5156 5196//5196
f 5194//5194 5196//5196 5195//5195
f 5195//5195 5196//5196 5197//5197
f 5195//5195 5197//5197 5181//5181
f 5196//5196 5156//5156 5198//5198
f 5196//5196 5198//5198 5197//5197
f 5197//5197 5198//5198 5199//5199
f 5197//5197 5199//5199 5181//5181
f 5198//5198 5156//5156 5200//5200
f 5198//5198 5200//5200 5199//5199
f 5199//5199 5200//5200 5201//5201
f 5199//5199 5201//5201 5181//5181
f 5200//5200 5156//5156 5177//5177
f 5200//5200 5177//5177 5201//5201
f 5201//5201 5177//5177 5179//5179
f 5201//5201 5179//5179 5181//5181
f 5202//5202 5181//5181 5203//5203
f 5202//5202 5203//5203 5204//5204
f 5204//5204 5203//5203 5205//5205
f 5204//5204 5205//5205 5206//5206
f 5203//5203 5181//5181 5207//5207
f 5203//5203 5207//5207 5205//5205
f 5205//5205 5207//5207 5208//5208
f 5205//5205 5208//5208 5206//5206
f 5207//5207 5181//5181 5209//5209
f 5207//5207 5209//5209 5208//5208
f 5208//5208 5209//5209 5210//5210
f 5208//5208 5210//5210 5206//5206
f 5209//5209 5181//5181 5211//5211
f 5209//5209 5211//5211 5210//5210
f 5210//5210 5211//5211 5212//5212
f 5210//5210 5212//5212 5206//5206
f 5211//5211 5181//5181 5213//5213
f 5211//5211 5213//5213 5212//5212
f 5212//5212 5213//5213 5214//5214
f 5212//5212 5214//5214 5206//5206
f 5213//5213 5181//5181 5215//5215
f 5213//5213 5215//5215 5214//5214
f 5214//5214 5215//5215 5216//5216
f 5214//5214 5216//5216 5206//5206
f 5215//5215 5181//5181 5217//5217
f 5215//5215 5217//5217 5216//5216
f 5216//5216 5217//5217 5218//5218
f 5216//5216 5218//5218 5206//5206
f 5217//5217 5181//5181 5219//5219
f 5217//5217 5219//5219 5218//5218
f 5218//5218 5219//5219 5220//5220
f 5218//5218 5220//5220 5206//5206
f 5219//5219 5181//5181 5221//5221
f 5219//5219 5221//5221 5220//5220
f 5220//5220 5221//5221 5222//5222
f 5220//5220 5222//5222 5206//5206
f 5221//5221 5181//5181 5223//5223
f 5221//5221 5223//5223 5222//5222
f 5222//5222 5223//5223 5224//5224
f 5222//5222 5224//5224 5206//5206
f 5223//5223 5181//5181 5225//5225
f 5223//5223 5225//5225 5224//5224
f 5224//5224 5225//5225 5226//5226
f 5224//5224 5226//5226 5206//5206
f 5225//5225 5181//5181 5202//5202
f 5225//5225 5202//5202 5226//5226
f 5226//5226 5202//5202 5204//5204
f 5226//5226 5204//5204 5206//5206
f 5227//5227 5206//5206 5228//5228
f 5227//5227 5228//5228 5229//5229
f 5229//5229 5228//5228 5230//5230
f 5229//5229 5230//5230 5231//5231
f 5228//5228 5206//5206 5232//5232
f 5228//5228 5232//5232 5230//5230
f 5230//5230 5232//5232 5233//5233
f 5230//5230 5233//5233 5231//5231
f 5232//5232 5206//5206 5234//5234
f 5232//5232 5234//5234 5233//5233
f 5233//5233 5234//5234 5235//5235
f 5233//5233 5235//5235 5231//5231
f 5234//5234 5206//5206 5236//5236
f 5234//5234 5236//5236 5235//5235
f 5235//5235 5236//5236 5237//5237
f 5235//5235 5237//5237 5231//5231
f 5236//5236 5206//5206 5238//5238
f 5236//5236 5238//5238 5237//5237
f 5237//5237 5238//5238 5239//5239
f 5237//5237 5239//5239 5231//5231
f 5238//5238 5206//5206 5240//5240
f 5238//5238 5240//5240 5239//5239
f 5239//5239 5240//5240 5241//5241
f 5239//5239 5241//5241 5231//5231
f 5240//5240 5206//5206 5242//5242
f 5240//5240 5242//5242 5241//5241
f 5241//5241 5242//5242 5243//5243
f 5241//5241 5243//5243 5231//5231
f 5242//5242 5206//5206 5244//5244
f 5242//5242 5244//5244 5243//5243
f 5243//5243 5244//5244 5245//5245
f 5243//5243 5245//5245 5231//5231
f 5244//5244 5206//5206 5246//5246
f 5244//5244 5246//5246 5245//5245
f 5245//5245 5246//5246 5247//5247
f 5245//5245 5247//5247 5231//5231
f 5246//5246 5206//5206 5248//5248
f 5246//5246 5248//5248 5247//5247
f 5247//5247 5248//5248 5249//5249
f 5247//5247 5249//5249 5231//5231
f 5248//5248 5206//5206 5250//5250
f 5248//5248 5250//5250 5249//5249
f 5249//5249 5250//5250 5251//5251
f 5249//5249 5251//5251 5231//5231
f 5250//5250 5206//5206 5227//5227
f 5250//5250 5227//5227 5251//5251
f 5251//5251 5227//5227 5229//5229
f 5251//5251 5229//5229 5231//5231
f 5252//5252 5231//5231 5253//5253
f 5252//5252 5253//5253 5254//5254
f 5254//5254 5253//5253 5255//5255
f 5254//5254 5255//5255 5256//5256
f 5253//5253 5231//5231 5257//5257
f 5253//5253 5257//5257 5255//5255
f 5255//5255 5257//5257 5258//5258
f 5255//5255 5258//5258 5256//5256
f 5257//5257 5231//5231 5259//5259
f 5257//5257 5259//5259 5258//5258
f 5258//5258 5259//5259 5260//5260
f 5258//5258 5260//5260 5256//5256
f 5259//5259 5231//5231 5261//5261
f 5259//5259 5261//5261 5260//5260
f 5260//5260 5261//5261 5262//5262
f 5260//5260 5262//5262 5256//5256
f 5261//5261 5231//5231 5263//5263
f 5261//5261 5263//5263 5262//5262
f 5262//5262 5263//5263 5264//5264
f 5262//5262 5264//5264 5256//5256
f 5263//5263 5231//5231 5265//5265
f 5263//5263 5265//5265 5264//5264
f 5264//5264 5265//5265 5266//5266
f 5264//5264 5266//5266 5256//5256
f 5265//5265 5231//5231 5267//5267
f 5265//5265 5267//5267 5266//5266
f 5266//5266 5267//5267 5268//5268
f 5266//5266 5268//5268 5256//5256
f 5267//5267 5231//5231 5269//5269
f 5267//5267 5269//5269 5268//5268
f 5268//5268 5269//5269 5270//5270
f 5268//5268 5270//5270 5256//5256
f 5269//5269 5231//5231 5271//5271
f 5269//5269 5271//5271 5270//5270
f 5270//5270 5271//5271 5272//5272
f 5270//5270 5272//5272 5256//5256
f 5271//5271 5231//5231 5273//5273
f 5271//5271 5273//5273 5272//5272
f 5272//5272 5273//5273 5274//5274
f 5272//5272 5274//5274 5256//5256
f 5273//5273 5231//5231 5275//5275
f 5273//5273 5275//5275 5274//5274
f 5274//5274 5275//5275 5276//5276
f 5274//5274 5276//5276 5256//5256
f 5275//5275 5231//5231 5252//5252
f 5275//5275 5252//5252 5276//5276
f 5276//5276 5252//5252 5254//5254
f 5276//5276 5254//5254 5256//5256
f 5277//5277 5256//5256 5278//5278
f 5277//5277 5278//5278 5279//5279
f 5279//5279 5278//5278 5280//5280
f 5279//5279 5280//5280 5281//5281
f 5278//5278 5256//5256 5282//5282
f 5278//5278 5282//5282 5280//5280
f 5280//5280 5282//5282 5283//5283
f 5280//5280 5283//5283 5281//5281
f 5282//5282 5256//5256 5284//5284
f 5282//5282 5284//5284 5283//5283
f 5283//5283 5284//5284 5285//5285
f 5283//5283 5285//5285 5281//5281
f 5284//5284 5256//5256 5286//5286
f 5284//5284 5286//5286 5285//5285
f 5285//5285 5286//5286 5287//5287
f 5285//5285 5287//5287 5281//5281
f 5286//5286 5256//5256 5288//5288
f 5286//5286 5288//5288 5287//5287
f 5287//5287 5288//5288 5289//5289
f 5287//5287 5289//5289 5281//5281
f 5288//5288 5256//5256 5290//5290
f 5288//5288 5290//5290 5289//5289
f 5289//5289 5290//5290 5291//5291
f 5289//5289 5291//5291 5281//5281
f 5290//5290 5256//5256 5292//5292
f 5290//5290 5292//5292 5291//5291
f 5291//5291 5292//5292 5293//5293
f 5291//5291 5293//5293 5281//5281
f 5292//5292 5256//5256 5294//5294
f 5292//5292 5294//5294 5293//5293
f 5293//5293 5294//5294 5295//5295
f 5293//5293 5295//5295 5281//5281
f 5294//5294 5256//5256 5296//5296
f 5294//5294 5296//5296 5295//5295
f 5295//5295 5296//5296 5297//5297
f 5295//5295 5297//5297 5281//5281
f 5296//5296 5256//5256 5298//5298
f 5296//5296 5298//5298 5297//5297
f 5297//5297 5298//5298 5299//5299
f 5297//5297 5299//5299 5281//5281
f 5298//5298 5256//5256 5300//5300
f 5298//5298 5300//5300 5299//5299
f 5299//5299 5300//5300 5301//5301
f 5299//5299 5301//5301 5281//5281
f 5300//5300 5256//5256 5277//5277
f 5300//5300 5277//5277 5301//5301
f 5301//5301 5277//5277 5279//5279
f 5301//5301 5279//5279 5281//5281
f 5302//5302 5281//5281 5303//5303
f 5302//5302 5303//5303 5304//5304
f 5304//5304 5303//5303 5305//5305
f 5304//5304 5305//5305 5306//5306
f 5303//5303 5281//5281 5307//5307
f 5303//5303 5307//5307 5305//5305
f 5305//5305 5307//5307 5308//5308
f 5305//5305 5308//5308 5306//5306
f 5307//5307 5281//5281 5309//5309
f 5307//5307 5309//5309 5308//5308
f 5308//5308 5309//5309 5310//5310
f 5308//5308 5310//5310 5306//5306
f 5309//5309 5281//5281 5311//5311
f 5309//5309 5311//5311 5310//5310
f 5310//5310 5311//5311 5312//5312
f 5310//5310 5312//5312 5306//5306
f 5311//5311 5281//5281 5313//5313
f 5311//5311 5313//5313 5312//5312
f 5312//5312 5313//5313 5314//5314
f 5312//5312 5314//5314 5306//5306
f 5313//5313 5281//5281 5315//5315
f 5313//5313 5315//5315 5314//5314
f 5314//5314 5315//5315 5316//5316
f 5314//5314 5316//5316 5306//5306
f 5315//5315 5281//5281 5317//5317
f 5315//5315 5317//5317 5316//5316
f 5316//5316 5317//5317 5318//5318
f 5316//5316 5318//5318 5306//5306
f 5317//5317 5281//5281 5319//5319
f 5317//5317 5319//5319 5318//5318
f 5318//5318 5319//5319 5320//5320
f 5318//5318 5320//5320 5306//5306
f 5319//5319 5281//5281 5321//5321
f 5319//5319 5321//5321 5320//5320
f 5320//5320 5321//5321 5322//5322
f 5320//5320 5322//5322 5306//5306
f 5321//5321 5281//5281 5323//5323
f 5321//5321 5323//5323 5322//5322
f 5322//5322 5323//5323 5324//5324
f 5322//5322 5324//5324 5306//5306
f 5323//5323 5281//5281 5325//5325
f 5323//5323 5325//5325 5324//5324
f 5324//5324 5325//5325 5326//5326
f 5324//5324 5326//5326 5306//5306
f 5325//5325 5281//5281 5302//5302
f 5325//5325 5302//5302 5326//5326
f 5326//5326 5302//5302 5304//5304
f 5326//5326 5304//5304 5306//5306
f 5327//5327 5306//5306 5328//5328
f 5327//5327 5328//5328 5329//5329
f 5329//5329 5328//5328 5330//5330
f 5329//5329 5330//5330 5331//5331
f 5328//5328 5306//5306 5332//5332
f 5328//5328 5332//5332 5330//5330
f 5330//5330 5332//5332 5333//5333
f 5330//5330 5333//5333 5331//5331
f 5332//5332 5306//5306 5334//5334
f 5332//5332 5334//5334 5333//5333
f 5333//5333 5334//5334 5335//5335
f 5333//5333 5335//5335 5331//5331
f 5334//5334 5306//5306 5336//5336
f 5334//5334 5336//5336 5335//5335
f 5335//5335 5336//5336 5337//5337
f 5335//5335 5337//5337 5331//5331
f 5336//5336 5306//5306 5338//5338
f 5336//5336 5338//5338 5337//5337
f 5337//5337 5338//5338 5339//5339
f 5337//5337 5339//5339 5331//5331
f 5338//5338 5306//5306 5340//5340
f 5338//5338 5340//5340 5339//5339
f 5339//5339 5340//5340 5341//5341
f 5339//5339 5341//5341 5331//5331
f 5340//5340 5306//5306 5342//5342
f 5340//5340 5342//5342 5341//5341
f 5341//5341 5342//5342 5343//5343
f 5341//5341 5343//5343 5331//5331
f 5342//5342 5306//5306 5344//5344
f 5342//5342 5344//5344 5343//5343
f 5343//5343 5344//5344 5345//5345
f 5343//5343 5345//5345 5331//5331
f 5344//5344 5306//5306 5346//5346
f 5344//5344 5346//5346 5345//5345
f 5345//5345 5346//5346 5347//5347
f 5345//5345 5347//5347 5331//5331
f 5346//5346 5306//5306 5348//5348
f 5346//5346 5348//5348 5347//5347
f 5347//5347 5348//5348 5349//5349
f 5347//5347 5349//5349 5331//5331
f 5348//5348 5306//5306 5350//5350
f 5348//5348 5350//5350 5349//5349
f 5349//5349 5350//5350 5351//5351
f 5349//5349 5351//5351 5331//5331
f 5350//5350 5306//5306 5327//5327
f 5350//5350 5327//5327 5351//5351
f 5351//5351 5327//5327 5329//5329
f 5351//5351 5329//5329 5331//5331
f 5352//5352 5331//5331 5353//5353
f 5352//5352 5353//5353 5354//5354
f 5354//5354 5353//5353 5355//5355
f 5354//5354 5355//5355 5356//5356
f 5353//5353 5331//5331 5357//5357
f 5353//5353 5357//5357 5355//5355
f 5355//5355 5357//5357 5358//5358
f 5355//5355 5358//5358 5356//5356
f 5357//5357 5331//5331 5359//5359
f 5357//5357 5359//5359 5358//5358
f 5358//5358 5359//5359 5360//5360
f 5358//5358 5360//5360 5356//5356
f 5359//5359 5331//5331 5361//5361
f 5359//5359 5361//5361 5360//5360
f 5360//5360 5361//5361 5362//5362
f 5360//5360 5362//5362 5356//5356
f 5361//5361 5331//5331 5363//5363
f 5361//5361 5363//5363 5362//5362
f 5362//5362 5363//5363 5364//5364
f 5362//5362 5364//5364 5356//5356
f 5363//5363 5331//5331 5365//5365
f 5363//5363 5365//5365 5364//5364
f 5364//5364 5365//5365 5366//5366
f 5364//5364 5366//5366 5356//5356
f 5365//5365 5331//5331 5367//5367
f 5365//5365 5367//5367 5366//5366
f 5366//5366 5367//5367 5368//5368
f 5366//5366 5368//5368 5356//5356
f 5367//5367 5331//5331 5369//5369
f 5367//5367 5369//5369 5368//5368
f 5368//5368 5369//5369 5370//5370
f 5368//5368 5370//5370 5356//5356
f 5369//5369 5331//5331 5371//5371
f 5369//5369 5371//5371 5370//5370
f 5370//5370 5371//5371 5372//5372
f 5370//5370 5372//5372 5356//5356
f 5371//5371 5331//5331 5373//5373
f 5371//5371 5373//5373 5372//5372
f 5372//5372 5373//5373 5374//5374
f 5372//5372 5374//5374 5356//5356
f 5373//5373 5331//5331 5375//5375
f 5373//5373 5375//5375 5374//5374
f 5374//5374 5375//5375 5376//5376
f 5374//5374 5376//5376 5356//5356
f 5375//5375 5331//5331 5352//5352
f 5375//5375 5352//5352 5376//5376
f 5376//5376 5352//5352 5354//5354
f 5376//5376 5354//5354 5356//5356
f 5377//5377 5356//5356 5378//5378
f 5377//5377 5378//5378 5379//5379
f 5379//5379 5378//5378 5380//5380
f 5379//5379 5380//5380 5381//5381
f 5378//5378 5356//5356 5382//5382
f 5378//5378 5382//5382 5380//5380
f 5380//5380 5382//5382 5383//5383
f 5380//5380 5383//5383 5381//5381
f 5382//5382 5356//5356 5384//5384
f 5382//5382 5384//5384 5383//5383
f 5383//5383 5384//5384 5385//5385
f 5383//5383 5385//5385 5381//5381
f 5384//5384 5356//5356 5386//5386
f 5384//5384 5386//5386 5385//5385
f 5385//5385 5386//5386 5387//5387
f 5385//5385 5387//5387 5381//5381
f 5386//5386 5356//5356 5388//5388
f 5386//5386 5388//5388 5387//5387
f 5387//5387 5388//5388 5389//5389
f 5387//5387 5389//5389 5381//5381
f 5388//5388 5356//5356 5390//5390
f 5388//5388 5390//5390 5389//5389
f 5389//5389 5390//5390 5391//5391
f 5389//5389 5391//5391 5381//5381
f 5390//5390 5356//5356 5392//5392
f 5390//5390 5392//5392 5391//5391
f 5391//5391 5392//5392 5393//5393
f 5391//5391 5393//5393 5381//5381
f 5392//5392 5356//5356 5394//5394
f 5392//5392 5394//5394 5393//5393
f 5393//5393 5394//5394 5395//5395
f 5393//5393 5395//5395 5381//5381
f 5394//5394 5356//5356 5396//5396
f 5394//5394 5396//5396 5395//5395
f 5395//5395 5396//5396 5397//5397
f 5395//5395 5397//5397 5381//5381
f 5396//5396 5356//5356 5398//5398
f 5396//5396 5398//5398 5397//5397
f 5397//5397 5398//5398 5399//5399
f 5397//5397 5399//5399 5381//5381
f 5398//5398 5356//5356 5400//5400
f 5398//5398 5400//5400 5399//5399
f 5399//5399 5400//5400 5401//5401
f 5399//5399 5401//5401 5381//5381
f 5400//5400 5356//5356 5377//5377
f 5400//5400 5377//5377 5401//5401
f 5401//5401 5377//5377 5379//5379
f 5401//5401 5379//5379 5381//5381
f 5402//5402 5381//5381 5403//5403
f 5402//5402 5403//5403 5404//5404
f 5404//5404 5403//5403 5405//5405
f 5404//5404 5405//5405 5406//5406
f 5403//5403 5381//5381 5407//5407
f 5403//5403 5407//5407 5405//5405
f 5405//5405 5407//5407 5408//5408
f 5405//5405 5408//5408 5406//5406
f 5407//5407 5381//5381 5409//5409
f 5407//5407 5409//5409 5408//5408
f 5408//5408 5409//5409 5410//5410
f 5408//5408 5410//5410 5406//5406
f 5409//5409 5381//5381 5411//5411
f 5409//5409 5411//5411 5410//5410
f 5410//5410 5411//5411 5412//5412
f 5410//5410 5412//5412 5406//5406
f 5411//5411 5381//5381 5413//5413
f 5411//5411 5413//5413 5412//5412
f 5412//5412 5413//5413 5414//5414
f 5412//5412 5414//5414 5406//5406
f 5413//5413 5381//5381 5415//5415
f 5413//5413 5415//5415 5414//5414
f 5414//5414 5415//5415 5416//5416
f 5414//5414 5416//5416 5406//5406
f 5415//5415 5381//5381 5417//5417
f 5415//5415 5417//5417 5416//5416
f 5416//5416 5417//5417 5418//5418
f 5416//5416 5418//5418 5406//5406
f 5417//5417 5381//5381 5419//5419
f 5417//5417 5419//5419 5418//5418
f 5418//5418 5419//5419 5420//5420
f 5418//5418 5420//5420 5406//5406
f 5419//5419 5381//5381 5421//5421
f 5419//5419 5421//5421 5420//5420
f 5420//5420 5421//5421 5422//5422
f 5420//5420 5422//5422 5406//5406
f 5421//5421 5381//5381 5423//5423
f 5421//5421 5423//5423 5422//5422
f 5422//5422 5423//5423 5424//5424
f 5422//5422 5424//5424 5406//5406
f 5423//5423 5381//5381 5425//5425
f 5423//5423 5425//5425 5424//5424
f 5424//5424 5425//5425 5426//5426
f 5424//5424 5426//5426 5406//5406
f 5425//5425 5381//5381 5402//5402
f 5425//5425 5402//5402 5426//5426
f 5426//5426 5402//5402 5404//5404
f 5426//5426 5404//5404 5406//5406
f 5427//5427 5406//5406 5428//5428
f 5427//5427 5428//5428 5429//5429
f 5429//5429 5428//5428 5430//5430
f 5429//5429 5430//5430 5431//5431
f 5428//5428 5406//5406 5432//5432
f 5428//5428 5432//5432 5430//5430
f 5430//5430 5432//5432 5433//5433
f 5430//5430 5433//5433 5431//5431
f 5432//5432 5406//5406 5434//5434
f 5432//5432 5434//5434 5433//5433
f 5433//5433 5434//5434 5435//5435
f 5433//5433 5435//5435 5431//5431
f 5434//5434 5406//5406 5436//5436
f 5434//5434 5436//5436 5435//5435
f 5435//5435 5436//5436 5437//5437
f 5435//5435 5437//5437 5431//5431
f 5436//5436 5406//5406 5438//5438
f 5436//5436 5438//5438 5437//5437
f 5437//5437 5438//5438 5439//5439
f 5437//5437 5439//5439 5431//5431
f 5438//5438 5406//5406 5440//5440
f 5438//5438 5440//5440 5439//5439
f 5439//5439 5440//5440 5441//5441
f 5439//5439 5441//5441 5431//5431
f 5440//5440 5406//5406 5442//5442
f 5440//5440 5442//5442 5441//5441
f 5441//5441 5442//5442 5443//5443
f 5441//5441 5443//5443 5431//5431
f 5442//5442 5406//5406 5444//5444
f 5442//5442 5444//5444 5443//5443
f 5443//5443 5444//5444 5445//5445
f 5443//5443 5445//5445 5431//5431
f 5444//5444 5406//5406 5446//5446
f 5444//5444 5446//5446 5445//5445
f 5445//5445 5446//5446 5447//5447
f 5445//5445 5447//5447 5431//5431
f 5446//5446 5406//5406 5448//5448
f 5446//5446 5448//5448 5447//5447
f 5447//5447 5448//5448 5449//5449
f 5447//5447 5449//5449 5431//5431
f 5448//5448 5406//5406 5450//5450
f 5448//5448 5450//5450 5449//5449
f 5449//5449 5450//5450 5451//5451
f 5449//5449 5451//5451 5431//5431
f 5450//5450 5406//5406 5427//5427
f 5450//5450 5427//5427 5451//5451
f 5451//5451 5427//5427 5429//5429
f 5451//5451 5429//5429 5431//5431
f 5452//5452 5431//5431 5453//5453
f 5452//5452 5453//5453 5454//5454
f 5454//5454 5453//5453 5455//5455
f 5454//5454 5455//5455 5456//5456
f 5453//5453 5431//5431 5457//5457
f 5453//5453 5457//5457 5455//5455
f 5455//5455 5457//5457 5458//5458
f 5455//5455 5458//5458 5456//5456
f 5457//5457 5431//5431 5459//5459
f 5457//5457 5459//5459 5458//5458
f 5458//5458 5459//5459 5460//5460
f 5458//5458 5460//5460 5456//5456
f 5459//5459 5431//5431 5461//5461
f 5459//5459 5461//5461 5460//5460
f 5460//5460 5461//5461 5462//5462
f 5460//5460 5462//5462 5456//5456
f 5461//5461 5431//5431 5463//5463
f 5461//5461 5463//5463 5462//5462
f 5462//5462 5463//5463 5464//5464
f 5462//5462 5464//5464 5456//5456
f 5463//5463 5431//5431 5465//5465
f 5463//5463 5465//5465 5464//5464
f 5464//5464 5465//5465 5466//5466
f 5464//5464 5466//5466 5456//5456
f 5465//5465 5431//5431 5467//5467
f 5465//5465 5467//5467 5466//5466
f 5466//5466 5467//5467 5468//5468
f 5466//5466 5468//5468 5456//5456
f 5467//5467 5431//5431 5469//5469
f 5467//5467 5469//5469 5468//5468
f 5468//5468 5469//5469 5470//5470
f 5468//5468 5470//5470 5456//5456
f 5469//5469 5431//5431 5471//5471
f 5469//5469 5471//5471 5470//5470
f 5470//5470 5471//5471 5472//5472
f 5470//5470 5472//5472 5456//5456
f 5471//5471 5431//5431 5473//5473
f 5471//5471 5473//5473 5472//5472
f 5472//5472 5473//5473 5474//5474
f 5472//5472 5474//5474 5456//5456
f 5473//5473 5431//5431 5475//5475
f 5473//5473 5475//5475 5474//5474
f 5474//5474 5475//5475 5476//5476
f 5474//5474 5476//5476 5456//5456
f 5475//5475 5431//5431 5452//5452
f 5475//5475 5452//5452 5476//5476
f 5476//5476 5452//5452 5454//5454
f 5476//5476 5454//5454 5456//5456
f 5477//5477 5456//5456 5478//5478
f 5477//5477 5478//5478 5479//5479
f 5479//5479 5478//5478 5480//5480
f 5479//5479 5480//5480 5481//5481
f 5478//5478 5456//5456 5482//5482
f 5478//5478 5482//5482 5480//5480
f 5480//5480 5482//5482 5483//5483
f 5480//5480 5483//5483 5481//5481
f 5482//5482 5456//5456 5484//5484
f 5482//5482 5484//5484 5483//5483
f 5483//5483 5484//5484 5485//5485
f 5483//5483 5485//5485 5481//5481
f 5484//5484 5456//5456 5486//5486
f 5484//5484 5486//5486 5485//5485
f 5485//5485 5486//5486 5487//5487
f 5485//5485 5487//5487 5481//5481
f 5486//5486 5456//5456 5488//5488
f 5486//5486 5488//5488 5487//5487
f 5487//5487 5488//5488 5489//5489
f 5487//5487 5489//5489 5481//5481
f 5488//5488 5456//5456 5490//5490
f 5488//5488 5490//5490 5489//5489
f 5489//5489 5490//5490 5491//5491
f 5489//5489 5491//5491 5481//5481
f 5490//5490 5456//5456 5492//5492
f 5490//5490 5492//5492 5491//5491
f 5491//5491 5492//5492 5493//5493
f 5491//5491 5493//5493 5481//5481
f 5492//5492 5456//5456 5494//5494
f 5492//5492 5494//5494 5493//5493
f 5493//5493 5494//5494 5495//5495
f 5493//5493 5495//5495 5481//5481
f 5494//5494 5456//5456 5496//5496
f 5494//5494 5496//5496 5495//5495
f 5495//5495 5496//5496 5497//5497
f 5495//5495 5497//5497 5481//5481
f 5496//5496 5456//5456 5498//5498
f 5496//5496 5498//5498 5497//5497
f 5497//5497 5498//5498 5499//5499
f 5497//5497 5499//5499 5481//5481
f 5498//5498 5456//5456 5500//5500
f 5498//5498 5500//5500 5499//5499
f 5499//5499 5500//5500 5501//5501
f 5499//5499 5501//5501 5481//5481
f 5500//5500 5456//5456 5477//5477
f 5500//5500 5477//5477 5501//5501
f 5501//5501 5477//5477 5479//5479
f 5501//5501 5479//5479 5481//5481
f 5502//5502 5481//5481 5503//5503
f 5502//5502 5503//5503 5504//5504
f 5504//5504 5503//5503 5505//5505
f 5504//5504 5505//5505 5506//5506
f 5503//5503 5481//5481 5507//5507
f 5503//5503 5507//5507 5505//5505
f 5505//5505 5507//5507 5508//5508
f 5505//5505 5508//5508 5506//5506
f 5507//5507 5481//5481 5509//5509
f 5507//5507 5509//5509 5508//5508
f 5508//5508 5509//5509 5510//5510
f 5508//5508 5510//5510 5506//5506
f 5509//5509 5481//5481 5511//5511
f 5509//5509 5511//5511 5510//5510
f 5510//5510 5511//5511 5512//5512
f 5510//5510 5512//5512 5506//5506
f 5511//5511 5481//5481 5513//5513
f 5511//5511 5513//5513 5512//5512
f 5512//5512 5513//5513 5514//5514
f 5512//5512 5514//5514 5506//5506
f 5513//5513 5481//5481 5515//5515
f 5513//5513 5515//5515 5514//5514
f 5514//5514 5515//5515 5516//5516
f 5514//5514 5516//5516 5506//5506
f 5515//5515 5481//5481 5517//5517
f 5515//5515 5517//5517 5516//5516
f 5516//5516 5517//5517 5518//5518
f 5516//5516 5518//5518 5506//5506
f 5517//5517 5481//5481 5519//5519
f 5517//5517 5519//5519 5518//5518
f 5518//5518 5519//5519 5520//5520
f 5518//5518 5520//5520 5506//5506
f 5519//5519 5481//5481 5521//5521
f 5519//5519 5521//5521 5520//5520
f 5520//5520 5521//5521 5522//5522
f 5520//5520 5522//5522 5506//5506
f 5521//5521 5481//5481 5523//5523
f 5521//5521 5523//5523 5522//5522
f 5522//5522 5523//5523 5524//5524
f 5522//5522 5524//5524 5506//5506
f 5523//5523 5481//5481 5525//5525
f 5523//5523 5525//5525 5524//5524
f 5524//5524 5525//5525 5526//5526
f 5524//5524 5526//5526 5506//5506
f 5525//5525 5481//5481 5502//5502
f 5525//5525 5502//5502 5526//5526
f 5526//5526 5502//5502 5504//5504
f 5526//5526 5504//5504 5506//5506
f 5527//5527 5506//5506 5528//5528
f 5527//5527 5528//5528 5529//5529
f 5529//5529 5528//5528 5530//5530
f 5529//5529 5530//5530 5531//5531
f 5528//5528 5506//5506 5532//5532
f 5528//5528 5532//5532 5530//5530
f 5530//5530 5532//5532 5533//5533
f 5530//5530 5533//5533 5531//5531
f 5532//5532 5506//5506 5534//5534
f 5532//5532 5534//5534 5533//5533
f 5533//5533 5534//5534 5535//5535
f 5533//5533 5535//5535 5531//5531
f 5534//5534 5506//5506 5536//5536
f 5534//5534 5536//5536 5535//5535
f 5535//5535 5536//5536 5537//5537
f 5535//5535 5537//5537 5531//5531
f 5536//5536 5506//5506 5538//5538
f 5536//5536 5538//5538 5537//5537
f 5537//5537 5538//5538 5539//5539
f 5537//5537 5539//5539 5531//5531
f 5538//5538 5506//5506 5540//5540
f 5538//5538 5540//5540 5539//5539
f 5539//5539 5540//5540 5541//5541
f 5539//5539 5541//5541 5531//5531
f 5540//5540 5506//5506 5542//5542
f 5540//5540 5542//5542 5541//5541
f 5541//5541 5542//5542 5543//5543
f 5541//5541 5543//5543 5531//5531
f 5542//5542 5506//5506 5544//5544
f 5542//5542 5544//5544 5543//5543
f 5543//5543 5544//5544 5545//5545
f 5543//5543 5545//5545 5531//5531
f 5544//5544 5506//5506 5546//5546
f 5544//5544 5546//5546 5545//5545
f 5545//5545 5546//5546 5547//5547
f 5545//5545 5547//5547 5531//5531
f 5546//5546 5506//5506 5548//5548
f 5546//5546 5548//5548 5547//5547
f 5547//5547 5548//5548 5549//5549
f 5547//5547 5549//5549 5531//5531
f 5548//5548 5506//5506 5550//5550
f 5548//5548 5550//5550 5549//5549
f 5549//5549 5550//5550 5551//5551
f 5549//5549 5551//5551 5531//5531
f 5550//5550 5506//5506 5527//5527
f 5550//5550 5527//5527 5551//5551
f 5551//5551 5527//5527 5529//5529
f 5551//5551 5529//5529 5531//5531
f 5552//5552 5531//5531 5553//5553
f 5552//5552 5553//5553 5554//5554
f 5554//5554 5553//5553 5555//5555
f 5554//5554 5555//5555 5556//5556
f 5553//5553 5531//5531 5557//5557
f 5553//5553 5557//5557 5555//5555
f 5555//5555 5557//5557 5558//5558
f 5555//5555 5558//5558 5556//5556
f 5557//5557 5531//5531 5559//5559
f 5557//5557 5559//5559 5558//5558
f 5558//5558 5559//5559 5560//5560
f 5558//5558 5560//5560 5556//5556
f 5559//5559 5531//5531 5561//5561
f 5559//5559 5561//5561 5560//5560
f 5560//5560 5561//5561 5562//5562
f 5560//5560 5562//5562 5556//5556
f 5561//5561 5531//5531 5563//5563
f 5561//5561 5563//5563 5562//5562
f 5562//5562 5563//5563 5564//5564
f 5562//5562 5564//5564 5556//5556
f 5563//5563 5531//5531 5565//5565
f 5563//5563 5565//5565 5564//5564
f 5564//5564 5565//5565 5566//5566
f 5564//5564 5566//5566 5556//5556
f 5565//5565 5531//5531 5567//5567
f 5565//5565 5567//5567 5566//5566
f 5566//5566 5567//5567 5568//5568
f 5566//5566 5568//5568 5556//5556
f 5567//5567 5531//5531 5569//5569
f 5567//5567 5569//5569 5568//5568
f 5568//5568 5569//5569 5570//5570
f 5568//5568 5570//5570 5556//5556
f 5569//5569 5531//5531 5571//5571
f 5569//5569 5571//5571 5570//5570
f 5570//5570 5571//5571 5572//5572
f 5570//5570 5572//5572 5556//5556
f 5571//5571 5531//5531 5573//5573
f 5571//5571 5573//5573 5572//5572
f 5572//5572 5573//5573 5574//5574
f 5572//5572 5574//5574 5556//5556
f 5573//5573 5531//5531 5575//5575
f 5573//5573 5575//5575 5574//5574
f 5574//5574 5575//5575 5576//5576
f 5574//5574 5576//5576 5556//5556
f 5575//5575 5531//5531 5552//5552
f 5575//5575 5552//5552 5576//5576
f 5576//5576 5552//5552 5554//5554
f 5576//5576 5554//5554 5556//5556
f 5577//5577 5556//5556 5578//5578
f 5577//5577 5578//5578 5579//5579
f 5579//5579 5578//5578 5580//5580
f 5579//5579 5580//5580 5581//5581
f 5578//5578 5556//5556 5582//5582
f 5578//5578 5582//5582 5580//5580
f 5580//5580 5582//5582 5583//5583
f 5580//5580 5583//5583 5581//5581
f 5582//5582 5556//5556 5584//5584
f 5582//5582 5584//5584 5583//5583
f 5583//5583 5584//5584 5585//5585
f 5583//5583 5585//5585 5581//5581
f 5584//5584 5556//5556 5586//5586
f 5584//5584 5586//5586 5585//5585
f 5585//5585 5586//5586 5587//5587
f 5585//5585 5587//5587 5581//5581
f 5586//5586 5556//5556 5588//5588
f 5586//5586 5588//5588 5587//5587
f 5587//5587 5588//5588 5589//5589
f 5587//5587 5589//5589 5581//5581
f 5588//5588 5556//5556 5590//5590
f 5588//5588 5590//5590 5589//5589
f 5589//5589 5590//5590 5591//5591
f 5589//5589 5591//5591 5581//5581
f 5590//5590 5556//5556 5592//5592
f 5590//5590 5592//5592 5591//5591
f 5591//5591 5592//5592 5593//5593
f 5591//5591 5593//5593 5581//5581
f 5592//5592 5556//5556 5594//5594
f 5592//5592 5594//5594 5593//5593
f 5593//5593 5594//5594 5595//5595
f 5593//5593 5595//5595 5581//5581
f 5594//5594 5556//5556 5596//5596
f 5594//5594 5596//5596 5595//5595
f 5595//5595 5596//5596 5597//5597
f 5595//5595 5597//5597 5581//5581
f 5596//5596 5556//5556 5598//5598
f 5596//5596 5598//5598 5597//5597
f 5597//5597 5598//5598 5599//5599
f 5597//5597 5599//5599 5581//5581
f 5598//5598 5556//5556 5600//5600
f 5598//5598 5600//5600 5599//5599
f 5599//5599 5600//5600 5601//5601
f 5599//5599 5601//5601 5581//5581
f 5600//5600 5556//5556 5577//5577
f 5600//5600 5577//5577 5601//5601
f 5601//5601 5577//5577 5579//5579
f 5601//5601 5579//5579 5581//5581
f 5602//5602 5581//5581 5603//5603
f 5602//5602 5603//5603 5604//5604
f 5604//5604 5603//5603 5605//5605
f 5604//5604 5605//5605 5606//5606
f 5603//5603 5581//5581 5607//5607
f 5603//5603 5607//5607 5605//5605
f 5605//5605 5607//5607 5608//5608
f 5605//5605 5608//5608 5606//5606
f 5607//5607 5581//5581 5609//5609
f 5607//5607 5609//5609 5608//5608
f 5608//5608 5609//5609 5610//5610
f 5608//5608 5610//5610 5606//5606
f 5609//5609 5581//5581 5611//5611
f 5609//5609 5611//5611 5610//5610
f 5610//5610 5611//5611 5612//5612
f 5610//5610 5612//5612 5606//5606
f 5611//5611 5581//5581 5613//5613
f 5611//5611 5613//5613 5612//5612
f 5612//5612 5613//5613 5614//5614
f 5612//5612 5614//5614 5606//5606
f 5613//5613 5581//5581 5615//5615
f 5613//5613 5615//5615 5614//5614
f 5614//5614 5615//5615 5616//5616
f 5614//5614 5616//5616 5606//5606
f 5615//5615 5581//5581 5617//5617
f 5615//5615 5617//5617 5616//5616
f 5616//5616 5617//5617 5618//5618
f 5616//5616 5618//5618 5606//5606
f 5617//5617 5581//5581 5619//5619
f 5617//5617 5619//5619 5618//5618
f 5618//5618 5619//5619 5620//5620
f 5618//5618 5620//5620 5606//5606
f 5619//5619 5581//5581 5621//5621
f 5619//5619 5621//5621 5620//5620
f 5620//5620 5621//5621 5622//5622
f 5620//5620 5622//5622 5606//5606
f 5621//5621 5581//5581 5623//5623
f 5621//5621 5623//5623 5622//5622
f 5622//5622 5623//5623 5624//5624
f 5622//5622 5624//5624 5606//5606
f 5623//5623 5581//5581 5625//5625
f 5623//5623 5625//5625 5624//5624
f 5624//5624 5625//5625 5626//5626
f 5624//5624 5626//5626 5606//5606
f 5625//5625 5581//5581 5602//5602
f 5625//5625 5602//5602 5626//5626
f 5626//5626 5602//5602 5604//5604
f 5626//5626 5604//5604 5606//5606
f 5627//5627 5606//5606 5628//5628
f 5627//5627 5628//5628 5629//5629
f 5629//5629 5628//5628 5630//5630
f 5629//5629 5630//5630 5631//5631
f 5628//5628 5606//5606 5632//5632
f 5628//5628 5632//5632 5630//5630
f 5630//5630 5632//5632 5633//5633
f 5630//5630 5633//5633 5631//5631
f 5632//5632 5606//5606 5634//5634
f 5632//5632 5634//5634 5633//5633
f 5633//5633 5634//5634 5635//5635
f 5633//5633 5635//5635 5631//5631
f 5634//5634 5606//5606 5636//5636
f 5634//5634 5636//5636 5635//5635
f 5635//5635 5636//5636 5637//5637
f 5635//5635 5637//5637 5631//5631
f 5636//5636 5606//5606 5638//5638
f 5636//5636 5638//5638 5637//5637
f 5637//5637 5638//5638 5639//5639
f 5637//5637 5639//5639 5631//5631
f 5638//5638 5606//5606 5640//5640
f 5638//5638 5640//5640 5639//5639
f 5639//5639 5640//5640 5641//5641
f 5639//5639 5641//5641 5631//5631
f 5640//5640 5606//5606 5642//5642
f 5640//5640 5642//5642 5641//5641
f 5641//5641 5642//5642 5643//5643
f 5641//5641 5643//5643 5631//5631
f 5642//5642 5606//5606 5644//5644
f 5642//5642 5644//5644 5643//5643
f 5643//5643 5644//5644 5645//5645
f 5643//5643 5645//5645 5631//5631
f 5644//5644 5606//5606 5646//5646
f 5644//5644 5646//5646 5645//5645
f 5645//5645 5646//5646 5647//5647
f 5645//5645 5647//5647 5631//5631
f 5646//5646 5606//5606 5648//5648
f 5646//5646 5648//5648 5647//5647
f 5647//5647 5648//5648 5649//5649
f 5647//5647 5649//5649 5631//5631
f 5648//5648 5606//5606 5650//5650
f 5648//5648 5650//5650 5649//5649
f 5649//5649 5650//5650 5651//5651
f 5649//5649 5651//5651 5631//5631
f 5650//5650 5606//5606 5627//5627
f 5650//5650 5627//5627 5651//5651
f 5651//5651 5627//5627 5629//5629
f 5651//5651 5629//5629 5631//5631
f 5652//5652 5631//5631 5653//5653
f 5652//5652 5653//5653 5654//5654
f 5654//5654 5653//5653 5655//5655
f 5654//5654 5655//5655 5656//5656
f 5653//5653 5631//5631 5657//5657
f 5653//5653 5657//5657 5655//5655
f 5655//5655 5657//5657 5658//5658
f 5655//5655 5658//5658 5656//5656
f 5657//5657 5631//5631 5659//5659
f 5657//5657 5659//5659 5658//5658
f 5658//5658 5659//5659 5660//5660
f 5658//5658 5660//5660 5656//5656
f 5659//5659 5631//5631 5661//5661
f 5659//5659 5661//5661 5660//5660
f 5660//5660 5661//5661 5662//5662
f 5660//5660 5662//5662 5656//5656
f 5661//5661 5631//5631 5663//5663
f 5661//5661 5663//5663 5662//5662
f 5662//5662 5663//5663 5664//5664
f 5662//5662 5664//5664 5656//5656
f 5663//5663 5631//5631 5665//5665
f 5663//5663 5665//5665 5664//5664
f 5664//5664 5665//5665 5666//5666
f 5664//5664 5666//5666 5656//5656
f 5665//5665 5631//5631 5667//5667
f 5665//5665 5667//5667 5666//5666
f 5666//5666 5667//5667 5668//5668
f 5666//5666 5668//5668 5656//5656
f 5667//5667 5631//5631 5669//5669
f 5667//5667 5669//5669 5668//5668
f 5668//5668 5669//5669 5670//5670
f 5668//5668 5670//5670 5656//5656
f 5669//5669 5631//5631 5671//5671
f 5669//5669 5671//5671 5670//5670
f 5670//5670 5671//5671 5672//5672
f 5670//5670 5672//5672 5656//5656
f 5671//5671 5631//5631 5673//5673
f 5671//5671 5673//5673 5672//5672
f 5672//5672 5673//5673 5674//5674
f 5672//5672 5674//5674 5656//5656
f 5673//5673 5631//5631 5675//5675
f 5673//5673 5675//5675 5674//5674
f 5674//5674 5675//5675 5676//5676
f 5674//5674 5676//5676 5656//5656
f 5675//5675 5631//5631 5652//5652
f 5675//5675 5652//5652 5676//5676
f 5676//5676 5652//5652 5654//5654
f 5676//5676 5654//5654 5656//5656
f 5677//5677 5656//5656 5678//5678
f 5677//5677 5678//5678 5679//5679
f 5679//5679 5678//5678 5680//5680
f 5679//5679 5680//5680 5681//5681
f 5678//5678 5656//5656 5682//5682
f 5678//5678 5682//5682 5680//5680
f 5680//5680 5682//5682 5683//5683
f 5680//5680 5683//5683 5681//5681
f 5682//5682 5656//5656 5684//5684
f 5682//5682 5684//5684 5683//5683
f 5683//5683 5684//5684 5685//5685
f 5683//5683 5685//5685 5681//5681
f 5684//5684 5656//5656 5686//5686
f 5684//5684 5686//5686 5685//5685
f 5685//5685 5686//5686 5687//5687
f 5685//5685 5687//5687 5681//5681
f 5686//5686 5656//5656 5688//5688
f 5686//5686 5688//5688 5687//5687
f 5687//5687 5688//5688 5689//5689
f 5687//5687 5689//5689 5681//5681
f 5688//5688 5656//5656 5690//5690
f 5688//5688 5690//5690 5689//5689
f 5689//5689 5690//5690 5691//5691
f 5689//5689 5691//5691 5681//5681
f 5690//5690 5656//5656 5692//5692
f 5690//5690 5692//5692 5691//5691
f 5691//5691 5692//5692 5693//5693
f 5691//5691 5693//5693 5681//5681
f 5692//5692 5656//5656 5694//5694
f 5692//5692 5694//5694 5693//5693
f 5693//5693 5694//5694 5695//5695
f 5693//5693 5695//5695 5681//5681
f 5694//5694 5656//5656 5696//5696
f 5694//5694 5696//5696 5695//5695
f 5695//5695 5696//5696 5697//5697
f 5695//5695 5697//5697 5681//5681
f 5696//5696 5656//5656 5698//5698
f 5696//5696 5698//5698 5697//5697
f 5697//5697 5698//5698 5699//5699
f 5697//5697 5699//5699 5681//5681
f 5698//5698 5656//5656 5700//5700
f 5698//5698 5700//5700 5699//5699
f 5699//5699 5700//5700 5701//5701
f 5699//5699 5701//5701 5681//5681
f 5700//5700 5656//5656 5677//5677
f 5700//5700 5677//5677 5701//5701
f 5701//5701 5677//5677 5679//5679
f 5701//5701 5679//5679 5681//5681
f 5702//5702 5681//5681 5703//5703
f 5702//5702 5703//5703 5704//5704
f 5704//5704 5703//5703 5705//5705
f 5704//5704 5705//5705 5706//5706
f 5703//5703 5681//5681 5707//5707
f 5703//5703 5707//5707 5705//5705
f 5705//5705 5707//5707 5708//5708
f 5705//5705 5708//5708 5706//5706
f 5707//5707 5681//5681 5709//5709
f 5707//5707 5709//5709 5708//5708
f 5708//5708 5709//5709 5710//5710
f 5708//5708 5710//5710 5706//5706
f 5709//5709 5681//5681 5711//5711
f 5709//5709 5711//5711 5710//5710
f 5710//5710 5711//5711 5712//5712
f 5710//5710 5712//5712 5706//5706
f 5711//5711 5681//5681 5713//5713
f 5711//5711 5713//5713 5712//5712
f 5712//5712 5713//5713 5714//5714
f 5712//5712 5714//5714 5706//5706
f 5713//5713 5681//5681 5715//5715
f 5713//5713 5715//5715 5714//5714
f 5714//5714 5715//5715 5716//5716
f 5714//5714 5716//5716 5706//5706
f 5715//5715 5681//5681 5717//5717
f 5715//5715 5717//5717 5716//5716
f 5716//5716 5717//5717 5718//5718
f 5716//5716 5718//5718 5706//5706
f 5717//5717 5681//5681 5719//5719
f 5717//5717 5719//5719 5718//5718
f 5718//5718 5719//5719 5720//5720
f 5718//5718 5720//5720 5706//5706
f 5719//5719 5681//5681 5721//5721
f 5719//5719 5721//5721 5720//5720
f 5720//5720 5721//5721 5722//5722
f 5720//5720 5722//5722 5706//5706
f 5721//5721 5681//5681 5723//5723
f 5721//5721 5723//5723 5722//5722
f 5722//5722 5723//5723 5724//5724
f 5722//5722 5724//5724 5706//5706
f 5723//5723 5681//5681 5725//5725
f 5723//5723 5725//5725 5724//5724
f 5724//5724 5725//5725 5726//5726
f 5724//5724 5726//5726 5706//5706
f 5725//5725 5681//5681 5702//5702
f 5725//5725 5702//5702 5726//5726
f 5726//5726 5702//5702 5704//5704
f 5726//5726 5704//5704 5706//5706
f 5727//5727 5706//5706 5728//5728
f 5727//5727 5728//5728 5729//5729
f 5729//5729 5728//5728 5730//5730
f 5729//5729 5730//5730 5731//5731
f 5728//5728 5706//5706 5732//5732
f 5728//5728 5732//5732 5730//5730
f 5730//5730 5732//5732 5733//5733
f 5730//5730 5733//5733 5731//5731
f 5732//5732 5706//5706 5734//5734
f 5732//5732 5734//5734 5733//5733
f 5733//5733 5734//5734 5735//5735
f 5733//5733 5735//5735 5731//5731
f 5734//5734 5706//5706 5736//5736
f 5734//5734 5736//5736 5735//5735
f 5735//5735 5736//5736 5737//5737
f 5735//5735 5737//5737 5731//5731
f 5736//5736 5706//5706 5738//5738
f 5736//5736 5738//5738 5737//5737
f 5737//5737 5738//5738 5739//5739
f 5737//5737 5739//5739 5731//5731
f 5738//5738 5706//5706 5740//5740
f 5738//5738 5740//5740 5739//5739
f 5739//5739 5740//5740 5741//5741
f 5739//5739 5741//5741 5731//5731
f 5740//5740 5706//5706 5742//5742
f 5740//5740 5742//5742 5741//5741
f 5741//5741 5742//5742 5743//5743
f 5741//5741 5743//5743 5731//5731
f 5742//5742 5706//5706 5744//5744
f 5742//5742 5744//5744 5743//5743
f 5743//5743 5744//5744 5745//5745
f 5743//5743 5745//5745 5731//5731
f 5744//5744 5706//5706 5746//5746
f 5744//5744 5746//5746 5745//5745
f 5745//5745 5746//5746 5747//5747
f 5745//5745 5747//5747 5731//5731
f 5746//5746 5706//5706 5748//5748
f 5746//5746 5748//5748 5747//5747
f 5747//5747 5748//5748 5749//5749
f 5747//5747 5749//5749 5731//5731
f 5748//5748 5706//5706 5750//5750
f 5748//5748 5750//5750 5749//5749
f 5749//5749 5750//5750 5751//5751
f 5749//5749 5751//5751 5731//5731
f 5750//5750 5706//5706 5727//5727
f 5750//5750 5727//5727 5751//5751
f 5751//5751 5727//5727 5729//5729
f 5751//5751 5729//5729 5731//5731
f 5752//5752 5731//5731 5753//5753
f 5752//5752 5753//5753 5754//5754
f 5754//5754 5753//5753 5755//5755
f 5754//5754 5755//5755 5756//5756
f 5753//5753 5731//5731 5757//5757
f 5753//5753 5757//5757 5755//5755
f 5755//5755 5757//5757 5758//5758
f 5755//5755 5758//5758 5756//5756
f 5757//5757 5731//5731 5759//5759
f 5757//5757 5759//5759 5758//5758
f 5758//5758 5759//5759 5760//5760
f 5758//5758 5760//5760 5756//5756
f 5759//5759 5731//5731 5761//5761
f 5759//5759 5761//5761 5760//5760
f 5760//5760 5761//5761 5762//5762
f 5760//5760 5762//5762 5756//5756
f 5761//5761 5731//5731 5763//5763
f 5761//5761 5763//5763 5762//5762
f 5762//5762 5763//5763 5764//5764
f 5762//5762 5764//5764 5756//5756
f 5763//5763 5731//5731 5765//5765
f 5763//5763 5765//5765 5764//5764
f 5764//5764 5765//5765 5766//5766
f 5764//5764 5766//5766 5756//5756
f 5765//5765 5731//5731 5767//5767
f 5765//5765 5767//5767 5766//5766
f 5766//5766 5767//5767 5768//5768
f 5766//5766 5768//5768 5756//5756
f 5767//5767 5731//5731 5769//5769
f 5767//5767 5769//5769 5768//5768
f 5768//5768 5769//5769 5770//5770
f 5768//5768 5770//5770 5756//5756
f 5769//5769 5731//5731 5771//5771
f 5769//5769 5771//5771 5770//5770
f 5770//5770 5771//5771 5772//5772
f 5770//5770 5772//5772 5756//5756
f 5771//5771 5731//5731 5773//5773
f 5771//5771 5773//5773 5772//5772
f 5772//5772 5773//5773 5774//5774
f 5772//5772 5774//5774 5756//5756
f 5773//5773 5731//5731 5775//5775
f 5773//5773 5775//5775 5774//5774
f 5774//5774 5775//5775 5776//5776
f 5774//5774 5776//5776 5756//5756
f 5775//5775 5731//5731 5752//5752
f 5775//5775 5752//5752 5776//5776
f 5776//5776 5752//5752 5754//5754
f 5776//5776 5754//5754 5756//5756
f 5777//5777 5756//5756 5778//5778
f 5777//5777 5778//5778 5779//5779
f 5779//5779 5778//5778 5780//5780
f 5779//5779 5780//5780 5781//5781
f 5778//5778 5756//5756 5782//5782
f 5778//5778 5782//5782 5780//5780
f 5780//5780 5782//5782 5783//5783
f 5780//5780 5783//5783 5781//5781
f 5782//5782 5756//5756 5784//5784
f 5782//5782 5784//5784 5783//5783
f 5783//5783 5784//5784 5785//5785
f 5783//5783 5785//5785 5781//5781
f 5784//5784 5756//5756 5786//5786
f 5784//5784 5786//5786 5785//5785
f 5785//5785 5786//5786 5787//5787
f 5785//5785 5787//5787 5781//5781
f 5786//5786 5756//5756 5788//5788
f 5786//5786 5788//5788 5787//5787
f 5787//5787 5788//5788 5789//5789
f 5787//5787 5789//5789 5781//5781
f 5788//5788 5756//5756 5790//5790
f 5788//5788 5790//5790 5789//5789
f 5789//5789 5790//5790 5791//5791
f 5789//5789 5791//5791 5781//5781
f 5790//5790 5756//5756 5792//5792
f 5790//5790 5792//5792 5791//5791
f 5791//5791 5792//5792 5793//5793
f 5791//5791 5793//5793 5781//5781
f 5792//5792 5756//5756 5794//5794
f 5792//5792 5794//5794 5793//5793
f 5793//5793 5794//5794 5795//5795
f 5793//5793 5795//5795 5781//5781
f 5794//5794 5756//5756 5796//5796
f 5794//5794 5796//5796 5795//5795
f 5795//5795 5796//5796 5797//5797
f 5795//5795 5797//5797 5781//5781
f 5796//5796 5756//5756 5798//5798
f 5796//5796 5798//5798 5797//5797
f 5797//5797 5798//5798 5799//5799
f 5797//5797 5799//5799 5781//5781
f 5798//5798 5756//5756 5800//5800
f 5798//5798 5800//5800 5799//5799
f 5799//5799 5800//5800 5801//5801
f 5799//5799 5801//5801 5781//5781
f 5800//5800 5756//5756 5777//5777
f 5800//5800 5777//5777 5801//5801
f 5801//5801 5777//5777 5779//5779
f 5801//5801 5779//5779 5781//5781
f 5802//5802 5781//5781 5803//5803
f 5802//5802 5803//5803 5804//5804
f 5804//5804 5803//5803 5805//5805
f 5804//5804 5805//5805 5806//5806
f 5803//5803 5781//5781 5807//5807
f 5803//5803 5807//5807 5805//5805
f 5805//5805 5807//5807 5808//5808
f 5805//5805 5808//5808 5806//5806
f 5807//5807 5781//5781 5809//5809
f 5807//5807 5809//5809 5808//5808
f 5808//5808 5809//5809 5810//5810
f 5808//5808 5810//5810 5806//5806
f 5809//5809 5781//5781 5811//5811
f 5809//5809 5811//5811 5810//5810
f 5810//5810 5811//5811 5812//5812
f 5810//5810 5812//5812 5806//5806
f 5811//5811 5781//5781 5813//5813
f 5811//5811 5813//5813 5812//5812
f 5812//5812 5813//5813 5814//5814
f 5812//5812 5814//5814 5806//5806
f 5813//5813 5781//5781 5815//5815
f 5813//5813 5815//5815 5814//5814
f 5814//5814 5815//5815 5816//5816
f 5814//5814 5816//5816 5806//5806
f 5815//5815 5781//5781 5817//5817
f 5815//5815 5817//5817 5816//5816
f 5816//5816 5817//5817 5818//5818
f 5816//5816 5818//5818 5806//5806
f 5817//5817 5781//5781 5819//5819
f 5817//5817 5819//5819 5818//5818
f 5818//5818 5819//5819 5820//5820
f 5818//5818 5820//5820 5806//5806
f 5819//5819 5781//5781 5821//5821
f 5819//5819 5821//5821 5820//5820
f 5820//5820 5821//5821 5822//5822
f 5820//5820 5822//5822 5806//5806
f 5821//5821 5781//5781 5823//5823
f 5821//5821 5823//5823 5822//5822
f 5822//5822 5823//5823 5824//5824
f 5822//5822 5824//5824 5806//5806
f 5823//5823 5781//5781 5825//5825
f 5823//5823 5825//5825 5824//5824
f 5824//5824 5825//5825 5826//5826
f 5824//5824 5826//5826 5806//5806
f 5825//5825 5781//5781 5802//5802
f 5825//5825 5802//5802 5826//5826
f 5826//5826 5802//5802 5804//5804
f 5826//5826 5804//5804 5806//5806
f 5827//5827 5806//5806 5828//5828
f 5827//5827 5828//5828 5829//5829
f 5829//5829 5828//5828 5830//5830
f 5829//5829 5830//5830 5831//5831
f 5828//5828 5806//5806 5832//5832
f 5828//5828 5832//5832 5830//5830
f 5830//5830 5832//5832 5833//5833
f 5830//5830 5833//5833 5831//5831
f 5832//5832 5806//5806 5834//5834
f 5832//5832 5834//5834 5833//5833
f 5833//5833 5834//5834 5835//5835
f 5833//5833 5835//5835 5831//5831
f 5834//5834 5806//5806 5836//5836
f 5834//5834 5836//5836 5835//5835
f 5835//5835 5836//5836 5837//5837
f 5835//5835 5837//5837 5831//5831
f 5836//5836 5806//5806 5838//5838
f 5836//5836 5838//5838 5837//5837
f 5837//5837 5838//5838 5839//5839
f 5837//5837 5839//5839 5831//5831
f 5838//5838 5806//5806 5840//5840
f 5838//5838 5840//5840 5839//5839
f 5839//5839 5840//5840 5841//5841
f 5839//5839 5841//5841 5831//5831
f 5840//5840 5806//5806 5842//5842
f 5840//5840 5842//5842 5841//5841
f 5841//5841 5842//5842 5843//5843
f 5841//5841 5843//5843 5831//5831
f 5842//5842 5806//5806 5844//5844
f 5842//5842 5844//5844 5843//5843
f 5843//5843 5844//5844 5845//5845
f 5843//5843 5845//5845 5831//5831
f 5844//5844 5806//5806 5846//5846
f 5844//5844 5846//5846 5845//5845
f 5845//5845 5846//5846 5847//5847
f 5845//5845 5847//5847 5831//5831
f 5846//5846 5806//5806 5848//5848
f 5846//5846 5848//5848 5847//5847
f 5847//5847 5848//5848 5849//5849
f 5847//5847 5849//5849 5831//5831
f 5848//5848 5806//5806 5850//5850
f 5848//5848 5850//5850 5849//5849
f 5849//5849 5850//5850 5851//5851
f 5849//5849 5851//5851 5831//5831
f 5850//5850 5806//5806 5827//5827
f 5850//5850 5827//5827 5851//5851
f 5851//5851 5827//5827 5829//5829
f 5851//5851 5829//5829 5831//5831
f 5852//5852 5831//5831 5853//5853
f 5852//5852 5853//5853 5854//5854
f 5854//5854 5853//5853 5855//5855
f 5854//5854 5855//5855 5856//5856
f 5853//5853 5831//5831 5857//5857
f 5853//5853 5857//5857 5855//5855
f 5855//5855 5857//5857 5858//5858
f 5855//5855 5858//5858 5856//5856
f 5857//5857 5831//5831 5859//5859
f 5857//5857 5859//5859 5858//5858
f 5858//5858 5859//5859 5860//5860
f 5858//5858 5860//5860 5856//5856
f 5859//5859 5831//5831 5861//5861
f 5859//5859 5861//5861 5860//5860
f 5860//5860 5861//5861 5862//5862
f 5860//5860 5862//5862 5856//5856
f 5861//5861 5831//5831 5863//5863
f 5861//5861 5863//5863 5862//5862
f 5862//5862 5863//5863 5864//5864
f 5862//5862 5864//5864 5856//5856
f 5863//5863 5831//5831 5865//5865
f 5863//5863 5865//5865 5864//5864
f 5864//5864 5865//5865 5866//5866
f 5864//5864 5866//5866 5856//5856
f 5865//5865 5831//5831 5867//5867
f 5865//5865 5867//5867 5866//5866
f 5866//5866 5867//5867 5868//5868
f 5866//5866 5868//5868 5856//5856
f 5867//5867 5831//5831 5869//5869
f 5867//5867 5869//5869 5868//5868
f 5868//5868 5869//5869 5870//5870
f 5868//5868 5870//5870 5856//5856
f 5869//5869 5831//5831 5871//5871
f 5869//5869 5871//5871 5870//5870
f 5870//5870 5871//5871 5872//5872
f 5870//5870 5872//5872 5856//5856
f 5871//5871 5831//5831 5873//5873
f 5871//5871 5873//5873 5872//5872
f 5872//5872 5873//5873 5874//5874
f 5872//5872 5874//5874 5856//5856
f 5873//5873 5831//5831 5875//5875
f 5873//5873 5875//5875 5874//5874
f 5874//5874 5875//5875 5876//5876
f 5874//5874 5876//5876 5856//5856
f 5875//5875 5831//5831 5852//5852
f 5875//5875 5852//5852 5876//5876
f 5876//5876 5852//5852 5854//5854
f 5876//5876 5854//5854 5856//5856
f 5877//5877 5856//5856 5878//5878
f 5877//5877 5878//5878 5879//5879
f 5879//5879 5878//5878 5880//5880
f 5879//5879 5880//5880 5881//5881
f 5878//5878 5856//5856 5882//5882
f 5878//5878 5882//5882 5880//5880
f 5880//5880 5882//5882 5883//5883
f 5880//5880 5883//5883 5881//5881
f 5882//5882 5856//5856 5884//5884
f 5882//5882 5884//5884 5883//5883
f 5883//5883 5884//5884 5885//5885
f 5883//5883 5885//5885 5881//5881
f 5884//5884 5856//5856 5886//5886
f 5884//5884 5886//5886 5885//5885
f 5885//5885 5886//5886 5887//5887
f 5885//5885 5887//5887 5881//5881
f 5886//5886 5856//5856 5888//5888
f 5886//5886 5888//5888 5887//5887
f 5887//5887 5888//5888 5889//5889
f 5887//5887 5889//5889 5881//5881
f 5888//5888 5856//5856 5890//5890
f 5888//5888 5890//5890 5889//5889
f 5889//5889 5890//5890 5891//5891
f 5889//5889 5891//5891 5881//5881
f 5890//5890 5856//5856 5892//5892
f 5890//5890 5892//5892 5891//5891
f 5891//5891 5892//5892 5893//5893
f 5891//5891 5893//5893 5881//5881
f 5892//5892 5856//5856 5894//5894
f 5892//5892 5894//5894 5893//5893
f 5893//5893 5894//5894 5895//5895
f 5893//5893 5895//5895 5881//5881
f 5894//5894 5856//5856 5896//5896
f 5894//5894 5896//5896 5895//5895
f 5895//5895 5896//5896 5897//5897
f 5895//5895 5897//5897 5881//5881
f 5896//5896 5856//5856 5898//5898
f 5896//5896 5898//5898 5897//5897
f 5897//5897 5898//5898 5899//5899
f 5897//5897 5899//5899 5881//5881
f 5898//5898 5856//5856 5900//5900
f 5898//5898 5900//5900 5899//5899
f 5899//5899 5900//5900 5901//5901
f 5899//5899 5901//5901 5881//5881
f 5900//5900 5856//5856 5877//5877
f 5900//5900 5877//5877 5901//5901
f 5901//5901 5877//5877 5879//5879
f 5901//5901 5879//5879 5881//5881
f 5902//5902 5881//5881 5903//5903
f 5902//5902 5903//5903 5904//5904
f 5904//5904 5903//5903 5905//5905
f 5904//5904 5905//5905 5906//5906
f 5903//5903 5881//5881 5907//5907
f 5903//5903 5907//5907 5905//5905
f 5905//5905 5907//5907 5908//5908
f 5905//5905 5908//5908 5906//5906
f 5907//5907 5881//5881 5909//5909
f 5907//5907 5909//5909 5908//5908
f 5908//5908 5909//5909 5910//5910
f 5908//5908 5910//5910 5906//5906
f 5909//5909 5881//5881 5911//5911
f 5909//5909 5911//5911 5910//5910
f 5910//5910 5911//5911 5912//5912
f 5910//5910 5912//5912 5906//5906
f 5911//5911 5881//5881 5913//5913
f 5911//5911 5913//5913 5912//5912
f 5912//5912 5913//5913 5914//5914
f 5912//5912 5914//5914 5906//5906
f 5913//5913 5881//5881 5915//5915
f 5913//5913 5915//5915 5914//5914
f 5914//5914 5915//5915 5916//5916
f 5914//5914 5916//5916 5906//5906
f 5915//5915 5881//5881 5917//5917
f 5915//5915 5917//5917 5916//5916
f 5916//5916 5917//5917 5918//5918
f 5916//5916 5918//5918 5906//5906
f 5917//5917 5881//5881 5919//5919
f 5917//5917 5919//5919 5918//5918
f 5918//5918 5919//5919 5920//5920
f 5918//5918 5920//5920 5906//5906
f 5919//5919 5881//5881 5921//5921
f 5919//5919 5921//5921 5920//5920
f 5920//5920 5921//5921 5922//5922
f 5920//5920 5922//5922 5906//5906
f 5921//5921 5881//5881 5923//5923
f 5921//5921 5923//5923 5922//5922
f 5922//5922 5923//5923 5924//5924
f 5922//5922 5924//5924 5906//5906
f 5923//5923 5881//5881 5925//5925
f 5923//5923 5925//5925 5924//5924
f 5924//5924 5925//5925 5926//5926
f 5924//5924 5926//5926 5906//5906
f 5925//5925 5881//5881 5902//5902
f 5925//5925 5902//5902 5926//5926
f 5926//5926 5902//5902 5904//5904
f 5926//5926 5904//5904 5906//5906
f 5927//5927 5906//5906 5928//5928
f 5927//5927 5928//5928 5929//5929
f 5929//5929 5928//5928 5930//5930
f 5929//5929 5930//5930 5931//5931
f 5928//5928 5906//5906 5932//5932
f 5928//5928 5932//5932 5930//5930
f 5930//5930 5932//5932 5933//5933
f 5930//5930 5933//5933 5931//5931
f 5932//5932 5906//5906 5934//5934
f 5932//5932 5934//5934 5933//5933
f 5933//5933 5934//5934 5935//5935
f 5933//5933 5935//5935 5931//5931
f 5934//5934 5906//5906 5936//5936
f 5934//5934 5936//5936 5935//5935
f 5935//5935 5936//5936 5937//5937
f 5935//5935 5937//5937 5931//5931
f 5936//5936 5906//5906 5938//5938
f 5936//5936 5938//5938 5937//5937
f 5937//5937 5938//5938 5939//5939
f 5937//5937 5939//5939 5931//5931
f 5938//5938 5906//5906 5940//5940
f 5938//5938 5940//5940 5939//5939
f 5939//5939 5940//5940 5941//5941
f 5939//5939 5941//5941 5931//5931
f 5940//5940 5906//5906 5942//5942
f 5940//5940 5942//5942 5941//5941
f 5941//5941 5942//5942 5943//5943
f 5941//5941 5943//5943 5931//5931
f 5942//5942 5906//5906 5944//5944
f 5942//5942 5944//5944 5943//5943
f 5943//5943 5944//5944 5945//5945
f 5943//5943 5945//5945 5931//5931
f 5944//5944 5906//5906 5946//5946
f 5944//5944 5946//5946 5945//5945
f 5945//5945 5946//5946 5947//5947
f 5945//5945 5947//5947 5931//5931
f 5946//5946 5906//5906 5948//5948
f 5946//5946 5948//5948 5947//5947
f 5947//5947 5948//5948 5949//5949
f 5947//5947 5949//5949 5931//5931
f 5948//5948 5906//5906 5950//5950
f 5948//5948 5950//5950 5949//5949
f 5949//5949 5950//5950 5951//5951
f 5949//5949 5951//5951 5931//5931
f 5950//5950 5906//5906 5927//5927
f 5950//5950 5927//5927 5951//5951
f 5951//5951 5927//5927 5929//5929
f 5951//5951 5929//5929 5931//5931
f 5952//5952 5931//5931 5953//5953
f 5952//5952 5953//5953 5954//5954
f 5954//5954 5953//5953 5955//5955
f 5954//5954 5955//5955 5956//5956
f 5953//5953 5931//5931 5957//5957
f 5953//5953 5957//5957 5955//5955
f 5955//5955 5957//5957 5958//5958
f 5955//5955 5958//5958 5956//5956
f 5957//5957 5931//5931 5959//5959
f 5957//5957 5959//5959 5958//5958
f 5958//5958 5959//5959 5960//5960
f 5958//5958 5960//5960 5956//5956
f 5959//5959 5931//5931 5961//5961
f 5959//5959 5961//5961 5960//5960
f 5960//5960 5961//5961 5962//5962
f 5960//5960 5962//5962 5956//5956
f 5961//5961 5931//5931 5963//5963
f 5961//5961 5963//5963 5962//5962
f 5962//5962 5963//5963 5964//5964
f 5962//5962 5964//5964 5956//5956
f 5963//5963 5931//5931 5965//5965
f 5963//5963 5965//5965 5964//5964
f 5964//5964 5965//5965 5966//5966
f 5964//5964 5966//5966 5956//5956
f 5965//5965 5931//5931 5967//5967
f 5965//5965 5967//5967 5966//5966
f 5966//5966 5967//5967 5968//5968
f 5966//5966 5968//5968 5956//5956
f 5967//5967 5931//5931 5969//5969
f 5967//5967 5969//5969 5968//5968
f 5968//5968 5969//5969 5970//5970
f 5968//5968 5970//5970 5956//5956
f 5969//5969 5931//5931 5971//5971
f 5969//5969 5971//5971 5970//5970
f 5970//5970 5971//5971 5972//5972
f 5970//5970 5972//5972 5956//5956
f 5971//5971 5931//5931 5973//5973
f 5971//5971 5973//5973 5972//5972
f 5972//5972 5973//5973 5974//5974
f 5972//5972 5974//5974 5956//5956
f 5973//5973 5931//5931 5975//5975
f 5973//5973 5975//5975 5974//5974
f 5974//5974 5975//5975 5976//5976
f 5974//5974 5976//5976 5956//5956
f 5975//5975 5931//5931 5952//5952
f 5975//5975 5952//5952 5976//5976
f 5976//5976 5952//5952 5954//5954
f 5976//5976 5954//5954 5956//5956

