<COLLADA xmlns="http://www.collada.org/2005/11/COLLADASchema" version="1.4.1">
  <asset>
    <created>2026-09-03T11:35:43.315424</created>
    <modified>2026-09-03T11:35:43.315447</modified>
    <up_axis>Y_UP</up_axis>
  </asset>
  <library_effects>
    <effect id="cfa7e2069d5d45e9b4557fcb8517e478" name="cfa7e2069d5d45e9b4557fcb8517e478">
      <profile_COMMON>
        <technique sid="common">
          <phong>
            <emission>
              <color>0.0 0.0 0.0 1.0</color>
            </emission>
            <ambient>
              <color>0.0 0.0 0.0 1.0</color>
            </ambient>
            <diffuse>
              <color>0.0 0.0 0.0 1.0</color>
            </diffuse>
            <specular>
              <color>0.0 0.0 0.0 1.0</color>
            </specular>
            <shininess>
              <float>0.0</float>
            </shininess>
            <reflective>
              <color>0.0 0.0 0.0 1.0</color>
            </reflective>
            <reflectivity>
              <float>0.0</float>
            </reflectivity>
            <transparent>
              <color>0.0 0.0 0.0 1.0</color>
            </transparent>
            <transparency>
              <float>1.0</float>
            </transparency>
          </phong>
        </technique>
        <extra>
          <technique profile="GOOGLEEARTH">
            <double_sided>0</double_sided>
          </technique>
        </extra>
      </profile_COMMON>
    </effect>
  </library_effects>
  <library_geometries>
    <geometry id="82604d7285954d4a9dd685627948dd23" name="90bf7cccfab445c68b562625ff3c7a5f">
      <mesh>
        <source id="verts-array">
          <float_array count="14700" id="verts-array-array">-0.2 -0.1400048 0.3 -0.2 0.14 0.3 -0.2 -0.1400048 0.2 -0.2 0.14 0.2 0.09235609 -0.1400048 0.3 0.09235609 -0.1400048 0.2 0.09235609 0.14 0.3 0.09235609 0.14 0.2 0.06117856 0.1094155 0.3 -0.1688225 0.1094155 0.3 -0.1688225 -0.1094155 0.3 0.06117856 -0.1094155 0.3 0.06117856 0.1094155 0.2 0.06117856 -0.1094155 0.2 -0.1688225 -0.1094155 0.2 -0.1688225 0.1094155 0.2 -0.25 -0.17 0.195 -0.25 0.17 0.195 -0.25 -0.17 0.075 0.25 -0.17 0.075 -0.25 0.17 0.075 0.25 0.17 0.195 0.25 -0.17 0.195 0.25 0.17 0.075 -0.2494436 -0.2275 0.08080231 -0.251 -0.1725 0.065 -0.251 -0.2275 0.065 -0.17 -0.2275 0.065 -0.2494436 -0.1725 0.04919768 -0.2494436 -0.2275 0.04919768 -0.2448343 -0.2275 0.09599736 -0.2494436 -0.1725 0.08080231 -0.17 -0.1725 0.065 -0.14725 -0.2275 0.065 -0.1476871 -0.2275 0.06943831 -0.1489817 -0.2275 0.07370605 -0.1510841 -0.2275 0.07763922 -0.1539133 -0.2275 0.08108668 -0.1573608 -0.2275 0.08391593 -0.161294 -0.2275 0.08601826 -0.1655617 -0.2275 0.08731286 -0.17 -0.2275 0.08775 -0.1744383 -0.2275 0.08731286 -0.178706 -0.2275 0.08601826 -0.1826392 -0.2275 0.08391593 -0.1860867 -0.2275 0.08108668 -0.1889159 -0.2275 0.07763922 -0.1910183 -0.2275 0.07370605 -0.1923129 -0.2275 0.06943831 -0.19275 -0.2275 0.065 -0.1923129 -0.2275 0.06056169 -0.1910183 -0.2275 0.05629395 -0.1889159 -0.2275 0.05236078 -0.1860867 -0.2275 0.04891332 -0.1826392 -0.2275 0.04608406 -0.178706 -0.2275 0.04398174 -0.1744383 -0.2275 0.04268714 -0.17 -0.2275 0.04225 -0.1655617 -0.2275 0.04268714 -0.161294 -0.2275 0.04398174 -0.1573608 -0.2275 0.04608406 -0.1539133 -0.2275 0.04891332 -0.1510841 -0.2275 0.05236078 -0.1489817 -0.2275 0.05629395 -0.1476871 -0.2275 0.06056169 -0.089 -0.2275 0.065 -0.09055639 -0.2275 0.08080231 -0.09516576 -0.2275 0.09599736 -0.102651 -0.2275 0.1100012 -0.1127243 -0.2275 0.1222757 -0.1249988 -0.2275 0.132349 -0.1390026 -0.2275 0.1398342 -0.1541977 -0.2275 0.1444436 -0.17 -0.2275 0.146 -0.1858023 -0.2275 0.1444436 -0.2009974 -0.2275 0.1398342 -0.2150012 -0.2275 0.132349 -0.2272757 -0.2275 0.1222757 -0.237349 -0.2275 0.1100012 -0.2448343 -0.2275 0.03400264 -0.237349 -0.2275 0.01999881 -0.2272757 -0.2275 0.007724351 -0.2150012 -0.2275 -0.002349039 -0.2009974 -0.2275 -0.009834242 -0.1858023 -0.2275 -0.01444361 -0.17 -0.2275 -0.016 -0.1541977 -0.2275 -0.01444361 -0.1390026 -0.2275 -0.009834242 -0.1249988 -0.2275 -0.002349039 -0.1127243 -0.2275 0.007724351 -0.102651 -0.2275 0.01999881 -0.09516576 -0.2275 0.03400264 -0.09055639 -0.2275 0.04919768 -0.2448343 -0.1725 0.03400264 -0.2448343 -0.1725 0.09599736 -0.14725 -0.1725 0.065 -0.1476871 -0.1725 0.06943831 -0.1489817 -0.1725 0.07370605 -0.1510841 -0.1725 0.07763922 -0.1539133 -0.1725 0.08108668 -0.1573608 -0.1725 0.08391593 -0.161294 -0.1725 0.08601826 -0.1655617 -0.1725 0.08731286 -0.17 -0.1725 0.08775 -0.1744383 -0.1725 0.08731286 -0.178706 -0.1725 0.08601826 -0.1826392 -0.1725 0.08391593 -0.1860867 -0.1725 0.08108668 -0.1889159 -0.1725 0.07763922 -0.1910183 -0.1725 0.07370605 -0.1923129 -0.1725 0.06943831 -0.19275 -0.1725 0.065 -0.1923129 -0.1725 0.06056169 -0.1910183 -0.1725 0.05629395 -0.1889159 -0.1725 0.05236078 -0.1860867 -0.1725 0.04891332 -0.1826392 -0.1725 0.04608406 -0.178706 -0.1725 0.04398174 -0.1744383 -0.1725 0.04268714 -0.17 -0.1725 0.04225 -0.1655617 -0.1725 0.04268714 -0.161294 -0.1725 0.04398174 -0.1573608 -0.1725 0.04608406 -0.1539133 -0.1725 0.04891332 -0.1510841 -0.1725 0.05236078 -0.1489817 -0.1725 0.05629395 -0.1476871 -0.1725 0.06056169 -0.089 -0.1725 0.065 -0.09055639 -0.1725 0.08080231 -0.09516576 -0.1725 0.09599736 -0.102651 -0.1725 0.1100012 -0.1127243 -0.1725 0.1222757 -0.1249988 -0.1725 0.132349 -0.1390026 -0.1725 0.1398342 -0.1541977 -0.1725 0.1444436 -0.17 -0.1725 0.146 -0.1858023 -0.1725 0.1444436 -0.2009974 -0.1725 0.1398342 -0.2150012 -0.1725 0.132349 -0.2272757 -0.1725 0.1222757 -0.237349 -0.1725 0.1100012 -0.237349 -0.1725 0.01999881 -0.2272757 -0.1725 0.007724351 -0.2150012 -0.1725 -0.002349039 -0.2009974 -0.1725 -0.009834242 -0.1858023 -0.1725 -0.01444361 -0.17 -0.1725 -0.016 -0.1541977 -0.1725 -0.01444361 -0.1390026 -0.1725 -0.009834242 -0.1249988 -0.1725 -0.002349039 -0.1127243 -0.1725 0.007724351 -0.102651 -0.1725 0.01999881 -0.09516576 -0.1725 0.03400264 -0.09055639 -0.1725 0.04919768 -0.17 -0.2275 0.13 0.17 -0.2275 0.13 0.17 -0.1725 0.146 0.17 -0.2275 0.146 -0.17 -0.2275 2.384186e-09 -0.17 -0.1725 2.384186e-09 0.17 -0.2275 -0.016 -0.17 -0.1725 0.13 0.17 -0.1725 2.384186e-09 0.17 -0.1725 -0.016 0.17 -0.1725 0.13 0.1858023 -0.1725 0.1444436 0.17 -0.1725 0.065 0.1858023 -0.2275 0.1444436 0.1541977 -0.1725 0.1444436 0.17 -0.2275 0.065 0.1541977 -0.2275 0.1444436 0.17 -0.2275 2.384186e-09 0.1541977 -0.2275 -0.01444361 0.1858023 -0.1725 -0.01444361 0.1858023 -0.2275 -0.01444361 0.1541977 -0.1725 -0.01444361 0.2009974 -0.1725 0.1398342 0.2009974 -0.2275 0.1398342 0.19275 -0.1725 0.065 0.1923129 -0.1725 0.06943831 0.1910183 -0.1725 0.07370605 0.1889159 -0.1725 0.07763922 0.1860867 -0.1725 0.08108668 0.1826392 -0.1725 0.08391593 0.178706 -0.1725 0.08601826 0.1744383 -0.1725 0.08731286 0.17 -0.1725 0.08775 0.1655617 -0.1725 0.08731286 0.161294 -0.1725 0.08601826 0.1573608 -0.1725 0.08391593 0.1539133 -0.1725 0.08108668 0.1510841 -0.1725 0.07763922 0.1489817 -0.1725 0.07370605 0.1476871 -0.1725 0.06943831 0.14725 -0.1725 0.065 0.1476871 -0.1725 0.06056169 0.1489817 -0.1725 0.05629395 0.1510841 -0.1725 0.05236078 0.1539133 -0.1725 0.04891332 0.1573608 -0.1725 0.04608406 0.161294 -0.1725 0.04398174 0.1655617 -0.1725 0.04268714 0.17 -0.1725 0.04225 0.1744383 -0.1725 0.04268714 0.178706 -0.1725 0.04398174 0.1826392 -0.1725 0.04608406 0.1860867 -0.1725 0.04891332 0.1889159 -0.1725 0.05236078 0.1910183 -0.1725 0.05629395 0.1923129 -0.1725 0.06056169 0.251 -0.1725 0.065 0.2494436 -0.1725 0.08080231 0.2448343 -0.1725 0.09599736 0.237349 -0.1725 0.1100012 0.2272757 -0.1725 0.1222757 0.2150012 -0.1725 0.132349 0.1390026 -0.1725 0.1398342 0.1249988 -0.1725 0.132349 0.1127243 -0.1725 0.1222757 0.102651 -0.1725 0.1100012 0.09516576 -0.1725 0.09599736 0.09055639 -0.1725 0.08080231 0.089 -0.1725 0.065 0.09055639 -0.1725 0.04919768 0.09516576 -0.1725 0.03400264 0.102651 -0.1725 0.01999881 0.1127243 -0.1725 0.007724351 0.1249988 -0.1725 -0.002349039 0.1390026 -0.1725 -0.009834242 0.2009974 -0.1725 -0.009834242 0.2150012 -0.1725 -0.002349039 0.2272757 -0.1725 0.007724351 0.237349 -0.1725 0.01999881 0.2448343 -0.1725 0.03400264 0.2494436 -0.1725 0.04919768 0.19275 -0.2275 0.065 0.1923129 -0.2275 0.06943831 0.1910183 -0.2275 0.07370605 0.1889159 -0.2275 0.07763922 0.1860867 -0.2275 0.08108668 0.1826392 -0.2275 0.08391593 0.178706 -0.2275 0.08601826 0.1744383 -0.2275 0.08731286 0.17 -0.2275 0.08775 0.1655617 -0.2275 0.08731286 0.161294 -0.2275 0.08601826 0.1573608 -0.2275 0.08391593 0.1539133 -0.2275 0.08108668 0.1510841 -0.2275 0.07763922 0.1489817 -0.2275 0.07370605 0.1476871 -0.2275 0.06943831 0.14725 -0.2275 0.065 0.1476871 -0.2275 0.06056169 0.1489817 -0.2275 0.05629395 0.1510841 -0.2275 0.05236078 0.1539133 -0.2275 0.04891332 0.1573608 -0.2275 0.04608406 0.161294 -0.2275 0.04398174 0.1655617 -0.2275 0.04268714 0.17 -0.2275 0.04225 0.1744383 -0.2275 0.04268714 0.178706 -0.2275 0.04398174 0.1826392 -0.2275 0.04608406 0.1860867 -0.2275 0.04891332 0.1889159 -0.2275 0.05236078 0.1910183 -0.2275 0.05629395 0.1923129 -0.2275 0.06056169 0.251 -0.2275 0.065 0.2494436 -0.2275 0.08080231 0.2448343 -0.2275 0.09599736 0.237349 -0.2275 0.1100012 0.2272757 -0.2275 0.1222757 0.2150012 -0.2275 0.132349 0.1390026 -0.2275 0.1398342 0.1249988 -0.2275 0.132349 0.1127243 -0.2275 0.1222757 0.102651 -0.2275 0.1100012 0.09516576 -0.2275 0.09599736 0.09055639 -0.2275 0.08080231 0.089 -0.2275 0.065 0.09055639 -0.2275 0.04919768 0.09516576 -0.2275 0.03400264 0.102651 -0.2275 0.01999881 0.1127243 -0.2275 0.007724351 0.1249988 -0.2275 -0.002349039 0.1390026 -0.2275 -0.009834242 0.2009974 -0.2275 -0.009834242 0.2150012 -0.2275 -0.002349039 0.2272757 -0.2275 0.007724351 0.237349 -0.2275 0.01999881 0.2448343 -0.2275 0.03400264 0.2494436 -0.2275 0.04919768 -0.2494436 0.1725 0.08080231 -0.251 0.2275 0.065 -0.251 0.1725 0.065 -0.17 0.1725 0.065 -0.2494436 0.2275 0.04919768 -0.2494436 0.1725 0.04919768 -0.2448343 0.1725 0.09599736 -0.2494436 0.2275 0.08080231 -0.17 0.2275 0.065 -0.14725 0.1725 0.065 -0.1476871 0.1725 0.06943831 -0.1489817 0.1725 0.07370605 -0.1510841 0.1725 0.07763922 -0.1539133 0.1725 0.08108668 -0.1573608 0.1725 0.08391593 -0.161294 0.1725 0.08601826 -0.1655617 0.1725 0.08731286 -0.17 0.1725 0.08775 -0.1744383 0.1725 0.08731286 -0.178706 0.1725 0.08601826 -0.1826392 0.1725 0.08391593 -0.1860867 0.1725 0.08108668 -0.1889159 0.1725 0.07763922 -0.1910183 0.1725 0.07370605 -0.1923129 0.1725 0.06943831 -0.19275 0.1725 0.065 -0.1923129 0.1725 0.06056169 -0.1910183 0.1725 0.05629395 -0.1889159 0.1725 0.05236078 -0.1860867 0.1725 0.04891332 -0.1826392 0.1725 0.04608406 -0.178706 0.1725 0.04398174 -0.1744383 0.1725 0.04268714 -0.17 0.1725 0.04225 -0.1655617 0.1725 0.04268714 -0.161294 0.1725 0.04398174 -0.1573608 0.1725 0.04608406 -0.1539133 0.1725 0.04891332 -0.1510841 0.1725 0.05236078 -0.1489817 0.1725 0.05629395 -0.1476871 0.1725 0.06056169 -0.089 0.1725 0.065 -0.09055639 0.1725 0.08080231 -0.09516576 0.1725 0.09599736 -0.102651 0.1725 0.1100012 -0.1127243 0.1725 0.1222757 -0.1249988 0.1725 0.132349 -0.1390026 0.1725 0.1398342 -0.1541977 0.1725 0.1444436 -0.17 0.1725 0.146 -0.1858023 0.1725 0.1444436 -0.2009974 0.1725 0.1398342 -0.2150012 0.1725 0.132349 -0.2272757 0.1725 0.1222757 -0.237349 0.1725 0.1100012 -0.2448343 0.1725 0.03400264 -0.237349 0.1725 0.01999881 -0.2272757 0.1725 0.007724351 -0.2150012 0.1725 -0.002349039 -0.2009974 0.1725 -0.009834242 -0.1858023 0.1725 -0.01444361 -0.17 0.1725 -0.016 -0.1541977 0.1725 -0.01444361 -0.1390026 0.1725 -0.009834242 -0.1249988 0.1725 -0.002349039 -0.1127243 0.1725 0.007724351 -0.102651 0.1725 0.01999881 -0.09516576 0.1725 0.03400264 -0.09055639 0.1725 0.04919768 -0.2448343 0.2275 0.03400264 -0.2448343 0.2275 0.09599736 -0.14725 0.2275 0.065 -0.1476871 0.2275 0.06943831 -0.1489817 0.2275 0.07370605 -0.1510841 0.2275 0.07763922 -0.1539133 0.2275 0.08108668 -0.1573608 0.2275 0.08391593 -0.161294 0.2275 0.08601826 -0.1655617 0.2275 0.08731286 -0.17 0.2275 0.08775 -0.1744383 0.2275 0.08731286 -0.178706 0.2275 0.08601826 -0.1826392 0.2275 0.08391593 -0.1860867 0.2275 0.08108668 -0.1889159 0.2275 0.07763922 -0.1910183 0.2275 0.07370605 -0.1923129 0.2275 0.06943831 -0.19275 0.2275 0.065 -0.1923129 0.2275 0.06056169 -0.1910183 0.2275 0.05629395 -0.1889159 0.2275 0.05236078 -0.1860867 0.2275 0.04891332 -0.1826392 0.2275 0.04608406 -0.178706 0.2275 0.04398174 -0.1744383 0.2275 0.04268714 -0.17 0.2275 0.04225 -0.1655617 0.2275 0.04268714 -0.161294 0.2275 0.04398174 -0.1573608 0.2275 0.04608406 -0.1539133 0.2275 0.04891332 -0.1510841 0.2275 0.05236078 -0.1489817 0.2275 0.05629395 -0.1476871 0.2275 0.06056169 -0.089 0.2275 0.065 -0.09055639 0.2275 0.08080231 -0.09516576 0.2275 0.09599736 -0.102651 0.2275 0.1100012 -0.1127243 0.2275 0.1222757 -0.1249988 0.2275 0.132349 -0.1390026 0.2275 0.1398342 -0.1541977 0.2275 0.1444436 -0.17 0.2275 0.146 -0.1858023 0.2275 0.1444436 -0.2009974 0.2275 0.1398342 -0.2150012 0.2275 0.132349 -0.2272757 0.2275 0.1222757 -0.237349 0.2275 0.1100012 -0.237349 0.2275 0.01999881 -0.2272757 0.2275 0.007724351 -0.2150012 0.2275 -0.002349039 -0.2009974 0.2275 -0.009834242 -0.1858023 0.2275 -0.01444361 -0.17 0.2275 -0.016 -0.1541977 0.2275 -0.01444361 -0.1390026 0.2275 -0.009834242 -0.1249988 0.2275 -0.002349039 -0.1127243 0.2275 0.007724351 -0.102651 0.2275 0.01999881 -0.09516576 0.2275 0.03400264 -0.09055639 0.2275 0.04919768 -0.17 0.1725 0.13 0.17 0.1725 0.13 0.17 0.2275 0.146 0.17 0.1725 0.146 -0.17 0.1725 2.384186e-09 -0.17 0.2275 2.384186e-09 0.17 0.1725 -0.016 -0.17 0.2275 0.13 0.17 0.2275 2.384186e-09 0.17 0.2275 -0.016 0.17 0.2275 0.13 0.1858023 0.2275 0.1444436 0.17 0.2275 0.065 0.1858023 0.1725 0.1444436 0.1541977 0.2275 0.1444436 0.17 0.1725 0.065 0.1541977 0.1725 0.1444436 0.17 0.1725 2.384186e-09 0.1541977 0.1725 -0.01444361 0.1858023 0.2275 -0.01444361 0.1858023 0.1725 -0.01444361 0.1541977 0.2275 -0.01444361 0.2009974 0.2275 0.1398342 0.2009974 0.1725 0.1398342 0.19275 0.2275 0.065 0.1923129 0.2275 0.06943831 0.1910183 0.2275 0.07370605 0.1889159 0.2275 0.07763922 0.1860867 0.2275 0.08108668 0.1826392 0.2275 0.08391593 0.178706 0.2275 0.08601826 0.1744383 0.2275 0.08731286 0.17 0.2275 0.08775 0.1655617 0.2275 0.08731286 0.161294 0.2275 0.08601826 0.1573608 0.2275 0.08391593 0.1539133 0.2275 0.08108668 0.1510841 0.2275 0.07763922 0.1489817 0.2275 0.07370605 0.1476871 0.2275 0.06943831 0.14725 0.2275 0.065 0.1476871 0.2275 0.06056169 0.1489817 0.2275 0.05629395 0.1510841 0.2275 0.05236078 0.1539133 0.2275 0.04891332 0.1573608 0.2275 0.04608406 0.161294 0.2275 0.04398174 0.1655617 0.2275 0.04268714 0.17 0.2275 0.04225 0.1744383 0.2275 0.04268714 0.178706 0.2275 0.04398174 0.1826392 0.2275 0.04608406 0.1860867 0.2275 0.04891332 0.1889159 0.2275 0.05236078 0.1910183 0.2275 0.05629395 0.1923129 0.2275 0.06056169 0.251 0.2275 0.065 0.2494436 0.2275 0.08080231 0.2448343 0.2275 0.09599736 0.237349 0.2275 0.1100012 0.2272757 0.2275 0.1222757 0.2150012 0.2275 0.132349 0.1390026 0.2275 0.1398342 0.1249988 0.2275 0.132349 0.1127243 0.2275 0.1222757 0.102651 0.2275 0.1100012 0.09516576 0.2275 0.09599736 0.09055639 0.2275 0.08080231 0.089 0.2275 0.065 0.09055639 0.2275 0.04919768 0.09516576 0.2275 0.03400264 0.102651 0.2275 0.01999881 0.1127243 0.2275 0.007724351 0.1249988 0.2275 -0.002349039 0.1390026 0.2275 -0.009834242 0.2009974 0.2275 -0.009834242 0.2150012 0.2275 -0.002349039 0.2272757 0.2275 0.007724351 0.237349 0.2275 0.01999881 0.2448343 0.2275 0.03400264 0.2494436 0.2275 0.04919768 0.19275 0.1725 0.065 0.1923129 0.1725 0.06943831 0.1910183 0.1725 0.07370605 0.1889159 0.1725 0.07763922 0.1860867 0.1725 0.08108668 0.1826392 0.1725 0.08391593 0.178706 0.1725 0.08601826 0.1744383 0.1725 0.08731286 0.17 0.1725 0.08775 0.1655617 0.1725 0.08731286 0.161294 0.1725 0.08601826 0.1573608 0.1725 0.08391593 0.1539133 0.1725 0.08108668 0.1510841 0.1725 0.07763922 0.1489817 0.1725 0.07370605 0.1476871 0.1725 0.06943831 0.14725 0.1725 0.065 0.1476871 0.1725 0.06056169 0.1489817 0.1725 0.05629395 0.1510841 0.1725 0.05236078 0.1539133 0.1725 0.04891332 0.1573608 0.1725 0.04608406 0.161294 0.1725 0.04398174 0.1655617 0.1725 0.04268714 0.17 0.1725 0.04225 0.1744383 0.1725 0.04268714 0.178706 0.1725 0.04398174 0.1826392 0.1725 0.04608406 0.1860867 0.1725 0.04891332 0.1889159 0.1725 0.05236078 0.1910183 0.1725 0.05629395 0.1923129 0.1725 0.06056169 0.251 0.1725 0.065 0.2494436 0.1725 0.08080231 0.2448343 0.1725 0.09599736 0.237349 0.1725 0.1100012 0.2272757 0.1725 0.1222757 0.2150012 0.1725 0.132349 0.1390026 0.1725 0.1398342 0.1249988 0.1725 0.132349 0.1127243 0.1725 0.1222757 0.102651 0.1725 0.1100012 0.09516576 0.1725 0.09599736 0.09055639 0.1725 0.08080231 0.089 0.1725 0.065 0.09055639 0.1725 0.04919768 0.09516576 0.1725 0.03400264 0.102651 0.1725 0.01999881 0.1127243 0.1725 0.007724351 0.1249988 0.1725 -0.002349039 0.1390026 0.1725 -0.009834242 0.2009974 0.1725 -0.009834242 0.2150012 0.1725 -0.002349039 0.2272757 0.1725 0.007724351 0.237349 0.1725 0.01999881 0.2448343 0.1725 0.03400264 0.2494436 0.1725 0.04919768 -0.2 -0.14 0.205 -0.2 0.14 0.205 -0.2 -0.14 0.195 0.2 -0.14 0.195 -0.2 0.14 0.195 0.2 0.14 0.205 0.2 -0.14 0.205 0.2 0.14 0.195 -0.2 -0.19 0.155 -0.2 -0.17 0.155 -0.2 -0.19 0.115 0.2 -0.19 0.115 -0.2 -0.17 0.115 0.2 -0.17 0.155 0.2 -0.19 0.155 0.2 -0.17 0.115 -0.2 0.17 0.155 -0.2 0.19 0.155 -0.2 0.17 0.115 0.2 0.17 0.115 -0.2 0.19 0.115 0.2 0.19 0.155 0.2 0.17 0.155 0.2 0.19 0.115 0.15 -0.1615 0.171 0.15 0.1615 0.171 0.15 -0.1615 0.075 0.25 -0.1615 0.075 0.15 0.1615 0.075 0.25 0.1615 0.171 0.25 -0.1615 0.171 0.25 0.1615 0.075 0.146269 0.002731265 0.45 0.16 0 0.45 0.146 1.714506e-18 0.45 0.146269 0.002731265 0.47 0.146 1.714506e-18 0.47 0.146269 -0.002731265 0.45 0.1470657 0.005357568 0.45 0.1470657 0.005357568 0.47 0.174 0 0.45 0.173731 0.002731265 0.45 0.1729343 0.005357568 0.45 0.1716406 0.007777983 0.45 0.1698995 0.009899495 0.45 0.167778 0.01164057 0.45 0.1653576 0.01293431 0.45 0.1627313 0.01373099 0.45 0.16 0.014 0.45 0.1572687 0.01373099 0.45 0.1546424 0.01293431 0.45 0.152222 0.01164057 0.45 0.1501005 0.009899495 0.45 0.1483594 0.007777983 0.45 0.1470657 -0.005357568 0.45 0.1483594 -0.007777983 0.45 0.1501005 -0.009899495 0.45 0.152222 -0.01164057 0.45 0.1546424 -0.01293431 0.45 0.1572687 -0.01373099 0.45 0.16 -0.014 0.45 0.1627313 -0.01373099 0.45 0.1653576 -0.01293431 0.45 0.167778 -0.01164057 0.45 0.1698995 -0.009899495 0.45 0.1716406 -0.007777983 0.45 0.1729343 -0.005357568 0.45 0.173731 -0.002731265 0.45 0.16 0 0.47 0.146269 -0.002731265 0.47 0.1483594 0.007777983 0.47 0.174 0 0.47 0.173731 -0.002731265 0.47 0.173731 0.002731265 0.47 0.1729343 0.005357568 0.47 0.1716406 0.007777983 0.47 0.1698995 0.009899495 0.47 0.167778 0.01164057 0.47 0.1653576 0.01293431 0.47 0.1627313 0.01373099 0.47 0.16 0.014 0.47 0.1572687 0.01373099 0.47 0.1546424 0.01293431 0.47 0.152222 0.01164057 0.47 0.1501005 0.009899495 0.47 0.1470657 -0.005357568 0.47 0.1483594 -0.007777983 0.47 0.1501005 -0.009899495 0.47 0.152222 -0.01164057 0.47 0.1546424 -0.01293431 0.47 0.1572687 -0.01373099 0.47 0.16 -0.014 0.47 0.1627313 -0.01373099 0.47 0.1653576 -0.01293431 0.47 0.167778 -0.01164057 0.47 0.1698995 -0.009899495 0.47 0.1716406 -0.007777983 0.47 0.1729343 -0.005357568 0.47 0.1698079 -0.001950903 0.47 0.1698079 0.001950903 0.47 0.1683147 0.005555702 0.47 0.1655557 0.008314696 0.47 0.1619509 0.009807853 0.47 0.1580491 0.009807853 0.47 0.1544443 0.008314696 0.47 0.1516853 0.005555702 0.47 0.1501921 0.001950903 0.47 0.1501921 -0.001950903 0.47 0.1516853 -0.005555702 0.47 0.1544443 -0.008314696 0.47 0.1580491 -0.009807853 0.47 0.1619509 -0.009807853 0.47 0.1655557 -0.008314696 0.47 0.1683147 -0.005555702 0.47 0.1698079 -0.001950903 0.23 0.1698079 0.001950903 0.23 0.1683147 0.005555702 0.23 0.1655557 0.008314696 0.23 0.1619509 0.009807853 0.23 0.1580491 0.009807853 0.23 0.1544443 0.008314696 0.23 0.1516853 0.005555702 0.23 0.1501921 0.001950903 0.23 0.1501921 -0.001950903 0.23 0.1516853 -0.005555702 0.23 0.1544443 -0.008314696 0.23 0.1580491 -0.009807853 0.23 0.1619509 -0.009807853 0.23 0.1655557 -0.008314696 0.23 0.1683147 -0.005555702 0.23 0.16 0 0.23 -0.233751 -0.2225 0.07768087 -0.235 -0.1775 0.065 -0.235 -0.2225 0.065 -0.17 -0.2225 0.065 -0.233751 -0.1775 0.05231913 -0.233751 -0.2225 0.05231913 -0.2300522 -0.2225 0.08987442 -0.233751 -0.1775 0.07768087 -0.17 -0.1775 0.065 -0.105 -0.2225 0.065 -0.106249 -0.2225 0.07768087 -0.1099478 -0.2225 0.08987442 -0.1159545 -0.2225 0.1011121 -0.124038 -0.2225 0.1109619 -0.1338879 -0.2225 0.1190455 -0.1451256 -0.2225 0.1250522 -0.1573191 -0.2225 0.128751 -0.17 -0.2225 0.13 -0.1826809 -0.2225 0.128751 -0.1948744 -0.2225 0.1250522 -0.2061121 -0.2225 0.1190455 -0.2159619 -0.2225 0.1109619 -0.2240455 -0.2225 0.1011121 -0.2300522 -0.2225 0.04012558 -0.2240455 -0.2225 0.02888793 -0.2159619 -0.2225 0.01903806 -0.2061121 -0.2225 0.01095448 -0.1948744 -0.2225 0.004947829 -0.1826809 -0.2225 0.001248958 -0.17 -0.2225 2.384186e-09 -0.1573191 -0.2225 0.001248958 -0.1451256 -0.2225 0.004947829 -0.1338879 -0.2225 0.01095448 -0.124038 -0.2225 0.01903806 -0.1159545 -0.2225 0.02888793 -0.1099478 -0.2225 0.04012558 -0.106249 -0.2225 0.05231913 -0.2300522 -0.1775 0.04012558 -0.2300522 -0.1775 0.08987442 -0.105 -0.1775 0.065 -0.106249 -0.1775 0.07768087 -0.1099478 -0.1775 0.08987442 -0.1159545 -0.1775 0.1011121 -0.124038 -0.1775 0.1109619 -0.1338879 -0.1775 0.1190455 -0.1451256 -0.1775 0.1250522 -0.1573191 -0.1775 0.128751 -0.17 -0.1775 0.13 -0.1826809 -0.1775 0.128751 -0.1948744 -0.1775 0.1250522 -0.2061121 -0.1775 0.1190455 -0.2159619 -0.1775 0.1109619 -0.2240455 -0.1775 0.1011121 -0.2240455 -0.1775 0.02888793 -0.2159619 -0.1775 0.01903806 -0.2061121 -0.1775 0.01095448 -0.1948744 -0.1775 0.004947829 -0.1826809 -0.1775 0.001248958 -0.17 -0.1775 2.384186e-09 -0.1573191 -0.1775 0.001248958 -0.1451256 -0.1775 0.004947829 -0.1338879 -0.1775 0.01095448 -0.124038 -0.1775 0.01903806 -0.1159545 -0.1775 0.02888793 -0.1099478 -0.1775 0.04012558 -0.106249 -0.1775 0.05231913 -0.233751 0.1775 0.07768087 -0.235 0.2225 0.065 -0.235 0.1775 0.065 -0.17 0.1775 0.065 -0.233751 0.2225 0.05231913 -0.233751 0.1775 0.05231913 -0.2300522 0.1775 0.08987442 -0.233751 0.2225 0.07768087 -0.17 0.2225 0.065 -0.105 0.1775 0.065 -0.106249 0.1775 0.07768087 -0.1099478 0.1775 0.08987442 -0.1159545 0.1775 0.1011121 -0.124038 0.1775 0.1109619 -0.1338879 0.1775 0.1190455 -0.1451256 0.1775 0.1250522 -0.1573191 0.1775 0.128751 -0.17 0.1775 0.13 -0.1826809 0.1775 0.128751 -0.1948744 0.1775 0.1250522 -0.2061121 0.1775 0.1190455 -0.2159619 0.1775 0.1109619 -0.2240455 0.1775 0.1011121 -0.2300522 0.1775 0.04012558 -0.2240455 0.1775 0.02888793 -0.2159619 0.1775 0.01903806 -0.2061121 0.1775 0.01095448 -0.1948744 0.1775 0.004947829 -0.1826809 0.1775 0.001248958 -0.17 0.1775 2.384186e-09 -0.1573191 0.1775 0.001248958 -0.1451256 0.1775 0.004947829 -0.1338879 0.1775 0.01095448 -0.124038 0.1775 0.01903806 -0.1159545 0.1775 0.02888793 -0.1099478 0.1775 0.04012558 -0.106249 0.1775 0.05231913 -0.2300522 0.2225 0.04012558 -0.2300522 0.2225 0.08987442 -0.105 0.2225 0.065 -0.106249 0.2225 0.07768087 -0.1099478 0.2225 0.08987442 -0.1159545 0.2225 0.1011121 -0.124038 0.2225 0.1109619 -0.1338879 0.2225 0.1190455 -0.1451256 0.2225 0.1250522 -0.1573191 0.2225 0.128751 -0.17 0.2225 0.13 -0.1826809 0.2225 0.128751 -0.1948744 0.2225 0.1250522 -0.2061121 0.2225 0.1190455 -0.2159619 0.2225 0.1109619 -0.2240455 0.2225 0.1011121 -0.2240455 0.2225 0.02888793 -0.2159619 0.2225 0.01903806 -0.2061121 0.2225 0.01095448 -0.1948744 0.2225 0.004947829 -0.1826809 0.2225 0.001248958 -0.17 0.2225 2.384186e-09 -0.1573191 0.2225 0.001248958 -0.1451256 0.2225 0.004947829 -0.1338879 0.2225 0.01095448 -0.124038 0.2225 0.01903806 -0.1159545 0.2225 0.02888793 -0.1099478 0.2225 0.04012558 -0.106249 0.2225 0.05231913 0.106249 -0.2225 0.07768087 0.105 -0.1775 0.065 0.105 -0.2225 0.065 0.17 -0.2225 0.065 0.106249 -0.1775 0.05231913 0.106249 -0.2225 0.05231913 0.1099478 -0.2225 0.08987442 0.106249 -0.1775 0.07768087 0.17 -0.1775 0.065 0.235 -0.2225 0.065 0.233751 -0.2225 0.07768087 0.2300522 -0.2225 0.08987442 0.2240455 -0.2225 0.1011121 0.2159619 -0.2225 0.1109619 0.2061121 -0.2225 0.1190455 0.1948744 -0.2225 0.1250522 0.1826809 -0.2225 0.128751 0.17 -0.2225 0.13 0.1573191 -0.2225 0.128751 0.1451256 -0.2225 0.1250522 0.1338879 -0.2225 0.1190455 0.124038 -0.2225 0.1109619 0.1159545 -0.2225 0.1011121 0.1099478 -0.2225 0.04012558 0.1159545 -0.2225 0.02888793 0.124038 -0.2225 0.01903806 0.1338879 -0.2225 0.01095448 0.1451256 -0.2225 0.004947829 0.1573191 -0.2225 0.001248958 0.17 -0.2225 2.384186e-09 0.1826809 -0.2225 0.001248958 0.1948744 -0.2225 0.004947829 0.2061121 -0.2225 0.01095448 0.2159619 -0.2225 0.01903806 0.2240455 -0.2225 0.02888793 0.2300522 -0.2225 0.04012558 0.233751 -0.2225 0.05231913 0.1099478 -0.1775 0.04012558 0.1099478 -0.1775 0.08987442 0.235 -0.1775 0.065 0.233751 -0.1775 0.07768087 0.2300522 -0.1775 0.08987442 0.2240455 -0.1775 0.1011121 0.2159619 -0.1775 0.1109619 0.2061121 -0.1775 0.1190455 0.1948744 -0.1775 0.1250522 0.1826809 -0.1775 0.128751 0.17 -0.1775 0.13 0.1573191 -0.1775 0.128751 0.1451256 -0.1775 0.1250522 0.1338879 -0.1775 0.1190455 0.124038 -0.1775 0.1109619 0.1159545 -0.1775 0.1011121 0.1159545 -0.1775 0.02888793 0.124038 -0.1775 0.01903806 0.1338879 -0.1775 0.01095448 0.1451256 -0.1775 0.004947829 0.1573191 -0.1775 0.001248958 0.17 -0.1775 2.384186e-09 0.1826809 -0.1775 0.001248958 0.1948744 -0.1775 0.004947829 0.2061121 -0.1775 0.01095448 0.2159619 -0.1775 0.01903806 0.2240455 -0.1775 0.02888793 0.2300522 -0.1775 0.04012558 0.233751 -0.1775 0.05231913 0.106249 0.1775 0.07768087 0.105 0.2225 0.065 0.105 0.1775 0.065 0.17 0.1775 0.065 0.106249 0.2225 0.05231913 0.106249 0.1775 0.05231913 0.1099478 0.1775 0.08987442 0.106249 0.2225 0.07768087 0.17 0.2225 0.065 0.235 0.1775 0.065 0.233751 0.1775 0.07768087 0.2300522 0.1775 0.08987442 0.2240455 0.1775 0.1011121 0.2159619 0.1775 0.1109619 0.2061121 0.1775 0.1190455 0.1948744 0.1775 0.1250522 0.1826809 0.1775 0.128751 0.17 0.1775 0.13 0.1573191 0.1775 0.128751 0.1451256 0.1775 0.1250522 0.1338879 0.1775 0.1190455 0.124038 0.1775 0.1109619 0.1159545 0.1775 0.1011121 0.1099478 0.1775 0.04012558 0.1159545 0.1775 0.02888793 0.124038 0.1775 0.01903806 0.1338879 0.1775 0.01095448 0.1451256 0.1775 0.004947829 0.1573191 0.1775 0.001248958 0.17 0.1775 2.384186e-09 0.1826809 0.1775 0.001248958 0.1948744 0.1775 0.004947829 0.2061121 0.1775 0.01095448 0.2159619 0.1775 0.01903806 0.2240455 0.1775 0.02888793 0.2300522 0.1775 0.04012558 0.233751 0.1775 0.05231913 0.1099478 0.2225 0.04012558 0.1099478 0.2225 0.08987442 0.235 0.2225 0.065 0.233751 0.2225 0.07768087 0.2300522 0.2225 0.08987442 0.2240455 0.2225 0.1011121 0.2159619 0.2225 0.1109619 0.2061121 0.2225 0.1190455 0.1948744 0.2225 0.1250522 0.1826809 0.2225 0.128751 0.17 0.2225 0.13 0.1573191 0.2225 0.128751 0.1451256 0.2225 0.1250522 0.1338879 0.2225 0.1190455 0.124038 0.2225 0.1109619 0.1159545 0.2225 0.1011121 0.1159545 0.2225 0.02888793 0.124038 0.2225 0.01903806 0.1338879 0.2225 0.01095448 0.1451256 0.2225 0.004947829 0.1573191 0.2225 0.001248958 0.17 0.2225 2.384186e-09 0.1826809 0.2225 0.001248958 0.1948744 0.2225 0.004947829 0.2061121 0.2225 0.01095448 0.2159619 0.2225 0.01903806 0.2240455 0.2225 0.02888793 0.2300522 0.2225 0.04012558 0.233751 0.2225 0.05231913 -0.2241884 -0.2075 0.07577874 -0.22525 -0.1925 0.065 -0.22525 -0.2075 0.065 -0.17 -0.2075 0.065 -0.2241884 -0.1925 0.05422126 -0.2241884 -0.2075 0.05422126 -0.2210443 -0.2075 0.08614326 -0.2241884 -0.1925 0.07577874 -0.17 -0.1925 0.065 -0.11475 -0.2075 0.065 -0.1158116 -0.2075 0.07577874 -0.1189557 -0.2075 0.08614326 -0.1240613 -0.2075 0.09569526 -0.1309323 -0.2075 0.1040676 -0.1393047 -0.2075 0.1109387 -0.1488567 -0.2075 0.1160443 -0.1592213 -0.2075 0.1191884 -0.17 -0.2075 0.12025 -0.1807787 -0.2075 0.1191884 -0.1911433 -0.2075 0.1160443 -0.2006953 -0.2075 0.1109387 -0.2090676 -0.2075 0.1040676 -0.2159387 -0.2075 0.09569526 -0.2210443 -0.2075 0.04385674 -0.2159387 -0.2075 0.03430475 -0.2090676 -0.2075 0.02593235 -0.2006953 -0.2075 0.0190613 -0.1911433 -0.2075 0.01395566 -0.1807787 -0.2075 0.01081161 -0.17 -0.2075 0.00975 -0.1592213 -0.2075 0.01081161 -0.1488567 -0.2075 0.01395566 -0.1393047 -0.2075 0.0190613 -0.1309323 -0.2075 0.02593235 -0.1240613 -0.2075 0.03430475 -0.1189557 -0.2075 0.04385674 -0.1158116 -0.2075 0.05422126 -0.2210443 -0.1925 0.04385674 -0.2210443 -0.1925 0.08614326 -0.11475 -0.1925 0.065 -0.1158116 -0.1925 0.07577874 -0.1189557 -0.1925 0.08614326 -0.1240613 -0.1925 0.09569526 -0.1309323 -0.1925 0.1040676 -0.1393047 -0.1925 0.1109387 -0.1488567 -0.1925 0.1160443 -0.1592213 -0.1925 0.1191884 -0.17 -0.1925 0.12025 -0.1807787 -0.1925 0.1191884 -0.1911433 -0.1925 0.1160443 -0.2006953 -0.1925 0.1109387 -0.2090676 -0.1925 0.1040676 -0.2159387 -0.1925 0.09569526 -0.2159387 -0.1925 0.03430475 -0.2090676 -0.1925 0.02593235 -0.2006953 -0.1925 0.0190613 -0.1911433 -0.1925 0.01395566 -0.1807787 -0.1925 0.01081161 -0.17 -0.1925 0.00975 -0.1592213 -0.1925 0.01081161 -0.1488567 -0.1925 0.01395566 -0.1393047 -0.1925 0.0190613 -0.1309323 -0.1925 0.02593235 -0.1240613 -0.1925 0.03430475 -0.1189557 -0.1925 0.04385674 -0.1158116 -0.1925 0.05422126 -0.2241884 0.1925 0.07577874 -0.22525 0.2075 0.065 -0.22525 0.1925 0.065 -0.17 0.1925 0.065 -0.2241884 0.2075 0.05422126 -0.2241884 0.1925 0.05422126 -0.2210443 0.1925 0.08614326 -0.2241884 0.2075 0.07577874 -0.17 0.2075 0.065 -0.11475 0.1925 0.065 -0.1158116 0.1925 0.07577874 -0.1189557 0.1925 0.08614326 -0.1240613 0.1925 0.09569526 -0.1309323 0.1925 0.1040676 -0.1393047 0.1925 0.1109387 -0.1488567 0.1925 0.1160443 -0.1592213 0.1925 0.1191884 -0.17 0.1925 0.12025 -0.1807787 0.1925 0.1191884 -0.1911433 0.1925 0.1160443 -0.2006953 0.1925 0.1109387 -0.2090676 0.1925 0.1040676 -0.2159387 0.1925 0.09569526 -0.2210443 0.1925 0.04385674 -0.2159387 0.1925 0.03430475 -0.2090676 0.1925 0.02593235 -0.2006953 0.1925 0.0190613 -0.1911433 0.1925 0.01395566 -0.1807787 0.1925 0.01081161 -0.17 0.1925 0.00975 -0.1592213 0.1925 0.01081161 -0.1488567 0.1925 0.01395566 -0.1393047 0.1925 0.0190613 -0.1309323 0.1925 0.02593235 -0.1240613 0.1925 0.03430475 -0.1189557 0.1925 0.04385674 -0.1158116 0.1925 0.05422126 -0.2210443 0.2075 0.04385674 -0.2210443 0.2075 0.08614326 -0.11475 0.2075 0.065 -0.1158116 0.2075 0.07577874 -0.1189557 0.2075 0.08614326 -0.1240613 0.2075 0.09569526 -0.1309323 0.2075 0.1040676 -0.1393047 0.2075 0.1109387 -0.1488567 0.2075 0.1160443 -0.1592213 0.2075 0.1191884 -0.17 0.2075 0.12025 -0.1807787 0.2075 0.1191884 -0.1911433 0.2075 0.1160443 -0.2006953 0.2075 0.1109387 -0.2090676 0.2075 0.1040676 -0.2159387 0.2075 0.09569526 -0.2159387 0.2075 0.03430475 -0.2090676 0.2075 0.02593235 -0.2006953 0.2075 0.0190613 -0.1911433 0.2075 0.01395566 -0.1807787 0.2075 0.01081161 -0.17 0.2075 0.00975 -0.1592213 0.2075 0.01081161 -0.1488567 0.2075 0.01395566 -0.1393047 0.2075 0.0190613 -0.1309323 0.2075 0.02593235 -0.1240613 0.2075 0.03430475 -0.1189557 0.2075 0.04385674 -0.1158116 0.2075 0.05422126 0.1158116 -0.2075 0.07577874 0.11475 -0.1925 0.065 0.11475 -0.2075 0.065 0.17 -0.2075 0.065 0.1158116 -0.1925 0.05422126 0.1158116 -0.2075 0.05422126 0.1189557 -0.2075 0.08614326 0.1158116 -0.1925 0.07577874 0.17 -0.1925 0.065 0.22525 -0.2075 0.065 0.2241884 -0.2075 0.07577874 0.2210443 -0.2075 0.08614326 0.2159387 -0.2075 0.09569526 0.2090676 -0.2075 0.1040676 0.2006953 -0.2075 0.1109387 0.1911433 -0.2075 0.1160443 0.1807787 -0.2075 0.1191884 0.17 -0.2075 0.12025 0.1592213 -0.2075 0.1191884 0.1488567 -0.2075 0.1160443 0.1393047 -0.2075 0.1109387 0.1309323 -0.2075 0.1040676 0.1240613 -0.2075 0.09569526 0.1189557 -0.2075 0.04385674 0.1240613 -0.2075 0.03430475 0.1309323 -0.2075 0.02593235 0.1393047 -0.2075 0.0190613 0.1488567 -0.2075 0.01395566 0.1592213 -0.2075 0.01081161 0.17 -0.2075 0.00975 0.1807787 -0.2075 0.01081161 0.1911433 -0.2075 0.01395566 0.2006953 -0.2075 0.0190613 0.2090676 -0.2075 0.02593235 0.2159387 -0.2075 0.03430475 0.2210443 -0.2075 0.04385674 0.2241884 -0.2075 0.05422126 0.1189557 -0.1925 0.04385674 0.1189557 -0.1925 0.08614326 0.22525 -0.1925 0.065 0.2241884 -0.1925 0.07577874 0.2210443 -0.1925 0.08614326 0.2159387 -0.1925 0.09569526 0.2090676 -0.1925 0.1040676 0.2006953 -0.1925 0.1109387 0.1911433 -0.1925 0.1160443 0.1807787 -0.1925 0.1191884 0.17 -0.1925 0.12025 0.1592213 -0.1925 0.1191884 0.1488567 -0.1925 0.1160443 0.1393047 -0.1925 0.1109387 0.1309323 -0.1925 0.1040676 0.1240613 -0.1925 0.09569526 0.1240613 -0.1925 0.03430475 0.1309323 -0.1925 0.02593235 0.1393047 -0.1925 0.0190613 0.1488567 -0.1925 0.01395566 0.1592213 -0.1925 0.01081161 0.17 -0.1925 0.00975 0.1807787 -0.1925 0.01081161 0.1911433 -0.1925 0.01395566 0.2006953 -0.1925 0.0190613 0.2090676 -0.1925 0.02593235 0.2159387 -0.1925 0.03430475 0.2210443 -0.1925 0.04385674 0.2241884 -0.1925 0.05422126 0.1158116 0.1925 0.07577874 0.11475 0.2075 0.065 0.11475 0.1925 0.065 0.17 0.1925 0.065 0.1158116 0.2075 0.05422126 0.1158116 0.1925 0.05422126 0.1189557 0.1925 0.08614326 0.1158116 0.2075 0.07577874 0.17 0.2075 0.065 0.22525 0.1925 0.065 0.2241884 0.1925 0.07577874 0.2210443 0.1925 0.08614326 0.2159387 0.1925 0.09569526 0.2090676 0.1925 0.1040676 0.2006953 0.1925 0.1109387 0.1911433 0.1925 0.1160443 0.1807787 0.1925 0.1191884 0.17 0.1925 0.12025 0.1592213 0.1925 0.1191884 0.1488567 0.1925 0.1160443 0.1393047 0.1925 0.1109387 0.1309323 0.1925 0.1040676 0.1240613 0.1925 0.09569526 0.1189557 0.1925 0.04385674 0.1240613 0.1925 0.03430475 0.1309323 0.1925 0.02593235 0.1393047 0.1925 0.0190613 0.1488567 0.1925 0.01395566 0.1592213 0.1925 0.01081161 0.17 0.1925 0.00975 0.1807787 0.1925 0.01081161 0.1911433 0.1925 0.01395566 0.2006953 0.1925 0.0190613 0.2090676 0.1925 0.02593235 0.2159387 0.1925 0.03430475 0.2210443 0.1925 0.04385674 0.2241884 0.1925 0.05422126 0.1189557 0.2075 0.04385674 0.1189557 0.2075 0.08614326 0.22525 0.2075 0.065 0.2241884 0.2075 0.07577874 0.2210443 0.2075 0.08614326 0.2159387 0.2075 0.09569526 0.2090676 0.2075 0.1040676 0.2006953 0.2075 0.1109387 0.1911433 0.2075 0.1160443 0.1807787 0.2075 0.1191884 0.17 0.2075 0.12025 0.1592213 0.2075 0.1191884 0.1488567 0.2075 0.1160443 0.1393047 0.2075 0.1109387 0.1309323 0.2075 0.1040676 0.1240613 0.2075 0.09569526 0.1240613 0.2075 0.03430475 0.1309323 0.2075 0.02593235 0.1393047 0.2075 0.0190613 0.1488567 0.2075 0.01395566 0.1592213 0.2075 0.01081161 0.17 0.2075 0.00975 0.1807787 0.2075 0.01081161 0.1911433 0.2075 0.01395566 0.2006953 0.2075 0.0190613 0.2090676 0.2075 0.02593235 0.2159387 0.2075 0.03430475 0.2210443 0.2075 0.04385674 0.2241884 0.2075 0.05422126 0.1348268 0.001135308 0.3452829 0.1380076 0.0005783019 0.343933 0.1348789 0.0001754592 0.3424167 0.1354149 -0.003724732 0.3463865 0.1350821 -0.004740641 0.3435611 0.1364589 0.0008298141 0.3470617 0.1411884 2.129597e-05 0.3425832 0.1394021 0.000777624 0.347137 0.1366131 0.0003789799 0.3407291 0.1395563 0.0003267897 0.3408044 0.1411363 0.0009811446 0.3454494 0.1383204 -0.003741126 0.3444352 0.1373684 -0.003599322 0.3478002 0.1417743 0.003713422 0.342735 0.1399415 0.005074642 0.346635 0.1376172 0.00558864 0.346729 0.1353662 0.005432326 0.3447808 0.1357489 0.004981205 0.3413311 0.1377574 0.004722471 0.3400246 0.1406044 0.004293278 0.34066 0.141226 -0.003757521 0.3424838 0.1402556 -0.003266498 0.3473126 0.1363853 -0.004215754 0.3415577 0.1392725 -0.00388293 0.3410701 0.1415588 -0.002741611 0.3453092 0.138547 0.00487532 0.343431 0.1427539 -0.007120879 0.3440117 0.1413395 -0.007352929 0.3420302 0.140268 -0.007293019 0.3482885 0.1376072 -0.008478236 0.3478443 0.1361928 -0.008710287 0.3458628 0.1369592 -0.009429645 0.3430303 0.1386786 -0.008538147 0.341586 0.1394733 -0.007915583 0.3449372 0.1426552 0.007649247 0.344654 0.1407074 0.009136266 0.3463352 0.1385835 0.010149 0.3459474 0.1366904 0.01014531 0.3436249 0.1376202 0.009431995 0.3403269 0.1397044 0.008641073 0.3394522 0.1424419 0.007306903 0.3411773 0.1419875 -0.006401521 0.3468442 0.1399177 0.008983416 0.3429289 0.1442949 -0.010539 0.3438752 0.1426832 -0.0112711 0.342215 0.142666 -0.01075342 0.3485443 0.1401602 -0.01229551 0.3486636 0.1385485 -0.01302761 0.3470035 0.1389579 -0.01390194 0.3441388 0.1401774 -0.01281319 0.3423343 0.1414217 -0.01178331 0.3454393 0.1442312 0.01120966 0.3447098 0.1407325 0.01390899 0.3454453 0.1390288 0.01448162 0.342442 0.140363 0.01331603 0.3394235 0.1423126 0.01200468 0.3390145 0.1444772 0.01047095 0.3412975 0.1438854 -0.009664671 0.3467399 0.1420666 0.0127434 0.3424268 0.1453515 -0.01468221 0.3427171 0.1463435 -0.01277634 0.3447906 0.1465537 -0.01307578 0.3472419 0.1445565 -0.0140678 0.3492221 0.1428284 -0.01570662 0.3491657 0.1418364 -0.01761249 0.3470923 0.1416262 -0.01731305 0.3446409 0.1436234 -0.01632104 0.3426607 0.14409 -0.01519442 0.3459414 0.1464694 0.0145117 0.3446772 0.1433767 0.01774807 0.3445468 0.142269 0.01820707 0.3412586 0.1438028 0.01646857 0.3386365 0.1454282 0.01472844 0.338709 0.1469872 0.01323057 0.3414614 0.1449105 0.01600957 0.3419247 0.1480975 -0.01778338 0.3430269 0.1490309 -0.01549288 0.3446723 0.1495596 -0.01535931 0.3470872 0.1479471 -0.01629273 0.3494352 0.146652 -0.01825009 0.3498601 0.1457186 -0.0205406 0.3482147 0.1451899 -0.02067416 0.3457998 0.1468024 -0.01974074 0.3434518 0.1473747 -0.01801674 0.3464435 0.1498329 0.01614361 0.3433486 0.1478213 0.01993648 0.3446383 0.1462624 0.02143435 0.3418858 0.1467801 0.02015323 0.3386701 0.1480773 0.01827764 0.3379529 0.1495711 0.01576589 0.3398789 0.148339 0.01865536 0.3414226 0.1522969 -0.01881717 0.3439158 0.1512993 -0.02095076 0.3435439 0.1522904 -0.01691126 0.3462272 0.1524725 -0.01738593 0.3486509 0.1509982 -0.01933103 0.3503473 0.1500006 -0.02146462 0.3499754 0.1500071 -0.02337052 0.347664 0.149825 -0.02289585 0.3452403 0.1511488 -0.02014089 0.3469456 0.1532331 0.01934615 0.3440357 0.1509874 0.0234677 0.3424642 0.1507256 0.02308998 0.3389945 0.1519577 0.02020052 0.3374508 0.1525864 0.01811686 0.3384594 0.1531987 0.0173397 0.3418167 0.1522195 0.02057824 0.3409205 0.155967 -0.02057113 0.3441426 0.1554707 -0.02289867 0.3442526 0.1558032 -0.01830937 0.3460769 0.1561792 -0.01828271 0.3485264 0.1550608 -0.02007049 0.3506427 0.1545646 -0.02239803 0.3507528 0.1547283 -0.02465979 0.3488185 0.1543523 -0.02468645 0.346369 0.1523611 0.02155061 0.3442797 0.1552658 -0.02148458 0.3474477 0.1570137 0.02092653 0.3437757 0.1560345 0.02416507 0.3428795 0.1554223 0.02494223 0.3395222 0.1559393 0.02362278 0.3375282 0.1562598 0.02073132 0.3370592 0.156369 0.01878565 0.3384861 0.1567854 0.0185827 0.3419553 0.1564014 0.02170369 0.3404184 0.1599886 -0.02223896 0.3444839 0.159475 -0.02480797 0.3458682 0.1601342 -0.01995296 0.3451651 0.159323 -0.01851495 0.3476759 0.1596575 -0.01918348 0.3500314 0.159144 -0.02175249 0.3514157 0.1589983 -0.02403849 0.3507345 0.1598095 -0.0254765 0.3482237 0.1595663 -0.02199572 0.3479498 0.161185 0.02006904 0.3428066 0.1611791 0.02239053 0.343363 0.1605199 0.02547476 0.3401447 0.1608432 0.02477193 0.3377983 0.1603064 0.02219108 0.3364471 0.1601265 0.01991623 0.3371592 0.1603204 0.01854132 0.340372 0.1607228 0.02198812 0.3399163 0.1643053 -0.02479058 0.3469562 0.1645167 -0.02246662 0.3451068 0.1641276 -0.02012478 0.3453134 0.1630714 -0.01838456 0.3475043 0.1634617 -0.01851846 0.3499476 0.1632504 -0.02084242 0.351797 0.1636394 -0.02318426 0.3515904 0.1646956 -0.02492447 0.3493994 0.1638835 -0.02165452 0.3484519 0.1654725 0.02182291 0.3428609 0.1654186 0.02486729 0.3389585 0.1654727 0.02369923 0.3367971 0.1645599 0.02101809 0.3359675 0.1639148 0.01901252 0.3371255 0.1646138 0.0179737 0.3398699 0.1645598 0.01914176 0.3420313 0.1650162 0.0214205 0.3394142 0.1690047 -0.02281247 0.3465308 0.1683283 -0.02013381 0.3454817 0.166794 -0.01761743 0.3473695 0.166516 -0.01795781 0.3508418 0.1674172 -0.01966208 0.3522991 0.1686151 -0.02232005 0.3518735 0.1688624 -0.02374414 0.3499016 0.1661176 0.02382847 0.341703 0.1680503 -0.02047419 0.348954 0.1698409 0.02096882 0.3422028 0.1700612 0.02320024 0.3377901 0.1696879 0.02170611 0.3358974 0.1683896 0.01907681 0.3356215 0.1674183 0.0174986 0.3371804 0.1681692 0.01684538 0.3400342 0.1685425 0.01833951 0.3419268 0.1691152 0.02002281 0.3389121 0.1729515 -0.01975678 0.3463614 0.1713987 -0.01725846 0.3462233 0.1698002 -0.01575079 0.3489476 0.1703067 -0.0169928 0.3521804 0.17247 -0.02034633 0.3523756 0.1735163 -0.02160265 0.349281 0.1708121 0.02254703 0.3406439 0.1719052 -0.01850047 0.3494561 0.1740442 0.01919361 0.3414171 0.1742054 0.02056912 0.3366651 0.1733122 0.01893813 0.3351145 0.1716778 0.01650484 0.3354029 0.1705697 0.01544646 0.3373024 0.1715166 0.01512934 0.340155 0.1724098 0.01676033 0.3417056 0.172861 0.01784923 0.33841 0.1774368 -0.01826783 0.3486789 0.1759291 -0.01596322 0.3465188 0.1737711 -0.01411159 0.3473063 0.1726254 -0.01363777 0.3505794 0.174153 -0.01533603 0.3532312 0.1768063 -0.01811445 0.3521182 0.1751522 0.02025199 0.3395177 0.1752987 -0.01580984 0.3499582 0.1774092 0.01550694 0.3411149 0.1783997 0.01738674 0.3390156 0.1785829 0.01706335 0.3365652 0.1765596 0.01607288 0.3346124 0.1748076 0.01446102 0.334701 0.1738171 0.01258121 0.3368003 0.1736339 0.0129046 0.3392507 0.1756572 0.01389507 0.3412035 0.1761084 0.01498398 0.3379079 0.1798437 -0.01307832 0.3474803 0.1807726 -0.01467865 0.349839 0.1778788 -0.01179965 0.3470395 0.175576 -0.01087076 0.3486694 0.175327 -0.01119353 0.3521456 0.1769537 -0.01203276 0.3537333 0.1796269 -0.01420483 0.3531121 0.1780993 -0.01250658 0.3504603 0.1810954 0.01303067 0.3395118 0.1818577 0.01309308 0.3371623 0.1802242 0.0130774 0.3346395 0.178335 0.01179212 0.3339377 0.1763678 0.01004551 0.3353 0.1756055 0.009983093 0.3376494 0.177239 0.009998776 0.3401722 0.1791281 0.01128405 0.340874 0.1787316 0.01153809 0.3374059 0.183256 -0.0104212 0.3510233 0.1825334 -0.00915079 0.3483909 0.1804476 -0.008395905 0.3474862 0.177815 -0.007673246 0.3486224 0.1769849 -0.007821733 0.3520193 0.1784543 -0.008146932 0.3539423 0.1815117 -0.009849461 0.3540033 0.1801986 -0.008718672 0.3509623 0.1835345 0.008864736 0.3384269 0.1838674 0.008603898 0.3359855 0.1818486 0.008642589 0.3337785 0.1796362 0.007786804 0.3335505 0.1777233 0.006425443 0.3353806 0.1773905 0.006686281 0.337822 0.1794093 0.00664759 0.3400291 0.1816217 0.007503374 0.340257 0.1806289 0.007645089 0.3369038 0.184729 -0.005489852 0.3504075 0.1829488 -0.004382068 0.3482785 0.1806183 -0.003903606 0.3481523 0.1783459 -0.004074949 0.3500726 0.1783015 -0.003695974 0.3525214 0.1800817 -0.004803758 0.3546504 0.1824122 -0.00528222 0.3547766 0.1815152 -0.004592913 0.3514645 0.1850278 0.004215334 0.3372831 0.18484 0.003821065 0.3348444 0.1824864 0.004057972 0.3330385 0.1801406 0.003722908 0.3332933 0.1784259 0.002696344 0.3355202 0.1786138 0.003090613 0.337959 0.1809674 0.002853706 0.3397648 0.1833132 0.003188769 0.3395101 0.1846845 -0.005110877 0.3528562 0.1817269 0.003455839 0.3364017 0.1854596 -0.0006323233 0.3515789 0.1839649 0.0002110907 0.3491149 0.1816549 0.0001524031 0.3485115 0.1791182 -0.0003043998 0.3499776 0.1785366 5.397141e-05 0.3523542 0.1800313 -0.0007894426 0.3548181 0.1823412 -0.000730755 0.3554215 0.1819981 -0.0002891759 0.3519665 0.1854243 -0.001289357 0.3354212 0.1838858 -0.0004174984 0.3329967 0.1815609 -0.0004056282 0.3324559 0.1790526 -0.0008186518 0.3339863 0.1785415 -0.0004452993 0.3363779 0.18008 -0.001317158 0.3388025 0.1824049 -0.001329028 0.3393432 0.1849132 -0.0009160041 0.3378129 0.184878 -0.0002739521 0.3539555 0.1819829 -0.000867328 0.3358996 0.1847717 0.004466623 0.3509935 0.1831392 0.003788818 0.3556169 0.1824579 0.00466968 0.3491298 0.1801178 0.004262716 0.3493203 0.1783694 0.003196404 0.3514991 0.1784853 0.003584911 0.3539437 0.1807992 0.003381854 0.3558074 0.1816285 0.004025767 0.3524686 0.184552 -0.006118921 0.3342538 0.1827423 -0.004968056 0.332176 0.180425 -0.004418695 0.3321143 0.1781957 -0.004560547 0.3340899 0.1782222 -0.00419485 0.3365411 0.1800319 -0.005345714 0.3386189 0.1823491 -0.005895074 0.3386807 0.1845784 -0.005753222 0.3367051 0.1848877 0.00485513 0.3534381 0.1813871 -0.005156885 0.3353975 0.183658 0.009224915 0.352141 0.1813322 0.008041745 0.356347 0.1816889 0.009247624 0.3498865 0.1795095 0.008327672 0.3495945 0.1775807 0.006916609 0.3513659 0.1771836 0.007144503 0.3538005 0.1791527 0.007121793 0.3560549 0.1804208 0.008184709 0.3529707 0.1822223 -0.009710662 0.3322634 0.1801406 -0.008883758 0.3314188 0.1775469 -0.008126301 0.3326239 0.1767976 -0.008284574 0.3360391 0.1782995 -0.008674156 0.3379214 0.1813168 -0.01044754 0.337891 0.1829798 -0.01101999 0.3348649 0.183261 0.00945281 0.3545755 0.1799625 -0.009246609 0.3348954 0.181262 0.01329459 0.3550776 0.1796444 0.01252692 0.3567139 0.1808738 0.01418409 0.3522148 0.1796899 0.0130894 0.3503886 0.1771993 0.01152606 0.3502317 0.1755817 0.01075839 0.351868 0.1759699 0.009868887 0.3547308 0.1771537 0.01096357 0.356557 0.1784218 0.01202649 0.3534728 0.1794273 -0.01355048 0.3313673 0.1774938 -0.01220686 0.33099 0.1752403 -0.0112608 0.3326814 0.1750622 -0.01162365 0.336158 0.1766941 -0.01253482 0.3376961 0.1793031 -0.01475691 0.3369851 0.1803733 -0.01520011 0.3336824 0.1777643 -0.01297802 0.3343933 0.1769315 0.01590266 0.357216 0.1781609 0.01755983 0.3527169 0.1761898 0.01656696 0.3507096 0.1744864 0.01490181 0.3507338 0.1734935 0.01296984 0.352781 0.173257 0.01324463 0.3552329 0.1752281 0.0142375 0.3572402 0.1757089 0.01540223 0.3539749 0.1769374 -0.01868601 0.3325274 0.1754504 -0.01630266 0.3304397 0.173339 -0.01442764 0.3312994 0.1722688 -0.01398444 0.3346021 0.1738076 -0.01576333 0.337194 0.1763648 -0.01858988 0.3359789 0.1779244 0.01783462 0.3551688 0.1748778 -0.01620653 0.3338912 0.173501 0.01948328 0.3575289 0.1719065 0.0170164 0.3577423 0.1746028 0.02061352 0.3556709 0.1736895 0.02097061 0.3528117 0.1728682 0.01934586 0.3512117 0.1712738 0.01687898 0.3514251 0.1701719 0.01574874 0.3532831 0.1710852 0.01539165 0.3561423 0.1723873 0.01818113 0.354477 0.1723963 -0.02001402 0.3302539 0.1708868 -0.01748649 0.3301911 0.1693671 -0.01599946 0.3329712 0.169895 -0.01731998 0.3361693 0.1719692 -0.02073364 0.336258 0.1729508 -0.02194064 0.3331228 0.1714147 -0.01880702 0.3333891 0.1680148 0.01849081 0.3579472 0.1692634 0.02113577 0.3582981 0.1702012 0.02277793 0.3567895 0.169466 0.02348095 0.3539439 0.1691566 0.02202018 0.3520109 0.1679081 0.01937523 0.35166 0.1669703 0.01773307 0.3531687 0.1677055 0.01703005 0.3560143 0.1685857 0.0202555 0.3549791 0.1683931 -0.02297646 0.3303992 0.1677559 -0.02026326 0.3294205 0.1671631 -0.01818233 0.3304584 0.1659733 -0.01754511 0.3331534 0.1665278 -0.01947173 0.3360223 0.1680639 -0.02260534 0.3357559 0.168251 -0.02398954 0.3337463 0.1675093 -0.02067873 0.332887 0.1640279 0.01919176 0.3580372 0.1648886 0.02186822 0.3589387 0.1654784 0.02392001 0.3578379 0.1647747 0.02501083 0.3551162 0.1648749 0.02389814 0.3529252 0.1640142 0.02122168 0.3520237 0.1634244 0.01916989 0.3531244 0.1641281 0.01807907 0.3558461 0.1644514 0.02154495 0.3554812 0.1639052 -0.02249081 0.3290161 0.1635882 -0.02014416 0.3292868 0.1625713 -0.01843831 0.3315256 0.1627207 -0.02100743 0.3357538 0.1630377 -0.02335409 0.335483 0.1640547 -0.02505993 0.3332442 0.1636595 -0.02485407 0.3308072 0.163313 -0.02174912 0.3323849 0.1603616 0.02054654 0.35916 0.1603746 0.02349106 0.3591412 0.1606431 0.0251627 0.357396 0.1596846 0.02514965 0.3545289 0.1599276 0.0234525 0.3528065 0.1599146 0.02050799 0.3528253 0.159646 0.01883635 0.3545705 0.1606046 0.0188494 0.3574376 0.1629664 -0.01864417 0.3339626 0.1601446 0.02199952 0.3559833 0.1593998 -0.02213925 0.3284109 0.1596138 -0.01987645 0.3291538 0.1588257 -0.01848528 0.3317001 0.1585766 -0.02181419 0.3353547 0.1583627 -0.02407699 0.3346119 0.1591507 -0.02546817 0.3320656 0.1588395 -0.02473134 0.3297288 0.1589882 -0.02197672 0.3318828 0.1564871 0.02075512 0.3598177 0.1562922 0.01845148 0.3579397 0.1554266 0.02399134 0.3590102 0.1547716 0.02483782 0.3556778 0.1553188 0.02358392 0.3536469 0.1556882 0.0207106 0.3531037 0.1558629 0.01873483 0.3544777 0.1591369 -0.0192221 0.3340369 0.1558322 0.0216016 0.3564854 0.1548866 -0.02268815 0.3281508 0.1554536 -0.02037481 0.3281051 0.1553188 -0.01815652 0.3300944 0.1545187 -0.02001727 0.3346107 0.1539517 -0.02233061 0.3346564 0.1540866 -0.0245489 0.3326671 0.1537248 -0.02450485 0.3302155 0.1547027 -0.02135271 0.3313808 0.1527418 0.01713038 0.357795 0.1527609 0.01908693 0.360061 0.1518252 0.02125761 0.3603691 0.1504016 0.02319002 0.3586125 0.1501064 0.02288654 0.3551382 0.1513861 0.02006312 0.3535132 0.1520869 0.01797686 0.3544627 0.1556806 -0.01820057 0.332546 0.1516813 0.0203666 0.3569874 0.1507838 -0.02063045 0.3274593 0.1518412 -0.01853715 0.3278947 0.1518447 -0.01668248 0.3302499 0.150461 -0.01917209 0.334298 0.1494036 -0.02126539 0.3338626 0.1494 -0.02312005 0.3315074 0.1492583 -0.02258555 0.3290944 0.1506224 -0.01990127 0.3308787 0.1494275 0.01582245 0.3593388 0.1473585 0.01954558 0.3607389 0.1457203 0.02106202 0.3580432 0.1462145 0.01985882 0.3547939 0.1475575 0.0180389 0.3540152 0.1491324 0.01551897 0.3558645 0.1519865 -0.01721699 0.332663 0.1478527 0.01834238 0.3574895 0.1476931 -0.01739612 0.3269781 0.1486431 -0.01515514 0.3286846 0.1474775 -0.01603604 0.3334138 0.1461179 -0.01796116 0.3337751 0.1451679 -0.02020214 0.3320686 0.1446714 -0.02027118 0.3296433 0.1463335 -0.01932123 0.3273394 0.1469055 -0.01767864 0.3303766 0.1461331 0.01409095 0.3606873 0.1466272 0.01288775 0.357438 0.1429744 0.01726558 0.3606728 0.1417905 0.0177532 0.3574154 0.1433109 0.01609501 0.3547342 0.144989 0.01440419 0.3547423 0.1491396 -0.01508609 0.3311099 0.1444949 0.01560739 0.3579916 0.1450364 -0.01423828 0.3266855 0.1460246 -0.01238448 0.3288103 0.144131 -0.01371935 0.3331843 0.1423557 -0.01530362 0.3330635 0.1413675 -0.01715742 0.3309387 0.1412118 -0.01681079 0.3284897 0.1432611 -0.01582255 0.3265646 0.143696 -0.01477095 0.3298745 0.144177 0.01007135 0.3572784 0.1439827 0.01074717 0.360707 0.1402174 0.01392578 0.3611749 0.1386618 0.01393393 0.3586003 0.1399528 0.01283737 0.3555375 0.1419321 0.01159177 0.3550651 0.1461803 -0.01273111 0.3312593 0.1417378 0.01226759 0.3584937 0.1424587 -0.0107582 0.3261834 0.1440557 -0.01009673 0.3278904 0.1436026 -0.009251034 0.3307572 0.1423125 -0.01032511 0.3325174 0.139778 -0.01182355 0.3325614 0.1381811 -0.01248502 0.3308544 0.1386342 -0.01333072 0.3279876 0.1399242 -0.01225664 0.3262273 0.1420231 0.01257173 0.3619688 0.1411184 -0.01129088 0.3293724 0.1427645 0.006786085 0.3588892 0.1405592 0.008597612 0.3623827 0.1383975 0.009548977 0.3620586 0.1364535 0.009533272 0.3597811 0.137317 0.008867106 0.3564554 0.1394033 0.008148285 0.3555207 0.1420547 0.00744378 0.3566223 0.1396885 0.00845242 0.3589958 0.1412191 -0.006821998 0.3260143 0.1425928 -0.006649514 0.3280331 0.1417752 -0.005939821 0.330853 0.1399961 -0.00679064 0.3322447 0.1373257 -0.007924552 0.3317262 0.1359519 -0.008097036 0.3297074 0.1367695 -0.008806729 0.3268876 0.1385486 -0.00795591 0.3254959 0.1392724 -0.007373275 0.3288703 0.1416612 0.003228861 0.3587126 0.1398986 0.004533103 0.3626653 0.1375628 0.004975878 0.3628237 0.1352695 0.004788951 0.3609315 0.1355728 0.00435587 0.3574716 0.1375556 0.004164521 0.356111 0.140424 0.003782985 0.3566727 0.1384263 0.004309712 0.3594979 0.1411839 -0.003251553 0.3264932 0.141467 -0.002251841 0.3293304 0.1400995 -0.002744066 0.331296 0.1371962 -0.003027258 0.3317091 0.1352753 -0.003088356 0.3302432 0.1349921 -0.004088067 0.327406 0.1363596 -0.003595842 0.3254404 0.139263 -0.00331265 0.3250273 0.1382296 -0.003169954 0.3283682 0.1411568 -0.0004792381 0.3585664 0.1408534 -4.615745e-05 0.3620263 0.1376967 0.0004330807 0.3634598 0.1348432 0.0004792381 0.3614336 0.1351466 4.615745e-05 0.3579737 0.1383033 -0.0004330807 0.3565402 0.138 1.188286e-16 0.36 0.1412312 0.000520273 0.326601 0.141127 0.001484235 0.3294642 0.139346 0.001335578 0.3311045 0.1364069 0.001439814 0.3309538 0.1348296 0.001792135 0.3291312 0.1349338 0.0008281734 0.3262681 0.1367148 0.0009768299 0.3246278 0.1396539 0.0008725938 0.3247784 0.1380304 0.001156204 0.3278661 0.141898 0.004195129 0.3267578 0.1399982 0.005616933 0.3306024 0.137689 0.006201456 0.3306319 0.1354818 0.00607349 0.3286291 0.1359428 0.005600182 0.3251921 0.1379735 0.005272803 0.3239406 0.1407967 0.004797139 0.3246492 0.1386826 0.005437559 0.327364 0.1428271 0.008134573 0.3286658 0.1408699 0.00967296 0.3302854 0.1387872 0.010745 0.329834 0.1369454 0.01075063 0.3274682 0.137939 0.009986737 0.3242002 0.1400173 0.009123929 0.323386 0.1426835 0.007750296 0.3251899 0.1401608 0.009508205 0.3268619 0.1444915 0.01166759 0.328711 0.1410342 0.01444719 0.329332 0.1394119 0.0150184 0.3262837 0.1407855 0.01378161 0.3233116 0.1427021 0.01240616 0.3229662 0.1447858 0.01086335 0.3253174 0.1424078 0.0132104 0.3263598 0.1468173 0.01492552 0.3286651 0.1437937 0.01822008 0.3284189 0.1427606 0.0186465 0.3251022 0.1443034 0.0168271 0.322541 0.1458737 0.01504051 0.3226779 0.1473545 0.01356534 0.3254852 0.1453365 0.01640069 0.3258577 0.1497836 0.01777435 0.3285104 0.1473583 0.02137772 0.3274066 0.1468135 0.02144411 0.3239499 0.1482887 0.01902182 0.3218989 0.1493812 0.01698867 0.3225128 0.1503314 0.01580759 0.3256675 0.1488335 0.01895543 0.3253556 0.1537133 0.01959456 0.3280083 0.151582 0.02372857 0.3263148 0.1513497 0.02327496 0.3228521 0.1525308 0.02032204 0.3213909 0.1530876 0.01824477 0.3224578 0.1536609 0.01753907 0.3258377 0.1527631 0.02077565 0.3248536 0.1529067 0.02182941 0.3281881 0.1575464 0.02108508 0.3277313 0.1566487 0.02432166 0.3267471 0.1560754 0.02502737 0.3233673 0.1565589 0.02364404 0.3214114 0.1568296 0.02073703 0.321017 0.1568749 0.01882487 0.3224958 0.1572828 0.01870287 0.3259698 0.1569732 0.02179079 0.3243515 0.1617148 0.02010828 0.3267894 0.1617801 0.02244196 0.3272829 0.1611786 0.02545671 0.3239864 0.1614769 0.02468622 0.3216596 0.1608927 0.02208352 0.3203754 0.1606451 0.01983366 0.3211489 0.1608201 0.01853794 0.3243955 0.1613006 0.02196152 0.3238494 0.166057 0.02176167 0.3267808 0.166058 0.02470482 0.3228011 0.1660629 0.02348389 0.320671 0.1650981 0.0208008 0.3199137 0.1644 0.0188443 0.3211281 0.1650971 0.01785765 0.3238934 0.1650922 0.01907858 0.3260236 0.1655775 0.02128123 0.3233473 0.1667551 0.02371817 0.3255665 0.1704154 0.02078541 0.3261052 0.1706475 0.0229023 0.321637 0.1702086 0.02137822 0.319786 0.1688613 0.01876716 0.3195851 0.1678602 0.01725457 0.3211933 0.1686293 0.01665027 0.3240533 0.1690682 0.01817436 0.3259044 0.1696384 0.01977628 0.3228452 0.1714166 0.022298 0.3244971 0.1745806 0.0188879 0.3253033 0.1747086 0.02015316 0.3205197 0.1737434 0.01851973 0.3190196 0.1720708 0.01612208 0.3193829 0.1709603 0.01513579 0.3213225 0.1719428 0.01485682 0.3241665 0.1729081 0.01649025 0.3256666 0.1733257 0.01750499 0.3223431 0.1756912 0.01987419 0.3233637 0.1778768 0.01509671 0.3250116 0.1788621 0.01692457 0.3228616 0.1789896 0.01655544 0.3204144 0.1769144 0.01557011 0.3185175 0.1751166 0.01401402 0.3186705 0.1741313 0.01218617 0.3208204 0.1740038 0.0125553 0.3232676 0.176079 0.01354063 0.3251645 0.1764967 0.01455537 0.321841 0.1814701 0.01251057 0.3233714 0.182183 0.01252044 0.3210043 0.1804973 0.01250315 0.3185182 0.1785556 0.01126729 0.3178783 0.1765868 0.00957286 0.3193065 0.1758738 0.009562991 0.3216735 0.1775596 0.009580275 0.3241597 0.1795012 0.01081613 0.3247995 0.1790284 0.01104171 0.3213389 0.1837911 0.008268008 0.3222773 0.1840582 0.007977644 0.3198308 0.1819906 0.008034905 0.3176726 0.1797487 0.007244932 0.3175088 0.1778544 0.005932365 0.3193963 0.1775873 0.006222729 0.3218429 0.1796549 0.006165467 0.3240011 0.1818968 0.00695544 0.3241648 0.1808228 0.007100186 0.3208368 0.1851492 0.00357105 0.3211274 0.1848893 0.003174806 0.3186962 0.1824977 0.003447605 0.3169496 0.18015 0.003184645 0.3172683 0.1784712 0.002195995 0.319542 0.1787312 0.002592239 0.3219732 0.1811227 0.002319439 0.3237199 0.1834705 0.002582399 0.3234012 0.1818102 0.002883522 0.3203347 0.1853696 -0.001944624 0.3192639 0.1837889 -0.00104206 0.3168805 0.1814528 -0.0009589423 0.3164028 0.1789751 -0.001329742 0.3179963 0.1785354 -0.000945137 0.3204013 0.1801161 -0.001847701 0.3227848 0.1824522 -0.001930819 0.3232625 0.1849298 -0.001560019 0.321669 0.1819525 -0.001444881 0.3198326 0.1843568 -0.006741766 0.318101 0.1825199 -0.00554633 0.3160758 0.1802197 -0.004926867 0.3160785 0.1780349 -0.005041533 0.3181081 0.1781315 -0.00469282 0.3205601 0.1799683 -0.005888256 0.3225853 0.1822686 -0.006507719 0.3225826 0.1844533 -0.006393053 0.320553 0.1812441 -0.005717293 0.3193305 0.1818959 -0.01026016 0.3161376 0.179822 -0.009361553 0.3153539 0.177269 -0.008571391 0.3166269 0.1765999 -0.008743684 0.320058 0.1781309 -0.009199269 0.3218984 0.1811045 -0.0110413 0.3217766 0.1826861 -0.01161019 0.3187066 0.1797125 -0.009768157 0.3188285 0.1799593 -0.01570916 0.3175262 0.1784135 -0.01384916 0.3149962 0.1760251 -0.01216735 0.3153782 0.1744435 -0.01159847 0.3184482 0.175374 -0.01189475 0.320711 0.1773075 -0.0138471 0.3218009 0.1789628 -0.0153005 0.3208564 0.177417 -0.0134405 0.3183264 0.1758888 -0.0180543 0.3149902 0.1741295 -0.01575408 0.3144409 0.1720864 -0.01420833 0.3168255 0.1724036 -0.01504626 0.3202089 0.1749919 -0.01799208 0.3209853 0.1764341 -0.01945436 0.3181513 0.1744466 -0.01659201 0.3178243 0.1718359 -0.02025493 0.3141485 0.1703711 -0.01770051 0.3141611 0.168929 -0.01623823 0.3169951 0.1694742 -0.01763829 0.3201562 0.1714564 -0.02110729 0.3201385 0.1723758 -0.02226164 0.3169648 0.1709164 -0.01910057 0.3173222 0.1677786 -0.0231225 0.3142692 0.1671823 -0.02037686 0.3133618 0.1666612 -0.01830421 0.3144577 0.1655038 -0.0177079 0.3171774 0.1660437 -0.01971462 0.3199937 0.1675031 -0.02287569 0.3196364 0.1676324 -0.02421689 0.3175905 0.1669632 -0.02086898 0.3168201 0.1632953 -0.02249792 0.3129277 0.1630504 -0.02015024 0.3132624 0.1620709 -0.01848078 0.3155475 0.162185 -0.02115946 0.3197083 0.1624299 -0.02350714 0.3193736 0.1634094 -0.02517661 0.3170885 0.1630132 -0.02489862 0.3146594 0.1627401 -0.02182869 0.316318 0.162467 -0.01875877 0.3179766 0.1588161 -0.02202391 0.3123404 0.159097 -0.01978787 0.3131444 0.1583295 -0.01844467 0.3157245 0.1580057 -0.02186115 0.3192914 0.1577248 -0.02409719 0.3184873 0.1584923 -0.02544039 0.3159073 0.1582078 -0.02463658 0.3135909 0.1584109 -0.02194253 0.3158159 0.158614 -0.01924848 0.3180409 0.1543104 -0.02246187 0.3120511 0.1549472 -0.02016644 0.3120699 0.154839 -0.01799307 0.3141128 0.1539761 -0.0199503 0.3185765 0.1533392 -0.02224573 0.3185577 0.1534474 -0.0244191 0.3165148 0.1531036 -0.02430517 0.3140629 0.1541432 -0.02120608 0.3153138 0.1551829 -0.018107 0.3165647 0.150279 -0.02029707 0.311377 0.151394 -0.01824714 0.3118757 0.1514049 -0.01644417 0.3142731 0.149926 -0.0189987 0.3182465 0.148811 -0.02104863 0.3177477 0.1488001 -0.0228516 0.3153503 0.1487018 -0.02225946 0.3129496 0.1501025 -0.01964789 0.3148117 0.1515032 -0.01703631 0.3166738 0.1473003 -0.01700011 0.3109316 0.1482642 -0.01480945 0.3126981 0.1470127 -0.015767 0.3173903 0.1455903 -0.01765653 0.3176877 0.1446265 -0.01984719 0.3159212 0.1441656 -0.01985349 0.3134873 0.145878 -0.01888964 0.311229 0.1464453 -0.01732832 0.3143096 0.1487251 -0.01480315 0.315132 0.1447335 -0.0137883 0.310656 0.1457152 -0.01198631 0.3128307 0.1437128 -0.01335893 0.3171442 0.1418933 -0.01488624 0.3169591 0.1409116 -0.01668824 0.3147844 0.1408129 -0.01629736 0.3123394 0.142914 -0.01531562 0.3104709 0.1433134 -0.01433727 0.3138075 0.1458139 -0.01237719 0.3152757 0.1422482 -0.01024167 0.3101539 0.1438268 -0.009649954 0.3119067 0.1433286 -0.00883056 0.3147736 0.1419688 -0.00988627 0.3164884 0.139408 -0.01133961 0.3164569 0.1378294 -0.01193133 0.3147042 0.1383276 -0.01275073 0.3118373 0.1396874 -0.01169502 0.3101225 0.1408281 -0.01079064 0.3133054 0.1411123 -0.006290191 0.3100005 0.1424423 -0.006175052 0.3120552 0.1415729 -0.005472316 0.3148604 0.1397365 -0.006279381 0.3161986 0.1370591 -0.007361551 0.3156062 0.1357291 -0.00747669 0.3135515 0.1365985 -0.008179425 0.3107463 0.1384349 -0.007372361 0.3094081 0.1390857 -0.006825871 0.3128034 0.1411533 -0.002745865 0.3105039 0.1413861 -0.001759721 0.3133509 0.139956 -0.002215949 0.3152773 0.1370391 -0.002448727 0.3156157 0.1351542 -0.002447318 0.3140986 0.1349215 -0.003433462 0.3112516 0.1363515 -0.002977234 0.3093252 0.1392684 -0.002744456 0.3089868 0.1381538 -0.002596592 0.3123012 0.1412849 0.001017512 0.3106196 0.141129 0.001988316 0.3134778 0.1393041 0.001896909 0.3150697 0.1363719 0.002052903 0.3148438 0.1348518 0.002449103 0.3129787 0.1350078 0.001478298 0.3101205 0.1368326 0.001569706 0.3085287 0.1397649 0.001413712 0.3087546 0.1380684 0.001733307 0.3117992 0.1420322 0.004673815 0.310781 0.1400686 0.006159641 0.3145676 0.1377782 0.006813796 0.3145327 0.1356163 0.006711835 0.3124766 0.1361544 0.006212254 0.3090545 0.1382035 0.005815162 0.3078589 0.1410006 0.005294342 0.3086403 0.1388329 0.00599604 0.3112971 0.1430107 0.008617125 0.3126764 0.1410469 0.0102073 0.3142332 0.1390083 0.01133639 0.3137186 0.1372183 0.01134865 0.311311 0.1382729 0.01053089 0.3080754 0.1403415 0.009596603 0.3073223 0.1429346 0.008187306 0.3092037 0.1404176 0.01002642 0.310795 0.1447636 0.01212065 0.3127106 0.1413518 0.01497824 0.3132166 0.1398108 0.01554374 0.3101254 0.1412201 0.01423378 0.3072017 0.1431002 0.01279606 0.3069203 0.1451026 0.01124844 0.309338 0.1427611 0.01366827 0.3102929 0.1471766 0.01533208 0.3126511 0.1442251 0.01868113 0.3122893 0.1432648 0.01907108 0.3089463 0.1448124 0.01717042 0.3064478 0.1463251 0.01534032 0.306649 0.147729 0.01389193 0.3095093 0.1457727 0.01678047 0.3097908 0.1502251 0.01811559 0.3124807 0.1478872 0.02174158 0.3112651 0.1473956 0.02174634 0.3077998 0.148844 0.01924717 0.3058234 0.1498667 0.01719596 0.3064995 0.1507562 0.01606914 0.3096915 0.1493356 0.01924241 0.3092887 0.1542012 0.01983187 0.3119786 0.1521849 0.02397231 0.3101645 0.151978 0.02344136 0.3067111 0.1531048 0.02042776 0.3053333 0.1535903 0.01836065 0.306458 0.1541283 0.01772836 0.3098581 0.1533117 0.0209587 0.3087866 0.1534616 0.02209363 0.3120941 0.1580851 0.02123053 0.3116846 0.1572685 0.02446087 0.3106132 0.1567304 0.02509316 0.3072131 0.1571772 0.02364781 0.3052967 0.1573972 0.02072789 0.304977 0.1573805 0.01885255 0.3065067 0.1577841 0.01881185 0.3099831 0.157547 0.02186282 0.3082845 0.1622473 0.02013476 0.3107702 0.1623842 0.02247688 0.3112004 0.1618367 0.02541921 0.3078281 0.1621065 0.02458246 0.3055225 0.1614738 0.02196045 0.304306 0.16116 0.0197391 0.3051404 0.1613203 0.01852345 0.3084186 0.1618774 0.02191975 0.3077824 0.1666418 0.0216844 0.3106983 0.1666922 0.02452357 0.3066441 0.1666453 0.02325242 0.3045466 0.1656283 0.02057013 0.3038623 0.16488 0.01866541 0.3051323 0.1655779 0.01773097 0.3079165 0.1656247 0.01900212 0.3100141 0.166135 0.02112727 0.3072803 0.16739 0.02358912 0.3094284 0.1709866 0.02058554 0.3100054 0.1712244 0.02258745 0.3054848 0.1707183 0.0210369 0.3036767 0.1693232 0.01844664 0.3035511 0.1682955 0.01700114 0.3052073 0.1690855 0.01644473 0.3080717 0.1695915 0.01799529 0.3098798 0.1701549 0.01951609 0.3067783 0.1720143 0.02203104 0.3083492 0.1751098 0.01856626 0.3091874 0.1751989 0.01972319 0.3043756 0.1741615 0.0180911 0.3029269 0.1724527 0.01573105 0.3033649 0.1713436 0.01481688 0.3053432 0.1723637 0.01457413 0.3081767 0.173401 0.01620621 0.3096254 0.1737813 0.01714866 0.3062761 0.176219 0.01948044 0.307209 0.1777632 0.01446641 0.309141 0.1791749 0.0166073 0.3049074 0.1783147 0.01550162 0.3029009 0.1759841 0.01376699 0.3024071 0.1743555 0.01267563 0.3038165 0.1745724 0.0116261 0.3066407 0.1754325 0.01273178 0.3086473 0.1768736 0.0141167 0.3057741 0.1793918 0.01555777 0.3077317 0.1818302 0.01197878 0.3072296 0.1824911 0.01193877 0.3048465 0.1807532 0.01192263 0.3023988 0.1787616 0.01073888 0.3018214 0.1767939 0.009096642 0.3033144 0.1761331 0.009136648 0.3056974 0.177871 0.009152788 0.3081452 0.1798626 0.01033654 0.3087226 0.1793121 0.01053771 0.305272 0.1840305 0.007663146 0.3061267 0.1842303 0.007346755 0.3036767 0.182115 0.007425127 0.3015688 0.179847 0.006702425 0.3014695 0.1779739 0.005437607 0.3034131 0.1777741 0.005753998 0.3058631 0.1798894 0.005675626 0.3079709 0.1821574 0.006398328 0.3080702 0.1810022 0.006550376 0.3047699 0.1852517 0.002922873 0.3049712 0.1849196 0.002528446 0.3025492 0.1824921 0.00283908 0.300863 0.1801462 0.002648228 0.3012455 0.1785053 0.001695553 0.3035643 0.1788373 0.00208998 0.3059863 0.1812648 0.001779345 0.3076726 0.1836108 0.001970197 0.3072901 0.1818785 0.002309213 0.3042678 0.1852958 -0.002597512 0.3031071 0.1836745 -0.001662066 0.3007663 0.1813309 -0.001507207 0.3003519 0.1788861 -0.001837455 0.3020076 0.1785181 -0.001445357 0.3044243 0.1801394 -0.002380804 0.3067651 0.182483 -0.002535662 0.3071795 0.1849277 -0.002205414 0.3055238 0.1819069 -0.002021435 0.3037657 0.1841437 -0.00735783 0.301949 0.182282 -0.006116454 0.2999779 0.1800024 -0.005427879 0.300045 0.1778636 -0.005517739 0.3021271 0.1780293 -0.00518967 0.3045782 0.179891 -0.006431045 0.3065493 0.1821706 -0.007119621 0.3064822 0.1843094 -0.007029761 0.3044001 0.1810865 -0.00627375 0.3032636 0.1815545 -0.01079886 0.3000137 0.1794922 -0.00982905 0.2992913 0.1769815 -0.009008368 0.3006314 0.1763917 -0.009198874 0.3040761 0.1779483 -0.009721901 0.3058733 0.1808746 -0.01163019 0.3056602 0.1823752 -0.01219124 0.3025484 0.1794489 -0.01028295 0.3027615 0.1795308 -0.01620534 0.3013706 0.1779824 -0.01426398 0.2989042 0.175632 -0.01254645 0.2993607 0.1741315 -0.0119854 0.3024726 0.175096 -0.01234526 0.3047097 0.1770145 -0.01434759 0.3057296 0.1786061 -0.01583505 0.3047259 0.1770577 -0.01389369 0.3022594 0.1753715 -0.01839952 0.2988713 0.1736454 -0.01605897 0.2983961 0.1716837 -0.01451055 0.3008465 0.1720438 -0.0154176 0.3042076 0.1745639 -0.01844643 0.3048793 0.1759299 -0.01987993 0.3019933 0.1740055 -0.01696603 0.3017573 0.1712708 -0.02047945 0.2980454 0.1698521 -0.01790052 0.2981333 0.1684861 -0.01646703 0.3010193 0.1690445 -0.01794743 0.3041413 0.1709318 -0.02146686 0.304017 0.171792 -0.02256538 0.3008071 0.1704106 -0.01938093 0.3012552 0.1671617 -0.02325059 0.2981411 0.1666079 -0.02047472 0.2973054 0.1661579 -0.0184141 0.2984586 0.1650307 -0.01786035 0.3012013 0.165552 -0.01994628 0.303963 0.1669334 -0.02313074 0.3035149 0.1670071 -0.02442596 0.3014342 0.1664122 -0.0210448 0.3007531 0.1626873 -0.0224881 0.2968417 0.1625144 -0.02014318 0.2972401 0.1615704 -0.01851202 0.29957 0.1616434 -0.02129826 0.3036604 0.1618163 -0.02364318 0.303262 0.1627603 -0.02527433 0.3009321 0.1623669 -0.02492427 0.2985127 0.1621654 -0.02189318 0.300251 0.1619638 -0.01886209 0.3019894 0.1582377 -0.02189318 0.2962722 0.1585841 -0.01968738 0.2971369 0.1578346 -0.01839318 0.299749 0.1574316 -0.02189318 0.3032257 0.1570852 -0.02409897 0.302361 0.1578346 -0.02539318 0.299749 0.1575804 -0.02452388 0.2974544 0.1578346 -0.02189318 0.299749 0.1580889 -0.01926247 0.3020435 0.1537423 -0.02222016 0.2959538 0.154448 -0.01994628 0.296037 0.154364 -0.01781918 0.298132 0.1534333 -0.01986944 0.30254 0.1527276 -0.02214332 0.3024567 0.1528116 -0.02427043 0.3003617 0.1524893 -0.02408766 0.2979111 0.1535878 -0.0210448 0.2992468 0.1546863 -0.01800194 0.3005826 0.1497851 -0.01995101 0.2952971 0.1509555 -0.01794743 0.2958588 0.1509709 -0.01619647 0.2982966 0.1493937 -0.01881084 0.3021925 0.1482234 -0.02081442 0.3016308 0.148208 -0.02256538 0.2991929 0.1481559 -0.02191798 0.2968061 0.1495894 -0.01938093 0.2987448 0.1510229 -0.01684388 0.3006834 0.1469192 -0.01659573 0.2948874 0.1478943 -0.01445606 0.2967127 0.1465529 -0.01548563 0.3013646 0.1450698 -0.01733632 0.301598 0.1440947 -0.019476 0.2997727 0.1436727 -0.01942151 0.2973318 0.1454361 -0.01844643 0.2951207 0.1459945 -0.01696603 0.2982427 0.1483163 -0.01451055 0.2991535 0.1444429 -0.01333263 0.2946288 0.1454154 -0.01158203 0.2968518 0.1433024 -0.01298663 0.3011018 0.1414417 -0.01445474 0.3008524 0.1404692 -0.01620534 0.2986294 0.1404297 -0.01577326 0.2961901 0.1425822 -0.01480074 0.2943794 0.1429423 -0.01389369 0.2977406 0.1454549 -0.01201411 0.2992911 0.1420517 -0.009721901 0.2941267 0.1436083 -0.009198874 0.2959239 0.1430637 -0.008403375 0.298789 0.1416351 -0.009437082 0.3004571 0.1390505 -0.01084401 0.3003503 0.1374939 -0.01136703 0.2985531 0.1380385 -0.01216253 0.295688 0.139467 -0.01112883 0.2940199 0.1405511 -0.01028295 0.2972385 0.1410191 -0.005757845 0.2939886 0.1423024 -0.005697673 0.2960778 0.141381 -0.004999164 0.2988665 0.1394896 -0.005759522 0.3001502 0.1368079 -0.006789655 0.2994842 0.1355247 -0.006849827 0.2973951 0.1364461 -0.007548336 0.2946064 0.1383374 -0.006787978 0.2933227 0.1389135 -0.00627375 0.2967364 0.1411342 -0.002240668 0.2945158 0.1413159 -0.001265423 0.2973708 0.1398254 -0.001682419 0.2992566 0.1368975 -0.001864139 0.29952 0.1350519 -0.001802202 0.2979528 0.1348702 -0.002777446 0.2950979 0.1363608 -0.00236045 0.293212 0.1392886 -0.00217873 0.2929486 0.1380931 -0.002021435 0.2962343 0.1413496 0.001512834 0.2946391 0.1411423 0.002493192 0.2974903 0.1392767 0.002461261 0.2990326 0.136354 0.002668582 0.2987317 0.1348934 0.003105592 0.2968254 0.1351007 0.002125233 0.2939741 0.1369664 0.002157164 0.2924318 0.1398891 0.001949844 0.2927328 0.1381215 0.002309213 0.2957322 0.1421768 0.005149315 0.2948047 0.140153 0.006702425 0.2985305 0.137885 0.007425127 0.2984312 0.1357697 0.007346755 0.2963233 0.1363833 0.006816888 0.2929185 0.1384473 0.006349205 0.2917795 0.1412158 0.005784668 0.2926332 0.1389978 0.006550376 0.2952301 0.1432061 0.009096642 0.2966856 0.1412384 0.01073888 0.2981786 0.1392469 0.01192263 0.2976013 0.1375089 0.01193877 0.2951535 0.1386217 0.01106402 0.2919525 0.1406768 0.01005887 0.291261 0.143195 0.008617799 0.2932186 0.1406879 0.01053771 0.294728 0.1450474 0.01256854 0.2967085 0.1416853 0.01550162 0.2970991 0.1402251 0.01605716 0.2939672 0.1416661 0.01467224 0.291094 0.1435066 0.01317426 0.2908767 0.1454276 0.0116261 0.2933592 0.1431264 0.0141167 0.2942259 0.1475473 0.01573105 0.2966351 0.1446706 0.01913073 0.2961579 0.143781 0.01948044 0.2927909 0.1453292 0.01749837 0.2903569 0.1467821 0.01562785 0.2906223 0.1481107 0.01421024 0.2935335 0.1462187 0.01714866 0.2937239 0.1506768 0.01844664 0.2964489 0.1484275 0.02209062 0.2951223 0.1479857 0.02203104 0.2916508 0.1494033 0.01945651 0.2897502 0.1503554 0.01739094 0.290488 0.1511871 0.01632149 0.2937152 0.1498451 0.01951609 0.2932218 0.1546967 0.02005781 0.2959468 0.1527955 0.02419863 0.2940131 0.15261 0.02358912 0.2905716 0.1536794 0.02051776 0.2892781 0.1540941 0.01846455 0.2904597 0.1546009 0.01790742 0.2938777 0.153865 0.02112727 0.2927197 0.1540253 0.02234292 0.2959979 0.1586294 0.02136261 0.2956356 0.1578935 0.02458246 0.2944776 0.1573867 0.0251396 0.2910595 0.1577934 0.02363423 0.2891841 0.1579623 0.02070409 0.2889394 0.1578855 0.01886877 0.2905189 0.1582891 0.01890947 0.2939954 0.1581226 0.02191975 0.2922176 0.1627821 0.02014834 0.294749 0.162991 0.02249512 0.2951156 0.1624937 0.02536229 0.2916698 0.1627315 0.02446087 0.2893868 0.1620493 0.02182212 0.2882391 0.1616708 0.01963273 0.2891338 0.1618207 0.0184978 0.2924413 0.162453 0.02186282 0.2917155 0.1672263 0.02159099 0.2946135 0.1673206 0.02432372 0.2904876 0.1672194 0.02300515 0.2884241 0.1661502 0.02032641 0.2878133 0.1653545 0.01847603 0.2891379 0.166056 0.01759368 0.2919392 0.1661571 0.01891225 0.2940027 0.1666883 0.0209587 0.2912134 0.168022 0.02344136 0.2932889 0.1715539 0.02036924 0.2939033 0.1717912 0.02225602 0.2893335 0.1712168 0.02068256 0.2875695 0.1697749 0.01811559 0.2875192 0.1687244 0.01673849 0.2892224 0.1695376 0.0162288 0.2920891 0.170112 0.01780227 0.2938531 0.1706644 0.01924241 0.2907113 0.1726044 0.02174634 0.2922001 0.1756312 0.01822886 0.2930695 0.1756757 0.01927964 0.2882328 0.1745664 0.01765268 0.2868366 0.1728234 0.01533208 0.2873489 0.1717193 0.01448986 0.2893647 0.1727789 0.0142813 0.2921856 0.1738882 0.01590826 0.2935818 0.1742273 0.01678047 0.2902092 0.1767353 0.01907108 0.2910537 0.1781992 0.01405822 0.2930501 0.1795803 0.01608811 0.2887522 0.1786482 0.01497824 0.2867834 0.1762785 0.01327832 0.2863641 0.1746458 0.01225898 0.2878257 0.1748974 0.01124844 0.290662 0.1758296 0.0123583 0.2926308 0.1772389 0.01366827 0.2897071 0.179832 0.01507757 0.2915885 0.1821755 0.01143572 0.2910864 0.1827817 0.01134865 0.288689 0.1809917 0.01133639 0.2862813 0.1789531 0.0102073 0.2857668 0.1769893 0.008617125 0.2873236 0.1763831 0.008704197 0.289721 0.1781731 0.008716452 0.2921287 0.1802117 0.009845544 0.2926432 0.1795824 0.01002642 0.289205 0.1842525 0.00705068 0.2899751 0.1843837 0.006711835 0.2875234 0.1822218 0.006813796 0.2854674 0.1799314 0.006159641 0.2854324 0.1780818 0.004941399 0.2874307 0.1779506 0.005280244 0.2898825 0.1801125 0.005178283 0.2919385 0.1824029 0.005832438 0.2919734 0.1811671 0.00599604 0.2887029 0.1853351 0.002271404 0.2888145 0.1849311 0.001882581 0.2864034 0.1824697 0.002232888 0.2847787 0.1801293 0.00211395 0.2852248 0.1785281 0.001195211 0.2875871 0.1789321 0.001584034 0.2899982 0.1813935 0.001233726 0.2916229 0.1837339 0.001352665 0.2911769 0.1819316 0.001733307 0.2882008 0.1852028 -0.00324741 0.2869506 0.1835428 -0.002276996 0.2846541 0.1811954 -0.002050102 0.2843035 0.1787857 -0.002341583 0.2860201 0.1784896 -0.001945773 0.2884469 0.1801497 -0.002916187 0.2907434 0.182497 -0.003143081 0.291094 0.1849068 -0.002851601 0.2893774 0.1818462 -0.002596592 0.2876987 0.183913 -0.00796656 0.2857979 0.182029 -0.006678007 0.2838822 0.1797736 -0.005921498 0.2840137 0.177682 -0.005989001 0.2861469 0.1779156 -0.005685181 0.2885954 0.1797996 -0.006973736 0.2905111 0.182055 -0.007730244 0.2903796 0.1841466 -0.007662741 0.2882464 0.1809143 -0.006825871 0.2871967 0.1811985 -0.01132632 0.2838917 0.1791515 -0.01028602 0.2832312 0.1766847 -0.009437089 0.2846375 0.1761732 -0.009649954 0.2880933 0.1777518 -0.01024167 0.2898461 0.1806274 -0.01221364 0.2895418 0.1820475 -0.01276261 0.2863903 0.1791719 -0.01079064 0.2866946 0.1790884 -0.01668824 0.2852156 0.1775416 -0.01466548 0.2828144 0.1752311 -0.01291427 0.2833453 0.173811 -0.0123653 0.2864968 0.1748063 -0.01279045 0.2887068 0.176707 -0.01484189 0.2896558 0.1782334 -0.01636003 0.2885937 0.1766866 -0.01433727 0.2861925 0.1748462 -0.01872906 0.2827544 0.1731552 -0.01634998 0.2823537 0.1712749 -0.01480315 0.284868 0.1716744 -0.0157815 0.2882047 0.174122 -0.01888964 0.288771 0.1754135 -0.02029039 0.2858351 0.1735547 -0.01732832 0.2856904 0.1711136 -0.02209779 0.2830045 0.1703156 -0.01955518 0.2817146 0.1684968 -0.01703631 0.2833261 0.1680787 -0.01712902 0.2867998 0.1704648 -0.02120921 0.2882689 0.1709372 -0.02274697 0.2864392 0.1698975 -0.01964789 0.2851883 0.1690935 -0.01860824 0.2884322 0.1665429 -0.02336074 0.2820147 0.1660333 -0.0205569 0.2812515 0.1656537 -0.01851203 0.2824611 0.1645544 -0.01800237 0.2852248 0.1650528 -0.02016644 0.2879301 0.1663552 -0.02337015 0.2873915 0.1663758 -0.02461653 0.2852774 0.1658568 -0.02120608 0.2846862 0.1620818 -0.0224615 0.280758 0.1619807 -0.02012312 0.2812199 0.1610702 -0.01853209 0.2835929 0.1610965 -0.02142357 0.2876102 0.1611975 -0.02376194 0.2871483 0.1621081 -0.02535298 0.2847753 0.1617213 -0.02493108 0.2823672 0.1615891 -0.02194253 0.2841841 0.161457 -0.01895398 0.286001 0.1575701 -0.02350714 0.2806264 0.1578151 -0.02115946 0.2802917 0.157533 -0.01875877 0.2820234 0.1569496 -0.02015024 0.2867376 0.1567047 -0.02249792 0.2870723 0.1569868 -0.02489862 0.2853406 0.1565907 -0.02517661 0.2829115 0.1572599 -0.02182869 0.283682 0.1579291 -0.01848078 0.2844525 0.153183 -0.02196336 0.2798586 0.1539563 -0.01971462 0.2800063 0.153894 -0.01763498 0.282152 0.1528907 -0.01977459 0.2865012 0.1521174 -0.02202333 0.2863536 0.1521797 -0.02410297 0.2842078 0.1518825 -0.0238526 0.2817602 0.1530368 -0.02086898 0.2831799 0.1541912 -0.01788535 0.2845996 0.1493027 -0.01959268 0.2792195 0.1505258 -0.01763829 0.2798438 0.150543 -0.0159395 0.2823205 0.1488645 -0.01860846 0.2861361 0.1476414 -0.02056286 0.2855119 0.1476241 -0.02226164 0.2830352 0.1476213 -0.02156148 0.280664 0.1490836 -0.01910057 0.2826778 0.1505459 -0.01663967 0.2846917 0.1465499 -0.01618335 0.2788455 0.1475335 -0.01409518 0.2807283 0.1460987 -0.01519195 0.2853368 0.1445569 -0.01700067 0.2855059 0.1435733 -0.01908884 0.2836232 0.1431932 -0.01897569 0.281177 0.1450081 -0.01799208 0.2790146 0.1455534 -0.01659201 0.2821757 0.1479136 -0.01420833 0.2831745 0.1441646 -0.01287161 0.2786036 0.1451252 -0.01117184 0.2808735 0.1429001 -0.01260257 0.285057 0.1410013 -0.01400939 0.2847436 0.1400407 -0.01570916 0.2824738 0.1400625 -0.01523905 0.2800419 0.1422658 -0.01427843 0.2782902 0.142583 -0.0134405 0.2816736 0.1451034 -0.01164195 0.2833054 0.1418691 -0.009199269 0.2781016 0.1434001 -0.008743684 0.279942 0.1428079 -0.007969608 0.2828033 0.141312 -0.008977731 0.2844236 0.1387059 -0.01033704 0.2842415 0.1371748 -0.01079263 0.2824011 0.1377671 -0.01156671 0.2795398 0.139263 -0.01055858 0.2779195 0.1402875 -0.009768157 0.2811716 0.1409393 -0.005225286 0.2779786 0.142173 -0.005217549 0.2801008 0.1411994 -0.004520528 0.282871 0.1392556 -0.005231355 0.2840993 0.1365725 -0.0062093 0.2833603 0.1353387 -0.006217037 0.2812381 0.1363123 -0.006914059 0.2784679 0.1382561 -0.006203231 0.2772396 0.1387559 -0.005717293 0.2806695 0.1411265 -0.001736164 0.2785289 0.1412567 -0.0007691208 0.2813898 0.1397078 -0.001143757 0.2832338 0.1367717 -0.001273917 0.2834221 0.1349685 -0.001153597 0.2818058 0.1348383 -0.00212064 0.2789449 0.1363872 -0.001746004 0.277101 0.1393233 -0.001615844 0.2769127 0.1380475 -0.001444881 0.2801674 0.1414252 0.002006064 0.2786592 0.1411671 0.002998661 0.2815016 0.1392639 0.003028268 0.2829933 0.1363534 0.003286342 0.2826174 0.1349544 0.00376098 0.2806713 0.1352124 0.002768384 0.2778289 0.1371157 0.002738776 0.2763373 0.1400262 0.002480702 0.2767131 0.1381898 0.002883522 0.2796653 0.1423318 0.005621464 0.2788286 0.1402513 0.007244932 0.2824911 0.1380094 0.008034905 0.2823274 0.1359418 0.007977644 0.2801692 0.1366293 0.007413561 0.2767841 0.1387044 0.006874606 0.2757026 0.1414421 0.006267913 0.2766279 0.1391772 0.007100186 0.2791632 0.1434132 0.00957286 0.2806935 0.1414444 0.01126729 0.2821217 0.1395027 0.01250315 0.2814818 0.137817 0.01252044 0.2789957 0.1389848 0.01158572 0.2758315 0.1410228 0.0105105 0.275202 0.1434645 0.009041644 0.2772345 0.1409716 0.01104171 0.2786611 0.145343 0.01301095 0.2807046 0.1420344 0.01601681 0.2809798 0.1406543 0.01655815 0.2778092 0.1421232 0.01509671 0.2749885 0.143921 0.01354063 0.2748355 0.1457606 0.01199621 0.2773811 0.1435033 0.01455537 0.278159 0.1479292 0.01612208 0.2806171 0.1451298 0.01956838 0.2800249 0.1443088 0.01987419 0.2766363 0.1458533 0.0178108 0.2742683 0.1472444 0.01590306 0.2745977 0.1484994 0.01452015 0.2775579 0.1466743 0.01750499 0.2776569 0.1511387 0.01876716 0.2804148 0.1489787 0.02242446 0.2789782 0.1485834 0.022298 0.2755029 0.1499663 0.01964983 0.2736795 0.150847 0.01757363 0.2744785 0.1516241 0.01656451 0.2777385 0.1503616 0.01977628 0.2771548 0.1551995 0.02027211 0.2799128 0.1534133 0.02440725 0.2778609 0.1532449 0.02371817 0.2744335 0.1542541 0.02059215 0.2732254 0.1545988 0.01855654 0.274463 0.1550783 0.01807611 0.2778965 0.1544224 0.02128123 0.2766527 0.1545975 0.02257696 0.2798993 0.1591789 0.02148109 0.2795842 0.1585231 0.02468622 0.2783404 0.1580436 0.02516665 0.2749068 0.1584072 0.02360346 0.2730735 0.1585244 0.0206658 0.272904 0.1583898 0.0188736 0.2745323 0.1587977 0.0189956 0.2780063 0.1586994 0.02196152 0.2761506 0.1633191 0.02014885 0.2787257 0.1636 0.02249649 0.2790284 0.1631488 0.02528597 0.2755115 0.1633513 0.02432166 0.2732528 0.1626189 0.02166879 0.2721745 0.1621775 0.01951471 0.273129 0.1623211 0.01846095 0.2764635 0.1630268 0.02179079 0.2756485 0.1678101 0.02148135 0.2785263 0.1679426 0.02410549 0.2743315 0.1677847 0.02274241 0.2723036 0.1666636 0.02006994 0.2717666 0.1658235 0.01827634 0.273145 0.1665312 0.01744581 0.2759614 0.1666891 0.01880888 0.2779893 0.1672369 0.02077565 0.2751465 0.1686503 0.02327496 0.2771479 0.1721167 0.02013652 0.2777991 0.1723476 0.02190836 0.2731831 0.1717037 0.02031561 0.2714645 0.1702164 0.01777435 0.2714896 0.1691466 0.01646676 0.2732386 0.1699854 0.01600251 0.2761056 0.1706294 0.01759525 0.2778242 0.1711665 0.01895543 0.2746443 0.1731865 0.02144411 0.2760501 0.1756966 0.0168271 0.277459 0.1766835 0.01888937 0.275548 0.1770414 0.01874774 0.2730998 0.1752006 0.01776087 0.2709624 0.1736304 0.01597427 0.2708255 0.1726435 0.01391201 0.2727365 0.1722855 0.01405363 0.2751847 0.1741263 0.01504051 0.2773221 0.1746635 0.01640069 0.2741423 0.1786253 0.01363682 0.2769569 0.1799701 0.01555745 0.2725977 0.1789658 0.01444719 0.2706681 0.1765591 0.01278399 0.2703234 0.1749259 0.01183677 0.2718363 0.1752142 0.01086335 0.2746826 0.1762186 0.01197361 0.2766123 0.1775922 0.0132104 0.2736402 0.1802585 0.01458403 0.2754441 0.1825055 0.01088184 0.274942 0.1830546 0.01075063 0.2725318 0.1812128 0.010745 0.270166 0.1791301 0.00967296 0.2697146 0.1771729 0.008134573 0.2713342 0.1766238 0.008265775 0.2737443 0.1784656 0.008271414 0.2761102 0.1805483 0.009343449 0.2765615 0.1798392 0.009508205 0.2731381 0.1844566 0.006431157 0.2738227 0.1845182 0.00607349 0.2713709 0.182311 0.006201456 0.2693681 0.1800018 0.005616933 0.2693976 0.1781783 0.004443961 0.2714493 0.1781166 0.004801628 0.2739011 0.1803238 0.004673662 0.2759039 0.182633 0.005258185 0.2758743 0.1813174 0.005437559 0.272636 0.185463 0.001013926 0.271974 0.1840838 0.001796624 0.2694191 0.1818273 0.001565833 0.2686608 0.1792299 0.0009935811 0.269962 0.1784761 0.001298482 0.2722938 0.1798554 0.0005157845 0.2748487 0.1821119 0.0007465751 0.2756069 0.1847093 0.001318827 0.2743058 0.1819696 0.001156204 0.2721339 0.1850909 -0.003893716 0.2707947 0.1833939 -0.002886344 0.2685441 0.1810467 -0.00258732 0.2682574 0.1786739 -0.002841923 0.2700337 0.17845 -0.002446193 0.272469 0.1801469 -0.003453565 0.2747195 0.1824942 -0.003752589 0.2750062 0.184867 -0.003497985 0.2732298 0.1817704 -0.003169954 0.2716318 0.1836649 -0.008567422 0.2696477 0.1817611 -0.007230579 0.2677888 0.1795335 -0.006407506 0.2679847 0.1774902 -0.006455162 0.2701675 0.1777903 -0.006179128 0.2726117 0.1796942 -0.007515971 0.2744706 0.1819218 -0.008339044 0.2742747 0.1839651 -0.008291388 0.2720919 0.1807276 -0.007373275 0.2711297 0.1808283 -0.01184215 0.2677717 0.1788003 -0.01073226 0.2671734 0.1763788 -0.009857423 0.2686449 0.1759443 -0.01009673 0.2721096 0.1775413 -0.0107582 0.2738166 0.1803629 -0.0127911 0.2734214 0.1817032 -0.01332377 0.2702324 0.1788816 -0.01129088 0.2706276 0.1786325 -0.01715742 0.2690613 0.1770916 -0.01505347 0.266727 0.1748227 -0.01327073 0.2673317 0.1734824 -0.01273806 0.2705207 0.1745048 -0.01323001 0.2727021 0.1763853 -0.01532956 0.2735797 0.1778449 -0.0168749 0.2724598 0.176304 -0.01477095 0.2701255 0.1743133 -0.01904276 0.2666395 0.1726596 -0.01662704 0.2663136 0.1708604 -0.01508609 0.2688901 0.1712954 -0.01613769 0.2722 0.1736665 -0.01932123 0.2726606 0.1748853 -0.02068535 0.2696767 0.1730945 -0.01767864 0.2696234 0.1705169 -0.02232422 0.2668672 0.1697511 -0.01974049 0.265645 0.1680135 -0.01721699 0.267337 0.16764 -0.01737777 0.2708133 0.1699496 -0.02154386 0.2721586 0.1703555 -0.02305341 0.2702866 0.1693776 -0.01990127 0.2691213 0.1686267 -0.01892337 0.272397 0.1659229 -0.02345298 0.2658902 0.1654587 -0.02062353 0.2651998 0.1651486 -0.01859809 0.2664652 0.164075 -0.01813393 0.2692479 0.16483 -0.02091113 0.2720597 0.1657688 -0.02359359 0.2712662 0.1657389 -0.02478841 0.2691202 0.1652973 -0.02135271 0.2686192 0.1614792 -0.0224183 0.2646767 0.1614495 -0.02009024 0.2652017 0.1605702 -0.01854102 0.2676162 0.1605444 -0.02153515 0.2715576 0.160574 -0.0238632 0.2710325 0.1614534 -0.02541242 0.2686181 0.1610768 -0.02491914 0.266223 0.1610118 -0.02197672 0.2681172 0.1609467 -0.01903431 0.2700113 0.1569622 -0.02335409 0.2645169 0.1572793 -0.02100743 0.2642462 0.1570336 -0.01864417 0.2660373 0.1564118 -0.02014416 0.2707132 0.1560948 -0.02249081 0.2709839 0.1563405 -0.02485407 0.2691928 0.1559453 -0.02505993 0.2667558 0.156687 -0.02174912 0.2676151 0.1574287 -0.01843831 0.2684744 0.1526327 -0.02169181 0.2637658 0.1534722 -0.01947173 0.2639777 0.1534291 -0.01744063 0.2661727 0.1523486 -0.01966565 0.2704601 0.1515091 -0.02188573 0.2702482 0.1515522 -0.02391682 0.2680532 0.1512837 -0.02360026 0.2656104 0.1524907 -0.02067873 0.267113 0.1536977 -0.0177572 0.2686156 0.1488318 -0.01922249 0.2631444 0.150105 -0.01731998 0.2638308 0.1501213 -0.0156734 0.2663445 0.1483387 -0.01839155 0.2700774 0.1470656 -0.02029405 0.269391 0.1470492 -0.02194064 0.2668772 0.1470982 -0.02119037 0.2645232 0.1485853 -0.01880702 0.2666109 0.1500723 -0.01642367 0.2686985 0.1461924 -0.01576333 0.262806 0.1471819 -0.01372704 0.2647449 0.1456502 -0.014886 0.2693068 0.144052 -0.01664973 0.2694115 0.1430626 -0.01868601 0.2674726 0.1427275 -0.01851649 0.2650228 0.1445943 -0.01752705 0.2629108 0.1451222 -0.01620653 0.2661088 0.147517 -0.01389656 0.2671947 0.1438986 -0.01240557 0.2625807 0.1448447 -0.01075593 0.2648958 0.1425062 -0.01220686 0.2690099 0.1405727 -0.01355048 0.2686327 0.1396267 -0.01520011 0.2663176 0.1397117 -0.01469524 0.2638948 0.1419651 -0.01374918 0.2622035 0.1422357 -0.01297802 0.2656067 0.1447597 -0.0112608 0.2673186 0.1417005 -0.008674156 0.2620786 0.1432024 -0.008284574 0.2639609 0.1425615 -0.00752939 0.2668165 0.1409996 -0.00850842 0.2683878 0.1383746 -0.009819062 0.2681306 0.1368726 -0.01020864 0.2662483 0.1375135 -0.01096383 0.2633927 0.1390755 -0.009984799 0.2618214 0.1400375 -0.009246609 0.2651046 0.1408728 -0.004692832 0.2619705 0.1420543 -0.004734857 0.2641242 0.1410285 -0.004036576 0.266874 0.139035 -0.004695185 0.2680462 0.1363531 -0.005620937 0.2672346 0.1351716 -0.005578914 0.2650808 0.1361973 -0.006277194 0.262331 0.1381909 -0.005618585 0.2611589 0.1386129 -0.005156885 0.2646025 0.1411302 -0.001232554 0.2625431 0.1412084 -0.0002709905 0.265408 0.1396034 -0.0006002584 0.2672088 0.1366619 -0.0006784986 0.2673219 0.134904 -0.0005021022 0.2656577 0.1348258 -0.001463665 0.2627928 0.1364308 -0.001134397 0.260992 0.1393723 -0.001056157 0.260879 0.1380171 -0.000867328 0.2641004 0.1415116 0.00249703 0.2626801 0.1412035 0.003504515 0.2655116 0.1392659 0.003597554 0.2669516 0.1363703 0.003905668 0.2665012 0.1350347 0.004414647 0.2645165 0.1353428 0.003407163 0.261685 0.1372804 0.003314124 0.2602451 0.140176 0.003006009 0.2606954 0.1382731 0.003455839 0.2635983 0.1424972 0.006090095 0.2628527 0.1403638 0.007786804 0.2664495 0.1381514 0.008642589 0.2662215 0.1361326 0.008603898 0.2640145 0.1368921 0.008001764 0.2606513 0.1389745 0.007391053 0.2596281 0.1416793 0.00674388 0.2606244 0.1393711 0.007645089 0.2630962 0.1436322 0.01004551 0.2647 0.141665 0.01179212 0.2660623 0.1397758 0.0130774 0.2653605 0.1381423 0.01309308 0.2628377 0.1393619 0.01209558 0.2597124 0.1413791 0.0109513 0.2591455 0.1437429 0.009458714 0.2612514 0.1412684 0.01153809 0.2625941 0.1456503 0.01344757 0.2646991 0.142399 0.01652329 0.2648584 0.1410982 0.01704625 0.2616515 0.1425908 0.01550694 0.2588851 0.1443428 0.01389507 0.2587965 0.1461015 0.01235867 0.2614035 0.1438916 0.01498398 0.2620921 0.1483222 0.01650484 0.2645971 0.1456026 0.01999363 0.2638902 0.1448478 0.02025199 0.2604823 0.1463841 0.01810759 0.2581821 0.1477117 0.01616593 0.2585752 0.1488949 0.01482155 0.2615823 0.147139 0.01784923 0.2615899 0.152068 0.01867842 0.264095 0.1495404 0.0227427 0.2628328 0.1491879 0.02254703 0.2593561 0.1505323 0.01982714 0.2576112 0.1513412 0.01774408 0.2584708 0.1520669 0.01679807 0.2617615 0.1508848 0.02002281 0.2610879 0.1510402 0.02079226 0.2644987 0.1557094 0.02047449 0.2638764 0.1545274 0.02369923 0.2632028 0.1538017 0.02464523 0.2599122 0.1543874 0.02349239 0.2578287 0.1548284 0.02065104 0.2571749 0.1551041 0.01863669 0.2584678 0.1555604 0.01823428 0.2619145 0.1549838 0.0214205 0.2605858 0.1595363 0.02042057 0.2632023 0.1594711 0.02336302 0.2632965 0.1587005 0.02517434 0.258755 0.159018 0.02355568 0.2569651 0.1590832 0.02061322 0.2568709 0.1588932 0.01886712 0.2585468 0.1598538 0.0188019 0.2614124 0.1592772 0.02198812 0.2600837 0.1596612 0.02510912 0.2616206 0.1638577 0.02013614 0.2627002 0.1642108 0.02248086 0.2629389 0.1638015 0.02519034 0.2593533 0.1639655 0.02416507 0.2571205 0.1631821 0.02150074 0.2561124 0.1626798 0.01938523 0.2571259 0.1628214 0.01841285 0.2604851 0.1635986 0.02170369 0.2595816 0.1683927 0.0213554 0.2624367 0.1685577 0.02386908 0.258176 0.1683407 0.02246455 0.256185 0.1671683 0.01980107 0.2557222 0.1662866 0.01806649 0.2571535 0.1670033 0.01728739 0.259983 0.1672203 0.01869193 0.261974 0.1677805 0.02057824 0.2590795 0.1692744 0.02308998 0.2610055 0.1726746 0.01988744 0.2616926 0.172893 0.02154482 0.2570337 0.1721787 0.01993648 0.2553617 0.1706473 0.01742327 0.2554622 0.1695619 0.01618611 0.2572557 0.1704289 0.01576589 0.2601211 0.1711432 0.01737423 0.2617931 0.1716609 0.01865536 0.2585774 0.17376 0.02112461 0.2598991 0.1761972 0.01646857 0.2613635 0.1771886 0.01847882 0.259397 0.1775001 0.01828202 0.2569461 0.1756072 0.01729069 0.2548596 0.1739818 0.01555056 0.2547871 0.1729905 0.01354032 0.2567536 0.172679 0.01373712 0.2592046 0.1745718 0.01472844 0.261291 0.1750895 0.01600957 0.2580753 0.1790411 0.0132024 0.2608614 0.1803439 0.01501585 0.2564439 0.1792675 0.01390899 0.2545547 0.1768257 0.0122844 0.254285 0.1751959 0.01140923 0.2558481 0.1755228 0.01047095 0.2587025 0.1765992 0.01157781 0.2605917 0.1779334 0.0127434 0.2575732 0.1806709 0.01407757 0.2592984 0.1828198 0.01031759 0.2587963 0.1833096 0.01014531 0.2563751 0.1814165 0.010149 0.2540526 0.1792926 0.009136266 0.2536648 0.1773448 0.007649247 0.255346 0.176855 0.007821519 0.2577671 0.1787481 0.007817829 0.2600896 0.1808719 0.008830568 0.2604775 0.1800823 0.008983416 0.2570711 0.1846428 0.005805129 0.2576694 0.1846338 0.005432326 0.2552192 0.1823828 0.00558864 0.2532711 0.1800585 0.005074642 0.253365 0.1782632 0.003945512 0.2554686 0.1782722 0.004318314 0.2579188 0.1805232 0.004162 0.259867 0.1828475 0.004675998 0.259773 0.181453 0.00487532 0.256569 0.1854762 0.000355186 0.2558158 0.1840498 0.001160344 0.253296 0.1817693 0.0009975393 0.2525993 0.1791943 0.0004724169 0.2539671 0.1785085 0.0008014178 0.2563181 0.179935 -3.740407e-06 0.2588379 0.1822155 0.0001590646 0.2595346 0.1847905 0.0006841869 0.2581668 0.1819924 0.0005783019 0.2560669 0.1849601 -0.00453583 0.2546393 0.1832283 -0.003489614 0.2524362 0.1808849 -0.003118563 0.2522136 0.1785509 -0.003338283 0.2540485 0.1783991 -0.002946422 0.2564904 0.1801309 -0.003992638 0.2586935 0.1824743 -0.00436369 0.2589161 0.1848082 -0.004143969 0.2570812 0.1816796 -0.003741126 0.2555648 0.1829703 -0.008292534 0.2525856 0.1808857 -0.007645824 0.2515917 0.1781982 -0.006979075 0.2526233 0.1772461 -0.007120879 0.2559883 0.1786606 -0.007352929 0.2579698 0.181771 -0.008945472 0.2581678 0.1836371 -0.009508125 0.2552607 0.1805267 -0.007915583 0.2550628 0.1804444 -0.01234596 0.2516536 0.178439 -0.01116757 0.2511181 0.1760641 -0.01026924 0.2526537 0.1757051 -0.010539 0.2561248 0.1773168 -0.0112711 0.257785 0.1800812 -0.01336199 0.2572991 0.1813428 -0.0138742 0.2540748 0.1785783 -0.01178331 0.2545607 0.1781636 -0.01761249 0.2529077 0.1766328 -0.01542777 0.250642 0.1744072 -0.01361573 0.2513202 0.1731456 -0.01310352 0.2545445 0.1741917 -0.01366362 0.2566956 0.1760494 -0.01581015 0.2575012 0.1774409 -0.01737914 0.2563243 0.1759101 -0.01519442 0.2540586 0.1737734 -0.01934046 0.2505267 0.1721587 -0.01689011 0.2502758 0.1704404 -0.01535931 0.2529128 0.1709069 -0.01648593 0.2561935 0.1731976 -0.01974074 0.2565482 0.1743457 -0.02106446 0.2535184 0.1726253 -0.01801674 0.2535565 0.1699152 -0.0225329 0.2507314 0.1691837 -0.01990979 0.2495779 0.1675275 -0.01738593 0.2513491 0.1671951 -0.01761704 0.2548256 0.1694236 -0.0218649 0.2560461 0.1697647 -0.02334277 0.2541331 0.1688512 -0.02014089 0.2530544 0.16815 -0.01922744 0.2563595 0.1654354 -0.02239803 0.2492471 0.1649392 -0.02007049 0.2493573 0.1638208 -0.01828271 0.2514736 0.164033 -0.02057113 0.2558574 0.1645293 -0.02289867 0.2557473 0.1656477 -0.02468645 0.253631 0.1652717 -0.02465979 0.2511815 0.1647342 -0.02148458 0.2525523 0.1641968 -0.01830937 0.2539231 0.16088 -0.02235869 0.2485978 0.1609211 -0.02004469 0.2491856 0.1600708 -0.01853886 0.2516399 0.1599875 -0.02163276 0.2555026 0.1599464 -0.02394676 0.2549148 0.1607967 -0.02545258 0.2524606 0.1604342 -0.02488855 0.25008 0.1604338 -0.02199572 0.2520502 0.1604332 -0.0191029 0.2540204 0.1563606 -0.02318426 0.2484096 0.1567496 -0.02084242 0.248203 0.1565383 -0.01851846 0.2500524 0.1558724 -0.02012478 0.2546866 0.1554834 -0.02246662 0.2548932 0.1556947 -0.02479058 0.2530439 0.1553044 -0.02492447 0.2506005 0.1561165 -0.02165452 0.2515481 0.1569286 -0.01838456 0.2524957 0.1520919 -0.02140586 0.2476753 0.152996 -0.01921788 0.2479514 0.1529695 -0.01723627 0.2501941 0.1518074 -0.01954251 0.2544167 0.1509034 -0.0217305 0.2541407 0.1509298 -0.0237121 0.251898 0.1506934 -0.02333094 0.2494615 0.1519497 -0.02047419 0.251046 0.153206 -0.01761743 0.2526305 0.1483728 -0.01884085 0.2470716 0.1496933 -0.0169928 0.2478196 0.149706 -0.01539829 0.2503688 0.1478169 -0.01816009 0.2540162 0.1464964 -0.02000814 0.2532682 0.1464837 -0.02160265 0.250719 0.1465872 -0.02080507 0.2483839 0.1480948 -0.01850047 0.2505439 0.1496025 -0.01619587 0.252704 0.145847 -0.01533603 0.2467688 0.1468395 -0.01335186 0.2487625 0.1452078 -0.01456783 0.2532746 0.1435557 -0.01628366 0.2533149 0.1425632 -0.01826783 0.2513211 0.142276 -0.01804438 0.2488694 0.1441949 -0.01705185 0.246809 0.1447013 -0.01580984 0.2500418 0.1471267 -0.01357531 0.2512142 0.143645 -0.01193484 0.2465598 0.1445739 -0.0103345 0.2489185 0.1421212 -0.01179965 0.2529605 0.1401563 -0.01307832 0.2525198 0.1392274 -0.01467865 0.250161 0.1393774 -0.01414239 0.2477489 0.1416801 -0.01321351 0.246119 0.1419007 -0.01250658 0.2495397 0.144424 -0.01087076 0.2513306 0.1415457 -0.008146932 0.2460577 0.1430151 -0.007821733 0.2479807 0.1423246 -0.007082856 0.2508285 0.1406983 -0.008029365 0.2523498 0.138057 -0.009290412 0.2520176 0.1365876 -0.00961561 0.2500946 0.1372781 -0.01035449 0.2472468 0.1389044 -0.009407979 0.2457255 0.1398014 -0.008718672 0.2490377 0.1408195 -0.004160795 0.2459641 0.1419463 -0.004249766 0.2481479 0.1408684 -0.003547487 0.2508755 0.1388279 -0.004151334 0.2519906 0.13615 -0.005025032 0.251107 0.1350233 -0.00493606 0.2489232 0.1361011 -0.00563834 0.2461956 0.1381416 -0.005034492 0.2450805 0.1384848 -0.004592913 0.2485356 0.1411451 -0.0007300315 0.2465584 0.1411712 0.0002287879 0.2494253 0.1395126 -5.222684e-05 0.2511818 0.1365683 -7.833094e-05 0.2512195 0.1348587 0.0001516796 0.2495085 0.1348326 -0.0008071398 0.2466417 0.1364912 -0.000526125 0.2448852 0.1394355 -0.0005000209 0.2448475 0.1380019 -0.0002891759 0.2480335 0.1416087 0.002985561 0.2467016 0.1412514 0.004010543 0.2495203 0.1392828 0.00416873 0.2509076 0.1364047 0.004526034 0.250383 0.1351343 0.005065973 0.2483611 0.1354916 0.004040991 0.2455424 0.1374601 0.003882804 0.2441552 0.1403382 0.0035255 0.2446798 0.1383715 0.004025767 0.2475314 0.1426729 0.006555044 0.246877 0.1404905 0.008327672 0.2504055 0.1383111 0.009247624 0.2501135 0.136342 0.009224915 0.247859 0.1371713 0.008581002 0.2445203 0.1392573 0.007898247 0.2435559 0.141927 0.007212383 0.2446226 0.1395792 0.008184709 0.2470293 0.1438629 0.0105143 0.2487051 0.1419 0.01231295 0.2500006 0.140066 0.01364481 0.2492372 0.1384845 0.01365615 0.2466795 0.1397526 0.01259324 0.2435953 0.1417454 0.01138107 0.2430913 0.1440301 0.009868887 0.2452692 0.1415782 0.01202649 0.2465272 0.1459692 0.01387809 0.2486917 0.1427789 0.01702056 0.2487351 0.1415563 0.01752098 0.245494 0.1430685 0.01590266 0.242784 0.1447719 0.0142375 0.2427598 0.1464501 0.01271336 0.2454264 0.144291 0.01540223 0.2460251 0.1492281 0.0156587 0.2473334 0.1471318 0.01934586 0.2487883 0.1454536 0.02087001 0.2461217 0.1459344 0.01970528 0.2428564 0.1472993 0.01791408 0.2420473 0.1489148 0.01539165 0.2438577 0.1476126 0.01818113 0.245523 0.1525279 0.01895335 0.2480728 0.1501121 0.02304498 0.2466862 0.1497988 0.02277793 0.2432105 0.1511009 0.01998845 0.2415452 0.1518378 0.01790231 0.2424649 0.1525154 0.01702204 0.2457839 0.1514143 0.0202555 0.2450209 0.151561 0.02110589 0.2484129 0.1562262 0.02066468 0.2478379 0.1551251 0.02389814 0.2470748 0.1544474 0.02477841 0.2437558 0.1550083 0.02355785 0.241707 0.1554019 0.02069456 0.2411269 0.15561 0.01870505 0.242474 0.1560472 0.01838178 0.2459315 0.1555486 0.02154495 0.2445188 0.1600855 0.02050799 0.2471746 0.1600724 0.0234525 0.2471935 0.1593568 0.0251627 0.242604 0.1596254 0.02349106 0.2408588 0.1596384 0.02054654 0.24084 0.1593954 0.0188494 0.2425624 0.160354 0.01883635 0.2454295 0.1598554 0.02199952 0.2440167 0.1603154 0.02514965 0.2454711 0.164597 0.02188495 0.2469766 0.1644512 0.02507546 0.2431952 0.1645734 0.02399134 0.2409898 0.1637386 0.02131825 0.2400526 0.1631774 0.01924445 0.2411245 0.1638845 0.01812775 0.2438341 0.1637622 0.01921186 0.2460395 0.1641678 0.0216016 0.2435146 0.1651583 0.02395875 0.2459048 0.1689737 0.02121308 0.2463449 0.1691652 0.02361475 0.2420211 0.1688871 0.02217192 0.2400685 0.1676638 0.01952012 0.2396802 0.1667439 0.01784667 0.2411633 0.1674723 0.01711845 0.244004 0.1677503 0.01856129 0.2459566 0.1683187 0.0203666 0.2430125 0.1698936 0.02288654 0.2448618 0.173227 0.01962206 0.245584 0.173427 0.0211658 0.2408854 0.1726415 0.01954558 0.2392611 0.1710676 0.01706271 0.2394369 0.1699703 0.01589669 0.2412738 0.1708676 0.01551897 0.2441355 0.1716532 0.01713918 0.2457598 0.1721473 0.01834238 0.2425105 0.1743243 0.02078808 0.2437472 0.1766891 0.01609501 0.2452658 0.1776821 0.01805308 0.2432451 0.1779443 0.01780363 0.2407931 0.1759993 0.01681059 0.238759 0.1743212 0.01511976 0.238751 0.1733282 0.01316169 0.2407717 0.173066 0.01341114 0.2432237 0.175011 0.01440419 0.2452577 0.1755051 0.01560739 0.2420084 0.1794461 0.01275522 0.2447637 0.1807013 0.01446384 0.240291 0.1795532 0.01336415 0.2384435 0.1770782 0.01177996 0.2382489 0.1754556 0.01097657 0.2398611 0.175823 0.01007135 0.2427216 0.1769711 0.01117104 0.2445691 0.1782621 0.01226759 0.2415063 0.1810687 0.01355861 0.2431515 0.183118 0.009743442 0.2426494 0.1835465 0.009533272 0.2402189 0.1816025 0.009548977 0.2379414 0.1794408 0.008597612 0.2376173 0.177505 0.0071614 0.239359 0.1770765 0.007371569 0.2417895 0.1790205 0.007355864 0.244067 0.1811822 0.008307229 0.244391 0.1803115 0.00845242 0.2410042 0.1848107 0.005173162 0.2415154 0.1847305 0.004788951 0.2390685 0.1824372 0.004975878 0.2371763 0.1801014 0.004533103 0.2373347 0.1783368 0.003446263 0.2394888 0.178417 0.003830474 0.2419357 0.1807103 0.003643547 0.2438278 0.183046 0.004086322 0.2436695 0.1815737 0.004309712 0.2405021 0.1851568 0.0004792381 0.2385664 0.1823033 0.0004330807 0.2365402 0.1791466 -4.615745e-05 0.2379737 0.1788432 -0.0004792381 0.2414336 0.1816967 -0.0004330807 0.2434598 0.1848534 4.615745e-05 0.2420263 0.182 0 0.24 0.12 -0.04 0.201 0.12 0.04 0.201 0.12 -0.04 0.189 0.2 -0.04 0.189 0.12 0.04 0.189 0.2 0.04 0.201 0.2 -0.04 0.201 0.2 0.04 0.189 0.1403843 0.003901806 0.201 0.16 0 0.201 0.14 2.449294e-18 0.201 0.1403843 0.003901806 0.271 0.14 2.449294e-18 0.271 0.1403843 -0.003901806 0.201 0.1415224 0.007653669 0.201 0.1415224 0.007653669 0.271 0.18 0 0.201 0.1796157 0.003901806 0.201 0.1784776 0.007653669 0.201 0.1766294 0.0111114 0.201 0.1741421 0.01414214 0.201 0.1711114 0.01662939 0.201 0.1676537 0.01847759 0.201 0.1639018 0.01961571 0.201 0.16 0.02 0.201 0.1560982 0.01961571 0.201 0.1523463 0.01847759 0.201 0.1488886 0.01662939 0.201 0.1458579 0.01414214 0.201 0.1433706 0.0111114 0.201 0.1415224 -0.007653669 0.201 0.1433706 -0.0111114 0.201 0.1458579 -0.01414214 0.201 0.1488886 -0.01662939 0.201 0.1523463 -0.01847759 0.201 0.1560982 -0.01961571 0.201 0.16 -0.02 0.201 0.1639018 -0.01961571 0.201 0.1676537 -0.01847759 0.201 0.1711114 -0.01662939 0.201 0.1741421 -0.01414214 0.201 0.1766294 -0.0111114 0.201 0.1784776 -0.007653669 0.201 0.1796157 -0.003901806 0.201 0.16 0 0.271 0.1403843 -0.003901806 0.271 0.1433706 0.0111114 0.271 0.18 0 0.271 0.1796157 -0.003901806 0.271 0.1796157 0.003901806 0.271 0.1784776 0.007653669 0.271 0.1766294 0.0111114 0.271 0.1741421 0.01414214 0.271 0.1711114 0.01662939 0.271 0.1676537 0.01847759 0.271 0.1639018 0.01961571 0.271 0.16 0.02 0.271 0.1560982 0.01961571 0.271 0.1523463 0.01847759 0.271 0.1488886 0.01662939 0.271 0.1458579 0.01414214 0.271 0.1415224 -0.007653669 0.271 0.1433706 -0.0111114 0.271 0.1458579 -0.01414214 0.271 0.1488886 -0.01662939 0.271 0.1523463 -0.01847759 0.271 0.1560982 -0.01961571 0.271 0.16 -0.02 0.271 0.1639018 -0.01961571 0.271 0.1676537 -0.01847759 0.271 0.1711114 -0.01662939 0.271 0.1741421 -0.01414214 0.271 0.1766294 -0.0111114 0.271 0.1784776 -0.007653669 0.271 0.1525 -0.01961571 0.4989018 0.1525 0 0.495 0.1525 -0.02 0.495 0.2075 -0.01961571 0.4989018 0.2075 -0.02 0.495 0.1525 -0.01961571 0.4910982 0.1525 -0.01847759 0.5026537 0.2075 -0.01847759 0.5026537 0.1525 0 0.475 0.1525 0.003901806 0.4753843 0.1525 0.007653669 0.4765224 0.1525 0.0111114 0.4783706 0.1525 0.01414214 0.4808579 0.1525 0.01662939 0.4838886 0.1525 0.01847759 0.4873463 0.1525 0.01961571 0.4910982 0.1525 0.02 0.495 0.1525 0.01961571 0.4989018 0.1525 0.01847759 0.5026537 0.1525 0.01662939 0.5061114 0.1525 0.01414214 0.5091422 0.1525 0.0111114 0.5116294 0.1525 0.007653669 0.5134776 0.1525 0.003901806 0.5146157 0.1525 2.449294e-18 0.515 0.1525 -0.003901806 0.5146157 0.1525 -0.007653669 0.5134776 0.1525 -0.0111114 0.5116294 0.1525 -0.01414214 0.5091422 0.1525 -0.01662939 0.5061114 0.1525 -0.01847759 0.4873463 0.1525 -0.01662939 0.4838886 0.1525 -0.01414214 0.4808579 0.1525 -0.0111114 0.4783706 0.1525 -0.007653669 0.4765224 0.1525 -0.003901806 0.4753843 0.2075 0 0.495 0.2075 -0.01961571 0.4910982 0.2075 -0.01662939 0.5061114 0.2075 0 0.475 0.2075 -0.003901806 0.4753843 0.2075 0.003901806 0.4753843 0.2075 0.007653669 0.4765224 0.2075 0.0111114 0.4783706 0.2075 0.01414214 0.4808579 0.2075 0.01662939 0.4838886 0.2075 0.01847759 0.4873463 0.2075 0.01961571 0.4910982 0.2075 0.02 0.495 0.2075 0.01961571 0.4989018 0.2075 0.01847759 0.5026537 0.2075 0.01662939 0.5061114 0.2075 0.01414214 0.5091422 0.2075 0.0111114 0.5116294 0.2075 0.007653669 0.5134776 0.2075 0.003901806 0.5146157 0.2075 2.449294e-18 0.515 0.2075 -0.003901806 0.5146157 0.2075 -0.007653669 0.5134776 0.2075 -0.0111114 0.5116294 0.2075 -0.01414214 0.5091422 0.2075 -0.01847759 0.4873463 0.2075 -0.01662939 0.4838886 0.2075 -0.01414214 0.4808579 0.2075 -0.0111114 0.4783706 0.2075 -0.007653669 0.4765224 0.1344996 0.005072348 0.376 0.16 0 0.376 0.134 3.184082e-18 0.376 0.1344996 0.005072348 0.384 0.134 3.184082e-18 0.384 0.1344996 -0.005072348 0.376 0.1359791 0.009949769 0.376 0.1359791 0.009949769 0.384 0.186 0 0.376 0.1855004 0.005072348 0.376 0.1840209 0.009949769 0.376 0.1816182 0.01444483 0.376 0.1783848 0.01838478 0.376 0.1744448 0.02161821 0.376 0.1699498 0.02402087 0.376 0.1650724 0.02550042 0.376 0.16 0.026 0.376 0.1549277 0.02550042 0.376 0.1500502 0.02402087 0.376 0.1455552 0.02161821 0.376 0.1416152 0.01838478 0.376 0.1383818 0.01444483 0.376 0.1359791 -0.009949769 0.376 0.1383818 -0.01444483 0.376 0.1416152 -0.01838478 0.376 0.1455552 -0.02161821 0.376 0.1500502 -0.02402087 0.376 0.1549277 -0.02550042 0.376 0.16 -0.026 0.376 0.1650724 -0.02550042 0.376 0.1699498 -0.02402087 0.376 0.1744448 -0.02161821 0.376 0.1783848 -0.01838478 0.376 0.1816182 -0.01444483 0.376 0.1840209 -0.009949769 0.376 0.1855004 -0.005072348 0.376 0.16 0 0.384 0.1344996 -0.005072348 0.384 0.1383818 0.01444483 0.384 0.186 0 0.384 0.1855004 -0.005072348 0.384 0.1855004 0.005072348 0.384 0.1840209 0.009949769 0.384 0.1816182 0.01444483 0.384 0.1783848 0.01838478 0.384 0.1744448 0.02161821 0.384 0.1699498 0.02402087 0.384 0.1650724 0.02550042 0.384 0.16 0.026 0.384 0.1549277 0.02550042 0.384 0.1500502 0.02402087 0.384 0.1455552 0.02161821 0.384 0.1416152 0.01838478 0.384 0.1359791 -0.009949769 0.384 0.1383818 -0.01444483 0.384 0.1416152 -0.01838478 0.384 0.1455552 -0.02161821 0.384 0.1500502 -0.02402087 0.384 0.1549277 -0.02550042 0.384 0.16 -0.026 0.384 0.1650724 -0.02550042 0.384 0.1699498 -0.02402087 0.384 0.1744448 -0.02161821 0.384 0.1783848 -0.01838478 0.384 0.1816182 -0.01444483 0.384 0.1840209 -0.009949769 0.384 0.1354804 0.004877258 0.451 0.16 0 0.451 0.135 3.061617e-18 0.451 0.1354804 0.004877258 0.469 0.135 3.061617e-18 0.469 0.1354804 -0.004877258 0.451 0.136903 0.009567086 0.451 0.136903 0.009567086 0.469 0.185 0 0.451 0.1845196 0.004877258 0.451 0.183097 0.009567086 0.451 0.1807867 0.01388926 0.451 0.1776777 0.01767767 0.451 0.1738892 0.02078674 0.451 0.1695671 0.02309699 0.451 0.1648773 0.02451963 0.451 0.16 0.025 0.451 0.1551227 0.02451963 0.451 0.1504329 0.02309699 0.451 0.1461107 0.02078674 0.451 0.1423223 0.01767767 0.451 0.1392133 0.01388926 0.451 0.136903 -0.009567086 0.451 0.1392133 -0.01388926 0.451 0.1423223 -0.01767767 0.451 0.1461107 -0.02078674 0.451 0.1504329 -0.02309699 0.451 0.1551227 -0.02451963 0.451 0.16 -0.025 0.451 0.1648773 -0.02451963 0.451 0.1695671 -0.02309699 0.451 0.1738892 -0.02078674 0.451 0.1776777 -0.01767767 0.451 0.1807867 -0.01388926 0.451 0.183097 -0.009567086 0.451 0.1845196 -0.004877258 0.451 0.16 0 0.469 0.1354804 -0.004877258 0.469 0.1392133 0.01388926 0.469 0.185 0 0.469 0.1845196 -0.004877258 0.469 0.1845196 0.004877258 0.469 0.183097 0.009567086 0.469 0.1807867 0.01388926 0.469 0.1776777 0.01767767 0.469 0.1738892 0.02078674 0.469 0.1695671 0.02309699 0.469 0.1648773 0.02451963 0.469 0.16 0.025 0.469 0.1551227 0.02451963 0.469 0.1504329 0.02309699 0.469 0.1461107 0.02078674 0.469 0.1423223 0.01767767 0.469 0.136903 -0.009567086 0.469 0.1392133 -0.01388926 0.469 0.1423223 -0.01767767 0.469 0.1461107 -0.02078674 0.469 0.1504329 -0.02309699 0.469 0.1551227 -0.02451963 0.469 0.16 -0.025 0.469 0.1648773 -0.02451963 0.469 0.1695671 -0.02309699 0.469 0.1738892 -0.02078674 0.469 0.1776777 -0.01767767 0.469 0.1807867 -0.01388926 0.469 0.183097 -0.009567086 0.469 0.2025 -0.02353885 0.4996822 0.2025 0 0.495 0.2025 -0.024 0.495 0.2175 -0.02353885 0.4996822 0.2175 -0.024 0.495 0.2025 -0.02353885 0.4903178 0.2025 -0.02217311 0.5041844 0.2175 -0.02217311 0.5041844 0.2025 0 0.471 0.2025 0.004682168 0.4714611 0.2025 0.009184402 0.4728269 0.2025 0.01333369 0.4750447 0.2025 0.01697056 0.4780294 0.2025 0.01995527 0.4816663 0.2025 0.02217311 0.4858156 0.2025 0.02353885 0.4903178 0.2025 0.024 0.495 0.2025 0.02353885 0.4996822 0.2025 0.02217311 0.5041844 0.2025 0.01995527 0.5083337 0.2025 0.01697056 0.5119706 0.2025 0.01333369 0.5149553 0.2025 0.009184402 0.5171731 0.2025 0.004682168 0.5185388 0.2025 2.939152e-18 0.519 0.2025 -0.004682168 0.5185388 0.2025 -0.009184402 0.5171731 0.2025 -0.01333369 0.5149553 0.2025 -0.01697056 0.5119706 0.2025 -0.01995527 0.5083337 0.2025 -0.02217311 0.4858156 0.2025 -0.01995527 0.4816663 0.2025 -0.01697056 0.4780294 0.2025 -0.01333369 0.4750447 0.2025 -0.009184402 0.4728269 0.2025 -0.004682168 0.4714611 0.2175 0 0.495 0.2175 -0.02353885 0.4903178 0.2175 -0.01995527 0.5083337 0.2175 0 0.471 0.2175 -0.004682168 0.4714611 0.2175 0.004682168 0.4714611 0.2175 0.009184402 0.4728269 0.2175 0.01333369 0.4750447 0.2175 0.01697056 0.4780294 0.2175 0.01995527 0.4816663 0.2175 0.02217311 0.4858156 0.2175 0.02353885 0.4903178 0.2175 0.024 0.495 0.2175 0.02353885 0.4996822 0.2175 0.02217311 0.5041844 0.2175 0.01995527 0.5083337 0.2175 0.01697056 0.5119706 0.2175 0.01333369 0.5149553 0.2175 0.009184402 0.5171731 0.2175 0.004682168 0.5185388 0.2175 2.939152e-18 0.519 0.2175 -0.004682168 0.5185388 0.2175 -0.009184402 0.5171731 0.2175 -0.01333369 0.5149553 0.2175 -0.01697056 0.5119706 0.2175 -0.02217311 0.4858156 0.2175 -0.01995527 0.4816663 0.2175 -0.01697056 0.4780294 0.2175 -0.01333369 0.4750447 0.2175 -0.009184402 0.4728269 -0.174 -0.228875 0.151 -0.174 -0.171125 0.151 -0.174 -0.228875 0.146 -0.166 -0.228875 0.146 -0.174 -0.171125 0.146 -0.166 -0.171125 0.151 -0.166 -0.228875 0.151 -0.166 -0.171125 0.146 -0.174 0.171125 0.151 -0.174 0.228875 0.151 -0.174 0.171125 0.146 -0.166 0.171125 0.146 -0.174 0.228875 0.146 -0.166 0.228875 0.151 -0.166 0.171125 0.151 -0.166 0.228875 0.146 -0.154 -0.228875 0.151 -0.154 -0.171125 0.151 -0.154 -0.228875 0.146 -0.146 -0.228875 0.146 -0.154 -0.171125 0.146 -0.146 -0.171125 0.151 -0.146 -0.228875 0.151 -0.146 -0.171125 0.146 -0.154 0.171125 0.151 -0.154 0.228875 0.151 -0.154 0.171125 0.146 -0.146 0.171125 0.146 -0.154 0.228875 0.146 -0.146 0.228875 0.151 -0.146 0.171125 0.151 -0.146 0.228875 0.146 -0.134 -0.228875 0.151 -0.134 -0.171125 0.151 -0.134 -0.228875 0.146 -0.126 -0.228875 0.146 -0.134 -0.171125 0.146 -0.126 -0.171125 0.151 -0.126 -0.228875 0.151 -0.126 -0.171125 0.146 -0.134 0.171125 0.151 -0.134 0.228875 0.151 -0.134 0.171125 0.146 -0.126 0.171125 0.146 -0.134 0.228875 0.146 -0.126 0.228875 0.151 -0.126 0.171125 0.151 -0.126 0.228875 0.146 -0.114 -0.228875 0.151 -0.114 -0.171125 0.151 -0.114 -0.228875 0.146 -0.106 -0.228875 0.146 -0.114 -0.171125 0.146 -0.106 -0.171125 0.151 -0.106 -0.228875 0.151 -0.106 -0.171125 0.146 -0.114 0.171125 0.151 -0.114 0.228875 0.151 -0.114 0.171125 0.146 -0.106 0.171125 0.146 -0.114 0.228875 0.146 -0.106 0.228875 0.151 -0.106 0.171125 0.151 -0.106 0.228875 0.146 -0.074 -0.228875 0.151 -0.074 -0.171125 0.151 -0.074 -0.228875 0.146 -0.066 -0.228875 0.146 -0.074 -0.171125 0.146 -0.066 -0.171125 0.151 -0.066 -0.228875 0.151 -0.066 -0.171125 0.146 -0.074 0.171125 0.151 -0.074 0.228875 0.151 -0.074 0.171125 0.146 -0.066 0.171125 0.146 -0.074 0.228875 0.146 -0.066 0.228875 0.151 -0.066 0.171125 0.151 -0.066 0.228875 0.146 -0.054 -0.228875 0.151 -0.054 -0.171125 0.151 -0.054 -0.228875 0.146 -0.046 -0.228875 0.146 -0.054 -0.171125 0.146 -0.046 -0.171125 0.151 -0.046 -0.228875 0.151 -0.046 -0.171125 0.146 -0.054 0.171125 0.151 -0.054 0.228875 0.151 -0.054 0.171125 0.146 -0.046 0.171125 0.146 -0.054 0.228875 0.146 -0.046 0.228875 0.151 -0.046 0.171125 0.151 -0.046 0.228875 0.146 -0.034 -0.228875 0.151 -0.034 -0.171125 0.151 -0.034 -0.228875 0.146 -0.026 -0.228875 0.146 -0.034 -0.171125 0.146 -0.026 -0.171125 0.151 -0.026 -0.228875 0.151 -0.026 -0.171125 0.146 -0.034 0.171125 0.151 -0.034 0.228875 0.151 -0.034 0.171125 0.146 -0.026 0.171125 0.146 -0.034 0.228875 0.146 -0.026 0.228875 0.151 -0.026 0.171125 0.151 -0.026 0.228875 0.146 0.026 -0.228875 0.151 0.026 -0.171125 0.151 0.026 -0.228875 0.146 0.034 -0.228875 0.146 0.026 -0.171125 0.146 0.034 -0.171125 0.151 0.034 -0.228875 0.151 0.034 -0.171125 0.146 0.026 0.171125 0.151 0.026 0.228875 0.151 0.026 0.171125 0.146 0.034 0.171125 0.146 0.026 0.228875 0.146 0.034 0.228875 0.151 0.034 0.171125 0.151 0.034 0.228875 0.146 0.046 -0.228875 0.151 0.046 -0.171125 0.151 0.046 -0.228875 0.146 0.054 -0.228875 0.146 0.046 -0.171125 0.146 0.054 -0.171125 0.151 0.054 -0.228875 0.151 0.054 -0.171125 0.146 0.046 0.171125 0.151 0.046 0.228875 0.151 0.046 0.171125 0.146 0.054 0.171125 0.146 0.046 0.228875 0.146 0.054 0.228875 0.151 0.054 0.171125 0.151 0.054 0.228875 0.146 0.066 -0.228875 0.151 0.066 -0.171125 0.151 0.066 -0.228875 0.146 0.074 -0.228875 0.146 0.066 -0.171125 0.146 0.074 -0.171125 0.151 0.074 -0.228875 0.151 0.074 -0.171125 0.146 0.066 0.171125 0.151 0.066 0.228875 0.151 0.066 0.171125 0.146 0.074 0.171125 0.146 0.066 0.228875 0.146 0.074 0.228875 0.151 0.074 0.171125 0.151 0.074 0.228875 0.146 0.106 -0.228875 0.151 0.106 -0.171125 0.151 0.106 -0.228875 0.146 0.114 -0.228875 0.146 0.106 -0.171125 0.146 0.114 -0.171125 0.151 0.114 -0.228875 0.151 0.114 -0.171125 0.146 0.106 0.171125 0.151 0.106 0.228875 0.151 0.106 0.171125 0.146 0.114 0.171125 0.146 0.106 0.228875 0.146 0.114 0.228875 0.151 0.114 0.171125 0.151 0.114 0.228875 0.146 0.126 -0.228875 0.151 0.126 -0.171125 0.151 0.126 -0.228875 0.146 0.134 -0.228875 0.146 0.126 -0.171125 0.146 0.134 -0.171125 0.151 0.134 -0.228875 0.151 0.134 -0.171125 0.146 0.126 0.171125 0.151 0.126 0.228875 0.151 0.126 0.171125 0.146 0.134 0.171125 0.146 0.126 0.228875 0.146 0.134 0.228875 0.151 0.134 0.171125 0.151 0.134 0.228875 0.146 0.146 -0.228875 0.151 0.146 -0.171125 0.151 0.146 -0.228875 0.146 0.154 -0.228875 0.146 0.146 -0.171125 0.146 0.154 -0.171125 0.151 0.154 -0.228875 0.151 0.154 -0.171125 0.146 0.146 0.171125 0.151 0.146 0.228875 0.151 0.146 0.171125 0.146 0.154 0.171125 0.146 0.146 0.228875 0.146 0.154 0.228875 0.151 0.154 0.171125 0.151 0.154 0.228875 0.146 0.166 -0.228875 0.151 0.166 -0.171125 0.151 0.166 -0.228875 0.146 0.174 -0.228875 0.146 0.166 -0.171125 0.146 0.174 -0.171125 0.151 0.174 -0.228875 0.151 0.174 -0.171125 0.146 0.166 0.171125 0.151 0.166 0.228875 0.151 0.166 0.171125 0.146 0.174 0.171125 0.146 0.166 0.228875 0.146 0.174 0.228875 0.151 0.174 0.171125 0.151 0.174 0.228875 0.146 -0.014 -0.228875 0.151 -0.014 -0.171125 0.151 -0.014 -0.228875 0.146 -0.006 -0.228875 0.146 -0.014 -0.171125 0.146 -0.006 -0.171125 0.151 -0.006 -0.228875 0.151 -0.006 -0.171125 0.146 -0.014 0.171125 0.151 -0.014 0.228875 0.151 -0.014 0.171125 0.146 -0.006 0.171125 0.146 -0.014 0.228875 0.146 -0.006 0.228875 0.151 -0.006 0.171125 0.151 -0.006 0.228875 0.146 0.006 -0.228875 0.151 0.006 -0.171125 0.151 0.006 -0.228875 0.146 0.014 -0.228875 0.146 0.006 -0.171125 0.146 0.014 -0.171125 0.151 0.014 -0.228875 0.151 0.014 -0.171125 0.146 0.006 0.171125 0.151 0.006 0.228875 0.151 0.006 0.171125 0.146 0.014 0.171125 0.146 0.006 0.228875 0.146 0.014 0.228875 0.151 0.014 0.171125 0.151 0.014 0.228875 0.146 -0.174 -0.228875 -0.016 -0.174 -0.171125 -0.016 -0.174 -0.228875 -0.021 -0.166 -0.228875 -0.021 -0.174 -0.171125 -0.021 -0.166 -0.171125 -0.016 -0.166 -0.228875 -0.016 -0.166 -0.171125 -0.021 -0.174 0.171125 -0.016 -0.174 0.228875 -0.016 -0.174 0.171125 -0.021 -0.166 0.171125 -0.021 -0.174 0.228875 -0.021 -0.166 0.228875 -0.016 -0.166 0.171125 -0.016 -0.166 0.228875 -0.021 -0.114 -0.228875 -0.016 -0.114 -0.171125 -0.016 -0.114 -0.228875 -0.021 -0.106 -0.228875 -0.021 -0.114 -0.171125 -0.021 -0.106 -0.171125 -0.016 -0.106 -0.228875 -0.016 -0.106 -0.171125 -0.021 -0.114 0.171125 -0.016 -0.114 0.228875 -0.016 -0.114 0.171125 -0.021 -0.106 0.171125 -0.021 -0.114 0.228875 -0.021 -0.106 0.228875 -0.016 -0.106 0.171125 -0.016 -0.106 0.228875 -0.021 -0.074 -0.228875 -0.016 -0.074 -0.171125 -0.016 -0.074 -0.228875 -0.021 -0.066 -0.228875 -0.021 -0.074 -0.171125 -0.021 -0.066 -0.171125 -0.016 -0.066 -0.228875 -0.016 -0.066 -0.171125 -0.021 -0.074 0.171125 -0.016 -0.074 0.228875 -0.016 -0.074 0.171125 -0.021 -0.066 0.171125 -0.021 -0.074 0.228875 -0.021 -0.066 0.228875 -0.016 -0.066 0.171125 -0.016 -0.066 0.228875 -0.021 -0.054 -0.228875 -0.016 -0.054 -0.171125 -0.016 -0.054 -0.228875 -0.021 -0.046 -0.228875 -0.021 -0.054 -0.171125 -0.021 -0.046 -0.171125 -0.016 -0.046 -0.228875 -0.016 -0.046 -0.171125 -0.021 -0.054 0.171125 -0.016 -0.054 0.228875 -0.016 -0.054 0.171125 -0.021 -0.046 0.171125 -0.021 -0.054 0.228875 -0.021 -0.046 0.228875 -0.016 -0.046 0.171125 -0.016 -0.046 0.228875 -0.021 -0.034 -0.228875 -0.016 -0.034 -0.171125 -0.016 -0.034 -0.228875 -0.021 -0.026 -0.228875 -0.021 -0.034 -0.171125 -0.021 -0.026 -0.171125 -0.016 -0.026 -0.228875 -0.016 -0.026 -0.171125 -0.021 -0.034 0.171125 -0.016 -0.034 0.228875 -0.016 -0.034 0.171125 -0.021 -0.026 0.171125 -0.021 -0.034 0.228875 -0.021 -0.026 0.228875 -0.016 -0.026 0.171125 -0.016 -0.026 0.228875 -0.021 0.026 -0.228875 -0.016 0.026 -0.171125 -0.016 0.026 -0.228875 -0.021 0.034 -0.228875 -0.021 0.026 -0.171125 -0.021 0.034 -0.171125 -0.016 0.034 -0.228875 -0.016 0.034 -0.171125 -0.021 0.026 0.171125 -0.016 0.026 0.228875 -0.016 0.026 0.171125 -0.021 0.034 0.171125 -0.021 0.026 0.228875 -0.021 0.034 0.228875 -0.016 0.034 0.171125 -0.016 0.034 0.228875 -0.021 0.046 -0.228875 -0.016 0.046 -0.171125 -0.016 0.046 -0.228875 -0.021 0.054 -0.228875 -0.021 0.046 -0.171125 -0.021 0.054 -0.171125 -0.016 0.054 -0.228875 -0.016 0.054 -0.171125 -0.021 0.046 0.171125 -0.016 0.046 0.228875 -0.016 0.046 0.171125 -0.021 0.054 0.171125 -0.021 0.046 0.228875 -0.021 0.054 0.228875 -0.016 0.054 0.171125 -0.016 0.054 0.228875 -0.021 0.066 -0.228875 -0.016 0.066 -0.171125 -0.016 0.066 -0.228875 -0.021 0.074 -0.228875 -0.021 0.066 -0.171125 -0.021 0.074 -0.171125 -0.016 0.074 -0.228875 -0.016 0.074 -0.171125 -0.021 0.066 0.171125 -0.016 0.066 0.228875 -0.016 0.066 0.171125 -0.021 0.074 0.171125 -0.021 0.066 0.228875 -0.021 0.074 0.228875 -0.016 0.074 0.171125 -0.016 0.074 0.228875 -0.021 0.106 -0.228875 -0.016 0.106 -0.171125 -0.016 0.106 -0.228875 -0.021 0.114 -0.228875 -0.021 0.106 -0.171125 -0.021 0.114 -0.171125 -0.016 0.114 -0.228875 -0.016 0.114 -0.171125 -0.021 0.106 0.171125 -0.016 0.106 0.228875 -0.016 0.106 0.171125 -0.021 0.114 0.171125 -0.021 0.106 0.228875 -0.021 0.114 0.228875 -0.016 0.114 0.171125 -0.016 0.114 0.228875 -0.021 0.166 -0.228875 -0.016 0.166 -0.171125 -0.016 0.166 -0.228875 -0.021 0.174 -0.228875 -0.021 0.166 -0.171125 -0.021 0.174 -0.171125 -0.016 0.174 -0.228875 -0.016 0.174 -0.171125 -0.021 0.166 0.171125 -0.016 0.166 0.228875 -0.016 0.166 0.171125 -0.021 0.174 0.171125 -0.021 0.166 0.228875 -0.021 0.174 0.228875 -0.016 0.174 0.171125 -0.016 0.174 0.228875 -0.021 -0.154 -0.228875 -0.016 -0.154 -0.171125 -0.016 -0.154 -0.228875 -0.021 -0.146 -0.228875 -0.021 -0.154 -0.171125 -0.021 -0.146 -0.171125 -0.016 -0.146 -0.228875 -0.016 -0.146 -0.171125 -0.021 -0.154 0.171125 -0.016 -0.154 0.228875 -0.016 -0.154 0.171125 -0.021 -0.146 0.171125 -0.021 -0.154 0.228875 -0.021 -0.146 0.228875 -0.016 -0.146 0.171125 -0.016 -0.146 0.228875 -0.021 -0.134 -0.228875 -0.016 -0.134 -0.171125 -0.016 -0.134 -0.228875 -0.021 -0.126 -0.228875 -0.021 -0.134 -0.171125 -0.021 -0.126 -0.171125 -0.016 -0.126 -0.228875 -0.016 -0.126 -0.171125 -0.021 -0.134 0.171125 -0.016 -0.134 0.228875 -0.016 -0.134 0.171125 -0.021 -0.126 0.171125 -0.021 -0.134 0.228875 -0.021 -0.126 0.228875 -0.016 -0.126 0.171125 -0.016 -0.126 0.228875 -0.021 0.126 -0.228875 -0.016 0.126 -0.171125 -0.016 0.126 -0.228875 -0.021 0.134 -0.228875 -0.021 0.126 -0.171125 -0.021 0.134 -0.171125 -0.016 0.134 -0.228875 -0.016 0.134 -0.171125 -0.021 0.126 0.171125 -0.016 0.126 0.228875 -0.016 0.126 0.171125 -0.021 0.134 0.171125 -0.021 0.126 0.228875 -0.021 0.134 0.228875 -0.016 0.134 0.171125 -0.016 0.134 0.228875 -0.021 0.146 -0.228875 -0.016 0.146 -0.171125 -0.016 0.146 -0.228875 -0.021 0.154 -0.228875 -0.021 0.146 -0.171125 -0.021 0.154 -0.171125 -0.016 0.154 -0.228875 -0.016 0.154 -0.171125 -0.021 0.146 0.171125 -0.016 0.146 0.228875 -0.016 0.146 0.171125 -0.021 0.154 0.171125 -0.021 0.146 0.228875 -0.021 0.154 0.228875 -0.016 0.154 0.171125 -0.016 0.154 0.228875 -0.021 -0.014 -0.228875 -0.016 -0.014 -0.171125 -0.016 -0.014 -0.228875 -0.021 -0.006 -0.228875 -0.021 -0.014 -0.171125 -0.021 -0.006 -0.171125 -0.016 -0.006 -0.228875 -0.016 -0.006 -0.171125 -0.021 -0.014 0.171125 -0.016 -0.014 0.228875 -0.016 -0.014 0.171125 -0.021 -0.006 0.171125 -0.021 -0.014 0.228875 -0.021 -0.006 0.228875 -0.016 -0.006 0.171125 -0.016 -0.006 0.228875 -0.021 0.006 -0.228875 -0.016 0.006 -0.171125 -0.016 0.006 -0.228875 -0.021 0.014 -0.228875 -0.021 0.006 -0.171125 -0.021 0.014 -0.171125 -0.016 0.014 -0.228875 -0.016 0.014 -0.171125 -0.021 0.006 0.171125 -0.016 0.006 0.228875 -0.016 0.006 0.171125 -0.021 0.014 0.171125 -0.021 0.006 0.228875 -0.021 0.014 0.228875 -0.016 0.014 0.171125 -0.016 0.014 0.228875 -0.021 -0.094 -0.228875 0.151 -0.094 -0.171125 0.151 -0.094 -0.228875 0.146 -0.086 -0.228875 0.146 -0.094 -0.171125 0.146 -0.086 -0.171125 0.151 -0.086 -0.228875 0.151 -0.086 -0.171125 0.146 -0.094 0.171125 0.151 -0.094 0.228875 0.151 -0.094 0.171125 0.146 -0.086 0.171125 0.146 -0.094 0.228875 0.146 -0.086 0.228875 0.151 -0.086 0.171125 0.151 -0.086 0.228875 0.146 0.086 -0.228875 0.151 0.086 -0.171125 0.151 0.086 -0.228875 0.146 0.094 -0.228875 0.146 0.086 -0.171125 0.146 0.094 -0.171125 0.151 0.094 -0.228875 0.151 0.094 -0.171125 0.146 0.086 0.171125 0.151 0.086 0.228875 0.151 0.086 0.171125 0.146 0.094 0.171125 0.146 0.086 0.228875 0.146 0.094 0.228875 0.151 0.094 0.171125 0.151 0.094 0.228875 0.146 -0.094 -0.228875 -0.016 -0.094 -0.171125 -0.016 -0.094 -0.228875 -0.021 -0.086 -0.228875 -0.021 -0.094 -0.171125 -0.021 -0.086 -0.171125 -0.016 -0.086 -0.228875 -0.016 -0.086 -0.171125 -0.021 -0.094 0.171125 -0.016 -0.094 0.228875 -0.016 -0.094 0.171125 -0.021 -0.086 0.171125 -0.021 -0.094 0.228875 -0.021 -0.086 0.228875 -0.016 -0.086 0.171125 -0.016 -0.086 0.228875 -0.021 0.086 -0.228875 -0.016 0.086 -0.171125 -0.016 0.086 -0.228875 -0.021 0.094 -0.228875 -0.021 0.086 -0.171125 -0.021 0.094 -0.171125 -0.016 0.094 -0.228875 -0.016 0.094 -0.171125 -0.021 0.086 0.171125 -0.016 0.086 0.228875 -0.016 0.086 0.171125 -0.021 0.094 0.171125 -0.021 0.086 0.228875 -0.021 0.094 0.228875 -0.016 0.094 0.171125 -0.016 0.094 0.228875 -0.021 0.1772726 0.02707055 0.195 0.185 0.025 0.195 0.177 0.025 0.195 0.1772726 0.02707055 0.245 0.177 0.025 0.245 0.1772726 0.02292945 0.195 0.1780718 0.029 0.195 0.1780718 0.029 0.245 0.193 0.025 0.195 0.1927274 0.02707055 0.195 0.1919282 0.029 0.195 0.1906569 0.03065685 0.195 0.189 0.0319282 0.195 0.1870705 0.03272741 0.195 0.185 0.033 0.195 0.1829294 0.03272741 0.195 0.181 0.0319282 0.195 0.1793431 0.03065685 0.195 0.1780718 0.021 0.195 0.1793431 0.01934315 0.195 0.181 0.0180718 0.195 0.1829294 0.01727259 0.195 0.185 0.017 0.195 0.1870705 0.01727259 0.195 0.189 0.0180718 0.195 0.1906569 0.01934315 0.195 0.1919282 0.021 0.195 0.1927274 0.02292945 0.195 0.185 0.025 0.245 0.1772726 0.02292945 0.245 0.1793431 0.03065685 0.245 0.193 0.025 0.245 0.1927274 0.02292945 0.245 0.1927274 0.02707055 0.245 0.1919282 0.029 0.245 0.1906569 0.03065685 0.245 0.189 0.0319282 0.245 0.1870705 0.03272741 0.245 0.185 0.033 0.245 0.1829294 0.03272741 0.245 0.181 0.0319282 0.245 0.1780718 0.021 0.245 0.1793431 0.01934315 0.245 0.181 0.0180718 0.245 0.1829294 0.01727259 0.245 0.185 0.017 0.245 0.1870705 0.01727259 0.245 0.189 0.0180718 0.245 0.1906569 0.01934315 0.245 0.1919282 0.021 0.245 0.1272726 -0.02292945 0.195 0.135 -0.025 0.195 0.127 -0.025 0.195 0.1272726 -0.02292945 0.245 0.127 -0.025 0.245 0.1272726 -0.02707055 0.195 0.1280718 -0.021 0.195 0.1280718 -0.021 0.245 0.143 -0.025 0.195 0.1427274 -0.02292945 0.195 0.1419282 -0.021 0.195 0.1406569 -0.01934315 0.195 0.139 -0.0180718 0.195 0.1370706 -0.01727259 0.195 0.135 -0.017 0.195 0.1329294 -0.01727259 0.195 0.131 -0.0180718 0.195 0.1293432 -0.01934315 0.195 0.1280718 -0.029 0.195 0.1293432 -0.03065685 0.195 0.131 -0.0319282 0.195 0.1329294 -0.03272741 0.195 0.135 -0.033 0.195 0.1370706 -0.03272741 0.195 0.139 -0.0319282 0.195 0.1406569 -0.03065685 0.195 0.1419282 -0.029 0.195 0.1427274 -0.02707055 0.195 0.135 -0.025 0.245 0.1272726 -0.02707055 0.245 0.1293432 -0.01934315 0.245 0.143 -0.025 0.245 0.1427274 -0.02707055 0.245 0.1427274 -0.02292945 0.245 0.1419282 -0.021 0.245 0.1406569 -0.01934315 0.245 0.139 -0.0180718 0.245 0.1370706 -0.01727259 0.245 0.135 -0.017 0.245 0.1329294 -0.01727259 0.245 0.131 -0.0180718 0.245 0.1280718 -0.029 0.245 0.1293432 -0.03065685 0.245 0.131 -0.0319282 0.245 0.1329294 -0.03272741 0.245 0.135 -0.033 0.245 0.1370706 -0.03272741 0.245 0.139 -0.0319282 0.245 0.1406569 -0.03065685 0.245 0.1419282 -0.029 0.245 0.1423459 0.003511626 0.2425 0.16 0 0.2425 0.142 2.204364e-18 0.2425 0.1423459 0.003511626 0.2575 0.142 2.204364e-18 0.2575 0.1423459 -0.003511626 0.2425 0.1433702 0.006888302 0.2425 0.1433702 0.006888302 0.2575 0.178 0 0.2425 0.1776541 0.003511626 0.2425 0.1766298 0.006888302 0.2425 0.1749665 0.01000026 0.2425 0.1727279 0.01272792 0.2425 0.1700003 0.01496645 0.2425 0.1668883 0.01662983 0.2425 0.1635116 0.01765414 0.2425 0.16 0.018 0.2425 0.1564884 0.01765414 0.2425 0.1531117 0.01662983 0.2425 0.1499997 0.01496645 0.2425 0.1472721 0.01272792 0.2425 0.1450336 0.01000026 0.2425 0.1433702 -0.006888302 0.2425 0.1450336 -0.01000026 0.2425 0.1472721 -0.01272792 0.2425 0.1499997 -0.01496645 0.2425 0.1531117 -0.01662983 0.2425 0.1564884 -0.01765414 0.2425 0.16 -0.018 0.2425 0.1635116 -0.01765414 0.2425 0.1668883 -0.01662983 0.2425 0.1700003 -0.01496645 0.2425 0.1727279 -0.01272792 0.2425 0.1749665 -0.01000026 0.2425 0.1766298 -0.006888302 0.2425 0.1776541 -0.003511626 0.2425 0.16 0 0.2575 0.1423459 -0.003511626 0.2575 0.1450336 0.01000026 0.2575 0.178 0 0.2575 0.1776541 -0.003511626 0.2575 0.1776541 0.003511626 0.2575 0.1766298 0.006888302 0.2575 0.1749665 0.01000026 0.2575 0.1727279 0.01272792 0.2575 0.1700003 0.01496645 0.2575 0.1668883 0.01662983 0.2575 0.1635116 0.01765414 0.2575 0.16 0.018 0.2575 0.1564884 0.01765414 0.2575 0.1531117 0.01662983 0.2575 0.1499997 0.01496645 0.2575 0.1472721 0.01272792 0.2575 0.1433702 -0.006888302 0.2575 0.1450336 -0.01000026 0.2575 0.1472721 -0.01272792 0.2575 0.1499997 -0.01496645 0.2575 0.1531117 -0.01662983 0.2575 0.1564884 -0.01765414 0.2575 0.16 -0.018 0.2575 0.1635116 -0.01765414 0.2575 0.1668883 -0.01662983 0.2575 0.1700003 -0.01496645 0.2575 0.1727279 -0.01272792 0.2575 0.1749665 -0.01000026 0.2575 0.1766298 -0.006888302 0.2575 0.155 -0.026 0.5075 0.155 -0.018 0.5075 0.155 -0.026 0.4625 0.165 -0.026 0.4625 0.155 -0.018 0.4625 0.165 -0.018 0.5075 0.165 -0.026 0.5075 0.165 -0.018 0.4625 0.155 0.018 0.5075 0.155 0.026 0.5075 0.155 0.018 0.4625 0.165 0.018 0.4625 0.155 0.026 0.4625 0.165 0.026 0.5075 0.165 0.018 0.5075 0.165 0.026 0.4625 -0.1930765 -0.22125 0.1272449 -0.1930765 -0.22125 0.139245 -0.1930765 -0.17875 0.1272449 -0.1780765 -0.17875 0.1272449 -0.1780765 -0.22125 0.139245 -0.1780765 -0.22125 0.1272449 -0.1930765 -0.17875 0.139245 -0.1780765 -0.17875 0.139245 -0.1930765 0.17875 0.1272449 -0.1930765 0.17875 0.139245 -0.1930765 0.22125 0.1272449 -0.1780765 0.22125 0.1272449 -0.1780765 0.17875 0.139245 -0.1780765 0.17875 0.1272449 -0.1930765 0.22125 0.139245 -0.1780765 0.22125 0.139245 0.1780765 -0.22125 0.1272449 0.1780765 -0.22125 0.139245 0.1780765 -0.17875 0.1272449 0.1930765 -0.17875 0.1272449 0.1930765 -0.22125 0.139245 0.1930765 -0.22125 0.1272449 0.1780765 -0.17875 0.139245 0.1930765 -0.17875 0.139245 0.1780765 0.17875 0.1272449 0.1780765 0.17875 0.139245 0.1780765 0.22125 0.1272449 0.1930765 0.22125 0.1272449 0.1930765 0.17875 0.139245 0.1930765 0.17875 0.1272449 0.1780765 0.22125 0.139245 0.1930765 0.22125 0.139245 -0.2475 -0.22125 0.059 -0.2475 -0.22125 0.071 -0.2475 -0.17875 0.059 -0.2325 -0.17875 0.059 -0.2325 -0.22125 0.071 -0.2325 -0.22125 0.059 -0.2475 -0.17875 0.071 -0.2325 -0.17875 0.071 -0.2475 0.17875 0.059 -0.2475 0.17875 0.071 -0.2475 0.22125 0.059 -0.2325 0.22125 0.059 -0.2325 0.17875 0.071 -0.2325 0.17875 0.059 -0.2475 0.22125 0.071 -0.2325 0.22125 0.071 -0.2211443 -0.22125 0.1137282 -0.2211443 -0.22125 0.1257282 -0.2211443 -0.17875 0.1137282 -0.2061443 -0.17875 0.1137282 -0.2061443 -0.22125 0.1257282 -0.2061443 -0.22125 0.1137282 -0.2211443 -0.17875 0.1257282 -0.2061443 -0.17875 0.1257282 -0.2211443 0.17875 0.1137282 -0.2211443 0.17875 0.1257282 -0.2211443 0.22125 0.1137282 -0.2061443 0.22125 0.1137282 -0.2061443 0.17875 0.1257282 -0.2061443 0.17875 0.1137282 -0.2211443 0.22125 0.1257282 -0.2061443 0.22125 0.1257282 -0.1338557 -0.22125 0.1137282 -0.1338557 -0.22125 0.1257282 -0.1338557 -0.17875 0.1137282 -0.1188557 -0.17875 0.1137282 -0.1188557 -0.22125 0.1257282 -0.1188557 -0.22125 0.1137282 -0.1338557 -0.17875 0.1257282 -0.1188557 -0.17875 0.1257282 -0.1338557 0.17875 0.1137282 -0.1338557 0.17875 0.1257282 -0.1338557 0.22125 0.1137282 -0.1188557 0.22125 0.1137282 -0.1188557 0.17875 0.1257282 -0.1188557 0.17875 0.1137282 -0.1338557 0.22125 0.1257282 -0.1188557 0.22125 0.1257282 -0.1144322 -0.22125 0.08937186 -0.1144322 -0.22125 0.1013719 -0.1144322 -0.17875 0.08937186 -0.09943218 -0.17875 0.08937186 -0.09943218 -0.22125 0.1013719 -0.09943218 -0.22125 0.08937186 -0.1144322 -0.17875 0.1013719 -0.09943218 -0.17875 0.1013719 -0.1144322 0.17875 0.08937186 -0.1144322 0.17875 0.1013719 -0.1144322 0.22125 0.08937186 -0.09943218 0.22125 0.08937186 -0.09943218 0.17875 0.1013719 -0.09943218 0.17875 0.08937186 -0.1144322 0.22125 0.1013719 -0.09943218 0.22125 0.1013719 -0.1075 -0.22125 0.059 -0.1075 -0.22125 0.071 -0.1075 -0.17875 0.059 -0.0925 -0.17875 0.059 -0.0925 -0.22125 0.071 -0.0925 -0.22125 0.059 -0.1075 -0.17875 0.071 -0.0925 -0.17875 0.071 -0.1075 0.17875 0.059 -0.1075 0.17875 0.071 -0.1075 0.22125 0.059 -0.0925 0.22125 0.059 -0.0925 0.17875 0.071 -0.0925 0.17875 0.059 -0.1075 0.22125 0.071 -0.0925 0.22125 0.071 0.0925 -0.22125 0.059 0.0925 -0.22125 0.071 0.0925 -0.17875 0.059 0.1075 -0.17875 0.059 0.1075 -0.22125 0.071 0.1075 -0.22125 0.059 0.0925 -0.17875 0.071 0.1075 -0.17875 0.071 0.0925 0.17875 0.059 0.0925 0.17875 0.071 0.0925 0.22125 0.059 0.1075 0.22125 0.059 0.1075 0.17875 0.071 0.1075 0.17875 0.059 0.0925 0.22125 0.071 0.1075 0.22125 0.071 0.09943218 -0.22125 0.08937186 0.09943218 -0.22125 0.1013719 0.09943218 -0.17875 0.08937186 0.1144322 -0.17875 0.08937186 0.1144322 -0.22125 0.1013719 0.1144322 -0.22125 0.08937186 0.09943218 -0.17875 0.1013719 0.1144322 -0.17875 0.1013719 0.09943218 0.17875 0.08937186 0.09943218 0.17875 0.1013719 0.09943218 0.22125 0.08937186 0.1144322 0.22125 0.08937186 0.1144322 0.17875 0.1013719 0.1144322 0.17875 0.08937186 0.09943218 0.22125 0.1013719 0.1144322 0.22125 0.1013719 0.1188557 -0.22125 0.1137282 0.1188557 -0.22125 0.1257282 0.1188557 -0.17875 0.1137282 0.1338557 -0.17875 0.1137282 0.1338557 -0.22125 0.1257282 0.1338557 -0.22125 0.1137282 0.1188557 -0.17875 0.1257282 0.1338557 -0.17875 0.1257282 0.1188557 0.17875 0.1137282 0.1188557 0.17875 0.1257282 0.1188557 0.22125 0.1137282 0.1338557 0.22125 0.1137282 0.1338557 0.17875 0.1257282 0.1338557 0.17875 0.1137282 0.1188557 0.22125 0.1257282 0.1338557 0.22125 0.1257282 0.2061443 -0.22125 0.1137282 0.2061443 -0.22125 0.1257282 0.2061443 -0.17875 0.1137282 0.2211443 -0.17875 0.1137282 0.2211443 -0.22125 0.1257282 0.2211443 -0.22125 0.1137282 0.2061443 -0.17875 0.1257282 0.2211443 -0.17875 0.1257282 0.2061443 0.17875 0.1137282 0.2061443 0.17875 0.1257282 0.2061443 0.22125 0.1137282 0.2211443 0.22125 0.1137282 0.2211443 0.17875 0.1257282 0.2211443 0.17875 0.1137282 0.2061443 0.22125 0.1257282 0.2211443 0.22125 0.1257282 0.2325 -0.22125 0.059 0.2325 -0.22125 0.071 0.2325 -0.17875 0.059 0.2475 -0.17875 0.059 0.2475 -0.22125 0.071 0.2475 -0.22125 0.059 0.2325 -0.17875 0.071 0.2475 -0.17875 0.071 0.2325 0.17875 0.059 0.2325 0.17875 0.071 0.2325 0.22125 0.059 0.2475 0.22125 0.059 0.2475 0.17875 0.071 0.2475 0.17875 0.059 0.2325 0.22125 0.071 0.2475 0.22125 0.071 -0.2405678 -0.22125 0.08937186 -0.2405678 -0.22125 0.1013719 -0.2405678 -0.17875 0.08937186 -0.2255678 -0.17875 0.08937186 -0.2255678 -0.22125 0.1013719 -0.2255678 -0.22125 0.08937186 -0.2405678 -0.17875 0.1013719 -0.2255678 -0.17875 0.1013719 -0.2405678 0.17875 0.08937186 -0.2405678 0.17875 0.1013719 -0.2405678 0.22125 0.08937186 -0.2255678 0.22125 0.08937186 -0.2255678 0.17875 0.1013719 -0.2255678 0.17875 0.08937186 -0.2405678 0.22125 0.1013719 -0.2255678 0.22125 0.1013719 0.2255678 -0.22125 0.08937186 0.2255678 -0.22125 0.1013719 0.2255678 -0.17875 0.08937186 0.2405678 -0.17875 0.08937186 0.2405678 -0.22125 0.1013719 0.2405678 -0.22125 0.08937186 0.2255678 -0.17875 0.1013719 0.2405678 -0.17875 0.1013719 0.2255678 0.17875 0.08937186 0.2255678 0.17875 0.1013719 0.2255678 0.22125 0.08937186 0.2405678 0.22125 0.08937186 0.2405678 0.17875 0.1013719 0.2405678 0.17875 0.08937186 0.2255678 0.22125 0.1013719 0.2405678 0.22125 0.1013719 -0.1144322 -0.22125 0.02862814 -0.1144322 -0.22125 0.04062814 -0.1144322 -0.17875 0.02862814 -0.09943218 -0.17875 0.02862814 -0.09943218 -0.22125 0.04062814 -0.09943218 -0.22125 0.02862814 -0.1144322 -0.17875 0.04062814 -0.09943218 -0.17875 0.04062814 -0.1144322 0.17875 0.02862814 -0.1144322 0.17875 0.04062814 -0.1144322 0.22125 0.02862814 -0.09943218 0.22125 0.02862814 -0.09943218 0.17875 0.04062814 -0.09943218 0.17875 0.02862814 -0.1144322 0.22125 0.04062814 -0.09943218 0.22125 0.04062814 0.09943218 -0.22125 0.02862814 0.09943218 -0.22125 0.04062814 0.09943218 -0.17875 0.02862814 0.1144322 -0.17875 0.02862814 0.1144322 -0.22125 0.04062814 0.1144322 -0.22125 0.02862814 0.09943218 -0.17875 0.04062814 0.1144322 -0.17875 0.04062814 0.09943218 0.17875 0.02862814 0.09943218 0.17875 0.04062814 0.09943218 0.22125 0.02862814 0.1144322 0.22125 0.02862814 0.1144322 0.17875 0.04062814 0.1144322 0.17875 0.02862814 0.09943218 0.22125 0.04062814 0.1144322 0.22125 0.04062814 -0.2405678 -0.22125 0.02862814 -0.2405678 -0.22125 0.04062814 -0.2405678 -0.17875 0.02862814 -0.2255678 -0.17875 0.02862814 -0.2255678 -0.22125 0.04062814 -0.2255678 -0.22125 0.02862814 -0.2405678 -0.17875 0.04062814 -0.2255678 -0.17875 0.04062814 -0.2405678 0.17875 0.02862814 -0.2405678 0.17875 0.04062814 -0.2405678 0.22125 0.02862814 -0.2255678 0.22125 0.02862814 -0.2255678 0.17875 0.04062814 -0.2255678 0.17875 0.02862814 -0.2405678 0.22125 0.04062814 -0.2255678 0.22125 0.04062814 0.2255678 -0.22125 0.02862814 0.2255678 -0.22125 0.04062814 0.2255678 -0.17875 0.02862814 0.2405678 -0.17875 0.02862814 0.2405678 -0.22125 0.04062814 0.2405678 -0.22125 0.02862814 0.2255678 -0.17875 0.04062814 0.2405678 -0.17875 0.04062814 0.2255678 0.17875 0.02862814 0.2255678 0.17875 0.04062814 0.2255678 0.22125 0.02862814 0.2405678 0.22125 0.02862814 0.2405678 0.17875 0.04062814 0.2405678 0.17875 0.02862814 0.2255678 0.22125 0.04062814 0.2405678 0.22125 0.04062814 -0.2211443 -0.22125 0.004271796 -0.2211443 -0.22125 0.01627179 -0.2211443 -0.17875 0.004271796 -0.2061443 -0.17875 0.004271796 -0.2061443 -0.22125 0.01627179 -0.2061443 -0.22125 0.004271796 -0.2211443 -0.17875 0.01627179 -0.2061443 -0.17875 0.01627179 -0.2211443 0.17875 0.004271796 -0.2211443 0.17875 0.01627179 -0.2211443 0.22125 0.004271796 -0.2061443 0.22125 0.004271796 -0.2061443 0.17875 0.01627179 -0.2061443 0.17875 0.004271796 -0.2211443 0.22125 0.01627179 -0.2061443 0.22125 0.01627179 -0.1930765 -0.22125 -0.009244953 -0.1930765 -0.22125 0.002755044 -0.1930765 -0.17875 -0.009244953 -0.1780765 -0.17875 -0.009244953 -0.1780765 -0.22125 0.002755044 -0.1780765 -0.22125 -0.009244953 -0.1930765 -0.17875 0.002755044 -0.1780765 -0.17875 0.002755044 -0.1930765 0.17875 -0.009244953 -0.1930765 0.17875 0.002755044 -0.1930765 0.22125 -0.009244953 -0.1780765 0.22125 -0.009244953 -0.1780765 0.17875 0.002755044 -0.1780765 0.17875 -0.009244953 -0.1930765 0.22125 0.002755044 -0.1780765 0.22125 0.002755044 -0.1338557 -0.22125 0.004271796 -0.1338557 -0.22125 0.01627179 -0.1338557 -0.17875 0.004271796 -0.1188557 -0.17875 0.004271796 -0.1188557 -0.22125 0.01627179 -0.1188557 -0.22125 0.004271796 -0.1338557 -0.17875 0.01627179 -0.1188557 -0.17875 0.01627179 -0.1338557 0.17875 0.004271796 -0.1338557 0.17875 0.01627179 -0.1338557 0.22125 0.004271796 -0.1188557 0.22125 0.004271796 -0.1188557 0.17875 0.01627179 -0.1188557 0.17875 0.004271796 -0.1338557 0.22125 0.01627179 -0.1188557 0.22125 0.01627179 0.1188557 -0.22125 0.004271796 0.1188557 -0.22125 0.01627179 0.1188557 -0.17875 0.004271796 0.1338557 -0.17875 0.004271796 0.1338557 -0.22125 0.01627179 0.1338557 -0.22125 0.004271796 0.1188557 -0.17875 0.01627179 0.1338557 -0.17875 0.01627179 0.1188557 0.17875 0.004271796 0.1188557 0.17875 0.01627179 0.1188557 0.22125 0.004271796 0.1338557 0.22125 0.004271796 0.1338557 0.17875 0.01627179 0.1338557 0.17875 0.004271796 0.1188557 0.22125 0.01627179 0.1338557 0.22125 0.01627179 0.1780765 -0.22125 -0.009244953 0.1780765 -0.22125 0.002755044 0.1780765 -0.17875 -0.009244953 0.1930765 -0.17875 -0.009244953 0.1930765 -0.22125 0.002755044 0.1930765 -0.22125 -0.009244953 0.1780765 -0.17875 0.002755044 0.1930765 -0.17875 0.002755044 0.1780765 0.17875 -0.009244953 0.1780765 0.17875 0.002755044 0.1780765 0.22125 -0.009244953 0.1930765 0.22125 -0.009244953 0.1930765 0.17875 0.002755044 0.1930765 0.17875 -0.009244953 0.1780765 0.22125 0.002755044 0.1930765 0.22125 0.002755044 0.2061443 -0.22125 0.004271796 0.2061443 -0.22125 0.01627179 0.2061443 -0.17875 0.004271796 0.2211443 -0.17875 0.004271796 0.2211443 -0.22125 0.01627179 0.2211443 -0.22125 0.004271796 0.2061443 -0.17875 0.01627179 0.2211443 -0.17875 0.01627179 0.2061443 0.17875 0.004271796 0.2061443 0.17875 0.01627179 0.2061443 0.22125 0.004271796 0.2211443 0.22125 0.004271796 0.2211443 0.17875 0.01627179 0.2211443 0.17875 0.004271796 0.2061443 0.22125 0.01627179 0.2211443 0.22125 0.01627179 -0.1619235 -0.22125 0.1272449 -0.1619235 -0.22125 0.139245 -0.1619235 -0.17875 0.1272449 -0.1469235 -0.17875 0.1272449 -0.1469235 -0.22125 0.139245 -0.1469235 -0.22125 0.1272449 -0.1619235 -0.17875 0.139245 -0.1469235 -0.17875 0.139245 -0.1619235 0.17875 0.1272449 -0.1619235 0.17875 0.139245 -0.1619235 0.22125 0.1272449 -0.1469235 0.22125 0.1272449 -0.1469235 0.17875 0.139245 -0.1469235 0.17875 0.1272449 -0.1619235 0.22125 0.139245 -0.1469235 0.22125 0.139245 0.1469235 -0.22125 0.1272449 0.1469235 -0.22125 0.139245 0.1469235 -0.17875 0.1272449 0.1619235 -0.17875 0.1272449 0.1619235 -0.22125 0.139245 0.1619235 -0.22125 0.1272449 0.1469235 -0.17875 0.139245 0.1619235 -0.17875 0.139245 0.1469235 0.17875 0.1272449 0.1469235 0.17875 0.139245 0.1469235 0.22125 0.1272449 0.1619235 0.22125 0.1272449 0.1619235 0.17875 0.139245 0.1619235 0.17875 0.1272449 0.1469235 0.22125 0.139245 0.1619235 0.22125 0.139245 -0.1619235 -0.22125 -0.009244953 -0.1619235 -0.22125 0.002755044 -0.1619235 -0.17875 -0.009244953 -0.1469235 -0.17875 -0.009244953 -0.1469235 -0.22125 0.002755044 -0.1469235 -0.22125 -0.009244953 -0.1619235 -0.17875 0.002755044 -0.1469235 -0.17875 0.002755044 -0.1619235 0.17875 -0.009244953 -0.1619235 0.17875 0.002755044 -0.1619235 0.22125 -0.009244953 -0.1469235 0.22125 -0.009244953 -0.1469235 0.17875 0.002755044 -0.1469235 0.17875 -0.009244953 -0.1619235 0.22125 0.002755044 -0.1469235 0.22125 0.002755044 0.1469235 -0.22125 -0.009244953 0.1469235 -0.22125 0.002755044 0.1469235 -0.17875 -0.009244953 0.1619235 -0.17875 -0.009244953 0.1619235 -0.22125 0.002755044 0.1619235 -0.22125 -0.009244953 0.1469235 -0.17875 0.002755044 0.1619235 -0.17875 0.002755044 0.1469235 0.17875 -0.009244953 0.1469235 0.17875 0.002755044 0.1469235 0.22125 -0.009244953 0.1619235 0.22125 -0.009244953 0.1619235 0.17875 0.002755044 0.1619235 0.17875 -0.009244953 0.1469235 0.22125 0.002755044 0.1619235 0.22125 0.002755044 0.161 -0.009 0.524 0.161 0.009 0.524 0.161 -0.009 0.516 0.179 -0.009 0.516 0.161 0.009 0.516 0.179 0.009 0.524 0.179 -0.009 0.524 0.179 0.009 0.516 0.1763067 0.02732937 0.243 0.185 0.025 0.243 0.176 0.025 0.243 0.1763067 0.02732937 0.251 0.176 0.025 0.251 0.1763067 0.02267063 0.243 0.1772058 0.0295 0.243 0.1772058 0.0295 0.251 0.194 0.025 0.243 0.1936933 0.02732937 0.243 0.1927942 0.0295 0.243 0.191364 0.03136396 0.243 0.1895 0.03279423 0.243 0.1873294 0.03369333 0.243 0.185 0.034 0.243 0.1826706 0.03369333 0.243 0.1805 0.03279423 0.243 0.178636 0.03136396 0.243 0.1772058 0.0205 0.243 0.178636 0.01863604 0.243 0.1805 0.01720577 0.243 0.1826706 0.01630667 0.243 0.185 0.016 0.243 0.1873294 0.01630667 0.243 0.1895 0.01720577 0.243 0.191364 0.01863604 0.243 0.1927942 0.0205 0.243 0.1936933 0.02267063 0.243 0.185 0.025 0.251 0.1763067 0.02267063 0.251 0.178636 0.03136396 0.251 0.194 0.025 0.251 0.1936933 0.02267063 0.251 0.1936933 0.02732937 0.251 0.1927942 0.0295 0.251 0.191364 0.03136396 0.251 0.1895 0.03279423 0.251 0.1873294 0.03369333 0.251 0.185 0.034 0.251 0.1826706 0.03369333 0.251 0.1805 0.03279423 0.251 0.1772058 0.0205 0.251 0.178636 0.01863604 0.251 0.1805 0.01720577 0.251 0.1826706 0.01630667 0.251 0.185 0.016 0.251 0.1873294 0.01630667 0.251 0.1895 0.01720577 0.251 0.191364 0.01863604 0.251 0.1927942 0.0205 0.251 0.1263067 -0.02267063 0.243 0.135 -0.025 0.243 0.126 -0.025 0.243 0.1263067 -0.02267063 0.251 0.126 -0.025 0.251 0.1263067 -0.02732937 0.243 0.1272058 -0.0205 0.243 0.1272058 -0.0205 0.251 0.144 -0.025 0.243 0.1436933 -0.02267063 0.243 0.1427942 -0.0205 0.243 0.141364 -0.01863604 0.243 0.1395 -0.01720577 0.243 0.1373294 -0.01630667 0.243 0.135 -0.016 0.243 0.1326706 -0.01630667 0.243 0.1305 -0.01720577 0.243 0.128636 -0.01863604 0.243 0.1272058 -0.0295 0.243 0.128636 -0.03136396 0.243 0.1305 -0.03279423 0.243 0.1326706 -0.03369333 0.243 0.135 -0.034 0.243 0.1373294 -0.03369333 0.243 0.1395 -0.03279423 0.243 0.141364 -0.03136396 0.243 0.1427942 -0.0295 0.243 0.1436933 -0.02732937 0.243 0.135 -0.025 0.251 0.1263067 -0.02732937 0.251 0.128636 -0.01863604 0.251 0.144 -0.025 0.251 0.1436933 -0.02732937 0.251 0.1436933 -0.02267063 0.251 0.1427942 -0.0205 0.251 0.141364 -0.01863604 0.251 0.1395 -0.01720577 0.251 0.1373294 -0.01630667 0.251 0.135 -0.016 0.251 0.1326706 -0.01630667 0.251 0.1305 -0.01720577 0.251 0.1272058 -0.0295 0.251 0.128636 -0.03136396 0.251 0.1305 -0.03279423 0.251 0.1326706 -0.03369333 0.251 0.135 -0.034 0.251 0.1373294 -0.03369333 0.251 0.1395 -0.03279423 0.251 0.141364 -0.03136396 0.251 0.1427942 -0.0295 0.251</float_array>
          <technique_common>
            <accessor count="4900" source="#verts-array-array" stride="3">
              <param type="float" name="X" />
              <param type="float" name="Y" />
              <param type="float" name="Z" />
            </accessor>
          </technique_common>
        </source>
        <source id="normals-array">
          <float_array count="14700" id="normals-array-array">-0.5773503 -0.5773503 0.5773503 -0.5773503 0.5773503 0.5773503 -0.5773503 -0.5773503 -0.5773503 -0.5773503 0.5773503 -0.5773503 0.5773503 -0.5773503 0.5773503 0.5773503 -0.5773503 -0.5773503 0.5773503 0.5773503 0.5773503 0.5773503 0.5773503 -0.5773503 -0.3015113 -0.3015113 0.904534 0.3015113 -0.3015113 0.904534 0.3015113 0.3015113 0.904534 -0.3015113 0.3015113 0.904534 -0.3015113 -0.3015113 -0.904534 -0.3015113 0.3015113 -0.904534 0.3015113 0.3015113 -0.904534 0.3015113 -0.3015113 -0.904534 -0.5773503 -0.5773503 0.5773503 -0.5773503 0.5773503 0.5773503 -0.5773503 -0.5773503 -0.5773503 0.5773503 -0.5773503 -0.5773503 -0.5773503 0.5773503 -0.5773503 0.5773503 0.5773503 0.5773503 0.5773503 -0.5773503 0.5773503 0.5773503 0.5773503 -0.5773503 -0.7139015 -0.6856965 0.1420033 -0.7278875 0.6856966 8.174137e-09 -0.7278875 -0.6856966 8.174137e-09 0 -1 0 -0.7139015 0.6856965 -0.1420033 -0.7139015 -0.6856965 -0.1420033 -0.6724807 -0.6856962 0.2785506 -0.7139015 0.6856965 0.1420033 0 1 0 0.7278878 -0.6856962 -1.938574e-17 0.7139013 -0.6856967 0.1420035 0.6724807 -0.6856963 0.2785503 0.6052161 -0.6856966 0.404393 0.5146946 -0.6856963 0.5146941 0.4043927 -0.6856964 0.6052164 0.27855 -0.6856966 0.6724806 0.1420047 -0.6856965 0.7139012 -3.877149e-17 -0.6856962 0.7278878 -0.1420046 -0.6856967 0.7139011 -0.2785501 -0.6856965 0.6724807 -0.4043921 -0.6856964 0.6052169 -0.5146947 -0.6856964 0.5146939 -0.6052175 -0.6856962 0.4043916 -0.6724798 -0.6856969 0.2785513 -0.7139011 -0.6856964 0.1420058 -0.7278878 -0.6856962 -3.877149e-17 -0.7139011 -0.6856965 -0.1420057 -0.6724798 -0.6856968 -0.2785511 -0.6052175 -0.6856962 -0.4043916 -0.5146946 -0.6856965 -0.5146938 -0.4043923 -0.6856963 -0.6052168 -0.2785501 -0.6856965 -0.6724807 -0.1420038 -0.6856966 -0.7139013 0 -0.6856963 -0.7278877 0.1420038 -0.6856964 -0.7139015 0.27855 -0.6856966 -0.6724806 0.4043929 -0.6856964 -0.6052164 0.5146946 -0.6856965 -0.514694 0.6052161 -0.6856965 -0.4043931 0.6724808 -0.6856962 -0.2785502 0.7139012 -0.6856967 -0.1420035 0.7278876 -0.6856965 8.174138e-09 0.7139015 -0.6856964 0.1420038 0.6724805 -0.6856965 0.2785504 0.6052164 -0.6856965 0.4043926 0.5146943 -0.6856963 0.5146943 0.4043927 -0.6856965 0.6052164 0.2785507 -0.6856965 0.6724803 0.1420036 -0.6856963 0.7139016 -0.2343525 -0.6737636 0.7008006 -0.1420037 -0.6856963 0.7139016 -0.2785505 -0.6856966 0.6724803 -0.4043926 -0.6856964 0.6052166 -0.5146946 -0.6856963 0.5146941 -0.6052162 -0.6856966 0.4043927 -0.6724806 -0.6856962 -0.2785507 -0.6052162 -0.6856966 -0.4043928 -0.5146945 -0.6856964 -0.514694 -0.4043927 -0.6856964 -0.6052165 -0.2785504 -0.6856965 -0.6724804 -0.1420039 -0.6856964 -0.7139015 -0.2343525 -0.6737636 -0.7008006 0.1420038 -0.6856964 -0.7139015 0.2785507 -0.6856964 -0.6724804 0.4043928 -0.6856965 -0.6052163 0.5146943 -0.6856964 -0.5146943 0.6052164 -0.6856964 -0.4043928 0.6724804 -0.6856965 -0.2785505 0.7139015 -0.6856964 -0.1420038 -0.6724806 0.6856962 -0.2785507 -0.6724807 0.6856962 0.2785506 0.7278878 0.6856962 1.938574e-17 0.7139013 0.6856967 0.1420035 0.6724807 0.6856963 0.2785503 0.6052161 0.6856966 0.404393 0.5146946 0.6856963 0.5146941 0.4043927 0.6856964 0.6052164 0.27855 0.6856966 0.6724806 0.1420047 0.6856965 0.7139012 4.52334e-17 0.6856962 0.7278878 -0.1420046 0.6856967 0.7139011 -0.2785501 0.6856965 0.6724807 -0.4043921 0.6856964 0.6052169 -0.5146947 0.6856964 0.5146939 -0.6052175 0.6856962 0.4043916 -0.6724798 0.6856969 0.2785513 -0.7139011 0.6856964 0.1420058 -0.7278878 0.6856962 3.877149e-17 -0.7139011 0.6856965 -0.1420057 -0.6724798 0.6856968 -0.2785511 -0.6052175 0.6856962 -0.4043916 -0.5146946 0.6856965 -0.5146938 -0.4043923 0.6856963 -0.6052168 -0.2785501 0.6856965 -0.6724807 -0.1420038 0.6856966 -0.7139013 -6.461912e-18 0.6856963 -0.7278877 0.1420038 0.6856964 -0.7139015 0.27855 0.6856966 -0.6724806 0.4043929 0.6856964 -0.6052164 0.5146946 0.6856965 -0.514694 0.6052161 0.6856965 -0.4043931 0.6724808 0.6856962 -0.2785502 0.7139012 0.6856967 -0.1420035 0.7278876 0.6856965 8.174138e-09 0.7139015 0.6856964 0.1420038 0.6724805 0.6856965 0.2785504 0.6052164 0.6856965 0.4043926 0.5146943 0.6856963 0.5146943 0.4043927 0.6856965 0.6052164 0.2785507 0.6856965 0.6724803 0.1420036 0.6856963 0.7139016 -0.2343525 0.6737636 0.7008006 -0.1420037 0.6856963 0.7139016 -0.2785505 0.6856966 0.6724803 -0.4043926 0.6856964 0.6052166 -0.5146946 0.6856963 0.5146941 -0.6052162 0.6856966 0.4043927 -0.6052162 0.6856966 -0.4043928 -0.5146945 0.6856964 -0.514694 -0.4043927 0.6856964 -0.6052165 -0.2785504 0.6856965 -0.6724804 -0.1420039 0.6856964 -0.7139015 -0.2343525 0.6737636 -0.7008006 0.1420038 0.6856964 -0.7139015 0.2785507 0.6856964 -0.6724804 0.4043928 0.6856965 -0.6052163 0.5146943 0.6856964 -0.5146943 0.6052164 0.6856964 -0.4043928 0.6724804 0.6856965 -0.2785505 0.7139015 0.6856964 -0.1420038 -0.5773503 -0.5773503 -0.5773503 0.5773503 -0.5773503 -0.5773503 0.2343525 0.6737636 0.7008006 0.2343525 -0.6737636 0.7008006 -0.5773503 -0.5773503 0.5773503 -0.5773503 0.5773503 0.5773503 0.2343525 -0.6737636 -0.7008006 -0.5773503 0.5773503 -0.5773503 0.5773503 0.5773503 0.5773503 0.2343525 0.6737636 -0.7008006 0.5773503 0.5773503 -0.5773503 0.1420037 0.6856963 0.7139016 0 1 0 0.1420037 -0.6856963 0.7139016 -0.1420036 0.6856963 0.7139016 0 -1 0 -0.1420036 -0.6856963 0.7139016 0.5773503 -0.5773503 0.5773503 -0.1420038 -0.6856964 -0.7139015 0.1420039 0.6856964 -0.7139015 0.1420039 -0.6856964 -0.7139015 -0.1420038 0.6856964 -0.7139015 0.2785505 0.6856966 0.6724803 0.2785505 -0.6856966 0.6724803 0.7278878 0.6856962 1.777026e-17 0.7139011 0.6856964 0.1420058 0.6724798 0.6856969 0.2785513 0.6052175 0.6856962 0.4043916 0.5146947 0.6856964 0.5146939 0.4043921 0.6856964 0.6052169 0.2785501 0.6856965 0.6724807 0.1420046 0.6856967 0.7139011 0 0.6856962 0.7278878 -0.1420047 0.6856965 0.7139012 -0.27855 0.6856966 0.6724806 -0.4043927 0.6856964 0.6052164 -0.5146946 0.6856963 0.5146941 -0.6052161 0.6856966 0.404393 -0.6724807 0.6856963 0.2785503 -0.7139013 0.6856967 0.1420035 -0.7278878 0.6856962 3.877149e-17 -0.7139012 0.6856967 -0.1420035 -0.6724808 0.6856962 -0.2785502 -0.6052161 0.6856965 -0.4043931 -0.5146946 0.6856965 -0.514694 -0.4043929 0.6856964 -0.6052164 -0.27855 0.6856966 -0.6724806 -0.1420038 0.6856964 -0.7139015 3.230956e-17 0.6856963 -0.7278877 0.1420038 0.6856966 -0.7139013 0.2785501 0.6856965 -0.6724807 0.4043923 0.6856963 -0.6052168 0.5146946 0.6856965 -0.5146938 0.6052175 0.6856962 -0.4043916 0.6724798 0.6856968 -0.2785511 0.7139011 0.6856965 -0.1420057 0.7278875 0.6856966 8.174137e-09 0.7139015 0.6856965 0.1420033 0.6724807 0.6856962 0.2785506 0.6052162 0.6856966 0.4043927 0.5146946 0.6856963 0.5146941 0.4043926 0.6856964 0.6052166 -0.2785507 0.6856965 0.6724803 -0.4043927 0.6856965 0.6052164 -0.5146943 0.6856963 0.5146943 -0.6052164 0.6856965 0.4043926 -0.6724805 0.6856965 0.2785504 -0.7139015 0.6856964 0.1420038 -0.7278876 0.6856965 8.174138e-09 -0.7139015 0.6856964 -0.1420038 -0.6724804 0.6856965 -0.2785505 -0.6052164 0.6856964 -0.4043928 -0.5146943 0.6856964 -0.5146943 -0.4043928 0.6856965 -0.6052163 -0.2785507 0.6856964 -0.6724804 0.2785504 0.6856965 -0.6724804 0.4043927 0.6856964 -0.6052165 0.5146945 0.6856964 -0.514694 0.6052162 0.6856966 -0.4043928 0.6724806 0.6856962 -0.2785507 0.7139015 0.6856965 -0.1420033 0.7278878 -0.6856962 -1.938574e-17 0.7139011 -0.6856964 0.1420058 0.6724798 -0.6856969 0.2785513 0.6052175 -0.6856962 0.4043916 0.5146947 -0.6856964 0.5146939 0.4043921 -0.6856964 0.6052169 0.2785501 -0.6856965 0.6724807 0.1420046 -0.6856967 0.7139011 0 -0.6856962 0.7278878 -0.1420047 -0.6856965 0.7139012 -0.27855 -0.6856966 0.6724806 -0.4043927 -0.6856964 0.6052164 -0.5146946 -0.6856963 0.5146941 -0.6052161 -0.6856966 0.404393 -0.6724807 -0.6856963 0.2785503 -0.7139013 -0.6856967 0.1420035 -0.7278878 -0.6856962 -3.877149e-17 -0.7139012 -0.6856967 -0.1420035 -0.6724808 -0.6856962 -0.2785502 -0.6052161 -0.6856965 -0.4043931 -0.5146946 -0.6856965 -0.514694 -0.4043929 -0.6856964 -0.6052164 -0.27855 -0.6856966 -0.6724806 -0.1420038 -0.6856964 -0.7139015 -2.584765e-17 -0.6856963 -0.7278877 0.1420038 -0.6856966 -0.7139013 0.2785501 -0.6856965 -0.6724807 0.4043923 -0.6856963 -0.6052168 0.5146946 -0.6856965 -0.5146938 0.6052175 -0.6856962 -0.4043916 0.6724798 -0.6856968 -0.2785511 0.7139011 -0.6856965 -0.1420057 0.7278875 -0.6856966 8.174137e-09 0.7139015 -0.6856965 0.1420033 0.6724807 -0.6856962 0.2785506 0.6052162 -0.6856966 0.4043927 0.5146946 -0.6856963 0.5146941 0.4043926 -0.6856964 0.6052166 -0.2785507 -0.6856965 0.6724803 -0.4043927 -0.6856965 0.6052164 -0.5146943 -0.6856963 0.5146943 -0.6052164 -0.6856965 0.4043926 -0.6724805 -0.6856965 0.2785504 -0.7139015 -0.6856964 0.1420038 -0.7278876 -0.6856965 8.174138e-09 -0.7139015 -0.6856964 -0.1420038 -0.6724804 -0.6856965 -0.2785505 -0.6052164 -0.6856964 -0.4043928 -0.5146943 -0.6856964 -0.5146943 -0.4043928 -0.6856965 -0.6052163 -0.2785507 -0.6856964 -0.6724804 0.2785504 -0.6856965 -0.6724804 0.4043927 -0.6856964 -0.6052165 0.5146945 -0.6856964 -0.514694 0.6052162 -0.6856966 -0.4043928 0.6724806 -0.6856962 -0.2785507 0.7139015 -0.6856965 -0.1420033 -0.7139015 -0.6856965 0.1420033 -0.7278875 0.6856966 8.174137e-09 -0.7278875 -0.6856966 8.174137e-09 0 -1 0 -0.7139015 0.6856965 -0.1420033 -0.7139015 -0.6856965 -0.1420033 -0.6724807 -0.6856962 0.2785506 -0.7139015 0.6856965 0.1420033 0 1 0 0.7278878 -0.6856962 -1.938574e-17 0.7139013 -0.6856967 0.1420035 0.6724807 -0.6856963 0.2785503 0.6052161 -0.6856966 0.404393 0.5146946 -0.6856963 0.5146941 0.4043927 -0.6856964 0.6052164 0.27855 -0.6856966 0.6724806 0.1420047 -0.6856965 0.7139012 -3.877149e-17 -0.6856962 0.7278878 -0.1420046 -0.6856967 0.7139011 -0.2785501 -0.6856965 0.6724807 -0.4043921 -0.6856964 0.6052169 -0.5146947 -0.6856964 0.5146939 -0.6052175 -0.6856962 0.4043916 -0.6724798 -0.6856969 0.2785513 -0.7139011 -0.6856964 0.1420058 -0.7278878 -0.6856962 -3.877149e-17 -0.7139011 -0.6856965 -0.1420057 -0.6724798 -0.6856968 -0.2785511 -0.6052175 -0.6856962 -0.4043916 -0.5146946 -0.6856965 -0.5146938 -0.4043923 -0.6856963 -0.6052168 -0.2785501 -0.6856965 -0.6724807 -0.1420038 -0.6856966 -0.7139013 0 -0.6856963 -0.7278877 0.1420038 -0.6856964 -0.7139015 0.27855 -0.6856966 -0.6724806 0.4043929 -0.6856964 -0.6052164 0.5146946 -0.6856965 -0.514694 0.6052161 -0.6856965 -0.4043931 0.6724808 -0.6856962 -0.2785502 0.7139012 -0.6856967 -0.1420035 0.7278876 -0.6856965 8.174138e-09 0.7139015 -0.6856964 0.1420038 0.6724805 -0.6856965 0.2785504 0.6052164 -0.6856965 0.4043926 0.5146943 -0.6856963 0.5146943 0.4043927 -0.6856965 0.6052164 0.2785507 -0.6856965 0.6724803 0.1420036 -0.6856963 0.7139016 -0.2343525 -0.6737636 0.7008006 -0.1420037 -0.6856963 0.7139016 -0.2785505 -0.6856966 0.6724803 -0.4043926 -0.6856964 0.6052166 -0.5146946 -0.6856963 0.5146941 -0.6052162 -0.6856966 0.4043927 -0.6724806 -0.6856962 -0.2785507 -0.6052162 -0.6856966 -0.4043928 -0.5146945 -0.6856964 -0.514694 -0.4043927 -0.6856964 -0.6052165 -0.2785504 -0.6856965 -0.6724804 -0.1420039 -0.6856964 -0.7139015 -0.2343525 -0.6737636 -0.7008006 0.1420038 -0.6856964 -0.7139015 0.2785507 -0.6856964 -0.6724804 0.4043928 -0.6856965 -0.6052163 0.5146943 -0.6856964 -0.5146943 0.6052164 -0.6856964 -0.4043928 0.6724804 -0.6856965 -0.2785505 0.7139015 -0.6856964 -0.1420038 -0.6724806 0.6856962 -0.2785507 -0.6724807 0.6856962 0.2785506 0.7278878 0.6856962 1.938574e-17 0.7139013 0.6856967 0.1420035 0.6724807 0.6856963 0.2785503 0.6052161 0.6856966 0.404393 0.5146946 0.6856963 0.5146941 0.4043927 0.6856964 0.6052164 0.27855 0.6856966 0.6724806 0.1420047 0.6856965 0.7139012 4.52334e-17 0.6856962 0.7278878 -0.1420046 0.6856967 0.7139011 -0.2785501 0.6856965 0.6724807 -0.4043921 0.6856964 0.6052169 -0.5146947 0.6856964 0.5146939 -0.6052175 0.6856962 0.4043916 -0.6724798 0.6856969 0.2785513 -0.7139011 0.6856964 0.1420058 -0.7278878 0.6856962 3.877149e-17 -0.7139011 0.6856965 -0.1420057 -0.6724798 0.6856968 -0.2785511 -0.6052175 0.6856962 -0.4043916 -0.5146946 0.6856965 -0.5146938 -0.4043923 0.6856963 -0.6052168 -0.2785501 0.6856965 -0.6724807 -0.1420038 0.6856966 -0.7139013 -6.461912e-18 0.6856963 -0.7278877 0.1420038 0.6856964 -0.7139015 0.27855 0.6856966 -0.6724806 0.4043929 0.6856964 -0.6052164 0.5146946 0.6856965 -0.514694 0.6052161 0.6856965 -0.4043931 0.6724808 0.6856962 -0.2785502 0.7139012 0.6856967 -0.1420035 0.7278876 0.6856965 8.174138e-09 0.7139015 0.6856964 0.1420038 0.6724805 0.6856965 0.2785504 0.6052164 0.6856965 0.4043926 0.5146943 0.6856963 0.5146943 0.4043927 0.6856965 0.6052164 0.2785507 0.6856965 0.6724803 0.1420036 0.6856963 0.7139016 -0.2343525 0.6737636 0.7008006 -0.1420037 0.6856963 0.7139016 -0.2785505 0.6856966 0.6724803 -0.4043926 0.6856964 0.6052166 -0.5146946 0.6856963 0.5146941 -0.6052162 0.6856966 0.4043927 -0.6052162 0.6856966 -0.4043928 -0.5146945 0.6856964 -0.514694 -0.4043927 0.6856964 -0.6052165 -0.2785504 0.6856965 -0.6724804 -0.1420039 0.6856964 -0.7139015 -0.2343525 0.6737636 -0.7008006 0.1420038 0.6856964 -0.7139015 0.2785507 0.6856964 -0.6724804 0.4043928 0.6856965 -0.6052163 0.5146943 0.6856964 -0.5146943 0.6052164 0.6856964 -0.4043928 0.6724804 0.6856965 -0.2785505 0.7139015 0.6856964 -0.1420038 -0.5773503 -0.5773503 -0.5773503 0.5773503 -0.5773503 -0.5773503 0.2343525 0.6737636 0.7008006 0.2343525 -0.6737636 0.7008006 -0.5773503 -0.5773503 0.5773503 -0.5773503 0.5773503 0.5773503 0.2343525 -0.6737636 -0.7008006 -0.5773503 0.5773503 -0.5773503 0.5773503 0.5773503 0.5773503 0.2343525 0.6737636 -0.7008006 0.5773503 0.5773503 -0.5773503 0.1420037 0.6856963 0.7139016 0 1 0 0.1420037 -0.6856963 0.7139016 -0.1420036 0.6856963 0.7139016 0 -1 0 -0.1420036 -0.6856963 0.7139016 0.5773503 -0.5773503 0.5773503 -0.1420038 -0.6856964 -0.7139015 0.1420039 0.6856964 -0.7139015 0.1420039 -0.6856964 -0.7139015 -0.1420038 0.6856964 -0.7139015 0.2785505 0.6856966 0.6724803 0.2785505 -0.6856966 0.6724803 0.7278878 0.6856962 1.777026e-17 0.7139011 0.6856964 0.1420058 0.6724798 0.6856969 0.2785513 0.6052175 0.6856962 0.4043916 0.5146947 0.6856964 0.5146939 0.4043921 0.6856964 0.6052169 0.2785501 0.6856965 0.6724807 0.1420046 0.6856967 0.7139011 0 0.6856962 0.7278878 -0.1420047 0.6856965 0.7139012 -0.27855 0.6856966 0.6724806 -0.4043927 0.6856964 0.6052164 -0.5146946 0.6856963 0.5146941 -0.6052161 0.6856966 0.404393 -0.6724807 0.6856963 0.2785503 -0.7139013 0.6856967 0.1420035 -0.7278878 0.6856962 3.877149e-17 -0.7139012 0.6856967 -0.1420035 -0.6724808 0.6856962 -0.2785502 -0.6052161 0.6856965 -0.4043931 -0.5146946 0.6856965 -0.514694 -0.4043929 0.6856964 -0.6052164 -0.27855 0.6856966 -0.6724806 -0.1420038 0.6856964 -0.7139015 3.230956e-17 0.6856963 -0.7278877 0.1420038 0.6856966 -0.7139013 0.2785501 0.6856965 -0.6724807 0.4043923 0.6856963 -0.6052168 0.5146946 0.6856965 -0.5146938 0.6052175 0.6856962 -0.4043916 0.6724798 0.6856968 -0.2785511 0.7139011 0.6856965 -0.1420057 0.7278875 0.6856966 8.174137e-09 0.7139015 0.6856965 0.1420033 0.6724807 0.6856962 0.2785506 0.6052162 0.6856966 0.4043927 0.5146946 0.6856963 0.5146941 0.4043926 0.6856964 0.6052166 -0.2785507 0.6856965 0.6724803 -0.4043927 0.6856965 0.6052164 -0.5146943 0.6856963 0.5146943 -0.6052164 0.6856965 0.4043926 -0.6724805 0.6856965 0.2785504 -0.7139015 0.6856964 0.1420038 -0.7278876 0.6856965 8.174138e-09 -0.7139015 0.6856964 -0.1420038 -0.6724804 0.6856965 -0.2785505 -0.6052164 0.6856964 -0.4043928 -0.5146943 0.6856964 -0.5146943 -0.4043928 0.6856965 -0.6052163 -0.2785507 0.6856964 -0.6724804 0.2785504 0.6856965 -0.6724804 0.4043927 0.6856964 -0.6052165 0.5146945 0.6856964 -0.514694 0.6052162 0.6856966 -0.4043928 0.6724806 0.6856962 -0.2785507 0.7139015 0.6856965 -0.1420033 0.7278878 -0.6856962 -1.938574e-17 0.7139011 -0.6856964 0.1420058 0.6724798 -0.6856969 0.2785513 0.6052175 -0.6856962 0.4043916 0.5146947 -0.6856964 0.5146939 0.4043921 -0.6856964 0.6052169 0.2785501 -0.6856965 0.6724807 0.1420046 -0.6856967 0.7139011 0 -0.6856962 0.7278878 -0.1420047 -0.6856965 0.7139012 -0.27855 -0.6856966 0.6724806 -0.4043927 -0.6856964 0.6052164 -0.5146946 -0.6856963 0.5146941 -0.6052161 -0.6856966 0.404393 -0.6724807 -0.6856963 0.2785503 -0.7139013 -0.6856967 0.1420035 -0.7278878 -0.6856962 -3.877149e-17 -0.7139012 -0.6856967 -0.1420035 -0.6724808 -0.6856962 -0.2785502 -0.6052161 -0.6856965 -0.4043931 -0.5146946 -0.6856965 -0.514694 -0.4043929 -0.6856964 -0.6052164 -0.27855 -0.6856966 -0.6724806 -0.1420038 -0.6856964 -0.7139015 -2.584765e-17 -0.6856963 -0.7278877 0.1420038 -0.6856966 -0.7139013 0.2785501 -0.6856965 -0.6724807 0.4043923 -0.6856963 -0.6052168 0.5146946 -0.6856965 -0.5146938 0.6052175 -0.6856962 -0.4043916 0.6724798 -0.6856968 -0.2785511 0.7139011 -0.6856965 -0.1420057 0.7278875 -0.6856966 8.174137e-09 0.7139015 -0.6856965 0.1420033 0.6724807 -0.6856962 0.2785506 0.6052162 -0.6856966 0.4043927 0.5146946 -0.6856963 0.5146941 0.4043926 -0.6856964 0.6052166 -0.2785507 -0.6856965 0.6724803 -0.4043927 -0.6856965 0.6052164 -0.5146943 -0.6856963 0.5146943 -0.6052164 -0.6856965 0.4043926 -0.6724805 -0.6856965 0.2785504 -0.7139015 -0.6856964 0.1420038 -0.7278876 -0.6856965 8.174138e-09 -0.7139015 -0.6856964 -0.1420038 -0.6724804 -0.6856965 -0.2785505 -0.6052164 -0.6856964 -0.4043928 -0.5146943 -0.6856964 -0.5146943 -0.4043928 -0.6856965 -0.6052163 -0.2785507 -0.6856964 -0.6724804 0.2785504 -0.6856965 -0.6724804 0.4043927 -0.6856964 -0.6052165 0.5146945 -0.6856964 -0.514694 0.6052162 -0.6856966 -0.4043928 0.6724806 -0.6856962 -0.2785507 0.7139015 -0.6856965 -0.1420033 -0.5773503 -0.5773503 0.5773503 -0.5773503 0.5773503 0.5773503 -0.5773503 -0.5773503 -0.5773503 0.5773503 -0.5773503 -0.5773503 -0.5773503 0.5773503 -0.5773503 0.5773503 0.5773503 0.5773503 0.5773503 -0.5773503 0.5773503 0.5773503 0.5773503 -0.5773503 -0.5773503 -0.5773503 0.5773503 -0.5773503 0.5773503 0.5773503 -0.5773503 -0.5773503 -0.5773503 0.5773503 -0.5773503 -0.5773503 -0.5773503 0.5773503 -0.5773503 0.5773503 0.5773503 0.5773503 0.5773503 -0.5773503 0.5773503 0.5773503 0.5773503 -0.5773503 -0.5773503 -0.5773503 0.5773503 -0.5773503 0.5773503 0.5773503 -0.5773503 -0.5773503 -0.5773503 0.5773503 -0.5773503 -0.5773503 -0.5773503 0.5773503 -0.5773503 0.5773503 0.5773503 0.5773503 0.5773503 -0.5773503 0.5773503 0.5773503 0.5773503 -0.5773503 -0.5773503 -0.5773503 0.5773503 -0.5773503 0.5773503 0.5773503 -0.5773503 -0.5773503 -0.5773503 0.5773503 -0.5773503 -0.5773503 -0.5773503 0.5773503 -0.5773503 0.5773503 0.5773503 0.5773503 0.5773503 -0.5773503 0.5773503 0.5773503 0.5773503 -0.5773503 -0.713901 0.1420049 -0.6856967 0 0 -1 -0.7278878 1.292383e-17 -0.6856962 -0.713901 0.1420049 0.6856967 -0.7278878 -1.292383e-17 0.6856962 -0.713901 -0.1420049 -0.6856967 -0.6724808 0.2785496 -0.6856965 -0.6724808 0.2785496 0.6856965 0.7278867 1.534702e-17 -0.6856974 0.713902 0.142005 -0.6856956 0.6724796 0.2785511 -0.685697 0.6052168 0.4043926 -0.6856962 0.5146944 0.5146939 -0.6856966 0.4043934 0.605216 -0.6856964 0.2785507 0.6724806 -0.6856963 0.1420034 0.7139014 -0.6856966 0 0.7278877 -0.6856964 -0.142004 0.7139014 -0.6856964 -0.2785512 0.6724802 -0.6856964 -0.4043922 0.6052164 -0.6856968 -0.5146938 0.514695 -0.6856962 -0.6052168 0.4043926 -0.6856962 -0.6724808 -0.2785496 -0.6856965 -0.6052168 -0.4043926 -0.6856962 -0.5146938 -0.514695 -0.6856962 -0.4043922 -0.6052164 -0.6856968 -0.2785512 -0.6724802 -0.6856964 -0.142004 -0.7139014 -0.6856964 0 -0.7278877 -0.6856964 0.1420034 -0.7139014 -0.6856966 0.2785507 -0.6724806 -0.6856963 0.4043934 -0.605216 -0.6856964 0.5146944 -0.5146939 -0.6856966 0.6052168 -0.4043926 -0.6856962 0.6724796 -0.2785511 -0.685697 0.713902 -0.142005 -0.6856956 0 0 1 -0.713901 -0.1420049 0.6856967 -0.6052168 0.4043926 0.6856962 0.7278867 -1.938571e-17 0.6856974 0.713902 -0.142005 0.6856956 0.713902 0.142005 0.6856956 0.6724796 0.2785511 0.685697 0.6052168 0.4043926 0.6856962 0.5146944 0.5146939 0.6856966 0.4043934 0.605216 0.6856964 0.2785507 0.6724806 0.6856963 0.1420034 0.7139014 0.6856966 0 0.7278877 0.6856964 -0.142004 0.7139014 0.6856964 -0.2785512 0.6724802 0.6856964 -0.4043922 0.6052164 0.6856968 -0.5146938 0.514695 0.6856962 -0.6724808 -0.2785496 0.6856965 -0.6052168 -0.4043926 0.6856962 -0.5146938 -0.514695 0.6856962 -0.4043922 -0.6052164 0.6856968 -0.2785512 -0.6724802 0.6856964 -0.142004 -0.7139014 0.6856964 0 -0.7278877 0.6856964 0.1420034 -0.7139014 0.6856966 0.2785507 -0.6724806 0.6856963 0.4043934 -0.605216 0.6856964 0.5146944 -0.5146939 0.6856966 0.6052168 -0.4043926 0.6856962 0.6724796 -0.2785511 0.685697 0.7318645 -0.145577 0.6657189 0.7318645 0.145577 0.6657189 0.6204445 0.4145684 0.6657189 0.4145676 0.6204451 0.6657189 0.1455769 0.7318646 0.6657189 -0.1455769 0.7318646 0.6657189 -0.4145676 0.6204451 0.6657189 -0.6204445 0.4145684 0.6657189 -0.7318645 0.145577 0.6657189 -0.7318645 -0.145577 0.6657189 -0.6204445 -0.4145684 0.6657189 -0.4145676 -0.6204451 0.6657189 -0.1455769 -0.7318646 0.6657189 0.1455769 -0.7318646 0.6657189 0.4145676 -0.6204451 0.6657189 0.6204445 -0.4145684 0.6657189 0.7318645 -0.145577 -0.6657189 0.7318645 0.145577 -0.6657189 0.6204445 0.4145684 -0.6657189 0.4145676 0.6204451 -0.6657189 0.1455769 0.7318646 -0.6657189 -0.1455769 0.7318646 -0.6657189 -0.4145676 0.6204451 -0.6657189 -0.6204445 0.4145684 -0.6657189 -0.7318645 0.145577 -0.6657189 -0.7318645 -0.145577 -0.6657189 -0.6204445 -0.4145684 -0.6657189 -0.4145676 -0.6204451 -0.6657189 -0.1455769 -0.7318646 -0.6657189 0.1455769 -0.7318646 -0.6657189 0.4145676 -0.6204451 -0.6657189 0.6204445 -0.4145684 -0.6657189 0 0 -1 -0.7139015 -0.6856964 0.1420037 -0.7278876 0.6856965 1.292382e-17 -0.7278876 -0.6856965 -6.461911e-18 0 -1 0 -0.7139015 0.6856964 -0.1420037 -0.7139015 -0.6856964 -0.1420037 -0.6724806 -0.6856964 0.2785501 -0.7139015 0.6856964 0.1420037 0 1 0 0.7278876 -0.6856965 6.461911e-18 0.7139015 -0.6856965 0.1420037 0.6724805 -0.6856964 0.2785505 0.6052165 -0.6856965 0.4043925 0.5146943 -0.6856963 0.5146944 0.4043926 -0.6856964 0.6052165 0.2785505 -0.6856965 0.6724804 0.1420038 -0.6856964 0.7139015 -1.292382e-17 -0.6856965 0.7278876 -0.1420038 -0.6856964 0.7139015 -0.2785503 -0.6856965 0.6724805 -0.4043927 -0.6856964 0.6052165 -0.5146942 -0.6856964 0.5146944 -0.6052164 -0.6856965 0.4043927 -0.6724806 -0.6856965 -0.2785501 -0.6052165 -0.6856965 -0.4043926 -0.5146942 -0.6856964 -0.5146944 -0.4043926 -0.6856965 -0.6052165 -0.2785504 -0.6856965 -0.6724805 -0.1420038 -0.6856965 -0.7139015 0 -0.6856965 -0.7278876 0.1420038 -0.6856965 -0.7139015 0.2785506 -0.6856965 -0.6724804 0.4043925 -0.6856965 -0.6052165 0.5146943 -0.6856963 -0.5146944 0.6052165 -0.6856965 -0.4043924 0.6724805 -0.6856965 -0.2785505 0.7139015 -0.6856965 -0.1420037 -0.6724806 0.6856965 -0.2785501 -0.6724806 0.6856964 0.2785501 0.7278876 0.6856965 -6.461911e-18 0.7139015 0.6856965 0.1420037 0.6724805 0.6856964 0.2785505 0.6052165 0.6856965 0.4043925 0.5146943 0.6856963 0.5146944 0.4043926 0.6856964 0.6052165 0.2785505 0.6856965 0.6724804 0.1420038 0.6856964 0.7139015 1.292382e-17 0.6856965 0.7278876 -0.1420038 0.6856964 0.7139015 -0.2785503 0.6856965 0.6724805 -0.4043927 0.6856964 0.6052165 -0.5146942 0.6856964 0.5146944 -0.6052164 0.6856965 0.4043927 -0.6052165 0.6856965 -0.4043926 -0.5146942 0.6856964 -0.5146944 -0.4043926 0.6856965 -0.6052165 -0.2785504 0.6856965 -0.6724805 -0.1420038 0.6856965 -0.7139015 0 0.6856965 -0.7278876 0.1420038 0.6856965 -0.7139015 0.2785506 0.6856965 -0.6724804 0.4043925 0.6856965 -0.6052165 0.5146943 0.6856963 -0.5146944 0.6052165 0.6856965 -0.4043924 0.6724805 0.6856965 -0.2785505 0.7139015 0.6856965 -0.1420037 -0.7139015 -0.6856964 0.1420037 -0.7278876 0.6856965 1.292382e-17 -0.7278876 -0.6856965 -6.461911e-18 0 -1 0 -0.7139015 0.6856964 -0.1420037 -0.7139015 -0.6856964 -0.1420037 -0.6724806 -0.6856964 0.2785501 -0.7139015 0.6856964 0.1420037 0 1 0 0.7278876 -0.6856965 6.461911e-18 0.7139015 -0.6856965 0.1420037 0.6724805 -0.6856964 0.2785505 0.6052165 -0.6856965 0.4043925 0.5146943 -0.6856963 0.5146944 0.4043926 -0.6856964 0.6052165 0.2785505 -0.6856965 0.6724804 0.1420038 -0.6856964 0.7139015 -1.292382e-17 -0.6856965 0.7278876 -0.1420038 -0.6856964 0.7139015 -0.2785503 -0.6856965 0.6724805 -0.4043927 -0.6856964 0.6052165 -0.5146942 -0.6856964 0.5146944 -0.6052164 -0.6856965 0.4043927 -0.6724806 -0.6856965 -0.2785501 -0.6052165 -0.6856965 -0.4043926 -0.5146942 -0.6856964 -0.5146944 -0.4043926 -0.6856965 -0.6052165 -0.2785504 -0.6856965 -0.6724805 -0.1420038 -0.6856965 -0.7139015 0 -0.6856965 -0.7278876 0.1420038 -0.6856965 -0.7139015 0.2785506 -0.6856965 -0.6724804 0.4043925 -0.6856965 -0.6052165 0.5146943 -0.6856963 -0.5146944 0.6052165 -0.6856965 -0.4043924 0.6724805 -0.6856965 -0.2785505 0.7139015 -0.6856965 -0.1420037 -0.6724806 0.6856965 -0.2785501 -0.6724806 0.6856964 0.2785501 0.7278876 0.6856965 -6.461911e-18 0.7139015 0.6856965 0.1420037 0.6724805 0.6856964 0.2785505 0.6052165 0.6856965 0.4043925 0.5146943 0.6856963 0.5146944 0.4043926 0.6856964 0.6052165 0.2785505 0.6856965 0.6724804 0.1420038 0.6856964 0.7139015 1.292382e-17 0.6856965 0.7278876 -0.1420038 0.6856964 0.7139015 -0.2785503 0.6856965 0.6724805 -0.4043927 0.6856964 0.6052165 -0.5146942 0.6856964 0.5146944 -0.6052164 0.6856965 0.4043927 -0.6052165 0.6856965 -0.4043926 -0.5146942 0.6856964 -0.5146944 -0.4043926 0.6856965 -0.6052165 -0.2785504 0.6856965 -0.6724805 -0.1420038 0.6856965 -0.7139015 0 0.6856965 -0.7278876 0.1420038 0.6856965 -0.7139015 0.2785506 0.6856965 -0.6724804 0.4043925 0.6856965 -0.6052165 0.5146943 0.6856963 -0.5146944 0.6052165 0.6856965 -0.4043924 0.6724805 0.6856965 -0.2785505 0.7139015 0.6856965 -0.1420037 -0.7139015 -0.6856965 0.1420037 -0.7278876 0.6856965 6.461911e-18 -0.7278876 -0.6856965 -6.461911e-18 0 -1 0 -0.7139015 0.6856965 -0.1420037 -0.7139015 -0.6856965 -0.1420037 -0.6724805 -0.6856964 0.2785505 -0.7139015 0.6856965 0.1420037 0 1 0 0.7278876 -0.6856965 1.292382e-17 0.7139015 -0.6856964 0.1420037 0.6724806 -0.6856964 0.2785501 0.6052164 -0.6856965 0.4043927 0.5146942 -0.6856964 0.5146944 0.4043927 -0.6856964 0.6052165 0.2785503 -0.6856965 0.6724805 0.1420038 -0.6856964 0.7139015 -1.292382e-17 -0.6856965 0.7278876 -0.1420038 -0.6856964 0.7139015 -0.2785505 -0.6856965 0.6724804 -0.4043926 -0.6856964 0.6052165 -0.5146943 -0.6856963 0.5146944 -0.6052165 -0.6856965 0.4043925 -0.6724805 -0.6856965 -0.2785505 -0.6052165 -0.6856965 -0.4043924 -0.5146943 -0.6856963 -0.5146944 -0.4043925 -0.6856965 -0.6052165 -0.2785506 -0.6856965 -0.6724804 -0.1420038 -0.6856965 -0.7139015 0 -0.6856965 -0.7278876 0.1420038 -0.6856965 -0.7139015 0.2785504 -0.6856965 -0.6724805 0.4043926 -0.6856965 -0.6052165 0.5146942 -0.6856964 -0.5146944 0.6052165 -0.6856965 -0.4043926 0.6724806 -0.6856965 -0.2785501 0.7139015 -0.6856964 -0.1420037 -0.6724805 0.6856965 -0.2785505 -0.6724805 0.6856964 0.2785505 0.7278876 0.6856965 -6.461911e-18 0.7139015 0.6856964 0.1420037 0.6724806 0.6856964 0.2785501 0.6052164 0.6856965 0.4043927 0.5146942 0.6856964 0.5146944 0.4043927 0.6856964 0.6052165 0.2785503 0.6856965 0.6724805 0.1420038 0.6856964 0.7139015 1.292382e-17 0.6856965 0.7278876 -0.1420038 0.6856964 0.7139015 -0.2785505 0.6856965 0.6724804 -0.4043926 0.6856964 0.6052165 -0.5146943 0.6856963 0.5146944 -0.6052165 0.6856965 0.4043925 -0.6052165 0.6856965 -0.4043924 -0.5146943 0.6856963 -0.5146944 -0.4043925 0.6856965 -0.6052165 -0.2785506 0.6856965 -0.6724804 -0.1420038 0.6856965 -0.7139015 0 0.6856965 -0.7278876 0.1420038 0.6856965 -0.7139015 0.2785504 0.6856965 -0.6724805 0.4043926 0.6856965 -0.6052165 0.5146942 0.6856964 -0.5146944 0.6052165 0.6856965 -0.4043926 0.6724806 0.6856965 -0.2785501 0.7139015 0.6856964 -0.1420037 -0.7139015 -0.6856965 0.1420037 -0.7278876 0.6856965 6.461911e-18 -0.7278876 -0.6856965 -6.461911e-18 0 -1 0 -0.7139015 0.6856965 -0.1420037 -0.7139015 -0.6856965 -0.1420037 -0.6724805 -0.6856964 0.2785505 -0.7139015 0.6856965 0.1420037 0 1 0 0.7278876 -0.6856965 1.292382e-17 0.7139015 -0.6856964 0.1420037 0.6724806 -0.6856964 0.2785501 0.6052164 -0.6856965 0.4043927 0.5146942 -0.6856964 0.5146944 0.4043927 -0.6856964 0.6052165 0.2785503 -0.6856965 0.6724805 0.1420038 -0.6856964 0.7139015 -1.292382e-17 -0.6856965 0.7278876 -0.1420038 -0.6856964 0.7139015 -0.2785505 -0.6856965 0.6724804 -0.4043926 -0.6856964 0.6052165 -0.5146943 -0.6856963 0.5146944 -0.6052165 -0.6856965 0.4043925 -0.6724805 -0.6856965 -0.2785505 -0.6052165 -0.6856965 -0.4043924 -0.5146943 -0.6856963 -0.5146944 -0.4043925 -0.6856965 -0.6052165 -0.2785506 -0.6856965 -0.6724804 -0.1420038 -0.6856965 -0.7139015 0 -0.6856965 -0.7278876 0.1420038 -0.6856965 -0.7139015 0.2785504 -0.6856965 -0.6724805 0.4043926 -0.6856965 -0.6052165 0.5146942 -0.6856964 -0.5146944 0.6052165 -0.6856965 -0.4043926 0.6724806 -0.6856965 -0.2785501 0.7139015 -0.6856964 -0.1420037 -0.6724805 0.6856965 -0.2785505 -0.6724805 0.6856964 0.2785505 0.7278876 0.6856965 -6.461911e-18 0.7139015 0.6856964 0.1420037 0.6724806 0.6856964 0.2785501 0.6052164 0.6856965 0.4043927 0.5146942 0.6856964 0.5146944 0.4043927 0.6856964 0.6052165 0.2785503 0.6856965 0.6724805 0.1420038 0.6856964 0.7139015 1.292382e-17 0.6856965 0.7278876 -0.1420038 0.6856964 0.7139015 -0.2785505 0.6856965 0.6724804 -0.4043926 0.6856964 0.6052165 -0.5146943 0.6856963 0.5146944 -0.6052165 0.6856965 0.4043925 -0.6052165 0.6856965 -0.4043924 -0.5146943 0.6856963 -0.5146944 -0.4043925 0.6856965 -0.6052165 -0.2785506 0.6856965 -0.6724804 -0.1420038 0.6856965 -0.7139015 0 0.6856965 -0.7278876 0.1420038 0.6856965 -0.7139015 0.2785504 0.6856965 -0.6724805 0.4043926 0.6856965 -0.6052165 0.5146942 0.6856964 -0.5146944 0.6052165 0.6856965 -0.4043926 0.6724806 0.6856965 -0.2785501 0.7139015 0.6856964 -0.1420037 -0.7139013 -0.6856965 0.142004 -0.7278877 0.6856964 1.362357e-08 -0.7278877 -0.6856964 1.362357e-08 0 -1 0 -0.7139013 0.6856965 -0.142004 -0.7139013 -0.6856965 -0.142004 -0.6724806 -0.6856964 0.2785503 -0.7139013 0.6856965 0.142004 0 1 0 0.7278877 -0.6856963 1.089885e-08 0.7139014 -0.6856965 0.1420038 0.6724805 -0.6856964 0.2785505 0.6052164 -0.6856965 0.4043926 0.5146944 -0.6856964 0.5146941 0.4043925 -0.6856964 0.6052166 0.2785502 -0.6856965 0.6724806 0.1420039 -0.6856965 0.7139014 4.632013e-08 -0.6856963 0.7278877 -0.1420038 -0.6856965 0.7139014 -0.2785504 -0.6856965 0.6724805 -0.404393 -0.6856963 0.6052164 -0.514694 -0.6856967 0.5146942 -0.6052163 -0.6856963 0.4043932 -0.6724805 -0.6856964 -0.2785504 -0.6052164 -0.6856963 -0.404393 -0.514694 -0.6856966 -0.5146943 -0.4043929 -0.6856963 -0.6052164 -0.2785505 -0.6856965 -0.6724805 -0.1420038 -0.6856965 -0.7139014 4.904483e-08 -0.6856964 -0.7278876 0.1420039 -0.6856965 -0.7139014 0.2785503 -0.6856965 -0.6724805 0.4043924 -0.6856964 -0.6052166 0.5146945 -0.6856964 -0.5146942 0.6052165 -0.6856966 -0.4043924 0.6724805 -0.6856964 -0.2785506 0.7139014 -0.6856965 -0.1420038 -0.6724805 0.6856964 -0.2785504 -0.6724806 0.6856964 0.2785503 0.7278877 0.6856963 1.089885e-08 0.7139014 0.6856965 0.1420038 0.6724805 0.6856964 0.2785505 0.6052164 0.6856965 0.4043926 0.5146944 0.6856964 0.5146941 0.4043925 0.6856964 0.6052166 0.2785502 0.6856965 0.6724806 0.1420039 0.6856965 0.7139014 4.632013e-08 0.6856963 0.7278877 -0.1420038 0.6856965 0.7139014 -0.2785504 0.6856965 0.6724805 -0.404393 0.6856963 0.6052164 -0.514694 0.6856967 0.5146942 -0.6052163 0.6856963 0.4043932 -0.6052164 0.6856963 -0.404393 -0.514694 0.6856966 -0.5146943 -0.4043929 0.6856963 -0.6052164 -0.2785505 0.6856965 -0.6724805 -0.1420038 0.6856965 -0.7139014 4.904483e-08 0.6856964 -0.7278876 0.1420039 0.6856965 -0.7139014 0.2785503 0.6856965 -0.6724805 0.4043924 0.6856964 -0.6052166 0.5146945 0.6856964 -0.5146942 0.6052165 0.6856966 -0.4043924 0.6724805 0.6856964 -0.2785506 0.7139014 0.6856965 -0.1420038 -0.7139013 -0.6856965 0.142004 -0.7278877 0.6856964 1.362357e-08 -0.7278877 -0.6856964 1.362357e-08 0 -1 0 -0.7139013 0.6856965 -0.142004 -0.7139013 -0.6856965 -0.142004 -0.6724806 -0.6856964 0.2785503 -0.7139013 0.6856965 0.142004 0 1 0 0.7278877 -0.6856963 1.089885e-08 0.7139014 -0.6856965 0.1420038 0.6724805 -0.6856964 0.2785505 0.6052164 -0.6856965 0.4043926 0.5146944 -0.6856964 0.5146941 0.4043925 -0.6856964 0.6052166 0.2785502 -0.6856965 0.6724806 0.1420039 -0.6856965 0.7139014 4.632013e-08 -0.6856963 0.7278877 -0.1420038 -0.6856965 0.7139014 -0.2785504 -0.6856965 0.6724805 -0.404393 -0.6856963 0.6052164 -0.514694 -0.6856967 0.5146942 -0.6052163 -0.6856963 0.4043932 -0.6724805 -0.6856964 -0.2785504 -0.6052164 -0.6856963 -0.404393 -0.514694 -0.6856966 -0.5146943 -0.4043929 -0.6856963 -0.6052164 -0.2785505 -0.6856965 -0.6724805 -0.1420038 -0.6856965 -0.7139014 4.904483e-08 -0.6856964 -0.7278876 0.1420039 -0.6856965 -0.7139014 0.2785503 -0.6856965 -0.6724805 0.4043924 -0.6856964 -0.6052166 0.5146945 -0.6856964 -0.5146942 0.6052165 -0.6856966 -0.4043924 0.6724805 -0.6856964 -0.2785506 0.7139014 -0.6856965 -0.1420038 -0.6724805 0.6856964 -0.2785504 -0.6724806 0.6856964 0.2785503 0.7278877 0.6856963 1.089885e-08 0.7139014 0.6856965 0.1420038 0.6724805 0.6856964 0.2785505 0.6052164 0.6856965 0.4043926 0.5146944 0.6856964 0.5146941 0.4043925 0.6856964 0.6052166 0.2785502 0.6856965 0.6724806 0.1420039 0.6856965 0.7139014 4.632013e-08 0.6856963 0.7278877 -0.1420038 0.6856965 0.7139014 -0.2785504 0.6856965 0.6724805 -0.404393 0.6856963 0.6052164 -0.514694 0.6856967 0.5146942 -0.6052163 0.6856963 0.4043932 -0.6052164 0.6856963 -0.404393 -0.514694 0.6856966 -0.5146943 -0.4043929 0.6856963 -0.6052164 -0.2785505 0.6856965 -0.6724805 -0.1420038 0.6856965 -0.7139014 4.904483e-08 0.6856964 -0.7278876 0.1420039 0.6856965 -0.7139014 0.2785503 0.6856965 -0.6724805 0.4043924 0.6856964 -0.6052166 0.5146945 0.6856964 -0.5146942 0.6052165 0.6856966 -0.4043924 0.6724805 0.6856964 -0.2785506 0.7139014 0.6856965 -0.1420038 -0.7139014 -0.6856965 0.1420038 -0.7278877 0.6856963 1.089885e-08 -0.7278877 -0.6856963 1.089885e-08 0 -1 0 -0.7139014 0.6856965 -0.1420038 -0.7139014 -0.6856965 -0.1420038 -0.6724805 -0.6856964 0.2785505 -0.7139014 0.6856965 0.1420038 0 1 0 0.7278877 -0.6856964 1.362357e-08 0.7139013 -0.6856965 0.142004 0.6724806 -0.6856964 0.2785503 0.6052163 -0.6856963 0.4043932 0.514694 -0.6856967 0.5146942 0.404393 -0.6856963 0.6052164 0.2785504 -0.6856965 0.6724805 0.1420038 -0.6856965 0.7139014 -4.632013e-08 -0.6856963 0.7278877 -0.1420039 -0.6856965 0.7139014 -0.2785502 -0.6856965 0.6724806 -0.4043925 -0.6856964 0.6052166 -0.5146944 -0.6856964 0.5146941 -0.6052164 -0.6856965 0.4043926 -0.6724805 -0.6856964 -0.2785506 -0.6052165 -0.6856966 -0.4043924 -0.5146945 -0.6856964 -0.5146942 -0.4043924 -0.6856964 -0.6052166 -0.2785503 -0.6856965 -0.6724805 -0.1420039 -0.6856965 -0.7139014 -4.904483e-08 -0.6856964 -0.7278876 0.1420038 -0.6856965 -0.7139014 0.2785505 -0.6856965 -0.6724805 0.4043929 -0.6856963 -0.6052164 0.514694 -0.6856966 -0.5146943 0.6052164 -0.6856963 -0.404393 0.6724805 -0.6856964 -0.2785504 0.7139013 -0.6856965 -0.142004 -0.6724805 0.6856964 -0.2785506 -0.6724805 0.6856964 0.2785505 0.7278877 0.6856964 1.362357e-08 0.7139013 0.6856965 0.142004 0.6724806 0.6856964 0.2785503 0.6052163 0.6856963 0.4043932 0.514694 0.6856967 0.5146942 0.404393 0.6856963 0.6052164 0.2785504 0.6856965 0.6724805 0.1420038 0.6856965 0.7139014 -4.632013e-08 0.6856963 0.7278877 -0.1420039 0.6856965 0.7139014 -0.2785502 0.6856965 0.6724806 -0.4043925 0.6856964 0.6052166 -0.5146944 0.6856964 0.5146941 -0.6052164 0.6856965 0.4043926 -0.6052165 0.6856966 -0.4043924 -0.5146945 0.6856964 -0.5146942 -0.4043924 0.6856964 -0.6052166 -0.2785503 0.6856965 -0.6724805 -0.1420039 0.6856965 -0.7139014 -4.904483e-08 0.6856964 -0.7278876 0.1420038 0.6856965 -0.7139014 0.2785505 0.6856965 -0.6724805 0.4043929 0.6856963 -0.6052164 0.514694 0.6856966 -0.5146943 0.6052164 0.6856963 -0.404393 0.6724805 0.6856964 -0.2785504 0.7139013 0.6856965 -0.142004 -0.7139014 -0.6856965 0.1420038 -0.7278877 0.6856963 1.089885e-08 -0.7278877 -0.6856963 1.089885e-08 0 -1 0 -0.7139014 0.6856965 -0.1420038 -0.7139014 -0.6856965 -0.1420038 -0.6724805 -0.6856964 0.2785505 -0.7139014 0.6856965 0.1420038 0 1 0 0.7278877 -0.6856964 1.362357e-08 0.7139013 -0.6856965 0.142004 0.6724806 -0.6856964 0.2785503 0.6052163 -0.6856963 0.4043932 0.514694 -0.6856967 0.5146942 0.404393 -0.6856963 0.6052164 0.2785504 -0.6856965 0.6724805 0.1420038 -0.6856965 0.7139014 -4.632013e-08 -0.6856963 0.7278877 -0.1420039 -0.6856965 0.7139014 -0.2785502 -0.6856965 0.6724806 -0.4043925 -0.6856964 0.6052166 -0.5146944 -0.6856964 0.5146941 -0.6052164 -0.6856965 0.4043926 -0.6724805 -0.6856964 -0.2785506 -0.6052165 -0.6856966 -0.4043924 -0.5146945 -0.6856964 -0.5146942 -0.4043924 -0.6856964 -0.6052166 -0.2785503 -0.6856965 -0.6724805 -0.1420039 -0.6856965 -0.7139014 -4.904483e-08 -0.6856964 -0.7278876 0.1420038 -0.6856965 -0.7139014 0.2785505 -0.6856965 -0.6724805 0.4043929 -0.6856963 -0.6052164 0.514694 -0.6856966 -0.5146943 0.6052164 -0.6856963 -0.404393 0.6724805 -0.6856964 -0.2785504 0.7139013 -0.6856965 -0.142004 -0.6724805 0.6856964 -0.2785506 -0.6724805 0.6856964 0.2785505 0.7278877 0.6856964 1.362357e-08 0.7139013 0.6856965 0.142004 0.6724806 0.6856964 0.2785503 0.6052163 0.6856963 0.4043932 0.514694 0.6856967 0.5146942 0.404393 0.6856963 0.6052164 0.2785504 0.6856965 0.6724805 0.1420038 0.6856965 0.7139014 -4.632013e-08 0.6856963 0.7278877 -0.1420039 0.6856965 0.7139014 -0.2785502 0.6856965 0.6724806 -0.4043925 0.6856964 0.6052166 -0.5146944 0.6856964 0.5146941 -0.6052164 0.6856965 0.4043926 -0.6052165 0.6856966 -0.4043924 -0.5146945 0.6856964 -0.5146942 -0.4043924 0.6856964 -0.6052166 -0.2785503 0.6856965 -0.6724805 -0.1420039 0.6856965 -0.7139014 -4.904483e-08 0.6856964 -0.7278876 0.1420038 0.6856965 -0.7139014 0.2785505 0.6856965 -0.6724805 0.4043929 0.6856963 -0.6052164 0.514694 0.6856966 -0.5146943 0.6052164 0.6856963 -0.404393 0.6724805 0.6856964 -0.2785504 0.7139013 0.6856965 -0.142004 -0.9414142 0.07977497 0.3276816 -0.9207899 0.005333719 -0.3900226 -0.928283 -0.02593747 -0.3709688 -0.8607932 -0.05841564 0.5055915 -0.9602013 -0.181616 -0.2122007 -0.4178804 0.1093565 0.9018964 0.9538478 -0.01649787 -0.2998368 0.383674 0.139051 0.9129398 -0.3557582 -0.1060338 -0.9285434 0.3531029 -0.1085032 -0.9292715 0.6796749 0.7098967 0.1846314 -0.9655289 -0.1629579 -0.2029744 -0.2494742 0.09396638 0.9638117 0.9655293 -0.259227 -0.0235505 0.4898591 -0.06478589 0.8693911 -0.3399993 0.1982135 0.9192997 -0.9110115 0.2642611 0.316582 -0.8462451 0.1493729 -0.5114263 -0.1734332 -0.07804277 -0.9817486 0.4914672 -0.1540445 -0.8571641 0.8355004 0.1309528 -0.5336576 0.559086 0.1823861 0.8088005 -0.5235246 -0.1677766 -0.8353281 0.1964613 -0.05242983 -0.9791088 0.5509824 0.8224274 0.1415332 0 2.084626e-30 -8.017792e-32 0.9166367 0.3535177 -0.186554 0.5095858 0.05504929 -0.858657 0.1836929 0.1989755 0.9626347 -0.5239426 -0.1191153 0.8433835 -0.9147814 -0.3343455 0.2266893 -0.7763599 -0.3930382 -0.4927335 -0.1801163 -0.2134855 -0.960199 -0.7928773 -0.3413937 -0.5047732 0.8408321 -0.2214524 0.4939233 0.4802882 0.5953439 0.6441187 -0.3597738 0.3556998 0.8625778 -0.9063818 0.3988837 0.1391539 -0.7132656 0.245683 -0.6564237 0.01801017 -0.1491441 -0.9886514 0.760134 -0.3365346 -0.5558244 0.3241959 0.9076749 0.2665019 -0.2695656 0.009945885 -0.9629307 0.7758485 0.4693658 -0.4216098 0.3103096 0.09049745 -0.9463182 0.2831868 0.3528015 0.8918163 -0.3675005 -0.09164864 0.9254966 -0.8064996 -0.4385974 0.3964728 -0.7757877 -0.5373776 -0.3307244 -0.314505 -0.3148722 -0.8955122 -0.792014 -0.5155673 -0.3269619 0.5997861 -0.3308981 0.7285348 -0.2880757 0.355041 0.8893584 -0.8189357 0.5735836 -0.01860536 -0.5434669 0.2897187 -0.7878495 0.1503119 -0.259975 -0.9538445 0.7505862 -0.563093 -0.3457551 0.1262974 0.9791123 0.1593361 2.795166e-31 2.795166e-31 2.620468e-32 0.3699698 0.1868704 -0.9100559 0.7417765 0.5839861 -0.3297392 0.9446709 -0.07028337 0.3204016 0.1941485 0.3105418 0.9305214 -0.3727128 -0.2319693 0.8984851 -0.6927267 -0.6235507 0.3623729 -0.6332375 -0.6669588 -0.3926528 -0.2007463 -0.3539275 -0.9134748 -0.6060682 -0.6771219 -0.4173576 0.3812465 -0.3476964 0.8565969 -0.4124827 0.4717197 0.7793193 -0.733527 0.6515421 -0.1934712 -0.3885411 0.2135883 -0.8963347 0.2074646 -0.4089123 -0.8886784 0.6348595 -0.7607898 -0.13473 -7.55436e-32 4.532616e-31 -5.66577e-32 0.1889635 0.1097804 -0.9758284 0.549769 0.6432508 -0.5329001 0.9572895 0.1700692 0.2338232 0.245808 0.5122341 0.8229184 -0.2569976 -0.1264499 0.9581037 -0.544598 -0.6544254 0.5245383 -0.5617526 -0.7964816 -0.2237211 -0.260866 -0.4993171 -0.8262151 -0.5147285 -0.8253147 -0.2321858 0.4778033 -0.63114 0.611037 -0.08429331 0.358646 0.92966 -0.5250143 0.8428619 0.1180843 -0.4285704 0.5224416 -0.7371446 -0.04249988 -0.1324281 -0.990281 0.4365184 -0.7701825 -0.465049 -1.336457e-31 3.341142e-31 -4.176427e-32 0.3188017 0.4252846 -0.8470528 0.01618786 -0.3043369 -0.9524269 0.4097642 0.8990559 -0.1542456 0.8616202 0.3443353 0.3728859 0.02339397 0.2482075 0.9684244 -0.285157 -0.4652335 0.8379995 -0.3897765 -0.8879147 0.2442985 -0.2836147 -0.814436 -0.506218 -0.264341 -0.8055547 -0.5302881 0.185578 -0.3462765 0.9195942 -0.2990437 0.8385019 0.4555079 -0.3541072 0.7509895 -0.5573356 -0.09024721 0.01855187 -0.9957466 0.2030313 -0.7195256 -0.6641244 0.4356868 -0.880421 0.1871786 -0.01715054 0.3214854 0.9467592 0.153424 0.297123 -0.9424325 -0.02034944 -0.4553455 -0.8900822 0.2644762 0.8692337 -0.4177142 0.8008379 0.5075245 0.3179269 -0.003023642 0.46001 0.8879086 -0.2106664 -0.3356199 0.9181389 -0.250303 -0.8755036 0.4133301 -0.1903068 -0.9197121 -0.3433845 -0.5476799 0.009176067 0.8366376 -0.1373736 -0.9246912 -0.3550699 0.1240676 -0.1825256 0.9753418 -0.02120396 0.7372613 0.6752749 -0.2025579 0.9609107 -0.1887351 -0.2194116 0.5014652 -0.8368938 -0.120771 -0.2059588 -0.9710795 0.07303391 -0.8733209 -0.4816396 0.1515826 -0.8964327 0.4164507 8.236282e-31 1.930379e-31 -1.544303e-31 0.1374717 -0.1488543 -0.9792568 0.06647169 -0.7890321 -0.6107454 0.1220129 0.6231269 -0.7725449 0.01847358 0.9996353 -0.01969605 0.6455574 0.6123962 0.4563186 -0.07983532 0.1138118 0.9902894 -0.08028591 -0.6412297 0.7631374 -0.004001818 -0.9925645 0.1216537 0.07655618 -0.7692912 -0.6342951 0.08297428 -0.5586353 0.8252526 0.1690215 0.3106469 0.935377 0.08693968 0.9741329 0.2085823 -0.02328966 0.7778087 -0.6280694 -0.08137702 0.1333136 -0.9877273 -0.08671443 -0.6472563 -0.7573242 0.005313805 -0.9977754 0.06645242 8.103845e-31 1.582782e-32 -1.899339e-31 0.1947925 -0.8697578 -0.4534062 0.1393568 -0.3123365 -0.9396944 0.01583572 0.4620452 -0.886715 -0.1044009 0.9478334 -0.3011848 0.5349187 0.744042 0.4003292 -0.1630999 0.2897683 0.9430974 -0.02478957 -0.4979173 0.8668701 0.1363744 -0.9456859 0.2950934 0.230318 -0.851011 -0.4719469 0.09425062 0.2293271 0.9687755 0.1841604 0.9822855 0.03464383 0.05383637 0.6315046 -0.7735009 -0.1131195 -0.01995423 -0.993381 -0.249801 -0.7471827 -0.6158876 -0.2354262 -0.9694278 0.06916806 -0.03545092 -0.6270731 0.7781533 0.225664 0.7532213 0.6178458 0.3483044 -0.6839934 -0.6409658 0.08497293 0.1065401 -0.9906709 -0.2608741 0.8534593 -0.4511673 -0.3548153 0.7546644 0.5518946 0.458565 0.4175074 0.784478 0.1270365 -0.4791541 0.868489 0.3282963 -0.9192757 0.2171494 -0.2663594 0.7682436 0.5821121 0.1875271 -0.1642688 -0.9684262 0.2284523 0.3341909 0.9143992 0.3703492 0.9109382 -0.1817498 0.09438688 0.4669058 -0.8792554 -0.1923914 -0.1750771 -0.9655742 -0.4149221 -0.7924081 -0.4471342 -0.3767525 -0.8879682 0.2637611 -0.08613083 -0.4227221 0.9021572 0.3934917 0.7998591 0.4531993 0.366782 -0.3834465 -0.8476083 -0.1254105 0.3817209 -0.91573 -0.505474 0.8523564 -0.1341065 -0.4105166 0.3827838 0.8276187 0.1830877 -0.4899612 0.852301 0.534025 -0.8445992 -0.03833291 -0.07044203 0.8974259 0.435505 -5.112392e-31 -6.646109e-31 -1.278098e-31 0.3805264 0.4533359 0.8060312 0.4825482 0.7911941 -0.3757115 0.07793111 0.3178023 -0.9449489 -0.3608536 -0.2985224 -0.8835548 -0.5889552 -0.7607246 -0.2728184 -0.4780588 -0.7313306 0.4864312 -0.0744166 -0.2595147 0.9628677 0.5663274 0.7784264 0.2707871 0.6752486 -0.6526441 -0.3436495 0.2322364 -0.08587355 -0.9688612 -0.402443 0.5402372 -0.7390422 -0.6839502 0.7023592 0.1972404 -0.2403271 0.09901391 0.9656289 0.4858722 -0.5924112 0.642633 0.0914355 0.9478122 0.3054366 3.589371e-31 5.384057e-31 -8.973428e-32 0.4720406 0.256784 0.8433502 0.9586853 0.1515222 0.2407562 0.7143203 0.6455422 -0.2702253 0.1813285 0.3377152 -0.923617 -0.359928 -0.1785119 -0.915743 -0.7362226 -0.5851812 -0.3399106 -0.6300261 -0.6626357 0.4049457 -0.1694289 -0.2815842 0.9444597 0.7252202 0.584921 0.3632121 0.5326323 -0.2382369 -0.8121244 0.823826 -0.5508301 -0.1337793 -0.08978651 0.2301634 -0.9690011 -0.6624133 0.5752038 -0.479947 -0.7643634 0.4665221 0.4450906 -0.2324151 0.02985835 0.9721583 0.4593401 -0.4432609 0.7697574 -3.413376e-30 -1.280016e-30 -5.86674e-31 0.898545 -0.04116067 0.436947 0.855973 0.5156195 0.03803653 0.5175711 0.3976832 -0.7576069 -0.121022 0.03698395 -0.9919606 -0.6718479 -0.3436066 -0.6561668 -0.8161238 -0.5687269 0.1024287 -0.4813071 -0.4243454 0.7669905 0.263318 -0.02663941 0.9643412 0.6971983 0.3210434 0.6409724 0.9133613 -0.4003663 0.07401341 0.6783654 -0.225133 -0.6993823 0.0413315 0.08679529 -0.9953684 -0.6646187 0.3356169 -0.6675652 -0.8964985 0.3679284 0.2468181 -0.4428427 0.05732873 0.8947646 0.4203303 -0.2865323 0.8609423 -7.220157e-32 -1.444031e-31 -9.626876e-32 0.8886895 -0.2331219 0.394823 0.924978 0.3248944 -0.1971279 0.4435144 0.2667986 -0.8556363 -0.3252586 0.008256103 -0.9455891 -0.8276617 -0.2417014 -0.5065141 -0.8670549 -0.368335 0.3354776 -0.4074037 -0.2685488 0.872871 0.4305497 0.03471587 0.901899 0.8464405 0.2313362 0.4796062 0.9548487 -0.2171504 -0.202755 0.4768045 0.0303684 -0.8784846 -0.2956274 0.1996298 -0.9342122 -0.8669518 0.2577229 -0.4265835 -0.919221 0.157955 0.3606702 -0.4164396 -0.02582243 0.9087966 0.409326 -0.2375295 0.8809267 0.8584737 -0.258552 0.4429152 0.9003664 -0.363218 0.2396103 0.925699 0.1507538 -0.3469216 0.2926682 0.183965 -0.9383508 -0.4887049 0.04814891 -0.8711195 -0.9545911 -0.07415528 -0.2885426 -0.8443031 -0.181345 0.5042482 -0.2492799 -0.1296338 0.9597159 0.6032131 -0.0172664 0.7973931 0.6460549 -0.6710992 0.3636467 0.9497414 0.09119493 0.2994574 0.9998333 -0.01821051 -0.001286479 0.6185391 0.0612122 -0.7833661 -0.1236972 0.09567037 -0.9876974 -0.77843 0.06730889 -0.6241124 -0.9883265 -0.04798061 0.1445979 -0.6003635 -0.1048285 0.792827 0.2493371 -0.1625284 0.9546808 0.7870293 -0.09975603 0.6087969 0.9987999 -0.04140527 -0.02615973 0.5995237 0.04705006 -0.7989728 -0.1471383 0.09920046 -0.9841289 -0.7928185 0.08659795 -0.6032741 -0.9849329 -0.02511357 0.1711036 -0.5813663 -0.09217904 0.8084035 0.2707648 -0.1689769 0.9476989 0.7576897 -0.5258122 0.3865591 0.7583523 -0.5096708 0.4063711 0.8001 -0.1191248 0.5879195 0.9303195 0.173881 -0.3229102 0.5828969 -0.006915017 0.8125167 0.3121595 0.1951881 -0.9297624 -0.4668575 0.04139413 -0.8833632 -0.9446166 -0.09502216 -0.3141184 -0.8526085 -0.2038088 0.481166 -0.2708802 -0.139529 0.9524472 0.9392845 0.1120831 0.3243179 0.9442166 -0.2381853 -0.2274264 0.4550874 0.02449429 -0.8901098 -0.314932 0.2119398 -0.9251483 -0.871523 0.2805713 -0.4021535 -0.9055477 0.1773759 0.3853844 -0.3938421 -0.02187429 0.9189178 0.4257969 -0.252496 0.8688744 0.6403955 -0.6869608 0.3434798 0.9017157 -0.3444185 0.2613132 0.8631007 -0.2814507 0.4193361 0.9270117 0.3400212 -0.1582242 0.3963114 0.01084497 0.9180521 0.4445236 0.2711207 -0.8537519 -0.27047 0.006717957 -0.962705 -0.8132251 -0.2698239 -0.5156161 -0.8724331 -0.4086295 0.268109 -0.4074171 -0.2864004 0.8671713 0.8287532 0.2466046 0.5023489 0.6562692 -0.2337764 -0.7173976 0.01977073 0.09648494 -0.9951381 -0.6722438 0.3587766 -0.647586 -0.8815328 0.3853327 0.2727979 -0.4195599 0.05786706 0.9058813 0.4331357 -0.305908 0.8478289 0.9052239 -0.4221285 0.04875656 0.900442 -0.2463514 0.3584902 -1.265918e-30 -3.375781e-30 -2.109863e-31 0.3845028 0.8171971 0.4293559 0.4220089 0.2568852 0.8694357 0.7621739 0.6132518 -0.207396 0.3359037 0.3383298 -0.8790345 -0.3339597 -0.08426665 -0.9388131 -0.7667932 -0.4502194 -0.4575268 -0.7660856 -0.5348014 0.3565115 -0.2995376 -0.3250894 0.8969917 0.7733295 0.478489 0.4159445 0.5097451 -0.2382362 -0.8266822 -0.1051333 0.2471586 -0.9632547 -0.658853 0.5981496 -0.4562125 -0.7438252 0.4765256 0.4686655 -0.2109293 0.02051554 0.977286 0.4644567 -0.4656129 0.7533157 0.8078774 -0.567549 -0.1588151 -2.87372e-30 -7.663253e-30 -1.197383e-30 0.4843681 0.2298452 0.8441319 0.728321 0.6434226 -0.2357029 0.1984652 0.3451128 -0.9173378 -0.3287856 -0.173064 -0.928412 -0.704179 -0.6122561 -0.3595474 -0.6192439 -0.6881244 0.3781824 -0.1655612 -0.312968 0.9352222 0.7041558 0.5950271 0.387437 0.6538668 -0.661529 -0.3672023 0.212835 -0.07272639 -0.9743778 -0.4026194 0.5641318 -0.7208696 -0.6638562 0.713707 0.2234218 -0.2207591 0.08558727 0.9715659 0.4826389 -0.6155983 0.6229754 0.9505111 0.167936 0.2613929 1.574954e-31 1.574954e-31 -1.968692e-32 0.3577403 0.4446392 0.8211686 -0.08230903 -0.2818414 0.955924 0.06326621 0.9429173 0.3269623 0.469155 0.8098533 -0.3521807 0.08475589 0.3397017 -0.9367066 -0.3402216 -0.2874603 -0.89533 -0.5670449 -0.7676842 -0.2985315 -0.46845 -0.7523906 0.4631014 0.5439701 0.7852042 0.29589 0.3464539 -0.3729451 -0.8607449 -0.1173099 0.4090756 -0.9049285 -0.4869121 0.8667404 -0.1080639 -0.3761849 0.3950505 0.838105 0.1827529 -0.5127177 0.8388813 0.5135415 -0.8557067 -0.06357005 -1.2604e-30 -2.5208e-31 -9.453001e-32 -0.08517691 -0.4462947 0.8908232 0.2109534 0.3168185 0.9247295 -0.09797365 0.884436 0.4562611 0.3505023 0.9233019 -0.1570404 0.09278987 0.4896194 -0.866985 -0.17829 -0.1563538 -0.9714763 -0.3920709 -0.7902803 -0.4708901 -0.35901 -0.9025438 0.237753 0.3702386 0.7975176 0.4763288 0.3267954 -0.6761627 -0.6603095 0.1055815 0.06793767 -0.9920872 -0.1699368 0.714026 -0.6791822 -0.3744662 0.9121372 0.1666758 -0.2281855 0.3394808 0.9125153 0.1072396 -0.5122172 0.8521345 0.3083637 -0.9316218 0.1923346 -2.477486e-31 -1.858114e-31 -3.096857e-32 -0.007008629 -0.6449541 0.7641892 0.1165067 0.1829764 0.9761894 -0.2899355 0.7456944 0.5998978 0.1820235 0.9826908 0.03444112 0.07041068 0.6603008 -0.7476933 -0.09220932 -0.01982268 -0.9955423 -0.1928478 -0.7232245 -0.663141 -0.190601 -0.9803993 0.04988488 0.205091 0.7421285 0.6381089 0.1280403 -0.2915261 -0.9479547 0.004706443 0.4726129 -0.8812576 -0.08741329 0.9594429 -0.2680078 -0.119767 0.2766953 0.953465 -0.02411308 -0.5106552 0.8594474 0.115551 -0.9557041 0.2706985 0.172986 -0.8623116 -0.4759145 0.2081201 -0.8437094 -0.4948136 0.1012846 -0.3706541 0.9232318 0.09217701 0.5576446 0.824946 -0.3992229 0.7913774 0.4629718 -0.08042102 0.9572855 -0.2777353 -0.1239817 0.3876833 -0.9134168 -0.1397749 -0.3578713 -0.9232503 -0.05720517 -0.9309765 -0.3605695 -0.009039743 -0.9161545 0.4007234 0.552203 0.7220416 0.4168067 0.02128777 0.9328165 0.3597224 0.1351501 -0.1264111 -0.9827282 0.1368045 0.6404887 -0.7556843 0.04173534 0.9990981 0.007822584 -0.07843627 0.09042535 0.9928097 -0.09658467 -0.6584644 0.7463887 -0.02713329 -0.9949708 0.09642053 0.04921384 -0.7743207 -0.6308768 0.05885932 -0.754034 -0.6541929 0.1430654 -0.205662 0.9681092 0.1906041 -0.9053794 0.3794181 -0.01624868 0.7405976 0.6717523 -0.1915026 0.970622 -0.1456697 -0.2202585 0.5043943 -0.8349088 -0.08802668 -0.1567024 -0.9837152 0.09244677 -0.8623711 -0.4977647 0.6574356 0.5866229 0.4729186 7.170487e-30 9.896765e-31 -2.240777e-31 -0.02584124 -0.4322978 -0.9013605 0.1657276 0.3174512 -0.9336804 0.2878387 0.873242 -0.3931887 0.001839504 0.4373512 0.8992889 -0.2241636 -0.3536012 0.9081392 -0.2728749 -0.8795101 0.3898733 -0.2093089 -0.9063115 -0.3671366 -0.1568817 -0.9118378 -0.3793942 0.4580564 -0.8742788 0.1606886 0.203013 -0.3656521 0.9083415 -0.5420305 -0.02646909 0.8399419 -0.3140271 0.8208203 0.4771175 -0.3768757 0.755292 -0.5361891 -0.100406 0.04035583 -0.9941278 0.2124762 -0.6983438 -0.6834983 0.8097694 0.4818221 0.3348446 -0.01470756 0.2983039 0.9543576 0.01964962 -0.2821052 -0.9591822 0.3376659 0.4381678 -0.8330611 0.4322489 0.8927585 -0.1270557 0.01835809 0.2251687 0.9741468 -0.3054075 -0.4775483 0.8238166 -0.4127049 -0.8839987 0.2195927 -0.2965313 -0.7956765 -0.5281744 -0.2774164 -0.7861897 -0.552219 0.5016878 -0.6331198 0.5894648 -0.0790873 0.3365933 0.938323 -0.5426376 0.8276814 0.1431359 -0.4511998 0.5278011 -0.7196143 -0.05387034 -0.111655 -0.9922858 0.4468399 -0.7494753 -0.4884884 0.8645146 0.3169482 0.3900748 3.275667e-31 6.551333e-32 -9.827e-32 0.2062775 0.126021 -0.9703444 0.5733249 0.6410438 -0.5102561 0.2443348 0.4890542 0.837333 -0.2746511 -0.140404 0.9512379 -0.5672935 -0.6524161 0.502525 -0.5764555 -0.7784579 -0.2483995 -0.2601108 -0.4756265 -0.8403106 -0.5301886 -0.8078113 -0.2575676 0.4052056 -0.3545776 0.8426643 0.649418 -0.7431016 -0.1614194 -0.3900249 0.4504257 0.8031172 -0.7436908 0.6438664 -0.1798891 -0.4096514 0.2208571 -0.8851033 0.1999317 -0.3872611 -0.9000312 0.9572646 0.1436265 0.2510295 2.31518e-30 1.929317e-30 -1.929317e-31 0.3918301 0.1946239 -0.8992167 0.7617207 0.5721859 -0.3039486 0.1834319 0.2898825 0.9393194 -0.3953553 -0.2383383 0.8870677 -0.7135516 -0.6133565 0.3385821 -0.6407883 -0.6452636 -0.4159631 -0.1912501 -0.3330043 -0.9233264 -0.6136098 -0.6550066 -0.4409641 0.7724304 -0.4894227 -0.4047427 0.7134664 -0.2879507 0.638788 -0.4082377 0.4800077 0.7764887 -0.8441725 0.5354619 -0.02555921 -0.5669021 0.2877574 -0.7718923 0.1352726 -0.2423202 -0.9607197 0.936673 -0.09643822 0.336665 -0.1289361 -0.04427063 -0.9906642 0.3334529 0.09568297 -0.9378987 0.7956708 0.4574131 -0.3970909 0.1470377 0.9734652 0.1753439 0.2714012 0.3340206 0.902647 -0.3900095 -0.09583115 0.9158106 -0.8250084 -0.4246326 0.3728917 -0.7808278 -0.5143681 -0.354589 -0.3017889 -0.2957618 -0.9063379 0.463278 0.5616341 0.6855222 -0.7961056 -0.4925575 -0.3515721 0.9051321 -0.3973399 0.1511852 0.3395027 -0.06121629 0.9386109 -0.4638345 0.2952199 0.835286 -0.9117892 0.3763656 0.1642844 -0.7342215 0.234898 -0.6369786 -0.0277146 -0.1151132 -0.9929657 0.5899634 -0.2745781 -0.7593089 0 3.105469e-31 -3.881836e-32 0.5321728 0.05046235 -0.8451305 0.9288144 0.3343883 -0.1596505 0.3407227 0.8965995 0.2828734 0.1655243 0.1865304 0.9684049 -0.5467375 -0.1143238 0.8294626 -0.9275712 -0.3144478 0.2018271 -0.7732292 -0.3703945 -0.5147081 -0.161043 -0.2010579 -0.966251 -0.7878133 -0.3185758 -0.5271239 0.9774932 -0.2098199 -0.02196747 0.5698117 0.0106585 0.8217061 -0.3419357 0.1717789 0.9238896 -0.9060123 0.2241146 0.3590466 -0.8614473 0.1220534 -0.492962 -0.233154 -0.06621782 -0.9701827 0.4997426 -0.1823383 -0.8467645 2.610666e-31 2.436622e-30 -1.849222e-31 0.8520643 0.1142037 -0.5108267 0.5673589 0.8080125 0.1588073 0.5417681 0.1662126 0.82393 -0.2721741 0.09568525 0.9574788 -0.8744341 -0.04006169 0.4834874 -0.9585737 -0.1580117 -0.2369993 -0.5058447 -0.1526043 -0.8490189 0.2202753 -0.05351402 -0.9739687 -0.9634583 -0.139686 -0.2285517 0.682899 -0.7065124 -0.1857128 0.6761678 -0.5700612 0.4667198 -0.1513946 -0.523126 0.8387007 -0.7743388 -0.4944919 0.3948129 -0.7109125 -0.6014176 -0.3645549 0.00228606 -0.7218814 -0.692013 -0.09777096 -0.988523 0.1151652 0.9610174 -0.0383715 -0.2738125 0.6924217 0.6928002 0.2014451 0.3636675 0.131227 0.9222393 -0.4382187 0.1199931 0.8908232 -0.9472882 0.1024429 0.303563 -0.9188627 -0.004487034 -0.3945519 -0.3339233 -0.09936501 -0.9373483 0.3745665 -0.1181633 -0.9196398 -0.9099207 0.02602404 -0.4139651 0.9595345 -0.28157 0.003431472 0.4659124 -0.07008543 0.8820508 -0.3583791 0.2119998 0.9091867 -0.9122015 0.2869906 0.2924464 -0.8295189 0.1663091 -0.5331413 -0.1503697 -0.08052262 -0.9853452 0.5091526 -0.1703112 -0.8436573 6.471125e-32 3.235562e-31 -8.088906e-32 0.8229595 -0.234636 0.5173815 0.4783184 0.5885549 0.651778 -0.3699231 0.3734388 0.8507058 -0.8998262 0.4211061 0.1139409 -0.691785 0.2553651 -0.6754423 0.03796395 -0.1608065 -0.9862555 0.7654248 -0.3597376 -0.5335857 -0.2468354 0.004780188 -0.9690456 0.5758948 -0.3332016 0.7465399 -0.2981266 0.3749973 0.8777799 -0.8046011 0.5921892 -0.04392075 -0.5199724 0.2904444 -0.8032875 0.1644164 -0.2783916 -0.9462903 0.7446152 -0.5855113 -0.3205069 -1.20178e-31 0 -5.007418e-32 0.3985829 -0.3104074 0.8630058 -0.3577714 0.5356044 0.7649363 -0.6794608 0.6998963 -0.2201777 -0.3311705 0.2562858 -0.9080989 0.2471527 -0.4085816 -0.878622 0.6631851 -0.7380075 -0.1246214 1.292757e-30 3.87827e-31 -1.292757e-31 0.2257843 -0.2121938 0.9507867 -0.3313917 0.702659 0.6296426 -0.5147834 0.7582144 -0.4001362 -0.2121308 0.139705 -0.9672037 0.2218555 -0.6072587 -0.7629004 0.5178035 -0.8527447 0.06860026 2.160607e-30 5.817018e-31 1.246504e-31 0.1288729 -0.3302694 0.9350475 -0.3424313 0.8280512 0.4439279 -0.3796898 0.7219908 -0.5784159 -0.1064504 0.01270062 -0.9942369 0.1858847 -0.7694581 -0.6110492 0.363709 -0.9029811 0.2287813 -0.01838181 0.3447677 0.938508 -0.5518993 0.04502702 0.8326943 0.1167519 -0.159919 0.9802015 -0.006712386 0.7543776 0.6564064 -0.1792432 0.9603592 -0.2134997 -0.2051233 0.4843683 -0.8504774 -0.1221245 -0.2284727 -0.9658602 0.05509302 -0.887231 -0.458024 0.1287756 -0.888342 0.4407553 3.308342e-32 7.547155e-32 3.308342e-32 0.07163912 -0.5385981 0.8395117 0.1773761 0.3308033 0.9268802 0.1099636 0.9767919 0.1838085 -0.006382598 0.7618891 -0.6476761 -0.07959569 0.1096648 -0.9907765 -0.1022747 -0.6649575 -0.7398456 -0.01794922 -0.9954765 0.09329744 2.371878e-31 -1.49748e-31 -5.188483e-32 0.1063766 0.2524763 0.9617379 0.2071725 0.9782564 0.009697135 0.06295911 0.610679 -0.7893715 -0.1199946 -0.04225591 -0.9918749 -0.2706113 -0.7570051 -0.5947376 -0.2571176 -0.9616032 0.09596811 -0.04501497 -0.6056877 0.7944281 0.246793 0.76321 0.597163 -0.2420396 0.7895962 0.5638747 0.2467785 0.3505913 0.9034302 0.3895329 0.8975952 -0.206366 0.0947927 0.4441356 -0.8909309 -0.2074714 -0.1930294 -0.9590074 -0.4378528 -0.7932979 -0.4230406 -0.3936713 -0.8724532 0.2895658 -0.08584063 -0.3991537 0.9128569 0.41684 0.8009706 0.4297563 -0.04266485 0.9090811 0.4144289 0.403684 0.4608161 0.7903719 0.4949356 0.7718927 -0.3990243 0.06995502 0.2962746 -0.9525375 -0.3820465 -0.308478 -0.8711382 -0.6104613 -0.7525766 -0.2469119 -0.4865429 -0.709778 0.5094027 -0.06535677 -0.2376568 0.9691479 0.5883008 0.7704744 0.2455023 0.1194387 0.9514429 0.2837089 0.4941692 0.2604938 0.8294214 0.966238 0.1343457 0.219853 0.7239713 0.6238207 -0.2944713 0.1711913 0.317349 -0.9327289 -0.3816588 -0.1861427 -0.9053659 -0.7563739 -0.573498 -0.3146404 -0.6370409 -0.6402677 0.4292274 -0.1569484 -0.2613087 0.9524101 0.7457251 0.5737317 0.3387124 0.9069443 -0.05422289 0.4177462 0.8682717 0.495913 0.01320781 0.510018 0.3752043 -0.7740177 -0.142299 0.02657743 -0.9894668 -0.6946805 -0.3359409 -0.6360524 -0.8264346 -0.5480348 0.1290884 -0.4729185 -0.4031323 0.7834746 0.2846241 -0.01962781 0.9584382 0.7189778 0.312581 0.620777 0.8929234 -0.2487608 0.375241 0.9273126 0.3015918 -0.2216611 0.4287565 0.2487861 -0.8684891 -0.348396 0.007557908 -0.937317 -0.8456579 -0.2262706 -0.4833884 -0.8666748 -0.3447806 0.3605566 -0.3913916 -0.2518187 0.8850988 0.4534459 0.03219992 0.890702 0.8632986 0.2151628 0.4565309 0.8980267 -0.3823338 0.217644 0.9198822 0.1278967 -0.370755 0.272603 0.1738139 -0.9462961 -0.510155 0.05603703 -0.8582551 -0.9634176 -0.05277883 -0.2627565 -0.8348268 -0.1593235 0.5269538 -0.2272204 -0.1208543 0.9663152 0.6229252 -0.02870293 0.7817547 0.959085 0.0697851 0.2743828 0.996611 -0.06451366 -0.05103372 0.5797947 0.03390263 -0.814057 -0.1703777 0.1039223 -0.9798835 -0.8061744 0.106595 -0.5819968 -0.9803036 -0.002461237 0.1974812 -0.5617235 -0.08053291 0.8233961 0.291778 -0.1765763 0.9400459 0.7560914 -0.5422954 0.3663898 0.8121324 -0.1391528 0.566637 0.9325222 -0.2586501 -0.2519968 0.4331021 0.01979827 -0.9011274 -0.3335572 0.2252345 -0.9154283 -0.8748566 0.3036091 -0.3774221 -0.8908512 0.196072 0.4098048 -0.3710787 -0.0191095 0.9284048 0.4414143 -0.2683469 0.8562379 0.6337579 -0.702884 0.3229629 0.8665146 -0.3045623 0.3954672 0.6342126 -0.2268925 -0.7391172 0.01648487 0.1141485 -0.9933269 -0.6786938 0.4194686 -0.602844 -0.8561826 0.4138013 0.3093861 -0.3961609 0.06016313 0.9162079 0.4449049 -0.3259385 0.8341605 0.9007737 -0.4324939 0.03944338 -1.21709e-30 -4.624943e-30 -4.868361e-31 0.7831582 -0.585047 -0.2106736 0.3488078 -0.1389522 -0.9268362 -0.3791098 0.411328 -0.8289059 -0.7807316 0.6247501 -0.01206009 -0.615155 0.2625654 0.7434001 -0.3503802 -0.5518062 0.7567983 0.4591231 -0.4832686 0.7454243 -0.08106352 -0.07736179 0.9937021 0.4771782 -0.4318453 -0.7653826 -0.08771433 0.2534437 -0.9633652 -0.5970635 0.7485875 -0.288326 -0.4920925 0.4515132 0.7442988 0.1770131 -0.343816 0.9222022 0.6273787 -0.7721226 0.1011068 -6.404752e-32 -3.202376e-31 6.404752e-32 0.3300713 -0.359905 -0.8726519 -0.1098437 0.4454438 -0.8885461 -0.4598025 0.8848658 -0.07479466 -0.3371377 0.3863406 0.8585331 0.1879796 -0.5344871 0.8240068 0.5005199 -0.8609718 -0.09059524 -4.580961e-32 1.603336e-31 3.435721e-32 0.3057284 -0.6672171 -0.6792286 0.09912696 0.09014831 -0.9909829 -0.1592832 0.7345893 -0.6595509 -0.3518466 0.9159485 0.1929825 -0.2128688 0.3214268 0.9226981 0.1024752 -0.5352185 0.8384748 0.2878274 -0.9429373 0.1674054 -2.01502e-31 -3.778162e-32 -1.889081e-32 0.1178305 -0.270152 -0.9555804 0.01224425 0.4951339 -0.8687304 -0.06538713 0.9681341 -0.2417454 -0.1101696 0.2546838 0.9607283 -0.03339588 -0.5320597 0.846048 0.09421256 -0.964645 0.2461382 0.1516029 -0.8537578 -0.4981107 0.1863393 -0.835261 -0.5173168 0.5687002 0.6992437 0.4331724 0.1340478 -0.103875 -0.9855157 0.152487 0.6570323 -0.7382793 0.06491976 0.9972642 0.03534922 -0.07822631 0.06703759 0.9946791 -0.1137644 -0.6748284 0.7291531 -0.05035345 -0.9961956 0.07112543 0.03278253 -0.7587179 -0.650594 0.041996 -0.7378664 -0.6736391 0.6683328 0.56023 0.4893605 -0.03010769 -0.4089943 -0.9120401 0.1790533 0.3371281 -0.9242752 0.3113799 0.8760059 -0.3683153 0.005550374 0.4144821 0.9100405 -0.2386156 -0.3708343 0.8975213 -0.2956594 -0.8823317 0.3661644 -0.2275947 -0.8919569 -0.3906578 -0.17568 -0.8979776 -0.4034512 0.81774 0.4556424 0.3516978 0.02431247 -0.2600802 -0.9652809 0.3571745 0.4500468 -0.8184646 0.4543286 0.885232 -0.09974881 0.01217181 0.2024378 0.9792195 -0.3262811 -0.4887965 0.8090851 -0.4354056 -0.8789159 0.1947532 -0.308419 -0.7762743 -0.5497962 -0.2894487 -0.7661567 -0.5737798 0.8663306 0.2893048 0.4071536 0.2243994 0.1413584 -0.9641902 0.5967493 0.6375961 -0.4871976 0.2416955 0.4659882 0.8511394 -0.2930257 -0.1533858 0.9437207 -0.5898741 -0.6492081 0.4801846 -0.5902209 -0.7597077 -0.2729168 -0.2581226 -0.452012 -0.8538489 -0.5447148 -0.7895126 -0.2827642 0.9562291 0.1170425 0.2681921 0.41405 0.2012267 -0.8877333 0.7809957 0.5593037 -0.277894 0.1716993 0.2698231 0.9474781 -0.4183072 -0.2435026 0.8750575 -0.7338376 -0.6021035 0.3145691 -0.647187 -0.62323 -0.439014 -0.1806474 -0.3126183 -0.932543 -0.6199792 -0.632525 -0.4642606 0.9276311 -0.1224279 0.3528624 0.3568483 0.09964325 -0.9288329 0.8147974 0.4444481 -0.3722515 0.1673102 0.9671699 0.1912842 0.2586602 0.315942 0.9128393 -0.4126968 -0.09882474 0.9054916 -0.842779 -0.4097195 0.3490752 -0.7846887 -0.4911287 -0.3782278 -0.2880927 -0.2773367 -0.9165626 -0.798981 -0.4693648 -0.3759336 0.5545032 0.04466915 -0.8309819 0.9399086 0.3146239 -0.132603 0.3565588 0.8850892 0.2991369 0.1467626 0.1751225 0.9735465 -0.5692426 -0.1083629 0.8149971 -0.9393239 -0.2939401 0.1768326 -0.7689253 -0.3479673 -0.5363512 -0.1413282 -0.189642 -0.9716287 -0.7815537 -0.296055 -0.5491131 0.8677094 0.09663931 -0.4875871 0.5829999 0.7931788 0.1760074 0.5236563 0.1509806 0.8384444 -0.2947368 0.09859651 0.9504783 -0.8871175 -0.02100161 0.4610657 -0.9557443 -0.1345063 -0.2616504 -0.4873999 -0.1383612 -0.862147 0.2440111 -0.05585478 -0.9681626 -0.960169 -0.116555 -0.2539496 0.9669763 -0.06057076 -0.2475641 0.7043707 0.6754704 0.2181779 0.3433465 0.1245231 0.9309174 -0.4579728 0.1316707 0.8791608 -0.9519959 0.1253912 0.2792504 -0.9083559 0.01645298 -0.4178743 -0.3117596 -0.09384775 -0.945515 0.3955139 -0.1289563 -0.9093619 -0.897984 0.04611719 -0.4376047 0.9523091 -0.3036163 0.03040655 0.4417264 -0.07419153 0.8940768 -0.3759847 0.2267424 0.8984561 -0.9122226 0.3097788 0.2681177 -0.8119506 0.1823637 -0.5545085 -0.1274554 -0.08418985 -0.9882647 0.5259803 -0.1874786 -0.8295761 4.326618e-32 6.057265e-31 -1.622482e-32 0.8043723 -0.2467967 0.5404411 0.4760582 0.5823284 0.6589857 -0.3791257 0.3917609 0.838324 -0.8921406 0.4429735 0.0886541 -0.6698379 0.2639101 -0.6940235 0.05730072 -0.1734954 -0.9831663 0.7694901 -0.3831522 -0.5109592 -0.2244251 -0.001563926 -0.9744901 0.5519062 -0.3342449 0.7639895 -0.3071025 0.3954598 0.865621 -0.7893283 0.6100594 -0.06919742 -0.4964733 0.2899325 -0.8182013 0.1775632 -0.2975246 -0.9380567 0.7374445 -0.6075716 -0.2950125 5.091454e-32 2.036581e-31 -1.272863e-32 0.3761086 -0.3021547 0.8759251 -0.3580877 0.5582639 0.748408 -0.6589475 0.7112479 -0.2447746 -0.3094316 0.2461451 -0.9185122 0.2528888 -0.4317927 -0.8657958 0.6478414 -0.7554604 -0.09788317 6.038458e-32 3.019229e-32 -3.019229e-32 0.2087166 -0.1954552 0.9582456 -0.3229797 0.7237949 0.6097582 -0.4915599 0.761103 -0.4231914 -0.1965153 0.1228114 -0.9727791 0.2176481 -0.6295589 -0.7458451 0.4966676 -0.8626631 0.09557004 -3.176325e-31 6.35265e-32 4.764488e-32 0.1133479 -0.308206 0.9445429 -0.3264564 0.8459009 0.4217557 -0.3580837 0.7163943 -0.5987949 -0.09824552 -0.009437912 -0.9951175 0.1733666 -0.7887646 -0.589741 0.3403144 -0.9050739 0.2550048 -0.01837941 0.3680809 0.9296121 -0.5546707 0.0810132 0.8281167 0.1106107 -0.1369829 0.9843785 0.008689427 0.7707211 0.6371135 -0.1559977 0.9586248 -0.2381243 -0.1917723 0.4665203 -0.863471 -0.1246929 -0.2509032 -0.9599475 0.0364204 -0.9001476 -0.4340598 0.1063848 -0.8790421 0.4647228 2.424791e-30 2.083805e-31 0 0.06136224 -0.5179968 0.8531788 0.1868272 0.3504676 0.9177516 0.1331465 0.9782715 0.1589243 0.009676323 0.7451144 -0.6668665 -0.07907338 0.08595252 -0.9931564 -0.1187208 -0.6818015 -0.7218394 -0.0410573 -0.9919157 0.1200728 -6.073865e-31 -3.525011e-32 5.423094e-32 0.1196322 0.2749167 0.9539963 0.2299388 0.9730852 -0.01527412 0.07097593 0.5894013 -0.8047165 -0.1280509 -0.06416676 -0.9896896 -0.291904 -0.7657013 -0.5731436 -0.2783394 -0.9526143 0.1226914 -0.05342993 -0.583822 0.8101217 0.2684194 0.7720836 0.5760538 -0.2170473 0.8097175 0.5452046 0.265882 0.3659717 0.891836 0.4080064 0.8833076 -0.2308645 0.09400083 0.4213664 -0.9020056 -0.2234973 -0.2101713 -0.9517757 -0.4607923 -0.7929481 -0.3986273 -0.4097129 -0.8560414 0.3151643 -0.08429916 -0.3756435 0.9229223 0.4402126 0.8008544 0.4060112 -0.01471341 0.9193972 0.3930551 0.4801964 0.4558801 0.7493896 0.4938858 0.7616924 -0.4194061 0.05005512 0.2766602 -0.9596633 -0.4119842 -0.301804 -0.8597577 -0.6363075 -0.7400507 -0.2178021 -0.513286 -0.675967 0.5287779 -0.06025874 -0.2103986 0.9757568 0.6098238 0.7613749 0.2200528 0.2114625 0.9143423 0.3453431 0.3214331 0.1955268 0.9265258 0.731571 0.6716177 -0.1171902 0.3833468 0.4237088 -0.8206802 -0.2287707 -0.05222766 -0.9720783 -0.6578784 -0.5069264 -0.5569754 -0.7316046 -0.6383675 0.2392525 -0.3274743 -0.429925 0.8413829 0.6772752 0.5207652 0.5197134 0.2445425 0.8204916 0.5167131 0.8794669 -0.1821016 0.4397465 0.8963142 0.440923 -0.04698797 0.4963496 0.3631775 -0.7885044 -0.1694782 0.03292423 -0.9849838 -0.720217 -0.3235776 -0.6136653 -0.847449 -0.5092022 0.1501442 -0.464562 -0.3731956 0.8030612 0.2945895 -0.002078084 0.9556216 0.7402795 0.3029903 0.6001526 0.8964095 -0.2649957 0.3552849 0.9284667 0.2781933 -0.2460855 0.4130634 0.2315812 -0.880766 -0.3715568 0.008049667 -0.9283753 -0.8627993 -0.20993 -0.4598987 -0.8650426 -0.3212544 0.3853531 -0.3745363 -0.2359388 0.8966914 0.4761634 0.02845666 0.8788963 0.879288 0.1981254 0.4331269 0.8946677 -0.4017121 0.1954407 0.9128864 0.1053623 -0.3943821 0.2520051 0.1647571 -0.9535977 -0.5311717 0.06502467 -0.8447653 -0.9710704 -0.03096198 -0.2367778 -0.8242004 -0.1378002 0.5492765 -0.2047414 -0.1132104 0.9722471 0.6419921 -0.0411861 0.7656042 0.9672852 0.04791339 0.2491257 0.9932719 -0.08747458 -0.07588946 0.5594126 0.02180436 -0.8286025 -0.1933641 0.1098256 -0.9749609 -0.8184671 0.1272507 -0.5602846 -0.9744501 0.01990284 0.2237203 -0.5414982 -0.06992935 0.8377885 0.3123039 -0.1853037 0.9317343 0.7535367 -0.559062 0.3458787 0.823092 -0.1597852 0.5449662 0.9197947 -0.278489 -0.2764446 0.4108877 0.01629626 -0.9115403 -0.3514703 0.2394761 -0.9050524 -0.8769391 0.3267793 -0.3524104 -0.8751734 0.2139881 0.4339132 -0.3482167 -0.01753131 0.9372501 0.4561248 -0.2850357 0.8430331 0.6261278 -0.7188107 0.3021179 0.8687113 -0.3278219 0.3713132 0.6116769 -0.2328713 -0.7560571 -0.003969758 0.1256889 -0.9920618 -0.6825831 0.4429641 -0.58126 -0.8389143 0.4291975 0.3346823 -0.3728 0.05831047 0.9260778 0.4555999 -0.3465703 0.8199499 0.8911062 -0.4535721 0.0142177 -1.582748e-30 -1.93447e-30 -2.198262e-31 0.764974 -0.5995723 -0.2352186 0.3266078 -0.1318343 -0.9359204 -0.3861207 0.4341667 -0.8138858 -0.7661689 0.6424739 0.01458008 -0.5926858 0.2636718 0.7610524 -0.3449215 -0.5538216 0.7578329 0.4614236 -0.5055108 0.7290728 -0.06320121 -0.09230688 0.9937228 0.454528 -0.4274086 -0.7814897 -0.09768302 0.275051 -0.9564544 -0.5839921 0.768146 -0.2624976 -0.468906 0.4469422 0.76182 0.1839376 -0.3663487 0.912116 0.6105669 -0.7883196 0.07589666 1.117863e-31 2.235725e-31 4.191985e-32 0.3109841 -0.3473969 -0.8846492 -0.1101477 0.4687079 -0.876459 -0.4399415 0.8967389 -0.04807091 -0.3175705 0.3736697 0.8715044 0.1852367 -0.5572168 0.8094423 0.479119 -0.8700913 -0.1156982 -6.360967e-30 -2.313079e-30 -4.337023e-31 0.2851665 -0.6571859 -0.697701 0.09386811 0.1126865 -0.9891868 -0.1475628 0.7545467 -0.6394407 -0.3290827 0.9185232 0.2191339 -0.1985076 0.3026017 0.9322161 0.09651453 -0.5579251 0.82426 0.2667434 -0.9531926 0.1423789 -6.113386e-30 -1.250465e-30 -5.557624e-31 0.1087668 -0.248261 -0.9625675 0.0209213 0.5172399 -0.8555847 -0.04292614 0.9756142 -0.2152542 -0.101679 0.2322251 0.9673329 -0.04379366 -0.5529332 0.8320739 0.07241453 -0.9724838 0.2214305 0.1307066 -0.8441151 -0.519986 0.1650328 -0.8256651 -0.5394824 0.5843676 0.6756796 0.4494125 0.1341677 -0.08129018 -0.9876188 0.1690176 0.6727202 -0.7203336 0.08796002 0.9941392 0.06285124 -0.07920459 0.04370053 0.9959 -0.1317712 -0.6902774 0.7114447 -0.07359957 -0.9962363 0.04578638 0.01721571 -0.7422689 -0.669881 0.02599901 -0.7208407 -0.692613 0.678201 0.5332515 0.5056543 -0.03314245 -0.3855014 -0.9221118 0.1933657 0.3560979 -0.9142232 0.3350352 0.8775049 -0.3431277 0.0080958 0.3914762 0.9201526 -0.2539773 -0.3872552 0.8863007 -0.3185966 -0.8839515 0.3422367 -0.2451207 -0.8766867 -0.4139279 -0.193737 -0.8831399 -0.4272352 0.8247298 0.4290213 0.3684582 0.03015973 -0.2383316 -0.9707154 0.3772685 0.4608879 -0.803275 0.4759409 0.8764953 -0.07236174 0.004862866 0.1800804 0.9836399 -0.3477108 -0.4989365 0.7938259 -0.4578157 -0.8726836 0.1697882 -0.319253 -0.7562915 -0.5710522 -0.3004136 -0.7455288 -0.5949272 0.8670447 0.2614406 0.4241253 0.2432844 0.1557635 -0.9573664 0.6199721 0.6329157 -0.4637372 0.2378895 0.4430913 0.8643371 -0.3120758 -0.1653502 0.9355576 -0.6122826 -0.6448014 0.4575381 -0.6030082 -0.7402807 -0.2972635 -0.2548985 -0.4285342 -0.8668248 -0.5582485 -0.7704783 -0.307769 0.9541711 0.09036596 0.2852919 0.4365784 0.2066631 -0.8756082 0.7995455 0.545368 -0.2515963 0.1589797 0.2504096 0.9549976 -0.4414985 -0.2474549 0.8624646 -0.7535309 -0.5898189 0.2903529 -0.6524161 -0.600916 -0.4617935 -0.1689569 -0.2928219 -0.9411211 -0.6251509 -0.6097454 -0.4872339 0.9175422 -0.1482003 0.368989 0.38044 0.1023621 -0.9191232 0.8331781 0.4304998 -0.3471082 0.1870868 0.9602542 0.2071482 0.2450077 0.2986183 0.9223873 -0.4354823 -0.1006084 0.8945575 -0.859761 -0.3938961 0.3250492 -0.7873529 -0.4677211 -0.4016371 -0.273445 -0.2596443 -0.9261818 -0.8006335 -0.4460533 -0.4000281 0.5764995 0.03768133 -0.8162282 0.9498854 0.2942797 -0.105438 0.3716927 0.8731768 0.3152884 0.1274665 0.1647666 0.9780615 -0.5913971 -0.1012442 0.7999994 -0.9500103 -0.2728734 0.1517252 -0.7634603 -0.3258174 -0.5576482 -0.1210278 -0.1792669 -0.9763276 -0.7741212 -0.2738932 -0.5707179 0.8823845 0.07830575 -0.4639675 0.5978961 0.7779567 0.1931416 0.5047959 0.1367298 0.8523415 -0.3171049 0.1026863 0.9428149 -0.8988053 -0.001288694 0.4383462 -0.9517213 -0.1111615 -0.2861288 -0.468232 -0.1250848 -0.8747071 0.2676013 -0.05945174 -0.9616938 -0.9556652 -0.09362682 -0.2791739 0.9717114 -0.08302609 -0.2210965 0.7155119 0.6579478 0.2348348 0.3227556 0.1189597 0.9389768 -0.4770865 0.1443625 0.8669187 -0.9555258 0.1485556 0.2547579 -0.8967828 0.03681902 -0.4409365 -0.2893174 -0.08949604 -0.9530403 0.415875 -0.1408546 -0.8984475 -0.8850017 0.0655529 -0.4609498 0.9438732 -0.3252887 0.05736347 0.4173479 -0.07708693 0.9054713 -0.392776 0.2424053 0.8871114 -0.9110686 0.3325708 0.2436201 -0.7935755 0.1974901 -0.5755307 -0.1047377 -0.08903829 -0.990506 0.5419097 -0.2054965 -0.8149264 2.773339e-32 0 0 0.7851285 -0.2578944 0.5630841 0.473535 0.5766882 0.6657291 -0.3873625 0.4106097 0.8254393 -0.8833448 0.4644281 0.06331359 -0.6474817 0.2712971 -0.7121554 0.0759601 -0.1871757 -0.9793852 0.7723183 -0.4067169 -0.4879609 -0.2023691 -0.00908321 -0.9792672 0.5279053 -0.3340176 0.7808638 -0.3149825 0.4163735 0.8528887 -0.7731579 0.6271441 -0.0944306 -0.4730443 0.2881939 -0.8325704 0.1896959 -0.3173011 -0.9291585 0.7290903 -0.6292129 -0.2692925 1.117119e-31 1.005407e-30 4.189196e-32 0.3541105 -0.2927379 0.8882062 -0.3572135 0.5809153 0.7313932 -0.6378871 0.721543 -0.2692134 -0.2882432 0.2348625 -0.9283079 0.2574297 -0.4552396 -0.852342 0.6315655 -0.7720586 -0.0710669 2.870253e-31 -2.870253e-31 -9.866496e-32 0.192564 -0.1778695 0.9650293 -0.3134673 0.744478 0.5894835 -0.4682297 0.762805 -0.4459702 -0.1818293 0.1050803 -0.9776995 0.212262 -0.6516167 -0.7282448 0.474991 -0.8714264 0.1224731 7.065506e-30 2.918361e-30 -4.223944e-31 0.09893554 -0.2853804 0.9532942 -0.3096463 0.8629391 0.3993186 -0.3368403 0.7096811 -0.6187822 -0.09122344 -0.03198451 -0.9953167 0.1598408 -0.8073591 -0.5679985 0.316823 -0.9058959 0.2810265 -0.01715562 0.3913667 0.9200749 -0.5559916 0.1170639 0.822903 0.1056603 -0.1137743 0.9878721 0.02496007 0.7862487 0.6174058 -0.1328878 0.9557063 -0.2626145 -0.1794117 0.4479611 -0.8758666 -0.1284823 -0.2731814 -0.9533437 0.01707253 -0.9120307 -0.4097664 0.08446402 -0.8685507 0.4883498 -1.346014e-31 8.973428e-32 -2.243357e-32 0.05216555 -0.4968813 0.8662492 0.1973383 0.3695865 0.9079997 0.1564276 0.9785646 0.1339466 0.02485146 0.7275329 -0.6856226 -0.07980536 0.06223824 -0.9948656 -0.136005 -0.6977601 -0.7033019 -0.06394076 -0.987103 0.1467627 4.4957e-31 -5.619625e-32 -4.683021e-32 0.1339676 0.2965955 0.9455601 0.252396 0.9667862 -0.04025778 0.07785972 0.5677276 -0.8195262 -0.1372664 -0.08562925 -0.986826 -0.3136195 -0.7732481 -0.5511172 -0.2990315 -0.9424854 0.1493365 -0.0606734 -0.5615377 0.8252237 0.2904794 0.7798059 0.5545489 -0.1914438 0.828584 0.5261158 0.2857112 0.3803003 0.8796254 0.4257159 0.86811 -0.2552471 0.0920112 0.3986573 -0.9124726 -0.2404273 -0.2264532 -0.9438822 -0.4836774 -0.79136 -0.3739057 -0.4248341 -0.8387889 0.3405132 -0.08151818 -0.3522757 0.9323393 0.4635488 0.7995081 0.3819808 0.01334902 0.9283795 0.3713936 0.5029307 0.4593075 0.7321867 0.5044333 0.7416599 -0.4421398 0.03983771 0.2563152 -0.965772 -0.4338083 -0.3092238 -0.8462807 -0.6566217 -0.7294793 -0.1915928 -0.5191501 -0.653251 0.5511318 -0.04892529 -0.1894396 0.9806727 0.6308318 0.7511635 0.1944342 0.2399073 0.9153384 0.3234193 0.3453022 0.2032602 0.9162159 0.7445567 0.6523218 -0.1418152 0.3762247 0.4014956 -0.8350188 -0.2501693 -0.06252178 -0.9661813 -0.6805513 -0.5009336 -0.5347106 -0.7407375 -0.6173279 0.2649797 -0.3200455 -0.4078805 0.8551049 0.6994419 0.5133576 0.4972373 0.2761989 0.8220669 0.4979158 0.8851342 -0.1952327 0.4223999 0.9050665 0.4191725 -0.07175697 0.4867341 0.3416982 -0.803948 -0.191334 0.02509007 -0.9812042 -0.7419586 -0.3135401 -0.5926129 -0.8551049 -0.4874483 0.1766061 -0.4536636 -0.3527979 0.818366 0.3169334 0.002952441 0.9484432 0.761055 0.2922974 0.5791006 0.8991022 -0.2817944 0.3349734 0.9284284 0.2547644 -0.2703995 0.3964866 0.2152376 -0.8924523 -0.3946498 0.009739042 -0.91878 -0.879036 -0.1927233 -0.4360658 -0.8621583 -0.2978197 0.4098615 -0.3568829 -0.2209486 0.9076433 0.4986234 0.02349446 0.8665003 0.8943589 0.1802719 0.4094194 0.8902664 -0.4212983 0.1730132 0.9047244 0.08320977 -0.4177916 0.2309472 0.1568268 -0.9602441 -0.5516799 0.07510041 -0.8306679 -0.9775287 -0.00876038 -0.2106203 -0.8124585 -0.1168465 0.5711901 -0.1819114 -0.1067267 0.9775058 0.6603568 -0.05468708 0.7489581 0.9743225 0.02564202 0.223692 0.9887892 -0.1102276 -0.1007259 0.5384269 0.01079074 -0.8426031 -0.2160224 0.1168871 -0.9693667 -0.8296571 0.1484953 -0.5381619 -0.9673917 0.04192213 0.2497916 -0.5207311 -0.06039341 0.8515819 0.332303 -0.1951287 0.9227673 0.7499979 -0.5760636 0.3250446 0.8329627 -0.1809662 0.5229 0.9060628 -0.2976499 -0.3007571 0.3885196 0.01399898 -0.9213341 -0.3686138 0.2546221 -0.894031 -0.8777667 0.3500012 -0.3271464 -0.8585551 0.2310723 0.4576993 -0.3253091 -0.01714362 0.9454523 0.4698972 -0.3025055 0.829269 0.6174969 -0.7346805 0.2809665 0.8696797 -0.3511623 0.3469037 0.5888642 -0.2376495 -0.7725035 -0.02381802 0.1382731 -0.9901077 -0.6852183 0.4666156 -0.5592368 -0.8208324 0.4436492 0.3597353 -0.3495781 0.05522492 0.9352782 0.4651898 -0.3677453 0.8052092 0.8803981 -0.4741075 -0.01101432 0 2.032848e-31 5.08212e-32 0.7460911 -0.6131437 -0.2596205 0.3047803 -0.1235619 -0.9443736 -0.3919202 0.4573528 -0.798265 -0.7506843 0.6593751 0.04120104 -0.5701742 0.2635383 0.778106 -0.3396995 -0.5565068 0.7582245 0.4625822 -0.5278847 0.7122889 -0.0461457 -0.1081709 0.9930607 0.441631 -0.4115299 -0.7972485 -0.104179 0.3014179 -0.9477837 -0.562932 0.794857 -0.2265171 -0.4631695 0.402467 0.7896166 0.184737 -0.3809746 0.9059418 0.6008064 -0.7978252 0.0500667 -1.35024e-31 -3.375601e-31 -6.751202e-32 0.3983166 -0.7071021 -0.5842521 0.08534133 0.001706201 -0.9963503 -0.3097868 0.7819855 -0.5408611 -0.391569 0.7823116 0.4844196 0.1093431 -0.3871341 0.9155169 0.3957492 -0.8707308 0.2919082 0.2412934 -0.2254745 -0.9438955 0.3965312 0.4961423 0.7724026 0.2856206 -0.6301922 -0.7219963 0.1293556 0.1421442 -0.9813573 -0.1100317 0.758031 -0.6428702 -0.3102051 0.9210766 0.2353522 -0.2152726 0.2799548 0.9355656 0.0669695 -0.5905745 0.8041995 0.2451354 -0.9636635 0.1061193 -3.156214e-30 -4.931584e-32 -4.931584e-32 0.1336731 -0.2084359 -0.9688581 0.0462842 0.5308858 -0.8461785 -0.07257169 0.9924954 -0.09841915 -0.06081877 0.1863573 0.9805978 -0.03699544 -0.5549089 0.8310881 0.07224196 -0.9801543 0.1846042 0.1224055 -0.8443671 -0.5215948 0.1442556 -0.8149735 -0.5612562 0.5967346 0.6972372 0.3972003 0.008211345 -0.5330861 -0.8460211 0.1188337 0.2216369 -0.9678614 0.1851029 0.8455987 -0.5006993 -0.02894539 0.5368811 0.8431612 -0.171446 -0.2675016 0.948182 -0.1738407 -0.8523373 0.493255 -0.1189276 -0.9586265 -0.258634 -0.06435868 -0.9612419 -0.2680894 0.7624658 0.5932846 0.2581845 -0.02191591 -0.385877 -0.9222899 0.2477713 0.3872597 -0.8880537 0.3662343 0.8683002 -0.3345554 0.009070424 0.3644524 0.9311778 -0.2444071 -0.4249159 0.8716144 -0.3279825 -0.8807622 0.3415925 -0.2384923 -0.8611708 -0.4488946 -0.2109826 -0.867381 -0.4507067 0.830706 0.4019966 0.3851315 0.03718053 -0.2169216 -0.9754807 0.3978993 0.4706507 -0.787505 0.4970188 0.8665772 -0.04490362 -0.00355776 0.1581557 0.9874078 -0.3696447 -0.507938 0.77805 -0.4798787 -0.8653171 0.1447162 -0.3289963 -0.7357765 -0.5919413 -0.3102901 -0.7243519 -0.6156577 0.8666376 0.233395 0.440983 0.2628823 0.1691855 -0.9498785 0.6429181 0.6270143 -0.439897 0.2329315 0.4204187 0.8769213 -0.3317372 -0.1762669 0.926758 -0.6344554 -0.6392107 0.4345987 -0.6147866 -0.7202277 -0.3214179 -0.250448 -0.4052665 -0.879224 -0.5707659 -0.7507544 -0.3325569 0.9510718 0.06363126 0.3023465 0.4593522 0.2109233 -0.8628481 0.8173077 0.5304231 -0.2250768 0.1453131 0.2316992 0.9618729 -0.4648648 -0.2501804 0.8493 -0.7725795 -0.5765349 0.2659482 -0.6564678 -0.5783815 -0.4842776 -0.156222 -0.2736705 -0.9490517 -0.6291307 -0.586723 -0.5098536 0.9064053 -0.1737214 0.3850329 0.4041616 0.1038295 -0.9087755 0.8507597 0.4156107 -0.3216763 0.2063422 0.9527442 0.2229381 0.230491 0.2821031 0.931285 -0.4583215 -0.1011846 0.883008 -0.8759152 -0.3772119 0.3008051 -0.7888168 -0.4442069 -0.424792 -0.2578898 -0.2427348 -0.9351859 -0.8010539 -0.4226871 -0.4238493 0.5981044 0.02952697 -0.8008741 0.9587124 0.2734236 -0.0781671 0.3861036 0.8609019 0.3313184 0.1076871 0.1554848 0.9819511 -0.6131453 -0.09299709 0.7844771 -0.9596013 -0.2513124 0.1265205 -0.7568469 -0.3040111 -0.5785845 -0.1002042 -0.1699646 -0.9803424 -0.7655339 -0.2521532 -0.5919262 0.8960472 0.05926126 -0.4399858 0.612033 0.7623901 0.2101833 0.4852469 0.1234994 0.8656115 -0.3392094 0.1079491 0.9344966 -0.9094617 0.01902773 0.4153522 -0.9465116 -0.08804037 -0.3104265 -0.4483822 -0.1128068 -0.886695 0.2909962 -0.06428751 -0.9545619 -0.9499593 -0.07096956 -0.3042051 0.9752029 -0.105677 -0.1944524 0.7258434 0.6402728 0.2514002 0.3019613 0.1145455 0.9464136 -0.4955075 0.1580355 0.854106 -0.957866 0.1718793 0.2301093 -0.8841793 0.05656217 -0.4637107 -0.2666645 -0.08631784 -0.9599163 0.4355928 -0.1538217 -0.8869035 -0.8710163 0.08428263 -0.48397 0.9342454 -0.3465321 0.08426722 0.392848 -0.07876321 0.9162242 -0.4087003 0.2589416 0.8751647 -0.9087388 0.3553072 0.2189764 -0.7744541 0.2116503 -0.5961753 -0.08228658 -0.0950599 -0.9920648 0.5568958 -0.2243246 -0.7997159 8.021123e-31 1.925069e-30 -1.00264e-31 0.7652849 -0.2679039 0.5852918 0.4707958 0.5716346 0.6720009 -0.3946106 0.4299363 0.8120574 -0.8734616 0.4854127 0.03793778 -0.6247771 0.2775057 -0.7298247 0.09390319 -0.2018093 -0.9749129 0.7739079 -0.430364 -0.4646002 -0.1807457 -0.01775032 -0.9833697 0.5039484 -0.3325301 0.7971573 -0.3217488 0.4376745 0.8395944 -0.7561348 0.6433931 -0.1196057 -0.4497396 0.2852149 -0.8463963 0.2007965 -0.3376913 -0.9195898 0.7195775 -0.6503705 -0.2433649 3.87827e-31 1.292757e-30 -1.292757e-31 0.3326608 -0.2821837 0.8998384 -0.355149 0.6034979 0.7139044 -0.6163322 0.7307563 -0.2934788 -0.2676626 0.2224724 -0.9374768 0.2607511 -0.4788672 -0.8382691 0.6143966 -0.7877593 -0.04418363 3.319602e-30 3.082488e-30 -5.335075e-31 0.1773665 -0.1594807 0.971137 -0.3028811 0.7646548 0.5688287 -0.4448551 0.7633101 -0.4684673 -0.1681209 0.08657533 -0.9819573 0.2057135 -0.673353 -0.7101252 0.4528388 -0.8790049 0.1492897 8.850686e-31 4.425343e-31 -8.297518e-32 0.08567275 -0.2618327 0.9613032 -0.2920368 0.8791247 0.3766353 -0.3160175 0.7018669 -0.6383696 -0.08540623 -0.05489288 -0.9948329 0.1453498 -0.8251949 -0.5458268 0.2933022 -0.9054411 0.3068391 -0.01470659 0.4145679 0.9098995 -0.5558615 0.1531182 0.8170513 0.1019051 -0.09035337 0.9906824 0.042052 0.8009173 0.5972964 -0.1099695 0.9516176 -0.2869333 -0.1680633 0.428759 -0.8876489 -0.133469 -0.295243 -0.9460537 -0.002896402 -0.9228436 -0.3851639 0.06308372 -0.8569007 0.5116069 -3.089182e-31 -1.544591e-32 1.544591e-32 0.04407782 -0.4753182 0.8787092 0.2088821 0.3881047 0.8976319 0.1797416 0.9776697 0.1088807 0.03909663 0.7091853 -0.7039372 -0.08179137 0.03858474 -0.9959023 -0.1540791 -0.7127805 -0.6842541 -0.08653558 -0.9810531 0.1733388 3.229305e-30 -6.559526e-31 -2.522895e-31 0.1493463 0.3174537 0.9364394 0.2744882 0.9593755 -0.06522984 0.08358795 0.5457182 -0.8337894 -0.1476262 -0.1065828 -0.9832836 -0.3357005 -0.7796135 -0.5286852 -0.3191347 -0.9312506 0.1758559 -0.06672636 -0.5389066 0.8397186 0.3129164 0.7863593 0.532656 -0.1652985 0.8461705 0.5066279 0.302828 0.4177252 0.8566218 0.4315197 0.8533647 -0.2925055 0.0966967 0.3956688 -0.9132885 -0.2914945 -0.255192 -0.9219045 -0.510954 -0.77977 -0.3617799 -0.4396999 -0.8025107 0.4032873 -0.09678774 -0.3392761 0.9356943 0.4867737 0.7969395 0.3576854 -0.007501474 0.9250354 0.3798069 0.4327236 0.2148229 0.8755578 0.9276822 0.2054908 0.311736 0.6979506 0.6946066 -0.1743176 0.2171641 0.4000203 -0.8904064 -0.2772898 -0.145719 -0.9496717 -0.6496279 -0.6330162 -0.4210394 -0.5935017 -0.74041 0.3155134 -0.1881386 -0.3667265 0.9111068 0.6494241 0.6153131 0.4468089 0.3586415 0.2464219 0.9003624 0.7339505 0.6633479 -0.1458981 0.3607387 0.3901506 -0.8471423 -0.2777828 -0.06655433 -0.9583357 -0.7140196 -0.473856 -0.5153993 -0.7516181 -0.5906476 0.2936081 -0.3265778 -0.3775527 0.8664877 0.7211896 0.5047891 0.4744191 0.3075906 0.8223063 0.4787488 0.8902677 -0.2090367 0.4046321 0.9127344 0.3969905 -0.09651154 0.4760075 0.3207577 -0.8188598 -0.2135735 0.01839269 -0.9767538 -0.7631315 -0.3023866 -0.5711327 -0.8615732 -0.4653021 0.2029421 -0.4417098 -0.3329952 0.8330706 0.3394801 0.00675024 0.940589 0.781237 0.2805208 0.557653 0.9009631 -0.2991156 0.3143172 0.9366004 0.2324481 -0.2621976 0.3579839 0.2276917 -0.9055408 -0.4109402 0.02954406 -0.9111835 -0.9148653 -0.1445771 -0.3769866 -0.86811 -0.2614665 0.4219245 -0.3224341 -0.1689653 0.9313898 0.5299002 0.01404073 0.8479437 0.9084666 0.1616509 0.3854316 0.9973594 0.03977859 0.06076137 0.6626423 0.1008016 -0.7421214 -0.06461433 0.09211395 -0.9936498 -0.7382188 0.0225479 -0.6741844 -0.9913445 -0.1056626 0.07792023 -0.6446994 -0.1406452 0.7513864 0.1943681 -0.1515853 0.9691455 0.756158 -0.4711069 0.4541844 0.7500782 -0.05456572 0.6590943 0.9713696 -0.1611567 -0.1745554 0.5370695 0.01782851 -0.8433496 -0.2583925 0.1606631 -0.9525863 -0.8293824 0.1843916 -0.5273752 -0.9451821 0.09549693 0.3122677 -0.5071586 -0.03581093 0.8611084 0.3725548 -0.1736067 0.9116269 0.6560594 -0.6320518 0.4124277 0.8417028 -0.2026352 0.5004752 0.8913587 -0.3160822 -0.324918 0.3660602 0.0129123 -0.9305016 -0.3849448 0.2706448 -0.8823655 -0.8773407 0.3732165 -0.3016335 -0.8410509 0.2472723 0.4811339 -0.3024196 -0.01795091 0.9530059 0.4826989 -0.3207105 0.8149518 0.6078571 -0.7504406 0.2595159 0.8694171 -0.3745187 0.3222573 0.565841 -0.2412226 -0.7884387 -0.04298763 0.1518521 -0.987468 -0.6865885 0.4903564 -0.5367932 -0.8019848 0.4571147 0.3845343 -0.3265544 0.0509146 0.9438061 0.4736537 -0.3894029 0.7899478 0.8686806 -0.494046 -0.03623057 7.89246e-32 0 -9.865575e-32 0.7265621 -0.6257244 -0.28386 0.2833971 -0.1141656 -0.9521829 -0.3964871 0.48081 -0.7820612 -0.734325 0.675405 0.06778579 -0.5476992 0.2621687 0.7945396 -0.3347722 -0.5598353 0.7579657 0.4625898 -0.5503376 0.6950822 -0.02995094 -0.1249128 0.9917156 0.4197432 -0.4049203 -0.8123147 -0.1117478 0.3239101 -0.9394651 -0.5476252 0.8123987 -0.2002873 -0.4412853 0.3959991 0.8052652 0.1895601 -0.4040028 0.8949015 0.5825796 -0.8123947 0.02481723 0 0 4.814825e-33 0.3755227 -0.702399 -0.6046639 0.07410865 0.02288775 -0.9969875 -0.2972996 0.8019665 -0.5181338 -0.3839361 0.7642045 0.5182514 0.110475 -0.4100873 0.9053307 0.3782302 -0.8862497 0.267401 0.2247948 -0.2090099 -0.9517259 0.4017912 0.4790821 0.7804128 0.2666766 -0.6182244 -0.7393796 0.1266324 0.1641155 -0.9782793 -0.09672612 0.7763925 -0.6227831 -0.2814226 0.9143743 0.2910687 -0.1498782 0.1555029 0.9763992 0.07399371 -0.632331 0.7711566 0.2229796 -0.971458 0.08092878 -3.231281e-30 -6.563539e-31 -2.776882e-31 0.1276538 -0.1862605 -0.9741722 0.05695315 0.5517562 -0.8320586 -0.04949392 0.996237 -0.07114858 -0.06768991 0.1758012 0.9820957 -0.0586137 -0.5822428 0.8108994 0.04965529 -0.9859189 0.1596821 0.1023423 -0.8333226 -0.5432307 0.1240699 -0.8032054 -0.5826387 0.6117797 0.6738934 0.4142382 -0.001402515 -0.511429 -0.8593244 0.127333 0.2438091 -0.9614278 0.207305 0.8538414 -0.4774721 -0.02015107 0.515397 0.8567146 -0.181326 -0.2877059 0.9403968 -0.1951949 -0.8603822 0.4707882 -0.1400189 -0.9488203 -0.2830809 -0.08589078 -0.9521807 -0.2932144 0.7745166 0.5694928 0.2753217 -0.02312124 -0.3626442 -0.9316408 0.2642936 0.4034899 -0.8759822 0.3897973 0.8675726 -0.3088299 0.009166075 0.3413545 0.9398899 -0.2622216 -0.4399131 0.8589041 -0.351032 -0.8808864 0.3175147 -0.2541491 -0.8444242 -0.4715463 -0.2273717 -0.8507343 -0.4738704 0.8356449 0.3746046 0.4017076 0.04535285 -0.1959084 -0.9795729 0.4190052 0.4793185 -0.7711604 0.5174983 0.8555072 -0.01740456 -0.01307277 0.1367068 0.9905253 -0.3920293 -0.5157919 0.7617557 -0.5015372 -0.8568354 0.1195553 -0.3376258 -0.71479 -0.6124411 -0.3190347 -0.7026857 -0.6359636 0.8650959 0.2052188 0.4577056 0.2831402 0.1815956 -0.9417296 0.665527 0.6198993 -0.4156907 0.2268333 0.3980428 0.8888805 -0.3519606 -0.1861066 0.9173266 -0.6563314 -0.6324501 0.411383 -0.6255217 -0.6995998 -0.3453734 -0.2447807 -0.3822603 -0.891044 -0.5822292 -0.7304 -0.3571064 0.9469244 0.0368831 0.3193334 0.4823067 0.2139828 -0.8494655 0.8342288 0.514507 -0.1983555 0.1307329 0.2137302 0.9681055 -0.4883426 -0.2516743 0.8355726 -0.7909314 -0.5622875 0.2413717 -0.6593284 -0.5556875 -0.5064558 -0.1424639 -0.2552224 -0.9563292 -0.6318848 -0.5635186 -0.5321356 0.8942156 -0.1989457 0.4009975 0.427943 0.1040414 -0.8977974 0.8674891 0.3998251 -0.2959772 0.2250514 0.9446713 0.2386376 0.2151528 0.2664274 0.9395348 -0.4811375 -0.1005528 0.8708593 -0.8911926 -0.3597079 0.2763801 -0.7890772 -0.4206464 -0.447676 -0.2414744 -0.226654 -0.9435667 -0.8002516 -0.3993255 -0.4473662 0.6192579 0.02022114 -0.7849272 0.9663635 0.252111 -0.0508107 0.3997794 0.8483054 0.3472094 0.08748382 0.1473083 0.9852141 -0.6344325 -0.08363691 0.7684402 -0.9680754 -0.2293095 0.101228 -0.7491083 -0.2826008 -0.5991439 -0.078916 -0.1617619 -0.9836693 -0.7558143 -0.2308961 -0.6127248 0.9086705 0.03955705 -0.4156358 0.6254008 0.746513 0.2271392 0.4650595 0.1113234 0.8782521 -0.3609973 0.1143657 0.9255277 -0.9190613 0.0398892 0.3920907 -0.9401286 -0.06520477 -0.3345243 -0.4279286 -0.101563 -0.898088 0.3141114 -0.07035162 -0.9467759 -0.9430661 -0.04864056 -0.3290296 0.9774455 -0.1284542 -0.1676302 0.7353631 0.6224857 0.2678668 0.2810274 0.111292 0.9532249 -0.5131942 0.1726491 0.8407283 -0.9590151 0.1952943 0.2053051 -0.8705768 0.07562469 -0.4861861 -0.2438662 -0.08432645 -0.9661358 0.4546161 -0.1678189 -0.8747348 -0.8560672 0.1022495 -0.5066497 0.9234504 -0.3672811 0.1111034 0.3682838 -0.07921879 0.9263322 -0.4237166 0.2763023 0.8626246 -0.9052415 0.3779236 0.1941947 -0.7546294 0.2248001 -0.6164408 -0.06015755 -0.1022353 -0.9929396 0.5708939 -0.2439065 -0.7839578 8.29716e-33 1.659432e-32 -1.244574e-32 0.7449059 -0.2767881 0.6070449 0.4678826 0.5671764 0.6777881 -0.4008374 0.4496916 0.7981897 -0.8625165 0.5058735 0.01254123 -0.6017865 0.2825178 -0.7470186 0.1110698 -0.2173632 -0.9697509 0.7742493 -0.4540305 -0.4409017 -0.1596091 -0.02753881 -0.9867961 0.4801074 -0.3297804 0.8128602 -0.3273741 0.4593141 0.8257462 -0.7382988 0.6587694 -0.1446988 -0.4266327 0.2810167 -0.8596593 0.2108207 -0.358622 -0.9093651 0.7089291 -0.670986 -0.2172494 3.900852e-32 1.170256e-31 -4.876065e-33 0.2920305 -0.2634181 0.9194178 -0.3519074 0.6259514 0.6959498 -0.5943415 0.7388625 -0.3175538 -0.2477469 0.2090118 -0.9460103 0.262857 -0.5026025 -0.8235878 0.5866827 -0.8093994 -0.02599994 1.096872e-30 4.874988e-31 -1.066404e-31 0.1912984 -0.4005391 0.8960878 -0.3911579 0.7597955 0.5193325 -0.4573079 0.7325344 -0.5042449 -0.1554282 0.0673482 -0.9855487 0.1980182 -0.694712 -0.691494 0.4438163 -0.8857665 0.1358115 -0.008767003 0.2638549 0.9645225 -0.5308897 -0.07940064 0.843713 0.1582251 -0.2374863 0.958418 -0.035484 0.7141302 0.699113 -0.2270344 0.9678689 -0.1080983 -0.2442648 0.5278974 -0.8134243 -0.09129324 -0.1221516 -0.9883039 0.1169904 -0.8385029 -0.5321899 0.2258178 -0.9122506 0.3417678 -2.125128e-30 -4.291124e-31 0 0.1226214 -0.4045245 0.9062692 0.06483752 0.5235212 0.849542 -0.1139585 0.9636639 -0.2415893 -0.1378117 0.4187585 -0.8975797 -0.1278859 -0.3256142 -0.9368141 -0.01139142 -0.918832 -0.3944846 0.04545386 -0.928687 0.3680684 -0.01056224 0.9181741 0.3960364 -0.4291959 0.756817 0.4929695 0.02891016 -0.4476301 0.8937514 0.2043605 0.4116592 0.8881292 0.2025757 0.9748122 0.09329683 0.05237605 0.6901244 -0.721793 -0.08503097 0.0150692 -0.9962643 -0.1728986 -0.7268162 -0.6647137 -0.1070841 -0.9728894 0.2049861 4.477795e-30 -5.00806e-31 5.891835e-32 0.1657225 0.3374346 0.9266466 0.2961585 0.9508721 -0.09017937 0.08815267 0.5234328 -0.8474946 -0.1590867 -0.1269678 -0.9790662 -0.3580772 -0.7847895 -0.505852 -0.3385906 -0.9189393 0.2022547 -0.07157211 -0.5159891 0.8535998 0.3356648 0.7917211 0.5103987 -0.1386691 0.8624636 0.4867518 0.3244035 0.4293678 0.8428557 0.4472621 0.8365268 -0.3165116 0.09280732 0.3731063 -0.9231351 -0.3104627 -0.2688718 -0.911768 -0.5335773 -0.7758556 -0.336665 -0.451993 -0.7829345 0.4274528 -0.09191188 -0.3160694 0.9442735 0.5098377 0.7931463 0.3331434 0.02082265 0.9331647 0.3588455 0.4531295 0.2216962 0.8634376 0.9371905 0.1910803 0.2918256 0.7108547 0.6746187 -0.1989352 0.210568 0.3777672 -0.9016391 -0.2974607 -0.1574522 -0.9416613 -0.6717914 -0.6255828 -0.3966643 -0.6046322 -0.719927 0.3407712 -0.1799467 -0.3448847 0.9212349 0.6716311 0.6080648 0.4232834 0.3838753 0.2515868 0.8884502 0.7460244 0.6437032 -0.1705691 0.3516285 0.3690415 -0.8603289 -0.2999577 -0.07452717 -0.9510368 -0.7355095 -0.4652418 -0.4925198 -0.7583013 -0.5685478 0.3189553 -0.3165947 -0.3561354 0.8791674 0.7424588 0.4950975 0.4512576 0.3386532 0.8212285 0.459236 0.8948166 -0.2234947 0.3864626 0.9192943 0.3744346 -0.12123 0.4641998 0.300409 -0.8332305 -0.2361384 0.01284613 -0.9716345 -0.7836858 -0.2901474 -0.5492277 -0.8668352 -0.4428249 0.2291352 -0.4287266 -0.313822 0.8471773 0.3621693 0.009322541 0.9320657 0.8007719 0.2677055 0.5358154 0.9019505 -0.316915 0.2933429 0.9349933 0.2089296 -0.2865937 0.34019 0.2139485 -0.9156947 -0.4334906 0.03341175 -0.9005385 -0.927573 -0.1252388 -0.3520278 -0.8628257 -0.2381887 0.4458677 -0.3022602 -0.1564023 0.9403069 0.5514477 0.006521298 0.834184 0.9215736 0.1423146 0.3611768 0.9992148 0.01662037 0.03596686 0.6456183 0.08427909 -0.7589954 -0.08828265 0.09263163 -0.991779 -0.7550002 0.03982355 -0.6545141 -0.9910772 -0.08254323 0.1046547 -0.6275351 -0.1256231 0.7683869 0.2165612 -0.1550658 0.9638754 0.7576777 -0.4861937 0.4353622 0.7655668 -0.07205627 0.6393085 0.9687525 -0.1846568 -0.1655912 0.508708 0.04135334 -0.8599454 -0.2655461 0.1830839 -0.9465546 -0.8577946 0.2239586 -0.4626348 -0.93773 0.127584 0.3230863 -0.4498917 -0.03394234 0.8924379 0.3831221 -0.216832 0.8978872 0.652757 -0.6475327 0.3932044 0.8492889 -0.224732 0.4777068 0.7106114 -0.2100472 -0.6714996 0.07452062 0.0743657 -0.9944428 -0.6509354 0.3016899 -0.6966106 -0.9171115 0.3403569 0.2075181 -0.4776371 0.05421 0.8768832 0.3992373 -0.2588134 0.8795597 0.9234816 -0.366988 0.11181 -7.952388e-32 2.120637e-31 2.650796e-32 0.5668899 -0.2359534 -0.7892793 -0.06517369 0.2062257 -0.9763316 -0.6654141 0.540497 -0.514866 -0.7850073 0.472894 0.4001685 -0.2553787 0.05373405 0.9653468 0.4494678 -0.4103422 0.7934721 0.8461295 -0.5242463 -0.09607622 -1.593162e-31 -1.593162e-31 3.982905e-32 0.7064367 -0.637285 -0.3079206 0.2625086 -0.1036529 -0.9593463 -0.3998123 0.5044866 -0.7652734 -0.7171376 0.6905209 0.09431116 -0.5253301 0.2595705 0.8103403 -0.3301678 -0.5637986 0.7570471 0.4614565 -0.5728076 0.677458 -0.01465961 -0.1424815 0.9896889 0.3982278 -0.3971691 -0.8268442 -0.1181256 0.3467999 -0.9304709 -0.5314049 0.8290752 -0.1739056 -0.4197771 0.3883921 0.8203285 0.1931569 -0.4272344 0.8832673 0.563645 -0.8260171 -0.0004442516 -1.929317e-30 -2.31518e-30 -1.929317e-31 0.3812861 -0.6936095 -0.6111684 0.09658825 0.07377836 -0.9925863 -0.2834431 0.826346 -0.4866336 -0.3899113 0.7623141 0.5165718 0.1303118 -0.4445998 0.8861997 0.3569504 -0.898896 0.254111 0.2091849 -0.1917038 -0.9589011 0.4358974 0.4628099 0.7718811 0.1583558 -0.3423555 -0.9261296 0.007567565 0.4276352 -0.9039197 -0.1356766 0.9307381 -0.3395858 -0.1808361 0.3196533 0.9301183 -0.01451665 -0.4650568 0.8851618 0.1665246 -0.9287007 0.3313377 0.228181 -0.878797 -0.4191054 0.2642531 -0.8597429 -0.4370497 0.5075959 0.7755047 0.3754184 0.1432111 -0.1821669 -0.9727825 0.1015727 0.5956797 -0.7967739 -0.01641045 0.9980074 -0.06092636 -0.08415894 0.1487386 0.9852888 -0.05757908 -0.6138541 0.7873169 0.03039458 -0.9867535 0.159354 0.09378753 -0.8093426 -0.5798004 0.1045373 -0.7903924 -0.6036156 0.6259666 0.6498163 0.4311666 -0.009862825 -0.4892963 -0.8720618 0.136951 0.2655265 -0.954327 0.2299198 0.8609052 -0.4538491 -0.01245786 0.493503 0.8696549 -0.1922845 -0.3073422 0.9319697 -0.2169739 -0.8672971 0.4480157 -0.160578 -0.9379492 -0.3073532 -0.1069107 -0.9420001 -0.3181287 0.7857113 0.5451186 0.2924098 -0.02309511 -0.3393793 -0.940366 0.2816299 0.4188414 -0.8632824 0.4132829 0.8655664 -0.2828287 0.008084078 0.318305 0.9479539 -0.2808061 -0.453951 0.8456219 -0.3740814 -0.8798152 0.2932377 -0.2688997 -0.8268977 -0.493896 -0.2428764 -0.8332461 -0.4967012 0.8395247 0.3468792 0.4181783 0.05465467 -0.1753623 -0.9829857 0.4405283 0.4868578 -0.7542574 0.5373175 0.8433193 0.01012106 -0.02363284 0.1158116 0.99299 -0.4147856 -0.5224631 0.7449733 -0.5227302 -0.8472652 0.09431296 -0.3451152 -0.6933903 -0.6325389 -0.32663 -0.6805836 -0.6558344 0.8624005 0.1769545 0.4742915 0.3040128 0.1929639 -0.9329208 0.6877292 0.6115953 -0.3911264 0.2196255 0.3760143 0.9002099 -0.3726785 -0.1948303 0.9072772 -0.6778516 -0.6245366 0.3879061 -0.6351852 -0.6784537 -0.3691073 -0.2379053 -0.3595845 -0.9022749 -0.5926016 -0.70947 -0.3814128 0.9417169 0.01016066 0.336253 0.5053802 0.2158452 -0.835465 0.8502527 0.4976695 -0.1714507 0.1152823 0.1965517 0.9736927 -0.5118657 -0.2519315 0.8212941 -0.8085397 -0.5471123 0.2166374 -0.6609884 -0.5328925 -0.528318 -0.1277367 -0.2375287 -0.9629452 -0.633419 -0.5402008 -0.5540428 0.8809807 -0.2238275 0.4168624 0.4517233 0.1030029 -0.8861921 0.8833191 0.3831887 -0.2700256 0.2431898 0.9360654 0.2542445 0.1990362 0.251641 0.9471333 -0.5038759 -0.09871587 0.8581167 -0.9055552 -0.3414305 0.2517838 -0.7881268 -0.3971034 -0.4702819 -0.2242354 -0.211442 -0.9513205 -0.7982154 -0.3760413 -0.4705796 0.6398871 0.009788583 -0.7684066 0.9728145 0.2304004 -0.02340243 0.412707 0.8354218 0.3629646 0.06691676 0.1402589 0.987851 -0.6551966 -0.07318768 0.7519049 -0.9754104 -0.2069261 0.07586985 -0.740262 -0.2616505 -0.6193151 -0.05721564 -0.1546765 -0.986307 -0.7450017 -0.2101762 -0.6330864 0.9202034 0.01924365 -0.3909672 0.6379861 0.7303646 0.244011 0.4443011 0.1002343 0.8902526 -0.3823971 0.1219213 0.915919 -0.9275765 0.06124009 0.3685804 -0.932588 -0.04271713 -0.358406 -0.4068984 -0.0913876 -0.9088905 0.3368906 -0.07763392 -0.9383377 -0.9350115 -0.02670346 -0.3536105 0.9784297 -0.1512909 -0.1406642 0.74407 0.6046261 0.2842309 0.2600137 0.1091933 0.9594111 -0.5300913 0.188165 0.8267993 -0.9589654 0.2187453 0.180377 -0.8560072 0.09396072 -0.5083533 -0.22097 -0.08352281 -0.9716976 0.4728892 -0.1828141 -0.8619482 -0.8402002 0.1194103 -0.5289658 0.9115167 -0.387473 0.1378478 0.3437323 -0.07844708 0.9357853 -0.4377777 0.2944441 0.8495018 -0.9005849 0.4003617 0.1692847 -0.7341571 0.2369058 -0.6363088 -0.03842058 -0.1105449 -0.9931282 0.5838671 -0.2641894 -0.7676608 1.343631e-31 6.270279e-31 -1.119693e-31 0.7240506 -0.284521 0.62833 0.4648343 0.5633289 0.6830737 -0.4060339 0.4698199 0.7838404 -0.8505379 0.5257565 -0.01285623 -0.5785706 0.2863157 -0.7637273 0.1274241 -0.2337949 -0.9638999 0.7733468 -0.4776505 -0.4168749 -0.1390068 -0.03843179 -0.9895454 0.4173075 -0.357555 0.8354693 -0.3878843 0.4386975 0.8106111 -0.7527755 0.6366404 -0.1673861 -0.4203483 0.2240562 -0.8792646 0.1957424 -0.376591 -0.9054635 0.6563152 -0.7339779 -0.174719 1.402754e-30 7.01377e-31 -2.980852e-31 0.5136515 -0.6336279 0.5785135 -0.07604714 0.3256744 0.9424187 -0.5511485 0.8197649 0.1556307 -0.4626126 0.530029 -0.7106749 -0.05994627 -0.1015049 -0.9930273 0.4515822 -0.7389197 -0.5000711 2.995905e-30 1.198362e-30 -2.496588e-31 0.2120852 -0.3749951 0.9024403 -0.3211812 0.8117138 0.4878148 -0.3883388 0.7570044 -0.5254877 -0.1059109 0.05104823 -0.9930644 0.2167825 -0.687569 -0.6930038 0.4691136 -0.8707505 0.1473972 -0.01303088 0.286773 0.9579099 -0.5386697 -0.04419301 0.8413572 0.1478437 -0.2163931 0.9650473 -0.02289989 0.7319422 0.6809818 -0.2033748 0.9700028 -0.1331664 -0.2280501 0.5124421 -0.8278866 -0.08880388 -0.1451548 -0.9854156 0.1008431 -0.8546387 -0.5093362 0.2022879 -0.9079852 0.3669367 2.033782e-31 -6.355569e-33 -5.084455e-32 0.1058788 -0.3816348 0.918229 0.08582772 0.5477618 0.8322203 -0.09153346 0.9596948 -0.2657208 -0.128319 0.3981632 -0.9082953 -0.1355223 -0.3472233 -0.9279384 -0.04666728 -0.9266594 -0.372994 0.00141106 -0.9214605 0.3884695 0.01054502 0.9282164 0.3718912 -0.4094148 0.7801253 0.4730582 0.1118189 0.1711807 0.9788737 0.1704032 0.9842626 0.04679711 0.0646565 0.6703976 -0.7391797 -0.08950921 -0.0082566 -0.9959518 -0.1830488 -0.7166601 -0.6729721 -0.17937 -0.9831043 0.03650038 -0.001244864 -0.6549805 0.7556447 0.1950249 0.7361821 0.648075 -0.3014254 0.7339807 0.6086173 0.2025298 0.3077771 0.9296531 0.340348 0.9291065 -0.1446526 0.09153966 0.5009308 -0.8606328 -0.17163 -0.1467299 -0.9741732 -0.3806937 -0.7887557 -0.4826352 -0.3498434 -0.9094669 0.2246764 -0.08423605 -0.4580624 0.8849199 0.3586645 0.7958897 0.4877697 -0.1116287 0.8774428 0.4665118 0.3465089 0.4398434 0.8285345 0.4620938 0.8189252 -0.3403392 0.08773513 0.3507694 -0.9323429 -0.3301365 -0.2815269 -0.9009731 -0.5559634 -0.770712 -0.3113 -0.4632334 -0.7627181 0.4513046 -0.0858111 -0.2931618 0.9522041 0.5326602 0.7881524 0.3083648 0.04913238 0.9399904 0.337645 0.4738819 0.2274196 0.8507152 0.946205 0.1758515 0.2716106 0.7227576 0.6539749 -0.2234688 0.2027924 0.3558906 -0.9122593 -0.3182098 -0.1681313 -0.9329922 -0.6935082 -0.6169863 -0.3719869 -0.6146551 -0.6988597 0.365779 -0.1706302 -0.3234816 0.9307228 0.693428 0.599658 0.3994595 0.4092698 0.2554463 0.8759255 0.7570568 0.6235248 -0.1951458 0.3414143 0.3484302 -0.8729448 -0.322537 -0.08132032 -0.9430572 -0.7565003 -0.4555037 -0.46928 -0.7637914 -0.5461205 0.3440566 -0.3054959 -0.3352851 0.8912105 0.7631867 0.4842934 0.4277919 0.3693298 0.8188561 0.4393976 0.898733 -0.2385829 0.3679091 0.9247247 0.3515604 -0.1459094 0.4513383 0.2807117 -0.8470506 -0.2589747 0.00846612 -0.965847 -0.8035631 -0.2768536 -0.5269141 -0.8708761 -0.4200811 0.2551601 -0.4147617 -0.2953578 0.8606605 0.3849259 0.01064748 0.9228861 0.8196092 0.25388 0.5136007 0.9020284 -0.3351523 0.2720621 0.9380588 0.1329582 -0.3199496 0.3419335 0.1717773 -0.9238907 -0.4523691 0.02946163 -0.891344 -0.9399863 -0.1273787 -0.3165445 -0.8456616 -0.2386138 0.4774096 -0.2996219 -0.181706 0.9365947 0.582457 -0.01937871 0.8126305 0.9336473 0.1223151 0.3366625 0.8097795 -0.4724275 -0.3479503 0.1513943 -0.5231273 -0.8386999 -0.5716848 -0.6346677 -0.5199745 -0.6367163 -0.72285 0.2684777 -0.02817677 -0.7196347 0.6937809 0.7839429 -0.5196052 0.3397705 0.0977711 -0.988523 -0.1151653 -0.5773503 -0.5773503 0.5773503 -0.5773503 0.5773503 0.5773503 -0.5773503 -0.5773503 -0.5773503 0.5773503 -0.5773503 -0.5773503 -0.5773503 0.5773503 -0.5773503 0.5773503 0.5773503 0.5773503 0.5773503 -0.5773503 0.5773503 0.5773503 0.5773503 -0.5773503 -0.7139019 0.1420036 -0.6856961 0 0 -1 -0.7278872 4.523334e-17 -0.6856969 -0.7139019 0.1420036 0.6856961 -0.7278872 -3.877144e-17 0.6856969 -0.7139019 -0.1420036 -0.6856961 -0.67248 0.2785518 -0.6856964 -0.67248 0.2785518 0.6856964 0.7278872 -4.583915e-17 -0.6856969 0.7139019 0.1420036 -0.6856961 0.6724806 0.2785495 -0.6856967 0.6052173 0.4043916 -0.6856963 0.5146937 0.5146947 -0.6856965 0.4043921 0.6052169 -0.6856964 0.2785504 0.6724804 -0.6856965 0.1420038 0.7139015 -0.6856964 0 0.7278875 -0.6856965 -0.1420038 0.7139015 -0.6856964 -0.2785504 0.6724804 -0.6856965 -0.4043937 0.6052161 -0.6856962 -0.5146948 0.5146934 -0.6856967 -0.6052158 0.4043934 -0.6856966 -0.67248 -0.2785518 -0.6856964 -0.6052158 -0.4043934 -0.6856966 -0.5146948 -0.5146934 -0.6856967 -0.4043937 -0.6052161 -0.6856962 -0.2785504 -0.6724804 -0.6856965 -0.1420038 -0.7139015 -0.6856964 0 -0.7278875 -0.6856965 0.1420038 -0.7139015 -0.6856964 0.2785504 -0.6724804 -0.6856965 0.4043921 -0.6052169 -0.6856964 0.5146937 -0.5146947 -0.6856965 0.6052173 -0.4043916 -0.6856963 0.6724806 -0.2785495 -0.6856967 0.7139019 -0.1420036 -0.6856961 0 0 1 -0.7139019 -0.1420036 0.6856961 -0.6052158 0.4043934 0.6856966 0.7278872 4.523334e-17 0.6856969 0.7139019 -0.1420036 0.6856961 0.7139019 0.1420036 0.6856961 0.6724806 0.2785495 0.6856967 0.6052173 0.4043916 0.6856963 0.5146937 0.5146947 0.6856965 0.4043921 0.6052169 0.6856964 0.2785504 0.6724804 0.6856965 0.1420038 0.7139015 0.6856964 0 0.7278875 0.6856965 -0.1420038 0.7139015 0.6856964 -0.2785504 0.6724804 0.6856965 -0.4043937 0.6052161 0.6856962 -0.5146948 0.5146934 0.6856967 -0.67248 -0.2785518 0.6856964 -0.6052158 -0.4043934 0.6856966 -0.5146948 -0.5146934 0.6856967 -0.4043937 -0.6052161 0.6856962 -0.2785504 -0.6724804 0.6856965 -0.1420038 -0.7139015 0.6856964 0 -0.7278875 0.6856965 0.1420038 -0.7139015 0.6856964 0.2785504 -0.6724804 0.6856965 0.4043921 -0.6052169 0.6856964 0.5146937 -0.5146947 0.6856965 0.6052173 -0.4043916 0.6856963 0.6724806 -0.2785495 0.6856967 -0.6856962 -0.7139016 0.1420043 -1 0 0 -0.6856965 -0.7278875 -5.285943e-07 0.6856962 -0.7139016 0.1420043 0.6856965 -0.7278875 -5.285943e-07 -0.6856965 -0.7139015 -0.1420033 -0.6856965 -0.6724797 0.2785523 0.6856965 -0.6724797 0.2785523 -0.685696 1.352963e-17 -0.7278881 -0.6856966 0.1420048 -0.7139011 -0.6856967 0.2785507 -0.6724802 -0.685696 0.4043926 -0.605217 -0.6856971 0.5146945 -0.5146933 -0.6856963 0.6052158 -0.404394 -0.6856963 0.6724805 -0.2785509 -0.6856965 0.7139015 -0.1420033 -0.6856965 0.7278875 -5.285943e-07 -0.6856962 0.7139016 0.1420043 -0.6856965 0.6724797 0.2785523 -0.6856972 0.6052179 0.4043892 -0.6856956 0.5146961 0.5146935 -0.6856958 0.4043873 0.6052208 -0.685698 0.2785528 0.6724779 -0.6856953 0.1420048 0.7139024 -0.6856973 3.877136e-17 0.7278868 -0.6856953 -0.1420048 0.7139024 -0.685698 -0.2785528 0.6724779 -0.6856958 -0.4043873 0.6052208 -0.6856956 -0.5146961 0.5146935 -0.6856972 -0.6052179 0.4043892 -0.6856963 -0.6724805 -0.2785509 -0.6856963 -0.6052158 -0.404394 -0.6856971 -0.5146945 -0.5146933 -0.685696 -0.4043926 -0.605217 -0.6856967 -0.2785507 -0.6724802 -0.6856966 -0.1420048 -0.7139011 1 0 0 0.6856965 -0.7139015 -0.1420033 0.6856972 -0.6052179 0.4043892 0.685696 -1.292383e-17 -0.7278881 0.6856966 -0.1420048 -0.7139011 0.6856966 0.1420048 -0.7139011 0.6856967 0.2785507 -0.6724802 0.685696 0.4043926 -0.605217 0.6856971 0.5146945 -0.5146933 0.6856963 0.6052158 -0.404394 0.6856963 0.6724805 -0.2785509 0.6856965 0.7139015 -0.1420033 0.6856965 0.7278875 -5.285943e-07 0.6856962 0.7139016 0.1420043 0.6856965 0.6724797 0.2785523 0.6856972 0.6052179 0.4043892 0.6856956 0.5146961 0.5146935 0.6856958 0.4043873 0.6052208 0.685698 0.2785528 0.6724779 0.6856953 0.1420048 0.7139024 0.6856973 -3.230947e-17 0.7278868 0.6856953 -0.1420048 0.7139024 0.685698 -0.2785528 0.6724779 0.6856958 -0.4043873 0.6052208 0.6856956 -0.5146961 0.5146935 0.6856963 -0.6724805 -0.2785509 0.6856963 -0.6052158 -0.404394 0.6856971 -0.5146945 -0.5146933 0.685696 -0.4043926 -0.605217 0.6856967 -0.2785507 -0.6724802 -0.7139016 0.1420039 -0.6856963 0 0 -1 -0.7278873 0 -0.6856968 -0.7139016 0.1420039 0.6856963 -0.7278873 0 0.6856968 -0.7139016 -0.1420039 -0.6856963 -0.6724806 0.2785504 -0.6856964 -0.6724806 0.2785504 0.6856964 0.7278879 1.615479e-18 -0.6856961 0.7139011 0.1420049 -0.6856966 0.6724807 0.2785494 -0.6856966 0.6052172 0.4043918 -0.6856963 0.514694 0.5146947 -0.6856963 0.4043922 0.6052166 -0.6856966 0.2785506 0.6724804 -0.6856964 0.1420039 0.7139014 -0.6856965 -1.008144e-07 0.7278877 -0.6856964 -0.142004 0.7139014 -0.6856965 -0.2785501 0.6724805 -0.6856966 -0.4043926 0.6052168 -0.6856962 -0.5146943 0.5146941 -0.6856965 -0.6052165 0.4043924 -0.6856966 -0.6724806 -0.2785504 -0.6856964 -0.6052165 -0.4043924 -0.6856966 -0.5146943 -0.5146941 -0.6856965 -0.4043926 -0.6052168 -0.6856962 -0.2785501 -0.6724805 -0.6856966 -0.142004 -0.7139014 -0.6856965 -1.008144e-07 -0.7278877 -0.6856964 0.1420039 -0.7139014 -0.6856965 0.2785506 -0.6724804 -0.6856964 0.4043922 -0.6052166 -0.6856966 0.514694 -0.5146947 -0.6856963 0.6052172 -0.4043918 -0.6856963 0.6724807 -0.2785494 -0.6856966 0.7139011 -0.1420049 -0.6856966 0 0 1 -0.7139016 -0.1420039 0.6856963 -0.6052165 0.4043924 0.6856966 0.7278879 0 0.6856961 0.7139011 -0.1420049 0.6856966 0.7139011 0.1420049 0.6856966 0.6724807 0.2785494 0.6856966 0.6052172 0.4043918 0.6856963 0.514694 0.5146947 0.6856963 0.4043922 0.6052166 0.6856966 0.2785506 0.6724804 0.6856964 0.1420039 0.7139014 0.6856965 -1.008144e-07 0.7278877 0.6856964 -0.142004 0.7139014 0.6856965 -0.2785501 0.6724805 0.6856966 -0.4043926 0.6052168 0.6856962 -0.5146943 0.5146941 0.6856965 -0.6724806 -0.2785504 0.6856964 -0.6052165 -0.4043924 0.6856966 -0.5146943 -0.5146941 0.6856965 -0.4043926 -0.6052168 0.6856962 -0.2785501 -0.6724805 0.6856966 -0.142004 -0.7139014 0.6856965 -1.008144e-07 -0.7278877 0.6856964 0.1420039 -0.7139014 0.6856965 0.2785506 -0.6724804 0.6856964 0.4043922 -0.6052166 0.6856966 0.514694 -0.5146947 0.6856963 0.6052172 -0.4043918 0.6856963 0.6724807 -0.2785494 0.6856966 -0.7139014 0.1420038 -0.6856965 0 0 -1 -0.7278877 6.461911e-18 -0.6856964 -0.7139014 0.1420038 0.6856965 -0.7278877 0 0.6856964 -0.7139014 -0.1420038 -0.6856965 -0.6724802 0.2785512 -0.6856965 -0.6724802 0.2785512 0.6856965 0.7278877 2.423217e-18 -0.6856964 0.7139014 0.1420038 -0.6856965 0.6724802 0.2785512 -0.6856965 0.6052168 0.4043921 -0.6856965 0.5146942 0.5146946 -0.6856962 0.4043919 0.6052167 -0.6856966 0.2785505 0.6724804 -0.6856965 0.1420039 0.7139014 -0.6856965 -1.292382e-17 0.7278876 -0.6856964 -0.1420039 0.7139014 -0.6856965 -0.2785505 0.6724804 -0.6856965 -0.4043926 0.6052165 -0.6856964 -0.5146946 0.514694 -0.6856964 -0.6052168 0.4043921 -0.6856965 -0.6724802 -0.2785512 -0.6856965 -0.6052168 -0.4043921 -0.6856965 -0.5146946 -0.514694 -0.6856964 -0.4043926 -0.6052165 -0.6856964 -0.2785505 -0.6724804 -0.6856965 -0.1420039 -0.7139014 -0.6856965 1.292382e-17 -0.7278876 -0.6856964 0.1420039 -0.7139014 -0.6856965 0.2785505 -0.6724804 -0.6856965 0.4043919 -0.6052167 -0.6856966 0.5146942 -0.5146946 -0.6856962 0.6052168 -0.4043921 -0.6856965 0.6724802 -0.2785512 -0.6856965 0.7139014 -0.1420038 -0.6856965 0 0 1 -0.7139014 -0.1420038 0.6856965 -0.6052168 0.4043921 0.6856965 0.7278877 0 0.6856964 0.7139014 -0.1420038 0.6856965 0.7139014 0.1420038 0.6856965 0.6724802 0.2785512 0.6856965 0.6052168 0.4043921 0.6856965 0.5146942 0.5146946 0.6856962 0.4043919 0.6052167 0.6856966 0.2785505 0.6724804 0.6856965 0.1420039 0.7139014 0.6856965 1.292382e-17 0.7278876 0.6856964 -0.1420039 0.7139014 0.6856965 -0.2785505 0.6724804 0.6856965 -0.4043926 0.6052165 0.6856964 -0.5146946 0.514694 0.6856964 -0.6724802 -0.2785512 0.6856965 -0.6052168 -0.4043921 0.6856965 -0.5146946 -0.514694 0.6856964 -0.4043926 -0.6052165 0.6856964 -0.2785505 -0.6724804 0.6856965 -0.1420039 -0.7139014 0.6856965 -1.292382e-17 -0.7278876 0.6856964 0.1420039 -0.7139014 0.6856965 0.2785505 -0.6724804 0.6856965 0.4043919 -0.6052167 0.6856966 0.5146942 -0.5146946 0.6856962 0.6052168 -0.4043921 0.6856965 0.6724802 -0.2785512 0.6856965 -0.6856967 -0.7139013 0.1420037 -1 0 0 -0.6856964 -0.7278876 0 0.6856967 -0.7139013 0.1420037 0.6856964 -0.7278876 0 -0.6856965 -0.7139014 -0.1420037 -0.6856959 -0.6724809 0.2785508 0.6856959 -0.6724809 0.2785508 -0.6856962 -8.077396e-18 -0.7278878 -0.6856963 0.1420071 -0.713901 -0.6856969 0.278551 -0.6724798 -0.6856963 0.4043911 -0.6052176 -0.6856962 0.5146944 -0.5146946 -0.685697 0.6052159 -0.4043926 -0.6856962 0.6724803 -0.2785517 -0.6856965 0.7139014 -0.1420037 -0.6856964 0.7278876 -6.461911e-18 -0.6856967 0.7139013 0.1420037 -0.6856959 0.6724809 0.2785508 -0.685697 0.6052173 0.4043905 -0.6856963 0.514694 0.5146947 -0.6856962 0.4043897 0.6052187 -0.6856962 0.2785492 0.6724812 -0.6856969 0.1420049 0.7139008 -0.6856962 1.292383e-17 0.7278878 -0.6856969 -0.1420049 0.7139008 -0.6856962 -0.2785492 0.6724812 -0.6856962 -0.4043897 0.6052187 -0.6856963 -0.514694 0.5146947 -0.685697 -0.6052173 0.4043905 -0.6856962 -0.6724803 -0.2785517 -0.685697 -0.6052159 -0.4043926 -0.6856962 -0.5146944 -0.5146946 -0.6856963 -0.4043911 -0.6052176 -0.6856969 -0.278551 -0.6724798 -0.6856963 -0.1420071 -0.713901 1 0 0 0.6856965 -0.7139014 -0.1420037 0.685697 -0.6052173 0.4043905 0.6856962 9.692875e-18 -0.7278878 0.6856963 -0.1420071 -0.713901 0.6856963 0.1420071 -0.713901 0.6856969 0.278551 -0.6724798 0.6856963 0.4043911 -0.6052176 0.6856962 0.5146944 -0.5146946 0.685697 0.6052159 -0.4043926 0.6856962 0.6724803 -0.2785517 0.6856965 0.7139014 -0.1420037 0.6856964 0.7278876 3.230956e-18 0.6856967 0.7139013 0.1420037 0.6856959 0.6724809 0.2785508 0.685697 0.6052173 0.4043905 0.6856963 0.514694 0.5146947 0.6856962 0.4043897 0.6052187 0.6856962 0.2785492 0.6724812 0.6856969 0.1420049 0.7139008 0.6856962 -6.461917e-18 0.7278878 0.6856969 -0.1420049 0.7139008 0.6856962 -0.2785492 0.6724812 0.6856962 -0.4043897 0.6052187 0.6856963 -0.514694 0.5146947 0.6856962 -0.6724803 -0.2785517 0.685697 -0.6052159 -0.4043926 0.6856962 -0.5146944 -0.5146946 0.6856963 -0.4043911 -0.6052176 0.6856969 -0.278551 -0.6724798 -0.5773503 -0.5773503 0.5773503 -0.5773503 0.5773503 0.5773503 -0.5773503 -0.5773503 -0.5773503 0.5773503 -0.5773503 -0.5773503 -0.5773503 0.5773503 -0.5773503 0.5773503 0.5773503 0.5773503 0.5773503 -0.5773503 0.5773503 0.5773503 0.5773503 -0.5773503 -0.5773503 -0.5773503 0.5773503 -0.5773503 0.5773503 0.5773503 -0.5773503 -0.5773503 -0.5773503 0.5773503 -0.5773503 -0.5773503 -0.5773503 0.5773503 -0.5773503 0.5773503 0.5773503 0.5773503 0.5773503 -0.5773503 0.5773503 0.5773503 0.5773503 -0.5773503 -0.5773503 -0.5773503 0.5773503 -0.5773503 0.5773503 0.5773503 -0.5773503 -0.5773503 -0.5773503 0.5773503 -0.5773503 -0.5773503 -0.5773503 0.5773503 -0.5773503 0.5773503 0.5773503 0.5773503 0.5773503 -0.5773503 0.5773503 0.5773503 0.5773503 -0.5773503 -0.5773503 -0.5773503 0.5773503 -0.5773503 0.5773503 0.5773503 -0.5773503 -0.5773503 -0.5773503 0.5773503 -0.5773503 -0.5773503 -0.5773503 0.5773503 -0.5773503 0.5773503 0.5773503 0.5773503 0.5773503 -0.5773503 0.5773503 0.5773503 0.5773503 -0.5773503 -0.5773503 -0.5773503 0.5773503 -0.5773503 0.5773503 0.5773503 -0.5773503 -0.5773503 -0.5773503 0.5773503 -0.5773503 -0.5773503 -0.5773503 0.5773503 -0.5773503 0.5773503 0.5773503 0.5773503 0.5773503 -0.5773503 0.5773503 0.5773503 0.5773503 -0.5773503 -0.5773503 -0.5773503 0.5773503 -0.5773503 0.5773503 0.5773503 -0.5773503 -0.5773503 -0.5773503 0.5773503 -0.5773503 -0.5773503 -0.5773503 0.5773503 -0.5773503 0.5773503 0.5773503 0.5773503 0.5773503 -0.5773503 0.5773503 0.5773503 0.5773503 -0.5773503 -0.5773503 -0.5773503 0.5773503 -0.5773503 0.5773503 0.5773503 -0.5773503 -0.5773503 -0.5773503 0.5773503 -0.5773503 -0.5773503 -0.5773503 0.5773503 -0.5773503 0.5773503 0.5773503 0.5773503 0.5773503 -0.5773503 0.5773503 0.5773503 0.5773503 -0.5773503 -0.5773503 -0.5773503 0.5773503 -0.5773503 0.5773503 0.5773503 -0.5773503 -0.5773503 -0.5773503 0.5773503 -0.5773503 -0.5773503 -0.5773503 0.5773503 -0.5773503 0.5773503 0.5773503 0.5773503 0.5773503 -0.5773503 0.5773503 0.5773503 0.5773503 -0.5773503 -0.5773503 -0.5773503 0.5773503 -0.5773503 0.5773503 0.5773503 -0.5773503 -0.5773503 -0.5773503 0.5773503 -0.5773503 -0.5773503 -0.5773503 0.5773503 -0.5773503 0.5773503 0.5773503 0.5773503 0.5773503 -0.5773503 0.5773503 0.5773503 0.5773503 -0.5773503 -0.5773503 -0.5773503 0.5773503 -0.5773503 0.5773503 0.5773503 -0.5773503 -0.5773503 -0.5773503 0.5773503 -0.5773503 -0.5773503 -0.5773503 0.5773503 -0.5773503 0.5773503 0.5773503 0.5773503 0.5773503 -0.5773503 0.5773503 0.5773503 0.5773503 -0.5773503 -0.5773503 -0.5773503 0.5773503 -0.5773503 0.5773503 0.5773503 -0.5773503 -0.5773503 -0.5773503 0.5773503 -0.5773503 -0.5773503 -0.5773503 0.5773503 -0.5773503 0.5773503 0.5773503 0.5773503 0.5773503 -0.5773503 0.5773503 0.5773503 0.5773503 -0.5773503 -0.5773503 -0.5773503 0.5773503 -0.5773503 0.5773503 0.5773503 -0.5773503 -0.5773503 -0.5773503 0.5773503 -0.5773503 -0.5773503 -0.5773503 0.5773503 -0.5773503 0.5773503 0.5773503 0.5773503 0.5773503 -0.5773503 0.5773503 0.5773503 0.5773503 -0.5773503 -0.5773503 -0.5773503 0.5773503 -0.5773503 0.5773503 0.5773503 -0.5773503 -0.5773503 -0.5773503 0.5773503 -0.5773503 -0.5773503 -0.5773503 0.5773503 -0.5773503 0.5773503 0.5773503 0.5773503 0.5773503 -0.5773503 0.5773503 0.5773503 0.5773503 -0.5773503 -0.5773503 -0.5773503 0.5773503 -0.5773503 0.5773503 0.5773503 -0.5773503 -0.5773503 -0.5773503 0.5773503 -0.5773503 -0.5773503 -0.5773503 0.5773503 -0.5773503 0.5773503 0.5773503 0.5773503 0.5773503 -0.5773503 0.5773503 0.5773503 0.5773503 -0.5773503 -0.5773503 -0.5773503 0.5773503 -0.5773503 0.5773503 0.5773503 -0.5773503 -0.5773503 -0.5773503 0.5773503 -0.5773503 -0.5773503 -0.5773503 0.5773503 -0.5773503 0.5773503 0.5773503 0.5773503 0.5773503 -0.5773503 0.5773503 0.5773503 0.5773503 -0.5773503 -0.5773503 -0.5773503 0.5773503 -0.5773503 0.5773503 0.5773503 -0.5773503 -0.5773503 -0.5773503 0.5773503 -0.5773503 -0.5773503 -0.5773503 0.5773503 -0.5773503 0.5773503 0.5773503 0.5773503 0.5773503 -0.5773503 0.5773503 0.5773503 0.5773503 -0.5773503 -0.5773503 -0.5773503 0.5773503 -0.5773503 0.5773503 0.5773503 -0.5773503 -0.5773503 -0.5773503 0.5773503 -0.5773503 -0.5773503 -0.5773503 0.5773503 -0.5773503 0.5773503 0.5773503 0.5773503 0.5773503 -0.5773503 0.5773503 0.5773503 0.5773503 -0.5773503 -0.5773503 -0.5773503 0.5773503 -0.5773503 0.5773503 0.5773503 -0.5773503 -0.5773503 -0.5773503 0.5773503 -0.5773503 -0.5773503 -0.5773503 0.5773503 -0.5773503 0.5773503 0.5773503 0.5773503 0.5773503 -0.5773503 0.5773503 0.5773503 0.5773503 -0.5773503 -0.5773503 -0.5773503 0.5773503 -0.5773503 0.5773503 0.5773503 -0.5773503 -0.5773503 -0.5773503 0.5773503 -0.5773503 -0.5773503 -0.5773503 0.5773503 -0.5773503 0.5773503 0.5773503 0.5773503 0.5773503 -0.5773503 0.5773503 0.5773503 0.5773503 -0.5773503 -0.5773503 -0.5773503 0.5773503 -0.5773503 0.5773503 0.5773503 -0.5773503 -0.5773503 -0.5773503 0.5773503 -0.5773503 -0.5773503 -0.5773503 0.5773503 -0.5773503 0.5773503 0.5773503 0.5773503 0.5773503 -0.5773503 0.5773503 0.5773503 0.5773503 -0.5773503 -0.5773503 -0.5773503 0.5773503 -0.5773503 0.5773503 0.5773503 -0.5773503 -0.5773503 -0.5773503 0.5773503 -0.5773503 -0.5773503 -0.5773503 0.5773503 -0.5773503 0.5773503 0.5773503 0.5773503 0.5773503 -0.5773503 0.5773503 0.5773503 0.5773503 -0.5773503 -0.5773503 -0.5773503 0.5773503 -0.5773503 0.5773503 0.5773503 -0.5773503 -0.5773503 -0.5773503 0.5773503 -0.5773503 -0.5773503 -0.5773503 0.5773503 -0.5773503 0.5773503 0.5773503 0.5773503 0.5773503 -0.5773503 0.5773503 0.5773503 0.5773503 -0.5773503 -0.5773503 -0.5773503 0.5773503 -0.5773503 0.5773503 0.5773503 -0.5773503 -0.5773503 -0.5773503 0.5773503 -0.5773503 -0.5773503 -0.5773503 0.5773503 -0.5773503 0.5773503 0.5773503 0.5773503 0.5773503 -0.5773503 0.5773503 0.5773503 0.5773503 -0.5773503 -0.5773503 -0.5773503 0.5773503 -0.5773503 0.5773503 0.5773503 -0.5773503 -0.5773503 -0.5773503 0.5773503 -0.5773503 -0.5773503 -0.5773503 0.5773503 -0.5773503 0.5773503 0.5773503 0.5773503 0.5773503 -0.5773503 0.5773503 0.5773503 0.5773503 -0.5773503 -0.5773503 -0.5773503 0.5773503 -0.5773503 0.5773503 0.5773503 -0.5773503 -0.5773503 -0.5773503 0.5773503 -0.5773503 -0.5773503 -0.5773503 0.5773503 -0.5773503 0.5773503 0.5773503 0.5773503 0.5773503 -0.5773503 0.5773503 0.5773503 0.5773503 -0.5773503 -0.5773503 -0.5773503 0.5773503 -0.5773503 0.5773503 0.5773503 -0.5773503 -0.5773503 -0.5773503 0.5773503 -0.5773503 -0.5773503 -0.5773503 0.5773503 -0.5773503 0.5773503 0.5773503 0.5773503 0.5773503 -0.5773503 0.5773503 0.5773503 0.5773503 -0.5773503 -0.5773503 -0.5773503 0.5773503 -0.5773503 0.5773503 0.5773503 -0.5773503 -0.5773503 -0.5773503 0.5773503 -0.5773503 -0.5773503 -0.5773503 0.5773503 -0.5773503 0.5773503 0.5773503 0.5773503 0.5773503 -0.5773503 0.5773503 0.5773503 0.5773503 -0.5773503 -0.5773503 -0.5773503 0.5773503 -0.5773503 0.5773503 0.5773503 -0.5773503 -0.5773503 -0.5773503 0.5773503 -0.5773503 -0.5773503 -0.5773503 0.5773503 -0.5773503 0.5773503 0.5773503 0.5773503 0.5773503 -0.5773503 0.5773503 0.5773503 0.5773503 -0.5773503 -0.5773503 -0.5773503 0.5773503 -0.5773503 0.5773503 0.5773503 -0.5773503 -0.5773503 -0.5773503 0.5773503 -0.5773503 -0.5773503 -0.5773503 0.5773503 -0.5773503 0.5773503 0.5773503 0.5773503 0.5773503 -0.5773503 0.5773503 0.5773503 0.5773503 -0.5773503 -0.5773503 -0.5773503 0.5773503 -0.5773503 0.5773503 0.5773503 -0.5773503 -0.5773503 -0.5773503 0.5773503 -0.5773503 -0.5773503 -0.5773503 0.5773503 -0.5773503 0.5773503 0.5773503 0.5773503 0.5773503 -0.5773503 0.5773503 0.5773503 0.5773503 -0.5773503 -0.5773503 -0.5773503 0.5773503 -0.5773503 0.5773503 0.5773503 -0.5773503 -0.5773503 -0.5773503 0.5773503 -0.5773503 -0.5773503 -0.5773503 0.5773503 -0.5773503 0.5773503 0.5773503 0.5773503 0.5773503 -0.5773503 0.5773503 0.5773503 0.5773503 -0.5773503 -0.5773503 -0.5773503 0.5773503 -0.5773503 0.5773503 0.5773503 -0.5773503 -0.5773503 -0.5773503 0.5773503 -0.5773503 -0.5773503 -0.5773503 0.5773503 -0.5773503 0.5773503 0.5773503 0.5773503 0.5773503 -0.5773503 0.5773503 0.5773503 0.5773503 -0.5773503 -0.5773503 -0.5773503 0.5773503 -0.5773503 0.5773503 0.5773503 -0.5773503 -0.5773503 -0.5773503 0.5773503 -0.5773503 -0.5773503 -0.5773503 0.5773503 -0.5773503 0.5773503 0.5773503 0.5773503 0.5773503 -0.5773503 0.5773503 0.5773503 0.5773503 -0.5773503 -0.5773503 -0.5773503 0.5773503 -0.5773503 0.5773503 0.5773503 -0.5773503 -0.5773503 -0.5773503 0.5773503 -0.5773503 -0.5773503 -0.5773503 0.5773503 -0.5773503 0.5773503 0.5773503 0.5773503 0.5773503 -0.5773503 0.5773503 0.5773503 0.5773503 -0.5773503 -0.5773503 -0.5773503 0.5773503 -0.5773503 0.5773503 0.5773503 -0.5773503 -0.5773503 -0.5773503 0.5773503 -0.5773503 -0.5773503 -0.5773503 0.5773503 -0.5773503 0.5773503 0.5773503 0.5773503 0.5773503 -0.5773503 0.5773503 0.5773503 0.5773503 -0.5773503 -0.5773503 -0.5773503 0.5773503 -0.5773503 0.5773503 0.5773503 -0.5773503 -0.5773503 -0.5773503 0.5773503 -0.5773503 -0.5773503 -0.5773503 0.5773503 -0.5773503 0.5773503 0.5773503 0.5773503 0.5773503 -0.5773503 0.5773503 0.5773503 0.5773503 -0.5773503 -0.5773503 -0.5773503 0.5773503 -0.5773503 0.5773503 0.5773503 -0.5773503 -0.5773503 -0.5773503 0.5773503 -0.5773503 -0.5773503 -0.5773503 0.5773503 -0.5773503 0.5773503 0.5773503 0.5773503 0.5773503 -0.5773503 0.5773503 0.5773503 0.5773503 -0.5773503 -0.5773503 -0.5773503 0.5773503 -0.5773503 0.5773503 0.5773503 -0.5773503 -0.5773503 -0.5773503 0.5773503 -0.5773503 -0.5773503 -0.5773503 0.5773503 -0.5773503 0.5773503 0.5773503 0.5773503 0.5773503 -0.5773503 0.5773503 0.5773503 0.5773503 -0.5773503 -0.5773503 -0.5773503 0.5773503 -0.5773503 0.5773503 0.5773503 -0.5773503 -0.5773503 -0.5773503 0.5773503 -0.5773503 -0.5773503 -0.5773503 0.5773503 -0.5773503 0.5773503 0.5773503 0.5773503 0.5773503 -0.5773503 0.5773503 0.5773503 0.5773503 -0.5773503 -0.5773503 -0.5773503 0.5773503 -0.5773503 0.5773503 0.5773503 -0.5773503 -0.5773503 -0.5773503 0.5773503 -0.5773503 -0.5773503 -0.5773503 0.5773503 -0.5773503 0.5773503 0.5773503 0.5773503 0.5773503 -0.5773503 0.5773503 0.5773503 0.5773503 -0.5773503 -0.5773503 -0.5773503 0.5773503 -0.5773503 0.5773503 0.5773503 -0.5773503 -0.5773503 -0.5773503 0.5773503 -0.5773503 -0.5773503 -0.5773503 0.5773503 -0.5773503 0.5773503 0.5773503 0.5773503 0.5773503 -0.5773503 0.5773503 0.5773503 0.5773503 -0.5773503 -0.5773503 -0.5773503 0.5773503 -0.5773503 0.5773503 0.5773503 -0.5773503 -0.5773503 -0.5773503 0.5773503 -0.5773503 -0.5773503 -0.5773503 0.5773503 -0.5773503 0.5773503 0.5773503 0.5773503 0.5773503 -0.5773503 0.5773503 0.5773503 0.5773503 -0.5773503 -0.5773503 -0.5773503 0.5773503 -0.5773503 0.5773503 0.5773503 -0.5773503 -0.5773503 -0.5773503 0.5773503 -0.5773503 -0.5773503 -0.5773503 0.5773503 -0.5773503 0.5773503 0.5773503 0.5773503 0.5773503 -0.5773503 0.5773503 0.5773503 0.5773503 -0.5773503 -0.5773503 -0.5773503 0.5773503 -0.5773503 0.5773503 0.5773503 -0.5773503 -0.5773503 -0.5773503 0.5773503 -0.5773503 -0.5773503 -0.5773503 0.5773503 -0.5773503 0.5773503 0.5773503 0.5773503 0.5773503 -0.5773503 0.5773503 0.5773503 0.5773503 -0.5773503 -0.5773503 -0.5773503 0.5773503 -0.5773503 0.5773503 0.5773503 -0.5773503 -0.5773503 -0.5773503 0.5773503 -0.5773503 -0.5773503 -0.5773503 0.5773503 -0.5773503 0.5773503 0.5773503 0.5773503 0.5773503 -0.5773503 0.5773503 0.5773503 0.5773503 -0.5773503 -0.5773503 -0.5773503 0.5773503 -0.5773503 0.5773503 0.5773503 -0.5773503 -0.5773503 -0.5773503 0.5773503 -0.5773503 -0.5773503 -0.5773503 0.5773503 -0.5773503 0.5773503 0.5773503 0.5773503 0.5773503 -0.5773503 0.5773503 0.5773503 0.5773503 -0.5773503 -0.5773503 -0.5773503 0.5773503 -0.5773503 0.5773503 0.5773503 -0.5773503 -0.5773503 -0.5773503 0.5773503 -0.5773503 -0.5773503 -0.5773503 0.5773503 -0.5773503 0.5773503 0.5773503 0.5773503 0.5773503 -0.5773503 0.5773503 0.5773503 0.5773503 -0.5773503 -0.5773503 -0.5773503 0.5773503 -0.5773503 0.5773503 0.5773503 -0.5773503 -0.5773503 -0.5773503 0.5773503 -0.5773503 -0.5773503 -0.5773503 0.5773503 -0.5773503 0.5773503 0.5773503 0.5773503 0.5773503 -0.5773503 0.5773503 0.5773503 0.5773503 -0.5773503 -0.5773503 -0.5773503 0.5773503 -0.5773503 0.5773503 0.5773503 -0.5773503 -0.5773503 -0.5773503 0.5773503 -0.5773503 -0.5773503 -0.5773503 0.5773503 -0.5773503 0.5773503 0.5773503 0.5773503 0.5773503 -0.5773503 0.5773503 0.5773503 0.5773503 -0.5773503 -0.5773503 -0.5773503 0.5773503 -0.5773503 0.5773503 0.5773503 -0.5773503 -0.5773503 -0.5773503 0.5773503 -0.5773503 -0.5773503 -0.5773503 0.5773503 -0.5773503 0.5773503 0.5773503 0.5773503 0.5773503 -0.5773503 0.5773503 0.5773503 0.5773503 -0.5773503 -0.5773503 -0.5773503 0.5773503 -0.5773503 0.5773503 0.5773503 -0.5773503 -0.5773503 -0.5773503 0.5773503 -0.5773503 -0.5773503 -0.5773503 0.5773503 -0.5773503 0.5773503 0.5773503 0.5773503 0.5773503 -0.5773503 0.5773503 0.5773503 0.5773503 -0.5773503 -0.5773503 -0.5773503 0.5773503 -0.5773503 0.5773503 0.5773503 -0.5773503 -0.5773503 -0.5773503 0.5773503 -0.5773503 -0.5773503 -0.5773503 0.5773503 -0.5773503 0.5773503 0.5773503 0.5773503 0.5773503 -0.5773503 0.5773503 0.5773503 0.5773503 -0.5773503 -0.5773503 -0.5773503 0.5773503 -0.5773503 0.5773503 0.5773503 -0.5773503 -0.5773503 -0.5773503 0.5773503 -0.5773503 -0.5773503 -0.5773503 0.5773503 -0.5773503 0.5773503 0.5773503 0.5773503 0.5773503 -0.5773503 0.5773503 0.5773503 0.5773503 -0.5773503 -0.5773503 -0.5773503 0.5773503 -0.5773503 0.5773503 0.5773503 -0.5773503 -0.5773503 -0.5773503 0.5773503 -0.5773503 -0.5773503 -0.5773503 0.5773503 -0.5773503 0.5773503 0.5773503 0.5773503 0.5773503 -0.5773503 0.5773503 0.5773503 0.5773503 -0.5773503 -0.5773503 -0.5773503 0.5773503 -0.5773503 0.5773503 0.5773503 -0.5773503 -0.5773503 -0.5773503 0.5773503 -0.5773503 -0.5773503 -0.5773503 0.5773503 -0.5773503 0.5773503 0.5773503 0.5773503 0.5773503 -0.5773503 0.5773503 0.5773503 0.5773503 -0.5773503 -0.5773503 -0.5773503 0.5773503 -0.5773503 0.5773503 0.5773503 -0.5773503 -0.5773503 -0.5773503 0.5773503 -0.5773503 -0.5773503 -0.5773503 0.5773503 -0.5773503 0.5773503 0.5773503 0.5773503 0.5773503 -0.5773503 0.5773503 0.5773503 0.5773503 -0.5773503 -0.5773503 -0.5773503 0.5773503 -0.5773503 0.5773503 0.5773503 -0.5773503 -0.5773503 -0.5773503 0.5773503 -0.5773503 -0.5773503 -0.5773503 0.5773503 -0.5773503 0.5773503 0.5773503 0.5773503 0.5773503 -0.5773503 0.5773503 0.5773503 0.5773503 -0.5773503 -0.5773503 -0.5773503 0.5773503 -0.5773503 0.5773503 0.5773503 -0.5773503 -0.5773503 -0.5773503 0.5773503 -0.5773503 -0.5773503 -0.5773503 0.5773503 -0.5773503 0.5773503 0.5773503 0.5773503 0.5773503 -0.5773503 0.5773503 0.5773503 0.5773503 -0.5773503 -0.5773503 -0.5773503 0.5773503 -0.5773503 0.5773503 0.5773503 -0.5773503 -0.5773503 -0.5773503 0.5773503 -0.5773503 -0.5773503 -0.5773503 0.5773503 -0.5773503 0.5773503 0.5773503 0.5773503 0.5773503 -0.5773503 0.5773503 0.5773503 0.5773503 -0.5773503 -0.5773503 -0.5773503 0.5773503 -0.5773503 0.5773503 0.5773503 -0.5773503 -0.5773503 -0.5773503 0.5773503 -0.5773503 -0.5773503 -0.5773503 0.5773503 -0.5773503 0.5773503 0.5773503 0.5773503 0.5773503 -0.5773503 0.5773503 0.5773503 0.5773503 -0.5773503 -0.5773503 -0.5773503 0.5773503 -0.5773503 0.5773503 0.5773503 -0.5773503 -0.5773503 -0.5773503 0.5773503 -0.5773503 -0.5773503 -0.5773503 0.5773503 -0.5773503 0.5773503 0.5773503 0.5773503 0.5773503 -0.5773503 0.5773503 0.5773503 0.5773503 -0.5773503 -0.5773503 -0.5773503 0.5773503 -0.5773503 0.5773503 0.5773503 -0.5773503 -0.5773503 -0.5773503 0.5773503 -0.5773503 -0.5773503 -0.5773503 0.5773503 -0.5773503 0.5773503 0.5773503 0.5773503 0.5773503 -0.5773503 0.5773503 0.5773503 0.5773503 -0.5773503 -0.5773503 -0.5773503 0.5773503 -0.5773503 0.5773503 0.5773503 -0.5773503 -0.5773503 -0.5773503 0.5773503 -0.5773503 -0.5773503 -0.5773503 0.5773503 -0.5773503 0.5773503 0.5773503 0.5773503 0.5773503 -0.5773503 0.5773503 0.5773503 0.5773503 -0.5773503 -0.5773503 -0.5773503 0.5773503 -0.5773503 0.5773503 0.5773503 -0.5773503 -0.5773503 -0.5773503 0.5773503 -0.5773503 -0.5773503 -0.5773503 0.5773503 -0.5773503 0.5773503 0.5773503 0.5773503 0.5773503 -0.5773503 0.5773503 0.5773503 0.5773503 -0.5773503 -0.5773503 -0.5773503 0.5773503 -0.5773503 0.5773503 0.5773503 -0.5773503 -0.5773503 -0.5773503 0.5773503 -0.5773503 -0.5773503 -0.5773503 0.5773503 -0.5773503 0.5773503 0.5773503 0.5773503 0.5773503 -0.5773503 0.5773503 0.5773503 0.5773503 -0.5773503 -0.5773503 -0.5773503 0.5773503 -0.5773503 0.5773503 0.5773503 -0.5773503 -0.5773503 -0.5773503 0.5773503 -0.5773503 -0.5773503 -0.5773503 0.5773503 -0.5773503 0.5773503 0.5773503 0.5773503 0.5773503 -0.5773503 0.5773503 0.5773503 0.5773503 -0.5773503 -0.5773503 -0.5773503 0.5773503 -0.5773503 0.5773503 0.5773503 -0.5773503 -0.5773503 -0.5773503 0.5773503 -0.5773503 -0.5773503 -0.5773503 0.5773503 -0.5773503 0.5773503 0.5773503 0.5773503 0.5773503 -0.5773503 0.5773503 0.5773503 0.5773503 -0.5773503 -0.5773503 -0.5773503 0.5773503 -0.5773503 0.5773503 0.5773503 -0.5773503 -0.5773503 -0.5773503 0.5773503 -0.5773503 -0.5773503 -0.5773503 0.5773503 -0.5773503 0.5773503 0.5773503 0.5773503 0.5773503 -0.5773503 0.5773503 0.5773503 0.5773503 -0.5773503 -0.5773503 -0.5773503 0.5773503 -0.5773503 0.5773503 0.5773503 -0.5773503 -0.5773503 -0.5773503 0.5773503 -0.5773503 -0.5773503 -0.5773503 0.5773503 -0.5773503 0.5773503 0.5773503 0.5773503 0.5773503 -0.5773503 0.5773503 0.5773503 0.5773503 -0.5773503 -0.5773503 -0.5773503 0.5773503 -0.5773503 0.5773503 0.5773503 -0.5773503 -0.5773503 -0.5773503 0.5773503 -0.5773503 -0.5773503 -0.5773503 0.5773503 -0.5773503 0.5773503 0.5773503 0.5773503 0.5773503 -0.5773503 0.5773503 0.5773503 0.5773503 -0.5773503 -0.5773503 -0.5773503 0.5773503 -0.5773503 0.5773503 0.5773503 -0.5773503 -0.5773503 -0.5773503 0.5773503 -0.5773503 -0.5773503 -0.5773503 0.5773503 -0.5773503 0.5773503 0.5773503 0.5773503 0.5773503 -0.5773503 0.5773503 0.5773503 0.5773503 -0.5773503 -0.5773503 -0.5773503 0.5773503 -0.5773503 0.5773503 0.5773503 -0.5773503 -0.5773503 -0.5773503 0.5773503 -0.5773503 -0.5773503 -0.5773503 0.5773503 -0.5773503 0.5773503 0.5773503 0.5773503 0.5773503 -0.5773503 0.5773503 0.5773503 0.5773503 -0.5773503 -0.7092353 0.1900407 -0.678874 0 0 -1 -0.7342538 8.276731e-08 -0.678875 -0.7092353 0.1900407 0.678874 -0.7342538 8.276731e-08 0.678875 -0.7092353 -0.1900406 -0.678874 -0.6358822 0.3671287 -0.6788743 -0.6358822 0.3671287 0.6788743 0.7342552 8.276754e-08 -0.6788736 0.7092347 0.1900383 -0.6788752 0.6358838 0.3671266 -0.6788739 0.5191959 0.5191968 -0.6788743 0.367127 0.635883 -0.6788745 0.1900386 0.7092353 -0.6788746 3.365875e-07 0.7342545 -0.6788743 -0.1900392 0.7092351 -0.6788745 -0.3671281 0.635883 -0.6788739 -0.5191969 0.5191949 -0.678875 -0.6358821 -0.3671289 -0.6788743 -0.5191968 -0.5191951 -0.6788749 -0.367128 -0.6358828 -0.6788741 -0.1900393 -0.7092353 -0.6788743 3.365874e-07 -0.7342543 -0.6788745 0.1900386 -0.7092355 -0.6788743 0.3671269 -0.6358828 -0.6788747 0.5191958 -0.519197 -0.6788742 0.6358837 -0.3671267 -0.678874 0.7092348 -0.1900382 -0.6788752 0 0 1 -0.7092353 -0.1900406 0.678874 -0.5191969 0.5191949 0.678875 0.7342552 8.276754e-08 0.6788736 0.7092348 -0.1900382 0.6788752 0.7092347 0.1900383 0.6788752 0.6358838 0.3671266 0.6788739 0.5191959 0.5191968 0.6788743 0.367127 0.635883 0.6788745 0.1900386 0.7092353 0.6788746 3.365875e-07 0.7342545 0.6788743 -0.1900392 0.7092351 0.6788745 -0.3671281 0.635883 0.6788739 -0.6358821 -0.3671289 0.6788743 -0.5191968 -0.5191951 0.6788749 -0.367128 -0.6358828 0.6788741 -0.1900393 -0.7092353 0.6788743 3.365874e-07 -0.7342543 0.6788745 0.1900386 -0.7092355 0.6788743 0.3671269 -0.6358828 0.6788747 0.5191958 -0.519197 0.6788742 0.6358837 -0.3671267 0.678874 -0.7092361 0.1900384 -0.6788738 0 0 -1 -0.7342538 -8.276731e-08 -0.678875 -0.7092361 0.1900384 0.6788738 -0.7342538 -8.276731e-08 0.678875 -0.709236 -0.1900384 -0.6788738 -0.635882 0.3671285 -0.6788746 -0.635882 0.3671285 0.6788746 0.7342538 -8.276731e-08 -0.678875 0.7092353 0.1900406 -0.678874 0.6358826 0.3671269 -0.6788749 0.5191978 0.5191954 -0.6788739 0.3671265 0.6358832 -0.6788746 0.1900396 0.7092351 -0.6788744 3.365874e-07 0.7342543 -0.6788745 -0.1900383 0.7092356 -0.6788743 -0.3671284 0.6358824 -0.6788743 -0.5191966 0.5191956 -0.6788747 -0.6358821 -0.3671283 -0.6788746 -0.5191967 -0.5191954 -0.6788748 -0.3671285 -0.6358826 -0.6788741 -0.1900383 -0.7092354 -0.6788745 3.365875e-07 -0.7342545 -0.6788743 0.1900395 -0.709235 -0.6788746 0.3671266 -0.6358834 -0.6788744 0.5191979 -0.5191952 -0.678874 0.6358827 -0.3671267 -0.6788749 0.7092353 -0.1900407 -0.678874 0 0 1 -0.709236 -0.1900384 0.6788738 -0.5191966 0.5191956 0.6788747 0.7342538 -8.276731e-08 0.678875 0.7092353 -0.1900407 0.678874 0.7092353 0.1900406 0.678874 0.6358826 0.3671269 0.6788749 0.5191978 0.5191954 0.6788739 0.3671265 0.6358832 0.6788746 0.1900396 0.7092351 0.6788744 3.365874e-07 0.7342543 0.6788745 -0.1900383 0.7092356 0.6788743 -0.3671284 0.6358824 0.6788743 -0.6358821 -0.3671283 0.6788746 -0.5191967 -0.5191954 0.6788748 -0.3671285 -0.6358826 0.6788741 -0.1900383 -0.7092354 0.6788745 3.365875e-07 -0.7342545 0.6788743 0.1900395 -0.709235 0.6788746 0.3671266 -0.6358834 0.6788744 0.5191979 -0.5191952 0.678874 0.6358827 -0.3671267 0.6788749 -0.7139018 0.1420035 -0.6856961 0 0 -1 -0.7278871 -6.461905e-18 -0.685697 -0.7139018 0.1420035 0.6856961 -0.7278871 6.461905e-18 0.685697 -0.7139018 -0.1420035 -0.6856961 -0.6724801 0.2785517 -0.6856963 -0.6724801 0.2785517 0.6856963 0.727888 1.777027e-17 -0.6856961 0.7139011 0.1420049 -0.6856966 0.6724803 0.2785504 -0.6856967 0.6052173 0.4043915 -0.6856963 0.514695 0.5146936 -0.6856964 0.4043921 0.605217 -0.6856963 0.2785497 0.6724807 -0.6856966 0.1420038 0.7139015 -0.6856964 1.292382e-17 0.7278875 -0.6856965 -0.1420038 0.7139015 -0.6856964 -0.2785504 0.6724806 -0.6856964 -0.4043926 0.6052164 -0.6856965 -0.514695 0.5146936 -0.6856964 -0.6052163 0.4043924 -0.6856967 -0.6724801 -0.2785517 -0.6856963 -0.6052163 -0.4043924 -0.6856967 -0.514695 -0.5146936 -0.6856964 -0.4043926 -0.6052164 -0.6856965 -0.2785504 -0.6724806 -0.6856964 -0.1420038 -0.7139015 -0.6856964 -1.292382e-17 -0.7278875 -0.6856965 0.1420038 -0.7139015 -0.6856964 0.2785497 -0.6724807 -0.6856966 0.4043921 -0.605217 -0.6856963 0.514695 -0.5146936 -0.6856964 0.6052173 -0.4043915 -0.6856963 0.6724803 -0.2785504 -0.6856967 0.7139011 -0.1420049 -0.6856966 0 0 1 -0.7139018 -0.1420035 0.6856961 -0.6052163 0.4043924 0.6856967 0.727888 -1.938575e-17 0.6856961 0.7139011 -0.1420049 0.6856966 0.7139011 0.1420049 0.6856966 0.6724803 0.2785504 0.6856967 0.6052173 0.4043915 0.6856963 0.514695 0.5146936 0.6856964 0.4043921 0.605217 0.6856963 0.2785497 0.6724807 0.6856966 0.1420038 0.7139015 0.6856964 -1.292382e-17 0.7278875 0.6856965 -0.1420038 0.7139015 0.6856964 -0.2785504 0.6724806 0.6856964 -0.4043926 0.6052164 0.6856965 -0.514695 0.5146936 0.6856964 -0.6724801 -0.2785517 0.6856963 -0.6052163 -0.4043924 0.6856967 -0.514695 -0.5146936 0.6856964 -0.4043926 -0.6052164 0.6856965 -0.2785504 -0.6724806 0.6856964 -0.1420038 -0.7139015 0.6856964 1.292382e-17 -0.7278875 0.6856965 0.1420038 -0.7139015 0.6856964 0.2785497 -0.6724807 0.6856966 0.4043921 -0.605217 0.6856963 0.514695 -0.5146936 0.6856964 0.6052173 -0.4043915 0.6856963 0.6724803 -0.2785504 0.6856967 -0.5773503 -0.5773503 0.5773503 -0.5773503 0.5773503 0.5773503 -0.5773503 -0.5773503 -0.5773503 0.5773503 -0.5773503 -0.5773503 -0.5773503 0.5773503 -0.5773503 0.5773503 0.5773503 0.5773503 0.5773503 -0.5773503 0.5773503 0.5773503 0.5773503 -0.5773503 -0.5773503 -0.5773503 0.5773503 -0.5773503 0.5773503 0.5773503 -0.5773503 -0.5773503 -0.5773503 0.5773503 -0.5773503 -0.5773503 -0.5773503 0.5773503 -0.5773503 0.5773503 0.5773503 0.5773503 0.5773503 -0.5773503 0.5773503 0.5773503 0.5773503 -0.5773503 -0.5773503 -0.5773503 -0.5773503 -0.5773503 -0.5773503 0.5773503 -0.5773503 0.5773503 -0.5773503 0.5773503 0.5773503 -0.5773503 0.5773503 -0.5773503 0.5773503 0.5773503 -0.5773503 -0.5773503 -0.5773503 0.5773503 0.5773503 0.5773503 0.5773503 0.5773503 -0.5773503 -0.5773503 -0.5773503 -0.5773503 -0.5773503 0.5773503 -0.5773503 0.5773503 -0.5773503 0.5773503 0.5773503 -0.5773503 0.5773503 -0.5773503 0.5773503 0.5773503 -0.5773503 -0.5773503 -0.5773503 0.5773503 0.5773503 0.5773503 0.5773503 0.5773503 -0.5773503 -0.5773503 -0.5773503 -0.5773503 -0.5773503 0.5773503 -0.5773503 0.5773503 -0.5773503 0.5773503 0.5773503 -0.5773503 0.5773503 -0.5773503 0.5773503 0.5773503 -0.5773503 -0.5773503 -0.5773503 0.5773503 0.5773503 0.5773503 0.5773503 0.5773503 -0.5773503 -0.5773503 -0.5773503 -0.5773503 -0.5773503 0.5773503 -0.5773503 0.5773503 -0.5773503 0.5773503 0.5773503 -0.5773503 0.5773503 -0.5773503 0.5773503 0.5773503 -0.5773503 -0.5773503 -0.5773503 0.5773503 0.5773503 0.5773503 0.5773503 0.5773503 -0.5773503 -0.5773503 -0.5773503 -0.5773503 -0.5773503 0.5773503 -0.5773503 0.5773503 -0.5773503 0.5773503 0.5773503 -0.5773503 0.5773503 -0.5773503 0.5773503 0.5773503 -0.5773503 -0.5773503 -0.5773503 0.5773503 0.5773503 0.5773503 0.5773503 0.5773503 -0.5773503 -0.5773503 -0.5773503 -0.5773503 -0.5773503 0.5773503 -0.5773503 0.5773503 -0.5773503 0.5773503 0.5773503 -0.5773503 0.5773503 -0.5773503 0.5773503 0.5773503 -0.5773503 -0.5773503 -0.5773503 0.5773503 0.5773503 0.5773503 0.5773503 0.5773503 -0.5773503 -0.5773503 -0.5773503 -0.5773503 -0.5773503 0.5773503 -0.5773503 0.5773503 -0.5773503 0.5773503 0.5773503 -0.5773503 0.5773503 -0.5773503 0.5773503 0.5773503 -0.5773503 -0.5773503 -0.5773503 0.5773503 0.5773503 0.5773503 0.5773503 0.5773503 -0.5773503 -0.5773503 -0.5773503 -0.5773503 -0.5773503 0.5773503 -0.5773503 0.5773503 -0.5773503 0.5773503 0.5773503 -0.5773503 0.5773503 -0.5773503 0.5773503 0.5773503 -0.5773503 -0.5773503 -0.5773503 0.5773503 0.5773503 0.5773503 0.5773503 0.5773503 -0.5773503 -0.5773503 -0.5773503 -0.5773503 -0.5773503 0.5773503 -0.5773503 0.5773503 -0.5773503 0.5773503 0.5773503 -0.5773503 0.5773503 -0.5773503 0.5773503 0.5773503 -0.5773503 -0.5773503 -0.5773503 0.5773503 0.5773503 0.5773503 0.5773503 0.5773503 -0.5773503 -0.5773503 -0.5773503 -0.5773503 -0.5773503 0.5773503 -0.5773503 0.5773503 -0.5773503 0.5773503 0.5773503 -0.5773503 0.5773503 -0.5773503 0.5773503 0.5773503 -0.5773503 -0.5773503 -0.5773503 0.5773503 0.5773503 0.5773503 0.5773503 0.5773503 -0.5773503 -0.5773503 -0.5773503 -0.5773503 -0.5773503 0.5773503 -0.5773503 0.5773503 -0.5773503 0.5773503 0.5773503 -0.5773503 0.5773503 -0.5773503 0.5773503 0.5773503 -0.5773503 -0.5773503 -0.5773503 0.5773503 0.5773503 0.5773503 0.5773503 0.5773503 -0.5773503 -0.5773503 -0.5773503 -0.5773503 -0.5773503 0.5773503 -0.5773503 0.5773503 -0.5773503 0.5773503 0.5773503 -0.5773503 0.5773503 -0.5773503 0.5773503 0.5773503 -0.5773503 -0.5773503 -0.5773503 0.5773503 0.5773503 0.5773503 0.5773503 0.5773503 -0.5773503 -0.5773503 -0.5773503 -0.5773503 -0.5773503 0.5773503 -0.5773503 0.5773503 -0.5773503 0.5773503 0.5773503 -0.5773503 0.5773503 -0.5773503 0.5773503 0.5773503 -0.5773503 -0.5773503 -0.5773503 0.5773503 0.5773503 0.5773503 0.5773503 0.5773503 -0.5773503 -0.5773503 -0.5773503 -0.5773503 -0.5773503 0.5773503 -0.5773503 0.5773503 -0.5773503 0.5773503 0.5773503 -0.5773503 0.5773503 -0.5773503 0.5773503 0.5773503 -0.5773503 -0.5773503 -0.5773503 0.5773503 0.5773503 0.5773503 0.5773503 0.5773503 -0.5773503 -0.5773503 -0.5773503 -0.5773503 -0.5773503 0.5773503 -0.5773503 0.5773503 -0.5773503 0.5773503 0.5773503 -0.5773503 0.5773503 -0.5773503 0.5773503 0.5773503 -0.5773503 -0.5773503 -0.5773503 0.5773503 0.5773503 0.5773503 0.5773503 0.5773503 -0.5773503 -0.5773503 -0.5773503 -0.5773503 -0.5773503 0.5773503 -0.5773503 0.5773503 -0.5773503 0.5773503 0.5773503 -0.5773503 0.5773503 -0.5773503 0.5773503 0.5773503 -0.5773503 -0.5773503 -0.5773503 0.5773503 0.5773503 0.5773503 0.5773503 0.5773503 -0.5773503 -0.5773503 -0.5773503 -0.5773503 -0.5773503 0.5773503 -0.5773503 0.5773503 -0.5773503 0.5773503 0.5773503 -0.5773503 0.5773503 -0.5773503 0.5773503 0.5773503 -0.5773503 -0.5773503 -0.5773503 0.5773503 0.5773503 0.5773503 0.5773503 0.5773503 -0.5773503 -0.5773503 -0.5773503 -0.5773503 -0.5773503 0.5773503 -0.5773503 0.5773503 -0.5773503 0.5773503 0.5773503 -0.5773503 0.5773503 -0.5773503 0.5773503 0.5773503 -0.5773503 -0.5773503 -0.5773503 0.5773503 0.5773503 0.5773503 0.5773503 0.5773503 -0.5773503 -0.5773503 -0.5773503 -0.5773503 -0.5773503 0.5773503 -0.5773503 0.5773503 -0.5773503 0.5773503 0.5773503 -0.5773503 0.5773503 -0.5773503 0.5773503 0.5773503 -0.5773503 -0.5773503 -0.5773503 0.5773503 0.5773503 0.5773503 0.5773503 0.5773503 -0.5773503 -0.5773503 -0.5773503 -0.5773503 -0.5773503 0.5773503 -0.5773503 0.5773503 -0.5773503 0.5773503 0.5773503 -0.5773503 0.5773503 -0.5773503 0.5773503 0.5773503 -0.5773503 -0.5773503 -0.5773503 0.5773503 0.5773503 0.5773503 0.5773503 0.5773503 -0.5773503 -0.5773503 -0.5773503 -0.5773503 -0.5773503 0.5773503 -0.5773503 0.5773503 -0.5773503 0.5773503 0.5773503 -0.5773503 0.5773503 -0.5773503 0.5773503 0.5773503 -0.5773503 -0.5773503 -0.5773503 0.5773503 0.5773503 0.5773503 0.5773503 0.5773503 -0.5773503 -0.5773503 -0.5773503 -0.5773503 -0.5773503 0.5773503 -0.5773503 0.5773503 -0.5773503 0.5773503 0.5773503 -0.5773503 0.5773503 -0.5773503 0.5773503 0.5773503 -0.5773503 -0.5773503 -0.5773503 0.5773503 0.5773503 0.5773503 0.5773503 0.5773503 -0.5773503 -0.5773503 -0.5773503 -0.5773503 -0.5773503 0.5773503 -0.5773503 0.5773503 -0.5773503 0.5773503 0.5773503 -0.5773503 0.5773503 -0.5773503 0.5773503 0.5773503 -0.5773503 -0.5773503 -0.5773503 0.5773503 0.5773503 0.5773503 0.5773503 0.5773503 -0.5773503 -0.5773503 -0.5773503 -0.5773503 -0.5773503 0.5773503 -0.5773503 0.5773503 -0.5773503 0.5773503 0.5773503 -0.5773503 0.5773503 -0.5773503 0.5773503 0.5773503 -0.5773503 -0.5773503 -0.5773503 0.5773503 0.5773503 0.5773503 0.5773503 0.5773503 -0.5773503 -0.5773503 -0.5773503 -0.5773503 -0.5773503 0.5773503 -0.5773503 0.5773503 -0.5773503 0.5773503 0.5773503 -0.5773503 0.5773503 -0.5773503 0.5773503 0.5773503 -0.5773503 -0.5773503 -0.5773503 0.5773503 0.5773503 0.5773503 0.5773503 0.5773503 -0.5773503 -0.5773503 -0.5773503 -0.5773503 -0.5773503 0.5773503 -0.5773503 0.5773503 -0.5773503 0.5773503 0.5773503 -0.5773503 0.5773503 -0.5773503 0.5773503 0.5773503 -0.5773503 -0.5773503 -0.5773503 0.5773503 0.5773503 0.5773503 0.5773503 0.5773503 -0.5773503 -0.5773503 -0.5773503 -0.5773503 -0.5773503 0.5773503 -0.5773503 0.5773503 -0.5773503 0.5773503 0.5773503 -0.5773503 0.5773503 -0.5773503 0.5773503 0.5773503 -0.5773503 -0.5773503 -0.5773503 0.5773503 0.5773503 0.5773503 0.5773503 0.5773503 -0.5773503 -0.5773503 -0.5773503 -0.5773503 -0.5773503 0.5773503 -0.5773503 0.5773503 -0.5773503 0.5773503 0.5773503 -0.5773503 0.5773503 -0.5773503 0.5773503 0.5773503 -0.5773503 -0.5773503 -0.5773503 0.5773503 0.5773503 0.5773503 0.5773503 0.5773503 -0.5773503 -0.5773503 -0.5773503 -0.5773503 -0.5773503 0.5773503 -0.5773503 0.5773503 -0.5773503 0.5773503 0.5773503 -0.5773503 0.5773503 -0.5773503 0.5773503 0.5773503 -0.5773503 -0.5773503 -0.5773503 0.5773503 0.5773503 0.5773503 0.5773503 0.5773503 -0.5773503 -0.5773503 -0.5773503 -0.5773503 -0.5773503 0.5773503 -0.5773503 0.5773503 -0.5773503 0.5773503 0.5773503 -0.5773503 0.5773503 -0.5773503 0.5773503 0.5773503 -0.5773503 -0.5773503 -0.5773503 0.5773503 0.5773503 0.5773503 0.5773503 0.5773503 -0.5773503 -0.5773503 -0.5773503 -0.5773503 -0.5773503 0.5773503 -0.5773503 0.5773503 -0.5773503 0.5773503 0.5773503 -0.5773503 0.5773503 -0.5773503 0.5773503 0.5773503 -0.5773503 -0.5773503 -0.5773503 0.5773503 0.5773503 0.5773503 0.5773503 0.5773503 -0.5773503 -0.5773503 -0.5773503 -0.5773503 -0.5773503 0.5773503 -0.5773503 0.5773503 -0.5773503 0.5773503 0.5773503 -0.5773503 0.5773503 -0.5773503 0.5773503 0.5773503 -0.5773503 -0.5773503 -0.5773503 0.5773503 0.5773503 0.5773503 0.5773503 0.5773503 -0.5773503 -0.5773503 -0.5773503 -0.5773503 -0.5773503 0.5773503 -0.5773503 0.5773503 -0.5773503 0.5773503 0.5773503 -0.5773503 0.5773503 -0.5773503 0.5773503 0.5773503 -0.5773503 -0.5773503 -0.5773503 0.5773503 0.5773503 0.5773503 0.5773503 0.5773503 -0.5773503 -0.5773503 -0.5773503 -0.5773503 -0.5773503 0.5773503 -0.5773503 0.5773503 -0.5773503 0.5773503 0.5773503 -0.5773503 0.5773503 -0.5773503 0.5773503 0.5773503 -0.5773503 -0.5773503 -0.5773503 0.5773503 0.5773503 0.5773503 0.5773503 0.5773503 -0.5773503 -0.5773503 -0.5773503 -0.5773503 -0.5773503 0.5773503 -0.5773503 0.5773503 -0.5773503 0.5773503 0.5773503 -0.5773503 0.5773503 -0.5773503 0.5773503 0.5773503 -0.5773503 -0.5773503 -0.5773503 0.5773503 0.5773503 0.5773503 0.5773503 0.5773503 -0.5773503 -0.5773503 -0.5773503 -0.5773503 -0.5773503 0.5773503 -0.5773503 0.5773503 -0.5773503 0.5773503 0.5773503 -0.5773503 0.5773503 -0.5773503 0.5773503 0.5773503 -0.5773503 -0.5773503 -0.5773503 0.5773503 0.5773503 0.5773503 0.5773503 0.5773503 -0.5773503 -0.5773503 -0.5773503 -0.5773503 -0.5773503 0.5773503 -0.5773503 0.5773503 -0.5773503 0.5773503 0.5773503 -0.5773503 0.5773503 -0.5773503 0.5773503 0.5773503 -0.5773503 -0.5773503 -0.5773503 0.5773503 0.5773503 0.5773503 0.5773503 0.5773503 -0.5773503 -0.5773503 -0.5773503 -0.5773503 -0.5773503 0.5773503 -0.5773503 0.5773503 -0.5773503 0.5773503 0.5773503 -0.5773503 0.5773503 -0.5773503 0.5773503 0.5773503 -0.5773503 -0.5773503 -0.5773503 0.5773503 0.5773503 0.5773503 0.5773503 0.5773503 -0.5773503 -0.5773503 -0.5773503 -0.5773503 -0.5773503 0.5773503 -0.5773503 0.5773503 -0.5773503 0.5773503 0.5773503 -0.5773503 0.5773503 -0.5773503 0.5773503 0.5773503 -0.5773503 -0.5773503 -0.5773503 0.5773503 0.5773503 0.5773503 0.5773503 0.5773503 -0.5773503 -0.5773503 -0.5773503 -0.5773503 -0.5773503 0.5773503 -0.5773503 0.5773503 -0.5773503 0.5773503 0.5773503 -0.5773503 0.5773503 -0.5773503 0.5773503 0.5773503 -0.5773503 -0.5773503 -0.5773503 0.5773503 0.5773503 0.5773503 0.5773503 0.5773503 -0.5773503 -0.5773503 -0.5773503 -0.5773503 -0.5773503 0.5773503 -0.5773503 0.5773503 -0.5773503 0.5773503 0.5773503 -0.5773503 0.5773503 -0.5773503 0.5773503 0.5773503 -0.5773503 -0.5773503 -0.5773503 0.5773503 0.5773503 0.5773503 0.5773503 0.5773503 -0.5773503 -0.5773503 -0.5773503 -0.5773503 -0.5773503 0.5773503 -0.5773503 0.5773503 -0.5773503 0.5773503 0.5773503 -0.5773503 0.5773503 -0.5773503 0.5773503 0.5773503 -0.5773503 -0.5773503 -0.5773503 0.5773503 0.5773503 0.5773503 0.5773503 0.5773503 -0.5773503 -0.5773503 -0.5773503 -0.5773503 -0.5773503 0.5773503 -0.5773503 0.5773503 -0.5773503 0.5773503 0.5773503 -0.5773503 0.5773503 -0.5773503 0.5773503 0.5773503 -0.5773503 -0.5773503 -0.5773503 0.5773503 0.5773503 0.5773503 0.5773503 0.5773503 -0.5773503 -0.5773503 -0.5773503 -0.5773503 -0.5773503 0.5773503 -0.5773503 0.5773503 -0.5773503 0.5773503 0.5773503 -0.5773503 0.5773503 -0.5773503 0.5773503 0.5773503 -0.5773503 -0.5773503 -0.5773503 0.5773503 0.5773503 0.5773503 0.5773503 0.5773503 -0.5773503 -0.5773503 -0.5773503 -0.5773503 -0.5773503 0.5773503 -0.5773503 0.5773503 -0.5773503 0.5773503 0.5773503 -0.5773503 0.5773503 -0.5773503 0.5773503 0.5773503 -0.5773503 -0.5773503 -0.5773503 0.5773503 0.5773503 0.5773503 0.5773503 0.5773503 -0.5773503 -0.5773503 -0.5773503 -0.5773503 -0.5773503 0.5773503 -0.5773503 0.5773503 -0.5773503 0.5773503 0.5773503 -0.5773503 0.5773503 -0.5773503 0.5773503 0.5773503 -0.5773503 -0.5773503 -0.5773503 0.5773503 0.5773503 0.5773503 0.5773503 0.5773503 -0.5773503 -0.5773503 -0.5773503 -0.5773503 -0.5773503 0.5773503 -0.5773503 0.5773503 -0.5773503 0.5773503 0.5773503 -0.5773503 0.5773503 -0.5773503 0.5773503 0.5773503 -0.5773503 -0.5773503 -0.5773503 0.5773503 0.5773503 0.5773503 0.5773503 0.5773503 -0.5773503 -0.5773503 -0.5773503 -0.5773503 -0.5773503 0.5773503 -0.5773503 0.5773503 -0.5773503 0.5773503 0.5773503 -0.5773503 0.5773503 -0.5773503 0.5773503 0.5773503 -0.5773503 -0.5773503 -0.5773503 0.5773503 0.5773503 0.5773503 0.5773503 0.5773503 -0.5773503 -0.5773503 -0.5773503 -0.5773503 -0.5773503 0.5773503 -0.5773503 0.5773503 -0.5773503 0.5773503 0.5773503 -0.5773503 0.5773503 -0.5773503 0.5773503 0.5773503 -0.5773503 -0.5773503 -0.5773503 0.5773503 0.5773503 0.5773503 0.5773503 0.5773503 -0.5773503 -0.5773503 -0.5773503 -0.5773503 -0.5773503 0.5773503 -0.5773503 0.5773503 -0.5773503 0.5773503 0.5773503 -0.5773503 0.5773503 -0.5773503 0.5773503 0.5773503 -0.5773503 -0.5773503 -0.5773503 0.5773503 0.5773503 0.5773503 0.5773503 0.5773503 -0.5773503 -0.5773503 -0.5773503 -0.5773503 -0.5773503 0.5773503 -0.5773503 0.5773503 -0.5773503 0.5773503 0.5773503 -0.5773503 0.5773503 -0.5773503 0.5773503 0.5773503 -0.5773503 -0.5773503 -0.5773503 0.5773503 0.5773503 0.5773503 0.5773503 0.5773503 -0.5773503 -0.5773503 -0.5773503 -0.5773503 -0.5773503 0.5773503 -0.5773503 0.5773503 -0.5773503 0.5773503 0.5773503 -0.5773503 0.5773503 -0.5773503 0.5773503 0.5773503 -0.5773503 -0.5773503 -0.5773503 0.5773503 0.5773503 0.5773503 0.5773503 0.5773503 -0.5773503 -0.5773503 -0.5773503 -0.5773503 -0.5773503 0.5773503 -0.5773503 0.5773503 -0.5773503 0.5773503 0.5773503 -0.5773503 0.5773503 -0.5773503 0.5773503 0.5773503 -0.5773503 -0.5773503 -0.5773503 0.5773503 0.5773503 0.5773503 0.5773503 0.5773503 -0.5773503 -0.5773503 -0.5773503 -0.5773503 -0.5773503 0.5773503 -0.5773503 0.5773503 -0.5773503 0.5773503 0.5773503 -0.5773503 0.5773503 -0.5773503 0.5773503 0.5773503 -0.5773503 -0.5773503 -0.5773503 0.5773503 0.5773503 0.5773503 0.5773503 0.5773503 -0.5773503 -0.5773503 -0.5773503 -0.5773503 -0.5773503 0.5773503 -0.5773503 0.5773503 -0.5773503 0.5773503 0.5773503 -0.5773503 0.5773503 -0.5773503 0.5773503 0.5773503 -0.5773503 -0.5773503 -0.5773503 0.5773503 0.5773503 0.5773503 0.5773503 0.5773503 -0.5773503 -0.5773503 -0.5773503 -0.5773503 -0.5773503 0.5773503 -0.5773503 0.5773503 -0.5773503 0.5773503 0.5773503 -0.5773503 0.5773503 -0.5773503 0.5773503 0.5773503 -0.5773503 -0.5773503 -0.5773503 0.5773503 0.5773503 0.5773503 0.5773503 0.5773503 -0.5773503 -0.5773503 0.5773503 -0.5773503 0.5773503 0.5773503 -0.5773503 -0.5773503 -0.5773503 0.5773503 -0.5773503 -0.5773503 -0.5773503 0.5773503 -0.5773503 0.5773503 0.5773503 0.5773503 0.5773503 -0.5773503 0.5773503 0.5773503 0.5773503 -0.5773503 -0.7092355 0.1900391 -0.6788742 0 0 -1 -0.7342542 3.862478e-08 -0.6788746 -0.7092355 0.1900391 0.6788742 -0.7342542 3.862478e-08 0.6788746 -0.7092355 -0.1900391 -0.6788742 -0.6358832 0.367127 -0.6788743 -0.6358832 0.367127 0.6788743 0.7342555 3.862488e-08 -0.6788733 0.7092343 0.1900389 -0.6788754 0.6358838 0.367127 -0.6788738 0.5191955 0.5191966 -0.6788748 0.3671276 0.6358832 -0.678874 0.1900386 0.7092351 -0.6788748 6.543023e-18 0.7342546 -0.6788742 -0.1900395 0.7092351 -0.6788744 -0.3671271 0.6358833 -0.6788742 -0.5191956 0.5191962 -0.678875 -0.6358832 -0.367127 -0.6788743 -0.5191957 -0.5191963 -0.6788748 -0.367127 -0.6358832 -0.6788743 -0.1900396 -0.7092354 -0.6788741 -1.308604e-17 -0.7342542 -0.6788746 0.1900386 -0.7092353 -0.6788745 0.3671275 -0.635883 -0.6788742 0.5191955 -0.5191967 -0.6788746 0.6358837 -0.367127 -0.6788738 0.7092343 -0.1900389 -0.6788754 0 0 1 -0.7092355 -0.1900391 0.6788742 -0.5191956 0.5191962 0.678875 0.7342555 3.862488e-08 0.6788733 0.7092343 -0.1900389 0.6788754 0.7092343 0.1900389 0.6788754 0.6358838 0.367127 0.6788738 0.5191955 0.5191966 0.6788748 0.3671276 0.6358832 0.678874 0.1900386 0.7092351 0.6788748 0 0.7342546 0.6788742 -0.1900395 0.7092351 0.6788744 -0.3671271 0.6358833 0.6788742 -0.6358832 -0.367127 0.6788743 -0.5191957 -0.5191963 0.6788748 -0.367127 -0.6358832 0.6788743 -0.1900396 -0.7092354 0.6788741 1.308604e-17 -0.7342542 0.6788746 0.1900386 -0.7092353 0.6788745 0.3671275 -0.635883 0.6788742 0.5191955 -0.5191967 0.6788746 0.6358837 -0.367127 0.6788738 -0.7092355 0.1900391 -0.6788742 0 0 -1 -0.7342542 -3.862478e-08 -0.6788746 -0.7092355 0.1900391 0.6788742 -0.7342542 -3.862478e-08 0.6788746 -0.7092355 -0.1900391 -0.6788742 -0.6358827 0.3671267 -0.678875 -0.6358827 0.3671267 0.678875 0.7342542 -3.862478e-08 -0.6788746 0.7092355 0.1900391 -0.6788742 0.6358837 0.3671252 -0.6788748 0.5191966 0.5191966 -0.6788739 0.3671256 0.6358835 -0.6788747 0.1900398 0.7092353 -0.6788742 5.904074e-07 0.7342542 -0.6788746 -0.1900393 0.7092355 -0.6788742 -0.3671268 0.6358828 -0.6788748 -0.5191964 0.519197 -0.6788737 -0.6358827 -0.3671267 -0.6788749 -0.5191963 -0.5191969 -0.6788738 -0.3671269 -0.6358829 -0.6788747 -0.1900392 -0.7092352 -0.6788745 5.904077e-07 -0.7342546 -0.6788742 0.1900398 -0.709235 -0.6788745 0.3671257 -0.6358837 -0.6788746 0.5191965 -0.5191965 -0.678874 0.6358837 -0.3671252 -0.6788748 0.7092355 -0.1900391 -0.6788742 0 0 1 -0.7092355 -0.1900391 0.6788742 -0.5191964 0.519197 0.6788737 0.7342542 -3.862478e-08 0.6788746 0.7092355 -0.1900391 0.6788742 0.7092355 0.1900391 0.6788742 0.6358837 0.3671252 0.6788748 0.5191966 0.5191966 0.6788739 0.3671256 0.6358835 0.6788747 0.1900398 0.7092353 0.6788742 5.904074e-07 0.7342542 0.6788746 -0.1900393 0.7092355 0.6788742 -0.3671268 0.6358828 0.6788748 -0.6358827 -0.3671267 0.6788749 -0.5191963 -0.5191969 0.6788738 -0.3671269 -0.6358829 0.6788747 -0.1900392 -0.7092352 0.6788745 5.904077e-07 -0.7342546 0.6788742 0.1900398 -0.709235 0.6788745 0.3671257 -0.6358837 0.6788746 0.5191965 -0.5191965 0.678874 0.6358837 -0.3671252 0.6788748</float_array>
          <technique_common>
            <accessor count="4900" source="#normals-array-array" stride="3">
              <param type="float" name="X" />
              <param type="float" name="Y" />
              <param type="float" name="Z" />
            </accessor>
          </technique_common>
        </source>
        <vertices id="verts-array-vertices">
          <input semantic="POSITION" source="#verts-array" />
        </vertices>
        <triangles count="12076" material="material0">
          <input offset="0" semantic="VERTEX" source="#verts-array-vertices" />
          <input offset="1" semantic="NORMAL" source="#normals-array" />
          <p>0 0 1 1 2 2 2 2 1 1 3 3 4 4 0 0 5 5 5 5 0 0 2 2 6 6 4 4 7 7 7 7 4 4 5 5 1 1 6 6 3 3 3 3 6 6 7 7 8 8 6 6 9 9 9 9 6 6 1 1 9 9 1 1 10 10 10 10 1 1 0 0 10 10 0 0 11 11 11 11 0 0 4 4 11 11 4 4 8 8 8 8 4 4 6 6 12 12 7 7 13 13 13 13 7 7 5 5 13 13 5 5 14 14 14 14 5 5 2 2 14 14 2 2 15 15 15 15 2 2 3 3 15 15 3 3 12 12 12 12 3 3 7 7 12 12 13 13 8 8 8 8 13 13 11 11 13 13 14 14 11 11 11 11 14 14 10 10 14 14 15 15 10 10 10 10 15 15 9 9 15 15 12 12 9 9 9 9 12 12 8 8 11 11 11 11 11 11 11 11 8 8 10 10 10 10 8 8 9 9 8 8 11 11 9 9 9 9 11 11 10 10 16 16 16 16 16 16 16 16 17 17 18 18 19 19 16 16 18 18 18 18 17 17 20 20 20 20 19 19 18 18 16 16 21 21 17 17 22 22 16 16 19 19 22 22 21 21 16 16 17 17 21 21 20 20 23 23 19 19 20 20 23 23 22 22 19 19 20 20 21 21 23 23 21 21 22 22 23 23 24 24 24 24 24 24 24 24 25 25 26 26 24 24 26 26 27 27 25 25 28 28 26 26 26 26 28 28 29 29 26 26 29 29 27 27 30 30 31 31 24 24 30 30 24 24 27 27 31 31 25 25 24 24 31 31 32 32 25 25 25 25 32 32 28 28 33 33 34 34 27 27 34 34 35 35 27 27 35 35 36 36 27 27 36 36 37 37 27 27 37 37 38 38 27 27 38 38 39 39 27 27 39 39 40 40 27 27 40 40 41 41 27 27 41 41 42 42 27 27 42 42 43 43 27 27 43 43 44 44 27 27 44 44 45 45 27 27 45 45 46 46 27 27 46 46 47 47 27 27 47 47 48 48 27 27 48 48 49 49 27 27 49 49 50 50 27 27 50 50 51 51 27 27 51 51 52 52 27 27 52 52 53 53 27 27 53 53 54 54 27 27 54 54 55 55 27 27 55 55 56 56 27 27 56 56 57 57 27 27 57 57 58 58 27 27 58 58 59 59 27 27 59 59 60 60 27 27 60 60 61 61 27 27 61 61 62 62 27 27 62 62 63 63 27 27 63 63 64 64 27 27 64 64 33 33 27 27 65 65 66 66 27 27 66 66 67 67 27 27 67 67 68 68 27 27 68 68 69 69 27 27 69 69 70 70 27 27 70 70 71 71 27 27 71 71 72 72 27 27 72 72 73 73 27 27 73 73 74 74 27 27 74 74 75 75 27 27 75 75 76 76 27 27 76 76 77 77 27 27 77 77 78 78 27 27 78 78 30 30 27 27 29 29 79 79 27 27 79 79 80 80 27 27 80 80 81 81 27 27 81 81 82 82 27 27 82 82 83 83 27 27 83 83 84 84 27 27 84 84 85 85 27 27 85 85 86 86 27 27 86 86 87 87 27 27 87 87 88 88 27 27 88 88 89 89 27 27 89 89 90 90 27 27 90 90 91 91 27 27 91 91 92 92 27 27 92 92 65 65 27 27 28 28 32 32 93 93 28 28 93 93 29 29 29 29 93 93 79 79 78 78 94 94 30 30 94 94 31 31 30 30 94 94 32 32 31 31 95 95 32 32 96 96 96 96 32 32 97 97 97 97 32 32 98 98 98 98 32 32 99 99 99 99 32 32 100 100 100 100 32 32 101 101 101 101 32 32 102 102 102 102 32 32 103 103 103 103 32 32 104 104 104 104 32 32 105 105 105 105 32 32 106 106 106 106 32 32 107 107 107 107 32 32 108 108 108 108 32 32 109 109 109 109 32 32 110 110 110 110 32 32 111 111 111 111 32 32 112 112 112 112 32 32 113 113 113 113 32 32 114 114 114 114 32 32 115 115 115 115 32 32 116 116 116 116 32 32 117 117 117 117 32 32 118 118 118 118 32 32 119 119 119 119 32 32 120 120 120 120 32 32 121 121 121 121 32 32 122 122 122 122 32 32 123 123 123 123 32 32 124 124 124 124 32 32 125 125 125 125 32 32 126 126 126 126 32 32 95 95 127 127 32 32 128 128 128 128 32 32 129 129 129 129 32 32 130 130 130 130 32 32 131 131 131 131 32 32 132 132 132 132 32 32 133 133 133 133 32 32 134 134 134 134 32 32 135 135 135 135 32 32 136 136 136 136 32 32 137 137 137 137 32 32 138 138 138 138 32 32 139 139 139 139 32 32 140 140 140 140 32 32 94 94 93 93 32 32 141 141 141 141 32 32 142 142 142 142 32 32 143 143 143 143 32 32 144 144 144 144 32 32 145 145 145 145 32 32 146 146 146 146 32 32 147 147 147 147 32 32 148 148 148 148 32 32 149 149 149 149 32 32 150 150 150 150 32 32 151 151 151 151 32 32 152 152 152 152 32 32 153 153 153 153 32 32 127 127 95 95 96 96 33 33 33 33 96 96 34 34 64 64 95 95 33 33 96 96 97 97 34 34 34 34 97 97 35 35 97 97 98 98 35 35 35 35 98 98 36 36 98 98 99 99 36 36 36 36 99 99 37 37 99 99 100 100 37 37 37 37 100 100 38 38 100 100 101 101 38 38 38 38 101 101 39 39 101 101 102 102 39 39 39 39 102 102 40 40 102 102 103 103 40 40 40 40 103 103 41 41 103 103 104 104 41 41 41 41 104 104 42 42 104 104 105 105 42 42 42 42 105 105 43 43 105 105 106 106 43 43 43 43 106 106 44 44 106 106 107 107 44 44 44 44 107 107 45 45 107 107 108 108 45 45 45 45 108 108 46 46 108 108 109 109 46 46 46 46 109 109 47 47 109 109 110 110 47 47 47 47 110 110 48 48 110 110 111 111 48 48 48 48 111 111 49 49 111 111 112 112 49 49 49 49 112 112 50 50 112 112 113 113 50 50 50 50 113 113 51 51 113 113 114 114 51 51 51 51 114 114 52 52 114 114 115 115 52 52 52 52 115 115 53 53 115 115 116 116 53 53 53 53 116 116 54 54 116 116 117 117 54 54 54 54 117 117 55 55 117 117 118 118 55 55 55 55 118 118 56 56 118 118 119 119 56 56 56 56 119 119 57 57 119 119 120 120 57 57 57 57 120 120 58 58 120 120 121 121 58 58 58 58 121 121 59 59 121 121 122 122 59 59 59 59 122 122 60 60 122 122 123 123 60 60 60 60 123 123 61 61 123 123 124 124 61 61 61 61 124 124 62 62 124 124 125 125 62 62 62 62 125 125 63 63 125 125 126 126 63 63 63 63 126 126 64 64 126 126 95 95 64 64 127 127 128 128 65 65 65 65 128 128 66 66 92 92 127 127 65 65 128 128 129 129 66 66 66 66 129 129 67 67 129 129 130 130 67 67 67 67 130 130 68 68 130 130 131 131 68 68 68 68 131 131 69 69 131 131 132 132 69 69 69 69 132 132 70 70 132 132 133 133 70 70 70 70 133 133 71 71 133 133 134 134 71 71 71 71 134 134 72 72 134 134 135 135 72 72 72 72 135 135 73 73 73 73 135 135 154 154 155 155 73 73 154 154 73 73 156 156 135 135 157 157 73 73 155 155 157 157 156 156 73 73 135 135 136 136 73 73 73 73 136 136 74 74 136 136 137 137 74 74 74 74 137 137 75 75 137 137 138 138 75 75 75 75 138 138 76 76 138 138 139 139 76 76 76 76 139 139 77 77 139 139 140 140 77 77 77 77 140 140 78 78 140 140 94 94 78 78 93 93 141 141 79 79 79 79 141 141 80 80 141 141 142 142 80 80 80 80 142 142 81 81 142 142 143 143 81 81 81 81 143 143 82 82 143 143 144 144 82 82 82 82 144 144 83 83 144 144 145 145 83 83 83 83 145 145 84 84 145 145 146 146 84 84 84 84 146 146 85 85 158 158 159 159 85 85 160 160 158 158 85 85 85 85 159 159 146 146 146 146 160 160 85 85 146 146 147 147 85 85 85 85 147 147 86 86 147 147 148 148 86 86 86 86 148 148 87 87 148 148 149 149 87 87 87 87 149 149 88 88 149 149 150 150 88 88 88 88 150 150 89 89 150 150 151 151 89 89 89 89 151 151 90 90 151 151 152 152 90 90 90 90 152 152 91 91 152 152 153 153 91 91 91 91 153 153 92 92 153 153 127 127 92 92 154 154 135 135 161 161 135 135 156 156 161 161 159 159 162 162 146 146 163 163 160 160 146 146 146 146 162 162 163 163 161 161 155 155 154 154 164 164 155 155 161 161 164 164 157 157 155 155 161 161 156 156 164 164 156 156 157 157 164 164 165 165 166 166 156 156 165 165 156 156 167 167 167 167 156 156 157 157 156 156 166 166 168 168 156 156 168 168 157 157 167 167 157 157 169 169 157 157 168 168 170 170 157 157 170 170 169 169 158 158 162 162 159 159 171 171 158 158 160 160 171 171 162 162 158 158 163 163 171 171 160 160 172 172 163 163 160 160 172 172 160 160 169 169 163 163 173 173 160 160 160 160 173 173 174 174 160 160 174 174 169 169 162 162 171 171 163 163 175 175 166 166 163 163 175 175 163 163 172 172 163 163 166 166 173 173 176 176 166 166 165 165 176 176 165 165 177 177 177 177 165 165 167 167 178 178 166 166 179 179 179 179 166 166 180 180 180 180 166 166 181 181 181 181 166 166 182 182 182 182 166 166 183 183 183 183 166 166 184 184 184 184 166 166 185 185 185 185 166 166 186 186 186 186 166 166 187 187 187 187 166 166 188 188 188 188 166 166 189 189 189 189 166 166 190 190 190 190 166 166 191 191 191 191 166 166 192 192 192 192 166 166 193 193 193 193 166 166 194 194 194 194 166 166 195 195 195 195 166 166 196 196 196 196 166 166 197 197 197 197 166 166 198 198 198 198 166 166 199 199 199 199 166 166 200 200 200 200 166 166 201 201 201 201 166 166 202 202 202 202 166 166 203 203 203 203 166 166 204 204 204 204 166 166 205 205 205 205 166 166 206 206 206 206 166 166 207 207 207 207 166 166 208 208 208 208 166 166 209 209 209 209 166 166 178 178 210 210 166 166 211 211 211 211 166 166 212 212 212 212 166 166 213 213 213 213 166 166 214 214 214 214 166 166 215 215 215 215 166 166 176 176 168 168 166 166 216 216 216 216 166 166 217 217 217 217 166 166 218 218 218 218 166 166 219 219 219 219 166 166 220 220 220 220 166 166 221 221 221 221 166 166 222 222 222 222 166 166 223 223 223 223 166 166 224 224 224 224 166 166 225 225 225 225 166 166 226 226 226 226 166 166 227 227 227 227 166 166 228 228 228 228 166 166 175 175 173 173 166 166 229 229 229 229 166 166 230 230 230 230 166 166 231 231 231 231 166 166 232 232 232 232 166 166 233 233 233 233 166 166 234 234 234 234 166 166 210 210 177 177 167 167 169 169 168 168 216 216 170 170 235 235 236 236 169 169 236 236 237 237 169 169 237 237 238 238 169 169 238 238 239 239 169 169 239 239 240 240 169 169 240 240 241 241 169 169 241 241 242 242 169 169 242 242 243 243 169 169 243 243 244 244 169 169 244 244 245 245 169 169 245 245 246 246 169 169 246 246 247 247 169 169 247 247 248 248 169 169 248 248 249 249 169 169 249 249 250 250 169 169 250 250 251 251 169 169 251 251 252 252 169 169 252 252 253 253 169 169 253 253 254 254 169 169 254 254 255 255 169 169 255 255 256 256 169 169 256 256 257 257 169 169 257 257 258 258 169 169 258 258 259 259 169 169 259 259 260 260 169 169 260 260 261 261 169 169 261 261 262 262 169 169 262 262 263 263 169 169 263 263 264 264 169 169 264 264 265 265 169 169 265 265 266 266 169 169 266 266 235 235 169 169 267 267 268 268 169 169 268 268 269 269 169 169 269 269 270 270 169 169 270 270 271 271 169 169 271 271 272 272 169 169 272 272 177 177 169 169 170 170 273 273 169 169 273 273 274 274 169 169 274 274 275 275 169 169 275 275 276 276 169 169 276 276 277 277 169 169 277 277 278 278 169 169 278 278 279 279 169 169 279 279 280 280 169 169 280 280 281 281 169 169 281 281 282 282 169 169 282 282 283 283 169 169 283 283 284 284 169 169 284 284 285 285 169 169 285 285 172 172 169 169 174 174 286 286 169 169 286 286 287 287 169 169 287 287 288 288 169 169 288 288 289 289 169 169 289 289 290 290 169 169 290 290 291 291 169 169 291 291 267 267 169 169 170 170 216 216 273 273 285 285 175 175 172 172 173 173 229 229 174 174 174 174 229 229 286 286 228 228 175 175 285 285 215 215 176 176 272 272 272 272 176 176 177 177 178 178 179 179 235 235 209 209 178 178 266 266 266 266 178 178 235 235 235 235 179 179 236 236 179 179 180 180 236 236 236 236 180 180 237 237 180 180 181 181 237 237 237 237 181 181 238 238 181 181 182 182 238 238 238 238 182 182 239 239 182 182 183 183 239 239 239 239 183 183 240 240 183 183 184 184 240 240 240 240 184 184 241 241 184 184 185 185 241 241 241 241 185 185 242 242 185 185 186 186 242 242 242 242 186 186 243 243 186 186 187 187 243 243 243 243 187 187 244 244 187 187 188 188 244 244 244 244 188 188 245 245 188 188 189 189 245 245 245 245 189 189 246 246 189 189 190 190 246 246 246 246 190 190 247 247 190 190 191 191 247 247 247 247 191 191 248 248 191 191 192 192 248 248 248 248 192 192 249 249 192 192 193 193 249 249 249 249 193 193 250 250 193 193 194 194 250 250 250 250 194 194 251 251 194 194 195 195 251 251 251 251 195 195 252 252 195 195 196 196 252 252 252 252 196 196 253 253 196 196 197 197 253 253 253 253 197 197 254 254 197 197 198 198 254 254 254 254 198 198 255 255 198 198 199 199 255 255 255 255 199 199 256 256 199 199 200 200 256 256 256 256 200 200 257 257 200 200 201 201 257 257 257 257 201 201 258 258 201 201 202 202 258 258 258 258 202 202 259 259 202 202 203 203 259 259 259 259 203 203 260 260 203 203 204 204 260 260 260 260 204 204 261 261 204 204 205 205 261 261 261 261 205 205 262 262 205 205 206 206 262 262 262 262 206 206 263 263 206 206 207 207 263 263 263 263 207 207 264 264 207 207 208 208 264 264 264 264 208 208 265 265 208 208 209 209 265 265 265 265 209 209 266 266 210 210 211 211 267 267 234 234 210 210 291 291 291 291 210 210 267 267 267 267 211 211 268 268 211 211 212 212 268 268 268 268 212 212 269 269 212 212 213 213 269 269 269 269 213 213 270 270 213 213 214 214 270 270 270 270 214 214 271 271 214 214 215 215 271 271 271 271 215 215 272 272 216 216 217 217 273 273 273 273 217 217 274 274 217 217 218 218 274 274 274 274 218 218 275 275 218 218 219 219 275 275 275 275 219 219 276 276 219 219 220 220 276 276 276 276 220 220 277 277 220 220 221 221 277 277 277 277 221 221 278 278 221 221 222 222 278 278 278 278 222 222 279 279 222 222 223 223 279 279 279 279 223 223 280 280 223 223 224 224 280 280 280 280 224 224 281 281 224 224 225 225 281 281 281 281 225 225 282 282 225 225 226 226 282 282 282 282 226 226 283 283 226 226 227 227 283 283 283 283 227 227 284 284 227 227 228 228 284 284 284 284 228 228 285 285 229 229 230 230 286 286 286 286 230 230 287 287 230 230 231 231 287 287 287 287 231 231 288 288 231 231 232 232 288 288 288 288 232 232 289 289 232 232 233 233 289 289 289 289 233 233 290 290 233 233 234 234 290 290 290 290 234 234 291 291 292 292 292 292 292 292 292 292 293 293 294 294 292 292 294 294 295 295 293 293 296 296 294 294 294 294 296 296 297 297 294 294 297 297 295 295 298 298 299 299 292 292 298 298 292 292 295 295 299 299 293 293 292 292 299 299 300 300 293 293 293 293 300 300 296 296 301 301 302 302 295 295 302 302 303 303 295 295 303 303 304 304 295 295 304 304 305 305 295 295 305 305 306 306 295 295 306 306 307 307 295 295 307 307 308 308 295 295 308 308 309 309 295 295 309 309 310 310 295 295 310 310 311 311 295 295 311 311 312 312 295 295 312 312 313 313 295 295 313 313 314 314 295 295 314 314 315 315 295 295 315 315 316 316 295 295 316 316 317 317 295 295 317 317 318 318 295 295 318 318 319 319 295 295 319 319 320 320 295 295 320 320 321 321 295 295 321 321 322 322 295 295 322 322 323 323 295 295 323 323 324 324 295 295 324 324 325 325 295 295 325 325 326 326 295 295 326 326 327 327 295 295 327 327 328 328 295 295 328 328 329 329 295 295 329 329 330 330 295 295 330 330 331 331 295 295 331 331 332 332 295 295 332 332 301 301 295 295 333 333 334 334 295 295 334 334 335 335 295 295 335 335 336 336 295 295 336 336 337 337 295 295 337 337 338 338 295 295 338 338 339 339 295 295 339 339 340 340 295 295 340 340 341 341 295 295 341 341 342 342 295 295 342 342 343 343 295 295 343 343 344 344 295 295 344 344 345 345 295 295 345 345 346 346 295 295 346 346 298 298 295 295 297 297 347 347 295 295 347 347 348 348 295 295 348 348 349 349 295 295 349 349 350 350 295 295 350 350 351 351 295 295 351 351 352 352 295 295 352 352 353 353 295 295 353 353 354 354 295 295 354 354 355 355 295 295 355 355 356 356 295 295 356 356 357 357 295 295 357 357 358 358 295 295 358 358 359 359 295 295 359 359 360 360 295 295 360 360 333 333 295 295 296 296 300 300 361 361 296 296 361 361 297 297 297 297 361 361 347 347 346 346 362 362 298 298 362 362 299 299 298 298 362 362 300 300 299 299 363 363 300 300 364 364 364 364 300 300 365 365 365 365 300 300 366 366 366 366 300 300 367 367 367 367 300 300 368 368 368 368 300 300 369 369 369 369 300 300 370 370 370 370 300 300 371 371 371 371 300 300 372 372 372 372 300 300 373 373 373 373 300 300 374 374 374 374 300 300 375 375 375 375 300 300 376 376 376 376 300 300 377 377 377 377 300 300 378 378 378 378 300 300 379 379 379 379 300 300 380 380 380 380 300 300 381 381 381 381 300 300 382 382 382 382 300 300 383 383 383 383 300 300 384 384 384 384 300 300 385 385 385 385 300 300 386 386 386 386 300 300 387 387 387 387 300 300 388 388 388 388 300 300 389 389 389 389 300 300 390 390 390 390 300 300 391 391 391 391 300 300 392 392 392 392 300 300 393 393 393 393 300 300 394 394 394 394 300 300 363 363 395 395 300 300 396 396 396 396 300 300 397 397 397 397 300 300 398 398 398 398 300 300 399 399 399 399 300 300 400 400 400 400 300 300 401 401 401 401 300 300 402 402 402 402 300 300 403 403 403 403 300 300 404 404 404 404 300 300 405 405 405 405 300 300 406 406 406 406 300 300 407 407 407 407 300 300 408 408 408 408 300 300 362 362 361 361 300 300 409 409 409 409 300 300 410 410 410 410 300 300 411 411 411 411 300 300 412 412 412 412 300 300 413 413 413 413 300 300 414 414 414 414 300 300 415 415 415 415 300 300 416 416 416 416 300 300 417 417 417 417 300 300 418 418 418 418 300 300 419 419 419 419 300 300 420 420 420 420 300 300 421 421 421 421 300 300 395 395 363 363 364 364 301 301 301 301 364 364 302 302 332 332 363 363 301 301 364 364 365 365 302 302 302 302 365 365 303 303 365 365 366 366 303 303 303 303 366 366 304 304 366 366 367 367 304 304 304 304 367 367 305 305 367 367 368 368 305 305 305 305 368 368 306 306 368 368 369 369 306 306 306 306 369 369 307 307 369 369 370 370 307 307 307 307 370 370 308 308 370 370 371 371 308 308 308 308 371 371 309 309 371 371 372 372 309 309 309 309 372 372 310 310 372 372 373 373 310 310 310 310 373 373 311 311 373 373 374 374 311 311 311 311 374 374 312 312 374 374 375 375 312 312 312 312 375 375 313 313 375 375 376 376 313 313 313 313 376 376 314 314 376 376 377 377 314 314 314 314 377 377 315 315 377 377 378 378 315 315 315 315 378 378 316 316 378 378 379 379 316 316 316 316 379 379 317 317 379 379 380 380 317 317 317 317 380 380 318 318 380 380 381 381 318 318 318 318 381 381 319 319 381 381 382 382 319 319 319 319 382 382 320 320 382 382 383 383 320 320 320 320 383 383 321 321 383 383 384 384 321 321 321 321 384 384 322 322 384 384 385 385 322 322 322 322 385 385 323 323 385 385 386 386 323 323 323 323 386 386 324 324 386 386 387 387 324 324 324 324 387 387 325 325 387 387 388 388 325 325 325 325 388 388 326 326 388 388 389 389 326 326 326 326 389 389 327 327 389 389 390 390 327 327 327 327 390 390 328 328 390 390 391 391 328 328 328 328 391 391 329 329 391 391 392 392 329 329 329 329 392 392 330 330 392 392 393 393 330 330 330 330 393 393 331 331 393 393 394 394 331 331 331 331 394 394 332 332 394 394 363 363 332 332 395 395 396 396 333 333 333 333 396 396 334 334 360 360 395 395 333 333 396 396 397 397 334 334 334 334 397 397 335 335 397 397 398 398 335 335 335 335 398 398 336 336 398 398 399 399 336 336 336 336 399 399 337 337 399 399 400 400 337 337 337 337 400 400 338 338 400 400 401 401 338 338 338 338 401 401 339 339 401 401 402 402 339 339 339 339 402 402 340 340 402 402 403 403 340 340 340 340 403 403 341 341 341 341 403 403 422 422 423 423 341 341 422 422 341 341 424 424 403 403 425 425 341 341 423 423 425 425 424 424 341 341 403 403 404 404 341 341 341 341 404 404 342 342 404 404 405 405 342 342 342 342 405 405 343 343 405 405 406 406 343 343 343 343 406 406 344 344 406 406 407 407 344 344 344 344 407 407 345 345 407 407 408 408 345 345 345 345 408 408 346 346 408 408 362 362 346 346 361 361 409 409 347 347 347 347 409 409 348 348 409 409 410 410 348 348 348 348 410 410 349 349 410 410 411 411 349 349 349 349 411 411 350 350 411 411 412 412 350 350 350 350 412 412 351 351 412 412 413 413 351 351 351 351 413 413 352 352 413 413 414 414 352 352 352 352 414 414 353 353 426 426 427 427 353 353 428 428 426 426 353 353 353 353 427 427 414 414 414 414 428 428 353 353 414 414 415 415 353 353 353 353 415 415 354 354 415 415 416 416 354 354 354 354 416 416 355 355 416 416 417 417 355 355 355 355 417 417 356 356 417 417 418 418 356 356 356 356 418 418 357 357 418 418 419 419 357 357 357 357 419 419 358 358 419 419 420 420 358 358 358 358 420 420 359 359 420 420 421 421 359 359 359 359 421 421 360 360 421 421 395 395 360 360 422 422 403 403 429 429 403 403 424 424 429 429 427 427 430 430 414 414 431 431 428 428 414 414 414 414 430 430 431 431 429 429 423 423 422 422 432 432 423 423 429 429 432 432 425 425 423 423 429 429 424 424 432 432 424 424 425 425 432 432 433 433 434 434 424 424 433 433 424 424 435 435 435 435 424 424 425 425 424 424 434 434 436 436 424 424 436 436 425 425 435 435 425 425 437 437 425 425 436 436 438 438 425 425 438 438 437 437 426 426 430 430 427 427 439 439 426 426 428 428 439 439 430 430 426 426 431 431 439 439 428 428 440 440 431 431 428 428 440 440 428 428 437 437 431 431 441 441 428 428 428 428 441 441 442 442 428 428 442 442 437 437 430 430 439 439 431 431 443 443 434 434 431 431 443 443 431 431 440 440 431 431 434 434 441 441 444 444 434 434 433 433 444 444 433 433 445 445 445 445 433 433 435 435 446 446 434 434 447 447 447 447 434 434 448 448 448 448 434 434 449 449 449 449 434 434 450 450 450 450 434 434 451 451 451 451 434 434 452 452 452 452 434 434 453 453 453 453 434 434 454 454 454 454 434 434 455 455 455 455 434 434 456 456 456 456 434 434 457 457 457 457 434 434 458 458 458 458 434 434 459 459 459 459 434 434 460 460 460 460 434 434 461 461 461 461 434 434 462 462 462 462 434 434 463 463 463 463 434 434 464 464 464 464 434 434 465 465 465 465 434 434 466 466 466 466 434 434 467 467 467 467 434 434 468 468 468 468 434 434 469 469 469 469 434 434 470 470 470 470 434 434 471 471 471 471 434 434 472 472 472 472 434 434 473 473 473 473 434 434 474 474 474 474 434 434 475 475 475 475 434 434 476 476 476 476 434 434 477 477 477 477 434 434 446 446 478 478 434 434 479 479 479 479 434 434 480 480 480 480 434 434 481 481 481 481 434 434 482 482 482 482 434 434 483 483 483 483 434 434 444 444 436 436 434 434 484 484 484 484 434 434 485 485 485 485 434 434 486 486 486 486 434 434 487 487 487 487 434 434 488 488 488 488 434 434 489 489 489 489 434 434 490 490 490 490 434 434 491 491 491 491 434 434 492 492 492 492 434 434 493 493 493 493 434 434 494 494 494 494 434 434 495 495 495 495 434 434 496 496 496 496 434 434 443 443 441 441 434 434 497 497 497 497 434 434 498 498 498 498 434 434 499 499 499 499 434 434 500 500 500 500 434 434 501 501 501 501 434 434 502 502 502 502 434 434 478 478 445 445 435 435 437 437 436 436 484 484 438 438 503 503 504 504 437 437 504 504 505 505 437 437 505 505 506 506 437 437 506 506 507 507 437 437 507 507 508 508 437 437 508 508 509 509 437 437 509 509 510 510 437 437 510 510 511 511 437 437 511 511 512 512 437 437 512 512 513 513 437 437 513 513 514 514 437 437 514 514 515 515 437 437 515 515 516 516 437 437 516 516 517 517 437 437 517 517 518 518 437 437 518 518 519 519 437 437 519 519 520 520 437 437 520 520 521 521 437 437 521 521 522 522 437 437 522 522 523 523 437 437 523 523 524 524 437 437 524 524 525 525 437 437 525 525 526 526 437 437 526 526 527 527 437 437 527 527 528 528 437 437 528 528 529 529 437 437 529 529 530 530 437 437 530 530 531 531 437 437 531 531 532 532 437 437 532 532 533 533 437 437 533 533 534 534 437 437 534 534 503 503 437 437 535 535 536 536 437 437 536 536 537 537 437 437 537 537 538 538 437 437 538 538 539 539 437 437 539 539 540 540 437 437 540 540 445 445 437 437 438 438 541 541 437 437 541 541 542 542 437 437 542 542 543 543 437 437 543 543 544 544 437 437 544 544 545 545 437 437 545 545 546 546 437 437 546 546 547 547 437 437 547 547 548 548 437 437 548 548 549 549 437 437 549 549 550 550 437 437 550 550 551 551 437 437 551 551 552 552 437 437 552 552 553 553 437 437 553 553 440 440 437 437 442 442 554 554 437 437 554 554 555 555 437 437 555 555 556 556 437 437 556 556 557 557 437 437 557 557 558 558 437 437 558 558 559 559 437 437 559 559 535 535 437 437 438 438 484 484 541 541 553 553 443 443 440 440 441 441 497 497 442 442 442 442 497 497 554 554 496 496 443 443 553 553 483 483 444 444 540 540 540 540 444 444 445 445 446 446 447 447 503 503 477 477 446 446 534 534 534 534 446 446 503 503 503 503 447 447 504 504 447 447 448 448 504 504 504 504 448 448 505 505 448 448 449 449 505 505 505 505 449 449 506 506 449 449 450 450 506 506 506 506 450 450 507 507 450 450 451 451 507 507 507 507 451 451 508 508 451 451 452 452 508 508 508 508 452 452 509 509 452 452 453 453 509 509 509 509 453 453 510 510 453 453 454 454 510 510 510 510 454 454 511 511 454 454 455 455 511 511 511 511 455 455 512 512 455 455 456 456 512 512 512 512 456 456 513 513 456 456 457 457 513 513 513 513 457 457 514 514 457 457 458 458 514 514 514 514 458 458 515 515 458 458 459 459 515 515 515 515 459 459 516 516 459 459 460 460 516 516 516 516 460 460 517 517 460 460 461 461 517 517 517 517 461 461 518 518 461 461 462 462 518 518 518 518 462 462 519 519 462 462 463 463 519 519 519 519 463 463 520 520 463 463 464 464 520 520 520 520 464 464 521 521 464 464 465 465 521 521 521 521 465 465 522 522 465 465 466 466 522 522 522 522 466 466 523 523 466 466 467 467 523 523 523 523 467 467 524 524 467 467 468 468 524 524 524 524 468 468 525 525 468 468 469 469 525 525 525 525 469 469 526 526 469 469 470 470 526 526 526 526 470 470 527 527 470 470 471 471 527 527 527 527 471 471 528 528 471 471 472 472 528 528 528 528 472 472 529 529 472 472 473 473 529 529 529 529 473 473 530 530 473 473 474 474 530 530 530 530 474 474 531 531 474 474 475 475 531 531 531 531 475 475 532 532 475 475 476 476 532 532 532 532 476 476 533 533 476 476 477 477 533 533 533 533 477 477 534 534 478 478 479 479 535 535 502 502 478 478 559 559 559 559 478 478 535 535 535 535 479 479 536 536 479 479 480 480 536 536 536 536 480 480 537 537 480 480 481 481 537 537 537 537 481 481 538 538 481 481 482 482 538 538 538 538 482 482 539 539 482 482 483 483 539 539 539 539 483 483 540 540 484 484 485 485 541 541 541 541 485 485 542 542 485 485 486 486 542 542 542 542 486 486 543 543 486 486 487 487 543 543 543 543 487 487 544 544 487 487 488 488 544 544 544 544 488 488 545 545 488 488 489 489 545 545 545 545 489 489 546 546 489 489 490 490 546 546 546 546 490 490 547 547 490 490 491 491 547 547 547 547 491 491 548 548 491 491 492 492 548 548 548 548 492 492 549 549 492 492 493 493 549 549 549 549 493 493 550 550 493 493 494 494 550 550 550 550 494 494 551 551 494 494 495 495 551 551 551 551 495 495 552 552 495 495 496 496 552 552 552 552 496 496 553 553 497 497 498 498 554 554 554 554 498 498 555 555 498 498 499 499 555 555 555 555 499 499 556 556 499 499 500 500 556 556 556 556 500 500 557 557 500 500 501 501 557 557 557 557 501 501 558 558 501 501 502 502 558 558 558 558 502 502 559 559 560 560 560 560 560 560 560 560 561 561 562 562 563 563 560 560 562 562 562 562 561 561 564 564 564 564 563 563 562 562 560 560 565 565 561 561 566 566 560 560 563 563 566 566 565 565 560 560 561 561 565 565 564 564 567 567 563 563 564 564 567 567 566 566 563 563 564 564 565 565 567 567 565 565 566 566 567 567 568 568 568 568 568 568 568 568 569 569 570 570 571 571 568 568 570 570 570 570 569 569 572 572 572 572 571 571 570 570 568 568 573 573 569 569 574 574 568 568 571 571 574 574 573 573 568 568 569 569 573 573 572 572 575 575 571 571 572 572 575 575 574 574 571 571 572 572 573 573 575 575 573 573 574 574 575 575 576 576 576 576 576 576 576 576 577 577 578 578 579 579 576 576 578 578 578 578 577 577 580 580 580 580 579 579 578 578 576 576 581 581 577 577 582 582 576 576 579 579 582 582 581 581 576 576 577 577 581 581 580 580 583 583 579 579 580 580 583 583 582 582 579 579 580 580 581 581 583 583 581 581 582 582 583 583 584 584 584 584 584 584 584 584 585 585 586 586 587 587 584 584 586 586 586 586 585 585 588 588 588 588 587 587 586 586 584 584 589 589 585 585 590 590 584 584 587 587 590 590 589 589 584 584 585 585 589 589 588 588 591 591 587 587 588 588 591 591 590 590 587 587 588 588 589 589 591 591 589 589 590 590 591 591 592 592 592 592 592 592 592 592 593 593 594 594 592 592 594 594 595 595 595 595 594 594 596 596 594 594 593 593 597 597 594 594 597 597 596 596 598 598 593 593 592 592 598 598 592 592 599 599 599 599 592 592 595 595 600 600 593 593 601 601 601 601 593 593 602 602 602 602 593 593 603 603 603 603 593 593 604 604 604 604 593 593 605 605 605 605 593 593 606 606 606 606 593 593 607 607 607 607 593 593 608 608 608 608 593 593 609 609 609 609 593 593 610 610 610 610 593 593 611 611 611 611 593 593 612 612 612 612 593 593 613 613 613 613 593 593 598 598 597 597 593 593 614 614 614 614 593 593 615 615 615 615 593 593 616 616 616 616 593 593 617 617 617 617 593 593 618 618 618 618 593 593 619 619 619 619 593 593 620 620 620 620 593 593 621 621 621 621 593 593 622 622 622 622 593 593 623 623 623 623 593 593 624 624 624 624 593 593 625 625 625 625 593 593 626 626 626 626 593 593 627 627 627 627 593 593 600 600 599 599 595 595 628 628 595 595 596 596 628 628 596 596 597 597 629 629 596 596 629 629 628 628 597 597 614 614 629 629 613 613 598 598 630 630 630 630 598 598 599 599 630 630 599 599 628 628 600 600 601 601 631 631 627 627 600 600 632 632 632 632 600 600 631 631 631 631 601 601 633 633 601 601 602 602 633 633 633 633 602 602 634 634 602 602 603 603 634 634 634 634 603 603 635 635 603 603 604 604 635 635 635 635 604 604 636 636 604 604 605 605 636 636 636 636 605 605 637 637 605 605 606 606 637 637 637 637 606 606 638 638 606 606 607 607 638 638 638 638 607 607 639 639 607 607 608 608 639 639 639 639 608 608 640 640 608 608 609 609 640 640 640 640 609 609 641 641 609 609 610 610 641 641 641 641 610 610 642 642 610 610 611 611 642 642 642 642 611 611 643 643 611 611 612 612 643 643 643 643 612 612 644 644 612 612 613 613 644 644 644 644 613 613 630 630 629 629 614 614 645 645 614 614 615 615 645 645 645 645 615 615 646 646 615 615 616 616 646 646 646 646 616 616 647 647 616 616 617 617 647 647 647 647 617 617 648 648 617 617 618 618 648 648 648 648 618 618 649 649 618 618 619 619 649 649 649 649 619 619 650 650 619 619 620 620 650 650 650 650 620 620 651 651 620 620 621 621 651 651 651 651 621 621 652 652 621 621 622 622 652 652 652 652 622 622 653 653 622 622 623 623 653 653 653 653 623 623 654 654 623 623 624 624 654 654 654 654 624 624 655 655 624 624 625 625 655 655 655 655 625 625 656 656 625 625 626 626 656 656 656 656 626 626 657 657 626 626 627 627 657 657 657 657 627 627 632 632 658 658 659 659 628 628 659 659 660 660 628 628 660 660 661 661 628 628 661 661 662 662 628 628 662 662 663 663 628 628 663 663 664 664 628 628 664 664 665 665 628 628 665 665 666 666 628 628 666 666 667 667 628 628 667 667 668 668 628 628 668 668 669 669 628 628 669 669 670 670 628 628 670 670 671 671 628 628 671 671 672 672 628 628 672 672 673 673 628 628 673 673 658 658 628 628 631 631 633 633 628 628 633 633 634 634 628 628 634 634 635 635 628 628 635 635 636 636 628 628 636 636 637 637 628 628 637 637 638 638 628 628 638 638 639 639 628 628 639 639 640 640 628 628 640 640 641 641 628 628 641 641 642 642 628 628 642 642 643 643 628 628 643 643 644 644 628 628 644 644 630 630 628 628 629 629 645 645 628 628 645 645 646 646 628 628 646 646 647 647 628 628 647 647 648 648 628 628 648 648 649 649 628 628 649 649 650 650 628 628 650 650 651 651 628 628 651 651 652 652 628 628 652 652 653 653 628 628 653 653 654 654 628 628 654 654 655 655 628 628 655 655 656 656 628 628 656 656 657 657 628 628 657 657 632 632 628 628 632 632 631 631 628 628 674 674 675 675 658 658 658 658 675 675 659 659 675 675 676 676 659 659 659 659 676 676 660 660 676 676 677 677 660 660 660 660 677 677 661 661 677 677 678 678 661 661 661 661 678 678 662 662 678 678 679 679 662 662 662 662 679 679 663 663 679 679 680 680 663 663 663 663 680 680 664 664 680 680 681 681 664 664 664 664 681 681 665 665 681 681 682 682 665 665 665 665 682 682 666 666 682 682 683 683 666 666 666 666 683 683 667 667 683 683 684 684 667 667 667 667 684 684 668 668 684 684 685 685 668 668 668 668 685 685 669 669 685 685 686 686 669 669 669 669 686 686 670 670 686 686 687 687 670 670 670 670 687 687 671 671 687 687 688 688 671 671 671 671 688 688 672 672 688 688 689 689 672 672 672 672 689 689 673 673 689 689 674 674 673 673 673 673 674 674 658 658 674 674 690 690 675 675 675 675 690 690 676 676 676 676 690 690 677 677 677 677 690 690 678 678 678 678 690 690 679 679 679 679 690 690 680 680 680 680 690 690 681 681 681 681 690 690 682 682 682 682 690 690 683 683 683 683 690 690 684 684 684 684 690 690 685 685 685 685 690 690 686 686 686 686 690 690 687 687 687 687 690 690 688 688 688 688 690 690 689 689 689 689 690 690 674 674 691 691 691 691 691 691 691 691 692 692 693 693 691 691 693 693 694 694 692 692 695 695 693 693 693 693 695 695 696 696 693 693 696 696 694 694 697 697 698 698 691 691 697 697 691 691 694 694 698 698 692 692 691 691 698 698 699 699 692 692 692 692 699 699 695 695 700 700 701 701 694 694 701 701 702 702 694 694 702 702 703 703 694 694 703 703 704 704 694 694 704 704 705 705 694 694 705 705 706 706 694 694 706 706 707 707 694 694 707 707 708 708 694 694 708 708 709 709 694 694 709 709 710 710 694 694 710 710 711 711 694 694 711 711 712 712 694 694 712 712 713 713 694 694 713 713 697 697 694 694 696 696 714 714 694 694 714 714 715 715 694 694 715 715 716 716 694 694 716 716 717 717 694 694 717 717 718 718 694 694 718 718 719 719 694 694 719 719 720 720 694 694 720 720 721 721 694 694 721 721 722 722 694 694 722 722 723 723 694 694 723 723 724 724 694 694 724 724 725 725 694 694 725 725 726 726 694 694 726 726 727 727 694 694 727 727 700 700 694 694 695 695 699 699 728 728 695 695 728 728 696 696 696 696 728 728 714 714 713 713 729 729 697 697 729 729 698 698 697 697 729 729 699 699 698 698 730 730 699 699 731 731 731 731 699 699 732 732 732 732 699 699 733 733 733 733 699 699 734 734 734 734 699 699 735 735 735 735 699 699 736 736 736 736 699 699 737 737 737 737 699 699 738 738 738 738 699 699 739 739 739 739 699 699 740 740 740 740 699 699 741 741 741 741 699 699 742 742 742 742 699 699 743 743 743 743 699 699 729 729 728 728 699 699 744 744 744 744 699 699 745 745 745 745 699 699 746 746 746 746 699 699 747 747 747 747 699 699 748 748 748 748 699 699 749 749 749 749 699 699 750 750 750 750 699 699 751 751 751 751 699 699 752 752 752 752 699 699 753 753 753 753 699 699 754 754 754 754 699 699 755 755 755 755 699 699 756 756 756 756 699 699 730 730 730 730 731 731 700 700 700 700 731 731 701 701 727 727 730 730 700 700 731 731 732 732 701 701 701 701 732 732 702 702 732 732 733 733 702 702 702 702 733 733 703 703 733 733 734 734 703 703 703 703 734 734 704 704 734 734 735 735 704 704 704 704 735 735 705 705 735 735 736 736 705 705 705 705 736 736 706 706 736 736 737 737 706 706 706 706 737 737 707 707 737 737 738 738 707 707 707 707 738 738 708 708 738 738 739 739 708 708 708 708 739 739 709 709 739 739 740 740 709 709 709 709 740 740 710 710 740 740 741 741 710 710 710 710 741 741 711 711 741 741 742 742 711 711 711 711 742 742 712 712 742 742 743 743 712 712 712 712 743 743 713 713 743 743 729 729 713 713 728 728 744 744 714 714 714 714 744 744 715 715 744 744 745 745 715 715 715 715 745 745 716 716 745 745 746 746 716 716 716 716 746 746 717 717 746 746 747 747 717 717 717 717 747 747 718 718 747 747 748 748 718 718 718 718 748 748 719 719 748 748 749 749 719 719 719 719 749 749 720 720 749 749 750 750 720 720 720 720 750 750 721 721 750 750 751 751 721 721 721 721 751 751 722 722 751 751 752 752 722 722 722 722 752 752 723 723 752 752 753 753 723 723 723 723 753 753 724 724 753 753 754 754 724 724 724 724 754 754 725 725 754 754 755 755 725 725 725 725 755 755 726 726 755 755 756 756 726 726 726 726 756 756 727 727 756 756 730 730 727 727 757 757 757 757 757 757 757 757 758 758 759 759 757 757 759 759 760 760 758 758 761 761 759 759 759 759 761 761 762 762 759 759 762 762 760 760 763 763 764 764 757 757 763 763 757 757 760 760 764 764 758 758 757 757 764 764 765 765 758 758 758 758 765 765 761 761 766 766 767 767 760 760 767 767 768 768 760 760 768 768 769 769 760 760 769 769 770 770 760 760 770 770 771 771 760 760 771 771 772 772 760 760 772 772 773 773 760 760 773 773 774 774 760 760 774 774 775 775 760 760 775 775 776 776 760 760 776 776 777 777 760 760 777 777 778 778 760 760 778 778 779 779 760 760 779 779 763 763 760 760 762 762 780 780 760 760 780 780 781 781 760 760 781 781 782 782 760 760 782 782 783 783 760 760 783 783 784 784 760 760 784 784 785 785 760 760 785 785 786 786 760 760 786 786 787 787 760 760 787 787 788 788 760 760 788 788 789 789 760 760 789 789 790 790 760 760 790 790 791 791 760 760 791 791 792 792 760 760 792 792 793 793 760 760 793 793 766 766 760 760 761 761 765 765 794 794 761 761 794 794 762 762 762 762 794 794 780 780 779 779 795 795 763 763 795 795 764 764 763 763 795 795 765 765 764 764 796 796 765 765 797 797 797 797 765 765 798 798 798 798 765 765 799 799 799 799 765 765 800 800 800 800 765 765 801 801 801 801 765 765 802 802 802 802 765 765 803 803 803 803 765 765 804 804 804 804 765 765 805 805 805 805 765 765 806 806 806 806 765 765 807 807 807 807 765 765 808 808 808 808 765 765 809 809 809 809 765 765 795 795 794 794 765 765 810 810 810 810 765 765 811 811 811 811 765 765 812 812 812 812 765 765 813 813 813 813 765 765 814 814 814 814 765 765 815 815 815 815 765 765 816 816 816 816 765 765 817 817 817 817 765 765 818 818 818 818 765 765 819 819 819 819 765 765 820 820 820 820 765 765 821 821 821 821 765 765 822 822 822 822 765 765 796 796 796 796 797 797 766 766 766 766 797 797 767 767 793 793 796 796 766 766 797 797 798 798 767 767 767 767 798 798 768 768 798 798 799 799 768 768 768 768 799 799 769 769 799 799 800 800 769 769 769 769 800 800 770 770 800 800 801 801 770 770 770 770 801 801 771 771 801 801 802 802 771 771 771 771 802 802 772 772 802 802 803 803 772 772 772 772 803 803 773 773 803 803 804 804 773 773 773 773 804 804 774 774 804 804 805 805 774 774 774 774 805 805 775 775 805 805 806 806 775 775 775 775 806 806 776 776 806 806 807 807 776 776 776 776 807 807 777 777 807 807 808 808 777 777 777 777 808 808 778 778 808 808 809 809 778 778 778 778 809 809 779 779 809 809 795 795 779 779 794 794 810 810 780 780 780 780 810 810 781 781 810 810 811 811 781 781 781 781 811 811 782 782 811 811 812 812 782 782 782 782 812 812 783 783 812 812 813 813 783 783 783 783 813 813 784 784 813 813 814 814 784 784 784 784 814 814 785 785 814 814 815 815 785 785 785 785 815 815 786 786 815 815 816 816 786 786 786 786 816 816 787 787 816 816 817 817 787 787 787 787 817 817 788 788 817 817 818 818 788 788 788 788 818 818 789 789 818 818 819 819 789 789 789 789 819 819 790 790 819 819 820 820 790 790 790 790 820 820 791 791 820 820 821 821 791 791 791 791 821 821 792 792 821 821 822 822 792 792 792 792 822 822 793 793 822 822 796 796 793 793 823 823 823 823 823 823 823 823 824 824 825 825 823 823 825 825 826 826 824 824 827 827 825 825 825 825 827 827 828 828 825 825 828 828 826 826 829 829 830 830 823 823 829 829 823 823 826 826 830 830 824 824 823 823 830 830 831 831 824 824 824 824 831 831 827 827 832 832 833 833 826 826 833 833 834 834 826 826 834 834 835 835 826 826 835 835 836 836 826 826 836 836 837 837 826 826 837 837 838 838 826 826 838 838 839 839 826 826 839 839 840 840 826 826 840 840 841 841 826 826 841 841 842 842 826 826 842 842 843 843 826 826 843 843 844 844 826 826 844 844 845 845 826 826 845 845 829 829 826 826 828 828 846 846 826 826 846 846 847 847 826 826 847 847 848 848 826 826 848 848 849 849 826 826 849 849 850 850 826 826 850 850 851 851 826 826 851 851 852 852 826 826 852 852 853 853 826 826 853 853 854 854 826 826 854 854 855 855 826 826 855 855 856 856 826 826 856 856 857 857 826 826 857 857 858 858 826 826 858 858 859 859 826 826 859 859 832 832 826 826 827 827 831 831 860 860 827 827 860 860 828 828 828 828 860 860 846 846 845 845 861 861 829 829 861 861 830 830 829 829 861 861 831 831 830 830 862 862 831 831 863 863 863 863 831 831 864 864 864 864 831 831 865 865 865 865 831 831 866 866 866 866 831 831 867 867 867 867 831 831 868 868 868 868 831 831 869 869 869 869 831 831 870 870 870 870 831 831 871 871 871 871 831 831 872 872 872 872 831 831 873 873 873 873 831 831 874 874 874 874 831 831 875 875 875 875 831 831 861 861 860 860 831 831 876 876 876 876 831 831 877 877 877 877 831 831 878 878 878 878 831 831 879 879 879 879 831 831 880 880 880 880 831 831 881 881 881 881 831 831 882 882 882 882 831 831 883 883 883 883 831 831 884 884 884 884 831 831 885 885 885 885 831 831 886 886 886 886 831 831 887 887 887 887 831 831 888 888 888 888 831 831 862 862 862 862 863 863 832 832 832 832 863 863 833 833 859 859 862 862 832 832 863 863 864 864 833 833 833 833 864 864 834 834 864 864 865 865 834 834 834 834 865 865 835 835 865 865 866 866 835 835 835 835 866 866 836 836 866 866 867 867 836 836 836 836 867 867 837 837 867 867 868 868 837 837 837 837 868 868 838 838 868 868 869 869 838 838 838 838 869 869 839 839 869 869 870 870 839 839 839 839 870 870 840 840 870 870 871 871 840 840 840 840 871 871 841 841 871 871 872 872 841 841 841 841 872 872 842 842 872 872 873 873 842 842 842 842 873 873 843 843 873 873 874 874 843 843 843 843 874 874 844 844 874 874 875 875 844 844 844 844 875 875 845 845 875 875 861 861 845 845 860 860 876 876 846 846 846 846 876 876 847 847 876 876 877 877 847 847 847 847 877 877 848 848 877 877 878 878 848 848 848 848 878 878 849 849 878 878 879 879 849 849 849 849 879 879 850 850 879 879 880 880 850 850 850 850 880 880 851 851 880 880 881 881 851 851 851 851 881 881 852 852 881 881 882 882 852 852 852 852 882 882 853 853 882 882 883 883 853 853 853 853 883 883 854 854 883 883 884 884 854 854 854 854 884 884 855 855 884 884 885 885 855 855 855 855 885 885 856 856 885 885 886 886 856 856 856 856 886 886 857 857 886 886 887 887 857 857 857 857 887 887 858 858 887 887 888 888 858 858 858 858 888 888 859 859 888 888 862 862 859 859 889 889 889 889 889 889 889 889 890 890 891 891 889 889 891 891 892 892 890 890 893 893 891 891 891 891 893 893 894 894 891 891 894 894 892 892 895 895 896 896 889 889 895 895 889 889 892 892 896 896 890 890 889 889 896 896 897 897 890 890 890 890 897 897 893 893 898 898 899 899 892 892 899 899 900 900 892 892 900 900 901 901 892 892 901 901 902 902 892 892 902 902 903 903 892 892 903 903 904 904 892 892 904 904 905 905 892 892 905 905 906 906 892 892 906 906 907 907 892 892 907 907 908 908 892 892 908 908 909 909 892 892 909 909 910 910 892 892 910 910 911 911 892 892 911 911 895 895 892 892 894 894 912 912 892 892 912 912 913 913 892 892 913 913 914 914 892 892 914 914 915 915 892 892 915 915 916 916 892 892 916 916 917 917 892 892 917 917 918 918 892 892 918 918 919 919 892 892 919 919 920 920 892 892 920 920 921 921 892 892 921 921 922 922 892 892 922 922 923 923 892 892 923 923 924 924 892 892 924 924 925 925 892 892 925 925 898 898 892 892 893 893 897 897 926 926 893 893 926 926 894 894 894 894 926 926 912 912 911 911 927 927 895 895 927 927 896 896 895 895 927 927 897 897 896 896 928 928 897 897 929 929 929 929 897 897 930 930 930 930 897 897 931 931 931 931 897 897 932 932 932 932 897 897 933 933 933 933 897 897 934 934 934 934 897 897 935 935 935 935 897 897 936 936 936 936 897 897 937 937 937 937 897 897 938 938 938 938 897 897 939 939 939 939 897 897 940 940 940 940 897 897 941 941 941 941 897 897 927 927 926 926 897 897 942 942 942 942 897 897 943 943 943 943 897 897 944 944 944 944 897 897 945 945 945 945 897 897 946 946 946 946 897 897 947 947 947 947 897 897 948 948 948 948 897 897 949 949 949 949 897 897 950 950 950 950 897 897 951 951 951 951 897 897 952 952 952 952 897 897 953 953 953 953 897 897 954 954 954 954 897 897 928 928 928 928 929 929 898 898 898 898 929 929 899 899 925 925 928 928 898 898 929 929 930 930 899 899 899 899 930 930 900 900 930 930 931 931 900 900 900 900 931 931 901 901 931 931 932 932 901 901 901 901 932 932 902 902 932 932 933 933 902 902 902 902 933 933 903 903 933 933 934 934 903 903 903 903 934 934 904 904 934 934 935 935 904 904 904 904 935 935 905 905 935 935 936 936 905 905 905 905 936 936 906 906 936 936 937 937 906 906 906 906 937 937 907 907 937 937 938 938 907 907 907 907 938 938 908 908 938 938 939 939 908 908 908 908 939 939 909 909 939 939 940 940 909 909 909 909 940 940 910 910 940 940 941 941 910 910 910 910 941 941 911 911 941 941 927 927 911 911 926 926 942 942 912 912 912 912 942 942 913 913 942 942 943 943 913 913 913 913 943 943 914 914 943 943 944 944 914 914 914 914 944 944 915 915 944 944 945 945 915 915 915 915 945 945 916 916 945 945 946 946 916 916 916 916 946 946 917 917 946 946 947 947 917 917 917 917 947 947 918 918 947 947 948 948 918 918 918 918 948 948 919 919 948 948 949 949 919 919 919 919 949 949 920 920 949 949 950 950 920 920 920 920 950 950 921 921 950 950 951 951 921 921 921 921 951 951 922 922 951 951 952 952 922 922 922 922 952 952 923 923 952 952 953 953 923 923 923 923 953 953 924 924 953 953 954 954 924 924 924 924 954 954 925 925 954 954 928 928 925 925 955 955 955 955 955 955 955 955 956 956 957 957 955 955 957 957 958 958 956 956 959 959 957 957 957 957 959 959 960 960 957 957 960 960 958 958 961 961 962 962 955 955 961 961 955 955 958 958 962 962 956 956 955 955 962 962 963 963 956 956 956 956 963 963 959 959 964 964 965 965 958 958 965 965 966 966 958 958 966 966 967 967 958 958 967 967 968 968 958 958 968 968 969 969 958 958 969 969 970 970 958 958 970 970 971 971 958 958 971 971 972 972 958 958 972 972 973 973 958 958 973 973 974 974 958 958 974 974 975 975 958 958 975 975 976 976 958 958 976 976 977 977 958 958 977 977 961 961 958 958 960 960 978 978 958 958 978 978 979 979 958 958 979 979 980 980 958 958 980 980 981 981 958 958 981 981 982 982 958 958 982 982 983 983 958 958 983 983 984 984 958 958 984 984 985 985 958 958 985 985 986 986 958 958 986 986 987 987 958 958 987 987 988 988 958 958 988 988 989 989 958 958 989 989 990 990 958 958 990 990 991 991 958 958 991 991 964 964 958 958 959 959 963 963 992 992 959 959 992 992 960 960 960 960 992 992 978 978 977 977 993 993 961 961 993 993 962 962 961 961 993 993 963 963 962 962 994 994 963 963 995 995 995 995 963 963 996 996 996 996 963 963 997 997 997 997 963 963 998 998 998 998 963 963 999 999 999 999 963 963 1000 1000 1000 1000 963 963 1001 1001 1001 1001 963 963 1002 1002 1002 1002 963 963 1003 1003 1003 1003 963 963 1004 1004 1004 1004 963 963 1005 1005 1005 1005 963 963 1006 1006 1006 1006 963 963 1007 1007 1007 1007 963 963 993 993 992 992 963 963 1008 1008 1008 1008 963 963 1009 1009 1009 1009 963 963 1010 1010 1010 1010 963 963 1011 1011 1011 1011 963 963 1012 1012 1012 1012 963 963 1013 1013 1013 1013 963 963 1014 1014 1014 1014 963 963 1015 1015 1015 1015 963 963 1016 1016 1016 1016 963 963 1017 1017 1017 1017 963 963 1018 1018 1018 1018 963 963 1019 1019 1019 1019 963 963 1020 1020 1020 1020 963 963 994 994 994 994 995 995 964 964 964 964 995 995 965 965 991 991 994 994 964 964 995 995 996 996 965 965 965 965 996 996 966 966 996 996 997 997 966 966 966 966 997 997 967 967 997 997 998 998 967 967 967 967 998 998 968 968 998 998 999 999 968 968 968 968 999 999 969 969 999 999 1000 1000 969 969 969 969 1000 1000 970 970 1000 1000 1001 1001 970 970 970 970 1001 1001 971 971 1001 1001 1002 1002 971 971 971 971 1002 1002 972 972 1002 1002 1003 1003 972 972 972 972 1003 1003 973 973 1003 1003 1004 1004 973 973 973 973 1004 1004 974 974 1004 1004 1005 1005 974 974 974 974 1005 1005 975 975 1005 1005 1006 1006 975 975 975 975 1006 1006 976 976 1006 1006 1007 1007 976 976 976 976 1007 1007 977 977 1007 1007 993 993 977 977 992 992 1008 1008 978 978 978 978 1008 1008 979 979 1008 1008 1009 1009 979 979 979 979 1009 1009 980 980 1009 1009 1010 1010 980 980 980 980 1010 1010 981 981 1010 1010 1011 1011 981 981 981 981 1011 1011 982 982 1011 1011 1012 1012 982 982 982 982 1012 1012 983 983 1012 1012 1013 1013 983 983 983 983 1013 1013 984 984 1013 1013 1014 1014 984 984 984 984 1014 1014 985 985 1014 1014 1015 1015 985 985 985 985 1015 1015 986 986 1015 1015 1016 1016 986 986 986 986 1016 1016 987 987 1016 1016 1017 1017 987 987 987 987 1017 1017 988 988 1017 1017 1018 1018 988 988 988 988 1018 1018 989 989 1018 1018 1019 1019 989 989 989 989 1019 1019 990 990 1019 1019 1020 1020 990 990 990 990 1020 1020 991 991 1020 1020 994 994 991 991 1021 1021 1021 1021 1021 1021 1021 1021 1022 1022 1023 1023 1021 1021 1023 1023 1024 1024 1022 1022 1025 1025 1023 1023 1023 1023 1025 1025 1026 1026 1023 1023 1026 1026 1024 1024 1027 1027 1028 1028 1021 1021 1027 1027 1021 1021 1024 1024 1028 1028 1022 1022 1021 1021 1028 1028 1029 1029 1022 1022 1022 1022 1029 1029 1025 1025 1030 1030 1031 1031 1024 1024 1031 1031 1032 1032 1024 1024 1032 1032 1033 1033 1024 1024 1033 1033 1034 1034 1024 1024 1034 1034 1035 1035 1024 1024 1035 1035 1036 1036 1024 1024 1036 1036 1037 1037 1024 1024 1037 1037 1038 1038 1024 1024 1038 1038 1039 1039 1024 1024 1039 1039 1040 1040 1024 1024 1040 1040 1041 1041 1024 1024 1041 1041 1042 1042 1024 1024 1042 1042 1043 1043 1024 1024 1043 1043 1027 1027 1024 1024 1026 1026 1044 1044 1024 1024 1044 1044 1045 1045 1024 1024 1045 1045 1046 1046 1024 1024 1046 1046 1047 1047 1024 1024 1047 1047 1048 1048 1024 1024 1048 1048 1049 1049 1024 1024 1049 1049 1050 1050 1024 1024 1050 1050 1051 1051 1024 1024 1051 1051 1052 1052 1024 1024 1052 1052 1053 1053 1024 1024 1053 1053 1054 1054 1024 1024 1054 1054 1055 1055 1024 1024 1055 1055 1056 1056 1024 1024 1056 1056 1057 1057 1024 1024 1057 1057 1030 1030 1024 1024 1025 1025 1029 1029 1058 1058 1025 1025 1058 1058 1026 1026 1026 1026 1058 1058 1044 1044 1043 1043 1059 1059 1027 1027 1059 1059 1028 1028 1027 1027 1059 1059 1029 1029 1028 1028 1060 1060 1029 1029 1061 1061 1061 1061 1029 1029 1062 1062 1062 1062 1029 1029 1063 1063 1063 1063 1029 1029 1064 1064 1064 1064 1029 1029 1065 1065 1065 1065 1029 1029 1066 1066 1066 1066 1029 1029 1067 1067 1067 1067 1029 1029 1068 1068 1068 1068 1029 1029 1069 1069 1069 1069 1029 1029 1070 1070 1070 1070 1029 1029 1071 1071 1071 1071 1029 1029 1072 1072 1072 1072 1029 1029 1073 1073 1073 1073 1029 1029 1059 1059 1058 1058 1029 1029 1074 1074 1074 1074 1029 1029 1075 1075 1075 1075 1029 1029 1076 1076 1076 1076 1029 1029 1077 1077 1077 1077 1029 1029 1078 1078 1078 1078 1029 1029 1079 1079 1079 1079 1029 1029 1080 1080 1080 1080 1029 1029 1081 1081 1081 1081 1029 1029 1082 1082 1082 1082 1029 1029 1083 1083 1083 1083 1029 1029 1084 1084 1084 1084 1029 1029 1085 1085 1085 1085 1029 1029 1086 1086 1086 1086 1029 1029 1060 1060 1060 1060 1061 1061 1030 1030 1030 1030 1061 1061 1031 1031 1057 1057 1060 1060 1030 1030 1061 1061 1062 1062 1031 1031 1031 1031 1062 1062 1032 1032 1062 1062 1063 1063 1032 1032 1032 1032 1063 1063 1033 1033 1063 1063 1064 1064 1033 1033 1033 1033 1064 1064 1034 1034 1064 1064 1065 1065 1034 1034 1034 1034 1065 1065 1035 1035 1065 1065 1066 1066 1035 1035 1035 1035 1066 1066 1036 1036 1066 1066 1067 1067 1036 1036 1036 1036 1067 1067 1037 1037 1067 1067 1068 1068 1037 1037 1037 1037 1068 1068 1038 1038 1068 1068 1069 1069 1038 1038 1038 1038 1069 1069 1039 1039 1069 1069 1070 1070 1039 1039 1039 1039 1070 1070 1040 1040 1070 1070 1071 1071 1040 1040 1040 1040 1071 1071 1041 1041 1071 1071 1072 1072 1041 1041 1041 1041 1072 1072 1042 1042 1072 1072 1073 1073 1042 1042 1042 1042 1073 1073 1043 1043 1073 1073 1059 1059 1043 1043 1058 1058 1074 1074 1044 1044 1044 1044 1074 1074 1045 1045 1074 1074 1075 1075 1045 1045 1045 1045 1075 1075 1046 1046 1075 1075 1076 1076 1046 1046 1046 1046 1076 1076 1047 1047 1076 1076 1077 1077 1047 1047 1047 1047 1077 1077 1048 1048 1077 1077 1078 1078 1048 1048 1048 1048 1078 1078 1049 1049 1078 1078 1079 1079 1049 1049 1049 1049 1079 1079 1050 1050 1079 1079 1080 1080 1050 1050 1050 1050 1080 1080 1051 1051 1080 1080 1081 1081 1051 1051 1051 1051 1081 1081 1052 1052 1081 1081 1082 1082 1052 1052 1052 1052 1082 1082 1053 1053 1082 1082 1083 1083 1053 1053 1053 1053 1083 1083 1054 1054 1083 1083 1084 1084 1054 1054 1054 1054 1084 1084 1055 1055 1084 1084 1085 1085 1055 1055 1055 1055 1085 1085 1056 1056 1085 1085 1086 1086 1056 1056 1056 1056 1086 1086 1057 1057 1086 1086 1060 1060 1057 1057 1087 1087 1087 1087 1087 1087 1087 1087 1088 1088 1089 1089 1087 1087 1089 1089 1090 1090 1088 1088 1091 1091 1089 1089 1089 1089 1091 1091 1092 1092 1089 1089 1092 1092 1090 1090 1093 1093 1094 1094 1087 1087 1093 1093 1087 1087 1090 1090 1094 1094 1088 1088 1087 1087 1094 1094 1095 1095 1088 1088 1088 1088 1095 1095 1091 1091 1096 1096 1097 1097 1090 1090 1097 1097 1098 1098 1090 1090 1098 1098 1099 1099 1090 1090 1099 1099 1100 1100 1090 1090 1100 1100 1101 1101 1090 1090 1101 1101 1102 1102 1090 1090 1102 1102 1103 1103 1090 1090 1103 1103 1104 1104 1090 1090 1104 1104 1105 1105 1090 1090 1105 1105 1106 1106 1090 1090 1106 1106 1107 1107 1090 1090 1107 1107 1108 1108 1090 1090 1108 1108 1109 1109 1090 1090 1109 1109 1093 1093 1090 1090 1092 1092 1110 1110 1090 1090 1110 1110 1111 1111 1090 1090 1111 1111 1112 1112 1090 1090 1112 1112 1113 1113 1090 1090 1113 1113 1114 1114 1090 1090 1114 1114 1115 1115 1090 1090 1115 1115 1116 1116 1090 1090 1116 1116 1117 1117 1090 1090 1117 1117 1118 1118 1090 1090 1118 1118 1119 1119 1090 1090 1119 1119 1120 1120 1090 1090 1120 1120 1121 1121 1090 1090 1121 1121 1122 1122 1090 1090 1122 1122 1123 1123 1090 1090 1123 1123 1096 1096 1090 1090 1091 1091 1095 1095 1124 1124 1091 1091 1124 1124 1092 1092 1092 1092 1124 1124 1110 1110 1109 1109 1125 1125 1093 1093 1125 1125 1094 1094 1093 1093 1125 1125 1095 1095 1094 1094 1126 1126 1095 1095 1127 1127 1127 1127 1095 1095 1128 1128 1128 1128 1095 1095 1129 1129 1129 1129 1095 1095 1130 1130 1130 1130 1095 1095 1131 1131 1131 1131 1095 1095 1132 1132 1132 1132 1095 1095 1133 1133 1133 1133 1095 1095 1134 1134 1134 1134 1095 1095 1135 1135 1135 1135 1095 1095 1136 1136 1136 1136 1095 1095 1137 1137 1137 1137 1095 1095 1138 1138 1138 1138 1095 1095 1139 1139 1139 1139 1095 1095 1125 1125 1124 1124 1095 1095 1140 1140 1140 1140 1095 1095 1141 1141 1141 1141 1095 1095 1142 1142 1142 1142 1095 1095 1143 1143 1143 1143 1095 1095 1144 1144 1144 1144 1095 1095 1145 1145 1145 1145 1095 1095 1146 1146 1146 1146 1095 1095 1147 1147 1147 1147 1095 1095 1148 1148 1148 1148 1095 1095 1149 1149 1149 1149 1095 1095 1150 1150 1150 1150 1095 1095 1151 1151 1151 1151 1095 1095 1152 1152 1152 1152 1095 1095 1126 1126 1126 1126 1127 1127 1096 1096 1096 1096 1127 1127 1097 1097 1123 1123 1126 1126 1096 1096 1127 1127 1128 1128 1097 1097 1097 1097 1128 1128 1098 1098 1128 1128 1129 1129 1098 1098 1098 1098 1129 1129 1099 1099 1129 1129 1130 1130 1099 1099 1099 1099 1130 1130 1100 1100 1130 1130 1131 1131 1100 1100 1100 1100 1131 1131 1101 1101 1131 1131 1132 1132 1101 1101 1101 1101 1132 1132 1102 1102 1132 1132 1133 1133 1102 1102 1102 1102 1133 1133 1103 1103 1133 1133 1134 1134 1103 1103 1103 1103 1134 1134 1104 1104 1134 1134 1135 1135 1104 1104 1104 1104 1135 1135 1105 1105 1135 1135 1136 1136 1105 1105 1105 1105 1136 1136 1106 1106 1136 1136 1137 1137 1106 1106 1106 1106 1137 1137 1107 1107 1137 1137 1138 1138 1107 1107 1107 1107 1138 1138 1108 1108 1138 1138 1139 1139 1108 1108 1108 1108 1139 1139 1109 1109 1139 1139 1125 1125 1109 1109 1124 1124 1140 1140 1110 1110 1110 1110 1140 1140 1111 1111 1140 1140 1141 1141 1111 1111 1111 1111 1141 1141 1112 1112 1141 1141 1142 1142 1112 1112 1112 1112 1142 1142 1113 1113 1142 1142 1143 1143 1113 1113 1113 1113 1143 1143 1114 1114 1143 1143 1144 1144 1114 1114 1114 1114 1144 1144 1115 1115 1144 1144 1145 1145 1115 1115 1115 1115 1145 1145 1116 1116 1145 1145 1146 1146 1116 1116 1116 1116 1146 1146 1117 1117 1146 1146 1147 1147 1117 1117 1117 1117 1147 1147 1118 1118 1147 1147 1148 1148 1118 1118 1118 1118 1148 1148 1119 1119 1148 1148 1149 1149 1119 1119 1119 1119 1149 1149 1120 1120 1149 1149 1150 1150 1120 1120 1120 1120 1150 1150 1121 1121 1150 1150 1151 1151 1121 1121 1121 1121 1151 1151 1122 1122 1151 1151 1152 1152 1122 1122 1122 1122 1152 1152 1123 1123 1152 1152 1126 1126 1123 1123 1153 1153 1153 1153 1153 1153 1153 1153 1154 1154 1155 1155 1153 1153 1155 1155 1156 1156 1154 1154 1157 1157 1155 1155 1155 1155 1157 1157 1158 1158 1155 1155 1158 1158 1156 1156 1159 1159 1160 1160 1153 1153 1159 1159 1153 1153 1156 1156 1160 1160 1154 1154 1153 1153 1160 1160 1161 1161 1154 1154 1154 1154 1161 1161 1157 1157 1162 1162 1163 1163 1156 1156 1163 1163 1164 1164 1156 1156 1164 1164 1165 1165 1156 1156 1165 1165 1166 1166 1156 1156 1166 1166 1167 1167 1156 1156 1167 1167 1168 1168 1156 1156 1168 1168 1169 1169 1156 1156 1169 1169 1170 1170 1156 1156 1170 1170 1171 1171 1156 1156 1171 1171 1172 1172 1156 1156 1172 1172 1173 1173 1156 1156 1173 1173 1174 1174 1156 1156 1174 1174 1175 1175 1156 1156 1175 1175 1159 1159 1156 1156 1158 1158 1176 1176 1156 1156 1176 1176 1177 1177 1156 1156 1177 1177 1178 1178 1156 1156 1178 1178 1179 1179 1156 1156 1179 1179 1180 1180 1156 1156 1180 1180 1181 1181 1156 1156 1181 1181 1182 1182 1156 1156 1182 1182 1183 1183 1156 1156 1183 1183 1184 1184 1156 1156 1184 1184 1185 1185 1156 1156 1185 1185 1186 1186 1156 1156 1186 1186 1187 1187 1156 1156 1187 1187 1188 1188 1156 1156 1188 1188 1189 1189 1156 1156 1189 1189 1162 1162 1156 1156 1157 1157 1161 1161 1190 1190 1157 1157 1190 1190 1158 1158 1158 1158 1190 1190 1176 1176 1175 1175 1191 1191 1159 1159 1191 1191 1160 1160 1159 1159 1191 1191 1161 1161 1160 1160 1192 1192 1161 1161 1193 1193 1193 1193 1161 1161 1194 1194 1194 1194 1161 1161 1195 1195 1195 1195 1161 1161 1196 1196 1196 1196 1161 1161 1197 1197 1197 1197 1161 1161 1198 1198 1198 1198 1161 1161 1199 1199 1199 1199 1161 1161 1200 1200 1200 1200 1161 1161 1201 1201 1201 1201 1161 1161 1202 1202 1202 1202 1161 1161 1203 1203 1203 1203 1161 1161 1204 1204 1204 1204 1161 1161 1205 1205 1205 1205 1161 1161 1191 1191 1190 1190 1161 1161 1206 1206 1206 1206 1161 1161 1207 1207 1207 1207 1161 1161 1208 1208 1208 1208 1161 1161 1209 1209 1209 1209 1161 1161 1210 1210 1210 1210 1161 1161 1211 1211 1211 1211 1161 1161 1212 1212 1212 1212 1161 1161 1213 1213 1213 1213 1161 1161 1214 1214 1214 1214 1161 1161 1215 1215 1215 1215 1161 1161 1216 1216 1216 1216 1161 1161 1217 1217 1217 1217 1161 1161 1218 1218 1218 1218 1161 1161 1192 1192 1192 1192 1193 1193 1162 1162 1162 1162 1193 1193 1163 1163 1189 1189 1192 1192 1162 1162 1193 1193 1194 1194 1163 1163 1163 1163 1194 1194 1164 1164 1194 1194 1195 1195 1164 1164 1164 1164 1195 1195 1165 1165 1195 1195 1196 1196 1165 1165 1165 1165 1196 1196 1166 1166 1196 1196 1197 1197 1166 1166 1166 1166 1197 1197 1167 1167 1197 1197 1198 1198 1167 1167 1167 1167 1198 1198 1168 1168 1198 1198 1199 1199 1168 1168 1168 1168 1199 1199 1169 1169 1199 1199 1200 1200 1169 1169 1169 1169 1200 1200 1170 1170 1200 1200 1201 1201 1170 1170 1170 1170 1201 1201 1171 1171 1201 1201 1202 1202 1171 1171 1171 1171 1202 1202 1172 1172 1202 1202 1203 1203 1172 1172 1172 1172 1203 1203 1173 1173 1203 1203 1204 1204 1173 1173 1173 1173 1204 1204 1174 1174 1204 1204 1205 1205 1174 1174 1174 1174 1205 1205 1175 1175 1205 1205 1191 1191 1175 1175 1190 1190 1206 1206 1176 1176 1176 1176 1206 1206 1177 1177 1206 1206 1207 1207 1177 1177 1177 1177 1207 1207 1178 1178 1207 1207 1208 1208 1178 1178 1178 1178 1208 1208 1179 1179 1208 1208 1209 1209 1179 1179 1179 1179 1209 1209 1180 1180 1209 1209 1210 1210 1180 1180 1180 1180 1210 1210 1181 1181 1210 1210 1211 1211 1181 1181 1181 1181 1211 1211 1182 1182 1211 1211 1212 1212 1182 1182 1182 1182 1212 1212 1183 1183 1212 1212 1213 1213 1183 1183 1183 1183 1213 1213 1184 1184 1213 1213 1214 1214 1184 1184 1184 1184 1214 1214 1185 1185 1214 1214 1215 1215 1185 1185 1185 1185 1215 1215 1186 1186 1215 1215 1216 1216 1186 1186 1186 1186 1216 1216 1187 1187 1216 1216 1217 1217 1187 1187 1187 1187 1217 1217 1188 1188 1217 1217 1218 1218 1188 1188 1188 1188 1218 1218 1189 1189 1218 1218 1192 1192 1189 1189 1219 1219 1219 1219 1219 1219 1219 1219 1220 1220 1221 1221 1219 1219 1221 1221 1222 1222 1222 1222 1221 1221 1223 1223 1224 1224 1220 1220 1219 1219 1224 1224 1219 1219 1222 1222 1225 1225 1226 1226 1220 1220 1226 1226 1224 1224 1220 1220 1224 1224 1219 1219 1220 1220 1219 1219 1221 1221 1220 1220 1221 1221 1227 1227 1220 1220 1227 1227 1228 1228 1220 1220 1228 1228 1225 1225 1220 1220 1225 1225 1220 1220 1229 1229 1229 1229 1220 1220 1226 1226 1226 1226 1220 1220 1224 1224 1221 1221 1220 1220 1227 1227 1227 1227 1220 1220 1228 1228 1228 1228 1220 1220 1225 1225 1222 1222 1223 1223 1230 1230 1231 1231 1224 1224 1222 1222 1231 1231 1222 1222 1230 1230 1232 1232 1233 1233 1225 1225 1225 1225 1233 1233 1226 1226 1233 1233 1234 1234 1226 1226 1226 1226 1234 1234 1224 1224 1234 1234 1235 1235 1224 1224 1224 1224 1235 1235 1219 1219 1235 1235 1236 1236 1219 1219 1219 1219 1236 1236 1221 1221 1221 1221 1236 1236 1227 1227 1236 1236 1237 1237 1227 1227 1237 1237 1238 1238 1227 1227 1227 1227 1238 1238 1228 1228 1228 1228 1238 1238 1225 1225 1238 1238 1232 1232 1225 1225 1225 1225 1229 1229 1239 1239 1228 1228 1225 1225 1239 1239 1239 1239 1229 1229 1240 1240 1229 1229 1226 1226 1240 1240 1226 1226 1224 1224 1240 1240 1240 1240 1224 1224 1231 1231 1223 1223 1221 1221 1241 1241 1221 1221 1227 1227 1241 1241 1227 1227 1228 1228 1241 1241 1241 1241 1228 1228 1242 1242 1242 1242 1228 1228 1239 1239 1239 1239 1240 1240 1230 1230 1240 1240 1231 1231 1230 1230 1223 1223 1241 1241 1230 1230 1241 1241 1242 1242 1230 1230 1242 1242 1239 1239 1230 1230 1239 1239 1230 1230 1243 1243 1243 1243 1230 1230 1240 1240 1240 1240 1230 1230 1231 1231 1231 1231 1230 1230 1222 1222 1222 1222 1230 1230 1223 1223 1223 1223 1230 1230 1241 1241 1241 1241 1230 1230 1242 1242 1242 1242 1230 1230 1239 1239 1232 1232 1244 1244 1233 1233 1238 1238 1244 1244 1232 1232 1233 1233 1244 1244 1234 1234 1234 1234 1244 1244 1235 1235 1235 1235 1244 1244 1236 1236 1236 1236 1244 1244 1237 1237 1237 1237 1244 1244 1238 1238 1239 1239 1243 1243 1245 1245 1242 1242 1239 1239 1246 1246 1246 1246 1239 1239 1245 1245 1243 1243 1240 1240 1245 1245 1245 1245 1240 1240 1247 1247 1240 1240 1231 1231 1247 1247 1247 1247 1231 1231 1248 1248 1231 1231 1222 1222 1248 1248 1248 1248 1222 1222 1249 1249 1222 1222 1223 1223 1249 1249 1249 1249 1223 1223 1250 1250 1223 1223 1241 1241 1250 1250 1250 1250 1241 1241 1251 1251 1241 1241 1242 1242 1251 1251 1251 1251 1242 1242 1246 1246 1232 1232 1233 1233 1244 1244 1233 1233 1234 1234 1244 1244 1234 1234 1235 1235 1244 1244 1235 1235 1236 1236 1244 1244 1236 1236 1237 1237 1244 1244 1237 1237 1238 1238 1244 1244 1238 1238 1232 1232 1244 1244 1246 1246 1245 1245 1252 1252 1251 1251 1246 1246 1252 1252 1245 1245 1247 1247 1252 1252 1247 1247 1248 1248 1252 1252 1248 1248 1249 1249 1252 1252 1249 1249 1250 1250 1252 1252 1250 1250 1251 1251 1252 1252 1232 1232 1253 1253 1233 1233 1253 1253 1254 1254 1233 1233 1233 1233 1254 1254 1234 1234 1254 1254 1255 1255 1234 1234 1255 1255 1256 1256 1234 1234 1234 1234 1256 1256 1235 1235 1256 1256 1257 1257 1235 1235 1235 1235 1257 1257 1236 1236 1236 1236 1257 1257 1237 1237 1257 1257 1258 1258 1237 1237 1258 1258 1259 1259 1237 1237 1237 1237 1259 1259 1238 1238 1238 1238 1259 1259 1232 1232 1259 1259 1253 1253 1232 1232 1246 1246 1252 1252 1245 1245 1245 1245 1252 1252 1260 1260 1260 1260 1252 1252 1247 1247 1247 1247 1252 1252 1248 1248 1248 1248 1252 1252 1249 1249 1249 1249 1252 1252 1250 1250 1250 1250 1252 1252 1251 1251 1251 1251 1252 1252 1246 1246 1259 1259 1261 1261 1253 1253 1253 1253 1261 1261 1254 1254 1254 1254 1261 1261 1255 1255 1255 1255 1261 1261 1256 1256 1256 1256 1261 1261 1257 1257 1257 1257 1261 1261 1258 1258 1258 1258 1261 1261 1259 1259 1246 1246 1245 1245 1262 1262 1263 1263 1246 1246 1262 1262 1245 1245 1260 1260 1262 1262 1262 1262 1260 1260 1264 1264 1260 1260 1247 1247 1264 1264 1247 1247 1248 1248 1264 1264 1264 1264 1248 1248 1265 1265 1265 1265 1248 1248 1266 1266 1248 1248 1249 1249 1266 1266 1249 1249 1250 1250 1266 1266 1266 1266 1250 1250 1267 1267 1267 1267 1250 1250 1268 1268 1250 1250 1251 1251 1268 1268 1251 1251 1246 1246 1268 1268 1268 1268 1246 1246 1263 1263 1253 1253 1255 1255 1261 1261 1255 1255 1256 1256 1261 1261 1256 1256 1257 1257 1261 1261 1257 1257 1258 1258 1261 1261 1258 1258 1259 1259 1261 1261 1259 1259 1253 1253 1261 1261 1263 1263 1262 1262 1269 1269 1268 1268 1263 1263 1269 1269 1262 1262 1264 1264 1269 1269 1264 1264 1265 1265 1269 1269 1265 1265 1266 1266 1269 1269 1266 1266 1267 1267 1269 1269 1267 1267 1268 1268 1269 1269 1259 1259 1270 1270 1253 1253 1270 1270 1271 1271 1253 1253 1253 1253 1271 1271 1255 1255 1271 1271 1272 1272 1255 1255 1255 1255 1272 1272 1256 1256 1272 1272 1273 1273 1256 1256 1256 1256 1273 1273 1257 1257 1257 1257 1273 1273 1258 1258 1273 1273 1274 1274 1258 1258 1274 1274 1275 1275 1258 1258 1258 1258 1275 1275 1259 1259 1275 1275 1270 1270 1259 1259 1263 1263 1269 1269 1262 1262 1262 1262 1269 1269 1276 1276 1276 1276 1269 1269 1264 1264 1264 1264 1269 1269 1265 1265 1265 1265 1269 1269 1266 1266 1266 1266 1269 1269 1267 1267 1267 1267 1269 1269 1268 1268 1268 1268 1269 1269 1263 1263 1275 1275 1277 1277 1270 1270 1270 1270 1277 1277 1271 1271 1271 1271 1277 1277 1272 1272 1272 1272 1277 1277 1273 1273 1273 1273 1277 1277 1274 1274 1274 1274 1277 1277 1275 1275 1263 1263 1262 1262 1278 1278 1278 1278 1262 1262 1279 1279 1262 1262 1276 1276 1279 1279 1279 1279 1276 1276 1280 1280 1276 1276 1264 1264 1280 1280 1280 1280 1264 1264 1281 1281 1264 1264 1265 1265 1281 1281 1281 1281 1265 1265 1282 1282 1265 1265 1266 1266 1282 1282 1282 1282 1266 1266 1283 1283 1266 1266 1267 1267 1283 1283 1283 1283 1267 1267 1284 1284 1267 1267 1268 1268 1284 1284 1284 1284 1268 1268 1285 1285 1268 1268 1263 1263 1285 1285 1285 1285 1263 1263 1278 1278 1270 1270 1271 1271 1277 1277 1271 1271 1272 1272 1277 1277 1272 1272 1273 1273 1277 1277 1273 1273 1274 1274 1277 1277 1274 1274 1275 1275 1277 1277 1275 1275 1270 1270 1277 1277 1278 1278 1279 1279 1286 1286 1285 1285 1278 1278 1286 1286 1279 1279 1280 1280 1286 1286 1280 1280 1281 1281 1286 1286 1281 1281 1282 1282 1286 1286 1282 1282 1283 1283 1286 1286 1283 1283 1284 1284 1286 1286 1284 1284 1285 1285 1286 1286 1275 1275 1287 1287 1270 1270 1287 1287 1288 1288 1270 1270 1270 1270 1288 1288 1271 1271 1288 1288 1289 1289 1271 1271 1271 1271 1289 1289 1272 1272 1289 1289 1290 1290 1272 1272 1272 1272 1290 1290 1273 1273 1273 1273 1290 1290 1274 1274 1290 1290 1291 1291 1274 1274 1291 1291 1292 1292 1274 1274 1274 1274 1292 1292 1275 1275 1292 1292 1287 1287 1275 1275 1278 1278 1286 1286 1279 1279 1279 1279 1286 1286 1281 1281 1281 1281 1286 1286 1282 1282 1282 1282 1286 1286 1283 1283 1283 1283 1286 1286 1284 1284 1284 1284 1286 1286 1285 1285 1285 1285 1286 1286 1278 1278 1292 1292 1293 1293 1287 1287 1287 1287 1293 1293 1288 1288 1288 1288 1293 1293 1289 1289 1289 1289 1293 1293 1290 1290 1290 1290 1293 1293 1291 1291 1291 1291 1293 1293 1292 1292 1278 1278 1279 1279 1294 1294 1285 1285 1278 1278 1294 1294 1294 1294 1279 1279 1295 1295 1295 1295 1279 1279 1296 1296 1279 1279 1281 1281 1296 1296 1296 1296 1281 1281 1297 1297 1297 1297 1281 1281 1298 1298 1281 1281 1282 1282 1298 1298 1282 1282 1283 1283 1298 1298 1298 1298 1283 1283 1299 1299 1299 1299 1283 1283 1300 1300 1283 1283 1284 1284 1300 1300 1284 1284 1285 1285 1300 1300 1300 1300 1285 1285 1301 1301 1301 1301 1285 1285 1294 1294 1287 1287 1288 1288 1293 1293 1288 1288 1289 1289 1293 1293 1289 1289 1290 1290 1293 1293 1290 1290 1291 1291 1293 1293 1291 1291 1292 1292 1293 1293 1292 1292 1287 1287 1293 1293 1294 1294 1295 1295 1302 1302 1301 1301 1294 1294 1302 1302 1295 1295 1296 1296 1302 1302 1296 1296 1297 1297 1302 1302 1297 1297 1298 1298 1302 1302 1298 1298 1299 1299 1302 1302 1299 1299 1300 1300 1302 1302 1300 1300 1301 1301 1302 1302 1303 1303 1304 1304 1287 1287 1292 1292 1303 1303 1287 1287 1287 1287 1304 1304 1288 1288 1304 1304 1305 1305 1288 1288 1288 1288 1305 1305 1289 1289 1305 1305 1306 1306 1289 1289 1289 1289 1306 1306 1290 1290 1306 1306 1307 1307 1290 1290 1290 1290 1307 1307 1291 1291 1307 1307 1308 1308 1291 1291 1291 1291 1308 1308 1292 1292 1308 1308 1303 1303 1292 1292 1294 1294 1302 1302 1295 1295 1295 1295 1302 1302 1297 1297 1297 1297 1302 1302 1298 1298 1298 1298 1302 1302 1299 1299 1299 1299 1302 1302 1300 1300 1300 1300 1302 1302 1301 1301 1301 1301 1302 1302 1294 1294 1303 1303 1309 1309 1304 1304 1304 1304 1309 1309 1305 1305 1305 1305 1309 1309 1306 1306 1306 1306 1309 1309 1307 1307 1307 1307 1309 1309 1308 1308 1308 1308 1309 1309 1303 1303 1294 1294 1295 1295 1310 1310 1301 1301 1294 1294 1311 1311 1311 1311 1294 1294 1310 1310 1310 1310 1295 1295 1312 1312 1295 1295 1297 1297 1312 1312 1312 1312 1297 1297 1313 1313 1313 1313 1297 1297 1314 1314 1297 1297 1298 1298 1314 1314 1314 1314 1298 1298 1315 1315 1298 1298 1299 1299 1315 1315 1315 1315 1299 1299 1316 1316 1299 1299 1300 1300 1316 1316 1316 1316 1300 1300 1317 1317 1300 1300 1301 1301 1317 1317 1317 1317 1301 1301 1311 1311 1303 1303 1304 1304 1309 1309 1304 1304 1305 1305 1309 1309 1305 1305 1306 1306 1309 1309 1306 1306 1307 1307 1309 1309 1307 1307 1308 1308 1309 1309 1308 1308 1303 1303 1309 1309 1311 1311 1310 1310 1318 1318 1317 1317 1311 1311 1318 1318 1310 1310 1312 1312 1318 1318 1312 1312 1313 1313 1318 1318 1313 1313 1314 1314 1318 1318 1314 1314 1315 1315 1318 1318 1315 1315 1316 1316 1318 1318 1316 1316 1317 1317 1318 1318 1303 1303 1319 1319 1304 1304 1319 1319 1320 1320 1304 1304 1304 1304 1320 1320 1305 1305 1320 1320 1321 1321 1305 1305 1305 1305 1321 1321 1306 1306 1321 1321 1322 1322 1306 1306 1306 1306 1322 1322 1307 1307 1322 1322 1323 1323 1307 1307 1307 1307 1323 1323 1308 1308 1323 1323 1324 1324 1308 1308 1308 1308 1324 1324 1303 1303 1324 1324 1319 1319 1303 1303 1311 1311 1318 1318 1310 1310 1310 1310 1318 1318 1312 1312 1312 1312 1318 1318 1314 1314 1314 1314 1318 1318 1315 1315 1315 1315 1318 1318 1316 1316 1316 1316 1318 1318 1317 1317 1317 1317 1318 1318 1311 1311 1324 1324 1325 1325 1319 1319 1319 1319 1325 1325 1320 1320 1320 1320 1325 1325 1321 1321 1321 1321 1325 1325 1322 1322 1322 1322 1325 1325 1323 1323 1323 1323 1325 1325 1324 1324 1311 1311 1310 1310 1326 1326 1327 1327 1311 1311 1326 1326 1310 1310 1312 1312 1326 1326 1326 1326 1312 1312 1328 1328 1328 1328 1312 1312 1329 1329 1312 1312 1314 1314 1329 1329 1329 1329 1314 1314 1330 1330 1330 1330 1314 1314 1331 1331 1314 1314 1315 1315 1331 1331 1315 1315 1316 1316 1331 1331 1331 1331 1316 1316 1332 1332 1332 1332 1316 1316 1333 1333 1316 1316 1317 1317 1333 1333 1317 1317 1311 1311 1333 1333 1333 1333 1311 1311 1327 1327 1319 1319 1334 1334 1325 1325 1334 1334 1320 1320 1325 1325 1320 1320 1321 1321 1325 1325 1321 1321 1322 1322 1325 1325 1322 1322 1323 1323 1325 1325 1323 1323 1324 1324 1325 1325 1324 1324 1319 1319 1325 1325 1327 1327 1326 1326 1335 1335 1333 1333 1327 1327 1335 1335 1326 1326 1328 1328 1335 1335 1328 1328 1329 1329 1335 1335 1329 1329 1330 1330 1335 1335 1330 1330 1331 1331 1335 1335 1331 1331 1332 1332 1335 1335 1332 1332 1333 1333 1335 1335 1319 1319 1336 1336 1334 1334 1324 1324 1336 1336 1319 1319 1336 1336 1337 1337 1334 1334 1334 1334 1337 1337 1320 1320 1337 1337 1338 1338 1320 1320 1320 1320 1338 1338 1321 1321 1338 1338 1339 1339 1321 1321 1339 1339 1340 1340 1321 1321 1321 1321 1340 1340 1322 1322 1322 1322 1340 1340 1323 1323 1340 1340 1341 1341 1323 1323 1341 1341 1342 1342 1323 1323 1323 1323 1342 1342 1324 1324 1342 1342 1336 1336 1324 1324 1327 1327 1335 1335 1326 1326 1326 1326 1335 1335 1328 1328 1328 1328 1335 1335 1330 1330 1330 1330 1335 1335 1331 1331 1331 1331 1335 1335 1332 1332 1332 1332 1335 1335 1333 1333 1333 1333 1335 1335 1327 1327 1342 1342 1343 1343 1336 1336 1336 1336 1343 1343 1337 1337 1337 1337 1343 1343 1338 1338 1338 1338 1343 1343 1339 1339 1339 1339 1343 1343 1340 1340 1340 1340 1343 1343 1341 1341 1341 1341 1343 1343 1342 1342 1327 1327 1326 1326 1344 1344 1345 1345 1327 1327 1344 1344 1344 1344 1326 1326 1346 1346 1326 1326 1328 1328 1346 1346 1346 1346 1328 1328 1347 1347 1328 1328 1330 1330 1347 1347 1347 1347 1330 1330 1348 1348 1348 1348 1330 1330 1349 1349 1330 1330 1331 1331 1349 1349 1349 1349 1331 1331 1350 1350 1331 1331 1332 1332 1350 1350 1350 1350 1332 1332 1351 1351 1332 1332 1333 1333 1351 1351 1351 1351 1333 1333 1345 1345 1333 1333 1327 1327 1345 1345 1336 1336 1337 1337 1343 1343 1337 1337 1338 1338 1343 1343 1338 1338 1339 1339 1343 1343 1339 1339 1340 1340 1343 1343 1340 1340 1341 1341 1343 1343 1341 1341 1342 1342 1343 1343 1342 1342 1336 1336 1343 1343 1344 1344 1346 1346 1352 1352 1345 1345 1344 1344 1352 1352 1346 1346 1347 1347 1352 1352 1347 1347 1348 1348 1352 1352 1348 1348 1349 1349 1352 1352 1349 1349 1350 1350 1352 1352 1350 1350 1351 1351 1352 1352 1351 1351 1345 1345 1352 1352 1353 1353 1354 1354 1336 1336 1336 1336 1354 1354 1337 1337 1342 1342 1353 1353 1336 1336 1354 1354 1355 1355 1337 1337 1337 1337 1355 1355 1338 1338 1355 1355 1356 1356 1338 1338 1338 1338 1356 1356 1339 1339 1356 1356 1357 1357 1339 1339 1339 1339 1357 1357 1340 1340 1357 1357 1358 1358 1340 1340 1340 1340 1358 1358 1341 1341 1358 1358 1359 1359 1341 1341 1341 1341 1359 1359 1342 1342 1359 1359 1353 1353 1342 1342 1344 1344 1352 1352 1346 1346 1346 1346 1352 1352 1347 1347 1347 1347 1352 1352 1349 1349 1349 1349 1352 1352 1350 1350 1350 1350 1352 1352 1351 1351 1351 1351 1352 1352 1345 1345 1345 1345 1352 1352 1344 1344 1353 1353 1360 1360 1354 1354 1354 1354 1360 1360 1355 1355 1355 1355 1360 1360 1356 1356 1356 1356 1360 1360 1357 1357 1357 1357 1360 1360 1358 1358 1358 1358 1360 1360 1359 1359 1359 1359 1360 1360 1353 1353 1345 1345 1344 1344 1361 1361 1361 1361 1344 1344 1362 1362 1362 1362 1344 1344 1363 1363 1344 1344 1346 1346 1363 1363 1346 1346 1347 1347 1363 1363 1363 1363 1347 1347 1364 1364 1364 1364 1347 1347 1365 1365 1347 1347 1349 1349 1365 1365 1365 1365 1349 1349 1366 1366 1366 1366 1349 1349 1367 1367 1349 1349 1350 1350 1367 1367 1350 1350 1351 1351 1367 1367 1367 1367 1351 1351 1368 1368 1368 1368 1351 1351 1361 1361 1351 1351 1345 1345 1361 1361 1354 1354 1355 1355 1360 1360 1355 1355 1356 1356 1360 1360 1356 1356 1357 1357 1360 1360 1357 1357 1358 1358 1360 1360 1358 1358 1359 1359 1360 1360 1359 1359 1353 1353 1360 1360 1353 1353 1354 1354 1360 1360 1362 1362 1363 1363 1369 1369 1361 1361 1362 1362 1369 1369 1363 1363 1364 1364 1369 1369 1364 1364 1365 1365 1369 1369 1365 1365 1366 1366 1369 1369 1366 1366 1367 1367 1369 1369 1367 1367 1368 1368 1369 1369 1368 1368 1361 1361 1369 1369 1353 1353 1370 1370 1354 1354 1370 1370 1371 1371 1354 1354 1354 1354 1371 1371 1355 1355 1355 1355 1371 1371 1356 1356 1371 1371 1372 1372 1356 1356 1372 1372 1373 1373 1356 1356 1356 1356 1373 1373 1357 1357 1357 1357 1373 1373 1358 1358 1373 1373 1374 1374 1358 1358 1374 1374 1375 1375 1358 1358 1358 1358 1375 1375 1359 1359 1375 1375 1376 1376 1359 1359 1359 1359 1376 1376 1353 1353 1376 1376 1370 1370 1353 1353 1362 1362 1369 1369 1363 1363 1363 1363 1369 1369 1364 1364 1364 1364 1369 1369 1366 1366 1366 1366 1369 1369 1367 1367 1367 1367 1369 1369 1368 1368 1368 1368 1369 1369 1361 1361 1361 1361 1369 1369 1362 1362 1376 1376 1377 1377 1370 1370 1370 1370 1377 1377 1371 1371 1371 1371 1377 1377 1372 1372 1372 1372 1377 1377 1373 1373 1373 1373 1377 1377 1374 1374 1374 1374 1377 1377 1375 1375 1375 1375 1377 1377 1376 1376 1361 1361 1362 1362 1378 1378 1378 1378 1362 1362 1379 1379 1362 1362 1363 1363 1379 1379 1379 1379 1363 1363 1380 1380 1363 1363 1364 1364 1380 1380 1380 1380 1364 1364 1381 1381 1364 1364 1366 1366 1381 1381 1381 1381 1366 1366 1382 1382 1366 1366 1367 1367 1382 1382 1382 1382 1367 1367 1383 1383 1367 1367 1368 1368 1383 1383 1383 1383 1368 1368 1384 1384 1368 1368 1361 1361 1384 1384 1384 1384 1361 1361 1378 1378 1370 1370 1385 1385 1377 1377 1385 1385 1371 1371 1377 1377 1371 1371 1372 1372 1377 1377 1372 1372 1373 1373 1377 1377 1373 1373 1374 1374 1377 1377 1374 1374 1375 1375 1377 1377 1375 1375 1376 1376 1377 1377 1376 1376 1370 1370 1377 1377 1378 1378 1379 1379 1386 1386 1379 1379 1380 1380 1386 1386 1380 1380 1381 1381 1386 1386 1381 1381 1382 1382 1386 1386 1382 1382 1383 1383 1386 1386 1383 1383 1384 1384 1386 1386 1384 1384 1378 1378 1386 1386 1370 1370 1387 1387 1385 1385 1376 1376 1387 1387 1370 1370 1387 1387 1388 1388 1385 1385 1385 1385 1388 1388 1371 1371 1371 1371 1388 1388 1372 1372 1388 1388 1389 1389 1372 1372 1389 1389 1390 1390 1372 1372 1372 1372 1390 1390 1373 1373 1373 1373 1390 1390 1374 1374 1390 1390 1391 1391 1374 1374 1391 1391 1392 1392 1374 1374 1374 1374 1392 1392 1375 1375 1375 1375 1392 1392 1376 1376 1392 1392 1393 1393 1376 1376 1393 1393 1387 1387 1376 1376 1378 1378 1386 1386 1379 1379 1379 1379 1386 1386 1380 1380 1380 1380 1386 1386 1381 1381 1381 1381 1386 1386 1383 1383 1383 1383 1386 1386 1384 1384 1384 1384 1386 1386 1378 1378 1393 1393 1394 1394 1387 1387 1387 1387 1394 1394 1388 1388 1388 1388 1394 1394 1389 1389 1389 1389 1394 1394 1390 1390 1390 1390 1394 1394 1391 1391 1391 1391 1394 1394 1392 1392 1392 1392 1394 1394 1393 1393 1378 1378 1379 1379 1395 1395 1395 1395 1379 1379 1396 1396 1379 1379 1380 1380 1396 1396 1396 1396 1380 1380 1397 1397 1380 1380 1381 1381 1397 1397 1397 1397 1381 1381 1398 1398 1381 1381 1383 1383 1398 1398 1398 1398 1383 1383 1399 1399 1383 1383 1384 1384 1399 1399 1399 1399 1384 1384 1400 1400 1384 1384 1378 1378 1400 1400 1400 1400 1378 1378 1395 1395 1387 1387 1401 1401 1394 1394 1401 1401 1388 1388 1394 1394 1388 1388 1389 1389 1394 1394 1389 1389 1390 1390 1394 1394 1390 1390 1391 1391 1394 1394 1391 1391 1392 1392 1394 1394 1392 1392 1393 1393 1394 1394 1393 1393 1387 1387 1394 1394 1400 1400 1395 1395 1402 1402 1395 1395 1396 1396 1402 1402 1396 1396 1397 1397 1402 1402 1397 1397 1398 1398 1402 1402 1398 1398 1399 1399 1402 1402 1399 1399 1400 1400 1402 1402 1387 1387 1403 1403 1401 1401 1393 1393 1403 1403 1387 1387 1403 1403 1404 1404 1401 1401 1401 1401 1404 1404 1388 1388 1388 1388 1404 1404 1389 1389 1404 1404 1405 1405 1389 1389 1405 1405 1406 1406 1389 1389 1389 1389 1406 1406 1390 1390 1390 1390 1406 1406 1391 1391 1406 1406 1407 1407 1391 1391 1407 1407 1408 1408 1391 1391 1391 1391 1408 1408 1392 1392 1392 1392 1408 1408 1393 1393 1408 1408 1409 1409 1393 1393 1409 1409 1403 1403 1393 1393 1395 1395 1402 1402 1396 1396 1396 1396 1402 1402 1397 1397 1397 1397 1402 1402 1398 1398 1398 1398 1402 1402 1399 1399 1399 1399 1402 1402 1400 1400 1400 1400 1402 1402 1395 1395 1409 1409 1410 1410 1403 1403 1403 1403 1410 1410 1404 1404 1404 1404 1410 1410 1405 1405 1405 1405 1410 1410 1406 1406 1406 1406 1410 1410 1407 1407 1407 1407 1410 1410 1408 1408 1408 1408 1410 1410 1409 1409 1400 1400 1395 1395 1411 1411 1411 1411 1395 1395 1412 1412 1395 1395 1396 1396 1412 1412 1412 1412 1396 1396 1413 1413 1396 1396 1397 1397 1413 1413 1413 1413 1397 1397 1414 1414 1397 1397 1398 1398 1414 1414 1414 1414 1398 1398 1415 1415 1398 1398 1399 1399 1415 1415 1415 1415 1399 1399 1416 1416 1399 1399 1400 1400 1416 1416 1416 1416 1400 1400 1411 1411 1403 1403 1417 1417 1410 1410 1417 1417 1404 1404 1410 1410 1404 1404 1405 1405 1410 1410 1405 1405 1406 1406 1410 1410 1406 1406 1407 1407 1410 1410 1407 1407 1408 1408 1410 1410 1408 1408 1409 1409 1410 1410 1409 1409 1403 1403 1410 1410 1411 1411 1412 1412 1418 1418 1412 1412 1413 1413 1418 1418 1413 1413 1414 1414 1418 1418 1414 1414 1415 1415 1418 1418 1415 1415 1416 1416 1418 1418 1416 1416 1411 1411 1418 1418 1419 1419 1420 1420 1403 1403 1403 1403 1420 1420 1417 1417 1409 1409 1419 1419 1403 1403 1420 1420 1421 1421 1417 1417 1417 1417 1421 1421 1404 1404 1421 1421 1422 1422 1404 1404 1404 1404 1422 1422 1405 1405 1422 1422 1423 1423 1405 1405 1405 1405 1423 1423 1406 1406 1423 1423 1424 1424 1406 1406 1406 1406 1424 1424 1407 1407 1424 1424 1425 1425 1407 1407 1407 1407 1425 1425 1408 1408 1425 1425 1426 1426 1408 1408 1408 1408 1426 1426 1409 1409 1426 1426 1419 1419 1409 1409 1411 1411 1418 1418 1412 1412 1412 1412 1418 1418 1413 1413 1413 1413 1418 1418 1414 1414 1414 1414 1418 1418 1415 1415 1415 1415 1418 1418 1416 1416 1416 1416 1418 1418 1411 1411 1419 1419 1427 1427 1420 1420 1426 1426 1427 1427 1419 1419 1420 1420 1427 1427 1421 1421 1421 1421 1427 1427 1422 1422 1422 1422 1427 1427 1423 1423 1423 1423 1427 1427 1424 1424 1424 1424 1427 1427 1425 1425 1425 1425 1427 1427 1426 1426 1411 1411 1412 1412 1428 1428 1429 1429 1411 1411 1428 1428 1428 1428 1412 1412 1430 1430 1412 1412 1413 1413 1430 1430 1430 1430 1413 1413 1431 1431 1413 1413 1414 1414 1431 1431 1431 1431 1414 1414 1432 1432 1414 1414 1415 1415 1432 1432 1432 1432 1415 1415 1433 1433 1415 1415 1416 1416 1433 1433 1433 1433 1416 1416 1434 1434 1434 1434 1416 1416 1429 1429 1416 1416 1411 1411 1429 1429 1419 1419 1421 1421 1427 1427 1421 1421 1422 1422 1427 1427 1422 1422 1423 1423 1427 1427 1423 1423 1424 1424 1427 1427 1424 1424 1425 1425 1427 1427 1425 1425 1426 1426 1427 1427 1426 1426 1419 1419 1427 1427 1428 1428 1430 1430 1435 1435 1429 1429 1428 1428 1435 1435 1430 1430 1431 1431 1435 1435 1431 1431 1432 1432 1435 1435 1432 1432 1433 1433 1435 1435 1433 1433 1434 1434 1435 1435 1434 1434 1429 1429 1435 1435 1436 1436 1437 1437 1419 1419 1419 1419 1437 1437 1421 1421 1437 1437 1438 1438 1421 1421 1421 1421 1438 1438 1422 1422 1438 1438 1439 1439 1422 1422 1422 1422 1439 1439 1423 1423 1439 1439 1440 1440 1423 1423 1423 1423 1440 1440 1424 1424 1440 1440 1441 1441 1424 1424 1424 1424 1441 1441 1425 1425 1441 1441 1442 1442 1425 1425 1425 1425 1442 1442 1426 1426 1442 1442 1443 1443 1426 1426 1426 1426 1443 1443 1419 1419 1443 1443 1436 1436 1419 1419 1428 1428 1435 1435 1430 1430 1430 1430 1435 1435 1431 1431 1431 1431 1435 1435 1432 1432 1432 1432 1435 1435 1433 1433 1433 1433 1435 1435 1434 1434 1434 1434 1435 1435 1429 1429 1429 1429 1435 1435 1428 1428 1436 1436 1444 1444 1437 1437 1443 1443 1444 1444 1436 1436 1437 1437 1444 1444 1438 1438 1438 1438 1444 1444 1439 1439 1439 1439 1444 1444 1440 1440 1440 1440 1444 1444 1441 1441 1441 1441 1444 1444 1442 1442 1442 1442 1444 1444 1443 1443 1429 1429 1428 1428 1445 1445 1445 1445 1428 1428 1446 1446 1446 1446 1428 1428 1447 1447 1428 1428 1430 1430 1447 1447 1430 1430 1431 1431 1447 1447 1447 1447 1431 1431 1448 1448 1448 1448 1431 1431 1449 1449 1431 1431 1432 1432 1449 1449 1449 1449 1432 1432 1450 1450 1432 1432 1433 1433 1450 1450 1433 1433 1434 1434 1450 1450 1450 1450 1434 1434 1451 1451 1451 1451 1434 1434 1445 1445 1434 1434 1429 1429 1445 1445 1437 1437 1438 1438 1444 1444 1438 1438 1439 1439 1444 1444 1439 1439 1440 1440 1444 1444 1440 1440 1441 1441 1444 1444 1441 1441 1442 1442 1444 1444 1442 1442 1443 1443 1444 1444 1443 1443 1437 1437 1444 1444 1446 1446 1447 1447 1452 1452 1445 1445 1446 1446 1452 1452 1447 1447 1448 1448 1452 1452 1448 1448 1449 1449 1452 1452 1449 1449 1450 1450 1452 1452 1450 1450 1451 1451 1452 1452 1451 1451 1445 1445 1452 1452 1453 1453 1454 1454 1437 1437 1443 1443 1453 1453 1437 1437 1454 1454 1455 1455 1437 1437 1437 1437 1455 1455 1438 1438 1438 1438 1455 1455 1439 1439 1455 1455 1456 1456 1439 1439 1456 1456 1457 1457 1439 1439 1439 1439 1457 1457 1440 1440 1440 1440 1457 1457 1441 1441 1457 1457 1458 1458 1441 1441 1458 1458 1459 1459 1441 1441 1441 1441 1459 1459 1442 1442 1442 1442 1459 1459 1443 1443 1459 1459 1460 1460 1443 1443 1460 1460 1453 1453 1443 1443 1446 1446 1452 1452 1447 1447 1447 1447 1452 1452 1448 1448 1448 1448 1452 1452 1449 1449 1449 1449 1452 1452 1450 1450 1450 1450 1452 1452 1451 1451 1451 1451 1452 1452 1445 1445 1445 1445 1452 1452 1446 1446 1453 1453 1461 1461 1454 1454 1460 1460 1461 1461 1453 1453 1454 1454 1461 1461 1455 1455 1455 1455 1461 1461 1456 1456 1456 1456 1461 1461 1457 1457 1457 1457 1461 1461 1458 1458 1458 1458 1461 1461 1459 1459 1459 1459 1461 1461 1460 1460 1445 1445 1446 1446 1462 1462 1462 1462 1446 1446 1463 1463 1446 1446 1447 1447 1463 1463 1463 1463 1447 1447 1464 1464 1447 1447 1448 1448 1464 1464 1464 1464 1448 1448 1465 1465 1448 1448 1449 1449 1465 1465 1465 1465 1449 1449 1466 1466 1449 1449 1450 1450 1466 1466 1466 1466 1450 1450 1467 1467 1450 1450 1451 1451 1467 1467 1467 1467 1451 1451 1468 1468 1451 1451 1445 1445 1468 1468 1468 1468 1445 1445 1462 1462 1454 1454 1455 1455 1461 1461 1455 1455 1456 1456 1461 1461 1456 1456 1457 1457 1461 1461 1457 1457 1458 1458 1461 1461 1458 1458 1459 1459 1461 1461 1459 1459 1460 1460 1461 1461 1460 1460 1454 1454 1461 1461 1462 1462 1463 1463 1469 1469 1468 1468 1462 1462 1469 1469 1463 1463 1464 1464 1469 1469 1464 1464 1465 1465 1469 1469 1465 1465 1466 1466 1469 1469 1466 1466 1467 1467 1469 1469 1467 1467 1468 1468 1469 1469 1470 1470 1471 1471 1454 1454 1460 1460 1470 1470 1454 1454 1471 1471 1472 1472 1454 1454 1454 1454 1472 1472 1455 1455 1455 1455 1472 1472 1456 1456 1472 1472 1473 1473 1456 1456 1473 1473 1474 1474 1456 1456 1456 1456 1474 1474 1457 1457 1457 1457 1474 1474 1458 1458 1474 1474 1475 1475 1458 1458 1475 1475 1476 1476 1458 1458 1458 1458 1476 1476 1459 1459 1459 1459 1476 1476 1460 1460 1476 1476 1477 1477 1460 1460 1477 1477 1470 1470 1460 1460 1462 1462 1469 1469 1463 1463 1463 1463 1469 1469 1464 1464 1464 1464 1469 1469 1465 1465 1465 1465 1469 1469 1466 1466 1466 1466 1469 1469 1467 1467 1467 1467 1469 1469 1468 1468 1468 1468 1469 1469 1478 1478 1478 1478 1469 1469 1462 1462 1470 1470 1479 1479 1471 1471 1477 1477 1479 1479 1470 1470 1471 1471 1479 1479 1472 1472 1472 1472 1479 1479 1473 1473 1473 1473 1479 1479 1474 1474 1474 1474 1479 1479 1475 1475 1475 1475 1479 1479 1476 1476 1476 1476 1479 1479 1477 1477 1462 1462 1463 1463 1480 1480 1478 1478 1462 1462 1480 1480 1480 1480 1463 1463 1481 1481 1481 1481 1463 1463 1482 1482 1463 1463 1464 1464 1482 1482 1464 1464 1465 1465 1482 1482 1482 1482 1465 1465 1483 1483 1483 1483 1465 1465 1484 1484 1465 1465 1466 1466 1484 1484 1466 1466 1467 1467 1484 1484 1484 1484 1467 1467 1485 1485 1485 1485 1467 1467 1486 1486 1467 1467 1468 1468 1486 1486 1468 1468 1478 1478 1486 1486 1486 1486 1478 1478 1480 1480 1471 1471 1472 1472 1479 1479 1472 1472 1473 1473 1479 1479 1473 1473 1474 1474 1479 1479 1474 1474 1475 1475 1479 1479 1475 1475 1476 1476 1479 1479 1476 1476 1477 1477 1479 1479 1477 1477 1471 1471 1479 1479 1480 1480 1481 1481 1487 1487 1486 1486 1480 1480 1487 1487 1481 1481 1482 1482 1487 1487 1482 1482 1483 1483 1487 1487 1483 1483 1484 1484 1487 1487 1484 1484 1485 1485 1487 1487 1485 1485 1486 1486 1487 1487 1488 1488 1489 1489 1471 1471 1477 1477 1488 1488 1471 1471 1471 1471 1489 1489 1472 1472 1489 1489 1490 1490 1472 1472 1472 1472 1490 1490 1473 1473 1490 1490 1491 1491 1473 1473 1473 1473 1491 1491 1474 1474 1491 1491 1492 1492 1474 1474 1474 1474 1492 1492 1475 1475 1492 1492 1493 1493 1475 1475 1475 1475 1493 1493 1476 1476 1493 1493 1494 1494 1476 1476 1476 1476 1494 1494 1477 1477 1494 1494 1495 1495 1477 1477 1495 1495 1488 1488 1477 1477 1480 1480 1487 1487 1481 1481 1481 1481 1487 1487 1482 1482 1482 1482 1487 1487 1483 1483 1483 1483 1487 1487 1484 1484 1484 1484 1487 1487 1485 1485 1485 1485 1487 1487 1486 1486 1486 1486 1487 1487 1496 1496 1496 1496 1487 1487 1480 1480 1488 1488 1497 1497 1489 1489 1495 1495 1497 1497 1488 1488 1489 1489 1497 1497 1490 1490 1490 1490 1497 1497 1491 1491 1491 1491 1497 1497 1492 1492 1492 1492 1497 1497 1493 1493 1493 1493 1497 1497 1494 1494 1494 1494 1497 1497 1495 1495 1480 1480 1481 1481 1498 1498 1496 1496 1480 1480 1499 1499 1499 1499 1480 1480 1498 1498 1498 1498 1481 1481 1500 1500 1481 1481 1482 1482 1500 1500 1500 1500 1482 1482 1501 1501 1482 1482 1483 1483 1501 1501 1501 1501 1483 1483 1502 1502 1483 1483 1484 1484 1502 1502 1502 1502 1484 1484 1503 1503 1484 1484 1485 1485 1503 1503 1503 1503 1485 1485 1504 1504 1485 1485 1486 1486 1504 1504 1504 1504 1486 1486 1499 1499 1486 1486 1496 1496 1499 1499 1488 1488 1489 1489 1497 1497 1489 1489 1490 1490 1497 1497 1490 1490 1491 1491 1497 1497 1491 1491 1492 1492 1497 1497 1492 1492 1493 1493 1497 1497 1493 1493 1494 1494 1497 1497 1494 1494 1488 1488 1497 1497 1499 1499 1498 1498 1505 1505 1498 1498 1500 1500 1505 1505 1500 1500 1501 1501 1505 1505 1501 1501 1502 1502 1505 1505 1502 1502 1503 1503 1505 1505 1503 1503 1504 1504 1505 1505 1504 1504 1499 1499 1505 1505 1506 1506 1507 1507 1488 1488 1488 1488 1507 1507 1489 1489 1489 1489 1507 1507 1490 1490 1507 1507 1508 1508 1490 1490 1508 1508 1509 1509 1490 1490 1490 1490 1509 1509 1491 1491 1491 1491 1509 1509 1492 1492 1509 1509 1510 1510 1492 1492 1510 1510 1511 1511 1492 1492 1492 1492 1511 1511 1493 1493 1493 1493 1511 1511 1494 1494 1511 1511 1512 1512 1494 1494 1512 1512 1513 1513 1494 1494 1494 1494 1513 1513 1488 1488 1513 1513 1506 1506 1488 1488 1514 1514 1505 1505 1498 1498 1498 1498 1505 1505 1500 1500 1500 1500 1505 1505 1501 1501 1501 1501 1505 1505 1502 1502 1502 1502 1505 1505 1503 1503 1503 1503 1505 1505 1504 1504 1504 1504 1505 1505 1499 1499 1499 1499 1505 1505 1514 1514 1506 1506 1515 1515 1507 1507 1513 1513 1515 1515 1506 1506 1507 1507 1515 1515 1508 1508 1508 1508 1515 1515 1509 1509 1509 1509 1515 1515 1510 1510 1510 1510 1515 1515 1511 1511 1511 1511 1515 1515 1512 1512 1512 1512 1515 1515 1513 1513 1514 1514 1498 1498 1516 1516 1499 1499 1514 1514 1517 1517 1517 1517 1514 1514 1516 1516 1498 1498 1500 1500 1516 1516 1516 1516 1500 1500 1518 1518 1518 1518 1500 1500 1519 1519 1500 1500 1501 1501 1519 1519 1501 1501 1502 1502 1519 1519 1519 1519 1502 1502 1520 1520 1520 1520 1502 1502 1521 1521 1502 1502 1503 1503 1521 1521 1503 1503 1504 1504 1521 1521 1521 1521 1504 1504 1522 1522 1522 1522 1504 1504 1517 1517 1504 1504 1499 1499 1517 1517 1506 1506 1507 1507 1515 1515 1507 1507 1508 1508 1515 1515 1508 1508 1509 1509 1515 1515 1509 1509 1510 1510 1515 1515 1510 1510 1511 1511 1515 1515 1511 1511 1512 1512 1515 1515 1512 1512 1506 1506 1515 1515 1517 1517 1516 1516 1523 1523 1516 1516 1518 1518 1523 1523 1518 1518 1519 1519 1523 1523 1519 1519 1520 1520 1523 1523 1520 1520 1521 1521 1523 1523 1521 1521 1522 1522 1523 1523 1522 1522 1517 1517 1523 1523 1506 1506 1524 1524 1507 1507 1524 1524 1525 1525 1507 1507 1507 1507 1525 1525 1508 1508 1525 1525 1526 1526 1508 1508 1508 1508 1526 1526 1509 1509 1526 1526 1527 1527 1509 1509 1509 1509 1527 1527 1510 1510 1527 1527 1528 1528 1510 1510 1510 1510 1528 1528 1511 1511 1528 1528 1529 1529 1511 1511 1511 1511 1529 1529 1512 1512 1529 1529 1530 1530 1512 1512 1512 1512 1530 1530 1506 1506 1530 1530 1524 1524 1506 1506 1531 1531 1523 1523 1516 1516 1516 1516 1523 1523 1518 1518 1518 1518 1523 1523 1519 1519 1519 1519 1523 1523 1520 1520 1520 1520 1523 1523 1521 1521 1521 1521 1523 1523 1522 1522 1522 1522 1523 1523 1517 1517 1517 1517 1523 1523 1531 1531 1530 1530 1532 1532 1524 1524 1524 1524 1532 1532 1525 1525 1525 1525 1532 1532 1526 1526 1526 1526 1532 1532 1527 1527 1527 1527 1532 1532 1528 1528 1528 1528 1532 1532 1529 1529 1529 1529 1532 1532 1530 1530 1531 1531 1516 1516 1533 1533 1517 1517 1531 1531 1534 1534 1534 1534 1531 1531 1533 1533 1533 1533 1516 1516 1535 1535 1516 1516 1518 1518 1535 1535 1535 1535 1518 1518 1536 1536 1518 1518 1519 1519 1536 1536 1536 1536 1519 1519 1537 1537 1519 1519 1520 1520 1537 1537 1537 1537 1520 1520 1538 1538 1520 1520 1521 1521 1538 1538 1538 1538 1521 1521 1539 1539 1521 1521 1522 1522 1539 1539 1539 1539 1522 1522 1540 1540 1522 1522 1517 1517 1540 1540 1540 1540 1517 1517 1534 1534 1524 1524 1525 1525 1532 1532 1525 1525 1526 1526 1532 1532 1526 1526 1527 1527 1532 1532 1527 1527 1528 1528 1532 1532 1528 1528 1529 1529 1532 1532 1529 1529 1530 1530 1532 1532 1530 1530 1524 1524 1532 1532 1533 1533 1535 1535 1541 1541 1534 1534 1533 1533 1541 1541 1540 1540 1534 1534 1541 1541 1535 1535 1536 1536 1541 1541 1536 1536 1537 1537 1541 1541 1537 1537 1538 1538 1541 1541 1538 1538 1539 1539 1541 1541 1539 1539 1540 1540 1541 1541 1524 1524 1542 1542 1525 1525 1530 1530 1542 1542 1524 1524 1542 1542 1543 1543 1525 1525 1543 1543 1544 1544 1525 1525 1525 1525 1544 1544 1526 1526 1526 1526 1544 1544 1527 1527 1544 1544 1545 1545 1527 1527 1527 1527 1545 1545 1528 1528 1545 1545 1546 1546 1528 1528 1546 1546 1547 1547 1528 1528 1528 1528 1547 1547 1529 1529 1529 1529 1547 1547 1530 1530 1547 1547 1548 1548 1530 1530 1548 1548 1542 1542 1530 1530 1534 1534 1541 1541 1535 1535 1535 1535 1541 1541 1536 1536 1536 1536 1541 1541 1537 1537 1537 1537 1541 1541 1538 1538 1538 1538 1541 1541 1539 1539 1539 1539 1541 1541 1540 1540 1540 1540 1541 1541 1534 1534 1548 1548 1549 1549 1542 1542 1542 1542 1549 1549 1543 1543 1543 1543 1549 1549 1544 1544 1544 1544 1549 1549 1545 1545 1545 1545 1549 1549 1546 1546 1546 1546 1549 1549 1547 1547 1547 1547 1549 1549 1548 1548 1534 1534 1535 1535 1550 1550 1550 1550 1535 1535 1551 1551 1535 1535 1536 1536 1551 1551 1551 1551 1536 1536 1552 1552 1536 1536 1537 1537 1552 1552 1552 1552 1537 1537 1553 1553 1537 1537 1538 1538 1553 1553 1553 1553 1538 1538 1554 1554 1538 1538 1539 1539 1554 1554 1554 1554 1539 1539 1555 1555 1539 1539 1540 1540 1555 1555 1555 1555 1540 1540 1556 1556 1540 1540 1534 1534 1556 1556 1556 1556 1534 1534 1550 1550 1542 1542 1543 1543 1549 1549 1543 1543 1544 1544 1549 1549 1544 1544 1545 1545 1549 1549 1545 1545 1546 1546 1549 1549 1546 1546 1547 1547 1549 1549 1547 1547 1548 1548 1549 1549 1548 1548 1542 1542 1549 1549 1550 1550 1551 1551 1557 1557 1556 1556 1550 1550 1557 1557 1551 1551 1552 1552 1557 1557 1552 1552 1553 1553 1557 1557 1553 1553 1554 1554 1557 1557 1554 1554 1555 1555 1557 1557 1555 1555 1556 1556 1557 1557 1558 1558 1559 1559 1542 1542 1542 1542 1559 1559 1543 1543 1548 1548 1558 1558 1542 1542 1559 1559 1560 1560 1543 1543 1543 1543 1560 1560 1544 1544 1560 1560 1561 1561 1544 1544 1544 1544 1561 1561 1545 1545 1561 1561 1562 1562 1545 1545 1545 1545 1562 1562 1546 1546 1562 1562 1563 1563 1546 1546 1546 1546 1563 1563 1547 1547 1547 1547 1563 1563 1548 1548 1563 1563 1558 1558 1548 1548 1550 1550 1557 1557 1564 1564 1564 1564 1557 1557 1551 1551 1551 1551 1557 1557 1552 1552 1552 1552 1557 1557 1553 1553 1553 1553 1557 1557 1554 1554 1554 1554 1557 1557 1555 1555 1555 1555 1557 1557 1556 1556 1556 1556 1557 1557 1550 1550 1558 1558 1565 1565 1559 1559 1559 1559 1565 1565 1560 1560 1560 1560 1565 1565 1561 1561 1561 1561 1565 1565 1562 1562 1562 1562 1565 1565 1563 1563 1563 1563 1565 1565 1558 1558 1550 1550 1564 1564 1566 1566 1556 1556 1550 1550 1567 1567 1567 1567 1550 1550 1566 1566 1566 1566 1564 1564 1568 1568 1564 1564 1551 1551 1568 1568 1568 1568 1551 1551 1569 1569 1551 1551 1552 1552 1569 1569 1569 1569 1552 1552 1570 1570 1552 1552 1553 1553 1570 1570 1570 1570 1553 1553 1571 1571 1553 1553 1554 1554 1571 1571 1571 1571 1554 1554 1572 1572 1554 1554 1555 1555 1572 1572 1572 1572 1555 1555 1573 1573 1555 1555 1556 1556 1573 1573 1573 1573 1556 1556 1567 1567 1559 1559 1560 1560 1565 1565 1560 1560 1561 1561 1565 1565 1561 1561 1562 1562 1565 1565 1562 1562 1563 1563 1565 1565 1563 1563 1558 1558 1565 1565 1558 1558 1559 1559 1565 1565 1566 1566 1568 1568 1574 1574 1567 1567 1566 1566 1574 1574 1568 1568 1569 1569 1574 1574 1569 1569 1570 1570 1574 1574 1570 1570 1571 1571 1574 1574 1571 1571 1572 1572 1574 1574 1572 1572 1573 1573 1574 1574 1573 1573 1567 1567 1574 1574 1558 1558 1575 1575 1559 1559 1575 1575 1576 1576 1559 1559 1559 1559 1576 1576 1560 1560 1576 1576 1577 1577 1560 1560 1560 1560 1577 1577 1561 1561 1577 1577 1578 1578 1561 1561 1561 1561 1578 1578 1562 1562 1578 1578 1579 1579 1562 1562 1562 1562 1579 1579 1563 1563 1579 1579 1580 1580 1563 1563 1563 1563 1580 1580 1558 1558 1580 1580 1575 1575 1558 1558 1566 1566 1574 1574 1569 1569 1569 1569 1574 1574 1570 1570 1570 1570 1574 1574 1571 1571 1571 1571 1574 1574 1572 1572 1572 1572 1574 1574 1573 1573 1573 1573 1574 1574 1567 1567 1567 1567 1574 1574 1566 1566 1580 1580 1581 1581 1575 1575 1575 1575 1581 1581 1576 1576 1576 1576 1581 1581 1577 1577 1577 1577 1581 1581 1578 1578 1578 1578 1581 1581 1579 1579 1579 1579 1581 1581 1580 1580 1567 1567 1566 1566 1582 1582 1582 1582 1566 1566 1583 1583 1583 1583 1566 1566 1584 1584 1566 1566 1569 1569 1584 1584 1584 1584 1569 1569 1585 1585 1585 1585 1569 1569 1586 1586 1569 1569 1570 1570 1586 1586 1570 1570 1571 1571 1586 1586 1586 1586 1571 1571 1587 1587 1587 1587 1571 1571 1588 1588 1571 1571 1572 1572 1588 1588 1572 1572 1573 1573 1588 1588 1588 1588 1573 1573 1589 1589 1589 1589 1573 1573 1582 1582 1573 1573 1567 1567 1582 1582 1575 1575 1576 1576 1581 1581 1576 1576 1577 1577 1581 1581 1577 1577 1578 1578 1581 1581 1578 1578 1579 1579 1581 1581 1579 1579 1580 1580 1581 1581 1580 1580 1575 1575 1581 1581 1583 1583 1584 1584 1590 1590 1582 1582 1583 1583 1590 1590 1584 1584 1585 1585 1590 1590 1585 1585 1586 1586 1590 1590 1586 1586 1587 1587 1590 1590 1587 1587 1588 1588 1590 1590 1588 1588 1589 1589 1590 1590 1589 1589 1582 1582 1590 1590 1591 1591 1592 1592 1575 1575 1575 1575 1592 1592 1576 1576 1592 1592 1593 1593 1576 1576 1576 1576 1593 1593 1577 1577 1593 1593 1594 1594 1577 1577 1577 1577 1594 1594 1578 1578 1594 1594 1595 1595 1578 1578 1595 1595 1596 1596 1578 1578 1578 1578 1596 1596 1579 1579 1596 1596 1597 1597 1579 1579 1579 1579 1597 1597 1580 1580 1597 1597 1591 1591 1580 1580 1580 1580 1591 1591 1575 1575 1583 1583 1590 1590 1585 1585 1585 1585 1590 1590 1586 1586 1586 1586 1590 1590 1587 1587 1587 1587 1590 1590 1588 1588 1588 1588 1590 1590 1589 1589 1589 1589 1590 1590 1582 1582 1582 1582 1590 1590 1583 1583 1591 1591 1598 1598 1592 1592 1592 1592 1598 1598 1593 1593 1593 1593 1598 1598 1594 1594 1594 1594 1598 1598 1595 1595 1595 1595 1598 1598 1596 1596 1596 1596 1598 1598 1597 1597 1597 1597 1598 1598 1591 1591 1582 1582 1583 1583 1599 1599 1599 1599 1583 1583 1600 1600 1600 1600 1583 1583 1601 1601 1583 1583 1585 1585 1601 1601 1601 1601 1585 1585 1602 1602 1602 1602 1585 1585 1603 1603 1585 1585 1586 1586 1603 1603 1586 1586 1587 1587 1603 1603 1603 1603 1587 1587 1604 1604 1604 1604 1587 1587 1605 1605 1587 1587 1588 1588 1605 1605 1588 1588 1589 1589 1605 1605 1605 1605 1589 1589 1606 1606 1606 1606 1589 1589 1599 1599 1589 1589 1582 1582 1599 1599 1591 1591 1592 1592 1598 1598 1592 1592 1593 1593 1598 1598 1593 1593 1594 1594 1598 1598 1594 1594 1595 1595 1598 1598 1595 1595 1596 1596 1598 1598 1596 1596 1597 1597 1598 1598 1597 1597 1591 1591 1598 1598 1600 1600 1601 1601 1607 1607 1599 1599 1600 1600 1607 1607 1601 1601 1602 1602 1607 1607 1602 1602 1603 1603 1607 1607 1603 1603 1604 1604 1607 1607 1604 1604 1605 1605 1607 1607 1605 1605 1606 1606 1607 1607 1606 1606 1599 1599 1607 1607 1591 1591 1608 1608 1592 1592 1608 1608 1609 1609 1592 1592 1592 1592 1609 1609 1593 1593 1609 1609 1610 1610 1593 1593 1593 1593 1610 1610 1594 1594 1610 1610 1611 1611 1594 1594 1594 1594 1611 1611 1595 1595 1611 1611 1612 1612 1595 1595 1595 1595 1612 1612 1596 1596 1612 1612 1613 1613 1596 1596 1596 1596 1613 1613 1597 1597 1613 1613 1614 1614 1597 1597 1597 1597 1614 1614 1591 1591 1614 1614 1608 1608 1591 1591 1600 1600 1607 1607 1602 1602 1602 1602 1607 1607 1603 1603 1603 1603 1607 1607 1604 1604 1604 1604 1607 1607 1605 1605 1605 1605 1607 1607 1606 1606 1606 1606 1607 1607 1599 1599 1599 1599 1607 1607 1600 1600 1614 1614 1615 1615 1608 1608 1608 1608 1615 1615 1609 1609 1609 1609 1615 1615 1610 1610 1610 1610 1615 1615 1611 1611 1611 1611 1615 1615 1612 1612 1612 1612 1615 1615 1613 1613 1613 1613 1615 1615 1614 1614 1599 1599 1600 1600 1616 1616 1616 1616 1600 1600 1617 1617 1600 1600 1602 1602 1617 1617 1617 1617 1602 1602 1618 1618 1618 1618 1602 1602 1619 1619 1602 1602 1603 1603 1619 1619 1619 1619 1603 1603 1620 1620 1603 1603 1604 1604 1620 1620 1620 1620 1604 1604 1621 1621 1604 1604 1605 1605 1621 1621 1621 1621 1605 1605 1622 1622 1605 1605 1606 1606 1622 1622 1622 1622 1606 1606 1623 1623 1606 1606 1599 1599 1623 1623 1623 1623 1599 1599 1616 1616 1608 1608 1609 1609 1615 1615 1609 1609 1610 1610 1615 1615 1610 1610 1624 1624 1615 1615 1624 1624 1611 1611 1615 1615 1611 1611 1612 1612 1615 1615 1612 1612 1613 1613 1615 1615 1613 1613 1614 1614 1615 1615 1614 1614 1608 1608 1615 1615 1616 1616 1617 1617 1625 1625 1623 1623 1616 1616 1625 1625 1617 1617 1618 1618 1625 1625 1618 1618 1619 1619 1625 1625 1619 1619 1620 1620 1625 1625 1620 1620 1621 1621 1625 1625 1621 1621 1622 1622 1625 1625 1622 1622 1623 1623 1625 1625 1608 1608 1626 1626 1609 1609 1614 1614 1626 1626 1608 1608 1626 1626 1627 1627 1609 1609 1627 1627 1628 1628 1609 1609 1609 1609 1628 1628 1610 1610 1610 1610 1628 1628 1624 1624 1628 1628 1629 1629 1624 1624 1624 1624 1629 1629 1611 1611 1611 1611 1629 1629 1612 1612 1629 1629 1630 1630 1612 1612 1630 1630 1631 1631 1612 1612 1612 1612 1631 1631 1613 1613 1613 1613 1631 1631 1614 1614 1631 1631 1632 1632 1614 1614 1632 1632 1626 1626 1614 1614 1616 1616 1625 1625 1617 1617 1617 1617 1625 1625 1619 1619 1619 1619 1625 1625 1620 1620 1620 1620 1625 1625 1621 1621 1621 1621 1625 1625 1622 1622 1622 1622 1625 1625 1623 1623 1623 1623 1625 1625 1616 1616 1632 1632 1633 1633 1626 1626 1626 1626 1633 1633 1627 1627 1627 1627 1633 1633 1628 1628 1628 1628 1633 1633 1629 1629 1629 1629 1633 1633 1630 1630 1630 1630 1633 1633 1631 1631 1631 1631 1633 1633 1632 1632 1616 1616 1617 1617 1634 1634 1623 1623 1616 1616 1635 1635 1635 1635 1616 1616 1634 1634 1634 1634 1617 1617 1636 1636 1617 1617 1619 1619 1636 1636 1636 1636 1619 1619 1637 1637 1637 1637 1619 1619 1638 1638 1619 1619 1620 1620 1638 1638 1620 1620 1621 1621 1638 1638 1638 1638 1621 1621 1639 1639 1639 1639 1621 1621 1640 1640 1621 1621 1622 1622 1640 1640 1622 1622 1623 1623 1640 1640 1640 1640 1623 1623 1635 1635 1626 1626 1627 1627 1633 1633 1627 1627 1628 1628 1633 1633 1628 1628 1641 1641 1633 1633 1641 1641 1629 1629 1633 1633 1629 1629 1630 1630 1633 1633 1630 1630 1631 1631 1633 1633 1631 1631 1632 1632 1633 1633 1632 1632 1626 1626 1633 1633 1634 1634 1636 1636 1642 1642 1635 1635 1634 1634 1642 1642 1636 1636 1637 1637 1642 1642 1637 1637 1638 1638 1642 1642 1638 1638 1639 1639 1642 1642 1639 1639 1640 1640 1642 1642 1640 1640 1635 1635 1642 1642 1643 1643 1644 1644 1626 1626 1626 1626 1644 1644 1627 1627 1632 1632 1643 1643 1626 1626 1644 1644 1645 1645 1627 1627 1627 1627 1645 1645 1628 1628 1645 1645 1646 1646 1628 1628 1628 1628 1646 1646 1641 1641 1641 1641 1646 1646 1629 1629 1646 1646 1647 1647 1629 1629 1629 1629 1647 1647 1630 1630 1647 1647 1648 1648 1630 1630 1630 1630 1648 1648 1631 1631 1648 1648 1649 1649 1631 1631 1631 1631 1649 1649 1632 1632 1649 1649 1643 1643 1632 1632 1634 1634 1642 1642 1636 1636 1636 1636 1642 1642 1637 1637 1637 1637 1642 1642 1638 1638 1638 1638 1642 1642 1639 1639 1639 1639 1642 1642 1640 1640 1640 1640 1642 1642 1635 1635 1635 1635 1642 1642 1634 1634 1643 1643 1650 1650 1644 1644 1644 1644 1650 1650 1645 1645 1645 1645 1650 1650 1646 1646 1646 1646 1650 1650 1647 1647 1647 1647 1650 1650 1648 1648 1648 1648 1650 1650 1649 1649 1649 1649 1650 1650 1643 1643 1635 1635 1634 1634 1651 1651 1651 1651 1634 1634 1652 1652 1652 1652 1634 1634 1653 1653 1634 1634 1636 1636 1653 1653 1653 1653 1636 1636 1654 1654 1636 1636 1637 1637 1654 1654 1654 1654 1637 1637 1655 1655 1637 1637 1638 1638 1655 1655 1638 1638 1639 1639 1655 1655 1655 1655 1639 1639 1656 1656 1656 1656 1639 1639 1657 1657 1639 1639 1640 1640 1657 1657 1640 1640 1635 1635 1657 1657 1657 1657 1635 1635 1651 1651 1644 1644 1645 1645 1650 1650 1645 1645 1658 1658 1650 1650 1658 1658 1646 1646 1650 1650 1646 1646 1647 1647 1650 1650 1647 1647 1648 1648 1650 1650 1648 1648 1649 1649 1650 1650 1649 1649 1643 1643 1650 1650 1643 1643 1644 1644 1650 1650 1652 1652 1653 1653 1659 1659 1651 1651 1652 1652 1659 1659 1653 1653 1654 1654 1659 1659 1654 1654 1655 1655 1659 1659 1655 1655 1656 1656 1659 1659 1656 1656 1657 1657 1659 1659 1657 1657 1651 1651 1659 1659 1660 1660 1661 1661 1644 1644 1643 1643 1660 1660 1644 1644 1661 1661 1662 1662 1644 1644 1644 1644 1662 1662 1645 1645 1645 1645 1662 1662 1658 1658 1662 1662 1663 1663 1658 1658 1658 1658 1663 1663 1646 1646 1646 1646 1663 1663 1647 1647 1663 1663 1664 1664 1647 1647 1664 1664 1665 1665 1647 1647 1647 1647 1665 1665 1648 1648 1648 1648 1665 1665 1649 1649 1665 1665 1666 1666 1649 1649 1666 1666 1660 1660 1649 1649 1649 1649 1660 1660 1643 1643 1652 1652 1659 1659 1654 1654 1654 1654 1659 1659 1655 1655 1655 1655 1659 1659 1656 1656 1656 1656 1659 1659 1657 1657 1657 1657 1659 1659 1651 1651 1651 1651 1659 1659 1652 1652 1660 1660 1667 1667 1661 1661 1661 1661 1667 1667 1662 1662 1662 1662 1667 1667 1663 1663 1663 1663 1667 1667 1664 1664 1664 1664 1667 1667 1665 1665 1665 1665 1667 1667 1666 1666 1666 1666 1667 1667 1660 1660 1651 1651 1652 1652 1668 1668 1668 1668 1652 1652 1669 1669 1652 1652 1654 1654 1669 1669 1669 1669 1654 1654 1670 1670 1654 1654 1655 1655 1670 1670 1670 1670 1655 1655 1671 1671 1655 1655 1656 1656 1671 1671 1671 1671 1656 1656 1672 1672 1656 1656 1657 1657 1672 1672 1672 1672 1657 1657 1673 1673 1657 1657 1651 1651 1673 1673 1673 1673 1651 1651 1668 1668 1661 1661 1662 1662 1667 1667 1662 1662 1674 1674 1667 1667 1674 1674 1663 1663 1667 1667 1663 1663 1664 1664 1667 1667 1664 1664 1665 1665 1667 1667 1665 1665 1666 1666 1667 1667 1666 1666 1660 1660 1667 1667 1660 1660 1661 1661 1667 1667 1668 1668 1669 1669 1675 1675 1673 1673 1668 1668 1675 1675 1669 1669 1670 1670 1675 1675 1670 1670 1671 1671 1675 1675 1671 1671 1672 1672 1675 1675 1672 1672 1673 1673 1675 1675 1676 1676 1677 1677 1661 1661 1660 1660 1676 1676 1661 1661 1661 1661 1677 1677 1662 1662 1677 1677 1678 1678 1662 1662 1662 1662 1678 1678 1674 1674 1674 1674 1678 1678 1663 1663 1678 1678 1679 1679 1663 1663 1663 1663 1679 1679 1664 1664 1679 1679 1680 1680 1664 1664 1664 1664 1680 1680 1665 1665 1680 1680 1681 1681 1665 1665 1665 1665 1681 1681 1666 1666 1681 1681 1682 1682 1666 1666 1666 1666 1682 1682 1660 1660 1682 1682 1676 1676 1660 1660 1668 1668 1675 1675 1669 1669 1669 1669 1675 1675 1670 1670 1670 1670 1675 1675 1671 1671 1671 1671 1675 1675 1672 1672 1672 1672 1675 1675 1673 1673 1673 1673 1675 1675 1668 1668 1676 1676 1683 1683 1677 1677 1682 1682 1683 1683 1676 1676 1677 1677 1683 1683 1678 1678 1678 1678 1683 1683 1679 1679 1679 1679 1683 1683 1680 1680 1680 1680 1683 1683 1681 1681 1681 1681 1683 1683 1682 1682 1668 1668 1669 1669 1684 1684 1685 1685 1668 1668 1684 1684 1684 1684 1669 1669 1686 1686 1669 1669 1670 1670 1686 1686 1686 1686 1670 1670 1687 1687 1670 1670 1671 1671 1687 1687 1687 1687 1671 1671 1688 1688 1671 1671 1672 1672 1688 1688 1688 1688 1672 1672 1689 1689 1672 1672 1673 1673 1689 1689 1689 1689 1673 1673 1685 1685 1673 1673 1668 1668 1685 1685 1676 1676 1677 1677 1683 1683 1677 1677 1690 1690 1683 1683 1690 1690 1678 1678 1683 1683 1678 1678 1679 1679 1683 1683 1679 1679 1680 1680 1683 1683 1680 1680 1681 1681 1683 1683 1681 1681 1682 1682 1683 1683 1682 1682 1676 1676 1683 1683 1685 1685 1684 1684 1691 1691 1684 1684 1686 1686 1691 1691 1686 1686 1687 1687 1691 1691 1687 1687 1688 1688 1691 1691 1688 1688 1689 1689 1691 1691 1689 1689 1685 1685 1691 1691 1692 1692 1693 1693 1676 1676 1676 1676 1693 1693 1677 1677 1677 1677 1693 1693 1690 1690 1693 1693 1694 1694 1690 1690 1690 1690 1694 1694 1678 1678 1678 1678 1694 1694 1679 1679 1694 1694 1695 1695 1679 1679 1695 1695 1696 1696 1679 1679 1679 1679 1696 1696 1680 1680 1680 1680 1696 1696 1681 1681 1696 1696 1697 1697 1681 1681 1697 1697 1698 1698 1681 1681 1681 1681 1698 1698 1682 1682 1682 1682 1698 1698 1676 1676 1698 1698 1692 1692 1676 1676 1684 1684 1691 1691 1686 1686 1686 1686 1691 1691 1687 1687 1687 1687 1691 1691 1688 1688 1688 1688 1691 1691 1689 1689 1689 1689 1691 1691 1685 1685 1685 1685 1691 1691 1684 1684 1692 1692 1699 1699 1693 1693 1698 1698 1699 1699 1692 1692 1693 1693 1699 1699 1694 1694 1694 1694 1699 1699 1695 1695 1695 1695 1699 1699 1696 1696 1696 1696 1699 1699 1697 1697 1697 1697 1699 1699 1698 1698 1685 1685 1684 1684 1700 1700 1700 1700 1684 1684 1701 1701 1684 1684 1686 1686 1701 1701 1701 1701 1686 1686 1702 1702 1686 1686 1687 1687 1702 1702 1702 1702 1687 1687 1703 1703 1687 1687 1688 1688 1703 1703 1703 1703 1688 1688 1704 1704 1704 1704 1688 1688 1705 1705 1688 1688 1689 1689 1705 1705 1689 1689 1685 1685 1705 1705 1705 1705 1685 1685 1700 1700 1692 1692 1693 1693 1699 1699 1693 1693 1706 1706 1699 1699 1706 1706 1694 1694 1699 1699 1694 1694 1695 1695 1699 1699 1695 1695 1696 1696 1699 1699 1696 1696 1697 1697 1699 1699 1697 1697 1698 1698 1699 1699 1698 1698 1692 1692 1699 1699 1700 1700 1701 1701 1707 1707 1701 1701 1702 1702 1707 1707 1702 1702 1703 1703 1707 1707 1703 1703 1704 1704 1707 1707 1704 1704 1705 1705 1707 1707 1705 1705 1700 1700 1707 1707 1708 1708 1709 1709 1692 1692 1692 1692 1709 1709 1693 1693 1709 1709 1710 1710 1693 1693 1693 1693 1710 1710 1706 1706 1710 1710 1711 1711 1706 1706 1706 1706 1711 1711 1694 1694 1711 1711 1712 1712 1694 1694 1694 1694 1712 1712 1695 1695 1712 1712 1713 1713 1695 1695 1695 1695 1713 1713 1696 1696 1713 1713 1714 1714 1696 1696 1696 1696 1714 1714 1697 1697 1714 1714 1715 1715 1697 1697 1697 1697 1715 1715 1698 1698 1715 1715 1708 1708 1698 1698 1698 1698 1708 1708 1692 1692 1701 1701 1707 1707 1716 1716 1716 1716 1707 1707 1702 1702 1702 1702 1707 1707 1703 1703 1703 1703 1707 1707 1704 1704 1704 1704 1707 1707 1705 1705 1705 1705 1707 1707 1700 1700 1700 1700 1707 1707 1701 1701 1708 1708 1717 1717 1709 1709 1709 1709 1717 1717 1710 1710 1710 1710 1717 1717 1711 1711 1711 1711 1717 1717 1712 1712 1712 1712 1717 1717 1713 1713 1713 1713 1717 1717 1714 1714 1714 1714 1717 1717 1715 1715 1715 1715 1717 1717 1708 1708 1700 1700 1701 1701 1718 1718 1718 1718 1701 1701 1719 1719 1701 1701 1716 1716 1719 1719 1719 1719 1716 1716 1720 1720 1716 1716 1702 1702 1720 1720 1702 1702 1703 1703 1720 1720 1720 1720 1703 1703 1721 1721 1703 1703 1704 1704 1721 1721 1721 1721 1704 1704 1722 1722 1722 1722 1704 1704 1723 1723 1704 1704 1705 1705 1723 1723 1705 1705 1700 1700 1723 1723 1723 1723 1700 1700 1724 1724 1724 1724 1700 1700 1718 1718 1709 1709 1711 1711 1717 1717 1711 1711 1712 1712 1717 1717 1712 1712 1713 1713 1717 1717 1713 1713 1714 1714 1717 1717 1714 1714 1715 1715 1717 1717 1715 1715 1708 1708 1717 1717 1708 1708 1709 1709 1717 1717 1718 1718 1719 1719 1725 1725 1724 1724 1718 1718 1725 1725 1719 1719 1720 1720 1725 1725 1720 1720 1721 1721 1725 1725 1721 1721 1722 1722 1725 1725 1722 1722 1723 1723 1725 1725 1723 1723 1724 1724 1725 1725 1726 1726 1727 1727 1709 1709 1708 1708 1726 1726 1709 1709 1727 1727 1728 1728 1709 1709 1709 1709 1728 1728 1711 1711 1728 1728 1729 1729 1711 1711 1729 1729 1730 1730 1711 1711 1711 1711 1730 1730 1712 1712 1712 1712 1730 1730 1713 1713 1730 1730 1731 1731 1713 1713 1731 1731 1732 1732 1713 1713 1713 1713 1732 1732 1714 1714 1714 1714 1732 1732 1715 1715 1732 1732 1733 1733 1715 1715 1733 1733 1726 1726 1715 1715 1715 1715 1726 1726 1708 1708 1718 1718 1725 1725 1719 1719 1719 1719 1725 1725 1720 1720 1720 1720 1725 1725 1721 1721 1721 1721 1725 1725 1722 1722 1722 1722 1725 1725 1723 1723 1723 1723 1725 1725 1724 1724 1724 1724 1725 1725 1718 1718 1726 1726 1734 1734 1727 1727 1727 1727 1734 1734 1728 1728 1728 1728 1734 1734 1729 1729 1729 1729 1734 1734 1730 1730 1730 1730 1734 1734 1731 1731 1731 1731 1734 1734 1732 1732 1732 1732 1734 1734 1733 1733 1733 1733 1734 1734 1726 1726 1718 1718 1719 1719 1735 1735 1724 1724 1718 1718 1735 1735 1735 1735 1719 1719 1736 1736 1736 1736 1719 1719 1737 1737 1719 1719 1720 1720 1737 1737 1720 1720 1721 1721 1737 1737 1737 1737 1721 1721 1738 1738 1721 1721 1722 1722 1738 1738 1738 1738 1722 1722 1739 1739 1739 1739 1722 1722 1740 1740 1722 1722 1723 1723 1740 1740 1723 1723 1724 1724 1740 1740 1740 1740 1724 1724 1741 1741 1741 1741 1724 1724 1735 1735 1727 1727 1729 1729 1734 1734 1729 1729 1730 1730 1734 1734 1730 1730 1731 1731 1734 1734 1731 1731 1732 1732 1734 1734 1732 1732 1733 1733 1734 1734 1733 1733 1726 1726 1734 1734 1726 1726 1727 1727 1734 1734 1735 1735 1736 1736 1742 1742 1741 1741 1735 1735 1742 1742 1736 1736 1737 1737 1742 1742 1737 1737 1738 1738 1742 1742 1738 1738 1739 1739 1742 1742 1739 1739 1740 1740 1742 1742 1740 1740 1741 1741 1742 1742 1743 1743 1744 1744 1727 1727 1726 1726 1743 1743 1727 1727 1744 1744 1745 1745 1727 1727 1727 1727 1745 1745 1729 1729 1745 1745 1746 1746 1729 1729 1729 1729 1746 1746 1730 1730 1746 1746 1747 1747 1730 1730 1730 1730 1747 1747 1731 1731 1747 1747 1748 1748 1731 1731 1731 1731 1748 1748 1732 1732 1748 1748 1749 1749 1732 1732 1732 1732 1749 1749 1733 1733 1749 1749 1750 1750 1733 1733 1733 1733 1750 1750 1726 1726 1750 1750 1743 1743 1726 1726 1735 1735 1742 1742 1736 1736 1736 1736 1742 1742 1737 1737 1737 1737 1742 1742 1738 1738 1738 1738 1742 1742 1739 1739 1739 1739 1742 1742 1740 1740 1740 1740 1742 1742 1741 1741 1741 1741 1742 1742 1735 1735 1743 1743 1751 1751 1744 1744 1750 1750 1751 1751 1743 1743 1744 1744 1751 1751 1745 1745 1745 1745 1751 1751 1746 1746 1746 1746 1751 1751 1747 1747 1747 1747 1751 1751 1748 1748 1748 1748 1751 1751 1749 1749 1749 1749 1751 1751 1750 1750 1735 1735 1736 1736 1752 1752 1741 1741 1735 1735 1752 1752 1752 1752 1736 1736 1753 1753 1753 1753 1736 1736 1754 1754 1736 1736 1737 1737 1754 1754 1737 1737 1738 1738 1754 1754 1754 1754 1738 1738 1755 1755 1738 1738 1739 1739 1755 1755 1755 1755 1739 1739 1756 1756 1739 1739 1740 1740 1756 1756 1756 1756 1740 1740 1757 1757 1740 1740 1741 1741 1757 1757 1757 1757 1741 1741 1752 1752 1743 1743 1745 1745 1751 1751 1745 1745 1746 1746 1751 1751 1746 1746 1747 1747 1751 1751 1747 1747 1748 1748 1751 1751 1748 1748 1749 1749 1751 1751 1749 1749 1750 1750 1751 1751 1750 1750 1743 1743 1751 1751 1752 1752 1753 1753 1758 1758 1757 1757 1752 1752 1758 1758 1753 1753 1754 1754 1758 1758 1754 1754 1755 1755 1758 1758 1755 1755 1756 1756 1758 1758 1756 1756 1757 1757 1758 1758 1759 1759 1760 1760 1743 1743 1743 1743 1760 1760 1745 1745 1760 1760 1761 1761 1745 1745 1761 1761 1762 1762 1745 1745 1745 1745 1762 1762 1746 1746 1746 1746 1762 1762 1747 1747 1762 1762 1763 1763 1747 1747 1763 1763 1764 1764 1747 1747 1747 1747 1764 1764 1748 1748 1748 1748 1764 1764 1749 1749 1764 1764 1765 1765 1749 1749 1765 1765 1766 1766 1749 1749 1749 1749 1766 1766 1750 1750 1750 1750 1766 1766 1743 1743 1766 1766 1759 1759 1743 1743 1759 1759 1767 1767 1760 1760 1766 1766 1767 1767 1759 1759 1760 1760 1767 1767 1761 1761 1761 1761 1767 1767 1762 1762 1762 1762 1767 1767 1763 1763 1763 1763 1767 1767 1764 1764 1764 1764 1767 1767 1765 1765 1765 1765 1767 1767 1766 1766 1759 1759 1761 1761 1767 1767 1761 1761 1762 1762 1767 1767 1762 1762 1763 1763 1767 1767 1763 1763 1764 1764 1767 1767 1764 1764 1765 1765 1767 1767 1765 1765 1766 1766 1767 1767 1766 1766 1759 1759 1767 1767 1768 1768 1769 1769 1759 1759 1759 1759 1769 1769 1761 1761 1769 1769 1770 1770 1761 1761 1761 1761 1770 1770 1762 1762 1770 1770 1771 1771 1762 1762 1762 1762 1771 1771 1763 1763 1771 1771 1772 1772 1763 1763 1763 1763 1772 1772 1764 1764 1764 1764 1772 1772 1765 1765 1772 1772 1773 1773 1765 1765 1773 1773 1774 1774 1765 1765 1765 1765 1774 1774 1766 1766 1766 1766 1774 1774 1759 1759 1774 1774 1768 1768 1759 1759 1768 1768 1775 1775 1769 1769 1774 1774 1775 1775 1768 1768 1769 1769 1775 1775 1770 1770 1770 1770 1775 1775 1771 1771 1771 1771 1775 1775 1772 1772 1772 1772 1775 1775 1773 1773 1773 1773 1775 1775 1774 1774 1768 1768 1769 1769 1775 1775 1769 1769 1770 1770 1775 1775 1770 1770 1771 1771 1775 1775 1771 1771 1772 1772 1775 1775 1772 1772 1773 1773 1775 1775 1773 1773 1774 1774 1775 1775 1774 1774 1768 1768 1775 1775 1768 1768 1776 1776 1769 1769 1776 1776 1777 1777 1769 1769 1769 1769 1777 1777 1770 1770 1777 1777 1778 1778 1770 1770 1778 1778 1779 1779 1770 1770 1770 1770 1779 1779 1771 1771 1779 1779 1780 1780 1771 1771 1771 1771 1780 1780 1772 1772 1772 1772 1780 1780 1773 1773 1780 1780 1781 1781 1773 1773 1781 1781 1782 1782 1773 1773 1773 1773 1782 1782 1774 1774 1774 1774 1782 1782 1768 1768 1782 1782 1776 1776 1768 1768 1782 1782 1783 1783 1776 1776 1776 1776 1783 1783 1777 1777 1777 1777 1783 1783 1778 1778 1778 1778 1783 1783 1779 1779 1779 1779 1783 1783 1780 1780 1780 1780 1783 1783 1781 1781 1781 1781 1783 1783 1782 1782 1776 1776 1778 1778 1783 1783 1778 1778 1779 1779 1783 1783 1779 1779 1780 1780 1783 1783 1780 1780 1781 1781 1783 1783 1781 1781 1782 1782 1783 1783 1782 1782 1776 1776 1783 1783 1782 1782 1784 1784 1776 1776 1784 1784 1785 1785 1776 1776 1776 1776 1785 1785 1778 1778 1785 1785 1786 1786 1778 1778 1778 1778 1786 1786 1779 1779 1786 1786 1787 1787 1779 1779 1779 1779 1787 1787 1780 1780 1780 1780 1787 1787 1781 1781 1787 1787 1788 1788 1781 1781 1788 1788 1789 1789 1781 1781 1781 1781 1789 1789 1782 1782 1789 1789 1784 1784 1782 1782 1789 1789 1790 1790 1784 1784 1784 1784 1790 1790 1785 1785 1785 1785 1790 1790 1786 1786 1786 1786 1790 1790 1787 1787 1787 1787 1790 1790 1788 1788 1788 1788 1790 1790 1789 1789 1784 1784 1785 1785 1790 1790 1785 1785 1786 1786 1790 1790 1786 1786 1787 1787 1790 1790 1787 1787 1788 1788 1790 1790 1788 1788 1789 1789 1790 1790 1789 1789 1784 1784 1790 1790 1789 1789 1791 1791 1784 1784 1791 1791 1792 1792 1784 1784 1784 1784 1792 1792 1785 1785 1792 1792 1793 1793 1785 1785 1785 1785 1793 1793 1786 1786 1793 1793 1794 1794 1786 1786 1786 1786 1794 1794 1787 1787 1787 1787 1794 1794 1788 1788 1794 1794 1795 1795 1788 1788 1795 1795 1796 1796 1788 1788 1788 1788 1796 1796 1789 1789 1796 1796 1791 1791 1789 1789 1796 1796 1797 1797 1791 1791 1791 1791 1797 1797 1792 1792 1792 1792 1797 1797 1793 1793 1793 1793 1797 1797 1794 1794 1794 1794 1797 1797 1795 1795 1795 1795 1797 1797 1796 1796 1791 1791 1792 1792 1797 1797 1792 1792 1793 1793 1797 1797 1793 1793 1794 1794 1797 1797 1794 1794 1795 1795 1797 1797 1795 1795 1796 1796 1797 1797 1796 1796 1791 1791 1797 1797 1796 1796 1798 1798 1791 1791 1798 1798 1799 1799 1791 1791 1791 1791 1799 1799 1792 1792 1799 1799 1800 1800 1792 1792 1792 1792 1800 1800 1793 1793 1800 1800 1801 1801 1793 1793 1793 1793 1801 1801 1794 1794 1801 1801 1802 1802 1794 1794 1794 1794 1802 1802 1795 1795 1802 1802 1803 1803 1795 1795 1795 1795 1803 1803 1796 1796 1803 1803 1798 1798 1796 1796 1803 1803 1804 1804 1798 1798 1798 1798 1804 1804 1799 1799 1799 1799 1804 1804 1800 1800 1800 1800 1804 1804 1801 1801 1801 1801 1804 1804 1802 1802 1802 1802 1804 1804 1803 1803 1798 1798 1799 1799 1804 1804 1799 1799 1800 1800 1804 1804 1800 1800 1801 1801 1804 1804 1801 1801 1802 1802 1804 1804 1802 1802 1803 1803 1804 1804 1803 1803 1798 1798 1804 1804 1803 1803 1805 1805 1798 1798 1805 1805 1806 1806 1798 1798 1798 1798 1806 1806 1799 1799 1806 1806 1807 1807 1799 1799 1799 1799 1807 1807 1800 1800 1807 1807 1808 1808 1800 1800 1800 1800 1808 1808 1801 1801 1801 1801 1808 1808 1802 1802 1808 1808 1809 1809 1802 1802 1809 1809 1810 1810 1802 1802 1802 1802 1810 1810 1803 1803 1810 1810 1805 1805 1803 1803 1810 1810 1811 1811 1805 1805 1805 1805 1811 1811 1806 1806 1806 1806 1811 1811 1807 1807 1807 1807 1811 1811 1808 1808 1808 1808 1811 1811 1809 1809 1809 1809 1811 1811 1810 1810 1805 1805 1812 1812 1811 1811 1812 1812 1806 1806 1811 1811 1806 1806 1807 1807 1811 1811 1807 1807 1808 1808 1811 1811 1808 1808 1809 1809 1811 1811 1809 1809 1810 1810 1811 1811 1810 1810 1805 1805 1811 1811 1805 1805 1813 1813 1812 1812 1810 1810 1813 1813 1805 1805 1813 1813 1814 1814 1812 1812 1812 1812 1814 1814 1806 1806 1814 1814 1815 1815 1806 1806 1806 1806 1815 1815 1807 1807 1815 1815 1816 1816 1807 1807 1816 1816 1817 1817 1807 1807 1807 1807 1817 1817 1808 1808 1808 1808 1817 1817 1809 1809 1817 1817 1818 1818 1809 1809 1818 1818 1819 1819 1809 1809 1809 1809 1819 1819 1810 1810 1819 1819 1813 1813 1810 1810 1819 1819 1820 1820 1813 1813 1813 1813 1820 1820 1814 1814 1814 1814 1820 1820 1815 1815 1815 1815 1820 1820 1816 1816 1816 1816 1820 1820 1817 1817 1817 1817 1820 1820 1818 1818 1818 1818 1820 1820 1819 1819 1813 1813 1814 1814 1820 1820 1814 1814 1815 1815 1820 1820 1815 1815 1816 1816 1820 1820 1816 1816 1817 1817 1820 1820 1817 1817 1818 1818 1820 1820 1818 1818 1819 1819 1820 1820 1819 1819 1813 1813 1820 1820 1821 1821 1822 1822 1813 1813 1813 1813 1822 1822 1814 1814 1819 1819 1821 1821 1813 1813 1822 1822 1823 1823 1814 1814 1814 1814 1823 1823 1815 1815 1823 1823 1824 1824 1815 1815 1815 1815 1824 1824 1816 1816 1824 1824 1825 1825 1816 1816 1816 1816 1825 1825 1817 1817 1825 1825 1826 1826 1817 1817 1817 1817 1826 1826 1818 1818 1826 1826 1827 1827 1818 1818 1818 1818 1827 1827 1819 1819 1827 1827 1821 1821 1819 1819 1821 1821 1828 1828 1822 1822 1822 1822 1828 1828 1823 1823 1823 1823 1828 1828 1824 1824 1824 1824 1828 1828 1825 1825 1825 1825 1828 1828 1826 1826 1826 1826 1828 1828 1827 1827 1827 1827 1828 1828 1821 1821 1822 1822 1823 1823 1828 1828 1823 1823 1824 1824 1828 1828 1824 1824 1825 1825 1828 1828 1825 1825 1826 1826 1828 1828 1826 1826 1827 1827 1828 1828 1827 1827 1821 1821 1828 1828 1821 1821 1822 1822 1828 1828 1821 1821 1829 1829 1822 1822 1829 1829 1830 1830 1822 1822 1822 1822 1830 1830 1823 1823 1823 1823 1830 1830 1824 1824 1830 1830 1831 1831 1824 1824 1831 1831 1832 1832 1824 1824 1824 1824 1832 1832 1825 1825 1825 1825 1832 1832 1826 1826 1832 1832 1833 1833 1826 1826 1833 1833 1834 1834 1826 1826 1826 1826 1834 1834 1827 1827 1834 1834 1835 1835 1827 1827 1827 1827 1835 1835 1821 1821 1835 1835 1829 1829 1821 1821 1835 1835 1836 1836 1829 1829 1829 1829 1836 1836 1830 1830 1830 1830 1836 1836 1831 1831 1831 1831 1836 1836 1832 1832 1832 1832 1836 1836 1833 1833 1833 1833 1836 1836 1834 1834 1834 1834 1836 1836 1835 1835 1829 1829 1837 1837 1836 1836 1837 1837 1830 1830 1836 1836 1830 1830 1831 1831 1836 1836 1831 1831 1832 1832 1836 1836 1832 1832 1833 1833 1836 1836 1833 1833 1834 1834 1836 1836 1834 1834 1835 1835 1836 1836 1835 1835 1829 1829 1836 1836 1829 1829 1838 1838 1837 1837 1835 1835 1838 1838 1829 1829 1838 1838 1839 1839 1837 1837 1837 1837 1839 1839 1830 1830 1830 1830 1839 1839 1831 1831 1839 1839 1840 1840 1831 1831 1840 1840 1841 1841 1831 1831 1831 1831 1841 1841 1832 1832 1832 1832 1841 1841 1833 1833 1841 1841 1842 1842 1833 1833 1842 1842 1843 1843 1833 1833 1833 1833 1843 1843 1834 1834 1834 1834 1843 1843 1835 1835 1843 1843 1844 1844 1835 1835 1844 1844 1838 1838 1835 1835 1844 1844 1845 1845 1838 1838 1838 1838 1845 1845 1839 1839 1839 1839 1845 1845 1840 1840 1840 1840 1845 1845 1841 1841 1841 1841 1845 1845 1842 1842 1842 1842 1845 1845 1843 1843 1843 1843 1845 1845 1844 1844 1838 1838 1846 1846 1845 1845 1846 1846 1839 1839 1845 1845 1839 1839 1840 1840 1845 1845 1840 1840 1841 1841 1845 1845 1841 1841 1842 1842 1845 1845 1842 1842 1843 1843 1845 1845 1843 1843 1844 1844 1845 1845 1844 1844 1838 1838 1845 1845 1838 1838 1847 1847 1846 1846 1844 1844 1847 1847 1838 1838 1847 1847 1848 1848 1846 1846 1846 1846 1848 1848 1839 1839 1839 1839 1848 1848 1840 1840 1848 1848 1849 1849 1840 1840 1849 1849 1850 1850 1840 1840 1840 1840 1850 1850 1841 1841 1841 1841 1850 1850 1842 1842 1850 1850 1851 1851 1842 1842 1851 1851 1852 1852 1842 1842 1842 1842 1852 1852 1843 1843 1843 1843 1852 1852 1844 1844 1852 1852 1853 1853 1844 1844 1853 1853 1847 1847 1844 1844 1853 1853 1854 1854 1847 1847 1847 1847 1854 1854 1848 1848 1848 1848 1854 1854 1849 1849 1849 1849 1854 1854 1850 1850 1850 1850 1854 1854 1851 1851 1851 1851 1854 1854 1852 1852 1852 1852 1854 1854 1853 1853 1847 1847 1855 1855 1854 1854 1855 1855 1848 1848 1854 1854 1848 1848 1849 1849 1854 1854 1849 1849 1850 1850 1854 1854 1850 1850 1851 1851 1854 1854 1851 1851 1852 1852 1854 1854 1852 1852 1853 1853 1854 1854 1853 1853 1847 1847 1854 1854 1856 1856 1857 1857 1847 1847 1847 1847 1857 1857 1855 1855 1853 1853 1856 1856 1847 1847 1857 1857 1858 1858 1855 1855 1855 1855 1858 1858 1848 1848 1858 1858 1859 1859 1848 1848 1848 1848 1859 1859 1849 1849 1859 1859 1860 1860 1849 1849 1849 1849 1860 1860 1850 1850 1860 1860 1861 1861 1850 1850 1850 1850 1861 1861 1851 1851 1861 1861 1862 1862 1851 1851 1851 1851 1862 1862 1852 1852 1862 1862 1863 1863 1852 1852 1852 1852 1863 1863 1853 1853 1863 1863 1856 1856 1853 1853 1856 1856 1864 1864 1857 1857 1863 1863 1864 1864 1856 1856 1857 1857 1864 1864 1858 1858 1858 1858 1864 1864 1859 1859 1859 1859 1864 1864 1860 1860 1860 1860 1864 1864 1861 1861 1861 1861 1864 1864 1862 1862 1862 1862 1864 1864 1863 1863 1856 1856 1858 1858 1864 1864 1858 1858 1859 1859 1864 1864 1859 1859 1860 1860 1864 1864 1860 1860 1861 1861 1864 1864 1861 1861 1862 1862 1864 1864 1862 1862 1863 1863 1864 1864 1863 1863 1856 1856 1864 1864 1865 1865 1866 1866 1856 1856 1856 1856 1866 1866 1858 1858 1866 1866 1867 1867 1858 1858 1858 1858 1867 1867 1859 1859 1867 1867 1868 1868 1859 1859 1859 1859 1868 1868 1860 1860 1868 1868 1869 1869 1860 1860 1860 1860 1869 1869 1861 1861 1869 1869 1870 1870 1861 1861 1861 1861 1870 1870 1862 1862 1870 1870 1871 1871 1862 1862 1862 1862 1871 1871 1863 1863 1871 1871 1872 1872 1863 1863 1863 1863 1872 1872 1856 1856 1872 1872 1865 1865 1856 1856 1865 1865 1873 1873 1866 1866 1872 1872 1873 1873 1865 1865 1866 1866 1873 1873 1867 1867 1867 1867 1873 1873 1868 1868 1868 1868 1873 1873 1869 1869 1869 1869 1873 1873 1870 1870 1870 1870 1873 1873 1871 1871 1871 1871 1873 1873 1872 1872 1866 1866 1867 1867 1873 1873 1867 1867 1868 1868 1873 1873 1868 1868 1869 1869 1873 1873 1869 1869 1870 1870 1873 1873 1870 1870 1871 1871 1873 1873 1871 1871 1872 1872 1873 1873 1872 1872 1866 1866 1873 1873 1874 1874 1875 1875 1866 1866 1872 1872 1874 1874 1866 1866 1875 1875 1876 1876 1866 1866 1866 1866 1876 1876 1867 1867 1867 1867 1876 1876 1868 1868 1876 1876 1877 1877 1868 1868 1877 1877 1878 1878 1868 1868 1868 1868 1878 1878 1869 1869 1869 1869 1878 1878 1870 1870 1878 1878 1879 1879 1870 1870 1879 1879 1880 1880 1870 1870 1870 1870 1880 1880 1871 1871 1871 1871 1880 1880 1872 1872 1880 1880 1881 1881 1872 1872 1881 1881 1874 1874 1872 1872 1874 1874 1882 1882 1875 1875 1881 1881 1882 1882 1874 1874 1875 1875 1882 1882 1876 1876 1876 1876 1882 1882 1877 1877 1877 1877 1882 1882 1878 1878 1878 1878 1882 1882 1879 1879 1879 1879 1882 1882 1880 1880 1880 1880 1882 1882 1881 1881 1875 1875 1876 1876 1882 1882 1876 1876 1877 1877 1882 1882 1877 1877 1878 1878 1882 1882 1878 1878 1879 1879 1882 1882 1879 1879 1880 1880 1882 1882 1880 1880 1881 1881 1882 1882 1881 1881 1875 1875 1882 1882 1883 1883 1884 1884 1875 1875 1881 1881 1883 1883 1875 1875 1884 1884 1885 1885 1875 1875 1875 1875 1885 1885 1876 1876 1876 1876 1885 1885 1877 1877 1885 1885 1886 1886 1877 1877 1886 1886 1887 1887 1877 1877 1877 1877 1887 1887 1878 1878 1878 1878 1887 1887 1879 1879 1887 1887 1888 1888 1879 1879 1888 1888 1889 1889 1879 1879 1879 1879 1889 1889 1880 1880 1880 1880 1889 1889 1881 1881 1889 1889 1890 1890 1881 1881 1890 1890 1883 1883 1881 1881 1883 1883 1891 1891 1884 1884 1890 1890 1891 1891 1883 1883 1884 1884 1891 1891 1885 1885 1885 1885 1891 1891 1886 1886 1886 1886 1891 1891 1887 1887 1887 1887 1891 1891 1888 1888 1888 1888 1891 1891 1889 1889 1889 1889 1891 1891 1890 1890 1884 1884 1885 1885 1891 1891 1885 1885 1886 1886 1891 1891 1886 1886 1887 1887 1891 1891 1887 1887 1888 1888 1891 1891 1888 1888 1889 1889 1891 1891 1889 1889 1890 1890 1891 1891 1890 1890 1884 1884 1891 1891 1892 1892 1893 1893 1884 1884 1890 1890 1892 1892 1884 1884 1884 1884 1893 1893 1885 1885 1893 1893 1894 1894 1885 1885 1885 1885 1894 1894 1886 1886 1894 1894 1895 1895 1886 1886 1886 1886 1895 1895 1887 1887 1895 1895 1896 1896 1887 1887 1887 1887 1896 1896 1888 1888 1896 1896 1897 1897 1888 1888 1888 1888 1897 1897 1889 1889 1897 1897 1898 1898 1889 1889 1889 1889 1898 1898 1890 1890 1898 1898 1899 1899 1890 1890 1899 1899 1892 1892 1890 1890 1892 1892 1900 1900 1893 1893 1899 1899 1900 1900 1892 1892 1893 1893 1900 1900 1894 1894 1894 1894 1900 1900 1895 1895 1895 1895 1900 1900 1896 1896 1896 1896 1900 1900 1897 1897 1897 1897 1900 1900 1898 1898 1898 1898 1900 1900 1899 1899 1892 1892 1893 1893 1900 1900 1893 1893 1894 1894 1900 1900 1894 1894 1895 1895 1900 1900 1895 1895 1896 1896 1900 1900 1896 1896 1897 1897 1900 1900 1897 1897 1898 1898 1900 1900 1898 1898 1892 1892 1900 1900 1901 1901 1902 1902 1892 1892 1892 1892 1902 1902 1893 1893 1893 1893 1902 1902 1894 1894 1902 1902 1903 1903 1894 1894 1903 1903 1904 1904 1894 1894 1894 1894 1904 1904 1895 1895 1895 1895 1904 1904 1896 1896 1904 1904 1905 1905 1896 1896 1905 1905 1906 1906 1896 1896 1896 1896 1906 1906 1897 1897 1897 1897 1906 1906 1898 1898 1906 1906 1907 1907 1898 1898 1907 1907 1908 1908 1898 1898 1898 1898 1908 1908 1892 1892 1908 1908 1901 1901 1892 1892 1901 1901 1909 1909 1902 1902 1908 1908 1909 1909 1901 1901 1902 1902 1909 1909 1903 1903 1903 1903 1909 1909 1904 1904 1904 1904 1909 1909 1905 1905 1905 1905 1909 1909 1906 1906 1906 1906 1909 1909 1907 1907 1907 1907 1909 1909 1908 1908 1901 1901 1902 1902 1909 1909 1902 1902 1903 1903 1909 1909 1903 1903 1904 1904 1909 1909 1904 1904 1905 1905 1909 1909 1905 1905 1906 1906 1909 1909 1906 1906 1907 1907 1909 1909 1907 1907 1901 1901 1909 1909 1901 1901 1910 1910 1902 1902 1910 1910 1911 1911 1902 1902 1902 1902 1911 1911 1903 1903 1911 1911 1912 1912 1903 1903 1903 1903 1912 1912 1904 1904 1912 1912 1913 1913 1904 1904 1904 1904 1913 1913 1905 1905 1913 1913 1914 1914 1905 1905 1905 1905 1914 1914 1906 1906 1914 1914 1915 1915 1906 1906 1906 1906 1915 1915 1907 1907 1915 1915 1916 1916 1907 1907 1907 1907 1916 1916 1901 1901 1916 1916 1910 1910 1901 1901 1916 1916 1917 1917 1910 1910 1910 1910 1917 1917 1911 1911 1911 1911 1917 1917 1912 1912 1912 1912 1917 1917 1913 1913 1913 1913 1917 1917 1914 1914 1914 1914 1917 1917 1915 1915 1915 1915 1917 1917 1916 1916 1910 1910 1911 1911 1917 1917 1911 1911 1912 1912 1917 1917 1912 1912 1913 1913 1917 1917 1913 1913 1914 1914 1917 1917 1914 1914 1915 1915 1917 1917 1915 1915 1916 1916 1917 1917 1916 1916 1910 1910 1917 1917 1918 1918 1919 1919 1910 1910 1910 1910 1919 1919 1911 1911 1916 1916 1918 1918 1910 1910 1919 1919 1920 1920 1911 1911 1911 1911 1920 1920 1912 1912 1920 1920 1921 1921 1912 1912 1912 1912 1921 1921 1913 1913 1921 1921 1922 1922 1913 1913 1913 1913 1922 1922 1914 1914 1922 1922 1923 1923 1914 1914 1923 1923 1924 1924 1914 1914 1914 1914 1924 1924 1915 1915 1915 1915 1924 1924 1916 1916 1924 1924 1918 1918 1916 1916 1918 1918 1925 1925 1919 1919 1919 1919 1925 1925 1920 1920 1920 1920 1925 1925 1921 1921 1921 1921 1925 1925 1922 1922 1922 1922 1925 1925 1923 1923 1923 1923 1925 1925 1924 1924 1924 1924 1925 1925 1918 1918 1919 1919 1920 1920 1925 1925 1920 1920 1921 1921 1925 1925 1921 1921 1922 1922 1925 1925 1922 1922 1924 1924 1925 1925 1924 1924 1918 1918 1925 1925 1918 1918 1919 1919 1925 1925 1926 1926 1927 1927 1919 1919 1918 1918 1926 1926 1919 1919 1919 1919 1927 1927 1920 1920 1927 1927 1928 1928 1920 1920 1920 1920 1928 1928 1921 1921 1928 1928 1929 1929 1921 1921 1921 1921 1929 1929 1922 1922 1929 1929 1930 1930 1922 1922 1922 1922 1930 1930 1924 1924 1930 1930 1931 1931 1924 1924 1924 1924 1931 1931 1918 1918 1931 1931 1926 1926 1918 1918 1926 1926 1932 1932 1927 1927 1931 1931 1932 1932 1926 1926 1927 1927 1932 1932 1928 1928 1928 1928 1932 1932 1929 1929 1929 1929 1932 1932 1930 1930 1930 1930 1932 1932 1931 1931 1926 1926 1927 1927 1932 1932 1927 1927 1928 1928 1932 1932 1928 1928 1929 1929 1932 1932 1929 1929 1930 1930 1932 1932 1930 1930 1931 1931 1932 1932 1931 1931 1926 1926 1932 1932 1926 1926 1933 1933 1927 1927 1933 1933 1934 1934 1927 1927 1927 1927 1934 1934 1928 1928 1934 1934 1935 1935 1928 1928 1928 1928 1935 1935 1929 1929 1935 1935 1936 1936 1929 1929 1929 1929 1936 1936 1930 1930 1936 1936 1937 1937 1930 1930 1930 1930 1937 1937 1931 1931 1937 1937 1938 1938 1931 1931 1931 1931 1938 1938 1926 1926 1938 1938 1933 1933 1926 1926 1938 1938 1939 1939 1933 1933 1933 1933 1939 1939 1934 1934 1934 1934 1939 1939 1935 1935 1935 1935 1939 1939 1936 1936 1936 1936 1939 1939 1937 1937 1937 1937 1939 1939 1938 1938 1933 1933 1934 1934 1939 1939 1934 1934 1935 1935 1939 1939 1935 1935 1936 1936 1939 1939 1936 1936 1937 1937 1939 1939 1937 1937 1938 1938 1939 1939 1938 1938 1933 1933 1939 1939 1940 1940 1941 1941 1933 1933 1933 1933 1941 1941 1934 1934 1941 1941 1942 1942 1934 1934 1934 1934 1942 1942 1935 1935 1942 1942 1943 1943 1935 1935 1935 1935 1943 1943 1936 1936 1943 1943 1944 1944 1936 1936 1944 1944 1945 1945 1936 1936 1936 1936 1945 1945 1937 1937 1945 1945 1946 1946 1937 1937 1937 1937 1946 1946 1938 1938 1946 1946 1940 1940 1938 1938 1938 1938 1940 1940 1933 1933 1940 1940 1947 1947 1941 1941 1941 1941 1947 1947 1942 1942 1942 1942 1947 1947 1943 1943 1943 1943 1947 1947 1944 1944 1944 1944 1947 1947 1945 1945 1945 1945 1947 1947 1946 1946 1946 1946 1947 1947 1940 1940 1940 1940 1941 1941 1947 1947 1941 1941 1942 1942 1947 1947 1942 1942 1943 1943 1947 1947 1943 1943 1944 1944 1947 1947 1944 1944 1945 1945 1947 1947 1945 1945 1946 1946 1947 1947 1946 1946 1940 1940 1947 1947 1940 1940 1948 1948 1941 1941 1948 1948 1949 1949 1941 1941 1941 1941 1949 1949 1942 1942 1949 1949 1950 1950 1942 1942 1942 1942 1950 1950 1943 1943 1950 1950 1951 1951 1943 1943 1943 1943 1951 1951 1944 1944 1951 1951 1952 1952 1944 1944 1944 1944 1952 1952 1945 1945 1952 1952 1953 1953 1945 1945 1945 1945 1953 1953 1946 1946 1953 1953 1954 1954 1946 1946 1946 1946 1954 1954 1940 1940 1954 1954 1948 1948 1940 1940 1954 1954 1955 1955 1948 1948 1948 1948 1955 1955 1949 1949 1949 1949 1955 1955 1950 1950 1950 1950 1955 1955 1951 1951 1951 1951 1955 1955 1952 1952 1952 1952 1955 1955 1953 1953 1953 1953 1955 1955 1954 1954 1948 1948 1949 1949 1955 1955 1949 1949 1950 1950 1955 1955 1950 1950 1956 1956 1955 1955 1956 1956 1951 1951 1955 1955 1951 1951 1952 1952 1955 1955 1952 1952 1953 1953 1955 1955 1953 1953 1954 1954 1955 1955 1954 1954 1948 1948 1955 1955 1948 1948 1957 1957 1949 1949 1954 1954 1957 1957 1948 1948 1957 1957 1958 1958 1949 1949 1958 1958 1959 1959 1949 1949 1949 1949 1959 1959 1950 1950 1950 1950 1959 1959 1956 1956 1959 1959 1960 1960 1956 1956 1956 1956 1960 1960 1951 1951 1951 1951 1960 1960 1952 1952 1960 1960 1961 1961 1952 1952 1961 1961 1962 1962 1952 1952 1952 1952 1962 1962 1953 1953 1953 1953 1962 1962 1954 1954 1962 1962 1963 1963 1954 1954 1963 1963 1957 1957 1954 1954 1963 1963 1964 1964 1957 1957 1957 1957 1964 1964 1958 1958 1958 1958 1964 1964 1959 1959 1959 1959 1964 1964 1960 1960 1960 1960 1964 1964 1961 1961 1961 1961 1964 1964 1962 1962 1962 1962 1964 1964 1963 1963 1957 1957 1958 1958 1964 1964 1958 1958 1959 1959 1964 1964 1959 1959 1965 1965 1964 1964 1965 1965 1960 1960 1964 1964 1960 1960 1961 1961 1964 1964 1961 1961 1962 1962 1964 1964 1962 1962 1963 1963 1964 1964 1963 1963 1957 1957 1964 1964 1966 1966 1967 1967 1957 1957 1957 1957 1967 1967 1958 1958 1963 1963 1966 1966 1957 1957 1967 1967 1968 1968 1958 1958 1958 1958 1968 1968 1959 1959 1968 1968 1969 1969 1959 1959 1959 1959 1969 1969 1965 1965 1965 1965 1969 1969 1960 1960 1969 1969 1970 1970 1960 1960 1960 1960 1970 1970 1961 1961 1970 1970 1971 1971 1961 1961 1961 1961 1971 1971 1962 1962 1971 1971 1972 1972 1962 1962 1962 1962 1972 1972 1963 1963 1972 1972 1966 1966 1963 1963 1966 1966 1973 1973 1967 1967 1967 1967 1973 1973 1968 1968 1968 1968 1973 1973 1969 1969 1969 1969 1973 1973 1970 1970 1970 1970 1973 1973 1971 1971 1971 1971 1973 1973 1972 1972 1972 1972 1973 1973 1966 1966 1967 1967 1968 1968 1973 1973 1968 1968 1974 1974 1973 1973 1974 1974 1969 1969 1973 1973 1969 1969 1970 1970 1973 1973 1970 1970 1971 1971 1973 1973 1971 1971 1972 1972 1973 1973 1972 1972 1966 1966 1973 1973 1966 1966 1967 1967 1973 1973 1975 1975 1976 1976 1967 1967 1966 1966 1975 1975 1967 1967 1976 1976 1977 1977 1967 1967 1967 1967 1977 1977 1968 1968 1968 1968 1977 1977 1974 1974 1977 1977 1978 1978 1974 1974 1974 1974 1978 1978 1969 1969 1969 1969 1978 1978 1970 1970 1978 1978 1979 1979 1970 1970 1979 1979 1980 1980 1970 1970 1970 1970 1980 1980 1971 1971 1971 1971 1980 1980 1972 1972 1980 1980 1981 1981 1972 1972 1981 1981 1975 1975 1972 1972 1972 1972 1975 1975 1966 1966 1975 1975 1982 1982 1976 1976 1976 1976 1982 1982 1977 1977 1977 1977 1982 1982 1978 1978 1978 1978 1982 1982 1979 1979 1979 1979 1982 1982 1980 1980 1980 1980 1982 1982 1981 1981 1981 1981 1982 1982 1975 1975 1976 1976 1977 1977 1982 1982 1977 1977 1983 1983 1982 1982 1983 1983 1978 1978 1982 1982 1978 1978 1979 1979 1982 1982 1979 1979 1980 1980 1982 1982 1980 1980 1981 1981 1982 1982 1981 1981 1975 1975 1982 1982 1975 1975 1976 1976 1982 1982 1984 1984 1985 1985 1976 1976 1975 1975 1984 1984 1976 1976 1976 1976 1985 1985 1977 1977 1985 1985 1986 1986 1977 1977 1977 1977 1986 1986 1983 1983 1983 1983 1986 1986 1978 1978 1986 1986 1987 1987 1978 1978 1978 1978 1987 1987 1979 1979 1987 1987 1988 1988 1979 1979 1979 1979 1988 1988 1980 1980 1988 1988 1989 1989 1980 1980 1980 1980 1989 1989 1981 1981 1989 1989 1990 1990 1981 1981 1981 1981 1990 1990 1975 1975 1990 1990 1984 1984 1975 1975 1984 1984 1991 1991 1985 1985 1990 1990 1991 1991 1984 1984 1985 1985 1991 1991 1986 1986 1986 1986 1991 1991 1987 1987 1987 1987 1991 1991 1988 1988 1988 1988 1991 1991 1989 1989 1989 1989 1991 1991 1990 1990 1984 1984 1985 1985 1991 1991 1985 1985 1992 1992 1991 1991 1992 1992 1986 1986 1991 1991 1986 1986 1987 1987 1991 1991 1987 1987 1988 1988 1991 1991 1988 1988 1989 1989 1991 1991 1989 1989 1990 1990 1991 1991 1990 1990 1984 1984 1991 1991 1993 1993 1994 1994 1984 1984 1984 1984 1994 1994 1985 1985 1985 1985 1994 1994 1992 1992 1994 1994 1995 1995 1992 1992 1992 1992 1995 1995 1986 1986 1986 1986 1995 1995 1987 1987 1995 1995 1996 1996 1987 1987 1996 1996 1997 1997 1987 1987 1987 1987 1997 1997 1988 1988 1988 1988 1997 1997 1989 1989 1997 1997 1998 1998 1989 1989 1998 1998 1999 1999 1989 1989 1989 1989 1999 1999 1990 1990 1990 1990 1999 1999 1984 1984 1999 1999 1993 1993 1984 1984 1993 1993 2000 2000 1994 1994 1999 1999 2000 2000 1993 1993 1994 1994 2000 2000 1995 1995 1995 1995 2000 2000 1996 1996 1996 1996 2000 2000 1997 1997 1997 1997 2000 2000 1998 1998 1998 1998 2000 2000 1999 1999 1993 1993 1994 1994 2000 2000 1994 1994 2001 2001 2000 2000 2001 2001 1995 1995 2000 2000 1995 1995 1996 1996 2000 2000 1996 1996 1997 1997 2000 2000 1997 1997 1998 1998 2000 2000 1998 1998 1999 1999 2000 2000 1999 1999 1993 1993 2000 2000 2002 2002 2003 2003 1993 1993 1993 1993 2003 2003 1994 1994 2003 2003 2004 2004 1994 1994 1994 1994 2004 2004 2001 2001 2004 2004 2005 2005 2001 2001 2001 2001 2005 2005 1995 1995 2005 2005 2006 2006 1995 1995 1995 1995 2006 2006 1996 1996 2006 2006 2007 2007 1996 1996 1996 1996 2007 2007 1997 1997 2007 2007 2008 2008 1997 1997 1997 1997 2008 2008 1998 1998 2008 2008 2009 2009 1998 1998 1998 1998 2009 2009 1999 1999 2009 2009 2002 2002 1999 1999 1999 1999 2002 2002 1993 1993 2002 2002 2010 2010 2003 2003 2003 2003 2010 2010 2004 2004 2004 2004 2010 2010 2005 2005 2005 2005 2010 2010 2006 2006 2006 2006 2010 2010 2007 2007 2007 2007 2010 2010 2008 2008 2008 2008 2010 2010 2009 2009 2009 2009 2010 2010 2002 2002 2003 2003 2005 2005 2010 2010 2005 2005 2006 2006 2010 2010 2006 2006 2007 2007 2010 2010 2007 2007 2008 2008 2010 2010 2008 2008 2009 2009 2010 2010 2009 2009 2002 2002 2010 2010 2002 2002 2003 2003 2010 2010 2011 2011 2012 2012 2003 2003 2002 2002 2011 2011 2003 2003 2012 2012 2013 2013 2003 2003 2003 2003 2013 2013 2005 2005 2013 2013 2014 2014 2005 2005 2014 2014 2015 2015 2005 2005 2005 2005 2015 2015 2006 2006 2006 2006 2015 2015 2007 2007 2015 2015 2016 2016 2007 2007 2016 2016 2017 2017 2007 2007 2007 2007 2017 2017 2008 2008 2008 2008 2017 2017 2009 2009 2017 2017 2018 2018 2009 2009 2018 2018 2011 2011 2009 2009 2009 2009 2011 2011 2002 2002 2011 2011 2019 2019 2012 2012 2012 2012 2019 2019 2013 2013 2013 2013 2019 2019 2014 2014 2014 2014 2019 2019 2015 2015 2015 2015 2019 2019 2016 2016 2016 2016 2019 2019 2017 2017 2017 2017 2019 2019 2018 2018 2018 2018 2019 2019 2011 2011 2012 2012 2014 2014 2019 2019 2014 2014 2015 2015 2019 2019 2015 2015 2016 2016 2019 2019 2016 2016 2017 2017 2019 2019 2017 2017 2018 2018 2019 2019 2018 2018 2011 2011 2019 2019 2011 2011 2012 2012 2019 2019 2020 2020 2021 2021 2012 2012 2011 2011 2020 2020 2012 2012 2021 2021 2022 2022 2012 2012 2012 2012 2022 2022 2014 2014 2022 2022 2023 2023 2014 2014 2014 2014 2023 2023 2015 2015 2023 2023 2024 2024 2015 2015 2015 2015 2024 2024 2016 2016 2024 2024 2025 2025 2016 2016 2016 2016 2025 2025 2017 2017 2025 2025 2026 2026 2017 2017 2017 2017 2026 2026 2018 2018 2026 2026 2027 2027 2018 2018 2018 2018 2027 2027 2011 2011 2027 2027 2020 2020 2011 2011 2020 2020 2028 2028 2021 2021 2027 2027 2028 2028 2020 2020 2021 2021 2028 2028 2022 2022 2022 2022 2028 2028 2023 2023 2023 2023 2028 2028 2024 2024 2024 2024 2028 2028 2025 2025 2025 2025 2028 2028 2026 2026 2026 2026 2028 2028 2027 2027 2020 2020 2022 2022 2028 2028 2022 2022 2023 2023 2028 2028 2023 2023 2024 2024 2028 2028 2024 2024 2025 2025 2028 2028 2025 2025 2026 2026 2028 2028 2026 2026 2027 2027 2028 2028 2027 2027 2020 2020 2028 2028 2029 2029 2030 2030 2020 2020 2020 2020 2030 2030 2022 2022 2030 2030 2031 2031 2022 2022 2031 2031 2032 2032 2022 2022 2022 2022 2032 2032 2023 2023 2023 2023 2032 2032 2024 2024 2032 2032 2033 2033 2024 2024 2033 2033 2034 2034 2024 2024 2024 2024 2034 2034 2025 2025 2025 2025 2034 2034 2026 2026 2034 2034 2035 2035 2026 2026 2035 2035 2036 2036 2026 2026 2026 2026 2036 2036 2027 2027 2027 2027 2036 2036 2020 2020 2036 2036 2029 2029 2020 2020 2029 2029 2037 2037 2030 2030 2036 2036 2037 2037 2029 2029 2030 2030 2037 2037 2031 2031 2031 2031 2037 2037 2032 2032 2032 2032 2037 2037 2033 2033 2033 2033 2037 2037 2034 2034 2034 2034 2037 2037 2035 2035 2035 2035 2037 2037 2036 2036 2029 2029 2031 2031 2037 2037 2031 2031 2032 2032 2037 2037 2032 2032 2033 2033 2037 2037 2033 2033 2034 2034 2037 2037 2034 2034 2035 2035 2037 2037 2035 2035 2036 2036 2037 2037 2036 2036 2029 2029 2037 2037 2038 2038 2039 2039 2029 2029 2029 2029 2039 2039 2031 2031 2039 2039 2040 2040 2031 2031 2031 2031 2040 2040 2032 2032 2040 2040 2041 2041 2032 2032 2032 2032 2041 2041 2033 2033 2041 2041 2042 2042 2033 2033 2033 2033 2042 2042 2034 2034 2034 2034 2042 2042 2035 2035 2042 2042 2043 2043 2035 2035 2043 2043 2044 2044 2035 2035 2035 2035 2044 2044 2036 2036 2036 2036 2044 2044 2029 2029 2044 2044 2038 2038 2029 2029 2038 2038 2045 2045 2039 2039 2044 2044 2045 2045 2038 2038 2039 2039 2045 2045 2040 2040 2040 2040 2045 2045 2041 2041 2041 2041 2045 2045 2042 2042 2042 2042 2045 2045 2043 2043 2043 2043 2045 2045 2044 2044 2038 2038 2039 2039 2045 2045 2039 2039 2040 2040 2045 2045 2040 2040 2041 2041 2045 2045 2041 2041 2042 2042 2045 2045 2042 2042 2043 2043 2045 2045 2043 2043 2044 2044 2045 2045 2044 2044 2038 2038 2045 2045 2038 2038 2046 2046 2039 2039 2046 2046 2047 2047 2039 2039 2039 2039 2047 2047 2040 2040 2047 2047 2048 2048 2040 2040 2048 2048 2049 2049 2040 2040 2040 2040 2049 2049 2041 2041 2049 2049 2050 2050 2041 2041 2041 2041 2050 2050 2042 2042 2042 2042 2050 2050 2043 2043 2050 2050 2051 2051 2043 2043 2051 2051 2052 2052 2043 2043 2043 2043 2052 2052 2044 2044 2044 2044 2052 2052 2038 2038 2052 2052 2046 2046 2038 2038 2052 2052 2053 2053 2046 2046 2046 2046 2053 2053 2047 2047 2047 2047 2053 2053 2048 2048 2048 2048 2053 2053 2049 2049 2049 2049 2053 2053 2050 2050 2050 2050 2053 2053 2051 2051 2051 2051 2053 2053 2052 2052 2046 2046 2048 2048 2053 2053 2048 2048 2049 2049 2053 2053 2049 2049 2050 2050 2053 2053 2050 2050 2051 2051 2053 2053 2051 2051 2052 2052 2053 2053 2052 2052 2046 2046 2053 2053 2052 2052 2054 2054 2046 2046 2054 2054 2055 2055 2046 2046 2046 2046 2055 2055 2048 2048 2055 2055 2056 2056 2048 2048 2048 2048 2056 2056 2049 2049 2056 2056 2057 2057 2049 2049 2049 2049 2057 2057 2050 2050 2050 2050 2057 2057 2051 2051 2057 2057 2058 2058 2051 2051 2058 2058 2059 2059 2051 2051 2051 2051 2059 2059 2052 2052 2059 2059 2054 2054 2052 2052 2059 2059 2060 2060 2054 2054 2054 2054 2060 2060 2055 2055 2055 2055 2060 2060 2056 2056 2056 2056 2060 2060 2057 2057 2057 2057 2060 2060 2058 2058 2058 2058 2060 2060 2059 2059 2054 2054 2055 2055 2060 2060 2055 2055 2056 2056 2060 2060 2056 2056 2057 2057 2060 2060 2057 2057 2058 2058 2060 2060 2058 2058 2059 2059 2060 2060 2059 2059 2054 2054 2060 2060 2059 2059 2061 2061 2054 2054 2061 2061 2062 2062 2054 2054 2054 2054 2062 2062 2055 2055 2062 2062 2063 2063 2055 2055 2055 2055 2063 2063 2056 2056 2063 2063 2064 2064 2056 2056 2056 2056 2064 2064 2057 2057 2057 2057 2064 2064 2058 2058 2064 2064 2065 2065 2058 2058 2065 2065 2066 2066 2058 2058 2058 2058 2066 2066 2059 2059 2066 2066 2061 2061 2059 2059 2066 2066 2067 2067 2061 2061 2061 2061 2067 2067 2062 2062 2062 2062 2067 2067 2063 2063 2063 2063 2067 2067 2064 2064 2064 2064 2067 2067 2065 2065 2065 2065 2067 2067 2066 2066 2061 2061 2062 2062 2067 2067 2062 2062 2063 2063 2067 2067 2063 2063 2064 2064 2067 2067 2064 2064 2065 2065 2067 2067 2065 2065 2066 2066 2067 2067 2066 2066 2061 2061 2067 2067 2066 2066 2068 2068 2061 2061 2068 2068 2069 2069 2061 2061 2061 2061 2069 2069 2062 2062 2069 2069 2070 2070 2062 2062 2062 2062 2070 2070 2063 2063 2070 2070 2071 2071 2063 2063 2063 2063 2071 2071 2064 2064 2071 2071 2072 2072 2064 2064 2064 2064 2072 2072 2065 2065 2072 2072 2073 2073 2065 2065 2065 2065 2073 2073 2066 2066 2073 2073 2068 2068 2066 2066 2073 2073 2074 2074 2068 2068 2068 2068 2074 2074 2069 2069 2069 2069 2074 2074 2070 2070 2070 2070 2074 2074 2071 2071 2071 2071 2074 2074 2072 2072 2072 2072 2074 2074 2073 2073 2068 2068 2069 2069 2074 2074 2069 2069 2070 2070 2074 2074 2070 2070 2071 2071 2074 2074 2071 2071 2072 2072 2074 2074 2072 2072 2073 2073 2074 2074 2073 2073 2068 2068 2074 2074 2073 2073 2075 2075 2068 2068 2075 2075 2076 2076 2068 2068 2068 2068 2076 2076 2069 2069 2076 2076 2077 2077 2069 2069 2069 2069 2077 2077 2070 2070 2077 2077 2078 2078 2070 2070 2070 2070 2078 2078 2071 2071 2071 2071 2078 2078 2072 2072 2078 2078 2079 2079 2072 2072 2079 2079 2080 2080 2072 2072 2072 2072 2080 2080 2073 2073 2080 2080 2075 2075 2073 2073 2080 2080 2081 2081 2075 2075 2075 2075 2081 2081 2076 2076 2076 2076 2081 2081 2077 2077 2077 2077 2081 2081 2078 2078 2078 2078 2081 2081 2079 2079 2079 2079 2081 2081 2080 2080 2075 2075 2082 2082 2081 2081 2082 2082 2076 2076 2081 2081 2076 2076 2077 2077 2081 2081 2077 2077 2078 2078 2081 2081 2078 2078 2079 2079 2081 2081 2079 2079 2080 2080 2081 2081 2080 2080 2075 2075 2081 2081 2075 2075 2083 2083 2082 2082 2080 2080 2083 2083 2075 2075 2083 2083 2084 2084 2082 2082 2082 2082 2084 2084 2076 2076 2084 2084 2085 2085 2076 2076 2076 2076 2085 2085 2077 2077 2085 2085 2086 2086 2077 2077 2086 2086 2087 2087 2077 2077 2077 2077 2087 2087 2078 2078 2078 2078 2087 2087 2079 2079 2087 2087 2088 2088 2079 2079 2088 2088 2089 2089 2079 2079 2079 2079 2089 2089 2080 2080 2089 2089 2083 2083 2080 2080 2089 2089 2090 2090 2083 2083 2083 2083 2090 2090 2084 2084 2084 2084 2090 2090 2085 2085 2085 2085 2090 2090 2086 2086 2086 2086 2090 2090 2087 2087 2087 2087 2090 2090 2088 2088 2088 2088 2090 2090 2089 2089 2083 2083 2084 2084 2090 2090 2084 2084 2085 2085 2090 2090 2085 2085 2086 2086 2090 2090 2086 2086 2087 2087 2090 2090 2087 2087 2088 2088 2090 2090 2088 2088 2089 2089 2090 2090 2089 2089 2083 2083 2090 2090 2091 2091 2092 2092 2083 2083 2083 2083 2092 2092 2084 2084 2089 2089 2091 2091 2083 2083 2092 2092 2093 2093 2084 2084 2084 2084 2093 2093 2085 2085 2093 2093 2094 2094 2085 2085 2085 2085 2094 2094 2086 2086 2094 2094 2095 2095 2086 2086 2086 2086 2095 2095 2087 2087 2095 2095 2096 2096 2087 2087 2087 2087 2096 2096 2088 2088 2096 2096 2097 2097 2088 2088 2088 2088 2097 2097 2089 2089 2097 2097 2091 2091 2089 2089 2091 2091 2098 2098 2092 2092 2092 2092 2098 2098 2093 2093 2093 2093 2098 2098 2094 2094 2094 2094 2098 2098 2095 2095 2095 2095 2098 2098 2096 2096 2096 2096 2098 2098 2097 2097 2097 2097 2098 2098 2091 2091 2092 2092 2093 2093 2098 2098 2093 2093 2094 2094 2098 2098 2094 2094 2095 2095 2098 2098 2095 2095 2096 2096 2098 2098 2096 2096 2097 2097 2098 2098 2097 2097 2091 2091 2098 2098 2091 2091 2092 2092 2098 2098 2091 2091 2099 2099 2092 2092 2099 2099 2100 2100 2092 2092 2092 2092 2100 2100 2093 2093 2093 2093 2100 2100 2094 2094 2100 2100 2101 2101 2094 2094 2101 2101 2102 2102 2094 2094 2094 2094 2102 2102 2095 2095 2095 2095 2102 2102 2096 2096 2102 2102 2103 2103 2096 2096 2103 2103 2104 2104 2096 2096 2096 2096 2104 2104 2097 2097 2104 2104 2105 2105 2097 2097 2097 2097 2105 2105 2091 2091 2105 2105 2099 2099 2091 2091 2105 2105 2106 2106 2099 2099 2099 2099 2106 2106 2100 2100 2100 2100 2106 2106 2101 2101 2101 2101 2106 2106 2102 2102 2102 2102 2106 2106 2103 2103 2103 2103 2106 2106 2104 2104 2104 2104 2106 2106 2105 2105 2099 2099 2107 2107 2106 2106 2107 2107 2100 2100 2106 2106 2100 2100 2101 2101 2106 2106 2101 2101 2102 2102 2106 2106 2102 2102 2103 2103 2106 2106 2103 2103 2104 2104 2106 2106 2104 2104 2105 2105 2106 2106 2105 2105 2099 2099 2106 2106 2099 2099 2108 2108 2107 2107 2105 2105 2108 2108 2099 2099 2108 2108 2109 2109 2107 2107 2107 2107 2109 2109 2100 2100 2100 2100 2109 2109 2101 2101 2109 2109 2110 2110 2101 2101 2110 2110 2111 2111 2101 2101 2101 2101 2111 2111 2102 2102 2102 2102 2111 2111 2103 2103 2111 2111 2112 2112 2103 2103 2112 2112 2113 2113 2103 2103 2103 2103 2113 2113 2104 2104 2104 2104 2113 2113 2105 2105 2113 2113 2114 2114 2105 2105 2114 2114 2108 2108 2105 2105 2114 2114 2115 2115 2108 2108 2108 2108 2115 2115 2109 2109 2109 2109 2115 2115 2110 2110 2110 2110 2115 2115 2111 2111 2111 2111 2115 2115 2112 2112 2112 2112 2115 2115 2113 2113 2113 2113 2115 2115 2114 2114 2108 2108 2116 2116 2115 2115 2116 2116 2109 2109 2115 2115 2109 2109 2110 2110 2115 2115 2110 2110 2111 2111 2115 2115 2111 2111 2112 2112 2115 2115 2112 2112 2113 2113 2115 2115 2113 2113 2114 2114 2115 2115 2114 2114 2108 2108 2115 2115 2108 2108 2117 2117 2116 2116 2114 2114 2117 2117 2108 2108 2117 2117 2118 2118 2116 2116 2116 2116 2118 2118 2109 2109 2109 2109 2118 2118 2110 2110 2118 2118 2119 2119 2110 2110 2119 2119 2120 2120 2110 2110 2110 2110 2120 2120 2111 2111 2111 2111 2120 2120 2112 2112 2120 2120 2121 2121 2112 2112 2121 2121 2122 2122 2112 2112 2112 2112 2122 2122 2113 2113 2113 2113 2122 2122 2114 2114 2122 2122 2123 2123 2114 2114 2123 2123 2117 2117 2114 2114 2123 2123 2124 2124 2117 2117 2117 2117 2124 2124 2118 2118 2118 2118 2124 2124 2119 2119 2119 2119 2124 2124 2120 2120 2120 2120 2124 2124 2121 2121 2121 2121 2124 2124 2122 2122 2122 2122 2124 2124 2123 2123 2117 2117 2125 2125 2124 2124 2125 2125 2118 2118 2124 2124 2118 2118 2119 2119 2124 2124 2119 2119 2120 2120 2124 2124 2120 2120 2121 2121 2124 2124 2121 2121 2122 2122 2124 2124 2122 2122 2123 2123 2124 2124 2123 2123 2117 2117 2124 2124 2126 2126 2127 2127 2117 2117 2117 2117 2127 2127 2125 2125 2123 2123 2126 2126 2117 2117 2125 2125 2127 2127 2118 2118 2127 2127 2128 2128 2118 2118 2118 2118 2128 2128 2119 2119 2128 2128 2129 2129 2119 2119 2119 2119 2129 2129 2120 2120 2129 2129 2130 2130 2120 2120 2120 2120 2130 2130 2121 2121 2130 2130 2131 2131 2121 2121 2121 2121 2131 2131 2122 2122 2131 2131 2132 2132 2122 2122 2122 2122 2132 2132 2123 2123 2132 2132 2126 2126 2123 2123 2126 2126 2133 2133 2127 2127 2127 2127 2133 2133 2128 2128 2128 2128 2133 2133 2129 2129 2129 2129 2133 2133 2130 2130 2130 2130 2133 2133 2131 2131 2131 2131 2133 2133 2132 2132 2132 2132 2133 2133 2126 2126 2134 2134 2127 2127 2133 2133 2127 2127 2128 2128 2133 2133 2128 2128 2129 2129 2133 2133 2129 2129 2130 2130 2133 2133 2130 2130 2131 2131 2133 2133 2131 2131 2132 2132 2133 2133 2132 2132 2126 2126 2133 2133 2126 2126 2134 2134 2133 2133 2135 2135 2136 2136 2134 2134 2134 2134 2136 2136 2127 2127 2126 2126 2135 2135 2134 2134 2136 2136 2137 2137 2127 2127 2127 2127 2137 2137 2128 2128 2137 2137 2138 2138 2128 2128 2128 2128 2138 2138 2129 2129 2138 2138 2139 2139 2129 2129 2129 2129 2139 2139 2130 2130 2139 2139 2140 2140 2130 2130 2130 2130 2140 2140 2131 2131 2140 2140 2141 2141 2131 2131 2131 2131 2141 2141 2132 2132 2141 2141 2142 2142 2132 2132 2132 2132 2142 2142 2126 2126 2142 2142 2135 2135 2126 2126 2135 2135 2143 2143 2136 2136 2142 2142 2143 2143 2135 2135 2136 2136 2143 2143 2137 2137 2137 2137 2143 2143 2138 2138 2138 2138 2143 2143 2139 2139 2139 2139 2143 2143 2140 2140 2140 2140 2143 2143 2141 2141 2141 2141 2143 2143 2142 2142 2136 2136 2137 2137 2143 2143 2137 2137 2138 2138 2143 2143 2138 2138 2139 2139 2143 2143 2139 2139 2140 2140 2143 2143 2140 2140 2141 2141 2143 2143 2141 2141 2142 2142 2143 2143 2142 2142 2136 2136 2143 2143 2144 2144 2145 2145 2136 2136 2142 2142 2144 2144 2136 2136 2145 2145 2146 2146 2136 2136 2136 2136 2146 2146 2137 2137 2137 2137 2146 2146 2138 2138 2146 2146 2147 2147 2138 2138 2147 2147 2148 2148 2138 2138 2138 2138 2148 2148 2139 2139 2139 2139 2148 2148 2140 2140 2148 2148 2149 2149 2140 2140 2149 2149 2150 2150 2140 2140 2140 2140 2150 2150 2141 2141 2141 2141 2150 2150 2142 2142 2150 2150 2151 2151 2142 2142 2151 2151 2144 2144 2142 2142 2144 2144 2152 2152 2145 2145 2151 2151 2152 2152 2144 2144 2145 2145 2152 2152 2146 2146 2146 2146 2152 2152 2147 2147 2147 2147 2152 2152 2148 2148 2148 2148 2152 2152 2149 2149 2149 2149 2152 2152 2150 2150 2150 2150 2152 2152 2151 2151 2145 2145 2146 2146 2152 2152 2146 2146 2147 2147 2152 2152 2147 2147 2148 2148 2152 2152 2148 2148 2149 2149 2152 2152 2149 2149 2150 2150 2152 2152 2150 2150 2151 2151 2152 2152 2151 2151 2145 2145 2152 2152 2153 2153 2154 2154 2145 2145 2151 2151 2153 2153 2145 2145 2154 2154 2155 2155 2145 2145 2145 2145 2155 2155 2146 2146 2146 2146 2155 2155 2147 2147 2155 2155 2156 2156 2147 2147 2156 2156 2157 2157 2147 2147 2147 2147 2157 2157 2148 2148 2148 2148 2157 2157 2149 2149 2157 2157 2158 2158 2149 2149 2158 2158 2159 2159 2149 2149 2149 2149 2159 2159 2150 2150 2150 2150 2159 2159 2151 2151 2159 2159 2160 2160 2151 2151 2160 2160 2153 2153 2151 2151 2153 2153 2161 2161 2154 2154 2160 2160 2161 2161 2153 2153 2154 2154 2161 2161 2155 2155 2155 2155 2161 2161 2156 2156 2156 2156 2161 2161 2157 2157 2157 2157 2161 2161 2158 2158 2158 2158 2161 2161 2159 2159 2159 2159 2161 2161 2160 2160 2154 2154 2155 2155 2161 2161 2155 2155 2156 2156 2161 2161 2156 2156 2157 2157 2161 2161 2157 2157 2158 2158 2161 2161 2158 2158 2159 2159 2161 2161 2159 2159 2160 2160 2161 2161 2160 2160 2154 2154 2161 2161 2162 2162 2163 2163 2154 2154 2160 2160 2162 2162 2154 2154 2154 2154 2163 2163 2155 2155 2163 2163 2164 2164 2155 2155 2155 2155 2164 2164 2156 2156 2164 2164 2165 2165 2156 2156 2156 2156 2165 2165 2157 2157 2165 2165 2166 2166 2157 2157 2157 2157 2166 2166 2158 2158 2166 2166 2167 2167 2158 2158 2158 2158 2167 2167 2159 2159 2167 2167 2168 2168 2159 2159 2159 2159 2168 2168 2160 2160 2168 2168 2169 2169 2160 2160 2169 2169 2162 2162 2160 2160 2162 2162 2170 2170 2163 2163 2169 2169 2170 2170 2162 2162 2163 2163 2170 2170 2164 2164 2164 2164 2170 2170 2165 2165 2165 2165 2170 2170 2166 2166 2166 2166 2170 2170 2167 2167 2167 2167 2170 2170 2168 2168 2168 2168 2170 2170 2169 2169 2162 2162 2163 2163 2170 2170 2163 2163 2164 2164 2170 2170 2164 2164 2165 2165 2170 2170 2165 2165 2166 2166 2170 2170 2166 2166 2167 2167 2170 2170 2167 2167 2168 2168 2170 2170 2168 2168 2162 2162 2170 2170 2171 2171 2172 2172 2162 2162 2162 2162 2172 2172 2163 2163 2163 2163 2172 2172 2164 2164 2172 2172 2173 2173 2164 2164 2173 2173 2174 2174 2164 2164 2164 2164 2174 2174 2165 2165 2165 2165 2174 2174 2166 2166 2174 2174 2175 2175 2166 2166 2175 2175 2176 2176 2166 2166 2166 2166 2176 2176 2167 2167 2167 2167 2176 2176 2168 2168 2176 2176 2177 2177 2168 2168 2177 2177 2178 2178 2168 2168 2168 2168 2178 2178 2162 2162 2178 2178 2171 2171 2162 2162 2171 2171 2179 2179 2172 2172 2178 2178 2179 2179 2171 2171 2172 2172 2179 2179 2173 2173 2173 2173 2179 2179 2174 2174 2174 2174 2179 2179 2175 2175 2175 2175 2179 2179 2176 2176 2176 2176 2179 2179 2177 2177 2177 2177 2179 2179 2178 2178 2171 2171 2172 2172 2179 2179 2172 2172 2173 2173 2179 2179 2173 2173 2174 2174 2179 2179 2174 2174 2175 2175 2179 2179 2175 2175 2176 2176 2179 2179 2176 2176 2177 2177 2179 2179 2177 2177 2171 2171 2179 2179 2171 2171 2180 2180 2172 2172 2180 2180 2181 2181 2172 2172 2172 2172 2181 2181 2173 2173 2181 2181 2182 2182 2173 2173 2173 2173 2182 2182 2174 2174 2182 2182 2183 2183 2174 2174 2174 2174 2183 2183 2175 2175 2183 2183 2184 2184 2175 2175 2175 2175 2184 2184 2176 2176 2184 2184 2185 2185 2176 2176 2176 2176 2185 2185 2177 2177 2185 2185 2186 2186 2177 2177 2177 2177 2186 2186 2171 2171 2186 2186 2180 2180 2171 2171 2186 2186 2187 2187 2180 2180 2180 2180 2187 2187 2181 2181 2181 2181 2187 2187 2182 2182 2182 2182 2187 2187 2183 2183 2183 2183 2187 2187 2184 2184 2184 2184 2187 2187 2185 2185 2185 2185 2187 2187 2186 2186 2180 2180 2181 2181 2187 2187 2181 2181 2182 2182 2187 2187 2182 2182 2183 2183 2187 2187 2183 2183 2184 2184 2187 2187 2184 2184 2185 2185 2187 2187 2185 2185 2186 2186 2187 2187 2186 2186 2180 2180 2187 2187 2188 2188 2189 2189 2180 2180 2180 2180 2189 2189 2181 2181 2186 2186 2188 2188 2180 2180 2189 2189 2190 2190 2181 2181 2181 2181 2190 2190 2182 2182 2190 2190 2191 2191 2182 2182 2182 2182 2191 2191 2183 2183 2191 2191 2192 2192 2183 2183 2183 2183 2192 2192 2184 2184 2192 2192 2193 2193 2184 2184 2193 2193 2194 2194 2184 2184 2184 2184 2194 2194 2185 2185 2185 2185 2194 2194 2186 2186 2194 2194 2188 2188 2186 2186 2188 2188 2195 2195 2189 2189 2189 2189 2195 2195 2190 2190 2190 2190 2195 2195 2191 2191 2191 2191 2195 2195 2192 2192 2192 2192 2195 2195 2193 2193 2193 2193 2195 2195 2194 2194 2194 2194 2195 2195 2188 2188 2189 2189 2190 2190 2195 2195 2190 2190 2191 2191 2195 2195 2191 2191 2192 2192 2195 2195 2192 2192 2194 2194 2195 2195 2194 2194 2188 2188 2195 2195 2188 2188 2189 2189 2195 2195 2196 2196 2197 2197 2189 2189 2188 2188 2196 2196 2189 2189 2189 2189 2197 2197 2190 2190 2197 2197 2198 2198 2190 2190 2190 2190 2198 2198 2191 2191 2198 2198 2199 2199 2191 2191 2191 2191 2199 2199 2192 2192 2199 2199 2200 2200 2192 2192 2192 2192 2200 2200 2194 2194 2200 2200 2201 2201 2194 2194 2194 2194 2201 2201 2188 2188 2201 2201 2196 2196 2188 2188 2196 2196 2202 2202 2197 2197 2201 2201 2202 2202 2196 2196 2197 2197 2202 2202 2198 2198 2198 2198 2202 2202 2199 2199 2199 2199 2202 2202 2200 2200 2200 2200 2202 2202 2201 2201 2196 2196 2197 2197 2202 2202 2197 2197 2198 2198 2202 2202 2198 2198 2199 2199 2202 2202 2199 2199 2200 2200 2202 2202 2200 2200 2201 2201 2202 2202 2201 2201 2196 2196 2202 2202 2196 2196 2203 2203 2197 2197 2203 2203 2204 2204 2197 2197 2197 2197 2204 2204 2198 2198 2204 2204 2205 2205 2198 2198 2198 2198 2205 2205 2199 2199 2205 2205 2206 2206 2199 2199 2199 2199 2206 2206 2200 2200 2206 2206 2207 2207 2200 2200 2200 2200 2207 2207 2201 2201 2207 2207 2208 2208 2201 2201 2201 2201 2208 2208 2196 2196 2208 2208 2203 2203 2196 2196 2208 2208 2209 2209 2203 2203 2203 2203 2209 2209 2204 2204 2204 2204 2209 2209 2205 2205 2205 2205 2209 2209 2206 2206 2206 2206 2209 2209 2207 2207 2207 2207 2209 2209 2208 2208 2203 2203 2204 2204 2209 2209 2204 2204 2205 2205 2209 2209 2205 2205 2206 2206 2209 2209 2206 2206 2207 2207 2209 2209 2207 2207 2208 2208 2209 2209 2208 2208 2203 2203 2209 2209 2210 2210 2211 2211 2203 2203 2203 2203 2211 2211 2204 2204 2211 2211 2212 2212 2204 2204 2204 2204 2212 2212 2205 2205 2212 2212 2213 2213 2205 2205 2205 2205 2213 2213 2206 2206 2213 2213 2214 2214 2206 2206 2214 2214 2215 2215 2206 2206 2206 2206 2215 2215 2207 2207 2215 2215 2216 2216 2207 2207 2207 2207 2216 2216 2208 2208 2216 2216 2210 2210 2208 2208 2208 2208 2210 2210 2203 2203 2210 2210 2217 2217 2211 2211 2211 2211 2217 2217 2212 2212 2212 2212 2217 2217 2213 2213 2213 2213 2217 2217 2214 2214 2214 2214 2217 2217 2215 2215 2215 2215 2217 2217 2216 2216 2216 2216 2217 2217 2210 2210 2210 2210 2211 2211 2217 2217 2211 2211 2212 2212 2217 2217 2212 2212 2213 2213 2217 2217 2213 2213 2214 2214 2217 2217 2214 2214 2215 2215 2217 2217 2215 2215 2216 2216 2217 2217 2216 2216 2210 2210 2217 2217 2210 2210 2218 2218 2211 2211 2218 2218 2219 2219 2211 2211 2211 2211 2219 2219 2212 2212 2219 2219 2220 2220 2212 2212 2212 2212 2220 2220 2213 2213 2220 2220 2221 2221 2213 2213 2213 2213 2221 2221 2214 2214 2221 2221 2222 2222 2214 2214 2214 2214 2222 2222 2215 2215 2222 2222 2223 2223 2215 2215 2215 2215 2223 2223 2216 2216 2223 2223 2224 2224 2216 2216 2216 2216 2224 2224 2210 2210 2224 2224 2218 2218 2210 2210 2224 2224 2225 2225 2218 2218 2218 2218 2225 2225 2219 2219 2219 2219 2225 2225 2220 2220 2220 2220 2225 2225 2221 2221 2221 2221 2225 2225 2222 2222 2222 2222 2225 2225 2223 2223 2223 2223 2225 2225 2224 2224 2218 2218 2219 2219 2225 2225 2219 2219 2220 2220 2225 2225 2220 2220 2226 2226 2225 2225 2226 2226 2221 2221 2225 2225 2221 2221 2222 2222 2225 2225 2222 2222 2223 2223 2225 2225 2223 2223 2224 2224 2225 2225 2224 2224 2218 2218 2225 2225 2218 2218 2227 2227 2219 2219 2224 2224 2227 2227 2218 2218 2227 2227 2228 2228 2219 2219 2228 2228 2229 2229 2219 2219 2219 2219 2229 2229 2220 2220 2220 2220 2229 2229 2226 2226 2229 2229 2230 2230 2226 2226 2226 2226 2230 2230 2221 2221 2221 2221 2230 2230 2222 2222 2230 2230 2231 2231 2222 2222 2231 2231 2232 2232 2222 2222 2222 2222 2232 2232 2223 2223 2223 2223 2232 2232 2224 2224 2232 2232 2233 2233 2224 2224 2233 2233 2227 2227 2224 2224 2233 2233 2234 2234 2227 2227 2227 2227 2234 2234 2228 2228 2228 2228 2234 2234 2229 2229 2229 2229 2234 2234 2230 2230 2230 2230 2234 2234 2231 2231 2231 2231 2234 2234 2232 2232 2232 2232 2234 2234 2233 2233 2227 2227 2228 2228 2234 2234 2228 2228 2229 2229 2234 2234 2229 2229 2235 2235 2234 2234 2235 2235 2230 2230 2234 2234 2230 2230 2231 2231 2234 2234 2231 2231 2232 2232 2234 2234 2232 2232 2233 2233 2234 2234 2233 2233 2227 2227 2234 2234 2236 2236 2237 2237 2227 2227 2227 2227 2237 2237 2228 2228 2233 2233 2236 2236 2227 2227 2237 2237 2238 2238 2228 2228 2228 2228 2238 2238 2229 2229 2238 2238 2239 2239 2229 2229 2229 2229 2239 2239 2235 2235 2235 2235 2239 2239 2230 2230 2239 2239 2240 2240 2230 2230 2230 2230 2240 2240 2231 2231 2240 2240 2241 2241 2231 2231 2231 2231 2241 2241 2232 2232 2241 2241 2242 2242 2232 2232 2232 2232 2242 2242 2233 2233 2242 2242 2236 2236 2233 2233 2236 2236 2243 2243 2237 2237 2237 2237 2243 2243 2238 2238 2238 2238 2243 2243 2239 2239 2239 2239 2243 2243 2240 2240 2240 2240 2243 2243 2241 2241 2241 2241 2243 2243 2242 2242 2242 2242 2243 2243 2236 2236 2237 2237 2238 2238 2243 2243 2238 2238 2244 2244 2243 2243 2244 2244 2239 2239 2243 2243 2239 2239 2240 2240 2243 2243 2240 2240 2241 2241 2243 2243 2241 2241 2242 2242 2243 2243 2242 2242 2236 2236 2243 2243 2236 2236 2237 2237 2243 2243 2245 2245 2246 2246 2237 2237 2236 2236 2245 2245 2237 2237 2246 2246 2247 2247 2237 2237 2237 2237 2247 2247 2238 2238 2238 2238 2247 2247 2244 2244 2247 2247 2248 2248 2244 2244 2244 2244 2248 2248 2239 2239 2239 2239 2248 2248 2240 2240 2248 2248 2249 2249 2240 2240 2249 2249 2250 2250 2240 2240 2240 2240 2250 2250 2241 2241 2241 2241 2250 2250 2242 2242 2250 2250 2251 2251 2242 2242 2251 2251 2245 2245 2242 2242 2242 2242 2245 2245 2236 2236 2245 2245 2252 2252 2246 2246 2246 2246 2252 2252 2247 2247 2247 2247 2252 2252 2248 2248 2248 2248 2252 2252 2249 2249 2249 2249 2252 2252 2250 2250 2250 2250 2252 2252 2251 2251 2251 2251 2252 2252 2245 2245 2246 2246 2247 2247 2252 2252 2247 2247 2253 2253 2252 2252 2253 2253 2248 2248 2252 2252 2248 2248 2249 2249 2252 2252 2249 2249 2250 2250 2252 2252 2250 2250 2251 2251 2252 2252 2251 2251 2245 2245 2252 2252 2245 2245 2246 2246 2252 2252 2254 2254 2255 2255 2246 2246 2245 2245 2254 2254 2246 2246 2246 2246 2255 2255 2247 2247 2255 2255 2256 2256 2247 2247 2247 2247 2256 2256 2253 2253 2253 2253 2256 2256 2248 2248 2256 2256 2257 2257 2248 2248 2248 2248 2257 2257 2249 2249 2257 2257 2258 2258 2249 2249 2249 2249 2258 2258 2250 2250 2258 2258 2259 2259 2250 2250 2250 2250 2259 2259 2251 2251 2259 2259 2260 2260 2251 2251 2251 2251 2260 2260 2245 2245 2260 2260 2254 2254 2245 2245 2254 2254 2261 2261 2255 2255 2260 2260 2261 2261 2254 2254 2255 2255 2261 2261 2256 2256 2256 2256 2261 2261 2257 2257 2257 2257 2261 2261 2258 2258 2258 2258 2261 2261 2259 2259 2259 2259 2261 2261 2260 2260 2254 2254 2255 2255 2261 2261 2255 2255 2262 2262 2261 2261 2262 2262 2256 2256 2261 2261 2256 2256 2257 2257 2261 2261 2257 2257 2258 2258 2261 2261 2258 2258 2259 2259 2261 2261 2259 2259 2260 2260 2261 2261 2260 2260 2254 2254 2261 2261 2263 2263 2264 2264 2254 2254 2254 2254 2264 2264 2255 2255 2255 2255 2264 2264 2262 2262 2264 2264 2265 2265 2262 2262 2262 2262 2265 2265 2256 2256 2256 2256 2265 2265 2257 2257 2265 2265 2266 2266 2257 2257 2266 2266 2267 2267 2257 2257 2257 2257 2267 2267 2258 2258 2258 2258 2267 2267 2259 2259 2267 2267 2268 2268 2259 2259 2268 2268 2269 2269 2259 2259 2259 2259 2269 2269 2260 2260 2260 2260 2269 2269 2254 2254 2269 2269 2263 2263 2254 2254 2263 2263 2270 2270 2264 2264 2269 2269 2270 2270 2263 2263 2264 2264 2270 2270 2265 2265 2265 2265 2270 2270 2266 2266 2266 2266 2270 2270 2267 2267 2267 2267 2270 2270 2268 2268 2268 2268 2270 2270 2269 2269 2263 2263 2264 2264 2270 2270 2264 2264 2271 2271 2270 2270 2271 2271 2265 2265 2270 2270 2265 2265 2266 2266 2270 2270 2266 2266 2267 2267 2270 2270 2267 2267 2268 2268 2270 2270 2268 2268 2269 2269 2270 2270 2269 2269 2263 2263 2270 2270 2272 2272 2273 2273 2263 2263 2263 2263 2273 2273 2264 2264 2273 2273 2274 2274 2264 2264 2264 2264 2274 2274 2271 2271 2274 2274 2275 2275 2271 2271 2271 2271 2275 2275 2265 2265 2275 2275 2276 2276 2265 2265 2265 2265 2276 2276 2266 2266 2276 2276 2277 2277 2266 2266 2266 2266 2277 2277 2267 2267 2277 2277 2278 2278 2267 2267 2267 2267 2278 2278 2268 2268 2278 2278 2279 2279 2268 2268 2268 2268 2279 2279 2269 2269 2279 2279 2272 2272 2269 2269 2269 2269 2272 2272 2263 2263 2272 2272 2280 2280 2273 2273 2273 2273 2280 2280 2274 2274 2274 2274 2280 2280 2275 2275 2275 2275 2280 2280 2276 2276 2276 2276 2280 2280 2277 2277 2277 2277 2280 2280 2278 2278 2278 2278 2280 2280 2279 2279 2279 2279 2280 2280 2272 2272 2273 2273 2275 2275 2280 2280 2275 2275 2276 2276 2280 2280 2276 2276 2277 2277 2280 2280 2277 2277 2278 2278 2280 2280 2278 2278 2279 2279 2280 2280 2279 2279 2272 2272 2280 2280 2272 2272 2273 2273 2280 2280 2281 2281 2282 2282 2273 2273 2272 2272 2281 2281 2273 2273 2282 2282 2283 2283 2273 2273 2273 2273 2283 2283 2275 2275 2283 2283 2284 2284 2275 2275 2284 2284 2285 2285 2275 2275 2275 2275 2285 2285 2276 2276 2276 2276 2285 2285 2277 2277 2285 2285 2286 2286 2277 2277 2286 2286 2287 2287 2277 2277 2277 2277 2287 2287 2278 2278 2278 2278 2287 2287 2279 2279 2287 2287 2288 2288 2279 2279 2288 2288 2281 2281 2279 2279 2279 2279 2281 2281 2272 2272 2281 2281 2289 2289 2282 2282 2282 2282 2289 2289 2283 2283 2283 2283 2289 2289 2284 2284 2284 2284 2289 2289 2285 2285 2285 2285 2289 2289 2286 2286 2286 2286 2289 2289 2287 2287 2287 2287 2289 2289 2288 2288 2288 2288 2289 2289 2281 2281 2282 2282 2284 2284 2289 2289 2284 2284 2285 2285 2289 2289 2285 2285 2286 2286 2289 2289 2286 2286 2287 2287 2289 2289 2287 2287 2288 2288 2289 2289 2288 2288 2281 2281 2289 2289 2281 2281 2282 2282 2289 2289 2290 2290 2291 2291 2282 2282 2281 2281 2290 2290 2282 2282 2291 2291 2292 2292 2282 2282 2282 2282 2292 2292 2284 2284 2292 2292 2293 2293 2284 2284 2284 2284 2293 2293 2285 2285 2293 2293 2294 2294 2285 2285 2285 2285 2294 2294 2286 2286 2294 2294 2295 2295 2286 2286 2286 2286 2295 2295 2287 2287 2295 2295 2296 2296 2287 2287 2287 2287 2296 2296 2288 2288 2296 2296 2297 2297 2288 2288 2288 2288 2297 2297 2281 2281 2297 2297 2290 2290 2281 2281 2290 2290 2298 2298 2291 2291 2297 2297 2298 2298 2290 2290 2291 2291 2298 2298 2292 2292 2292 2292 2298 2298 2293 2293 2293 2293 2298 2298 2294 2294 2294 2294 2298 2298 2295 2295 2295 2295 2298 2298 2296 2296 2296 2296 2298 2298 2297 2297 2290 2290 2292 2292 2298 2298 2292 2292 2293 2293 2298 2298 2293 2293 2294 2294 2298 2298 2294 2294 2295 2295 2298 2298 2295 2295 2296 2296 2298 2298 2296 2296 2297 2297 2298 2298 2297 2297 2290 2290 2298 2298 2299 2299 2300 2300 2290 2290 2290 2290 2300 2300 2292 2292 2300 2300 2301 2301 2292 2292 2301 2301 2302 2302 2292 2292 2292 2292 2302 2302 2293 2293 2293 2293 2302 2302 2294 2294 2302 2302 2303 2303 2294 2294 2303 2303 2304 2304 2294 2294 2294 2294 2304 2304 2295 2295 2295 2295 2304 2304 2296 2296 2304 2304 2305 2305 2296 2296 2305 2305 2306 2306 2296 2296 2296 2296 2306 2306 2297 2297 2297 2297 2306 2306 2290 2290 2306 2306 2299 2299 2290 2290 2299 2299 2307 2307 2300 2300 2306 2306 2307 2307 2299 2299 2300 2300 2307 2307 2301 2301 2301 2301 2307 2307 2302 2302 2302 2302 2307 2307 2303 2303 2303 2303 2307 2307 2304 2304 2304 2304 2307 2307 2305 2305 2305 2305 2307 2307 2306 2306 2299 2299 2301 2301 2307 2307 2301 2301 2302 2302 2307 2307 2302 2302 2303 2303 2307 2307 2303 2303 2304 2304 2307 2307 2304 2304 2305 2305 2307 2307 2305 2305 2306 2306 2307 2307 2306 2306 2299 2299 2307 2307 2308 2308 2309 2309 2299 2299 2299 2299 2309 2309 2301 2301 2309 2309 2310 2310 2301 2301 2301 2301 2310 2310 2302 2302 2310 2310 2311 2311 2302 2302 2302 2302 2311 2311 2303 2303 2311 2311 2312 2312 2303 2303 2303 2303 2312 2312 2304 2304 2304 2304 2312 2312 2305 2305 2312 2312 2313 2313 2305 2305 2313 2313 2314 2314 2305 2305 2305 2305 2314 2314 2306 2306 2306 2306 2314 2314 2299 2299 2314 2314 2308 2308 2299 2299 2308 2308 2315 2315 2309 2309 2314 2314 2315 2315 2308 2308 2309 2309 2315 2315 2310 2310 2310 2310 2315 2315 2311 2311 2311 2311 2315 2315 2312 2312 2312 2312 2315 2315 2313 2313 2313 2313 2315 2315 2314 2314 2308 2308 2309 2309 2315 2315 2309 2309 2310 2310 2315 2315 2310 2310 2311 2311 2315 2315 2311 2311 2312 2312 2315 2315 2312 2312 2313 2313 2315 2315 2313 2313 2314 2314 2315 2315 2314 2314 2308 2308 2315 2315 2308 2308 2316 2316 2309 2309 2316 2316 2317 2317 2309 2309 2309 2309 2317 2317 2310 2310 2317 2317 2318 2318 2310 2310 2318 2318 2319 2319 2310 2310 2310 2310 2319 2319 2311 2311 2319 2319 2320 2320 2311 2311 2311 2311 2320 2320 2312 2312 2312 2312 2320 2320 2313 2313 2320 2320 2321 2321 2313 2313 2321 2321 2322 2322 2313 2313 2313 2313 2322 2322 2314 2314 2314 2314 2322 2322 2308 2308 2322 2322 2316 2316 2308 2308 2322 2322 2323 2323 2316 2316 2316 2316 2323 2323 2317 2317 2317 2317 2323 2323 2318 2318 2318 2318 2323 2323 2319 2319 2319 2319 2323 2323 2320 2320 2320 2320 2323 2323 2321 2321 2321 2321 2323 2323 2322 2322 2316 2316 2318 2318 2323 2323 2318 2318 2319 2319 2323 2323 2319 2319 2320 2320 2323 2323 2320 2320 2321 2321 2323 2323 2321 2321 2322 2322 2323 2323 2322 2322 2316 2316 2323 2323 2322 2322 2324 2324 2316 2316 2324 2324 2325 2325 2316 2316 2316 2316 2325 2325 2318 2318 2325 2325 2326 2326 2318 2318 2318 2318 2326 2326 2319 2319 2326 2326 2327 2327 2319 2319 2319 2319 2327 2327 2320 2320 2320 2320 2327 2327 2321 2321 2327 2327 2328 2328 2321 2321 2328 2328 2329 2329 2321 2321 2321 2321 2329 2329 2322 2322 2329 2329 2324 2324 2322 2322 2329 2329 2330 2330 2324 2324 2324 2324 2330 2330 2325 2325 2325 2325 2330 2330 2326 2326 2326 2326 2330 2330 2327 2327 2327 2327 2330 2330 2328 2328 2328 2328 2330 2330 2329 2329 2324 2324 2325 2325 2330 2330 2325 2325 2326 2326 2330 2330 2326 2326 2327 2327 2330 2330 2327 2327 2328 2328 2330 2330 2328 2328 2329 2329 2330 2330 2329 2329 2324 2324 2330 2330 2329 2329 2331 2331 2324 2324 2331 2331 2332 2332 2324 2324 2324 2324 2332 2332 2325 2325 2332 2332 2333 2333 2325 2325 2325 2325 2333 2333 2326 2326 2333 2333 2334 2334 2326 2326 2326 2326 2334 2334 2327 2327 2327 2327 2334 2334 2328 2328 2334 2334 2335 2335 2328 2328 2335 2335 2336 2336 2328 2328 2328 2328 2336 2336 2329 2329 2336 2336 2331 2331 2329 2329 2336 2336 2337 2337 2331 2331 2331 2331 2337 2337 2332 2332 2332 2332 2337 2337 2333 2333 2333 2333 2337 2337 2334 2334 2334 2334 2337 2337 2335 2335 2335 2335 2337 2337 2336 2336 2331 2331 2332 2332 2337 2337 2332 2332 2333 2333 2337 2337 2333 2333 2334 2334 2337 2337 2334 2334 2335 2335 2337 2337 2335 2335 2336 2336 2337 2337 2336 2336 2331 2331 2337 2337 2336 2336 2338 2338 2331 2331 2338 2338 2339 2339 2331 2331 2331 2331 2339 2339 2332 2332 2339 2339 2340 2340 2332 2332 2332 2332 2340 2340 2333 2333 2340 2340 2341 2341 2333 2333 2333 2333 2341 2341 2334 2334 2341 2341 2342 2342 2334 2334 2334 2334 2342 2342 2335 2335 2342 2342 2343 2343 2335 2335 2335 2335 2343 2343 2336 2336 2343 2343 2338 2338 2336 2336 2343 2343 2344 2344 2338 2338 2338 2338 2344 2344 2339 2339 2339 2339 2344 2344 2340 2340 2340 2340 2344 2344 2341 2341 2341 2341 2344 2344 2342 2342 2342 2342 2344 2344 2343 2343 2338 2338 2339 2339 2344 2344 2339 2339 2340 2340 2344 2344 2340 2340 2341 2341 2344 2344 2341 2341 2342 2342 2344 2344 2342 2342 2343 2343 2344 2344 2343 2343 2338 2338 2344 2344 2343 2343 2345 2345 2338 2338 2345 2345 2346 2346 2338 2338 2338 2338 2346 2346 2339 2339 2346 2346 2347 2347 2339 2339 2339 2339 2347 2347 2340 2340 2347 2347 2348 2348 2340 2340 2340 2340 2348 2348 2341 2341 2341 2341 2348 2348 2342 2342 2348 2348 2349 2349 2342 2342 2349 2349 2350 2350 2342 2342 2342 2342 2350 2350 2343 2343 2350 2350 2345 2345 2343 2343 2350 2350 2351 2351 2345 2345 2345 2345 2351 2351 2346 2346 2346 2346 2351 2351 2347 2347 2347 2347 2351 2351 2348 2348 2348 2348 2351 2351 2349 2349 2349 2349 2351 2351 2350 2350 2345 2345 2352 2352 2351 2351 2352 2352 2346 2346 2351 2351 2346 2346 2347 2347 2351 2351 2347 2347 2348 2348 2351 2351 2348 2348 2349 2349 2351 2351 2349 2349 2350 2350 2351 2351 2350 2350 2345 2345 2351 2351 2345 2345 2353 2353 2352 2352 2350 2350 2353 2353 2345 2345 2353 2353 2354 2354 2352 2352 2352 2352 2354 2354 2346 2346 2354 2354 2355 2355 2346 2346 2346 2346 2355 2355 2347 2347 2355 2355 2356 2356 2347 2347 2356 2356 2357 2357 2347 2347 2347 2347 2357 2357 2348 2348 2348 2348 2357 2357 2349 2349 2357 2357 2358 2358 2349 2349 2358 2358 2359 2359 2349 2349 2349 2349 2359 2359 2350 2350 2359 2359 2353 2353 2350 2350 2359 2359 2360 2360 2353 2353 2353 2353 2360 2360 2354 2354 2354 2354 2360 2360 2355 2355 2355 2355 2360 2360 2356 2356 2356 2356 2360 2360 2357 2357 2357 2357 2360 2360 2358 2358 2358 2358 2360 2360 2359 2359 2353 2353 2354 2354 2360 2360 2354 2354 2355 2355 2360 2360 2355 2355 2356 2356 2360 2360 2356 2356 2357 2357 2360 2360 2357 2357 2358 2358 2360 2360 2358 2358 2359 2359 2360 2360 2359 2359 2353 2353 2360 2360 2361 2361 2362 2362 2353 2353 2353 2353 2362 2362 2354 2354 2359 2359 2361 2361 2353 2353 2362 2362 2363 2363 2354 2354 2354 2354 2363 2363 2355 2355 2363 2363 2364 2364 2355 2355 2355 2355 2364 2364 2356 2356 2364 2364 2365 2365 2356 2356 2356 2356 2365 2365 2357 2357 2365 2365 2366 2366 2357 2357 2357 2357 2366 2366 2358 2358 2366 2366 2367 2367 2358 2358 2358 2358 2367 2367 2359 2359 2367 2367 2361 2361 2359 2359 2361 2361 2368 2368 2362 2362 2362 2362 2368 2368 2363 2363 2363 2363 2368 2368 2364 2364 2364 2364 2368 2368 2365 2365 2365 2365 2368 2368 2366 2366 2366 2366 2368 2368 2367 2367 2367 2367 2368 2368 2361 2361 2362 2362 2363 2363 2368 2368 2363 2363 2364 2364 2368 2368 2364 2364 2365 2365 2368 2368 2365 2365 2366 2366 2368 2368 2366 2366 2367 2367 2368 2368 2367 2367 2361 2361 2368 2368 2361 2361 2362 2362 2368 2368 2361 2361 2369 2369 2362 2362 2369 2369 2370 2370 2362 2362 2362 2362 2370 2370 2363 2363 2363 2363 2370 2370 2364 2364 2370 2370 2371 2371 2364 2364 2371 2371 2372 2372 2364 2364 2364 2364 2372 2372 2365 2365 2365 2365 2372 2372 2366 2366 2372 2372 2373 2373 2366 2366 2373 2373 2374 2374 2366 2366 2366 2366 2374 2374 2367 2367 2374 2374 2375 2375 2367 2367 2367 2367 2375 2375 2361 2361 2375 2375 2369 2369 2361 2361 2375 2375 2376 2376 2369 2369 2369 2369 2376 2376 2370 2370 2370 2370 2376 2376 2371 2371 2371 2371 2376 2376 2372 2372 2372 2372 2376 2376 2373 2373 2373 2373 2376 2376 2374 2374 2374 2374 2376 2376 2375 2375 2369 2369 2377 2377 2376 2376 2377 2377 2370 2370 2376 2376 2370 2370 2371 2371 2376 2376 2371 2371 2372 2372 2376 2376 2372 2372 2373 2373 2376 2376 2373 2373 2374 2374 2376 2376 2374 2374 2375 2375 2376 2376 2375 2375 2369 2369 2376 2376 2369 2369 2378 2378 2377 2377 2375 2375 2378 2378 2369 2369 2378 2378 2379 2379 2377 2377 2377 2377 2379 2379 2370 2370 2370 2370 2379 2379 2371 2371 2379 2379 2380 2380 2371 2371 2380 2380 2381 2381 2371 2371 2371 2371 2381 2381 2372 2372 2372 2372 2381 2381 2373 2373 2381 2381 2382 2382 2373 2373 2382 2382 2383 2383 2373 2373 2373 2373 2383 2383 2374 2374 2374 2374 2383 2383 2375 2375 2383 2383 2384 2384 2375 2375 2384 2384 2378 2378 2375 2375 2384 2384 2385 2385 2378 2378 2378 2378 2385 2385 2379 2379 2379 2379 2385 2385 2380 2380 2380 2380 2385 2385 2381 2381 2381 2381 2385 2385 2382 2382 2382 2382 2385 2385 2383 2383 2383 2383 2385 2385 2384 2384 2378 2378 2386 2386 2385 2385 2386 2386 2379 2379 2385 2385 2379 2379 2380 2380 2385 2385 2380 2380 2381 2381 2385 2385 2381 2381 2382 2382 2385 2385 2382 2382 2383 2383 2385 2385 2383 2383 2384 2384 2385 2385 2384 2384 2378 2378 2385 2385 2378 2378 2387 2387 2386 2386 2384 2384 2387 2387 2378 2378 2387 2387 2388 2388 2386 2386 2386 2386 2388 2388 2379 2379 2379 2379 2388 2388 2380 2380 2388 2388 2389 2389 2380 2380 2389 2389 2390 2390 2380 2380 2380 2380 2390 2390 2381 2381 2381 2381 2390 2390 2382 2382 2390 2390 2391 2391 2382 2382 2391 2391 2392 2392 2382 2382 2382 2382 2392 2392 2383 2383 2383 2383 2392 2392 2384 2384 2392 2392 2393 2393 2384 2384 2393 2393 2387 2387 2384 2384 2393 2393 2394 2394 2387 2387 2387 2387 2394 2394 2388 2388 2388 2388 2394 2394 2389 2389 2389 2389 2394 2394 2390 2390 2390 2390 2394 2394 2391 2391 2391 2391 2394 2394 2392 2392 2392 2392 2394 2394 2393 2393 2387 2387 2395 2395 2394 2394 2395 2395 2388 2388 2394 2394 2388 2388 2389 2389 2394 2394 2389 2389 2390 2390 2394 2394 2390 2390 2391 2391 2394 2394 2391 2391 2392 2392 2394 2394 2392 2392 2393 2393 2394 2394 2393 2393 2387 2387 2394 2394 2396 2396 2397 2397 2387 2387 2387 2387 2397 2397 2395 2395 2393 2393 2396 2396 2387 2387 2395 2395 2397 2397 2388 2388 2397 2397 2398 2398 2388 2388 2388 2388 2398 2398 2389 2389 2398 2398 2399 2399 2389 2389 2389 2389 2399 2399 2390 2390 2399 2399 2400 2400 2390 2390 2390 2390 2400 2400 2391 2391 2400 2400 2401 2401 2391 2391 2391 2391 2401 2401 2392 2392 2401 2401 2402 2402 2392 2392 2392 2392 2402 2402 2393 2393 2402 2402 2396 2396 2393 2393 2396 2396 2403 2403 2397 2397 2397 2397 2403 2403 2398 2398 2398 2398 2403 2403 2399 2399 2399 2399 2403 2403 2400 2400 2400 2400 2403 2403 2401 2401 2401 2401 2403 2403 2402 2402 2402 2402 2403 2403 2396 2396 2404 2404 2397 2397 2403 2403 2397 2397 2398 2398 2403 2403 2398 2398 2399 2399 2403 2403 2399 2399 2400 2400 2403 2403 2400 2400 2401 2401 2403 2403 2401 2401 2402 2402 2403 2403 2402 2402 2396 2396 2403 2403 2396 2396 2404 2404 2403 2403 2405 2405 2406 2406 2404 2404 2404 2404 2406 2406 2397 2397 2396 2396 2405 2405 2404 2404 2406 2406 2407 2407 2397 2397 2397 2397 2407 2407 2398 2398 2407 2407 2408 2408 2398 2398 2398 2398 2408 2408 2399 2399 2408 2408 2409 2409 2399 2399 2399 2399 2409 2409 2400 2400 2409 2409 2410 2410 2400 2400 2400 2400 2410 2410 2401 2401 2410 2410 2411 2411 2401 2401 2401 2401 2411 2411 2402 2402 2411 2411 2412 2412 2402 2402 2402 2402 2412 2412 2396 2396 2412 2412 2405 2405 2396 2396 2405 2405 2413 2413 2406 2406 2412 2412 2413 2413 2405 2405 2406 2406 2413 2413 2407 2407 2407 2407 2413 2413 2408 2408 2408 2408 2413 2413 2409 2409 2409 2409 2413 2413 2410 2410 2410 2410 2413 2413 2411 2411 2411 2411 2413 2413 2412 2412 2406 2406 2407 2407 2413 2413 2407 2407 2408 2408 2413 2413 2408 2408 2409 2409 2413 2413 2409 2409 2410 2410 2413 2413 2410 2410 2411 2411 2413 2413 2411 2411 2412 2412 2413 2413 2412 2412 2406 2406 2413 2413 2414 2414 2415 2415 2406 2406 2412 2412 2414 2414 2406 2406 2415 2415 2416 2416 2406 2406 2406 2406 2416 2416 2407 2407 2407 2407 2416 2416 2408 2408 2416 2416 2417 2417 2408 2408 2417 2417 2418 2418 2408 2408 2408 2408 2418 2418 2409 2409 2409 2409 2418 2418 2410 2410 2418 2418 2419 2419 2410 2410 2419 2419 2420 2420 2410 2410 2410 2410 2420 2420 2411 2411 2411 2411 2420 2420 2412 2412 2420 2420 2421 2421 2412 2412 2421 2421 2414 2414 2412 2412 2414 2414 2422 2422 2415 2415 2421 2421 2422 2422 2414 2414 2415 2415 2422 2422 2416 2416 2416 2416 2422 2422 2417 2417 2417 2417 2422 2422 2418 2418 2418 2418 2422 2422 2419 2419 2419 2419 2422 2422 2420 2420 2420 2420 2422 2422 2421 2421 2415 2415 2416 2416 2422 2422 2416 2416 2417 2417 2422 2422 2417 2417 2418 2418 2422 2422 2418 2418 2419 2419 2422 2422 2419 2419 2420 2420 2422 2422 2420 2420 2421 2421 2422 2422 2421 2421 2415 2415 2422 2422 2423 2423 2424 2424 2415 2415 2421 2421 2423 2423 2415 2415 2424 2424 2425 2425 2415 2415 2415 2415 2425 2425 2416 2416 2416 2416 2425 2425 2417 2417 2425 2425 2426 2426 2417 2417 2426 2426 2427 2427 2417 2417 2417 2417 2427 2427 2418 2418 2418 2418 2427 2427 2419 2419 2427 2427 2428 2428 2419 2419 2428 2428 2429 2429 2419 2419 2419 2419 2429 2429 2420 2420 2420 2420 2429 2429 2421 2421 2429 2429 2430 2430 2421 2421 2430 2430 2423 2423 2421 2421 2423 2423 2431 2431 2424 2424 2430 2430 2431 2431 2423 2423 2424 2424 2431 2431 2425 2425 2425 2425 2431 2431 2426 2426 2426 2426 2431 2431 2427 2427 2427 2427 2431 2431 2428 2428 2428 2428 2431 2431 2429 2429 2429 2429 2431 2431 2430 2430 2424 2424 2425 2425 2431 2431 2425 2425 2426 2426 2431 2431 2426 2426 2427 2427 2431 2431 2427 2427 2428 2428 2431 2431 2428 2428 2429 2429 2431 2431 2429 2429 2430 2430 2431 2431 2430 2430 2424 2424 2431 2431 2432 2432 2433 2433 2424 2424 2430 2430 2432 2432 2424 2424 2424 2424 2433 2433 2425 2425 2433 2433 2434 2434 2425 2425 2425 2425 2434 2434 2426 2426 2434 2434 2435 2435 2426 2426 2426 2426 2435 2435 2427 2427 2435 2435 2436 2436 2427 2427 2427 2427 2436 2436 2428 2428 2436 2436 2437 2437 2428 2428 2428 2428 2437 2437 2429 2429 2437 2437 2438 2438 2429 2429 2429 2429 2438 2438 2430 2430 2438 2438 2439 2439 2430 2430 2439 2439 2432 2432 2430 2430 2432 2432 2440 2440 2433 2433 2439 2439 2440 2440 2432 2432 2433 2433 2440 2440 2434 2434 2434 2434 2440 2440 2435 2435 2435 2435 2440 2440 2436 2436 2436 2436 2440 2440 2437 2437 2437 2437 2440 2440 2438 2438 2438 2438 2440 2440 2439 2439 2432 2432 2433 2433 2440 2440 2433 2433 2434 2434 2440 2440 2434 2434 2435 2435 2440 2440 2435 2435 2436 2436 2440 2440 2436 2436 2437 2437 2440 2440 2437 2437 2438 2438 2440 2440 2438 2438 2432 2432 2440 2440 2441 2441 2442 2442 2432 2432 2432 2432 2442 2442 2433 2433 2433 2433 2442 2442 2434 2434 2442 2442 2443 2443 2434 2434 2443 2443 2444 2444 2434 2434 2434 2434 2444 2444 2435 2435 2435 2435 2444 2444 2436 2436 2444 2444 2445 2445 2436 2436 2445 2445 2446 2446 2436 2436 2436 2436 2446 2446 2437 2437 2437 2437 2446 2446 2438 2438 2446 2446 2447 2447 2438 2438 2447 2447 2448 2448 2438 2438 2438 2438 2448 2448 2432 2432 2448 2448 2441 2441 2432 2432 2441 2441 2449 2449 2442 2442 2448 2448 2449 2449 2441 2441 2442 2442 2449 2449 2443 2443 2443 2443 2449 2449 2444 2444 2444 2444 2449 2449 2445 2445 2445 2445 2449 2449 2446 2446 2446 2446 2449 2449 2447 2447 2447 2447 2449 2449 2448 2448 2441 2441 2442 2442 2449 2449 2442 2442 2443 2443 2449 2449 2443 2443 2444 2444 2449 2449 2444 2444 2445 2445 2449 2449 2445 2445 2446 2446 2449 2449 2446 2446 2447 2447 2449 2449 2447 2447 2441 2441 2449 2449 2441 2441 2450 2450 2442 2442 2450 2450 2451 2451 2442 2442 2442 2442 2451 2451 2443 2443 2451 2451 2452 2452 2443 2443 2443 2443 2452 2452 2444 2444 2452 2452 2453 2453 2444 2444 2444 2444 2453 2453 2445 2445 2453 2453 2454 2454 2445 2445 2445 2445 2454 2454 2446 2446 2454 2454 2455 2455 2446 2446 2446 2446 2455 2455 2447 2447 2455 2455 2456 2456 2447 2447 2447 2447 2456 2456 2441 2441 2456 2456 2450 2450 2441 2441 2456 2456 2457 2457 2450 2450 2450 2450 2457 2457 2451 2451 2451 2451 2457 2457 2452 2452 2452 2452 2457 2457 2453 2453 2453 2453 2457 2457 2454 2454 2454 2454 2457 2457 2455 2455 2455 2455 2457 2457 2456 2456 2450 2450 2451 2451 2457 2457 2451 2451 2452 2452 2457 2457 2452 2452 2453 2453 2457 2457 2453 2453 2454 2454 2457 2457 2454 2454 2455 2455 2457 2457 2455 2455 2456 2456 2457 2457 2456 2456 2450 2450 2457 2457 2458 2458 2459 2459 2450 2450 2450 2450 2459 2459 2451 2451 2456 2456 2458 2458 2450 2450 2459 2459 2460 2460 2451 2451 2451 2451 2460 2460 2452 2452 2460 2460 2461 2461 2452 2452 2452 2452 2461 2461 2453 2453 2461 2461 2462 2462 2453 2453 2453 2453 2462 2462 2454 2454 2462 2462 2463 2463 2454 2454 2463 2463 2464 2464 2454 2454 2454 2454 2464 2464 2455 2455 2455 2455 2464 2464 2456 2456 2464 2464 2458 2458 2456 2456 2458 2458 2465 2465 2459 2459 2459 2459 2465 2465 2460 2460 2460 2460 2465 2465 2461 2461 2461 2461 2465 2465 2462 2462 2462 2462 2465 2465 2463 2463 2463 2463 2465 2465 2464 2464 2464 2464 2465 2465 2458 2458 2459 2459 2460 2460 2465 2465 2460 2460 2461 2461 2465 2465 2461 2461 2462 2462 2465 2465 2462 2462 2464 2464 2465 2465 2464 2464 2458 2458 2465 2465 2458 2458 2459 2459 2465 2465 2466 2466 2467 2467 2459 2459 2458 2458 2466 2466 2459 2459 2459 2459 2467 2467 2460 2460 2467 2467 2468 2468 2460 2460 2460 2460 2468 2468 2461 2461 2468 2468 2469 2469 2461 2461 2461 2461 2469 2469 2462 2462 2469 2469 2470 2470 2462 2462 2462 2462 2470 2470 2464 2464 2470 2470 2471 2471 2464 2464 2464 2464 2471 2471 2458 2458 2471 2471 2466 2466 2458 2458 2466 2466 2472 2472 2467 2467 2471 2471 2472 2472 2466 2466 2467 2467 2472 2472 2468 2468 2468 2468 2472 2472 2469 2469 2469 2469 2472 2472 2470 2470 2470 2470 2472 2472 2471 2471 2466 2466 2467 2467 2472 2472 2467 2467 2468 2468 2472 2472 2468 2468 2469 2469 2472 2472 2469 2469 2470 2470 2472 2472 2470 2470 2471 2471 2472 2472 2471 2471 2466 2466 2472 2472 2473 2473 2474 2474 2466 2466 2466 2466 2474 2474 2467 2467 2474 2474 2475 2475 2467 2467 2467 2467 2475 2475 2468 2468 2475 2475 2476 2476 2468 2468 2468 2468 2476 2476 2469 2469 2476 2476 2477 2477 2469 2469 2469 2469 2477 2477 2470 2470 2477 2477 2478 2478 2470 2470 2470 2470 2478 2478 2471 2471 2478 2478 2473 2473 2471 2471 2471 2471 2473 2473 2466 2466 2473 2473 2479 2479 2474 2474 2474 2474 2479 2479 2475 2475 2475 2475 2479 2479 2476 2476 2476 2476 2479 2479 2477 2477 2477 2477 2479 2479 2478 2478 2478 2478 2479 2479 2473 2473 2473 2473 2474 2474 2479 2479 2474 2474 2475 2475 2479 2479 2475 2475 2476 2476 2479 2479 2476 2476 2480 2480 2479 2479 2480 2480 2477 2477 2479 2479 2477 2477 2478 2478 2479 2479 2478 2478 2473 2473 2479 2479 2481 2481 2482 2482 2473 2473 2473 2473 2482 2482 2474 2474 2474 2474 2482 2482 2475 2475 2482 2482 2483 2483 2475 2475 2483 2483 2484 2484 2475 2475 2475 2475 2484 2484 2476 2476 2484 2484 2485 2485 2476 2476 2476 2476 2485 2485 2480 2480 2485 2485 2486 2486 2480 2480 2480 2480 2486 2486 2477 2477 2477 2477 2486 2486 2478 2478 2486 2486 2487 2487 2478 2478 2478 2478 2487 2487 2473 2473 2487 2487 2481 2481 2473 2473 2481 2481 2488 2488 2482 2482 2482 2482 2488 2488 2483 2483 2483 2483 2488 2488 2484 2484 2484 2484 2488 2488 2485 2485 2485 2485 2488 2488 2486 2486 2486 2486 2488 2488 2487 2487 2487 2487 2488 2488 2481 2481 2481 2481 2482 2482 2488 2488 2482 2482 2483 2483 2488 2488 2483 2483 2484 2484 2488 2488 2484 2484 2485 2485 2488 2488 2485 2485 2486 2486 2488 2488 2486 2486 2487 2487 2488 2488 2487 2487 2481 2481 2488 2488 2481 2481 2489 2489 2482 2482 2489 2489 2490 2490 2482 2482 2482 2482 2490 2490 2483 2483 2490 2490 2491 2491 2483 2483 2483 2483 2491 2491 2484 2484 2491 2491 2492 2492 2484 2484 2484 2484 2492 2492 2485 2485 2492 2492 2493 2493 2485 2485 2485 2485 2493 2493 2486 2486 2493 2493 2494 2494 2486 2486 2486 2486 2494 2494 2487 2487 2494 2494 2495 2495 2487 2487 2487 2487 2495 2495 2481 2481 2495 2495 2489 2489 2481 2481 2495 2495 2496 2496 2489 2489 2489 2489 2496 2496 2490 2490 2490 2490 2496 2496 2491 2491 2491 2491 2496 2496 2492 2492 2492 2492 2496 2496 2493 2493 2493 2493 2496 2496 2494 2494 2494 2494 2496 2496 2495 2495 2489 2489 2490 2490 2496 2496 2490 2490 2491 2491 2496 2496 2491 2491 2497 2497 2496 2496 2497 2497 2492 2492 2496 2496 2492 2492 2493 2493 2496 2496 2493 2493 2494 2494 2496 2496 2494 2494 2495 2495 2496 2496 2495 2495 2489 2489 2496 2496 2498 2498 2499 2499 2489 2489 2489 2489 2499 2499 2490 2490 2495 2495 2498 2498 2489 2489 2499 2499 2500 2500 2490 2490 2490 2490 2500 2500 2491 2491 2500 2500 2501 2501 2491 2491 2491 2491 2501 2501 2497 2497 2497 2497 2501 2501 2492 2492 2501 2501 2502 2502 2492 2492 2492 2492 2502 2502 2493 2493 2502 2502 2503 2503 2493 2493 2493 2493 2503 2503 2494 2494 2503 2503 2504 2504 2494 2494 2494 2494 2504 2504 2495 2495 2504 2504 2498 2498 2495 2495 2498 2498 2505 2505 2499 2499 2499 2499 2505 2505 2500 2500 2500 2500 2505 2505 2501 2501 2501 2501 2505 2505 2502 2502 2502 2502 2505 2505 2503 2503 2503 2503 2505 2505 2504 2504 2504 2504 2505 2505 2498 2498 2499 2499 2500 2500 2505 2505 2500 2500 2506 2506 2505 2505 2506 2506 2501 2501 2505 2505 2501 2501 2502 2502 2505 2505 2502 2502 2503 2503 2505 2505 2503 2503 2504 2504 2505 2505 2504 2504 2498 2498 2505 2505 2498 2498 2499 2499 2505 2505 2507 2507 2508 2508 2499 2499 2498 2498 2507 2507 2499 2499 2508 2508 2509 2509 2499 2499 2499 2499 2509 2509 2500 2500 2500 2500 2509 2509 2506 2506 2509 2509 2510 2510 2506 2506 2506 2506 2510 2510 2501 2501 2501 2501 2510 2510 2502 2502 2510 2510 2511 2511 2502 2502 2511 2511 2512 2512 2502 2502 2502 2502 2512 2512 2503 2503 2503 2503 2512 2512 2504 2504 2512 2512 2513 2513 2504 2504 2513 2513 2507 2507 2504 2504 2504 2504 2507 2507 2498 2498 2507 2507 2514 2514 2508 2508 2508 2508 2514 2514 2509 2509 2509 2509 2514 2514 2510 2510 2510 2510 2514 2514 2511 2511 2511 2511 2514 2514 2512 2512 2512 2512 2514 2514 2513 2513 2513 2513 2514 2514 2507 2507 2508 2508 2509 2509 2514 2514 2509 2509 2515 2515 2514 2514 2515 2515 2510 2510 2514 2514 2510 2510 2511 2511 2514 2514 2511 2511 2512 2512 2514 2514 2512 2512 2513 2513 2514 2514 2513 2513 2507 2507 2514 2514 2507 2507 2508 2508 2514 2514 2516 2516 2517 2517 2508 2508 2507 2507 2516 2516 2508 2508 2517 2517 2518 2518 2508 2508 2508 2508 2518 2518 2509 2509 2509 2509 2518 2518 2515 2515 2518 2518 2519 2519 2515 2515 2515 2515 2519 2519 2510 2510 2510 2510 2519 2519 2511 2511 2519 2519 2520 2520 2511 2511 2520 2520 2521 2521 2511 2511 2511 2511 2521 2521 2512 2512 2512 2512 2521 2521 2513 2513 2521 2521 2522 2522 2513 2513 2522 2522 2516 2516 2513 2513 2513 2513 2516 2516 2507 2507 2516 2516 2523 2523 2517 2517 2517 2517 2523 2523 2518 2518 2518 2518 2523 2523 2519 2519 2519 2519 2523 2523 2520 2520 2520 2520 2523 2523 2521 2521 2521 2521 2523 2523 2522 2522 2522 2522 2523 2523 2516 2516 2517 2517 2518 2518 2523 2523 2518 2518 2524 2524 2523 2523 2524 2524 2519 2519 2523 2523 2519 2519 2520 2520 2523 2523 2520 2520 2521 2521 2523 2523 2521 2521 2522 2522 2523 2523 2522 2522 2516 2516 2523 2523 2516 2516 2517 2517 2523 2523 2525 2525 2526 2526 2517 2517 2516 2516 2525 2525 2517 2517 2517 2517 2526 2526 2518 2518 2526 2526 2527 2527 2518 2518 2518 2518 2527 2527 2524 2524 2524 2524 2527 2527 2519 2519 2527 2527 2528 2528 2519 2519 2519 2519 2528 2528 2520 2520 2528 2528 2529 2529 2520 2520 2520 2520 2529 2529 2521 2521 2529 2529 2530 2530 2521 2521 2521 2521 2530 2530 2522 2522 2530 2530 2531 2531 2522 2522 2522 2522 2531 2531 2516 2516 2531 2531 2525 2525 2516 2516 2525 2525 2532 2532 2526 2526 2531 2531 2532 2532 2525 2525 2526 2526 2532 2532 2527 2527 2527 2527 2532 2532 2528 2528 2528 2528 2532 2532 2529 2529 2529 2529 2532 2532 2530 2530 2530 2530 2532 2532 2531 2531 2525 2525 2526 2526 2532 2532 2526 2526 2533 2533 2532 2532 2533 2533 2527 2527 2532 2532 2527 2527 2528 2528 2532 2532 2528 2528 2529 2529 2532 2532 2529 2529 2530 2530 2532 2532 2530 2530 2531 2531 2532 2532 2531 2531 2525 2525 2532 2532 2534 2534 2535 2535 2525 2525 2525 2525 2535 2535 2526 2526 2526 2526 2535 2535 2533 2533 2535 2535 2536 2536 2533 2533 2533 2533 2536 2536 2527 2527 2527 2527 2536 2536 2528 2528 2536 2536 2537 2537 2528 2528 2537 2537 2538 2538 2528 2528 2528 2528 2538 2538 2529 2529 2529 2529 2538 2538 2530 2530 2538 2538 2539 2539 2530 2530 2539 2539 2540 2540 2530 2530 2530 2530 2540 2540 2531 2531 2531 2531 2540 2540 2525 2525 2540 2540 2534 2534 2525 2525 2534 2534 2541 2541 2535 2535 2540 2540 2541 2541 2534 2534 2535 2535 2541 2541 2536 2536 2536 2536 2541 2541 2537 2537 2537 2537 2541 2541 2538 2538 2538 2538 2541 2541 2539 2539 2539 2539 2541 2541 2540 2540 2534 2534 2535 2535 2541 2541 2535 2535 2542 2542 2541 2541 2542 2542 2536 2536 2541 2541 2536 2536 2537 2537 2541 2541 2537 2537 2538 2538 2541 2541 2538 2538 2539 2539 2541 2541 2539 2539 2540 2540 2541 2541 2540 2540 2534 2534 2541 2541 2543 2543 2544 2544 2534 2534 2534 2534 2544 2544 2535 2535 2544 2544 2545 2545 2535 2535 2535 2535 2545 2545 2542 2542 2545 2545 2546 2546 2542 2542 2542 2542 2546 2546 2536 2536 2546 2546 2547 2547 2536 2536 2536 2536 2547 2547 2537 2537 2547 2547 2548 2548 2537 2537 2537 2537 2548 2548 2538 2538 2548 2548 2549 2549 2538 2538 2538 2538 2549 2549 2539 2539 2549 2549 2550 2550 2539 2539 2539 2539 2550 2550 2540 2540 2550 2550 2543 2543 2540 2540 2540 2540 2543 2543 2534 2534 2543 2543 2551 2551 2544 2544 2544 2544 2551 2551 2545 2545 2545 2545 2551 2551 2546 2546 2546 2546 2551 2551 2547 2547 2547 2547 2551 2551 2548 2548 2548 2548 2551 2551 2549 2549 2549 2549 2551 2551 2550 2550 2550 2550 2551 2551 2543 2543 2544 2544 2546 2546 2551 2551 2546 2546 2547 2547 2551 2551 2547 2547 2548 2548 2551 2551 2548 2548 2549 2549 2551 2551 2549 2549 2550 2550 2551 2551 2550 2550 2543 2543 2551 2551 2543 2543 2544 2544 2551 2551 2552 2552 2553 2553 2544 2544 2543 2543 2552 2552 2544 2544 2553 2553 2554 2554 2544 2544 2544 2544 2554 2554 2546 2546 2554 2554 2555 2555 2546 2546 2555 2555 2556 2556 2546 2546 2546 2546 2556 2556 2547 2547 2547 2547 2556 2556 2548 2548 2556 2556 2557 2557 2548 2548 2557 2557 2558 2558 2548 2548 2548 2548 2558 2558 2549 2549 2549 2549 2558 2558 2550 2550 2558 2558 2559 2559 2550 2550 2559 2559 2552 2552 2550 2550 2550 2550 2552 2552 2543 2543 2552 2552 2560 2560 2553 2553 2553 2553 2560 2560 2554 2554 2554 2554 2560 2560 2555 2555 2555 2555 2560 2560 2556 2556 2556 2556 2560 2560 2557 2557 2557 2557 2560 2560 2558 2558 2558 2558 2560 2560 2559 2559 2559 2559 2560 2560 2552 2552 2553 2553 2555 2555 2560 2560 2555 2555 2556 2556 2560 2560 2556 2556 2557 2557 2560 2560 2557 2557 2558 2558 2560 2560 2558 2558 2559 2559 2560 2560 2559 2559 2552 2552 2560 2560 2552 2552 2553 2553 2560 2560 2561 2561 2562 2562 2553 2553 2552 2552 2561 2561 2553 2553 2562 2562 2563 2563 2553 2553 2553 2553 2563 2563 2555 2555 2563 2563 2564 2564 2555 2555 2555 2555 2564 2564 2556 2556 2564 2564 2565 2565 2556 2556 2556 2556 2565 2565 2557 2557 2565 2565 2566 2566 2557 2557 2557 2557 2566 2566 2558 2558 2566 2566 2567 2567 2558 2558 2558 2558 2567 2567 2559 2559 2567 2567 2568 2568 2559 2559 2559 2559 2568 2568 2552 2552 2568 2568 2561 2561 2552 2552 2561 2561 2569 2569 2562 2562 2568 2568 2569 2569 2561 2561 2562 2562 2569 2569 2563 2563 2563 2563 2569 2569 2564 2564 2564 2564 2569 2569 2565 2565 2565 2565 2569 2569 2566 2566 2566 2566 2569 2569 2567 2567 2567 2567 2569 2569 2568 2568 2561 2561 2563 2563 2569 2569 2563 2563 2564 2564 2569 2569 2564 2564 2565 2565 2569 2569 2565 2565 2566 2566 2569 2569 2566 2566 2567 2567 2569 2569 2567 2567 2568 2568 2569 2569 2568 2568 2561 2561 2569 2569 2570 2570 2571 2571 2561 2561 2561 2561 2571 2571 2563 2563 2571 2571 2572 2572 2563 2563 2572 2572 2573 2573 2563 2563 2563 2563 2573 2573 2564 2564 2564 2564 2573 2573 2565 2565 2573 2573 2574 2574 2565 2565 2574 2574 2575 2575 2565 2565 2565 2565 2575 2575 2566 2566 2566 2566 2575 2575 2567 2567 2575 2575 2576 2576 2567 2567 2576 2576 2577 2577 2567 2567 2567 2567 2577 2577 2568 2568 2568 2568 2577 2577 2561 2561 2577 2577 2570 2570 2561 2561 2570 2570 2578 2578 2571 2571 2577 2577 2578 2578 2570 2570 2571 2571 2578 2578 2572 2572 2572 2572 2578 2578 2573 2573 2573 2573 2578 2578 2574 2574 2574 2574 2578 2578 2575 2575 2575 2575 2578 2578 2576 2576 2576 2576 2578 2578 2577 2577 2570 2570 2572 2572 2578 2578 2572 2572 2573 2573 2578 2578 2573 2573 2574 2574 2578 2578 2574 2574 2575 2575 2578 2578 2575 2575 2576 2576 2578 2578 2576 2576 2577 2577 2578 2578 2577 2577 2570 2570 2578 2578 2579 2579 2580 2580 2570 2570 2570 2570 2580 2580 2572 2572 2580 2580 2581 2581 2572 2572 2572 2572 2581 2581 2573 2573 2581 2581 2582 2582 2573 2573 2573 2573 2582 2582 2574 2574 2582 2582 2583 2583 2574 2574 2574 2574 2583 2583 2575 2575 2575 2575 2583 2583 2576 2576 2583 2583 2584 2584 2576 2576 2584 2584 2585 2585 2576 2576 2576 2576 2585 2585 2577 2577 2577 2577 2585 2585 2570 2570 2585 2585 2579 2579 2570 2570 2579 2579 2586 2586 2580 2580 2585 2585 2586 2586 2579 2579 2580 2580 2586 2586 2581 2581 2581 2581 2586 2586 2582 2582 2582 2582 2586 2586 2583 2583 2583 2583 2586 2586 2584 2584 2584 2584 2586 2586 2585 2585 2579 2579 2580 2580 2586 2586 2580 2580 2581 2581 2586 2586 2581 2581 2582 2582 2586 2586 2582 2582 2583 2583 2586 2586 2583 2583 2584 2584 2586 2586 2584 2584 2585 2585 2586 2586 2585 2585 2579 2579 2586 2586 2579 2579 2587 2587 2580 2580 2587 2587 2588 2588 2580 2580 2580 2580 2588 2588 2581 2581 2588 2588 2589 2589 2581 2581 2589 2589 2590 2590 2581 2581 2581 2581 2590 2590 2582 2582 2590 2590 2591 2591 2582 2582 2582 2582 2591 2591 2583 2583 2583 2583 2591 2591 2584 2584 2591 2591 2592 2592 2584 2584 2592 2592 2593 2593 2584 2584 2584 2584 2593 2593 2585 2585 2585 2585 2593 2593 2579 2579 2593 2593 2587 2587 2579 2579 2593 2593 2594 2594 2587 2587 2587 2587 2594 2594 2588 2588 2588 2588 2594 2594 2589 2589 2589 2589 2594 2594 2590 2590 2590 2590 2594 2594 2591 2591 2591 2591 2594 2594 2592 2592 2592 2592 2594 2594 2593 2593 2587 2587 2589 2589 2594 2594 2589 2589 2590 2590 2594 2594 2590 2590 2591 2591 2594 2594 2591 2591 2592 2592 2594 2594 2592 2592 2593 2593 2594 2594 2593 2593 2587 2587 2594 2594 2593 2593 2595 2595 2587 2587 2595 2595 2596 2596 2587 2587 2587 2587 2596 2596 2589 2589 2596 2596 2597 2597 2589 2589 2589 2589 2597 2597 2590 2590 2597 2597 2598 2598 2590 2590 2590 2590 2598 2598 2591 2591 2591 2591 2598 2598 2592 2592 2598 2598 2599 2599 2592 2592 2599 2599 2600 2600 2592 2592 2592 2592 2600 2600 2593 2593 2600 2600 2595 2595 2593 2593 2600 2600 2601 2601 2595 2595 2595 2595 2601 2601 2596 2596 2596 2596 2601 2601 2597 2597 2597 2597 2601 2601 2598 2598 2598 2598 2601 2601 2599 2599 2599 2599 2601 2601 2600 2600 2595 2595 2596 2596 2601 2601 2596 2596 2597 2597 2601 2601 2597 2597 2598 2598 2601 2601 2598 2598 2599 2599 2601 2601 2599 2599 2600 2600 2601 2601 2600 2600 2595 2595 2601 2601 2600 2600 2602 2602 2595 2595 2602 2602 2603 2603 2595 2595 2595 2595 2603 2603 2596 2596 2603 2603 2604 2604 2596 2596 2596 2596 2604 2604 2597 2597 2604 2604 2605 2605 2597 2597 2597 2597 2605 2605 2598 2598 2598 2598 2605 2605 2599 2599 2605 2605 2606 2606 2599 2599 2606 2606 2607 2607 2599 2599 2599 2599 2607 2607 2600 2600 2607 2607 2602 2602 2600 2600 2607 2607 2608 2608 2602 2602 2602 2602 2608 2608 2603 2603 2603 2603 2608 2608 2604 2604 2604 2604 2608 2608 2605 2605 2605 2605 2608 2608 2606 2606 2606 2606 2608 2608 2607 2607 2602 2602 2603 2603 2608 2608 2603 2603 2604 2604 2608 2608 2604 2604 2605 2605 2608 2608 2605 2605 2606 2606 2608 2608 2606 2606 2607 2607 2608 2608 2607 2607 2602 2602 2608 2608 2607 2607 2609 2609 2602 2602 2609 2609 2610 2610 2602 2602 2602 2602 2610 2610 2603 2603 2610 2610 2611 2611 2603 2603 2603 2603 2611 2611 2604 2604 2611 2611 2612 2612 2604 2604 2604 2604 2612 2612 2605 2605 2612 2612 2613 2613 2605 2605 2605 2605 2613 2613 2606 2606 2613 2613 2614 2614 2606 2606 2606 2606 2614 2614 2607 2607 2614 2614 2609 2609 2607 2607 2614 2614 2615 2615 2609 2609 2609 2609 2615 2615 2610 2610 2610 2610 2615 2615 2611 2611 2611 2611 2615 2615 2612 2612 2612 2612 2615 2615 2613 2613 2613 2613 2615 2615 2614 2614 2609 2609 2610 2610 2615 2615 2610 2610 2611 2611 2615 2615 2611 2611 2612 2612 2615 2615 2612 2612 2613 2613 2615 2615 2613 2613 2614 2614 2615 2615 2614 2614 2609 2609 2615 2615 2614 2614 2616 2616 2609 2609 2616 2616 2617 2617 2609 2609 2609 2609 2617 2617 2610 2610 2617 2617 2618 2618 2610 2610 2610 2610 2618 2618 2611 2611 2618 2618 2619 2619 2611 2611 2611 2611 2619 2619 2612 2612 2612 2612 2619 2619 2613 2613 2619 2619 2620 2620 2613 2613 2620 2620 2621 2621 2613 2613 2613 2613 2621 2621 2614 2614 2621 2621 2616 2616 2614 2614 2621 2621 2622 2622 2616 2616 2616 2616 2622 2622 2617 2617 2617 2617 2622 2622 2618 2618 2618 2618 2622 2622 2619 2619 2619 2619 2622 2622 2620 2620 2620 2620 2622 2622 2621 2621 2616 2616 2623 2623 2622 2622 2623 2623 2617 2617 2622 2622 2617 2617 2618 2618 2622 2622 2618 2618 2619 2619 2622 2622 2619 2619 2620 2620 2622 2622 2620 2620 2621 2621 2622 2622 2621 2621 2616 2616 2622 2622 2616 2616 2624 2624 2623 2623 2621 2621 2624 2624 2616 2616 2624 2624 2625 2625 2623 2623 2623 2623 2625 2625 2617 2617 2625 2625 2626 2626 2617 2617 2617 2617 2626 2626 2618 2618 2626 2626 2627 2627 2618 2618 2627 2627 2628 2628 2618 2618 2618 2618 2628 2628 2619 2619 2619 2619 2628 2628 2620 2620 2628 2628 2629 2629 2620 2620 2629 2629 2630 2630 2620 2620 2620 2620 2630 2630 2621 2621 2630 2630 2624 2624 2621 2621 2630 2630 2631 2631 2624 2624 2624 2624 2631 2631 2625 2625 2625 2625 2631 2631 2626 2626 2626 2626 2631 2631 2627 2627 2627 2627 2631 2631 2628 2628 2628 2628 2631 2631 2629 2629 2629 2629 2631 2631 2630 2630 2624 2624 2625 2625 2631 2631 2625 2625 2626 2626 2631 2631 2626 2626 2627 2627 2631 2631 2627 2627 2628 2628 2631 2631 2628 2628 2629 2629 2631 2631 2629 2629 2630 2630 2631 2631 2630 2630 2624 2624 2631 2631 2632 2632 2633 2633 2624 2624 2624 2624 2633 2633 2625 2625 2630 2630 2632 2632 2624 2624 2633 2633 2634 2634 2625 2625 2625 2625 2634 2634 2626 2626 2634 2634 2635 2635 2626 2626 2626 2626 2635 2635 2627 2627 2635 2635 2636 2636 2627 2627 2627 2627 2636 2636 2628 2628 2636 2636 2637 2637 2628 2628 2628 2628 2637 2637 2629 2629 2637 2637 2638 2638 2629 2629 2629 2629 2638 2638 2630 2630 2638 2638 2632 2632 2630 2630 2632 2632 2639 2639 2633 2633 2633 2633 2639 2639 2634 2634 2634 2634 2639 2639 2635 2635 2635 2635 2639 2639 2636 2636 2636 2636 2639 2639 2637 2637 2637 2637 2639 2639 2638 2638 2638 2638 2639 2639 2632 2632 2633 2633 2634 2634 2639 2639 2634 2634 2635 2635 2639 2639 2635 2635 2636 2636 2639 2639 2636 2636 2637 2637 2639 2639 2637 2637 2638 2638 2639 2639 2638 2638 2632 2632 2639 2639 2632 2632 2633 2633 2639 2639 2632 2632 2640 2640 2633 2633 2640 2640 2641 2641 2633 2633 2633 2633 2641 2641 2634 2634 2634 2634 2641 2641 2635 2635 2641 2641 2642 2642 2635 2635 2642 2642 2643 2643 2635 2635 2635 2635 2643 2643 2636 2636 2636 2636 2643 2643 2637 2637 2643 2643 2644 2644 2637 2637 2644 2644 2645 2645 2637 2637 2637 2637 2645 2645 2638 2638 2645 2645 2646 2646 2638 2638 2638 2638 2646 2646 2632 2632 2646 2646 2640 2640 2632 2632 2646 2646 2647 2647 2640 2640 2640 2640 2647 2647 2641 2641 2641 2641 2647 2647 2642 2642 2642 2642 2647 2647 2643 2643 2643 2643 2647 2647 2644 2644 2644 2644 2647 2647 2645 2645 2645 2645 2647 2647 2646 2646 2640 2640 2648 2648 2647 2647 2648 2648 2641 2641 2647 2647 2641 2641 2642 2642 2647 2647 2642 2642 2643 2643 2647 2647 2643 2643 2644 2644 2647 2647 2644 2644 2645 2645 2647 2647 2645 2645 2646 2646 2647 2647 2646 2646 2640 2640 2647 2647 2640 2640 2649 2649 2648 2648 2646 2646 2649 2649 2640 2640 2649 2649 2650 2650 2648 2648 2648 2648 2650 2650 2641 2641 2641 2641 2650 2650 2642 2642 2650 2650 2651 2651 2642 2642 2651 2651 2652 2652 2642 2642 2642 2642 2652 2652 2643 2643 2643 2643 2652 2652 2644 2644 2652 2652 2653 2653 2644 2644 2653 2653 2654 2654 2644 2644 2644 2644 2654 2654 2645 2645 2645 2645 2654 2654 2646 2646 2654 2654 2655 2655 2646 2646 2655 2655 2649 2649 2646 2646 2655 2655 2656 2656 2649 2649 2649 2649 2656 2656 2650 2650 2650 2650 2656 2656 2651 2651 2651 2651 2656 2656 2652 2652 2652 2652 2656 2656 2653 2653 2653 2653 2656 2656 2654 2654 2654 2654 2656 2656 2655 2655 2649 2649 2657 2657 2656 2656 2657 2657 2650 2650 2656 2656 2650 2650 2651 2651 2656 2656 2651 2651 2652 2652 2656 2656 2652 2652 2653 2653 2656 2656 2653 2653 2654 2654 2656 2656 2654 2654 2655 2655 2656 2656 2655 2655 2649 2649 2656 2656 2658 2658 2659 2659 2649 2649 2649 2649 2659 2659 2657 2657 2655 2655 2658 2658 2649 2649 2659 2659 2660 2660 2657 2657 2657 2657 2660 2660 2650 2650 2660 2660 2661 2661 2650 2650 2650 2650 2661 2661 2651 2651 2661 2661 2662 2662 2651 2651 2651 2651 2662 2662 2652 2652 2662 2662 2663 2663 2652 2652 2652 2652 2663 2663 2653 2653 2663 2663 2664 2664 2653 2653 2653 2653 2664 2664 2654 2654 2664 2664 2665 2665 2654 2654 2654 2654 2665 2665 2655 2655 2665 2665 2658 2658 2655 2655 2658 2658 2666 2666 2659 2659 2665 2665 2666 2666 2658 2658 2659 2659 2666 2666 2660 2660 2660 2660 2666 2666 2661 2661 2661 2661 2666 2666 2662 2662 2662 2662 2666 2666 2663 2663 2663 2663 2666 2666 2664 2664 2664 2664 2666 2666 2665 2665 2658 2658 2660 2660 2666 2666 2660 2660 2661 2661 2666 2666 2661 2661 2662 2662 2666 2666 2662 2662 2663 2663 2666 2666 2663 2663 2664 2664 2666 2666 2664 2664 2665 2665 2666 2666 2665 2665 2658 2658 2666 2666 2667 2667 2668 2668 2658 2658 2658 2658 2668 2668 2660 2660 2668 2668 2669 2669 2660 2660 2660 2660 2669 2669 2661 2661 2669 2669 2670 2670 2661 2661 2661 2661 2670 2670 2662 2662 2670 2670 2671 2671 2662 2662 2662 2662 2671 2671 2663 2663 2671 2671 2672 2672 2663 2663 2663 2663 2672 2672 2664 2664 2672 2672 2673 2673 2664 2664 2664 2664 2673 2673 2665 2665 2673 2673 2667 2667 2665 2665 2665 2665 2667 2667 2658 2658 2667 2667 2674 2674 2668 2668 2668 2668 2674 2674 2669 2669 2669 2669 2674 2674 2670 2670 2670 2670 2674 2674 2671 2671 2671 2671 2674 2674 2672 2672 2672 2672 2674 2674 2673 2673 2673 2673 2674 2674 2667 2667 2675 2675 2668 2668 2674 2674 2668 2668 2669 2669 2674 2674 2669 2669 2670 2670 2674 2674 2670 2670 2671 2671 2674 2674 2671 2671 2672 2672 2674 2674 2672 2672 2673 2673 2674 2674 2673 2673 2667 2667 2674 2674 2667 2667 2675 2675 2674 2674 2676 2676 2677 2677 2675 2675 2675 2675 2677 2677 2668 2668 2667 2667 2676 2676 2675 2675 2677 2677 2678 2678 2668 2668 2668 2668 2678 2678 2669 2669 2678 2678 2679 2679 2669 2669 2669 2669 2679 2679 2670 2670 2679 2679 2680 2680 2670 2670 2670 2670 2680 2680 2671 2671 2680 2680 2681 2681 2671 2671 2671 2671 2681 2681 2672 2672 2681 2681 2682 2682 2672 2672 2672 2672 2682 2682 2673 2673 2682 2682 2683 2683 2673 2673 2673 2673 2683 2683 2667 2667 2683 2683 2676 2676 2667 2667 2676 2676 2684 2684 2677 2677 2683 2683 2684 2684 2676 2676 2677 2677 2684 2684 2678 2678 2678 2678 2684 2684 2679 2679 2679 2679 2684 2684 2680 2680 2680 2680 2684 2684 2681 2681 2681 2681 2684 2684 2682 2682 2682 2682 2684 2684 2683 2683 2677 2677 2678 2678 2684 2684 2678 2678 2679 2679 2684 2684 2679 2679 2680 2680 2684 2684 2680 2680 2681 2681 2684 2684 2681 2681 2682 2682 2684 2684 2682 2682 2683 2683 2684 2684 2683 2683 2677 2677 2684 2684 2685 2685 2686 2686 2677 2677 2683 2683 2685 2685 2677 2677 2686 2686 2687 2687 2677 2677 2677 2677 2687 2687 2678 2678 2678 2678 2687 2687 2679 2679 2687 2687 2688 2688 2679 2679 2688 2688 2689 2689 2679 2679 2679 2679 2689 2689 2680 2680 2680 2680 2689 2689 2681 2681 2689 2689 2690 2690 2681 2681 2690 2690 2691 2691 2681 2681 2681 2681 2691 2691 2682 2682 2682 2682 2691 2691 2683 2683 2691 2691 2692 2692 2683 2683 2692 2692 2685 2685 2683 2683 2685 2685 2693 2693 2686 2686 2692 2692 2693 2693 2685 2685 2686 2686 2693 2693 2687 2687 2687 2687 2693 2693 2688 2688 2688 2688 2693 2693 2689 2689 2689 2689 2693 2693 2690 2690 2690 2690 2693 2693 2691 2691 2691 2691 2693 2693 2692 2692 2686 2686 2687 2687 2693 2693 2687 2687 2688 2688 2693 2693 2688 2688 2689 2689 2693 2693 2689 2689 2690 2690 2693 2693 2690 2690 2691 2691 2693 2693 2691 2691 2692 2692 2693 2693 2692 2692 2686 2686 2693 2693 2694 2694 2695 2695 2686 2686 2692 2692 2694 2694 2686 2686 2686 2686 2695 2695 2687 2687 2695 2695 2696 2696 2687 2687 2687 2687 2696 2696 2688 2688 2696 2696 2697 2697 2688 2688 2688 2688 2697 2697 2689 2689 2697 2697 2698 2698 2689 2689 2689 2689 2698 2698 2690 2690 2698 2698 2699 2699 2690 2690 2690 2690 2699 2699 2691 2691 2699 2699 2700 2700 2691 2691 2691 2691 2700 2700 2692 2692 2700 2700 2701 2701 2692 2692 2701 2701 2694 2694 2692 2692 2694 2694 2702 2702 2695 2695 2701 2701 2702 2702 2694 2694 2695 2695 2702 2702 2696 2696 2696 2696 2702 2702 2697 2697 2697 2697 2702 2702 2698 2698 2698 2698 2702 2702 2699 2699 2699 2699 2702 2702 2700 2700 2700 2700 2702 2702 2701 2701 2694 2694 2695 2695 2702 2702 2695 2695 2696 2696 2702 2702 2696 2696 2697 2697 2702 2702 2697 2697 2698 2698 2702 2702 2698 2698 2699 2699 2702 2702 2699 2699 2700 2700 2702 2702 2700 2700 2694 2694 2702 2702 2703 2703 2704 2704 2694 2694 2694 2694 2704 2704 2695 2695 2695 2695 2704 2704 2696 2696 2704 2704 2705 2705 2696 2696 2705 2705 2706 2706 2696 2696 2696 2696 2706 2706 2697 2697 2697 2697 2706 2706 2698 2698 2706 2706 2707 2707 2698 2698 2707 2707 2708 2708 2698 2698 2698 2698 2708 2708 2699 2699 2699 2699 2708 2708 2700 2700 2708 2708 2709 2709 2700 2700 2709 2709 2710 2710 2700 2700 2700 2700 2710 2710 2694 2694 2710 2710 2703 2703 2694 2694 2703 2703 2711 2711 2704 2704 2710 2710 2711 2711 2703 2703 2704 2704 2711 2711 2705 2705 2705 2705 2711 2711 2706 2706 2706 2706 2711 2711 2707 2707 2707 2707 2711 2711 2708 2708 2708 2708 2711 2711 2709 2709 2709 2709 2711 2711 2710 2710 2703 2703 2704 2704 2711 2711 2704 2704 2705 2705 2711 2711 2705 2705 2706 2706 2711 2711 2706 2706 2707 2707 2711 2711 2707 2707 2708 2708 2711 2711 2708 2708 2709 2709 2711 2711 2709 2709 2703 2703 2711 2711 2712 2712 2713 2713 2703 2703 2703 2703 2713 2713 2704 2704 2704 2704 2713 2713 2705 2705 2713 2713 2714 2714 2705 2705 2714 2714 2715 2715 2705 2705 2705 2705 2715 2715 2706 2706 2706 2706 2715 2715 2707 2707 2715 2715 2716 2716 2707 2707 2716 2716 2717 2717 2707 2707 2707 2707 2717 2717 2708 2708 2708 2708 2717 2717 2709 2709 2717 2717 2718 2718 2709 2709 2718 2718 2719 2719 2709 2709 2709 2709 2719 2719 2703 2703 2719 2719 2712 2712 2703 2703 2712 2712 2720 2720 2713 2713 2719 2719 2720 2720 2712 2712 2713 2713 2720 2720 2714 2714 2714 2714 2720 2720 2715 2715 2715 2715 2720 2720 2716 2716 2716 2716 2720 2720 2717 2717 2717 2717 2720 2720 2718 2718 2718 2718 2720 2720 2719 2719 2712 2712 2713 2713 2720 2720 2713 2713 2714 2714 2720 2720 2714 2714 2715 2715 2720 2720 2715 2715 2716 2716 2720 2720 2716 2716 2717 2717 2720 2720 2717 2717 2718 2718 2720 2720 2718 2718 2712 2712 2720 2720 2712 2712 2721 2721 2713 2713 2721 2721 2722 2722 2713 2713 2713 2713 2722 2722 2714 2714 2722 2722 2723 2723 2714 2714 2714 2714 2723 2723 2715 2715 2723 2723 2724 2724 2715 2715 2715 2715 2724 2724 2716 2716 2724 2724 2725 2725 2716 2716 2716 2716 2725 2725 2717 2717 2725 2725 2726 2726 2717 2717 2717 2717 2726 2726 2718 2718 2726 2726 2727 2727 2718 2718 2718 2718 2727 2727 2712 2712 2727 2727 2721 2721 2712 2712 2727 2727 2728 2728 2721 2721 2721 2721 2728 2728 2722 2722 2722 2722 2728 2728 2723 2723 2723 2723 2728 2728 2724 2724 2724 2724 2728 2728 2725 2725 2725 2725 2728 2728 2726 2726 2726 2726 2728 2728 2727 2727 2721 2721 2722 2722 2728 2728 2722 2722 2723 2723 2728 2728 2723 2723 2724 2724 2728 2728 2724 2724 2725 2725 2728 2728 2725 2725 2726 2726 2728 2728 2726 2726 2727 2727 2728 2728 2727 2727 2721 2721 2728 2728 2729 2729 2730 2730 2721 2721 2721 2721 2730 2730 2722 2722 2727 2727 2729 2729 2721 2721 2730 2730 2731 2731 2722 2722 2722 2722 2731 2731 2723 2723 2731 2731 2732 2732 2723 2723 2723 2723 2732 2732 2724 2724 2732 2732 2733 2733 2724 2724 2724 2724 2733 2733 2725 2725 2733 2733 2734 2734 2725 2725 2734 2734 2735 2735 2725 2725 2725 2725 2735 2735 2726 2726 2726 2726 2735 2735 2727 2727 2735 2735 2729 2729 2727 2727 2729 2729 2736 2736 2730 2730 2730 2730 2736 2736 2731 2731 2731 2731 2736 2736 2732 2732 2732 2732 2736 2736 2733 2733 2733 2733 2736 2736 2734 2734 2734 2734 2736 2736 2735 2735 2735 2735 2736 2736 2729 2729 2730 2730 2731 2731 2736 2736 2731 2731 2732 2732 2736 2736 2732 2732 2733 2733 2736 2736 2733 2733 2735 2735 2736 2736 2735 2735 2729 2729 2736 2736 2729 2729 2730 2730 2736 2736 2729 2729 2737 2737 2730 2730 2737 2737 2738 2738 2730 2730 2730 2730 2738 2738 2731 2731 2738 2738 2739 2739 2731 2731 2731 2731 2739 2739 2732 2732 2739 2739 2740 2740 2732 2732 2732 2732 2740 2740 2733 2733 2740 2740 2741 2741 2733 2733 2733 2733 2741 2741 2735 2735 2741 2741 2742 2742 2735 2735 2735 2735 2742 2742 2729 2729 2742 2742 2737 2737 2729 2729 2742 2742 2743 2743 2737 2737 2737 2737 2743 2743 2738 2738 2738 2738 2743 2743 2739 2739 2739 2739 2743 2743 2740 2740 2740 2740 2743 2743 2741 2741 2741 2741 2743 2743 2742 2742 2737 2737 2738 2738 2743 2743 2738 2738 2739 2739 2743 2743 2739 2739 2740 2740 2743 2743 2740 2740 2741 2741 2743 2743 2741 2741 2742 2742 2743 2743 2742 2742 2737 2737 2743 2743 2744 2744 2745 2745 2737 2737 2737 2737 2745 2745 2738 2738 2745 2745 2746 2746 2738 2738 2738 2738 2746 2746 2739 2739 2746 2746 2747 2747 2739 2739 2739 2739 2747 2747 2740 2740 2747 2747 2748 2748 2740 2740 2740 2740 2748 2748 2741 2741 2748 2748 2749 2749 2741 2741 2741 2741 2749 2749 2742 2742 2749 2749 2744 2744 2742 2742 2742 2742 2744 2744 2737 2737 2744 2744 2750 2750 2745 2745 2745 2745 2750 2750 2746 2746 2746 2746 2750 2750 2747 2747 2747 2747 2750 2750 2748 2748 2748 2748 2750 2750 2749 2749 2749 2749 2750 2750 2744 2744 2744 2744 2745 2745 2750 2750 2745 2745 2746 2746 2750 2750 2746 2746 2747 2747 2750 2750 2747 2747 2751 2751 2750 2750 2751 2751 2748 2748 2750 2750 2748 2748 2749 2749 2750 2750 2749 2749 2744 2744 2750 2750 2752 2752 2753 2753 2744 2744 2744 2744 2753 2753 2745 2745 2745 2745 2753 2753 2746 2746 2753 2753 2754 2754 2746 2746 2754 2754 2755 2755 2746 2746 2746 2746 2755 2755 2747 2747 2755 2755 2756 2756 2747 2747 2747 2747 2756 2756 2751 2751 2756 2756 2757 2757 2751 2751 2751 2751 2757 2757 2748 2748 2748 2748 2757 2757 2749 2749 2757 2757 2758 2758 2749 2749 2749 2749 2758 2758 2744 2744 2758 2758 2752 2752 2744 2744 2752 2752 2759 2759 2753 2753 2753 2753 2759 2759 2754 2754 2754 2754 2759 2759 2755 2755 2755 2755 2759 2759 2756 2756 2756 2756 2759 2759 2757 2757 2757 2757 2759 2759 2758 2758 2758 2758 2759 2759 2752 2752 2752 2752 2753 2753 2759 2759 2753 2753 2754 2754 2759 2759 2754 2754 2755 2755 2759 2759 2755 2755 2756 2756 2759 2759 2756 2756 2757 2757 2759 2759 2757 2757 2758 2758 2759 2759 2758 2758 2752 2752 2759 2759 2752 2752 2760 2760 2753 2753 2760 2760 2761 2761 2753 2753 2753 2753 2761 2761 2754 2754 2761 2761 2762 2762 2754 2754 2754 2754 2762 2762 2755 2755 2762 2762 2763 2763 2755 2755 2755 2755 2763 2763 2756 2756 2763 2763 2764 2764 2756 2756 2756 2756 2764 2764 2757 2757 2764 2764 2765 2765 2757 2757 2757 2757 2765 2765 2758 2758 2765 2765 2766 2766 2758 2758 2758 2758 2766 2766 2752 2752 2766 2766 2760 2760 2752 2752 2766 2766 2767 2767 2760 2760 2760 2760 2767 2767 2761 2761 2761 2761 2767 2767 2762 2762 2762 2762 2767 2767 2763 2763 2763 2763 2767 2767 2764 2764 2764 2764 2767 2767 2765 2765 2765 2765 2767 2767 2766 2766 2760 2760 2761 2761 2767 2767 2761 2761 2762 2762 2767 2767 2762 2762 2768 2768 2767 2767 2768 2768 2763 2763 2767 2767 2763 2763 2764 2764 2767 2767 2764 2764 2765 2765 2767 2767 2765 2765 2766 2766 2767 2767 2766 2766 2760 2760 2767 2767 2769 2769 2770 2770 2760 2760 2760 2760 2770 2770 2761 2761 2766 2766 2769 2769 2760 2760 2770 2770 2771 2771 2761 2761 2761 2761 2771 2771 2762 2762 2771 2771 2772 2772 2762 2762 2762 2762 2772 2772 2768 2768 2768 2768 2772 2772 2763 2763 2772 2772 2773 2773 2763 2763 2763 2763 2773 2773 2764 2764 2773 2773 2774 2774 2764 2764 2764 2764 2774 2774 2765 2765 2774 2774 2775 2775 2765 2765 2765 2765 2775 2775 2766 2766 2775 2775 2769 2769 2766 2766 2769 2769 2776 2776 2770 2770 2770 2770 2776 2776 2771 2771 2771 2771 2776 2776 2772 2772 2772 2772 2776 2776 2773 2773 2773 2773 2776 2776 2774 2774 2774 2774 2776 2776 2775 2775 2775 2775 2776 2776 2769 2769 2770 2770 2771 2771 2776 2776 2771 2771 2777 2777 2776 2776 2777 2777 2772 2772 2776 2776 2772 2772 2773 2773 2776 2776 2773 2773 2774 2774 2776 2776 2774 2774 2775 2775 2776 2776 2775 2775 2769 2769 2776 2776 2769 2769 2770 2770 2776 2776 2778 2778 2779 2779 2770 2770 2769 2769 2778 2778 2770 2770 2779 2779 2780 2780 2770 2770 2770 2770 2780 2780 2771 2771 2771 2771 2780 2780 2777 2777 2780 2780 2781 2781 2777 2777 2777 2777 2781 2781 2772 2772 2772 2772 2781 2781 2773 2773 2781 2781 2782 2782 2773 2773 2782 2782 2783 2783 2773 2773 2773 2773 2783 2783 2774 2774 2774 2774 2783 2783 2775 2775 2783 2783 2784 2784 2775 2775 2784 2784 2778 2778 2775 2775 2775 2775 2778 2778 2769 2769 2778 2778 2785 2785 2779 2779 2779 2779 2785 2785 2780 2780 2780 2780 2785 2785 2781 2781 2781 2781 2785 2785 2782 2782 2782 2782 2785 2785 2783 2783 2783 2783 2785 2785 2784 2784 2784 2784 2785 2785 2778 2778 2779 2779 2780 2780 2785 2785 2780 2780 2786 2786 2785 2785 2786 2786 2781 2781 2785 2785 2781 2781 2782 2782 2785 2785 2782 2782 2783 2783 2785 2785 2783 2783 2784 2784 2785 2785 2784 2784 2778 2778 2785 2785 2778 2778 2779 2779 2785 2785 2787 2787 2788 2788 2779 2779 2778 2778 2787 2787 2779 2779 2788 2788 2789 2789 2779 2779 2779 2779 2789 2789 2780 2780 2780 2780 2789 2789 2786 2786 2789 2789 2790 2790 2786 2786 2786 2786 2790 2790 2781 2781 2781 2781 2790 2790 2782 2782 2790 2790 2791 2791 2782 2782 2791 2791 2792 2792 2782 2782 2782 2782 2792 2792 2783 2783 2783 2783 2792 2792 2784 2784 2792 2792 2793 2793 2784 2784 2793 2793 2787 2787 2784 2784 2784 2784 2787 2787 2778 2778 2787 2787 2794 2794 2788 2788 2788 2788 2794 2794 2789 2789 2789 2789 2794 2794 2790 2790 2790 2790 2794 2794 2791 2791 2791 2791 2794 2794 2792 2792 2792 2792 2794 2794 2793 2793 2793 2793 2794 2794 2787 2787 2788 2788 2789 2789 2794 2794 2789 2789 2795 2795 2794 2794 2795 2795 2790 2790 2794 2794 2790 2790 2791 2791 2794 2794 2791 2791 2792 2792 2794 2794 2792 2792 2793 2793 2794 2794 2793 2793 2787 2787 2794 2794 2787 2787 2788 2788 2794 2794 2796 2796 2797 2797 2788 2788 2787 2787 2796 2796 2788 2788 2788 2788 2797 2797 2789 2789 2797 2797 2798 2798 2789 2789 2789 2789 2798 2798 2795 2795 2795 2795 2798 2798 2790 2790 2798 2798 2799 2799 2790 2790 2790 2790 2799 2799 2791 2791 2799 2799 2800 2800 2791 2791 2791 2791 2800 2800 2792 2792 2800 2800 2801 2801 2792 2792 2792 2792 2801 2801 2793 2793 2801 2801 2802 2802 2793 2793 2793 2793 2802 2802 2787 2787 2802 2802 2796 2796 2787 2787 2796 2796 2803 2803 2797 2797 2802 2802 2803 2803 2796 2796 2797 2797 2803 2803 2798 2798 2798 2798 2803 2803 2799 2799 2799 2799 2803 2803 2800 2800 2800 2800 2803 2803 2801 2801 2801 2801 2803 2803 2802 2802 2796 2796 2797 2797 2803 2803 2797 2797 2804 2804 2803 2803 2804 2804 2798 2798 2803 2803 2798 2798 2799 2799 2803 2803 2799 2799 2800 2800 2803 2803 2800 2800 2801 2801 2803 2803 2801 2801 2802 2802 2803 2803 2802 2802 2796 2796 2803 2803 2805 2805 2806 2806 2796 2796 2796 2796 2806 2806 2797 2797 2797 2797 2806 2806 2804 2804 2806 2806 2807 2807 2804 2804 2804 2804 2807 2807 2798 2798 2798 2798 2807 2807 2799 2799 2807 2807 2808 2808 2799 2799 2808 2808 2809 2809 2799 2799 2799 2799 2809 2809 2800 2800 2800 2800 2809 2809 2801 2801 2809 2809 2810 2810 2801 2801 2810 2810 2811 2811 2801 2801 2801 2801 2811 2811 2802 2802 2802 2802 2811 2811 2796 2796 2811 2811 2805 2805 2796 2796 2805 2805 2812 2812 2806 2806 2811 2811 2812 2812 2805 2805 2806 2806 2812 2812 2807 2807 2807 2807 2812 2812 2808 2808 2808 2808 2812 2812 2809 2809 2809 2809 2812 2812 2810 2810 2810 2810 2812 2812 2811 2811 2805 2805 2806 2806 2812 2812 2806 2806 2813 2813 2812 2812 2813 2813 2807 2807 2812 2812 2807 2807 2808 2808 2812 2812 2808 2808 2809 2809 2812 2812 2809 2809 2810 2810 2812 2812 2810 2810 2811 2811 2812 2812 2811 2811 2805 2805 2812 2812 2814 2814 2815 2815 2805 2805 2805 2805 2815 2815 2806 2806 2815 2815 2816 2816 2806 2806 2806 2806 2816 2816 2813 2813 2816 2816 2817 2817 2813 2813 2813 2813 2817 2817 2807 2807 2817 2817 2818 2818 2807 2807 2807 2807 2818 2818 2808 2808 2818 2818 2819 2819 2808 2808 2808 2808 2819 2819 2809 2809 2819 2819 2820 2820 2809 2809 2809 2809 2820 2820 2810 2810 2820 2820 2821 2821 2810 2810 2810 2810 2821 2821 2811 2811 2821 2821 2814 2814 2811 2811 2811 2811 2814 2814 2805 2805 2814 2814 2822 2822 2815 2815 2815 2815 2822 2822 2816 2816 2816 2816 2822 2822 2817 2817 2817 2817 2822 2822 2818 2818 2818 2818 2822 2822 2819 2819 2819 2819 2822 2822 2820 2820 2820 2820 2822 2822 2821 2821 2821 2821 2822 2822 2814 2814 2815 2815 2817 2817 2822 2822 2817 2817 2818 2818 2822 2822 2818 2818 2819 2819 2822 2822 2819 2819 2820 2820 2822 2822 2820 2820 2821 2821 2822 2822 2821 2821 2814 2814 2822 2822 2814 2814 2815 2815 2822 2822 2823 2823 2824 2824 2815 2815 2814 2814 2823 2823 2815 2815 2824 2824 2825 2825 2815 2815 2815 2815 2825 2825 2817 2817 2825 2825 2826 2826 2817 2817 2826 2826 2827 2827 2817 2817 2817 2817 2827 2827 2818 2818 2818 2818 2827 2827 2819 2819 2827 2827 2828 2828 2819 2819 2828 2828 2829 2829 2819 2819 2819 2819 2829 2829 2820 2820 2820 2820 2829 2829 2821 2821 2829 2829 2830 2830 2821 2821 2830 2830 2823 2823 2821 2821 2821 2821 2823 2823 2814 2814 2823 2823 2831 2831 2824 2824 2824 2824 2831 2831 2825 2825 2825 2825 2831 2831 2826 2826 2826 2826 2831 2831 2827 2827 2827 2827 2831 2831 2828 2828 2828 2828 2831 2831 2829 2829 2829 2829 2831 2831 2830 2830 2830 2830 2831 2831 2823 2823 2824 2824 2826 2826 2831 2831 2826 2826 2827 2827 2831 2831 2827 2827 2828 2828 2831 2831 2828 2828 2829 2829 2831 2831 2829 2829 2830 2830 2831 2831 2830 2830 2823 2823 2831 2831 2823 2823 2824 2824 2831 2831 2832 2832 2833 2833 2824 2824 2823 2823 2832 2832 2824 2824 2833 2833 2834 2834 2824 2824 2824 2824 2834 2834 2826 2826 2834 2834 2835 2835 2826 2826 2826 2826 2835 2835 2827 2827 2835 2835 2836 2836 2827 2827 2827 2827 2836 2836 2828 2828 2836 2836 2837 2837 2828 2828 2828 2828 2837 2837 2829 2829 2837 2837 2838 2838 2829 2829 2829 2829 2838 2838 2830 2830 2838 2838 2839 2839 2830 2830 2830 2830 2839 2839 2823 2823 2839 2839 2832 2832 2823 2823 2832 2832 2840 2840 2833 2833 2839 2839 2840 2840 2832 2832 2833 2833 2840 2840 2834 2834 2834 2834 2840 2840 2835 2835 2835 2835 2840 2840 2836 2836 2836 2836 2840 2840 2837 2837 2837 2837 2840 2840 2838 2838 2838 2838 2840 2840 2839 2839 2832 2832 2834 2834 2840 2840 2834 2834 2835 2835 2840 2840 2835 2835 2836 2836 2840 2840 2836 2836 2837 2837 2840 2840 2837 2837 2838 2838 2840 2840 2838 2838 2839 2839 2840 2840 2839 2839 2832 2832 2840 2840 2841 2841 2842 2842 2832 2832 2832 2832 2842 2842 2834 2834 2842 2842 2843 2843 2834 2834 2843 2843 2844 2844 2834 2834 2834 2834 2844 2844 2835 2835 2835 2835 2844 2844 2836 2836 2844 2844 2845 2845 2836 2836 2845 2845 2846 2846 2836 2836 2836 2836 2846 2846 2837 2837 2837 2837 2846 2846 2838 2838 2846 2846 2847 2847 2838 2838 2847 2847 2848 2848 2838 2838 2838 2838 2848 2848 2839 2839 2839 2839 2848 2848 2832 2832 2848 2848 2841 2841 2832 2832 2841 2841 2849 2849 2842 2842 2848 2848 2849 2849 2841 2841 2842 2842 2849 2849 2843 2843 2843 2843 2849 2849 2844 2844 2844 2844 2849 2849 2845 2845 2845 2845 2849 2849 2846 2846 2846 2846 2849 2849 2847 2847 2847 2847 2849 2849 2848 2848 2841 2841 2843 2843 2849 2849 2843 2843 2844 2844 2849 2849 2844 2844 2845 2845 2849 2849 2845 2845 2846 2846 2849 2849 2846 2846 2847 2847 2849 2849 2847 2847 2848 2848 2849 2849 2848 2848 2841 2841 2849 2849 2850 2850 2851 2851 2841 2841 2841 2841 2851 2851 2843 2843 2851 2851 2852 2852 2843 2843 2843 2843 2852 2852 2844 2844 2852 2852 2853 2853 2844 2844 2844 2844 2853 2853 2845 2845 2853 2853 2854 2854 2845 2845 2845 2845 2854 2854 2846 2846 2846 2846 2854 2854 2847 2847 2854 2854 2855 2855 2847 2847 2855 2855 2856 2856 2847 2847 2847 2847 2856 2856 2848 2848 2848 2848 2856 2856 2841 2841 2856 2856 2850 2850 2841 2841 2850 2850 2857 2857 2851 2851 2856 2856 2857 2857 2850 2850 2851 2851 2857 2857 2852 2852 2852 2852 2857 2857 2853 2853 2853 2853 2857 2857 2854 2854 2854 2854 2857 2857 2855 2855 2855 2855 2857 2857 2856 2856 2850 2850 2851 2851 2857 2857 2851 2851 2852 2852 2857 2857 2852 2852 2853 2853 2857 2857 2853 2853 2854 2854 2857 2857 2854 2854 2855 2855 2857 2857 2855 2855 2856 2856 2857 2857 2856 2856 2850 2850 2857 2857 2850 2850 2858 2858 2851 2851 2858 2858 2859 2859 2851 2851 2851 2851 2859 2859 2852 2852 2859 2859 2860 2860 2852 2852 2860 2860 2861 2861 2852 2852 2852 2852 2861 2861 2853 2853 2861 2861 2862 2862 2853 2853 2853 2853 2862 2862 2854 2854 2854 2854 2862 2862 2855 2855 2862 2862 2863 2863 2855 2855 2863 2863 2864 2864 2855 2855 2855 2855 2864 2864 2856 2856 2856 2856 2864 2864 2850 2850 2864 2864 2858 2858 2850 2850 2864 2864 2865 2865 2858 2858 2858 2858 2865 2865 2859 2859 2859 2859 2865 2865 2860 2860 2860 2860 2865 2865 2861 2861 2861 2861 2865 2865 2862 2862 2862 2862 2865 2865 2863 2863 2863 2863 2865 2865 2864 2864 2858 2858 2860 2860 2865 2865 2860 2860 2861 2861 2865 2865 2861 2861 2862 2862 2865 2865 2862 2862 2863 2863 2865 2865 2863 2863 2864 2864 2865 2865 2864 2864 2858 2858 2865 2865 2864 2864 2866 2866 2858 2858 2866 2866 2867 2867 2858 2858 2858 2858 2867 2867 2860 2860 2867 2867 2868 2868 2860 2860 2860 2860 2868 2868 2861 2861 2868 2868 2869 2869 2861 2861 2861 2861 2869 2869 2862 2862 2862 2862 2869 2869 2863 2863 2869 2869 2870 2870 2863 2863 2870 2870 2871 2871 2863 2863 2863 2863 2871 2871 2864 2864 2871 2871 2866 2866 2864 2864 2871 2871 2872 2872 2866 2866 2866 2866 2872 2872 2867 2867 2867 2867 2872 2872 2868 2868 2868 2868 2872 2872 2869 2869 2869 2869 2872 2872 2870 2870 2870 2870 2872 2872 2871 2871 2866 2866 2867 2867 2872 2872 2867 2867 2868 2868 2872 2872 2868 2868 2869 2869 2872 2872 2869 2869 2870 2870 2872 2872 2870 2870 2871 2871 2872 2872 2871 2871 2866 2866 2872 2872 2871 2871 2873 2873 2866 2866 2873 2873 2874 2874 2866 2866 2866 2866 2874 2874 2867 2867 2874 2874 2875 2875 2867 2867 2867 2867 2875 2875 2868 2868 2875 2875 2876 2876 2868 2868 2868 2868 2876 2876 2869 2869 2869 2869 2876 2876 2870 2870 2876 2876 2877 2877 2870 2870 2877 2877 2878 2878 2870 2870 2870 2870 2878 2878 2871 2871 2878 2878 2873 2873 2871 2871 2878 2878 2879 2879 2873 2873 2873 2873 2879 2879 2874 2874 2874 2874 2879 2879 2875 2875 2875 2875 2879 2879 2876 2876 2876 2876 2879 2879 2877 2877 2877 2877 2879 2879 2878 2878 2873 2873 2874 2874 2879 2879 2874 2874 2875 2875 2879 2879 2875 2875 2876 2876 2879 2879 2876 2876 2877 2877 2879 2879 2877 2877 2878 2878 2879 2879 2878 2878 2873 2873 2879 2879 2878 2878 2880 2880 2873 2873 2880 2880 2881 2881 2873 2873 2873 2873 2881 2881 2874 2874 2881 2881 2882 2882 2874 2874 2874 2874 2882 2882 2875 2875 2882 2882 2883 2883 2875 2875 2875 2875 2883 2883 2876 2876 2883 2883 2884 2884 2876 2876 2876 2876 2884 2884 2877 2877 2884 2884 2885 2885 2877 2877 2877 2877 2885 2885 2878 2878 2885 2885 2880 2880 2878 2878 2885 2885 2886 2886 2880 2880 2880 2880 2886 2886 2881 2881 2881 2881 2886 2886 2882 2882 2882 2882 2886 2886 2883 2883 2883 2883 2886 2886 2884 2884 2884 2884 2886 2886 2885 2885 2880 2880 2887 2887 2886 2886 2887 2887 2881 2881 2886 2886 2881 2881 2882 2882 2886 2886 2882 2882 2883 2883 2886 2886 2883 2883 2884 2884 2886 2886 2884 2884 2885 2885 2886 2886 2885 2885 2880 2880 2886 2886 2880 2880 2888 2888 2887 2887 2885 2885 2888 2888 2880 2880 2888 2888 2889 2889 2887 2887 2887 2887 2889 2889 2881 2881 2889 2889 2890 2890 2881 2881 2881 2881 2890 2890 2882 2882 2890 2890 2891 2891 2882 2882 2891 2891 2892 2892 2882 2882 2882 2882 2892 2892 2883 2883 2883 2883 2892 2892 2884 2884 2892 2892 2893 2893 2884 2884 2893 2893 2894 2894 2884 2884 2884 2884 2894 2894 2885 2885 2894 2894 2888 2888 2885 2885 2894 2894 2895 2895 2888 2888 2888 2888 2895 2895 2889 2889 2889 2889 2895 2895 2890 2890 2890 2890 2895 2895 2891 2891 2891 2891 2895 2895 2892 2892 2892 2892 2895 2895 2893 2893 2893 2893 2895 2895 2894 2894 2888 2888 2889 2889 2895 2895 2889 2889 2890 2890 2895 2895 2890 2890 2891 2891 2895 2895 2891 2891 2892 2892 2895 2895 2892 2892 2893 2893 2895 2895 2893 2893 2894 2894 2895 2895 2894 2894 2888 2888 2895 2895 2896 2896 2897 2897 2888 2888 2888 2888 2897 2897 2889 2889 2894 2894 2896 2896 2888 2888 2897 2897 2898 2898 2889 2889 2889 2889 2898 2898 2890 2890 2890 2890 2898 2898 2891 2891 2898 2898 2899 2899 2891 2891 2899 2899 2900 2900 2891 2891 2891 2891 2900 2900 2892 2892 2892 2892 2900 2900 2893 2893 2900 2900 2901 2901 2893 2893 2901 2901 2902 2902 2893 2893 2893 2893 2902 2902 2894 2894 2902 2902 2896 2896 2894 2894 2896 2896 2903 2903 2897 2897 2902 2902 2903 2903 2896 2896 2897 2897 2903 2903 2898 2898 2898 2898 2903 2903 2899 2899 2899 2899 2903 2903 2900 2900 2900 2900 2903 2903 2901 2901 2901 2901 2903 2903 2902 2902 2896 2896 2897 2897 2903 2903 2897 2897 2904 2904 2903 2903 2904 2904 2898 2898 2903 2903 2898 2898 2899 2899 2903 2903 2899 2899 2900 2900 2903 2903 2900 2900 2901 2901 2903 2903 2901 2901 2902 2902 2903 2903 2902 2902 2896 2896 2903 2903 2905 2905 2906 2906 2896 2896 2896 2896 2906 2906 2897 2897 2906 2906 2907 2907 2897 2897 2897 2897 2907 2907 2904 2904 2904 2904 2907 2907 2898 2898 2907 2907 2908 2908 2898 2898 2898 2898 2908 2908 2899 2899 2908 2908 2909 2909 2899 2899 2899 2899 2909 2909 2900 2900 2909 2909 2910 2910 2900 2900 2900 2900 2910 2910 2901 2901 2910 2910 2911 2911 2901 2901 2901 2901 2911 2911 2902 2902 2911 2911 2905 2905 2902 2902 2902 2902 2905 2905 2896 2896 2905 2905 2912 2912 2906 2906 2906 2906 2912 2912 2907 2907 2907 2907 2912 2912 2908 2908 2908 2908 2912 2912 2909 2909 2909 2909 2912 2912 2910 2910 2910 2910 2912 2912 2911 2911 2911 2911 2912 2912 2905 2905 2906 2906 2907 2907 2912 2912 2907 2907 2908 2908 2912 2912 2908 2908 2909 2909 2912 2912 2909 2909 2910 2910 2912 2912 2910 2910 2911 2911 2912 2912 2911 2911 2905 2905 2912 2912 2905 2905 2906 2906 2912 2912 2905 2905 2913 2913 2906 2906 2913 2913 2914 2914 2906 2906 2906 2906 2914 2914 2907 2907 2907 2907 2914 2914 2908 2908 2914 2914 2915 2915 2908 2908 2915 2915 2916 2916 2908 2908 2908 2908 2916 2916 2909 2909 2909 2909 2916 2916 2910 2910 2916 2916 2917 2917 2910 2910 2917 2917 2918 2918 2910 2910 2910 2910 2918 2918 2911 2911 2918 2918 2919 2919 2911 2911 2911 2911 2919 2919 2905 2905 2919 2919 2913 2913 2905 2905 2919 2919 2920 2920 2913 2913 2913 2913 2920 2920 2914 2914 2914 2914 2920 2920 2915 2915 2915 2915 2920 2920 2916 2916 2916 2916 2920 2920 2917 2917 2917 2917 2920 2920 2918 2918 2918 2918 2920 2920 2919 2919 2913 2913 2921 2921 2920 2920 2921 2921 2914 2914 2920 2920 2914 2914 2915 2915 2920 2920 2915 2915 2916 2916 2920 2920 2916 2916 2917 2917 2920 2920 2917 2917 2918 2918 2920 2920 2918 2918 2919 2919 2920 2920 2919 2919 2913 2913 2920 2920 2913 2913 2922 2922 2921 2921 2919 2919 2922 2922 2913 2913 2922 2922 2923 2923 2921 2921 2921 2921 2923 2923 2914 2914 2914 2914 2923 2923 2915 2915 2923 2923 2924 2924 2915 2915 2924 2924 2925 2925 2915 2915 2915 2915 2925 2925 2916 2916 2916 2916 2925 2925 2917 2917 2925 2925 2926 2926 2917 2917 2926 2926 2927 2927 2917 2917 2917 2917 2927 2927 2918 2918 2918 2918 2927 2927 2919 2919 2927 2927 2928 2928 2919 2919 2928 2928 2922 2922 2919 2919 2928 2928 2929 2929 2922 2922 2922 2922 2929 2929 2923 2923 2923 2923 2929 2929 2924 2924 2924 2924 2929 2929 2925 2925 2925 2925 2929 2929 2926 2926 2926 2926 2929 2929 2927 2927 2927 2927 2929 2929 2928 2928 2922 2922 2930 2930 2929 2929 2930 2930 2923 2923 2929 2929 2923 2923 2924 2924 2929 2929 2924 2924 2925 2925 2929 2929 2925 2925 2926 2926 2929 2929 2926 2926 2927 2927 2929 2929 2927 2927 2928 2928 2929 2929 2928 2928 2922 2922 2929 2929 2931 2931 2932 2932 2922 2922 2922 2922 2932 2932 2930 2930 2928 2928 2931 2931 2922 2922 2932 2932 2933 2933 2930 2930 2930 2930 2933 2933 2923 2923 2933 2933 2934 2934 2923 2923 2923 2923 2934 2934 2924 2924 2934 2934 2935 2935 2924 2924 2924 2924 2935 2935 2925 2925 2935 2935 2936 2936 2925 2925 2925 2925 2936 2936 2926 2926 2936 2936 2937 2937 2926 2926 2926 2926 2937 2937 2927 2927 2937 2937 2938 2938 2927 2927 2927 2927 2938 2938 2928 2928 2938 2938 2931 2931 2928 2928 2931 2931 2939 2939 2932 2932 2938 2938 2939 2939 2931 2931 2932 2932 2939 2939 2933 2933 2933 2933 2939 2939 2934 2934 2934 2934 2939 2939 2935 2935 2935 2935 2939 2939 2936 2936 2936 2936 2939 2939 2937 2937 2937 2937 2939 2939 2938 2938 2931 2931 2933 2933 2939 2939 2933 2933 2934 2934 2939 2939 2934 2934 2935 2935 2939 2939 2935 2935 2936 2936 2939 2939 2936 2936 2937 2937 2939 2939 2937 2937 2938 2938 2939 2939 2938 2938 2931 2931 2939 2939 2940 2940 2941 2941 2931 2931 2931 2931 2941 2941 2933 2933 2941 2941 2942 2942 2933 2933 2933 2933 2942 2942 2934 2934 2942 2942 2943 2943 2934 2934 2934 2934 2943 2943 2935 2935 2943 2943 2944 2944 2935 2935 2935 2935 2944 2944 2936 2936 2944 2944 2945 2945 2936 2936 2936 2936 2945 2945 2937 2937 2945 2945 2946 2946 2937 2937 2937 2937 2946 2946 2938 2938 2946 2946 2940 2940 2938 2938 2938 2938 2940 2940 2931 2931 2940 2940 2947 2947 2941 2941 2941 2941 2947 2947 2942 2942 2942 2942 2947 2947 2943 2943 2943 2943 2947 2947 2944 2944 2944 2944 2947 2947 2945 2945 2945 2945 2947 2947 2946 2946 2946 2946 2947 2947 2940 2940 2948 2948 2941 2941 2947 2947 2941 2941 2942 2942 2947 2947 2942 2942 2943 2943 2947 2947 2943 2943 2944 2944 2947 2947 2944 2944 2945 2945 2947 2947 2945 2945 2946 2946 2947 2947 2946 2946 2940 2940 2947 2947 2940 2940 2948 2948 2947 2947 2949 2949 2950 2950 2948 2948 2948 2948 2950 2950 2941 2941 2940 2940 2949 2949 2948 2948 2950 2950 2951 2951 2941 2941 2941 2941 2951 2951 2942 2942 2951 2951 2952 2952 2942 2942 2942 2942 2952 2952 2943 2943 2952 2952 2953 2953 2943 2943 2943 2943 2953 2953 2944 2944 2953 2953 2954 2954 2944 2944 2944 2944 2954 2954 2945 2945 2954 2954 2955 2955 2945 2945 2945 2945 2955 2955 2946 2946 2955 2955 2956 2956 2946 2946 2946 2946 2956 2956 2940 2940 2956 2956 2949 2949 2940 2940 2949 2949 2957 2957 2950 2950 2956 2956 2957 2957 2949 2949 2950 2950 2957 2957 2951 2951 2951 2951 2957 2957 2952 2952 2952 2952 2957 2957 2953 2953 2953 2953 2957 2957 2954 2954 2954 2954 2957 2957 2955 2955 2955 2955 2957 2957 2956 2956 2950 2950 2951 2951 2957 2957 2951 2951 2952 2952 2957 2957 2952 2952 2953 2953 2957 2957 2953 2953 2954 2954 2957 2957 2954 2954 2955 2955 2957 2957 2955 2955 2956 2956 2957 2957 2956 2956 2950 2950 2957 2957 2958 2958 2959 2959 2950 2950 2956 2956 2958 2958 2950 2950 2959 2959 2960 2960 2950 2950 2950 2950 2960 2960 2951 2951 2951 2951 2960 2960 2952 2952 2960 2960 2961 2961 2952 2952 2961 2961 2962 2962 2952 2952 2952 2952 2962 2962 2953 2953 2953 2953 2962 2962 2954 2954 2962 2962 2963 2963 2954 2954 2963 2963 2964 2964 2954 2954 2954 2954 2964 2964 2955 2955 2955 2955 2964 2964 2956 2956 2964 2964 2965 2965 2956 2956 2965 2965 2958 2958 2956 2956 2958 2958 2966 2966 2959 2959 2965 2965 2966 2966 2958 2958 2959 2959 2966 2966 2960 2960 2960 2960 2966 2966 2961 2961 2961 2961 2966 2966 2962 2962 2962 2962 2966 2966 2963 2963 2963 2963 2966 2966 2964 2964 2964 2964 2966 2966 2965 2965 2959 2959 2960 2960 2966 2966 2960 2960 2961 2961 2966 2966 2961 2961 2962 2962 2966 2966 2962 2962 2963 2963 2966 2966 2963 2963 2964 2964 2966 2966 2964 2964 2965 2965 2966 2966 2965 2965 2959 2959 2966 2966 2967 2967 2968 2968 2959 2959 2965 2965 2967 2967 2959 2959 2959 2959 2968 2968 2960 2960 2968 2968 2969 2969 2960 2960 2960 2960 2969 2969 2961 2961 2969 2969 2970 2970 2961 2961 2961 2961 2970 2970 2962 2962 2970 2970 2971 2971 2962 2962 2962 2962 2971 2971 2963 2963 2971 2971 2972 2972 2963 2963 2963 2963 2972 2972 2964 2964 2972 2972 2973 2973 2964 2964 2964 2964 2973 2973 2965 2965 2973 2973 2974 2974 2965 2965 2974 2974 2967 2967 2965 2965 2967 2967 2975 2975 2968 2968 2974 2974 2975 2975 2967 2967 2968 2968 2975 2975 2969 2969 2969 2969 2975 2975 2970 2970 2970 2970 2975 2975 2971 2971 2971 2971 2975 2975 2972 2972 2972 2972 2975 2975 2973 2973 2973 2973 2975 2975 2974 2974 2967 2967 2968 2968 2975 2975 2968 2968 2969 2969 2975 2975 2969 2969 2970 2970 2975 2975 2970 2970 2971 2971 2975 2975 2971 2971 2972 2972 2975 2975 2972 2972 2973 2973 2975 2975 2973 2973 2967 2967 2975 2975 2976 2976 2977 2977 2967 2967 2967 2967 2977 2977 2968 2968 2968 2968 2977 2977 2969 2969 2977 2977 2978 2978 2969 2969 2978 2978 2979 2979 2969 2969 2969 2969 2979 2979 2970 2970 2970 2970 2979 2979 2971 2971 2979 2979 2980 2980 2971 2971 2980 2980 2981 2981 2971 2971 2971 2971 2981 2981 2972 2972 2972 2972 2981 2981 2973 2973 2981 2981 2982 2982 2973 2973 2982 2982 2983 2983 2973 2973 2973 2973 2983 2983 2967 2967 2983 2983 2976 2976 2967 2967 2976 2976 2984 2984 2977 2977 2983 2983 2984 2984 2976 2976 2977 2977 2984 2984 2978 2978 2978 2978 2984 2984 2979 2979 2979 2979 2984 2984 2980 2980 2980 2980 2984 2984 2981 2981 2981 2981 2984 2984 2982 2982 2982 2982 2984 2984 2983 2983 2976 2976 2977 2977 2984 2984 2977 2977 2978 2978 2984 2984 2978 2978 2979 2979 2984 2984 2979 2979 2980 2980 2984 2984 2980 2980 2981 2981 2984 2984 2981 2981 2982 2982 2984 2984 2982 2982 2976 2976 2984 2984 2976 2976 2985 2985 2977 2977 2985 2985 2986 2986 2977 2977 2977 2977 2986 2986 2978 2978 2986 2986 2987 2987 2978 2978 2978 2978 2987 2987 2979 2979 2987 2987 2988 2988 2979 2979 2979 2979 2988 2988 2980 2980 2988 2988 2989 2989 2980 2980 2980 2980 2989 2989 2981 2981 2989 2989 2990 2990 2981 2981 2981 2981 2990 2990 2982 2982 2990 2990 2991 2991 2982 2982 2982 2982 2991 2991 2976 2976 2991 2991 2985 2985 2976 2976 2991 2991 2992 2992 2985 2985 2985 2985 2992 2992 2986 2986 2986 2986 2992 2992 2987 2987 2987 2987 2992 2992 2988 2988 2988 2988 2992 2992 2989 2989 2989 2989 2992 2992 2990 2990 2990 2990 2992 2992 2991 2991 2985 2985 2986 2986 2992 2992 2986 2986 2987 2987 2992 2992 2987 2987 2988 2988 2992 2992 2988 2988 2989 2989 2992 2992 2989 2989 2990 2990 2992 2992 2990 2990 2991 2991 2992 2992 2991 2991 2985 2985 2992 2992 2985 2985 2993 2993 2986 2986 2991 2991 2993 2993 2985 2985 2993 2993 2994 2994 2986 2986 2994 2994 2995 2995 2986 2986 2986 2986 2995 2995 2987 2987 2987 2987 2995 2995 2988 2988 2995 2995 2996 2996 2988 2988 2988 2988 2996 2996 2989 2989 2996 2996 2997 2997 2989 2989 2997 2997 2998 2998 2989 2989 2989 2989 2998 2998 2990 2990 2990 2990 2998 2998 2991 2991 2998 2998 2999 2999 2991 2991 2999 2999 2993 2993 2991 2991 2999 2999 3000 3000 2993 2993 2993 2993 3000 3000 2994 2994 2994 2994 3000 3000 2995 2995 2995 2995 3000 3000 2996 2996 2996 2996 3000 3000 2997 2997 2997 2997 3000 3000 2998 2998 2998 2998 3000 3000 2999 2999 2993 2993 2994 2994 3000 3000 2994 2994 2995 2995 3000 3000 2995 2995 2996 2996 3000 3000 2996 2996 2997 2997 3000 3000 2997 2997 2998 2998 3000 3000 2998 2998 2999 2999 3000 3000 2999 2999 2993 2993 3000 3000 3001 3001 3002 3002 2993 2993 2993 2993 3002 3002 2994 2994 2999 2999 3001 3001 2993 2993 3002 3002 3003 3003 2994 2994 2994 2994 3003 3003 2995 2995 3003 3003 3004 3004 2995 2995 2995 2995 3004 3004 2996 2996 3004 3004 3005 3005 2996 2996 2996 2996 3005 3005 2997 2997 3005 3005 3006 3006 2997 2997 3006 3006 3007 3007 2997 2997 2997 2997 3007 3007 2998 2998 2998 2998 3007 3007 2999 2999 3007 3007 3001 3001 2999 2999 3001 3001 3008 3008 3002 3002 3002 3002 3008 3008 3003 3003 3003 3003 3008 3008 3004 3004 3004 3004 3008 3008 3005 3005 3005 3005 3008 3008 3006 3006 3006 3006 3008 3008 3007 3007 3007 3007 3008 3008 3001 3001 3002 3002 3003 3003 3008 3008 3003 3003 3004 3004 3008 3008 3004 3004 3005 3005 3008 3008 3005 3005 3007 3007 3008 3008 3007 3007 3001 3001 3008 3008 3001 3001 3002 3002 3008 3008 3001 3001 3009 3009 3002 3002 3009 3009 3010 3010 3002 3002 3002 3002 3010 3010 3003 3003 3010 3010 3011 3011 3003 3003 3003 3003 3011 3011 3004 3004 3011 3011 3012 3012 3004 3004 3004 3004 3012 3012 3005 3005 3012 3012 3013 3013 3005 3005 3005 3005 3013 3013 3007 3007 3013 3013 3014 3014 3007 3007 3007 3007 3014 3014 3001 3001 3014 3014 3009 3009 3001 3001 3014 3014 3015 3015 3009 3009 3009 3009 3015 3015 3010 3010 3010 3010 3015 3015 3011 3011 3011 3011 3015 3015 3012 3012 3012 3012 3015 3015 3013 3013 3013 3013 3015 3015 3014 3014 3009 3009 3010 3010 3015 3015 3010 3010 3011 3011 3015 3015 3011 3011 3012 3012 3015 3015 3012 3012 3013 3013 3015 3015 3013 3013 3014 3014 3015 3015 3014 3014 3009 3009 3015 3015 3016 3016 3017 3017 3009 3009 3009 3009 3017 3017 3010 3010 3017 3017 3018 3018 3010 3010 3010 3010 3018 3018 3011 3011 3018 3018 3019 3019 3011 3011 3011 3011 3019 3019 3012 3012 3019 3019 3020 3020 3012 3012 3012 3012 3020 3020 3013 3013 3020 3020 3021 3021 3013 3013 3013 3013 3021 3021 3014 3014 3021 3021 3016 3016 3014 3014 3014 3014 3016 3016 3009 3009 3016 3016 3022 3022 3017 3017 3017 3017 3022 3022 3018 3018 3018 3018 3022 3022 3019 3019 3019 3019 3022 3022 3020 3020 3020 3020 3022 3022 3021 3021 3021 3021 3022 3022 3016 3016 3016 3016 3017 3017 3022 3022 3017 3017 3018 3018 3022 3022 3018 3018 3019 3019 3022 3022 3019 3019 3023 3023 3022 3022 3023 3023 3020 3020 3022 3022 3020 3020 3021 3021 3022 3022 3021 3021 3016 3016 3022 3022 3016 3016 3024 3024 3017 3017 3024 3024 3025 3025 3017 3017 3017 3017 3025 3025 3018 3018 3025 3025 3026 3026 3018 3018 3018 3018 3026 3026 3019 3019 3026 3026 3027 3027 3019 3019 3019 3019 3027 3027 3023 3023 3027 3027 3028 3028 3023 3023 3023 3023 3028 3028 3020 3020 3028 3028 3029 3029 3020 3020 3020 3020 3029 3029 3021 3021 3029 3029 3030 3030 3021 3021 3021 3021 3030 3030 3016 3016 3030 3030 3024 3024 3016 3016 3030 3030 3031 3031 3024 3024 3024 3024 3031 3031 3025 3025 3025 3025 3031 3031 3026 3026 3026 3026 3031 3031 3027 3027 3027 3027 3031 3031 3028 3028 3028 3028 3031 3031 3029 3029 3029 3029 3031 3031 3030 3030 3024 3024 3025 3025 3031 3031 3025 3025 3026 3026 3031 3031 3026 3026 3032 3032 3031 3031 3032 3032 3027 3027 3031 3031 3027 3027 3028 3028 3031 3031 3028 3028 3029 3029 3031 3031 3029 3029 3030 3030 3031 3031 3030 3030 3024 3024 3031 3031 3024 3024 3033 3033 3025 3025 3030 3030 3033 3033 3024 3024 3033 3033 3034 3034 3025 3025 3034 3034 3035 3035 3025 3025 3025 3025 3035 3035 3026 3026 3026 3026 3035 3035 3032 3032 3035 3035 3036 3036 3032 3032 3032 3032 3036 3036 3027 3027 3027 3027 3036 3036 3028 3028 3036 3036 3037 3037 3028 3028 3037 3037 3038 3038 3028 3028 3028 3028 3038 3038 3029 3029 3029 3029 3038 3038 3030 3030 3038 3038 3039 3039 3030 3030 3039 3039 3033 3033 3030 3030 3039 3039 3040 3040 3033 3033 3033 3033 3040 3040 3034 3034 3034 3034 3040 3040 3035 3035 3035 3035 3040 3040 3036 3036 3036 3036 3040 3040 3037 3037 3037 3037 3040 3040 3038 3038 3038 3038 3040 3040 3039 3039 3033 3033 3034 3034 3040 3040 3034 3034 3035 3035 3040 3040 3035 3035 3041 3041 3040 3040 3041 3041 3036 3036 3040 3040 3036 3036 3037 3037 3040 3040 3037 3037 3038 3038 3040 3040 3038 3038 3039 3039 3040 3040 3039 3039 3033 3033 3040 3040 3042 3042 3043 3043 3033 3033 3033 3033 3043 3043 3034 3034 3039 3039 3042 3042 3033 3033 3043 3043 3044 3044 3034 3034 3034 3034 3044 3044 3035 3035 3044 3044 3045 3045 3035 3035 3035 3035 3045 3045 3041 3041 3041 3041 3045 3045 3036 3036 3045 3045 3046 3046 3036 3036 3036 3036 3046 3046 3037 3037 3046 3046 3047 3047 3037 3037 3037 3037 3047 3047 3038 3038 3047 3047 3048 3048 3038 3038 3038 3038 3048 3048 3039 3039 3048 3048 3042 3042 3039 3039 3042 3042 3049 3049 3043 3043 3043 3043 3049 3049 3044 3044 3044 3044 3049 3049 3045 3045 3045 3045 3049 3049 3046 3046 3046 3046 3049 3049 3047 3047 3047 3047 3049 3049 3048 3048 3048 3048 3049 3049 3042 3042 3043 3043 3044 3044 3049 3049 3044 3044 3050 3050 3049 3049 3050 3050 3045 3045 3049 3049 3045 3045 3046 3046 3049 3049 3046 3046 3047 3047 3049 3049 3047 3047 3048 3048 3049 3049 3048 3048 3042 3042 3049 3049 3042 3042 3043 3043 3049 3049 3051 3051 3052 3052 3043 3043 3042 3042 3051 3051 3043 3043 3052 3052 3053 3053 3043 3043 3043 3043 3053 3053 3044 3044 3044 3044 3053 3053 3050 3050 3053 3053 3054 3054 3050 3050 3050 3050 3054 3054 3045 3045 3045 3045 3054 3054 3046 3046 3054 3054 3055 3055 3046 3046 3055 3055 3056 3056 3046 3046 3046 3046 3056 3056 3047 3047 3047 3047 3056 3056 3048 3048 3056 3056 3057 3057 3048 3048 3057 3057 3051 3051 3048 3048 3048 3048 3051 3051 3042 3042 3051 3051 3058 3058 3052 3052 3052 3052 3058 3058 3053 3053 3053 3053 3058 3058 3054 3054 3054 3054 3058 3058 3055 3055 3055 3055 3058 3058 3056 3056 3056 3056 3058 3058 3057 3057 3057 3057 3058 3058 3051 3051 3052 3052 3053 3053 3058 3058 3053 3053 3059 3059 3058 3058 3059 3059 3054 3054 3058 3058 3054 3054 3055 3055 3058 3058 3055 3055 3056 3056 3058 3058 3056 3056 3057 3057 3058 3058 3057 3057 3051 3051 3058 3058 3051 3051 3052 3052 3058 3058 3060 3060 3061 3061 3052 3052 3051 3051 3060 3060 3052 3052 3061 3061 3062 3062 3052 3052 3052 3052 3062 3062 3053 3053 3053 3053 3062 3062 3059 3059 3062 3062 3063 3063 3059 3059 3059 3059 3063 3063 3054 3054 3054 3054 3063 3063 3055 3055 3063 3063 3064 3064 3055 3055 3064 3064 3065 3065 3055 3055 3055 3055 3065 3065 3056 3056 3056 3056 3065 3065 3057 3057 3065 3065 3066 3066 3057 3057 3066 3066 3060 3060 3057 3057 3057 3057 3060 3060 3051 3051 3060 3060 3067 3067 3061 3061 3061 3061 3067 3067 3062 3062 3062 3062 3067 3067 3063 3063 3063 3063 3067 3067 3064 3064 3064 3064 3067 3067 3065 3065 3065 3065 3067 3067 3066 3066 3066 3066 3067 3067 3060 3060 3061 3061 3062 3062 3067 3067 3062 3062 3068 3068 3067 3067 3068 3068 3063 3063 3067 3067 3063 3063 3064 3064 3067 3067 3064 3064 3065 3065 3067 3067 3065 3065 3066 3066 3067 3067 3066 3066 3060 3060 3067 3067 3060 3060 3061 3061 3067 3067 3069 3069 3070 3070 3061 3061 3060 3060 3069 3069 3061 3061 3061 3061 3070 3070 3062 3062 3070 3070 3071 3071 3062 3062 3062 3062 3071 3071 3068 3068 3068 3068 3071 3071 3063 3063 3071 3071 3072 3072 3063 3063 3063 3063 3072 3072 3064 3064 3072 3072 3073 3073 3064 3064 3064 3064 3073 3073 3065 3065 3073 3073 3074 3074 3065 3065 3065 3065 3074 3074 3066 3066 3074 3074 3075 3075 3066 3066 3066 3066 3075 3075 3060 3060 3075 3075 3069 3069 3060 3060 3069 3069 3076 3076 3070 3070 3075 3075 3076 3076 3069 3069 3070 3070 3076 3076 3071 3071 3071 3071 3076 3076 3072 3072 3072 3072 3076 3076 3073 3073 3073 3073 3076 3076 3074 3074 3074 3074 3076 3076 3075 3075 3069 3069 3070 3070 3076 3076 3070 3070 3077 3077 3076 3076 3077 3077 3071 3071 3076 3076 3071 3071 3072 3072 3076 3076 3072 3072 3073 3073 3076 3076 3073 3073 3074 3074 3076 3076 3074 3074 3075 3075 3076 3076 3075 3075 3069 3069 3076 3076 3078 3078 3079 3079 3069 3069 3069 3069 3079 3079 3070 3070 3070 3070 3079 3079 3077 3077 3079 3079 3080 3080 3077 3077 3077 3077 3080 3080 3071 3071 3071 3071 3080 3080 3072 3072 3080 3080 3081 3081 3072 3072 3081 3081 3082 3082 3072 3072 3072 3072 3082 3082 3073 3073 3073 3073 3082 3082 3074 3074 3082 3082 3083 3083 3074 3074 3083 3083 3084 3084 3074 3074 3074 3074 3084 3084 3075 3075 3075 3075 3084 3084 3069 3069 3084 3084 3078 3078 3069 3069 3078 3078 3085 3085 3079 3079 3084 3084 3085 3085 3078 3078 3079 3079 3085 3085 3080 3080 3080 3080 3085 3085 3081 3081 3081 3081 3085 3085 3082 3082 3082 3082 3085 3085 3083 3083 3083 3083 3085 3085 3084 3084 3078 3078 3079 3079 3085 3085 3079 3079 3086 3086 3085 3085 3086 3086 3080 3080 3085 3085 3080 3080 3081 3081 3085 3085 3081 3081 3082 3082 3085 3085 3082 3082 3083 3083 3085 3085 3083 3083 3084 3084 3085 3085 3084 3084 3078 3078 3085 3085 3087 3087 3088 3088 3078 3078 3078 3078 3088 3088 3079 3079 3088 3088 3089 3089 3079 3079 3079 3079 3089 3089 3086 3086 3089 3089 3090 3090 3086 3086 3086 3086 3090 3090 3080 3080 3090 3090 3091 3091 3080 3080 3080 3080 3091 3091 3081 3081 3091 3091 3092 3092 3081 3081 3081 3081 3092 3092 3082 3082 3092 3092 3093 3093 3082 3082 3082 3082 3093 3093 3083 3083 3093 3093 3094 3094 3083 3083 3083 3083 3094 3094 3084 3084 3094 3094 3087 3087 3084 3084 3084 3084 3087 3087 3078 3078 3087 3087 3095 3095 3088 3088 3088 3088 3095 3095 3089 3089 3089 3089 3095 3095 3090 3090 3090 3090 3095 3095 3091 3091 3091 3091 3095 3095 3092 3092 3092 3092 3095 3095 3093 3093 3093 3093 3095 3095 3094 3094 3094 3094 3095 3095 3087 3087 3088 3088 3090 3090 3095 3095 3090 3090 3091 3091 3095 3095 3091 3091 3092 3092 3095 3095 3092 3092 3093 3093 3095 3095 3093 3093 3094 3094 3095 3095 3094 3094 3087 3087 3095 3095 3087 3087 3088 3088 3095 3095 3096 3096 3097 3097 3088 3088 3087 3087 3096 3096 3088 3088 3097 3097 3098 3098 3088 3088 3088 3088 3098 3098 3090 3090 3098 3098 3099 3099 3090 3090 3099 3099 3100 3100 3090 3090 3090 3090 3100 3100 3091 3091 3091 3091 3100 3100 3092 3092 3100 3100 3101 3101 3092 3092 3101 3101 3102 3102 3092 3092 3092 3092 3102 3102 3093 3093 3093 3093 3102 3102 3094 3094 3102 3102 3103 3103 3094 3094 3103 3103 3096 3096 3094 3094 3094 3094 3096 3096 3087 3087 3096 3096 3104 3104 3097 3097 3097 3097 3104 3104 3098 3098 3098 3098 3104 3104 3099 3099 3099 3099 3104 3104 3100 3100 3100 3100 3104 3104 3101 3101 3101 3101 3104 3104 3102 3102 3102 3102 3104 3104 3103 3103 3103 3103 3104 3104 3096 3096 3097 3097 3099 3099 3104 3104 3099 3099 3100 3100 3104 3104 3100 3100 3101 3101 3104 3104 3101 3101 3102 3102 3104 3104 3102 3102 3103 3103 3104 3104 3103 3103 3096 3096 3104 3104 3096 3096 3097 3097 3104 3104 3105 3105 3106 3106 3097 3097 3096 3096 3105 3105 3097 3097 3106 3106 3107 3107 3097 3097 3097 3097 3107 3107 3099 3099 3107 3107 3108 3108 3099 3099 3099 3099 3108 3108 3100 3100 3108 3108 3109 3109 3100 3100 3100 3100 3109 3109 3101 3101 3109 3109 3110 3110 3101 3101 3101 3101 3110 3110 3102 3102 3110 3110 3111 3111 3102 3102 3102 3102 3111 3111 3103 3103 3111 3111 3112 3112 3103 3103 3103 3103 3112 3112 3096 3096 3112 3112 3105 3105 3096 3096 3105 3105 3113 3113 3106 3106 3112 3112 3113 3113 3105 3105 3106 3106 3113 3113 3107 3107 3107 3107 3113 3113 3108 3108 3108 3108 3113 3113 3109 3109 3109 3109 3113 3113 3110 3110 3110 3110 3113 3113 3111 3111 3111 3111 3113 3113 3112 3112 3105 3105 3107 3107 3113 3113 3107 3107 3108 3108 3113 3113 3108 3108 3109 3109 3113 3113 3109 3109 3110 3110 3113 3113 3110 3110 3111 3111 3113 3113 3111 3111 3112 3112 3113 3113 3112 3112 3105 3105 3113 3113 3114 3114 3115 3115 3105 3105 3105 3105 3115 3115 3107 3107 3115 3115 3116 3116 3107 3107 3116 3116 3117 3117 3107 3107 3107 3107 3117 3117 3108 3108 3108 3108 3117 3117 3109 3109 3117 3117 3118 3118 3109 3109 3118 3118 3119 3119 3109 3109 3109 3109 3119 3119 3110 3110 3110 3110 3119 3119 3111 3111 3119 3119 3120 3120 3111 3111 3120 3120 3121 3121 3111 3111 3111 3111 3121 3121 3112 3112 3112 3112 3121 3121 3105 3105 3121 3121 3114 3114 3105 3105 3114 3114 3122 3122 3115 3115 3121 3121 3122 3122 3114 3114 3115 3115 3122 3122 3116 3116 3116 3116 3122 3122 3117 3117 3117 3117 3122 3122 3118 3118 3118 3118 3122 3122 3119 3119 3119 3119 3122 3122 3120 3120 3120 3120 3122 3122 3121 3121 3114 3114 3116 3116 3122 3122 3116 3116 3117 3117 3122 3122 3117 3117 3118 3118 3122 3122 3118 3118 3119 3119 3122 3122 3119 3119 3120 3120 3122 3122 3120 3120 3121 3121 3122 3122 3121 3121 3114 3114 3122 3122 3123 3123 3124 3124 3114 3114 3114 3114 3124 3124 3116 3116 3124 3124 3125 3125 3116 3116 3116 3116 3125 3125 3117 3117 3125 3125 3126 3126 3117 3117 3117 3117 3126 3126 3118 3118 3126 3126 3127 3127 3118 3118 3118 3118 3127 3127 3119 3119 3119 3119 3127 3127 3120 3120 3127 3127 3128 3128 3120 3120 3128 3128 3129 3129 3120 3120 3120 3120 3129 3129 3121 3121 3121 3121 3129 3129 3114 3114 3129 3129 3123 3123 3114 3114 3123 3123 3130 3130 3124 3124 3129 3129 3130 3130 3123 3123 3124 3124 3130 3130 3125 3125 3125 3125 3130 3130 3126 3126 3126 3126 3130 3130 3127 3127 3127 3127 3130 3130 3128 3128 3128 3128 3130 3130 3129 3129 3123 3123 3124 3124 3130 3130 3124 3124 3125 3125 3130 3130 3125 3125 3126 3126 3130 3130 3126 3126 3127 3127 3130 3130 3127 3127 3128 3128 3130 3130 3128 3128 3129 3129 3130 3130 3129 3129 3123 3123 3130 3130 3123 3123 3131 3131 3124 3124 3131 3131 3132 3132 3124 3124 3124 3124 3132 3132 3125 3125 3132 3132 3133 3133 3125 3125 3133 3133 3134 3134 3125 3125 3125 3125 3134 3134 3126 3126 3134 3134 3135 3135 3126 3126 3126 3126 3135 3135 3127 3127 3127 3127 3135 3135 3128 3128 3135 3135 3136 3136 3128 3128 3136 3136 3137 3137 3128 3128 3128 3128 3137 3137 3129 3129 3129 3129 3137 3137 3123 3123 3137 3137 3131 3131 3123 3123 3137 3137 3138 3138 3131 3131 3131 3131 3138 3138 3132 3132 3132 3132 3138 3138 3133 3133 3133 3133 3138 3138 3134 3134 3134 3134 3138 3138 3135 3135 3135 3135 3138 3138 3136 3136 3136 3136 3138 3138 3137 3137 3131 3131 3133 3133 3138 3138 3133 3133 3134 3134 3138 3138 3134 3134 3135 3135 3138 3138 3135 3135 3136 3136 3138 3138 3136 3136 3137 3137 3138 3138 3137 3137 3131 3131 3138 3138 3137 3137 3139 3139 3131 3131 3139 3139 3140 3140 3131 3131 3131 3131 3140 3140 3133 3133 3140 3140 3141 3141 3133 3133 3133 3133 3141 3141 3134 3134 3141 3141 3142 3142 3134 3134 3134 3134 3142 3142 3135 3135 3135 3135 3142 3142 3136 3136 3142 3142 3143 3143 3136 3136 3143 3143 3144 3144 3136 3136 3136 3136 3144 3144 3137 3137 3144 3144 3139 3139 3137 3137 3144 3144 3145 3145 3139 3139 3139 3139 3145 3145 3140 3140 3140 3140 3145 3145 3141 3141 3141 3141 3145 3145 3142 3142 3142 3142 3145 3145 3143 3143 3143 3143 3145 3145 3144 3144 3139 3139 3140 3140 3145 3145 3140 3140 3141 3141 3145 3145 3141 3141 3142 3142 3145 3145 3142 3142 3143 3143 3145 3145 3143 3143 3144 3144 3145 3145 3144 3144 3139 3139 3145 3145 3146 3146 3147 3147 3139 3139 3144 3144 3146 3146 3139 3139 3139 3139 3147 3147 3140 3140 3147 3147 3148 3148 3140 3140 3140 3140 3148 3148 3141 3141 3148 3148 3149 3149 3141 3141 3141 3141 3149 3149 3142 3142 3149 3149 3150 3150 3142 3142 3142 3142 3150 3150 3143 3143 3150 3150 3151 3151 3143 3143 3143 3143 3151 3151 3144 3144 3151 3151 3146 3146 3144 3144 3146 3146 3152 3152 3147 3147 3147 3147 3152 3152 3148 3148 3148 3148 3152 3152 3149 3149 3149 3149 3152 3152 3150 3150 3150 3150 3152 3152 3151 3151 3151 3151 3152 3152 3146 3146 3146 3146 3147 3147 3152 3152 3147 3147 3148 3148 3152 3152 3148 3148 3149 3149 3152 3152 3149 3149 3150 3150 3152 3152 3150 3150 3151 3151 3152 3152 3151 3151 3146 3146 3152 3152 3146 3146 3153 3153 3147 3147 3153 3153 3154 3154 3147 3147 3147 3147 3154 3154 3148 3148 3154 3154 3155 3155 3148 3148 3148 3148 3155 3155 3149 3149 3155 3155 3156 3156 3149 3149 3149 3149 3156 3156 3150 3150 3156 3156 3157 3157 3150 3150 3150 3150 3157 3157 3151 3151 3157 3157 3158 3158 3151 3151 3151 3151 3158 3158 3146 3146 3158 3158 3153 3153 3146 3146 3158 3158 3159 3159 3153 3153 3153 3153 3159 3159 3154 3154 3154 3154 3159 3159 3155 3155 3155 3155 3159 3159 3156 3156 3156 3156 3159 3159 3157 3157 3157 3157 3159 3159 3158 3158 3153 3153 3160 3160 3159 3159 3160 3160 3154 3154 3159 3159 3154 3154 3155 3155 3159 3159 3155 3155 3156 3156 3159 3159 3156 3156 3157 3157 3159 3159 3157 3157 3158 3158 3159 3159 3158 3158 3153 3153 3159 3159 3153 3153 3161 3161 3160 3160 3158 3158 3161 3161 3153 3153 3161 3161 3162 3162 3160 3160 3160 3160 3162 3162 3154 3154 3162 3162 3163 3163 3154 3154 3154 3154 3163 3163 3155 3155 3163 3163 3164 3164 3155 3155 3164 3164 3165 3165 3155 3155 3155 3155 3165 3165 3156 3156 3156 3156 3165 3165 3157 3157 3165 3165 3166 3166 3157 3157 3166 3166 3167 3167 3157 3157 3157 3157 3167 3167 3158 3158 3167 3167 3161 3161 3158 3158 3167 3167 3168 3168 3161 3161 3161 3161 3168 3168 3162 3162 3162 3162 3168 3168 3163 3163 3163 3163 3168 3168 3164 3164 3164 3164 3168 3168 3165 3165 3165 3165 3168 3168 3166 3166 3166 3166 3168 3168 3167 3167 3161 3161 3162 3162 3168 3168 3162 3162 3163 3163 3168 3168 3163 3163 3164 3164 3168 3168 3164 3164 3165 3165 3168 3168 3165 3165 3166 3166 3168 3168 3166 3166 3167 3167 3168 3168 3167 3167 3161 3161 3168 3168 3169 3169 3170 3170 3161 3161 3161 3161 3170 3170 3162 3162 3167 3167 3169 3169 3161 3161 3170 3170 3171 3171 3162 3162 3162 3162 3171 3171 3163 3163 3163 3163 3171 3171 3164 3164 3171 3171 3172 3172 3164 3164 3172 3172 3173 3173 3164 3164 3164 3164 3173 3173 3165 3165 3165 3165 3173 3173 3166 3166 3173 3173 3174 3174 3166 3166 3174 3174 3175 3175 3166 3166 3166 3166 3175 3175 3167 3167 3175 3175 3169 3169 3167 3167 3169 3169 3176 3176 3170 3170 3175 3175 3176 3176 3169 3169 3170 3170 3176 3176 3171 3171 3171 3171 3176 3176 3172 3172 3172 3172 3176 3176 3173 3173 3173 3173 3176 3176 3174 3174 3174 3174 3176 3176 3175 3175 3169 3169 3170 3170 3176 3176 3170 3170 3177 3177 3176 3176 3177 3177 3171 3171 3176 3176 3171 3171 3172 3172 3176 3176 3172 3172 3173 3173 3176 3176 3173 3173 3174 3174 3176 3176 3174 3174 3175 3175 3176 3176 3175 3175 3169 3169 3176 3176 3169 3169 3178 3178 3170 3170 3178 3178 3179 3179 3170 3170 3170 3170 3179 3179 3177 3177 3177 3177 3179 3179 3171 3171 3179 3179 3180 3180 3171 3171 3171 3171 3180 3180 3172 3172 3180 3180 3181 3181 3172 3172 3172 3172 3181 3181 3173 3173 3181 3181 3182 3182 3173 3173 3173 3173 3182 3182 3174 3174 3182 3182 3183 3183 3174 3174 3174 3174 3183 3183 3175 3175 3183 3183 3184 3184 3175 3175 3175 3175 3184 3184 3169 3169 3184 3184 3178 3178 3169 3169 3184 3184 3185 3185 3178 3178 3178 3178 3185 3185 3179 3179 3179 3179 3185 3185 3180 3180 3180 3180 3185 3185 3181 3181 3181 3181 3185 3185 3182 3182 3182 3182 3185 3185 3183 3183 3183 3183 3185 3185 3184 3184 3178 3178 3186 3186 3185 3185 3186 3186 3179 3179 3185 3185 3179 3179 3180 3180 3185 3185 3180 3180 3181 3181 3185 3185 3181 3181 3182 3182 3185 3185 3182 3182 3183 3183 3185 3185 3183 3183 3184 3184 3185 3185 3184 3184 3178 3178 3185 3185 3178 3178 3187 3187 3186 3186 3184 3184 3187 3187 3178 3178 3187 3187 3188 3188 3186 3186 3186 3186 3188 3188 3179 3179 3179 3179 3188 3188 3180 3180 3188 3188 3189 3189 3180 3180 3189 3189 3190 3190 3180 3180 3180 3180 3190 3190 3181 3181 3181 3181 3190 3190 3182 3182 3190 3190 3191 3191 3182 3182 3191 3191 3192 3192 3182 3182 3182 3182 3192 3192 3183 3183 3183 3183 3192 3192 3184 3184 3192 3192 3193 3193 3184 3184 3193 3193 3187 3187 3184 3184 3193 3193 3194 3194 3187 3187 3187 3187 3194 3194 3188 3188 3188 3188 3194 3194 3189 3189 3189 3189 3194 3194 3190 3190 3190 3190 3194 3194 3191 3191 3191 3191 3194 3194 3192 3192 3192 3192 3194 3194 3193 3193 3187 3187 3195 3195 3194 3194 3195 3195 3188 3188 3194 3194 3188 3188 3189 3189 3194 3194 3189 3189 3190 3190 3194 3194 3190 3190 3191 3191 3194 3194 3191 3191 3192 3192 3194 3194 3192 3192 3193 3193 3194 3194 3193 3193 3187 3187 3194 3194 3187 3187 3196 3196 3195 3195 3193 3193 3196 3196 3187 3187 3196 3196 3197 3197 3195 3195 3195 3195 3197 3197 3188 3188 3188 3188 3197 3197 3189 3189 3197 3197 3198 3198 3189 3189 3198 3198 3199 3199 3189 3189 3189 3189 3199 3199 3190 3190 3190 3190 3199 3199 3191 3191 3199 3199 3200 3200 3191 3191 3200 3200 3201 3201 3191 3191 3191 3191 3201 3201 3192 3192 3192 3192 3201 3201 3193 3193 3201 3201 3202 3202 3193 3193 3202 3202 3196 3196 3193 3193 3202 3202 3203 3203 3196 3196 3196 3196 3203 3203 3197 3197 3197 3197 3203 3203 3198 3198 3198 3198 3203 3203 3199 3199 3199 3199 3203 3203 3200 3200 3200 3200 3203 3203 3201 3201 3201 3201 3203 3203 3202 3202 3196 3196 3204 3204 3203 3203 3204 3204 3197 3197 3203 3203 3197 3197 3198 3198 3203 3203 3198 3198 3199 3199 3203 3203 3199 3199 3200 3200 3203 3203 3200 3200 3201 3201 3203 3203 3201 3201 3202 3202 3203 3203 3202 3202 3196 3196 3203 3203 3205 3205 3206 3206 3196 3196 3196 3196 3206 3206 3204 3204 3202 3202 3205 3205 3196 3196 3206 3206 3207 3207 3204 3204 3204 3204 3207 3207 3197 3197 3207 3207 3208 3208 3197 3197 3197 3197 3208 3208 3198 3198 3208 3208 3209 3209 3198 3198 3198 3198 3209 3209 3199 3199 3209 3209 3210 3210 3199 3199 3199 3199 3210 3210 3200 3200 3210 3210 3211 3211 3200 3200 3200 3200 3211 3211 3201 3201 3211 3211 3212 3212 3201 3201 3201 3201 3212 3212 3202 3202 3212 3212 3205 3205 3202 3202 3205 3205 3213 3213 3206 3206 3212 3212 3213 3213 3205 3205 3206 3206 3213 3213 3207 3207 3207 3207 3213 3213 3208 3208 3208 3208 3213 3213 3209 3209 3209 3209 3213 3213 3210 3210 3210 3210 3213 3213 3211 3211 3211 3211 3213 3213 3212 3212 3205 3205 3207 3207 3213 3213 3207 3207 3208 3208 3213 3213 3208 3208 3209 3209 3213 3213 3209 3209 3210 3210 3213 3213 3210 3210 3211 3211 3213 3213 3211 3211 3212 3212 3213 3213 3212 3212 3205 3205 3213 3213 3214 3214 3215 3215 3205 3205 3205 3205 3215 3215 3207 3207 3215 3215 3216 3216 3207 3207 3207 3207 3216 3216 3208 3208 3216 3216 3217 3217 3208 3208 3208 3208 3217 3217 3209 3209 3217 3217 3218 3218 3209 3209 3209 3209 3218 3218 3210 3210 3218 3218 3219 3219 3210 3210 3210 3210 3219 3219 3211 3211 3219 3219 3220 3220 3211 3211 3211 3211 3220 3220 3212 3212 3220 3220 3214 3214 3212 3212 3212 3212 3214 3214 3205 3205 3214 3214 3221 3221 3215 3215 3215 3215 3221 3221 3216 3216 3216 3216 3221 3221 3217 3217 3217 3217 3221 3221 3218 3218 3218 3218 3221 3221 3219 3219 3219 3219 3221 3221 3220 3220 3220 3220 3221 3221 3214 3214 3222 3222 3215 3215 3221 3221 3215 3215 3216 3216 3221 3221 3216 3216 3217 3217 3221 3221 3217 3217 3218 3218 3221 3221 3218 3218 3219 3219 3221 3221 3219 3219 3220 3220 3221 3221 3220 3220 3214 3214 3221 3221 3214 3214 3222 3222 3221 3221 3223 3223 3224 3224 3222 3222 3222 3222 3224 3224 3215 3215 3214 3214 3223 3223 3222 3222 3224 3224 3225 3225 3215 3215 3215 3215 3225 3225 3216 3216 3225 3225 3226 3226 3216 3216 3216 3216 3226 3226 3217 3217 3226 3226 3227 3227 3217 3217 3217 3217 3227 3227 3218 3218 3227 3227 3228 3228 3218 3218 3218 3218 3228 3228 3219 3219 3228 3228 3229 3229 3219 3219 3219 3219 3229 3229 3220 3220 3229 3229 3230 3230 3220 3220 3220 3220 3230 3230 3214 3214 3230 3230 3223 3223 3214 3214 3223 3223 3231 3231 3224 3224 3230 3230 3231 3231 3223 3223 3224 3224 3231 3231 3225 3225 3225 3225 3231 3231 3226 3226 3226 3226 3231 3231 3227 3227 3227 3227 3231 3231 3228 3228 3228 3228 3231 3231 3229 3229 3229 3229 3231 3231 3230 3230 3224 3224 3225 3225 3231 3231 3225 3225 3226 3226 3231 3231 3226 3226 3227 3227 3231 3231 3227 3227 3228 3228 3231 3231 3228 3228 3229 3229 3231 3231 3229 3229 3230 3230 3231 3231 3230 3230 3224 3224 3231 3231 3232 3232 3233 3233 3224 3224 3230 3230 3232 3232 3224 3224 3233 3233 3234 3234 3224 3224 3224 3224 3234 3234 3225 3225 3225 3225 3234 3234 3226 3226 3234 3234 3235 3235 3226 3226 3235 3235 3236 3236 3226 3226 3226 3226 3236 3236 3227 3227 3227 3227 3236 3236 3228 3228 3236 3236 3237 3237 3228 3228 3237 3237 3238 3238 3228 3228 3228 3228 3238 3238 3229 3229 3229 3229 3238 3238 3230 3230 3238 3238 3239 3239 3230 3230 3239 3239 3232 3232 3230 3230 3232 3232 3240 3240 3233 3233 3239 3239 3240 3240 3232 3232 3233 3233 3240 3240 3234 3234 3234 3234 3240 3240 3235 3235 3235 3235 3240 3240 3236 3236 3236 3236 3240 3240 3237 3237 3237 3237 3240 3240 3238 3238 3238 3238 3240 3240 3239 3239 3233 3233 3234 3234 3240 3240 3234 3234 3235 3235 3240 3240 3235 3235 3236 3236 3240 3240 3236 3236 3237 3237 3240 3240 3237 3237 3238 3238 3240 3240 3238 3238 3239 3239 3240 3240 3239 3239 3233 3233 3240 3240 3239 3239 3241 3241 3233 3233 3241 3241 3242 3242 3233 3233 3233 3233 3242 3242 3234 3234 3234 3234 3242 3242 3235 3235 3242 3242 3243 3243 3235 3235 3235 3235 3243 3243 3236 3236 3243 3243 3244 3244 3236 3236 3236 3236 3244 3244 3237 3237 3244 3244 3245 3245 3237 3237 3237 3237 3245 3245 3238 3238 3238 3238 3245 3245 3239 3239 3245 3245 3246 3246 3239 3239 3246 3246 3241 3241 3239 3239 3246 3246 3247 3247 3241 3241 3241 3241 3247 3247 3242 3242 3242 3242 3247 3247 3243 3243 3243 3243 3247 3247 3244 3244 3244 3244 3247 3247 3245 3245 3245 3245 3247 3247 3246 3246 3248 3248 3248 3248 3248 3248 3248 3248 3249 3249 3250 3250 3251 3251 3248 3248 3250 3250 3250 3250 3249 3249 3252 3252 3252 3252 3251 3251 3250 3250 3248 3248 3253 3253 3249 3249 3254 3254 3248 3248 3251 3251 3254 3254 3253 3253 3248 3248 3249 3249 3253 3253 3252 3252 3255 3255 3251 3251 3252 3252 3255 3255 3254 3254 3251 3251 3252 3252 3253 3253 3255 3255 3253 3253 3254 3254 3255 3255 3256 3256 3256 3256 3256 3256 3256 3256 3257 3257 3258 3258 3256 3256 3258 3258 3259 3259 3259 3259 3258 3258 3260 3260 3258 3258 3257 3257 3261 3261 3258 3258 3261 3261 3260 3260 3262 3262 3257 3257 3256 3256 3262 3262 3256 3256 3263 3263 3263 3263 3256 3256 3259 3259 3264 3264 3257 3257 3265 3265 3265 3265 3257 3257 3266 3266 3266 3266 3257 3257 3267 3267 3267 3267 3257 3257 3268 3268 3268 3268 3257 3257 3269 3269 3269 3269 3257 3257 3270 3270 3270 3270 3257 3257 3271 3271 3271 3271 3257 3257 3272 3272 3272 3272 3257 3257 3273 3273 3273 3273 3257 3257 3274 3274 3274 3274 3257 3257 3275 3275 3275 3275 3257 3257 3276 3276 3276 3276 3257 3257 3277 3277 3277 3277 3257 3257 3262 3262 3261 3261 3257 3257 3278 3278 3278 3278 3257 3257 3279 3279 3279 3279 3257 3257 3280 3280 3280 3280 3257 3257 3281 3281 3281 3281 3257 3257 3282 3282 3282 3282 3257 3257 3283 3283 3283 3283 3257 3257 3284 3284 3284 3284 3257 3257 3285 3285 3285 3285 3257 3257 3286 3286 3286 3286 3257 3257 3287 3287 3287 3287 3257 3257 3288 3288 3288 3288 3257 3257 3289 3289 3289 3289 3257 3257 3290 3290 3290 3290 3257 3257 3291 3291 3291 3291 3257 3257 3264 3264 3263 3263 3259 3259 3292 3292 3259 3259 3260 3260 3292 3292 3260 3260 3261 3261 3293 3293 3260 3260 3293 3293 3292 3292 3261 3261 3278 3278 3293 3293 3277 3277 3262 3262 3294 3294 3294 3294 3262 3262 3263 3263 3294 3294 3263 3263 3292 3292 3264 3264 3265 3265 3295 3295 3291 3291 3264 3264 3296 3296 3296 3296 3264 3264 3295 3295 3295 3295 3265 3265 3297 3297 3265 3265 3266 3266 3297 3297 3297 3297 3266 3266 3298 3298 3266 3266 3267 3267 3298 3298 3298 3298 3267 3267 3299 3299 3267 3267 3268 3268 3299 3299 3299 3299 3268 3268 3300 3300 3268 3268 3269 3269 3300 3300 3300 3300 3269 3269 3301 3301 3269 3269 3270 3270 3301 3301 3301 3301 3270 3270 3302 3302 3270 3270 3271 3271 3302 3302 3302 3302 3271 3271 3303 3303 3271 3271 3272 3272 3303 3303 3303 3303 3272 3272 3304 3304 3272 3272 3273 3273 3304 3304 3304 3304 3273 3273 3305 3305 3273 3273 3274 3274 3305 3305 3305 3305 3274 3274 3306 3306 3274 3274 3275 3275 3306 3306 3306 3306 3275 3275 3307 3307 3275 3275 3276 3276 3307 3307 3307 3307 3276 3276 3308 3308 3276 3276 3277 3277 3308 3308 3308 3308 3277 3277 3294 3294 3293 3293 3278 3278 3309 3309 3278 3278 3279 3279 3309 3309 3309 3309 3279 3279 3310 3310 3279 3279 3280 3280 3310 3310 3310 3310 3280 3280 3311 3311 3280 3280 3281 3281 3311 3311 3311 3311 3281 3281 3312 3312 3281 3281 3282 3282 3312 3312 3312 3312 3282 3282 3313 3313 3282 3282 3283 3283 3313 3313 3313 3313 3283 3283 3314 3314 3283 3283 3284 3284 3314 3314 3314 3314 3284 3284 3315 3315 3284 3284 3285 3285 3315 3315 3315 3315 3285 3285 3316 3316 3285 3285 3286 3286 3316 3316 3316 3316 3286 3286 3317 3317 3286 3286 3287 3287 3317 3317 3317 3317 3287 3287 3318 3318 3287 3287 3288 3288 3318 3318 3318 3318 3288 3288 3319 3319 3288 3288 3289 3289 3319 3319 3319 3319 3289 3289 3320 3320 3289 3289 3290 3290 3320 3320 3320 3320 3290 3290 3321 3321 3290 3290 3291 3291 3321 3321 3321 3321 3291 3291 3296 3296 3295 3295 3297 3297 3292 3292 3297 3297 3298 3298 3292 3292 3298 3298 3299 3299 3292 3292 3299 3299 3300 3300 3292 3292 3300 3300 3301 3301 3292 3292 3301 3301 3302 3302 3292 3292 3302 3302 3303 3303 3292 3292 3303 3303 3304 3304 3292 3292 3304 3304 3305 3305 3292 3292 3305 3305 3306 3306 3292 3292 3306 3306 3307 3307 3292 3292 3307 3307 3308 3308 3292 3292 3308 3308 3294 3294 3292 3292 3293 3293 3309 3309 3292 3292 3309 3309 3310 3310 3292 3292 3310 3310 3311 3311 3292 3292 3311 3311 3312 3312 3292 3292 3312 3312 3313 3313 3292 3292 3313 3313 3314 3314 3292 3292 3314 3314 3315 3315 3292 3292 3315 3315 3316 3316 3292 3292 3316 3316 3317 3317 3292 3292 3317 3317 3318 3318 3292 3292 3318 3318 3319 3319 3292 3292 3319 3319 3320 3320 3292 3292 3320 3320 3321 3321 3292 3292 3321 3321 3296 3296 3292 3292 3296 3296 3295 3295 3292 3292 3322 3322 3322 3322 3322 3322 3322 3322 3323 3323 3324 3324 3322 3322 3324 3324 3325 3325 3325 3325 3324 3324 3326 3326 3324 3324 3323 3323 3327 3327 3324 3324 3327 3327 3326 3326 3328 3328 3323 3323 3322 3322 3328 3328 3322 3322 3329 3329 3329 3329 3322 3322 3325 3325 3330 3330 3323 3323 3331 3331 3331 3331 3323 3323 3332 3332 3332 3332 3323 3323 3333 3333 3333 3333 3323 3323 3334 3334 3334 3334 3323 3323 3335 3335 3335 3335 3323 3323 3336 3336 3336 3336 3323 3323 3337 3337 3337 3337 3323 3323 3338 3338 3338 3338 3323 3323 3339 3339 3339 3339 3323 3323 3340 3340 3340 3340 3323 3323 3341 3341 3341 3341 3323 3323 3342 3342 3342 3342 3323 3323 3343 3343 3343 3343 3323 3323 3344 3344 3344 3344 3323 3323 3345 3345 3345 3345 3323 3323 3346 3346 3346 3346 3323 3323 3347 3347 3347 3347 3323 3323 3348 3348 3348 3348 3323 3323 3349 3349 3349 3349 3323 3323 3350 3350 3350 3350 3323 3323 3351 3351 3351 3351 3323 3323 3328 3328 3327 3327 3323 3323 3352 3352 3352 3352 3323 3323 3353 3353 3353 3353 3323 3323 3354 3354 3354 3354 3323 3323 3355 3355 3355 3355 3323 3323 3356 3356 3356 3356 3323 3323 3357 3357 3357 3357 3323 3323 3330 3330 3329 3329 3325 3325 3358 3358 3325 3325 3326 3326 3358 3358 3326 3326 3327 3327 3359 3359 3326 3326 3359 3359 3358 3358 3327 3327 3352 3352 3359 3359 3351 3351 3328 3328 3360 3360 3360 3360 3328 3328 3329 3329 3360 3360 3329 3329 3358 3358 3330 3330 3331 3331 3361 3361 3357 3357 3330 3330 3362 3362 3362 3362 3330 3330 3361 3361 3361 3361 3331 3331 3363 3363 3331 3331 3332 3332 3363 3363 3363 3363 3332 3332 3364 3364 3332 3332 3333 3333 3364 3364 3364 3364 3333 3333 3365 3365 3333 3333 3334 3334 3365 3365 3365 3365 3334 3334 3366 3366 3334 3334 3335 3335 3366 3366 3366 3366 3335 3335 3367 3367 3335 3335 3336 3336 3367 3367 3367 3367 3336 3336 3368 3368 3336 3336 3337 3337 3368 3368 3368 3368 3337 3337 3369 3369 3337 3337 3338 3338 3369 3369 3369 3369 3338 3338 3370 3370 3338 3338 3339 3339 3370 3370 3370 3370 3339 3339 3371 3371 3339 3339 3340 3340 3371 3371 3371 3371 3340 3340 3372 3372 3340 3340 3341 3341 3372 3372 3372 3372 3341 3341 3373 3373 3341 3341 3342 3342 3373 3373 3373 3373 3342 3342 3374 3374 3342 3342 3343 3343 3374 3374 3374 3374 3343 3343 3375 3375 3343 3343 3344 3344 3375 3375 3375 3375 3344 3344 3376 3376 3344 3344 3345 3345 3376 3376 3376 3376 3345 3345 3377 3377 3345 3345 3346 3346 3377 3377 3377 3377 3346 3346 3378 3378 3346 3346 3347 3347 3378 3378 3378 3378 3347 3347 3379 3379 3347 3347 3348 3348 3379 3379 3379 3379 3348 3348 3380 3380 3348 3348 3349 3349 3380 3380 3380 3380 3349 3349 3381 3381 3349 3349 3350 3350 3381 3381 3381 3381 3350 3350 3382 3382 3350 3350 3351 3351 3382 3382 3382 3382 3351 3351 3360 3360 3359 3359 3352 3352 3383 3383 3352 3352 3353 3353 3383 3383 3383 3383 3353 3353 3384 3384 3353 3353 3354 3354 3384 3384 3384 3384 3354 3354 3385 3385 3354 3354 3355 3355 3385 3385 3385 3385 3355 3355 3386 3386 3355 3355 3356 3356 3386 3386 3386 3386 3356 3356 3387 3387 3356 3356 3357 3357 3387 3387 3387 3387 3357 3357 3362 3362 3361 3361 3363 3363 3358 3358 3363 3363 3364 3364 3358 3358 3364 3364 3365 3365 3358 3358 3365 3365 3366 3366 3358 3358 3366 3366 3367 3367 3358 3358 3367 3367 3368 3368 3358 3358 3368 3368 3369 3369 3358 3358 3369 3369 3370 3370 3358 3358 3370 3370 3371 3371 3358 3358 3371 3371 3372 3372 3358 3358 3372 3372 3373 3373 3358 3358 3373 3373 3374 3374 3358 3358 3374 3374 3375 3375 3358 3358 3375 3375 3376 3376 3358 3358 3376 3376 3377 3377 3358 3358 3377 3377 3378 3378 3358 3358 3378 3378 3379 3379 3358 3358 3379 3379 3380 3380 3358 3358 3380 3380 3381 3381 3358 3358 3381 3381 3382 3382 3358 3358 3382 3382 3360 3360 3358 3358 3359 3359 3383 3383 3358 3358 3383 3383 3384 3384 3358 3358 3384 3384 3385 3385 3358 3358 3385 3385 3386 3386 3358 3358 3386 3386 3387 3387 3358 3358 3387 3387 3362 3362 3358 3358 3362 3362 3361 3361 3358 3358 3388 3388 3388 3388 3388 3388 3388 3388 3389 3389 3390 3390 3388 3388 3390 3390 3391 3391 3391 3391 3390 3390 3392 3392 3390 3390 3389 3389 3393 3393 3390 3390 3393 3393 3392 3392 3394 3394 3389 3389 3388 3388 3394 3394 3388 3388 3395 3395 3395 3395 3388 3388 3391 3391 3396 3396 3389 3389 3397 3397 3397 3397 3389 3389 3398 3398 3398 3398 3389 3389 3399 3399 3399 3399 3389 3389 3400 3400 3400 3400 3389 3389 3401 3401 3401 3401 3389 3389 3402 3402 3402 3402 3389 3389 3403 3403 3403 3403 3389 3389 3404 3404 3404 3404 3389 3389 3405 3405 3405 3405 3389 3389 3406 3406 3406 3406 3389 3389 3407 3407 3407 3407 3389 3389 3408 3408 3408 3408 3389 3389 3409 3409 3409 3409 3389 3389 3394 3394 3393 3393 3389 3389 3410 3410 3410 3410 3389 3389 3411 3411 3411 3411 3389 3389 3412 3412 3412 3412 3389 3389 3413 3413 3413 3413 3389 3389 3414 3414 3414 3414 3389 3389 3415 3415 3415 3415 3389 3389 3416 3416 3416 3416 3389 3389 3417 3417 3417 3417 3389 3389 3418 3418 3418 3418 3389 3389 3419 3419 3419 3419 3389 3389 3420 3420 3420 3420 3389 3389 3421 3421 3421 3421 3389 3389 3422 3422 3422 3422 3389 3389 3423 3423 3423 3423 3389 3389 3396 3396 3395 3395 3391 3391 3424 3424 3391 3391 3392 3392 3424 3424 3392 3392 3393 3393 3425 3425 3392 3392 3425 3425 3424 3424 3393 3393 3410 3410 3425 3425 3409 3409 3394 3394 3426 3426 3426 3426 3394 3394 3395 3395 3426 3426 3395 3395 3424 3424 3396 3396 3397 3397 3427 3427 3423 3423 3396 3396 3428 3428 3428 3428 3396 3396 3427 3427 3427 3427 3397 3397 3429 3429 3397 3397 3398 3398 3429 3429 3429 3429 3398 3398 3430 3430 3398 3398 3399 3399 3430 3430 3430 3430 3399 3399 3431 3431 3399 3399 3400 3400 3431 3431 3431 3431 3400 3400 3432 3432 3400 3400 3401 3401 3432 3432 3432 3432 3401 3401 3433 3433 3401 3401 3402 3402 3433 3433 3433 3433 3402 3402 3434 3434 3402 3402 3403 3403 3434 3434 3434 3434 3403 3403 3435 3435 3403 3403 3404 3404 3435 3435 3435 3435 3404 3404 3436 3436 3404 3404 3405 3405 3436 3436 3436 3436 3405 3405 3437 3437 3405 3405 3406 3406 3437 3437 3437 3437 3406 3406 3438 3438 3406 3406 3407 3407 3438 3438 3438 3438 3407 3407 3439 3439 3407 3407 3408 3408 3439 3439 3439 3439 3408 3408 3440 3440 3408 3408 3409 3409 3440 3440 3440 3440 3409 3409 3426 3426 3425 3425 3410 3410 3441 3441 3410 3410 3411 3411 3441 3441 3441 3441 3411 3411 3442 3442 3411 3411 3412 3412 3442 3442 3442 3442 3412 3412 3443 3443 3412 3412 3413 3413 3443 3443 3443 3443 3413 3413 3444 3444 3413 3413 3414 3414 3444 3444 3444 3444 3414 3414 3445 3445 3414 3414 3415 3415 3445 3445 3445 3445 3415 3415 3446 3446 3415 3415 3416 3416 3446 3446 3446 3446 3416 3416 3447 3447 3416 3416 3417 3417 3447 3447 3447 3447 3417 3417 3448 3448 3417 3417 3418 3418 3448 3448 3448 3448 3418 3418 3449 3449 3418 3418 3419 3419 3449 3449 3449 3449 3419 3419 3450 3450 3419 3419 3420 3420 3450 3450 3450 3450 3420 3420 3451 3451 3420 3420 3421 3421 3451 3451 3451 3451 3421 3421 3452 3452 3421 3421 3422 3422 3452 3452 3452 3452 3422 3422 3453 3453 3422 3422 3423 3423 3453 3453 3453 3453 3423 3423 3428 3428 3427 3427 3429 3429 3424 3424 3429 3429 3430 3430 3424 3424 3430 3430 3431 3431 3424 3424 3431 3431 3432 3432 3424 3424 3432 3432 3433 3433 3424 3424 3433 3433 3434 3434 3424 3424 3434 3434 3435 3435 3424 3424 3435 3435 3436 3436 3424 3424 3436 3436 3437 3437 3424 3424 3437 3437 3438 3438 3424 3424 3438 3438 3439 3439 3424 3424 3439 3439 3440 3440 3424 3424 3440 3440 3426 3426 3424 3424 3425 3425 3441 3441 3424 3424 3441 3441 3442 3442 3424 3424 3442 3442 3443 3443 3424 3424 3443 3443 3444 3444 3424 3424 3444 3444 3445 3445 3424 3424 3445 3445 3446 3446 3424 3424 3446 3446 3447 3447 3424 3424 3447 3447 3448 3448 3424 3424 3448 3448 3449 3449 3424 3424 3449 3449 3450 3450 3424 3424 3450 3450 3451 3451 3424 3424 3451 3451 3452 3452 3424 3424 3452 3452 3453 3453 3424 3424 3453 3453 3428 3428 3424 3424 3428 3428 3427 3427 3424 3424 3454 3454 3454 3454 3454 3454 3454 3454 3455 3455 3456 3456 3454 3454 3456 3456 3457 3457 3457 3457 3456 3456 3458 3458 3456 3456 3455 3455 3459 3459 3456 3456 3459 3459 3458 3458 3460 3460 3455 3455 3454 3454 3460 3460 3454 3454 3461 3461 3461 3461 3454 3454 3457 3457 3462 3462 3455 3455 3463 3463 3463 3463 3455 3455 3464 3464 3464 3464 3455 3455 3465 3465 3465 3465 3455 3455 3466 3466 3466 3466 3455 3455 3467 3467 3467 3467 3455 3455 3468 3468 3468 3468 3455 3455 3469 3469 3469 3469 3455 3455 3470 3470 3470 3470 3455 3455 3471 3471 3471 3471 3455 3455 3472 3472 3472 3472 3455 3455 3473 3473 3473 3473 3455 3455 3474 3474 3474 3474 3455 3455 3475 3475 3475 3475 3455 3455 3460 3460 3459 3459 3455 3455 3476 3476 3476 3476 3455 3455 3477 3477 3477 3477 3455 3455 3478 3478 3478 3478 3455 3455 3479 3479 3479 3479 3455 3455 3480 3480 3480 3480 3455 3455 3481 3481 3481 3481 3455 3455 3482 3482 3482 3482 3455 3455 3483 3483 3483 3483 3455 3455 3484 3484 3484 3484 3455 3455 3485 3485 3485 3485 3455 3455 3486 3486 3486 3486 3455 3455 3487 3487 3487 3487 3455 3455 3488 3488 3488 3488 3455 3455 3489 3489 3489 3489 3455 3455 3462 3462 3461 3461 3457 3457 3490 3490 3457 3457 3458 3458 3490 3490 3458 3458 3459 3459 3491 3491 3458 3458 3491 3491 3490 3490 3459 3459 3476 3476 3491 3491 3475 3475 3460 3460 3492 3492 3492 3492 3460 3460 3461 3461 3492 3492 3461 3461 3490 3490 3462 3462 3463 3463 3493 3493 3489 3489 3462 3462 3494 3494 3494 3494 3462 3462 3493 3493 3493 3493 3463 3463 3495 3495 3463 3463 3464 3464 3495 3495 3495 3495 3464 3464 3496 3496 3464 3464 3465 3465 3496 3496 3496 3496 3465 3465 3497 3497 3465 3465 3466 3466 3497 3497 3497 3497 3466 3466 3498 3498 3466 3466 3467 3467 3498 3498 3498 3498 3467 3467 3499 3499 3467 3467 3468 3468 3499 3499 3499 3499 3468 3468 3500 3500 3468 3468 3469 3469 3500 3500 3500 3500 3469 3469 3501 3501 3469 3469 3470 3470 3501 3501 3501 3501 3470 3470 3502 3502 3470 3470 3471 3471 3502 3502 3502 3502 3471 3471 3503 3503 3471 3471 3472 3472 3503 3503 3503 3503 3472 3472 3504 3504 3472 3472 3473 3473 3504 3504 3504 3504 3473 3473 3505 3505 3473 3473 3474 3474 3505 3505 3505 3505 3474 3474 3506 3506 3474 3474 3475 3475 3506 3506 3506 3506 3475 3475 3492 3492 3491 3491 3476 3476 3507 3507 3476 3476 3477 3477 3507 3507 3507 3507 3477 3477 3508 3508 3477 3477 3478 3478 3508 3508 3508 3508 3478 3478 3509 3509 3478 3478 3479 3479 3509 3509 3509 3509 3479 3479 3510 3510 3479 3479 3480 3480 3510 3510 3510 3510 3480 3480 3511 3511 3480 3480 3481 3481 3511 3511 3511 3511 3481 3481 3512 3512 3481 3481 3482 3482 3512 3512 3512 3512 3482 3482 3513 3513 3482 3482 3483 3483 3513 3513 3513 3513 3483 3483 3514 3514 3483 3483 3484 3484 3514 3514 3514 3514 3484 3484 3515 3515 3484 3484 3485 3485 3515 3515 3515 3515 3485 3485 3516 3516 3485 3485 3486 3486 3516 3516 3516 3516 3486 3486 3517 3517 3486 3486 3487 3487 3517 3517 3517 3517 3487 3487 3518 3518 3487 3487 3488 3488 3518 3518 3518 3518 3488 3488 3519 3519 3488 3488 3489 3489 3519 3519 3519 3519 3489 3489 3494 3494 3493 3493 3495 3495 3490 3490 3495 3495 3496 3496 3490 3490 3496 3496 3497 3497 3490 3490 3497 3497 3498 3498 3490 3490 3498 3498 3499 3499 3490 3490 3499 3499 3500 3500 3490 3490 3500 3500 3501 3501 3490 3490 3501 3501 3502 3502 3490 3490 3502 3502 3503 3503 3490 3490 3503 3503 3504 3504 3490 3490 3504 3504 3505 3505 3490 3490 3505 3505 3506 3506 3490 3490 3506 3506 3492 3492 3490 3490 3491 3491 3507 3507 3490 3490 3507 3507 3508 3508 3490 3490 3508 3508 3509 3509 3490 3490 3509 3509 3510 3510 3490 3490 3510 3510 3511 3511 3490 3490 3511 3511 3512 3512 3490 3490 3512 3512 3513 3513 3490 3490 3513 3513 3514 3514 3490 3490 3514 3514 3515 3515 3490 3490 3515 3515 3516 3516 3490 3490 3516 3516 3517 3517 3490 3490 3517 3517 3518 3518 3490 3490 3518 3518 3519 3519 3490 3490 3519 3519 3494 3494 3490 3490 3494 3494 3493 3493 3490 3490 3520 3520 3520 3520 3520 3520 3520 3520 3521 3521 3522 3522 3520 3520 3522 3522 3523 3523 3523 3523 3522 3522 3524 3524 3522 3522 3521 3521 3525 3525 3522 3522 3525 3525 3524 3524 3526 3526 3521 3521 3520 3520 3526 3526 3520 3520 3527 3527 3527 3527 3520 3520 3523 3523 3528 3528 3521 3521 3529 3529 3529 3529 3521 3521 3530 3530 3530 3530 3521 3521 3531 3531 3531 3531 3521 3521 3532 3532 3532 3532 3521 3521 3533 3533 3533 3533 3521 3521 3534 3534 3534 3534 3521 3521 3535 3535 3535 3535 3521 3521 3536 3536 3536 3536 3521 3521 3537 3537 3537 3537 3521 3521 3538 3538 3538 3538 3521 3521 3539 3539 3539 3539 3521 3521 3540 3540 3540 3540 3521 3521 3541 3541 3541 3541 3521 3521 3542 3542 3542 3542 3521 3521 3543 3543 3543 3543 3521 3521 3544 3544 3544 3544 3521 3521 3545 3545 3545 3545 3521 3521 3546 3546 3546 3546 3521 3521 3547 3547 3547 3547 3521 3521 3548 3548 3548 3548 3521 3521 3549 3549 3549 3549 3521 3521 3526 3526 3525 3525 3521 3521 3550 3550 3550 3550 3521 3521 3551 3551 3551 3551 3521 3521 3552 3552 3552 3552 3521 3521 3553 3553 3553 3553 3521 3521 3554 3554 3554 3554 3521 3521 3555 3555 3555 3555 3521 3521 3528 3528 3527 3527 3523 3523 3556 3556 3523 3523 3524 3524 3556 3556 3524 3524 3525 3525 3557 3557 3524 3524 3557 3557 3556 3556 3525 3525 3550 3550 3557 3557 3549 3549 3526 3526 3558 3558 3558 3558 3526 3526 3527 3527 3558 3558 3527 3527 3556 3556 3528 3528 3529 3529 3559 3559 3555 3555 3528 3528 3560 3560 3560 3560 3528 3528 3559 3559 3559 3559 3529 3529 3561 3561 3529 3529 3530 3530 3561 3561 3561 3561 3530 3530 3562 3562 3530 3530 3531 3531 3562 3562 3562 3562 3531 3531 3563 3563 3531 3531 3532 3532 3563 3563 3563 3563 3532 3532 3564 3564 3532 3532 3533 3533 3564 3564 3564 3564 3533 3533 3565 3565 3533 3533 3534 3534 3565 3565 3565 3565 3534 3534 3566 3566 3534 3534 3535 3535 3566 3566 3566 3566 3535 3535 3567 3567 3535 3535 3536 3536 3567 3567 3567 3567 3536 3536 3568 3568 3536 3536 3537 3537 3568 3568 3568 3568 3537 3537 3569 3569 3537 3537 3538 3538 3569 3569 3569 3569 3538 3538 3570 3570 3538 3538 3539 3539 3570 3570 3570 3570 3539 3539 3571 3571 3539 3539 3540 3540 3571 3571 3571 3571 3540 3540 3572 3572 3540 3540 3541 3541 3572 3572 3572 3572 3541 3541 3573 3573 3541 3541 3542 3542 3573 3573 3573 3573 3542 3542 3574 3574 3542 3542 3543 3543 3574 3574 3574 3574 3543 3543 3575 3575 3543 3543 3544 3544 3575 3575 3575 3575 3544 3544 3576 3576 3544 3544 3545 3545 3576 3576 3576 3576 3545 3545 3577 3577 3545 3545 3546 3546 3577 3577 3577 3577 3546 3546 3578 3578 3546 3546 3547 3547 3578 3578 3578 3578 3547 3547 3579 3579 3547 3547 3548 3548 3579 3579 3579 3579 3548 3548 3580 3580 3548 3548 3549 3549 3580 3580 3580 3580 3549 3549 3558 3558 3557 3557 3550 3550 3581 3581 3550 3550 3551 3551 3581 3581 3581 3581 3551 3551 3582 3582 3551 3551 3552 3552 3582 3582 3582 3582 3552 3552 3583 3583 3552 3552 3553 3553 3583 3583 3583 3583 3553 3553 3584 3584 3553 3553 3554 3554 3584 3584 3584 3584 3554 3554 3585 3585 3554 3554 3555 3555 3585 3585 3585 3585 3555 3555 3560 3560 3559 3559 3561 3561 3556 3556 3561 3561 3562 3562 3556 3556 3562 3562 3563 3563 3556 3556 3563 3563 3564 3564 3556 3556 3564 3564 3565 3565 3556 3556 3565 3565 3566 3566 3556 3556 3566 3566 3567 3567 3556 3556 3567 3567 3568 3568 3556 3556 3568 3568 3569 3569 3556 3556 3569 3569 3570 3570 3556 3556 3570 3570 3571 3571 3556 3556 3571 3571 3572 3572 3556 3556 3572 3572 3573 3573 3556 3556 3573 3573 3574 3574 3556 3556 3574 3574 3575 3575 3556 3556 3575 3575 3576 3576 3556 3556 3576 3576 3577 3577 3556 3556 3577 3577 3578 3578 3556 3556 3578 3578 3579 3579 3556 3556 3579 3579 3580 3580 3556 3556 3580 3580 3558 3558 3556 3556 3557 3557 3581 3581 3556 3556 3581 3581 3582 3582 3556 3556 3582 3582 3583 3583 3556 3556 3583 3583 3584 3584 3556 3556 3584 3584 3585 3585 3556 3556 3585 3585 3560 3560 3556 3556 3560 3560 3559 3559 3556 3556 3586 3586 3586 3586 3586 3586 3586 3586 3587 3587 3588 3588 3589 3589 3586 3586 3588 3588 3588 3588 3587 3587 3590 3590 3590 3590 3589 3589 3588 3588 3586 3586 3591 3591 3587 3587 3592 3592 3586 3586 3589 3589 3592 3592 3591 3591 3586 3586 3587 3587 3591 3591 3590 3590 3593 3593 3589 3589 3590 3590 3593 3593 3592 3592 3589 3589 3590 3590 3591 3591 3593 3593 3591 3591 3592 3592 3593 3593 3594 3594 3594 3594 3594 3594 3594 3594 3595 3595 3596 3596 3597 3597 3594 3594 3596 3596 3596 3596 3595 3595 3598 3598 3598 3598 3597 3597 3596 3596 3594 3594 3599 3599 3595 3595 3600 3600 3594 3594 3597 3597 3600 3600 3599 3599 3594 3594 3595 3595 3599 3599 3598 3598 3601 3601 3597 3597 3598 3598 3601 3601 3600 3600 3597 3597 3598 3598 3599 3599 3601 3601 3599 3599 3600 3600 3601 3601 3602 3602 3602 3602 3602 3602 3602 3602 3603 3603 3604 3604 3605 3605 3602 3602 3604 3604 3604 3604 3603 3603 3606 3606 3606 3606 3605 3605 3604 3604 3602 3602 3607 3607 3603 3603 3608 3608 3602 3602 3605 3605 3608 3608 3607 3607 3602 3602 3603 3603 3607 3607 3606 3606 3609 3609 3605 3605 3606 3606 3609 3609 3608 3608 3605 3605 3606 3606 3607 3607 3609 3609 3607 3607 3608 3608 3609 3609 3610 3610 3610 3610 3610 3610 3610 3610 3611 3611 3612 3612 3613 3613 3610 3610 3612 3612 3612 3612 3611 3611 3614 3614 3614 3614 3613 3613 3612 3612 3610 3610 3615 3615 3611 3611 3616 3616 3610 3610 3613 3613 3616 3616 3615 3615 3610 3610 3611 3611 3615 3615 3614 3614 3617 3617 3613 3613 3614 3614 3617 3617 3616 3616 3613 3613 3614 3614 3615 3615 3617 3617 3615 3615 3616 3616 3617 3617 3618 3618 3618 3618 3618 3618 3618 3618 3619 3619 3620 3620 3621 3621 3618 3618 3620 3620 3620 3620 3619 3619 3622 3622 3622 3622 3621 3621 3620 3620 3618 3618 3623 3623 3619 3619 3624 3624 3618 3618 3621 3621 3624 3624 3623 3623 3618 3618 3619 3619 3623 3623 3622 3622 3625 3625 3621 3621 3622 3622 3625 3625 3624 3624 3621 3621 3622 3622 3623 3623 3625 3625 3623 3623 3624 3624 3625 3625 3626 3626 3626 3626 3626 3626 3626 3626 3627 3627 3628 3628 3629 3629 3626 3626 3628 3628 3628 3628 3627 3627 3630 3630 3630 3630 3629 3629 3628 3628 3626 3626 3631 3631 3627 3627 3632 3632 3626 3626 3629 3629 3632 3632 3631 3631 3626 3626 3627 3627 3631 3631 3630 3630 3633 3633 3629 3629 3630 3630 3633 3633 3632 3632 3629 3629 3630 3630 3631 3631 3633 3633 3631 3631 3632 3632 3633 3633 3634 3634 3634 3634 3634 3634 3634 3634 3635 3635 3636 3636 3637 3637 3634 3634 3636 3636 3636 3636 3635 3635 3638 3638 3638 3638 3637 3637 3636 3636 3634 3634 3639 3639 3635 3635 3640 3640 3634 3634 3637 3637 3640 3640 3639 3639 3634 3634 3635 3635 3639 3639 3638 3638 3641 3641 3637 3637 3638 3638 3641 3641 3640 3640 3637 3637 3638 3638 3639 3639 3641 3641 3639 3639 3640 3640 3641 3641 3642 3642 3642 3642 3642 3642 3642 3642 3643 3643 3644 3644 3645 3645 3642 3642 3644 3644 3644 3644 3643 3643 3646 3646 3646 3646 3645 3645 3644 3644 3642 3642 3647 3647 3643 3643 3648 3648 3642 3642 3645 3645 3648 3648 3647 3647 3642 3642 3643 3643 3647 3647 3646 3646 3649 3649 3645 3645 3646 3646 3649 3649 3648 3648 3645 3645 3646 3646 3647 3647 3649 3649 3647 3647 3648 3648 3649 3649 3650 3650 3650 3650 3650 3650 3650 3650 3651 3651 3652 3652 3653 3653 3650 3650 3652 3652 3652 3652 3651 3651 3654 3654 3654 3654 3653 3653 3652 3652 3650 3650 3655 3655 3651 3651 3656 3656 3650 3650 3653 3653 3656 3656 3655 3655 3650 3650 3651 3651 3655 3655 3654 3654 3657 3657 3653 3653 3654 3654 3657 3657 3656 3656 3653 3653 3654 3654 3655 3655 3657 3657 3655 3655 3656 3656 3657 3657 3658 3658 3658 3658 3658 3658 3658 3658 3659 3659 3660 3660 3661 3661 3658 3658 3660 3660 3660 3660 3659 3659 3662 3662 3662 3662 3661 3661 3660 3660 3658 3658 3663 3663 3659 3659 3664 3664 3658 3658 3661 3661 3664 3664 3663 3663 3658 3658 3659 3659 3663 3663 3662 3662 3665 3665 3661 3661 3662 3662 3665 3665 3664 3664 3661 3661 3662 3662 3663 3663 3665 3665 3663 3663 3664 3664 3665 3665 3666 3666 3666 3666 3666 3666 3666 3666 3667 3667 3668 3668 3669 3669 3666 3666 3668 3668 3668 3668 3667 3667 3670 3670 3670 3670 3669 3669 3668 3668 3666 3666 3671 3671 3667 3667 3672 3672 3666 3666 3669 3669 3672 3672 3671 3671 3666 3666 3667 3667 3671 3671 3670 3670 3673 3673 3669 3669 3670 3670 3673 3673 3672 3672 3669 3669 3670 3670 3671 3671 3673 3673 3671 3671 3672 3672 3673 3673 3674 3674 3674 3674 3674 3674 3674 3674 3675 3675 3676 3676 3677 3677 3674 3674 3676 3676 3676 3676 3675 3675 3678 3678 3678 3678 3677 3677 3676 3676 3674 3674 3679 3679 3675 3675 3680 3680 3674 3674 3677 3677 3680 3680 3679 3679 3674 3674 3675 3675 3679 3679 3678 3678 3681 3681 3677 3677 3678 3678 3681 3681 3680 3680 3677 3677 3678 3678 3679 3679 3681 3681 3679 3679 3680 3680 3681 3681 3682 3682 3682 3682 3682 3682 3682 3682 3683 3683 3684 3684 3685 3685 3682 3682 3684 3684 3684 3684 3683 3683 3686 3686 3686 3686 3685 3685 3684 3684 3682 3682 3687 3687 3683 3683 3688 3688 3682 3682 3685 3685 3688 3688 3687 3687 3682 3682 3683 3683 3687 3687 3686 3686 3689 3689 3685 3685 3686 3686 3689 3689 3688 3688 3685 3685 3686 3686 3687 3687 3689 3689 3687 3687 3688 3688 3689 3689 3690 3690 3690 3690 3690 3690 3690 3690 3691 3691 3692 3692 3693 3693 3690 3690 3692 3692 3692 3692 3691 3691 3694 3694 3694 3694 3693 3693 3692 3692 3690 3690 3695 3695 3691 3691 3696 3696 3690 3690 3693 3693 3696 3696 3695 3695 3690 3690 3691 3691 3695 3695 3694 3694 3697 3697 3693 3693 3694 3694 3697 3697 3696 3696 3693 3693 3694 3694 3695 3695 3697 3697 3695 3695 3696 3696 3697 3697 3698 3698 3698 3698 3698 3698 3698 3698 3699 3699 3700 3700 3701 3701 3698 3698 3700 3700 3700 3700 3699 3699 3702 3702 3702 3702 3701 3701 3700 3700 3698 3698 3703 3703 3699 3699 3704 3704 3698 3698 3701 3701 3704 3704 3703 3703 3698 3698 3699 3699 3703 3703 3702 3702 3705 3705 3701 3701 3702 3702 3705 3705 3704 3704 3701 3701 3702 3702 3703 3703 3705 3705 3703 3703 3704 3704 3705 3705 3706 3706 3706 3706 3706 3706 3706 3706 3707 3707 3708 3708 3709 3709 3706 3706 3708 3708 3708 3708 3707 3707 3710 3710 3710 3710 3709 3709 3708 3708 3706 3706 3711 3711 3707 3707 3712 3712 3706 3706 3709 3709 3712 3712 3711 3711 3706 3706 3707 3707 3711 3711 3710 3710 3713 3713 3709 3709 3710 3710 3713 3713 3712 3712 3709 3709 3710 3710 3711 3711 3713 3713 3711 3711 3712 3712 3713 3713 3714 3714 3714 3714 3714 3714 3714 3714 3715 3715 3716 3716 3717 3717 3714 3714 3716 3716 3716 3716 3715 3715 3718 3718 3718 3718 3717 3717 3716 3716 3714 3714 3719 3719 3715 3715 3720 3720 3714 3714 3717 3717 3720 3720 3719 3719 3714 3714 3715 3715 3719 3719 3718 3718 3721 3721 3717 3717 3718 3718 3721 3721 3720 3720 3717 3717 3718 3718 3719 3719 3721 3721 3719 3719 3720 3720 3721 3721 3722 3722 3722 3722 3722 3722 3722 3722 3723 3723 3724 3724 3725 3725 3722 3722 3724 3724 3724 3724 3723 3723 3726 3726 3726 3726 3725 3725 3724 3724 3722 3722 3727 3727 3723 3723 3728 3728 3722 3722 3725 3725 3728 3728 3727 3727 3722 3722 3723 3723 3727 3727 3726 3726 3729 3729 3725 3725 3726 3726 3729 3729 3728 3728 3725 3725 3726 3726 3727 3727 3729 3729 3727 3727 3728 3728 3729 3729 3730 3730 3730 3730 3730 3730 3730 3730 3731 3731 3732 3732 3733 3733 3730 3730 3732 3732 3732 3732 3731 3731 3734 3734 3734 3734 3733 3733 3732 3732 3730 3730 3735 3735 3731 3731 3736 3736 3730 3730 3733 3733 3736 3736 3735 3735 3730 3730 3731 3731 3735 3735 3734 3734 3737 3737 3733 3733 3734 3734 3737 3737 3736 3736 3733 3733 3734 3734 3735 3735 3737 3737 3735 3735 3736 3736 3737 3737 3738 3738 3738 3738 3738 3738 3738 3738 3739 3739 3740 3740 3741 3741 3738 3738 3740 3740 3740 3740 3739 3739 3742 3742 3742 3742 3741 3741 3740 3740 3738 3738 3743 3743 3739 3739 3744 3744 3738 3738 3741 3741 3744 3744 3743 3743 3738 3738 3739 3739 3743 3743 3742 3742 3745 3745 3741 3741 3742 3742 3745 3745 3744 3744 3741 3741 3742 3742 3743 3743 3745 3745 3743 3743 3744 3744 3745 3745 3746 3746 3746 3746 3746 3746 3746 3746 3747 3747 3748 3748 3749 3749 3746 3746 3748 3748 3748 3748 3747 3747 3750 3750 3750 3750 3749 3749 3748 3748 3746 3746 3751 3751 3747 3747 3752 3752 3746 3746 3749 3749 3752 3752 3751 3751 3746 3746 3747 3747 3751 3751 3750 3750 3753 3753 3749 3749 3750 3750 3753 3753 3752 3752 3749 3749 3750 3750 3751 3751 3753 3753 3751 3751 3752 3752 3753 3753 3754 3754 3754 3754 3754 3754 3754 3754 3755 3755 3756 3756 3757 3757 3754 3754 3756 3756 3756 3756 3755 3755 3758 3758 3758 3758 3757 3757 3756 3756 3754 3754 3759 3759 3755 3755 3760 3760 3754 3754 3757 3757 3760 3760 3759 3759 3754 3754 3755 3755 3759 3759 3758 3758 3761 3761 3757 3757 3758 3758 3761 3761 3760 3760 3757 3757 3758 3758 3759 3759 3761 3761 3759 3759 3760 3760 3761 3761 3762 3762 3762 3762 3762 3762 3762 3762 3763 3763 3764 3764 3765 3765 3762 3762 3764 3764 3764 3764 3763 3763 3766 3766 3766 3766 3765 3765 3764 3764 3762 3762 3767 3767 3763 3763 3768 3768 3762 3762 3765 3765 3768 3768 3767 3767 3762 3762 3763 3763 3767 3767 3766 3766 3769 3769 3765 3765 3766 3766 3769 3769 3768 3768 3765 3765 3766 3766 3767 3767 3769 3769 3767 3767 3768 3768 3769 3769 3770 3770 3770 3770 3770 3770 3770 3770 3771 3771 3772 3772 3773 3773 3770 3770 3772 3772 3772 3772 3771 3771 3774 3774 3774 3774 3773 3773 3772 3772 3770 3770 3775 3775 3771 3771 3776 3776 3770 3770 3773 3773 3776 3776 3775 3775 3770 3770 3771 3771 3775 3775 3774 3774 3777 3777 3773 3773 3774 3774 3777 3777 3776 3776 3773 3773 3774 3774 3775 3775 3777 3777 3775 3775 3776 3776 3777 3777 3778 3778 3778 3778 3778 3778 3778 3778 3779 3779 3780 3780 3781 3781 3778 3778 3780 3780 3780 3780 3779 3779 3782 3782 3782 3782 3781 3781 3780 3780 3778 3778 3783 3783 3779 3779 3784 3784 3778 3778 3781 3781 3784 3784 3783 3783 3778 3778 3779 3779 3783 3783 3782 3782 3785 3785 3781 3781 3782 3782 3785 3785 3784 3784 3781 3781 3782 3782 3783 3783 3785 3785 3783 3783 3784 3784 3785 3785 3786 3786 3786 3786 3786 3786 3786 3786 3787 3787 3788 3788 3789 3789 3786 3786 3788 3788 3788 3788 3787 3787 3790 3790 3790 3790 3789 3789 3788 3788 3786 3786 3791 3791 3787 3787 3792 3792 3786 3786 3789 3789 3792 3792 3791 3791 3786 3786 3787 3787 3791 3791 3790 3790 3793 3793 3789 3789 3790 3790 3793 3793 3792 3792 3789 3789 3790 3790 3791 3791 3793 3793 3791 3791 3792 3792 3793 3793 3794 3794 3794 3794 3794 3794 3794 3794 3795 3795 3796 3796 3797 3797 3794 3794 3796 3796 3796 3796 3795 3795 3798 3798 3798 3798 3797 3797 3796 3796 3794 3794 3799 3799 3795 3795 3800 3800 3794 3794 3797 3797 3800 3800 3799 3799 3794 3794 3795 3795 3799 3799 3798 3798 3801 3801 3797 3797 3798 3798 3801 3801 3800 3800 3797 3797 3798 3798 3799 3799 3801 3801 3799 3799 3800 3800 3801 3801 3802 3802 3802 3802 3802 3802 3802 3802 3803 3803 3804 3804 3805 3805 3802 3802 3804 3804 3804 3804 3803 3803 3806 3806 3806 3806 3805 3805 3804 3804 3802 3802 3807 3807 3803 3803 3808 3808 3802 3802 3805 3805 3808 3808 3807 3807 3802 3802 3803 3803 3807 3807 3806 3806 3809 3809 3805 3805 3806 3806 3809 3809 3808 3808 3805 3805 3806 3806 3807 3807 3809 3809 3807 3807 3808 3808 3809 3809 3810 3810 3810 3810 3810 3810 3810 3810 3811 3811 3812 3812 3813 3813 3810 3810 3812 3812 3812 3812 3811 3811 3814 3814 3814 3814 3813 3813 3812 3812 3810 3810 3815 3815 3811 3811 3816 3816 3810 3810 3813 3813 3816 3816 3815 3815 3810 3810 3811 3811 3815 3815 3814 3814 3817 3817 3813 3813 3814 3814 3817 3817 3816 3816 3813 3813 3814 3814 3815 3815 3817 3817 3815 3815 3816 3816 3817 3817 3818 3818 3818 3818 3818 3818 3818 3818 3819 3819 3820 3820 3821 3821 3818 3818 3820 3820 3820 3820 3819 3819 3822 3822 3822 3822 3821 3821 3820 3820 3818 3818 3823 3823 3819 3819 3824 3824 3818 3818 3821 3821 3824 3824 3823 3823 3818 3818 3819 3819 3823 3823 3822 3822 3825 3825 3821 3821 3822 3822 3825 3825 3824 3824 3821 3821 3822 3822 3823 3823 3825 3825 3823 3823 3824 3824 3825 3825 3826 3826 3826 3826 3826 3826 3826 3826 3827 3827 3828 3828 3829 3829 3826 3826 3828 3828 3828 3828 3827 3827 3830 3830 3830 3830 3829 3829 3828 3828 3826 3826 3831 3831 3827 3827 3832 3832 3826 3826 3829 3829 3832 3832 3831 3831 3826 3826 3827 3827 3831 3831 3830 3830 3833 3833 3829 3829 3830 3830 3833 3833 3832 3832 3829 3829 3830 3830 3831 3831 3833 3833 3831 3831 3832 3832 3833 3833 3834 3834 3834 3834 3834 3834 3834 3834 3835 3835 3836 3836 3837 3837 3834 3834 3836 3836 3836 3836 3835 3835 3838 3838 3838 3838 3837 3837 3836 3836 3834 3834 3839 3839 3835 3835 3840 3840 3834 3834 3837 3837 3840 3840 3839 3839 3834 3834 3835 3835 3839 3839 3838 3838 3841 3841 3837 3837 3838 3838 3841 3841 3840 3840 3837 3837 3838 3838 3839 3839 3841 3841 3839 3839 3840 3840 3841 3841 3842 3842 3842 3842 3842 3842 3842 3842 3843 3843 3844 3844 3845 3845 3842 3842 3844 3844 3844 3844 3843 3843 3846 3846 3846 3846 3845 3845 3844 3844 3842 3842 3847 3847 3843 3843 3848 3848 3842 3842 3845 3845 3848 3848 3847 3847 3842 3842 3843 3843 3847 3847 3846 3846 3849 3849 3845 3845 3846 3846 3849 3849 3848 3848 3845 3845 3846 3846 3847 3847 3849 3849 3847 3847 3848 3848 3849 3849 3850 3850 3850 3850 3850 3850 3850 3850 3851 3851 3852 3852 3853 3853 3850 3850 3852 3852 3852 3852 3851 3851 3854 3854 3854 3854 3853 3853 3852 3852 3850 3850 3855 3855 3851 3851 3856 3856 3850 3850 3853 3853 3856 3856 3855 3855 3850 3850 3851 3851 3855 3855 3854 3854 3857 3857 3853 3853 3854 3854 3857 3857 3856 3856 3853 3853 3854 3854 3855 3855 3857 3857 3855 3855 3856 3856 3857 3857 3858 3858 3858 3858 3858 3858 3858 3858 3859 3859 3860 3860 3861 3861 3858 3858 3860 3860 3860 3860 3859 3859 3862 3862 3862 3862 3861 3861 3860 3860 3858 3858 3863 3863 3859 3859 3864 3864 3858 3858 3861 3861 3864 3864 3863 3863 3858 3858 3859 3859 3863 3863 3862 3862 3865 3865 3861 3861 3862 3862 3865 3865 3864 3864 3861 3861 3862 3862 3863 3863 3865 3865 3863 3863 3864 3864 3865 3865 3866 3866 3866 3866 3866 3866 3866 3866 3867 3867 3868 3868 3869 3869 3866 3866 3868 3868 3868 3868 3867 3867 3870 3870 3870 3870 3869 3869 3868 3868 3866 3866 3871 3871 3867 3867 3872 3872 3866 3866 3869 3869 3872 3872 3871 3871 3866 3866 3867 3867 3871 3871 3870 3870 3873 3873 3869 3869 3870 3870 3873 3873 3872 3872 3869 3869 3870 3870 3871 3871 3873 3873 3871 3871 3872 3872 3873 3873 3874 3874 3874 3874 3874 3874 3874 3874 3875 3875 3876 3876 3877 3877 3874 3874 3876 3876 3876 3876 3875 3875 3878 3878 3878 3878 3877 3877 3876 3876 3874 3874 3879 3879 3875 3875 3880 3880 3874 3874 3877 3877 3880 3880 3879 3879 3874 3874 3875 3875 3879 3879 3878 3878 3881 3881 3877 3877 3878 3878 3881 3881 3880 3880 3877 3877 3878 3878 3879 3879 3881 3881 3879 3879 3880 3880 3881 3881 3882 3882 3882 3882 3882 3882 3882 3882 3883 3883 3884 3884 3885 3885 3882 3882 3884 3884 3884 3884 3883 3883 3886 3886 3886 3886 3885 3885 3884 3884 3882 3882 3887 3887 3883 3883 3888 3888 3882 3882 3885 3885 3888 3888 3887 3887 3882 3882 3883 3883 3887 3887 3886 3886 3889 3889 3885 3885 3886 3886 3889 3889 3888 3888 3885 3885 3886 3886 3887 3887 3889 3889 3887 3887 3888 3888 3889 3889 3890 3890 3890 3890 3890 3890 3890 3890 3891 3891 3892 3892 3893 3893 3890 3890 3892 3892 3892 3892 3891 3891 3894 3894 3894 3894 3893 3893 3892 3892 3890 3890 3895 3895 3891 3891 3896 3896 3890 3890 3893 3893 3896 3896 3895 3895 3890 3890 3891 3891 3895 3895 3894 3894 3897 3897 3893 3893 3894 3894 3897 3897 3896 3896 3893 3893 3894 3894 3895 3895 3897 3897 3895 3895 3896 3896 3897 3897 3898 3898 3898 3898 3898 3898 3898 3898 3899 3899 3900 3900 3901 3901 3898 3898 3900 3900 3900 3900 3899 3899 3902 3902 3902 3902 3901 3901 3900 3900 3898 3898 3903 3903 3899 3899 3904 3904 3898 3898 3901 3901 3904 3904 3903 3903 3898 3898 3899 3899 3903 3903 3902 3902 3905 3905 3901 3901 3902 3902 3905 3905 3904 3904 3901 3901 3902 3902 3903 3903 3905 3905 3903 3903 3904 3904 3905 3905 3906 3906 3906 3906 3906 3906 3906 3906 3907 3907 3908 3908 3909 3909 3906 3906 3908 3908 3908 3908 3907 3907 3910 3910 3910 3910 3909 3909 3908 3908 3906 3906 3911 3911 3907 3907 3912 3912 3906 3906 3909 3909 3912 3912 3911 3911 3906 3906 3907 3907 3911 3911 3910 3910 3913 3913 3909 3909 3910 3910 3913 3913 3912 3912 3909 3909 3910 3910 3911 3911 3913 3913 3911 3911 3912 3912 3913 3913 3914 3914 3914 3914 3914 3914 3914 3914 3915 3915 3916 3916 3917 3917 3914 3914 3916 3916 3916 3916 3915 3915 3918 3918 3918 3918 3917 3917 3916 3916 3914 3914 3919 3919 3915 3915 3920 3920 3914 3914 3917 3917 3920 3920 3919 3919 3914 3914 3915 3915 3919 3919 3918 3918 3921 3921 3917 3917 3918 3918 3921 3921 3920 3920 3917 3917 3918 3918 3919 3919 3921 3921 3919 3919 3920 3920 3921 3921 3922 3922 3922 3922 3922 3922 3922 3922 3923 3923 3924 3924 3925 3925 3922 3922 3924 3924 3924 3924 3923 3923 3926 3926 3926 3926 3925 3925 3924 3924 3922 3922 3927 3927 3923 3923 3928 3928 3922 3922 3925 3925 3928 3928 3927 3927 3922 3922 3923 3923 3927 3927 3926 3926 3929 3929 3925 3925 3926 3926 3929 3929 3928 3928 3925 3925 3926 3926 3927 3927 3929 3929 3927 3927 3928 3928 3929 3929 3930 3930 3930 3930 3930 3930 3930 3930 3931 3931 3932 3932 3933 3933 3930 3930 3932 3932 3932 3932 3931 3931 3934 3934 3934 3934 3933 3933 3932 3932 3930 3930 3935 3935 3931 3931 3936 3936 3930 3930 3933 3933 3936 3936 3935 3935 3930 3930 3931 3931 3935 3935 3934 3934 3937 3937 3933 3933 3934 3934 3937 3937 3936 3936 3933 3933 3934 3934 3935 3935 3937 3937 3935 3935 3936 3936 3937 3937 3938 3938 3938 3938 3938 3938 3938 3938 3939 3939 3940 3940 3941 3941 3938 3938 3940 3940 3940 3940 3939 3939 3942 3942 3942 3942 3941 3941 3940 3940 3938 3938 3943 3943 3939 3939 3944 3944 3938 3938 3941 3941 3944 3944 3943 3943 3938 3938 3939 3939 3943 3943 3942 3942 3945 3945 3941 3941 3942 3942 3945 3945 3944 3944 3941 3941 3942 3942 3943 3943 3945 3945 3943 3943 3944 3944 3945 3945 3946 3946 3946 3946 3946 3946 3946 3946 3947 3947 3948 3948 3949 3949 3946 3946 3948 3948 3948 3948 3947 3947 3950 3950 3950 3950 3949 3949 3948 3948 3946 3946 3951 3951 3947 3947 3952 3952 3946 3946 3949 3949 3952 3952 3951 3951 3946 3946 3947 3947 3951 3951 3950 3950 3953 3953 3949 3949 3950 3950 3953 3953 3952 3952 3949 3949 3950 3950 3951 3951 3953 3953 3951 3951 3952 3952 3953 3953 3954 3954 3954 3954 3954 3954 3954 3954 3955 3955 3956 3956 3957 3957 3954 3954 3956 3956 3956 3956 3955 3955 3958 3958 3958 3958 3957 3957 3956 3956 3954 3954 3959 3959 3955 3955 3960 3960 3954 3954 3957 3957 3960 3960 3959 3959 3954 3954 3955 3955 3959 3959 3958 3958 3961 3961 3957 3957 3958 3958 3961 3961 3960 3960 3957 3957 3958 3958 3959 3959 3961 3961 3959 3959 3960 3960 3961 3961 3962 3962 3962 3962 3962 3962 3962 3962 3963 3963 3964 3964 3965 3965 3962 3962 3964 3964 3964 3964 3963 3963 3966 3966 3966 3966 3965 3965 3964 3964 3962 3962 3967 3967 3963 3963 3968 3968 3962 3962 3965 3965 3968 3968 3967 3967 3962 3962 3963 3963 3967 3967 3966 3966 3969 3969 3965 3965 3966 3966 3969 3969 3968 3968 3965 3965 3966 3966 3967 3967 3969 3969 3967 3967 3968 3968 3969 3969 3970 3970 3970 3970 3970 3970 3970 3970 3971 3971 3972 3972 3973 3973 3970 3970 3972 3972 3972 3972 3971 3971 3974 3974 3974 3974 3973 3973 3972 3972 3970 3970 3975 3975 3971 3971 3976 3976 3970 3970 3973 3973 3976 3976 3975 3975 3970 3970 3971 3971 3975 3975 3974 3974 3977 3977 3973 3973 3974 3974 3977 3977 3976 3976 3973 3973 3974 3974 3975 3975 3977 3977 3975 3975 3976 3976 3977 3977 3978 3978 3978 3978 3978 3978 3978 3978 3979 3979 3980 3980 3981 3981 3978 3978 3980 3980 3980 3980 3979 3979 3982 3982 3982 3982 3981 3981 3980 3980 3978 3978 3983 3983 3979 3979 3984 3984 3978 3978 3981 3981 3984 3984 3983 3983 3978 3978 3979 3979 3983 3983 3982 3982 3985 3985 3981 3981 3982 3982 3985 3985 3984 3984 3981 3981 3982 3982 3983 3983 3985 3985 3983 3983 3984 3984 3985 3985 3986 3986 3986 3986 3986 3986 3986 3986 3987 3987 3988 3988 3989 3989 3986 3986 3988 3988 3988 3988 3987 3987 3990 3990 3990 3990 3989 3989 3988 3988 3986 3986 3991 3991 3987 3987 3992 3992 3986 3986 3989 3989 3992 3992 3991 3991 3986 3986 3987 3987 3991 3991 3990 3990 3993 3993 3989 3989 3990 3990 3993 3993 3992 3992 3989 3989 3990 3990 3991 3991 3993 3993 3991 3991 3992 3992 3993 3993 3994 3994 3994 3994 3994 3994 3994 3994 3995 3995 3996 3996 3997 3997 3994 3994 3996 3996 3996 3996 3995 3995 3998 3998 3998 3998 3997 3997 3996 3996 3994 3994 3999 3999 3995 3995 4000 4000 3994 3994 3997 3997 4000 4000 3999 3999 3994 3994 3995 3995 3999 3999 3998 3998 4001 4001 3997 3997 3998 3998 4001 4001 4000 4000 3997 3997 3998 3998 3999 3999 4001 4001 3999 3999 4000 4000 4001 4001 4002 4002 4002 4002 4002 4002 4002 4002 4003 4003 4004 4004 4005 4005 4002 4002 4004 4004 4004 4004 4003 4003 4006 4006 4006 4006 4005 4005 4004 4004 4002 4002 4007 4007 4003 4003 4008 4008 4002 4002 4005 4005 4008 4008 4007 4007 4002 4002 4003 4003 4007 4007 4006 4006 4009 4009 4005 4005 4006 4006 4009 4009 4008 4008 4005 4005 4006 4006 4007 4007 4009 4009 4007 4007 4008 4008 4009 4009 4010 4010 4010 4010 4010 4010 4010 4010 4011 4011 4012 4012 4013 4013 4010 4010 4012 4012 4012 4012 4011 4011 4014 4014 4014 4014 4013 4013 4012 4012 4010 4010 4015 4015 4011 4011 4016 4016 4010 4010 4013 4013 4016 4016 4015 4015 4010 4010 4011 4011 4015 4015 4014 4014 4017 4017 4013 4013 4014 4014 4017 4017 4016 4016 4013 4013 4014 4014 4015 4015 4017 4017 4015 4015 4016 4016 4017 4017 4018 4018 4018 4018 4018 4018 4018 4018 4019 4019 4020 4020 4021 4021 4018 4018 4020 4020 4020 4020 4019 4019 4022 4022 4022 4022 4021 4021 4020 4020 4018 4018 4023 4023 4019 4019 4024 4024 4018 4018 4021 4021 4024 4024 4023 4023 4018 4018 4019 4019 4023 4023 4022 4022 4025 4025 4021 4021 4022 4022 4025 4025 4024 4024 4021 4021 4022 4022 4023 4023 4025 4025 4023 4023 4024 4024 4025 4025 4026 4026 4026 4026 4026 4026 4026 4026 4027 4027 4028 4028 4029 4029 4026 4026 4028 4028 4028 4028 4027 4027 4030 4030 4030 4030 4029 4029 4028 4028 4026 4026 4031 4031 4027 4027 4032 4032 4026 4026 4029 4029 4032 4032 4031 4031 4026 4026 4027 4027 4031 4031 4030 4030 4033 4033 4029 4029 4030 4030 4033 4033 4032 4032 4029 4029 4030 4030 4031 4031 4033 4033 4031 4031 4032 4032 4033 4033 4034 4034 4034 4034 4034 4034 4034 4034 4035 4035 4036 4036 4037 4037 4034 4034 4036 4036 4036 4036 4035 4035 4038 4038 4038 4038 4037 4037 4036 4036 4034 4034 4039 4039 4035 4035 4040 4040 4034 4034 4037 4037 4040 4040 4039 4039 4034 4034 4035 4035 4039 4039 4038 4038 4041 4041 4037 4037 4038 4038 4041 4041 4040 4040 4037 4037 4038 4038 4039 4039 4041 4041 4039 4039 4040 4040 4041 4041 4042 4042 4042 4042 4042 4042 4042 4042 4043 4043 4044 4044 4045 4045 4042 4042 4044 4044 4044 4044 4043 4043 4046 4046 4046 4046 4045 4045 4044 4044 4042 4042 4047 4047 4043 4043 4048 4048 4042 4042 4045 4045 4048 4048 4047 4047 4042 4042 4043 4043 4047 4047 4046 4046 4049 4049 4045 4045 4046 4046 4049 4049 4048 4048 4045 4045 4046 4046 4047 4047 4049 4049 4047 4047 4048 4048 4049 4049 4050 4050 4050 4050 4050 4050 4050 4050 4051 4051 4052 4052 4053 4053 4050 4050 4052 4052 4052 4052 4051 4051 4054 4054 4054 4054 4053 4053 4052 4052 4050 4050 4055 4055 4051 4051 4056 4056 4050 4050 4053 4053 4056 4056 4055 4055 4050 4050 4051 4051 4055 4055 4054 4054 4057 4057 4053 4053 4054 4054 4057 4057 4056 4056 4053 4053 4054 4054 4055 4055 4057 4057 4055 4055 4056 4056 4057 4057 4058 4058 4058 4058 4058 4058 4058 4058 4059 4059 4060 4060 4061 4061 4058 4058 4060 4060 4060 4060 4059 4059 4062 4062 4062 4062 4061 4061 4060 4060 4058 4058 4063 4063 4059 4059 4064 4064 4058 4058 4061 4061 4064 4064 4063 4063 4058 4058 4059 4059 4063 4063 4062 4062 4065 4065 4061 4061 4062 4062 4065 4065 4064 4064 4061 4061 4062 4062 4063 4063 4065 4065 4063 4063 4064 4064 4065 4065 4066 4066 4066 4066 4066 4066 4066 4066 4067 4067 4068 4068 4069 4069 4066 4066 4068 4068 4068 4068 4067 4067 4070 4070 4070 4070 4069 4069 4068 4068 4066 4066 4071 4071 4067 4067 4072 4072 4066 4066 4069 4069 4072 4072 4071 4071 4066 4066 4067 4067 4071 4071 4070 4070 4073 4073 4069 4069 4070 4070 4073 4073 4072 4072 4069 4069 4070 4070 4071 4071 4073 4073 4071 4071 4072 4072 4073 4073 4074 4074 4074 4074 4074 4074 4074 4074 4075 4075 4076 4076 4077 4077 4074 4074 4076 4076 4076 4076 4075 4075 4078 4078 4078 4078 4077 4077 4076 4076 4074 4074 4079 4079 4075 4075 4080 4080 4074 4074 4077 4077 4080 4080 4079 4079 4074 4074 4075 4075 4079 4079 4078 4078 4081 4081 4077 4077 4078 4078 4081 4081 4080 4080 4077 4077 4078 4078 4079 4079 4081 4081 4079 4079 4080 4080 4081 4081 4082 4082 4082 4082 4082 4082 4082 4082 4083 4083 4084 4084 4085 4085 4082 4082 4084 4084 4084 4084 4083 4083 4086 4086 4086 4086 4085 4085 4084 4084 4082 4082 4087 4087 4083 4083 4088 4088 4082 4082 4085 4085 4088 4088 4087 4087 4082 4082 4083 4083 4087 4087 4086 4086 4089 4089 4085 4085 4086 4086 4089 4089 4088 4088 4085 4085 4086 4086 4087 4087 4089 4089 4087 4087 4088 4088 4089 4089 4090 4090 4090 4090 4090 4090 4090 4090 4091 4091 4092 4092 4093 4093 4090 4090 4092 4092 4092 4092 4091 4091 4094 4094 4094 4094 4093 4093 4092 4092 4090 4090 4095 4095 4091 4091 4096 4096 4090 4090 4093 4093 4096 4096 4095 4095 4090 4090 4091 4091 4095 4095 4094 4094 4097 4097 4093 4093 4094 4094 4097 4097 4096 4096 4093 4093 4094 4094 4095 4095 4097 4097 4095 4095 4096 4096 4097 4097 4098 4098 4098 4098 4098 4098 4098 4098 4099 4099 4100 4100 4101 4101 4098 4098 4100 4100 4100 4100 4099 4099 4102 4102 4102 4102 4101 4101 4100 4100 4098 4098 4103 4103 4099 4099 4104 4104 4098 4098 4101 4101 4104 4104 4103 4103 4098 4098 4099 4099 4103 4103 4102 4102 4105 4105 4101 4101 4102 4102 4105 4105 4104 4104 4101 4101 4102 4102 4103 4103 4105 4105 4103 4103 4104 4104 4105 4105 4106 4106 4106 4106 4106 4106 4106 4106 4107 4107 4108 4108 4109 4109 4106 4106 4108 4108 4108 4108 4107 4107 4110 4110 4110 4110 4109 4109 4108 4108 4106 4106 4111 4111 4107 4107 4112 4112 4106 4106 4109 4109 4112 4112 4111 4111 4106 4106 4107 4107 4111 4111 4110 4110 4113 4113 4109 4109 4110 4110 4113 4113 4112 4112 4109 4109 4110 4110 4111 4111 4113 4113 4111 4111 4112 4112 4113 4113 4114 4114 4114 4114 4114 4114 4114 4114 4115 4115 4116 4116 4117 4117 4114 4114 4116 4116 4116 4116 4115 4115 4118 4118 4118 4118 4117 4117 4116 4116 4114 4114 4119 4119 4115 4115 4120 4120 4114 4114 4117 4117 4120 4120 4119 4119 4114 4114 4115 4115 4119 4119 4118 4118 4121 4121 4117 4117 4118 4118 4121 4121 4120 4120 4117 4117 4118 4118 4119 4119 4121 4121 4119 4119 4120 4120 4121 4121 4122 4122 4122 4122 4122 4122 4122 4122 4123 4123 4124 4124 4125 4125 4122 4122 4124 4124 4124 4124 4123 4123 4126 4126 4126 4126 4125 4125 4124 4124 4122 4122 4127 4127 4123 4123 4128 4128 4122 4122 4125 4125 4128 4128 4127 4127 4122 4122 4123 4123 4127 4127 4126 4126 4129 4129 4125 4125 4126 4126 4129 4129 4128 4128 4125 4125 4126 4126 4127 4127 4129 4129 4127 4127 4128 4128 4129 4129 4130 4130 4130 4130 4130 4130 4130 4130 4131 4131 4132 4132 4133 4133 4130 4130 4132 4132 4132 4132 4131 4131 4134 4134 4134 4134 4133 4133 4132 4132 4130 4130 4135 4135 4131 4131 4136 4136 4130 4130 4133 4133 4136 4136 4135 4135 4130 4130 4131 4131 4135 4135 4134 4134 4137 4137 4133 4133 4134 4134 4137 4137 4136 4136 4133 4133 4134 4134 4135 4135 4137 4137 4135 4135 4136 4136 4137 4137 4138 4138 4138 4138 4138 4138 4138 4138 4139 4139 4140 4140 4141 4141 4138 4138 4140 4140 4140 4140 4139 4139 4142 4142 4142 4142 4141 4141 4140 4140 4138 4138 4143 4143 4139 4139 4144 4144 4138 4138 4141 4141 4144 4144 4143 4143 4138 4138 4139 4139 4143 4143 4142 4142 4145 4145 4141 4141 4142 4142 4145 4145 4144 4144 4141 4141 4142 4142 4143 4143 4145 4145 4143 4143 4144 4144 4145 4145 4146 4146 4146 4146 4146 4146 4146 4146 4147 4147 4148 4148 4149 4149 4146 4146 4148 4148 4148 4148 4147 4147 4150 4150 4150 4150 4149 4149 4148 4148 4146 4146 4151 4151 4147 4147 4152 4152 4146 4146 4149 4149 4152 4152 4151 4151 4146 4146 4147 4147 4151 4151 4150 4150 4153 4153 4149 4149 4150 4150 4153 4153 4152 4152 4149 4149 4150 4150 4151 4151 4153 4153 4151 4151 4152 4152 4153 4153 4154 4154 4154 4154 4154 4154 4154 4154 4155 4155 4156 4156 4157 4157 4154 4154 4156 4156 4156 4156 4155 4155 4158 4158 4158 4158 4157 4157 4156 4156 4154 4154 4159 4159 4155 4155 4160 4160 4154 4154 4157 4157 4160 4160 4159 4159 4154 4154 4155 4155 4159 4159 4158 4158 4161 4161 4157 4157 4158 4158 4161 4161 4160 4160 4157 4157 4158 4158 4159 4159 4161 4161 4159 4159 4160 4160 4161 4161 4162 4162 4162 4162 4162 4162 4162 4162 4163 4163 4164 4164 4162 4162 4164 4164 4165 4165 4165 4165 4164 4164 4166 4166 4164 4164 4163 4163 4167 4167 4164 4164 4167 4167 4166 4166 4168 4168 4163 4163 4162 4162 4168 4168 4162 4162 4169 4169 4169 4169 4162 4162 4165 4165 4170 4170 4163 4163 4171 4171 4171 4171 4163 4163 4172 4172 4172 4172 4163 4163 4173 4173 4173 4173 4163 4163 4174 4174 4174 4174 4163 4163 4175 4175 4175 4175 4163 4163 4176 4176 4176 4176 4163 4163 4177 4177 4177 4177 4163 4163 4178 4178 4178 4178 4163 4163 4179 4179 4179 4179 4163 4163 4168 4168 4167 4167 4163 4163 4180 4180 4180 4180 4163 4163 4181 4181 4181 4181 4163 4163 4182 4182 4182 4182 4163 4163 4183 4183 4183 4183 4163 4163 4184 4184 4184 4184 4163 4163 4185 4185 4185 4185 4163 4163 4186 4186 4186 4186 4163 4163 4187 4187 4187 4187 4163 4163 4188 4188 4188 4188 4163 4163 4189 4189 4189 4189 4163 4163 4170 4170 4169 4169 4165 4165 4190 4190 4165 4165 4166 4166 4190 4190 4166 4166 4167 4167 4191 4191 4166 4166 4191 4191 4190 4190 4167 4167 4180 4180 4191 4191 4179 4179 4168 4168 4192 4192 4192 4192 4168 4168 4169 4169 4192 4192 4169 4169 4190 4190 4170 4170 4171 4171 4193 4193 4189 4189 4170 4170 4194 4194 4194 4194 4170 4170 4193 4193 4193 4193 4171 4171 4195 4195 4171 4171 4172 4172 4195 4195 4195 4195 4172 4172 4196 4196 4172 4172 4173 4173 4196 4196 4196 4196 4173 4173 4197 4197 4173 4173 4174 4174 4197 4197 4197 4197 4174 4174 4198 4198 4174 4174 4175 4175 4198 4198 4198 4198 4175 4175 4199 4199 4175 4175 4176 4176 4199 4199 4199 4199 4176 4176 4200 4200 4176 4176 4177 4177 4200 4200 4200 4200 4177 4177 4201 4201 4177 4177 4178 4178 4201 4201 4201 4201 4178 4178 4202 4202 4178 4178 4179 4179 4202 4202 4202 4202 4179 4179 4192 4192 4191 4191 4180 4180 4203 4203 4180 4180 4181 4181 4203 4203 4203 4203 4181 4181 4204 4204 4181 4181 4182 4182 4204 4204 4204 4204 4182 4182 4205 4205 4182 4182 4183 4183 4205 4205 4205 4205 4183 4183 4206 4206 4183 4183 4184 4184 4206 4206 4206 4206 4184 4184 4207 4207 4184 4184 4185 4185 4207 4207 4207 4207 4185 4185 4208 4208 4185 4185 4186 4186 4208 4208 4208 4208 4186 4186 4209 4209 4186 4186 4187 4187 4209 4209 4209 4209 4187 4187 4210 4210 4187 4187 4188 4188 4210 4210 4210 4210 4188 4188 4211 4211 4188 4188 4189 4189 4211 4211 4211 4211 4189 4189 4194 4194 4193 4193 4195 4195 4190 4190 4195 4195 4196 4196 4190 4190 4196 4196 4197 4197 4190 4190 4197 4197 4198 4198 4190 4190 4198 4198 4199 4199 4190 4190 4199 4199 4200 4200 4190 4190 4200 4200 4201 4201 4190 4190 4201 4201 4202 4202 4190 4190 4202 4202 4192 4192 4190 4190 4191 4191 4203 4203 4190 4190 4203 4203 4204 4204 4190 4190 4204 4204 4205 4205 4190 4190 4205 4205 4206 4206 4190 4190 4206 4206 4207 4207 4190 4190 4207 4207 4208 4208 4190 4190 4208 4208 4209 4209 4190 4190 4209 4209 4210 4210 4190 4190 4210 4210 4211 4211 4190 4190 4211 4211 4194 4194 4190 4190 4194 4194 4193 4193 4190 4190 4212 4212 4212 4212 4212 4212 4212 4212 4213 4213 4214 4214 4212 4212 4214 4214 4215 4215 4215 4215 4214 4214 4216 4216 4214 4214 4213 4213 4217 4217 4214 4214 4217 4217 4216 4216 4218 4218 4213 4213 4212 4212 4218 4218 4212 4212 4219 4219 4219 4219 4212 4212 4215 4215 4220 4220 4213 4213 4221 4221 4221 4221 4213 4213 4222 4222 4222 4222 4213 4213 4223 4223 4223 4223 4213 4213 4224 4224 4224 4224 4213 4213 4225 4225 4225 4225 4213 4213 4226 4226 4226 4226 4213 4213 4227 4227 4227 4227 4213 4213 4228 4228 4228 4228 4213 4213 4229 4229 4229 4229 4213 4213 4218 4218 4217 4217 4213 4213 4230 4230 4230 4230 4213 4213 4231 4231 4231 4231 4213 4213 4232 4232 4232 4232 4213 4213 4233 4233 4233 4233 4213 4213 4234 4234 4234 4234 4213 4213 4235 4235 4235 4235 4213 4213 4236 4236 4236 4236 4213 4213 4237 4237 4237 4237 4213 4213 4238 4238 4238 4238 4213 4213 4239 4239 4239 4239 4213 4213 4220 4220 4219 4219 4215 4215 4240 4240 4215 4215 4216 4216 4240 4240 4216 4216 4217 4217 4241 4241 4216 4216 4241 4241 4240 4240 4217 4217 4230 4230 4241 4241 4229 4229 4218 4218 4242 4242 4242 4242 4218 4218 4219 4219 4242 4242 4219 4219 4240 4240 4220 4220 4221 4221 4243 4243 4239 4239 4220 4220 4244 4244 4244 4244 4220 4220 4243 4243 4243 4243 4221 4221 4245 4245 4221 4221 4222 4222 4245 4245 4245 4245 4222 4222 4246 4246 4222 4222 4223 4223 4246 4246 4246 4246 4223 4223 4247 4247 4223 4223 4224 4224 4247 4247 4247 4247 4224 4224 4248 4248 4224 4224 4225 4225 4248 4248 4248 4248 4225 4225 4249 4249 4225 4225 4226 4226 4249 4249 4249 4249 4226 4226 4250 4250 4226 4226 4227 4227 4250 4250 4250 4250 4227 4227 4251 4251 4227 4227 4228 4228 4251 4251 4251 4251 4228 4228 4252 4252 4228 4228 4229 4229 4252 4252 4252 4252 4229 4229 4242 4242 4241 4241 4230 4230 4253 4253 4230 4230 4231 4231 4253 4253 4253 4253 4231 4231 4254 4254 4231 4231 4232 4232 4254 4254 4254 4254 4232 4232 4255 4255 4232 4232 4233 4233 4255 4255 4255 4255 4233 4233 4256 4256 4233 4233 4234 4234 4256 4256 4256 4256 4234 4234 4257 4257 4234 4234 4235 4235 4257 4257 4257 4257 4235 4235 4258 4258 4235 4235 4236 4236 4258 4258 4258 4258 4236 4236 4259 4259 4236 4236 4237 4237 4259 4259 4259 4259 4237 4237 4260 4260 4237 4237 4238 4238 4260 4260 4260 4260 4238 4238 4261 4261 4238 4238 4239 4239 4261 4261 4261 4261 4239 4239 4244 4244 4243 4243 4245 4245 4240 4240 4245 4245 4246 4246 4240 4240 4246 4246 4247 4247 4240 4240 4247 4247 4248 4248 4240 4240 4248 4248 4249 4249 4240 4240 4249 4249 4250 4250 4240 4240 4250 4250 4251 4251 4240 4240 4251 4251 4252 4252 4240 4240 4252 4252 4242 4242 4240 4240 4241 4241 4253 4253 4240 4240 4253 4253 4254 4254 4240 4240 4254 4254 4255 4255 4240 4240 4255 4255 4256 4256 4240 4240 4256 4256 4257 4257 4240 4240 4257 4257 4258 4258 4240 4240 4258 4258 4259 4259 4240 4240 4259 4259 4260 4260 4240 4240 4260 4260 4261 4261 4240 4240 4261 4261 4244 4244 4240 4240 4244 4244 4243 4243 4240 4240 4262 4262 4262 4262 4262 4262 4262 4262 4263 4263 4264 4264 4262 4262 4264 4264 4265 4265 4265 4265 4264 4264 4266 4266 4264 4264 4263 4263 4267 4267 4264 4264 4267 4267 4266 4266 4268 4268 4263 4263 4262 4262 4268 4268 4262 4262 4269 4269 4269 4269 4262 4262 4265 4265 4270 4270 4263 4263 4271 4271 4271 4271 4263 4263 4272 4272 4272 4272 4263 4263 4273 4273 4273 4273 4263 4263 4274 4274 4274 4274 4263 4263 4275 4275 4275 4275 4263 4263 4276 4276 4276 4276 4263 4263 4277 4277 4277 4277 4263 4263 4278 4278 4278 4278 4263 4263 4279 4279 4279 4279 4263 4263 4280 4280 4280 4280 4263 4263 4281 4281 4281 4281 4263 4263 4282 4282 4282 4282 4263 4263 4283 4283 4283 4283 4263 4263 4268 4268 4267 4267 4263 4263 4284 4284 4284 4284 4263 4263 4285 4285 4285 4285 4263 4263 4286 4286 4286 4286 4263 4263 4287 4287 4287 4287 4263 4263 4288 4288 4288 4288 4263 4263 4289 4289 4289 4289 4263 4263 4290 4290 4290 4290 4263 4263 4291 4291 4291 4291 4263 4263 4292 4292 4292 4292 4263 4263 4293 4293 4293 4293 4263 4263 4294 4294 4294 4294 4263 4263 4295 4295 4295 4295 4263 4263 4296 4296 4296 4296 4263 4263 4297 4297 4297 4297 4263 4263 4270 4270 4269 4269 4265 4265 4298 4298 4265 4265 4266 4266 4298 4298 4266 4266 4267 4267 4299 4299 4266 4266 4299 4299 4298 4298 4267 4267 4284 4284 4299 4299 4283 4283 4268 4268 4300 4300 4300 4300 4268 4268 4269 4269 4300 4300 4269 4269 4298 4298 4270 4270 4271 4271 4301 4301 4297 4297 4270 4270 4302 4302 4302 4302 4270 4270 4301 4301 4301 4301 4271 4271 4303 4303 4271 4271 4272 4272 4303 4303 4303 4303 4272 4272 4304 4304 4272 4272 4273 4273 4304 4304 4304 4304 4273 4273 4305 4305 4273 4273 4274 4274 4305 4305 4305 4305 4274 4274 4306 4306 4274 4274 4275 4275 4306 4306 4306 4306 4275 4275 4307 4307 4275 4275 4276 4276 4307 4307 4307 4307 4276 4276 4308 4308 4276 4276 4277 4277 4308 4308 4308 4308 4277 4277 4309 4309 4277 4277 4278 4278 4309 4309 4309 4309 4278 4278 4310 4310 4278 4278 4279 4279 4310 4310 4310 4310 4279 4279 4311 4311 4279 4279 4280 4280 4311 4311 4311 4311 4280 4280 4312 4312 4280 4280 4281 4281 4312 4312 4312 4312 4281 4281 4313 4313 4281 4281 4282 4282 4313 4313 4313 4313 4282 4282 4314 4314 4282 4282 4283 4283 4314 4314 4314 4314 4283 4283 4300 4300 4299 4299 4284 4284 4315 4315 4284 4284 4285 4285 4315 4315 4315 4315 4285 4285 4316 4316 4285 4285 4286 4286 4316 4316 4316 4316 4286 4286 4317 4317 4286 4286 4287 4287 4317 4317 4317 4317 4287 4287 4318 4318 4287 4287 4288 4288 4318 4318 4318 4318 4288 4288 4319 4319 4288 4288 4289 4289 4319 4319 4319 4319 4289 4289 4320 4320 4289 4289 4290 4290 4320 4320 4320 4320 4290 4290 4321 4321 4290 4290 4291 4291 4321 4321 4321 4321 4291 4291 4322 4322 4291 4291 4292 4292 4322 4322 4322 4322 4292 4292 4323 4323 4292 4292 4293 4293 4323 4323 4323 4323 4293 4293 4324 4324 4293 4293 4294 4294 4324 4324 4324 4324 4294 4294 4325 4325 4294 4294 4295 4295 4325 4325 4325 4325 4295 4295 4326 4326 4295 4295 4296 4296 4326 4326 4326 4326 4296 4296 4327 4327 4296 4296 4297 4297 4327 4327 4327 4327 4297 4297 4302 4302 4301 4301 4303 4303 4298 4298 4303 4303 4304 4304 4298 4298 4304 4304 4305 4305 4298 4298 4305 4305 4306 4306 4298 4298 4306 4306 4307 4307 4298 4298 4307 4307 4308 4308 4298 4298 4308 4308 4309 4309 4298 4298 4309 4309 4310 4310 4298 4298 4310 4310 4311 4311 4298 4298 4311 4311 4312 4312 4298 4298 4312 4312 4313 4313 4298 4298 4313 4313 4314 4314 4298 4298 4314 4314 4300 4300 4298 4298 4299 4299 4315 4315 4298 4298 4315 4315 4316 4316 4298 4298 4316 4316 4317 4317 4298 4298 4317 4317 4318 4318 4298 4298 4318 4318 4319 4319 4298 4298 4319 4319 4320 4320 4298 4298 4320 4320 4321 4321 4298 4298 4321 4321 4322 4322 4298 4298 4322 4322 4323 4323 4298 4298 4323 4323 4324 4324 4298 4298 4324 4324 4325 4325 4298 4298 4325 4325 4326 4326 4298 4298 4326 4326 4327 4327 4298 4298 4327 4327 4302 4302 4298 4298 4302 4302 4301 4301 4298 4298 4328 4328 4328 4328 4328 4328 4328 4328 4329 4329 4330 4330 4331 4331 4328 4328 4330 4330 4330 4330 4329 4329 4332 4332 4332 4332 4331 4331 4330 4330 4328 4328 4333 4333 4329 4329 4334 4334 4328 4328 4331 4331 4334 4334 4333 4333 4328 4328 4329 4329 4333 4333 4332 4332 4335 4335 4331 4331 4332 4332 4335 4335 4334 4334 4331 4331 4332 4332 4333 4333 4335 4335 4333 4333 4334 4334 4335 4335 4336 4336 4336 4336 4336 4336 4336 4336 4337 4337 4338 4338 4339 4339 4336 4336 4338 4338 4338 4338 4337 4337 4340 4340 4340 4340 4339 4339 4338 4338 4336 4336 4341 4341 4337 4337 4342 4342 4336 4336 4339 4339 4342 4342 4341 4341 4336 4336 4337 4337 4341 4341 4340 4340 4343 4343 4339 4339 4340 4340 4343 4343 4342 4342 4339 4339 4340 4340 4341 4341 4343 4343 4341 4341 4342 4342 4343 4343 4344 4344 4344 4344 4344 4344 4344 4344 4345 4345 4346 4346 4347 4347 4344 4344 4346 4346 4344 4344 4348 4348 4345 4345 4349 4349 4344 4344 4347 4347 4349 4349 4348 4348 4344 4344 4346 4346 4345 4345 4350 4350 4345 4345 4348 4348 4350 4350 4350 4350 4347 4347 4346 4346 4351 4351 4347 4347 4350 4350 4351 4351 4349 4349 4347 4347 4350 4350 4348 4348 4351 4351 4348 4348 4349 4349 4351 4351 4352 4352 4352 4352 4352 4352 4352 4352 4353 4353 4354 4354 4355 4355 4352 4352 4354 4354 4352 4352 4356 4356 4353 4353 4357 4357 4352 4352 4355 4355 4357 4357 4356 4356 4352 4352 4354 4354 4353 4353 4358 4358 4353 4353 4356 4356 4358 4358 4358 4358 4355 4355 4354 4354 4359 4359 4355 4355 4358 4358 4359 4359 4357 4357 4355 4355 4358 4358 4356 4356 4359 4359 4356 4356 4357 4357 4359 4359 4360 4360 4360 4360 4360 4360 4360 4360 4361 4361 4362 4362 4363 4363 4360 4360 4362 4362 4360 4360 4364 4364 4361 4361 4365 4365 4360 4360 4363 4363 4365 4365 4364 4364 4360 4360 4362 4362 4361 4361 4366 4366 4361 4361 4364 4364 4366 4366 4366 4366 4363 4363 4362 4362 4367 4367 4363 4363 4366 4366 4367 4367 4365 4365 4363 4363 4366 4366 4364 4364 4367 4367 4364 4364 4365 4365 4367 4367 4368 4368 4368 4368 4368 4368 4368 4368 4369 4369 4370 4370 4371 4371 4368 4368 4370 4370 4368 4368 4372 4372 4369 4369 4373 4373 4368 4368 4371 4371 4373 4373 4372 4372 4368 4368 4370 4370 4369 4369 4374 4374 4369 4369 4372 4372 4374 4374 4374 4374 4371 4371 4370 4370 4375 4375 4371 4371 4374 4374 4375 4375 4373 4373 4371 4371 4374 4374 4372 4372 4375 4375 4372 4372 4373 4373 4375 4375 4376 4376 4376 4376 4376 4376 4376 4376 4377 4377 4378 4378 4379 4379 4376 4376 4378 4378 4376 4376 4380 4380 4377 4377 4381 4381 4376 4376 4379 4379 4381 4381 4380 4380 4376 4376 4378 4378 4377 4377 4382 4382 4377 4377 4380 4380 4382 4382 4382 4382 4379 4379 4378 4378 4383 4383 4379 4379 4382 4382 4383 4383 4381 4381 4379 4379 4382 4382 4380 4380 4383 4383 4380 4380 4381 4381 4383 4383 4384 4384 4384 4384 4384 4384 4384 4384 4385 4385 4386 4386 4387 4387 4384 4384 4386 4386 4384 4384 4388 4388 4385 4385 4389 4389 4384 4384 4387 4387 4389 4389 4388 4388 4384 4384 4386 4386 4385 4385 4390 4390 4385 4385 4388 4388 4390 4390 4390 4390 4387 4387 4386 4386 4391 4391 4387 4387 4390 4390 4391 4391 4389 4389 4387 4387 4390 4390 4388 4388 4391 4391 4388 4388 4389 4389 4391 4391 4392 4392 4392 4392 4392 4392 4392 4392 4393 4393 4394 4394 4395 4395 4392 4392 4394 4394 4392 4392 4396 4396 4393 4393 4397 4397 4392 4392 4395 4395 4397 4397 4396 4396 4392 4392 4394 4394 4393 4393 4398 4398 4393 4393 4396 4396 4398 4398 4398 4398 4395 4395 4394 4394 4399 4399 4395 4395 4398 4398 4399 4399 4397 4397 4395 4395 4398 4398 4396 4396 4399 4399 4396 4396 4397 4397 4399 4399 4400 4400 4400 4400 4400 4400 4400 4400 4401 4401 4402 4402 4403 4403 4400 4400 4402 4402 4400 4400 4404 4404 4401 4401 4405 4405 4400 4400 4403 4403 4405 4405 4404 4404 4400 4400 4402 4402 4401 4401 4406 4406 4401 4401 4404 4404 4406 4406 4406 4406 4403 4403 4402 4402 4407 4407 4403 4403 4406 4406 4407 4407 4405 4405 4403 4403 4406 4406 4404 4404 4407 4407 4404 4404 4405 4405 4407 4407 4408 4408 4408 4408 4408 4408 4408 4408 4409 4409 4410 4410 4411 4411 4408 4408 4410 4410 4408 4408 4412 4412 4409 4409 4413 4413 4408 4408 4411 4411 4413 4413 4412 4412 4408 4408 4410 4410 4409 4409 4414 4414 4409 4409 4412 4412 4414 4414 4414 4414 4411 4411 4410 4410 4415 4415 4411 4411 4414 4414 4415 4415 4413 4413 4411 4411 4414 4414 4412 4412 4415 4415 4412 4412 4413 4413 4415 4415 4416 4416 4416 4416 4416 4416 4416 4416 4417 4417 4418 4418 4419 4419 4416 4416 4418 4418 4416 4416 4420 4420 4417 4417 4421 4421 4416 4416 4419 4419 4421 4421 4420 4420 4416 4416 4418 4418 4417 4417 4422 4422 4417 4417 4420 4420 4422 4422 4422 4422 4419 4419 4418 4418 4423 4423 4419 4419 4422 4422 4423 4423 4421 4421 4419 4419 4422 4422 4420 4420 4423 4423 4420 4420 4421 4421 4423 4423 4424 4424 4424 4424 4424 4424 4424 4424 4425 4425 4426 4426 4427 4427 4424 4424 4426 4426 4424 4424 4428 4428 4425 4425 4429 4429 4424 4424 4427 4427 4429 4429 4428 4428 4424 4424 4426 4426 4425 4425 4430 4430 4425 4425 4428 4428 4430 4430 4430 4430 4427 4427 4426 4426 4431 4431 4427 4427 4430 4430 4431 4431 4429 4429 4427 4427 4430 4430 4428 4428 4431 4431 4428 4428 4429 4429 4431 4431 4432 4432 4432 4432 4432 4432 4432 4432 4433 4433 4434 4434 4435 4435 4432 4432 4434 4434 4432 4432 4436 4436 4433 4433 4437 4437 4432 4432 4435 4435 4437 4437 4436 4436 4432 4432 4434 4434 4433 4433 4438 4438 4433 4433 4436 4436 4438 4438 4438 4438 4435 4435 4434 4434 4439 4439 4435 4435 4438 4438 4439 4439 4437 4437 4435 4435 4438 4438 4436 4436 4439 4439 4436 4436 4437 4437 4439 4439 4440 4440 4440 4440 4440 4440 4440 4440 4441 4441 4442 4442 4443 4443 4440 4440 4442 4442 4440 4440 4444 4444 4441 4441 4445 4445 4440 4440 4443 4443 4445 4445 4444 4444 4440 4440 4442 4442 4441 4441 4446 4446 4441 4441 4444 4444 4446 4446 4446 4446 4443 4443 4442 4442 4447 4447 4443 4443 4446 4446 4447 4447 4445 4445 4443 4443 4446 4446 4444 4444 4447 4447 4444 4444 4445 4445 4447 4447 4448 4448 4448 4448 4448 4448 4448 4448 4449 4449 4450 4450 4451 4451 4448 4448 4450 4450 4448 4448 4452 4452 4449 4449 4453 4453 4448 4448 4451 4451 4453 4453 4452 4452 4448 4448 4450 4450 4449 4449 4454 4454 4449 4449 4452 4452 4454 4454 4454 4454 4451 4451 4450 4450 4455 4455 4451 4451 4454 4454 4455 4455 4453 4453 4451 4451 4454 4454 4452 4452 4455 4455 4452 4452 4453 4453 4455 4455 4456 4456 4456 4456 4456 4456 4456 4456 4457 4457 4458 4458 4459 4459 4456 4456 4458 4458 4456 4456 4460 4460 4457 4457 4461 4461 4456 4456 4459 4459 4461 4461 4460 4460 4456 4456 4458 4458 4457 4457 4462 4462 4457 4457 4460 4460 4462 4462 4462 4462 4459 4459 4458 4458 4463 4463 4459 4459 4462 4462 4463 4463 4461 4461 4459 4459 4462 4462 4460 4460 4463 4463 4460 4460 4461 4461 4463 4463 4464 4464 4464 4464 4464 4464 4464 4464 4465 4465 4466 4466 4467 4467 4464 4464 4466 4466 4464 4464 4468 4468 4465 4465 4469 4469 4464 4464 4467 4467 4469 4469 4468 4468 4464 4464 4466 4466 4465 4465 4470 4470 4465 4465 4468 4468 4470 4470 4470 4470 4467 4467 4466 4466 4471 4471 4467 4467 4470 4470 4471 4471 4469 4469 4467 4467 4470 4470 4468 4468 4471 4471 4468 4468 4469 4469 4471 4471 4472 4472 4472 4472 4472 4472 4472 4472 4473 4473 4474 4474 4475 4475 4472 4472 4474 4474 4472 4472 4476 4476 4473 4473 4477 4477 4472 4472 4475 4475 4477 4477 4476 4476 4472 4472 4474 4474 4473 4473 4478 4478 4473 4473 4476 4476 4478 4478 4478 4478 4475 4475 4474 4474 4479 4479 4475 4475 4478 4478 4479 4479 4477 4477 4475 4475 4478 4478 4476 4476 4479 4479 4476 4476 4477 4477 4479 4479 4480 4480 4480 4480 4480 4480 4480 4480 4481 4481 4482 4482 4483 4483 4480 4480 4482 4482 4480 4480 4484 4484 4481 4481 4485 4485 4480 4480 4483 4483 4485 4485 4484 4484 4480 4480 4482 4482 4481 4481 4486 4486 4481 4481 4484 4484 4486 4486 4486 4486 4483 4483 4482 4482 4487 4487 4483 4483 4486 4486 4487 4487 4485 4485 4483 4483 4486 4486 4484 4484 4487 4487 4484 4484 4485 4485 4487 4487 4488 4488 4488 4488 4488 4488 4488 4488 4489 4489 4490 4490 4491 4491 4488 4488 4490 4490 4488 4488 4492 4492 4489 4489 4493 4493 4488 4488 4491 4491 4493 4493 4492 4492 4488 4488 4490 4490 4489 4489 4494 4494 4489 4489 4492 4492 4494 4494 4494 4494 4491 4491 4490 4490 4495 4495 4491 4491 4494 4494 4495 4495 4493 4493 4491 4491 4494 4494 4492 4492 4495 4495 4492 4492 4493 4493 4495 4495 4496 4496 4496 4496 4496 4496 4496 4496 4497 4497 4498 4498 4499 4499 4496 4496 4498 4498 4496 4496 4500 4500 4497 4497 4501 4501 4496 4496 4499 4499 4501 4501 4500 4500 4496 4496 4498 4498 4497 4497 4502 4502 4497 4497 4500 4500 4502 4502 4502 4502 4499 4499 4498 4498 4503 4503 4499 4499 4502 4502 4503 4503 4501 4501 4499 4499 4502 4502 4500 4500 4503 4503 4500 4500 4501 4501 4503 4503 4504 4504 4504 4504 4504 4504 4504 4504 4505 4505 4506 4506 4507 4507 4504 4504 4506 4506 4504 4504 4508 4508 4505 4505 4509 4509 4504 4504 4507 4507 4509 4509 4508 4508 4504 4504 4506 4506 4505 4505 4510 4510 4505 4505 4508 4508 4510 4510 4510 4510 4507 4507 4506 4506 4511 4511 4507 4507 4510 4510 4511 4511 4509 4509 4507 4507 4510 4510 4508 4508 4511 4511 4508 4508 4509 4509 4511 4511 4512 4512 4512 4512 4512 4512 4512 4512 4513 4513 4514 4514 4515 4515 4512 4512 4514 4514 4512 4512 4516 4516 4513 4513 4517 4517 4512 4512 4515 4515 4517 4517 4516 4516 4512 4512 4514 4514 4513 4513 4518 4518 4513 4513 4516 4516 4518 4518 4518 4518 4515 4515 4514 4514 4519 4519 4515 4515 4518 4518 4519 4519 4517 4517 4515 4515 4518 4518 4516 4516 4519 4519 4516 4516 4517 4517 4519 4519 4520 4520 4520 4520 4520 4520 4520 4520 4521 4521 4522 4522 4523 4523 4520 4520 4522 4522 4520 4520 4524 4524 4521 4521 4525 4525 4520 4520 4523 4523 4525 4525 4524 4524 4520 4520 4522 4522 4521 4521 4526 4526 4521 4521 4524 4524 4526 4526 4526 4526 4523 4523 4522 4522 4527 4527 4523 4523 4526 4526 4527 4527 4525 4525 4523 4523 4526 4526 4524 4524 4527 4527 4524 4524 4525 4525 4527 4527 4528 4528 4528 4528 4528 4528 4528 4528 4529 4529 4530 4530 4531 4531 4528 4528 4530 4530 4528 4528 4532 4532 4529 4529 4533 4533 4528 4528 4531 4531 4533 4533 4532 4532 4528 4528 4530 4530 4529 4529 4534 4534 4529 4529 4532 4532 4534 4534 4534 4534 4531 4531 4530 4530 4535 4535 4531 4531 4534 4534 4535 4535 4533 4533 4531 4531 4534 4534 4532 4532 4535 4535 4532 4532 4533 4533 4535 4535 4536 4536 4536 4536 4536 4536 4536 4536 4537 4537 4538 4538 4539 4539 4536 4536 4538 4538 4536 4536 4540 4540 4537 4537 4541 4541 4536 4536 4539 4539 4541 4541 4540 4540 4536 4536 4538 4538 4537 4537 4542 4542 4537 4537 4540 4540 4542 4542 4542 4542 4539 4539 4538 4538 4543 4543 4539 4539 4542 4542 4543 4543 4541 4541 4539 4539 4542 4542 4540 4540 4543 4543 4540 4540 4541 4541 4543 4543 4544 4544 4544 4544 4544 4544 4544 4544 4545 4545 4546 4546 4547 4547 4544 4544 4546 4546 4544 4544 4548 4548 4545 4545 4549 4549 4544 4544 4547 4547 4549 4549 4548 4548 4544 4544 4546 4546 4545 4545 4550 4550 4545 4545 4548 4548 4550 4550 4550 4550 4547 4547 4546 4546 4551 4551 4547 4547 4550 4550 4551 4551 4549 4549 4547 4547 4550 4550 4548 4548 4551 4551 4548 4548 4549 4549 4551 4551 4552 4552 4552 4552 4552 4552 4552 4552 4553 4553 4554 4554 4555 4555 4552 4552 4554 4554 4552 4552 4556 4556 4553 4553 4557 4557 4552 4552 4555 4555 4557 4557 4556 4556 4552 4552 4554 4554 4553 4553 4558 4558 4553 4553 4556 4556 4558 4558 4558 4558 4555 4555 4554 4554 4559 4559 4555 4555 4558 4558 4559 4559 4557 4557 4555 4555 4558 4558 4556 4556 4559 4559 4556 4556 4557 4557 4559 4559 4560 4560 4560 4560 4560 4560 4560 4560 4561 4561 4562 4562 4563 4563 4560 4560 4562 4562 4560 4560 4564 4564 4561 4561 4565 4565 4560 4560 4563 4563 4565 4565 4564 4564 4560 4560 4562 4562 4561 4561 4566 4566 4561 4561 4564 4564 4566 4566 4566 4566 4563 4563 4562 4562 4567 4567 4563 4563 4566 4566 4567 4567 4565 4565 4563 4563 4566 4566 4564 4564 4567 4567 4564 4564 4565 4565 4567 4567 4568 4568 4568 4568 4568 4568 4568 4568 4569 4569 4570 4570 4571 4571 4568 4568 4570 4570 4568 4568 4572 4572 4569 4569 4573 4573 4568 4568 4571 4571 4573 4573 4572 4572 4568 4568 4570 4570 4569 4569 4574 4574 4569 4569 4572 4572 4574 4574 4574 4574 4571 4571 4570 4570 4575 4575 4571 4571 4574 4574 4575 4575 4573 4573 4571 4571 4574 4574 4572 4572 4575 4575 4572 4572 4573 4573 4575 4575 4576 4576 4576 4576 4576 4576 4576 4576 4577 4577 4578 4578 4579 4579 4576 4576 4578 4578 4576 4576 4580 4580 4577 4577 4581 4581 4576 4576 4579 4579 4581 4581 4580 4580 4576 4576 4578 4578 4577 4577 4582 4582 4577 4577 4580 4580 4582 4582 4582 4582 4579 4579 4578 4578 4583 4583 4579 4579 4582 4582 4583 4583 4581 4581 4579 4579 4582 4582 4580 4580 4583 4583 4580 4580 4581 4581 4583 4583 4584 4584 4584 4584 4584 4584 4584 4584 4585 4585 4586 4586 4587 4587 4584 4584 4586 4586 4584 4584 4588 4588 4585 4585 4589 4589 4584 4584 4587 4587 4589 4589 4588 4588 4584 4584 4586 4586 4585 4585 4590 4590 4585 4585 4588 4588 4590 4590 4590 4590 4587 4587 4586 4586 4591 4591 4587 4587 4590 4590 4591 4591 4589 4589 4587 4587 4590 4590 4588 4588 4591 4591 4588 4588 4589 4589 4591 4591 4592 4592 4592 4592 4592 4592 4592 4592 4593 4593 4594 4594 4595 4595 4592 4592 4594 4594 4592 4592 4596 4596 4593 4593 4597 4597 4592 4592 4595 4595 4597 4597 4596 4596 4592 4592 4594 4594 4593 4593 4598 4598 4593 4593 4596 4596 4598 4598 4598 4598 4595 4595 4594 4594 4599 4599 4595 4595 4598 4598 4599 4599 4597 4597 4595 4595 4598 4598 4596 4596 4599 4599 4596 4596 4597 4597 4599 4599 4600 4600 4600 4600 4600 4600 4600 4600 4601 4601 4602 4602 4603 4603 4600 4600 4602 4602 4600 4600 4604 4604 4601 4601 4605 4605 4600 4600 4603 4603 4605 4605 4604 4604 4600 4600 4602 4602 4601 4601 4606 4606 4601 4601 4604 4604 4606 4606 4606 4606 4603 4603 4602 4602 4607 4607 4603 4603 4606 4606 4607 4607 4605 4605 4603 4603 4606 4606 4604 4604 4607 4607 4604 4604 4605 4605 4607 4607 4608 4608 4608 4608 4608 4608 4608 4608 4609 4609 4610 4610 4611 4611 4608 4608 4610 4610 4608 4608 4612 4612 4609 4609 4613 4613 4608 4608 4611 4611 4613 4613 4612 4612 4608 4608 4610 4610 4609 4609 4614 4614 4609 4609 4612 4612 4614 4614 4614 4614 4611 4611 4610 4610 4615 4615 4611 4611 4614 4614 4615 4615 4613 4613 4611 4611 4614 4614 4612 4612 4615 4615 4612 4612 4613 4613 4615 4615 4616 4616 4616 4616 4616 4616 4616 4616 4617 4617 4618 4618 4619 4619 4616 4616 4618 4618 4616 4616 4620 4620 4617 4617 4621 4621 4616 4616 4619 4619 4621 4621 4620 4620 4616 4616 4618 4618 4617 4617 4622 4622 4617 4617 4620 4620 4622 4622 4622 4622 4619 4619 4618 4618 4623 4623 4619 4619 4622 4622 4623 4623 4621 4621 4619 4619 4622 4622 4620 4620 4623 4623 4620 4620 4621 4621 4623 4623 4624 4624 4624 4624 4624 4624 4624 4624 4625 4625 4626 4626 4627 4627 4624 4624 4626 4626 4624 4624 4628 4628 4625 4625 4629 4629 4624 4624 4627 4627 4629 4629 4628 4628 4624 4624 4626 4626 4625 4625 4630 4630 4625 4625 4628 4628 4630 4630 4630 4630 4627 4627 4626 4626 4631 4631 4627 4627 4630 4630 4631 4631 4629 4629 4627 4627 4630 4630 4628 4628 4631 4631 4628 4628 4629 4629 4631 4631 4632 4632 4632 4632 4632 4632 4632 4632 4633 4633 4634 4634 4635 4635 4632 4632 4634 4634 4632 4632 4636 4636 4633 4633 4637 4637 4632 4632 4635 4635 4637 4637 4636 4636 4632 4632 4634 4634 4633 4633 4638 4638 4633 4633 4636 4636 4638 4638 4638 4638 4635 4635 4634 4634 4639 4639 4635 4635 4638 4638 4639 4639 4637 4637 4635 4635 4638 4638 4636 4636 4639 4639 4636 4636 4637 4637 4639 4639 4640 4640 4640 4640 4640 4640 4640 4640 4641 4641 4642 4642 4643 4643 4640 4640 4642 4642 4640 4640 4644 4644 4641 4641 4645 4645 4640 4640 4643 4643 4645 4645 4644 4644 4640 4640 4642 4642 4641 4641 4646 4646 4641 4641 4644 4644 4646 4646 4646 4646 4643 4643 4642 4642 4647 4647 4643 4643 4646 4646 4647 4647 4645 4645 4643 4643 4646 4646 4644 4644 4647 4647 4644 4644 4645 4645 4647 4647 4648 4648 4648 4648 4648 4648 4648 4648 4649 4649 4650 4650 4651 4651 4648 4648 4650 4650 4648 4648 4652 4652 4649 4649 4653 4653 4648 4648 4651 4651 4653 4653 4652 4652 4648 4648 4650 4650 4649 4649 4654 4654 4649 4649 4652 4652 4654 4654 4654 4654 4651 4651 4650 4650 4655 4655 4651 4651 4654 4654 4655 4655 4653 4653 4651 4651 4654 4654 4652 4652 4655 4655 4652 4652 4653 4653 4655 4655 4656 4656 4656 4656 4656 4656 4656 4656 4657 4657 4658 4658 4659 4659 4656 4656 4658 4658 4656 4656 4660 4660 4657 4657 4661 4661 4656 4656 4659 4659 4661 4661 4660 4660 4656 4656 4658 4658 4657 4657 4662 4662 4657 4657 4660 4660 4662 4662 4662 4662 4659 4659 4658 4658 4663 4663 4659 4659 4662 4662 4663 4663 4661 4661 4659 4659 4662 4662 4660 4660 4663 4663 4660 4660 4661 4661 4663 4663 4664 4664 4664 4664 4664 4664 4664 4664 4665 4665 4666 4666 4667 4667 4664 4664 4666 4666 4664 4664 4668 4668 4665 4665 4669 4669 4664 4664 4667 4667 4669 4669 4668 4668 4664 4664 4666 4666 4665 4665 4670 4670 4665 4665 4668 4668 4670 4670 4670 4670 4667 4667 4666 4666 4671 4671 4667 4667 4670 4670 4671 4671 4669 4669 4667 4667 4670 4670 4668 4668 4671 4671 4668 4668 4669 4669 4671 4671 4672 4672 4672 4672 4672 4672 4672 4672 4673 4673 4674 4674 4675 4675 4672 4672 4674 4674 4672 4672 4676 4676 4673 4673 4677 4677 4672 4672 4675 4675 4677 4677 4676 4676 4672 4672 4674 4674 4673 4673 4678 4678 4673 4673 4676 4676 4678 4678 4678 4678 4675 4675 4674 4674 4679 4679 4675 4675 4678 4678 4679 4679 4677 4677 4675 4675 4678 4678 4676 4676 4679 4679 4676 4676 4677 4677 4679 4679 4680 4680 4680 4680 4680 4680 4680 4680 4681 4681 4682 4682 4683 4683 4680 4680 4682 4682 4680 4680 4684 4684 4681 4681 4685 4685 4680 4680 4683 4683 4685 4685 4684 4684 4680 4680 4682 4682 4681 4681 4686 4686 4681 4681 4684 4684 4686 4686 4686 4686 4683 4683 4682 4682 4687 4687 4683 4683 4686 4686 4687 4687 4685 4685 4683 4683 4686 4686 4684 4684 4687 4687 4684 4684 4685 4685 4687 4687 4688 4688 4688 4688 4688 4688 4688 4688 4689 4689 4690 4690 4691 4691 4688 4688 4690 4690 4688 4688 4692 4692 4689 4689 4693 4693 4688 4688 4691 4691 4693 4693 4692 4692 4688 4688 4690 4690 4689 4689 4694 4694 4689 4689 4692 4692 4694 4694 4694 4694 4691 4691 4690 4690 4695 4695 4691 4691 4694 4694 4695 4695 4693 4693 4691 4691 4694 4694 4692 4692 4695 4695 4692 4692 4693 4693 4695 4695 4696 4696 4696 4696 4696 4696 4696 4696 4697 4697 4698 4698 4699 4699 4696 4696 4698 4698 4696 4696 4700 4700 4697 4697 4701 4701 4696 4696 4699 4699 4701 4701 4700 4700 4696 4696 4698 4698 4697 4697 4702 4702 4697 4697 4700 4700 4702 4702 4702 4702 4699 4699 4698 4698 4703 4703 4699 4699 4702 4702 4703 4703 4701 4701 4699 4699 4702 4702 4700 4700 4703 4703 4700 4700 4701 4701 4703 4703 4704 4704 4704 4704 4704 4704 4704 4704 4705 4705 4706 4706 4707 4707 4704 4704 4706 4706 4704 4704 4708 4708 4705 4705 4709 4709 4704 4704 4707 4707 4709 4709 4708 4708 4704 4704 4706 4706 4705 4705 4710 4710 4705 4705 4708 4708 4710 4710 4710 4710 4707 4707 4706 4706 4711 4711 4707 4707 4710 4710 4711 4711 4709 4709 4707 4707 4710 4710 4708 4708 4711 4711 4708 4708 4709 4709 4711 4711 4712 4712 4712 4712 4712 4712 4712 4712 4713 4713 4714 4714 4715 4715 4712 4712 4714 4714 4712 4712 4716 4716 4713 4713 4717 4717 4712 4712 4715 4715 4717 4717 4716 4716 4712 4712 4714 4714 4713 4713 4718 4718 4713 4713 4716 4716 4718 4718 4718 4718 4715 4715 4714 4714 4719 4719 4715 4715 4718 4718 4719 4719 4717 4717 4715 4715 4718 4718 4716 4716 4719 4719 4716 4716 4717 4717 4719 4719 4720 4720 4720 4720 4720 4720 4720 4720 4721 4721 4722 4722 4723 4723 4720 4720 4722 4722 4720 4720 4724 4724 4721 4721 4725 4725 4720 4720 4723 4723 4725 4725 4724 4724 4720 4720 4722 4722 4721 4721 4726 4726 4721 4721 4724 4724 4726 4726 4726 4726 4723 4723 4722 4722 4727 4727 4723 4723 4726 4726 4727 4727 4725 4725 4723 4723 4726 4726 4724 4724 4727 4727 4724 4724 4725 4725 4727 4727 4728 4728 4728 4728 4728 4728 4728 4728 4729 4729 4730 4730 4731 4731 4728 4728 4730 4730 4728 4728 4732 4732 4729 4729 4733 4733 4728 4728 4731 4731 4733 4733 4732 4732 4728 4728 4730 4730 4729 4729 4734 4734 4729 4729 4732 4732 4734 4734 4734 4734 4731 4731 4730 4730 4735 4735 4731 4731 4734 4734 4735 4735 4733 4733 4731 4731 4734 4734 4732 4732 4735 4735 4732 4732 4733 4733 4735 4735 4736 4736 4736 4736 4736 4736 4736 4736 4737 4737 4738 4738 4739 4739 4736 4736 4738 4738 4736 4736 4740 4740 4737 4737 4741 4741 4736 4736 4739 4739 4741 4741 4740 4740 4736 4736 4738 4738 4737 4737 4742 4742 4737 4737 4740 4740 4742 4742 4742 4742 4739 4739 4738 4738 4743 4743 4739 4739 4742 4742 4743 4743 4741 4741 4739 4739 4742 4742 4740 4740 4743 4743 4740 4740 4741 4741 4743 4743 4744 4744 4744 4744 4744 4744 4744 4744 4745 4745 4746 4746 4747 4747 4744 4744 4746 4746 4744 4744 4748 4748 4745 4745 4749 4749 4744 4744 4747 4747 4749 4749 4748 4748 4744 4744 4746 4746 4745 4745 4750 4750 4745 4745 4748 4748 4750 4750 4750 4750 4747 4747 4746 4746 4751 4751 4747 4747 4750 4750 4751 4751 4749 4749 4747 4747 4750 4750 4748 4748 4751 4751 4748 4748 4749 4749 4751 4751 4752 4752 4752 4752 4752 4752 4752 4752 4753 4753 4754 4754 4755 4755 4752 4752 4754 4754 4752 4752 4756 4756 4753 4753 4757 4757 4752 4752 4755 4755 4757 4757 4756 4756 4752 4752 4754 4754 4753 4753 4758 4758 4753 4753 4756 4756 4758 4758 4758 4758 4755 4755 4754 4754 4759 4759 4755 4755 4758 4758 4759 4759 4757 4757 4755 4755 4758 4758 4756 4756 4759 4759 4756 4756 4757 4757 4759 4759 4760 4760 4760 4760 4760 4760 4760 4760 4761 4761 4762 4762 4763 4763 4760 4760 4762 4762 4760 4760 4764 4764 4761 4761 4765 4765 4760 4760 4763 4763 4765 4765 4764 4764 4760 4760 4762 4762 4761 4761 4766 4766 4761 4761 4764 4764 4766 4766 4766 4766 4763 4763 4762 4762 4767 4767 4763 4763 4766 4766 4767 4767 4765 4765 4763 4763 4766 4766 4764 4764 4767 4767 4764 4764 4765 4765 4767 4767 4768 4768 4768 4768 4768 4768 4768 4768 4769 4769 4770 4770 4771 4771 4768 4768 4770 4770 4768 4768 4772 4772 4769 4769 4773 4773 4768 4768 4771 4771 4773 4773 4772 4772 4768 4768 4770 4770 4769 4769 4774 4774 4769 4769 4772 4772 4774 4774 4774 4774 4771 4771 4770 4770 4775 4775 4771 4771 4774 4774 4775 4775 4773 4773 4771 4771 4774 4774 4772 4772 4775 4775 4772 4772 4773 4773 4775 4775 4776 4776 4776 4776 4776 4776 4776 4776 4777 4777 4778 4778 4779 4779 4776 4776 4778 4778 4776 4776 4780 4780 4777 4777 4781 4781 4776 4776 4779 4779 4781 4781 4780 4780 4776 4776 4778 4778 4777 4777 4782 4782 4777 4777 4780 4780 4782 4782 4782 4782 4779 4779 4778 4778 4783 4783 4779 4779 4782 4782 4783 4783 4781 4781 4779 4779 4782 4782 4780 4780 4783 4783 4780 4780 4781 4781 4783 4783 4784 4784 4784 4784 4784 4784 4784 4784 4785 4785 4786 4786 4787 4787 4784 4784 4786 4786 4784 4784 4788 4788 4785 4785 4789 4789 4784 4784 4787 4787 4789 4789 4788 4788 4784 4784 4786 4786 4785 4785 4790 4790 4785 4785 4788 4788 4790 4790 4790 4790 4787 4787 4786 4786 4791 4791 4787 4787 4790 4790 4791 4791 4789 4789 4787 4787 4790 4790 4788 4788 4791 4791 4788 4788 4789 4789 4791 4791 4792 4792 4792 4792 4792 4792 4792 4792 4793 4793 4794 4794 4795 4795 4792 4792 4794 4794 4794 4794 4793 4793 4796 4796 4796 4796 4795 4795 4794 4794 4792 4792 4797 4797 4793 4793 4798 4798 4792 4792 4795 4795 4798 4798 4797 4797 4792 4792 4793 4793 4797 4797 4796 4796 4799 4799 4795 4795 4796 4796 4799 4799 4798 4798 4795 4795 4796 4796 4797 4797 4799 4799 4797 4797 4798 4798 4799 4799 4800 4800 4800 4800 4800 4800 4800 4800 4801 4801 4802 4802 4800 4800 4802 4802 4803 4803 4803 4803 4802 4802 4804 4804 4802 4802 4801 4801 4805 4805 4802 4802 4805 4805 4804 4804 4806 4806 4801 4801 4800 4800 4806 4806 4800 4800 4807 4807 4807 4807 4800 4800 4803 4803 4808 4808 4801 4801 4809 4809 4809 4809 4801 4801 4810 4810 4810 4810 4801 4801 4811 4811 4811 4811 4801 4801 4812 4812 4812 4812 4801 4801 4813 4813 4813 4813 4801 4801 4814 4814 4814 4814 4801 4801 4815 4815 4815 4815 4801 4801 4816 4816 4816 4816 4801 4801 4817 4817 4817 4817 4801 4801 4806 4806 4805 4805 4801 4801 4818 4818 4818 4818 4801 4801 4819 4819 4819 4819 4801 4801 4820 4820 4820 4820 4801 4801 4821 4821 4821 4821 4801 4801 4822 4822 4822 4822 4801 4801 4823 4823 4823 4823 4801 4801 4824 4824 4824 4824 4801 4801 4825 4825 4825 4825 4801 4801 4826 4826 4826 4826 4801 4801 4827 4827 4827 4827 4801 4801 4808 4808 4807 4807 4803 4803 4828 4828 4803 4803 4804 4804 4828 4828 4804 4804 4805 4805 4829 4829 4804 4804 4829 4829 4828 4828 4805 4805 4818 4818 4829 4829 4817 4817 4806 4806 4830 4830 4830 4830 4806 4806 4807 4807 4830 4830 4807 4807 4828 4828 4808 4808 4809 4809 4831 4831 4827 4827 4808 4808 4832 4832 4832 4832 4808 4808 4831 4831 4831 4831 4809 4809 4833 4833 4809 4809 4810 4810 4833 4833 4833 4833 4810 4810 4834 4834 4810 4810 4811 4811 4834 4834 4834 4834 4811 4811 4835 4835 4811 4811 4812 4812 4835 4835 4835 4835 4812 4812 4836 4836 4812 4812 4813 4813 4836 4836 4836 4836 4813 4813 4837 4837 4813 4813 4814 4814 4837 4837 4837 4837 4814 4814 4838 4838 4814 4814 4815 4815 4838 4838 4838 4838 4815 4815 4839 4839 4815 4815 4816 4816 4839 4839 4839 4839 4816 4816 4840 4840 4816 4816 4817 4817 4840 4840 4840 4840 4817 4817 4830 4830 4829 4829 4818 4818 4841 4841 4818 4818 4819 4819 4841 4841 4841 4841 4819 4819 4842 4842 4819 4819 4820 4820 4842 4842 4842 4842 4820 4820 4843 4843 4820 4820 4821 4821 4843 4843 4843 4843 4821 4821 4844 4844 4821 4821 4822 4822 4844 4844 4844 4844 4822 4822 4845 4845 4822 4822 4823 4823 4845 4845 4845 4845 4823 4823 4846 4846 4823 4823 4824 4824 4846 4846 4846 4846 4824 4824 4847 4847 4824 4824 4825 4825 4847 4847 4847 4847 4825 4825 4848 4848 4825 4825 4826 4826 4848 4848 4848 4848 4826 4826 4849 4849 4826 4826 4827 4827 4849 4849 4849 4849 4827 4827 4832 4832 4831 4831 4833 4833 4828 4828 4833 4833 4834 4834 4828 4828 4834 4834 4835 4835 4828 4828 4835 4835 4836 4836 4828 4828 4836 4836 4837 4837 4828 4828 4837 4837 4838 4838 4828 4828 4838 4838 4839 4839 4828 4828 4839 4839 4840 4840 4828 4828 4840 4840 4830 4830 4828 4828 4829 4829 4841 4841 4828 4828 4841 4841 4842 4842 4828 4828 4842 4842 4843 4843 4828 4828 4843 4843 4844 4844 4828 4828 4844 4844 4845 4845 4828 4828 4845 4845 4846 4846 4828 4828 4846 4846 4847 4847 4828 4828 4847 4847 4848 4848 4828 4828 4848 4848 4849 4849 4828 4828 4849 4849 4832 4832 4828 4828 4832 4832 4831 4831 4828 4828 4850 4850 4850 4850 4850 4850 4850 4850 4851 4851 4852 4852 4850 4850 4852 4852 4853 4853 4853 4853 4852 4852 4854 4854 4852 4852 4851 4851 4855 4855 4852 4852 4855 4855 4854 4854 4856 4856 4851 4851 4850 4850 4856 4856 4850 4850 4857 4857 4857 4857 4850 4850 4853 4853 4858 4858 4851 4851 4859 4859 4859 4859 4851 4851 4860 4860 4860 4860 4851 4851 4861 4861 4861 4861 4851 4851 4862 4862 4862 4862 4851 4851 4863 4863 4863 4863 4851 4851 4864 4864 4864 4864 4851 4851 4865 4865 4865 4865 4851 4851 4866 4866 4866 4866 4851 4851 4867 4867 4867 4867 4851 4851 4856 4856 4855 4855 4851 4851 4868 4868 4868 4868 4851 4851 4869 4869 4869 4869 4851 4851 4870 4870 4870 4870 4851 4851 4871 4871 4871 4871 4851 4851 4872 4872 4872 4872 4851 4851 4873 4873 4873 4873 4851 4851 4874 4874 4874 4874 4851 4851 4875 4875 4875 4875 4851 4851 4876 4876 4876 4876 4851 4851 4877 4877 4877 4877 4851 4851 4858 4858 4857 4857 4853 4853 4878 4878 4853 4853 4854 4854 4878 4878 4854 4854 4855 4855 4879 4879 4854 4854 4879 4879 4878 4878 4855 4855 4868 4868 4879 4879 4867 4867 4856 4856 4880 4880 4880 4880 4856 4856 4857 4857 4880 4880 4857 4857 4878 4878 4858 4858 4859 4859 4881 4881 4877 4877 4858 4858 4882 4882 4882 4882 4858 4858 4881 4881 4881 4881 4859 4859 4883 4883 4859 4859 4860 4860 4883 4883 4883 4883 4860 4860 4884 4884 4860 4860 4861 4861 4884 4884 4884 4884 4861 4861 4885 4885 4861 4861 4862 4862 4885 4885 4885 4885 4862 4862 4886 4886 4862 4862 4863 4863 4886 4886 4886 4886 4863 4863 4887 4887 4863 4863 4864 4864 4887 4887 4887 4887 4864 4864 4888 4888 4864 4864 4865 4865 4888 4888 4888 4888 4865 4865 4889 4889 4865 4865 4866 4866 4889 4889 4889 4889 4866 4866 4890 4890 4866 4866 4867 4867 4890 4890 4890 4890 4867 4867 4880 4880 4879 4879 4868 4868 4891 4891 4868 4868 4869 4869 4891 4891 4891 4891 4869 4869 4892 4892 4869 4869 4870 4870 4892 4892 4892 4892 4870 4870 4893 4893 4870 4870 4871 4871 4893 4893 4893 4893 4871 4871 4894 4894 4871 4871 4872 4872 4894 4894 4894 4894 4872 4872 4895 4895 4872 4872 4873 4873 4895 4895 4895 4895 4873 4873 4896 4896 4873 4873 4874 4874 4896 4896 4896 4896 4874 4874 4897 4897 4874 4874 4875 4875 4897 4897 4897 4897 4875 4875 4898 4898 4875 4875 4876 4876 4898 4898 4898 4898 4876 4876 4899 4899 4876 4876 4877 4877 4899 4899 4899 4899 4877 4877 4882 4882 4881 4881 4883 4883 4878 4878 4883 4883 4884 4884 4878 4878 4884 4884 4885 4885 4878 4878 4885 4885 4886 4886 4878 4878 4886 4886 4887 4887 4878 4878 4887 4887 4888 4888 4878 4878 4888 4888 4889 4889 4878 4878 4889 4889 4890 4890 4878 4878 4890 4890 4880 4880 4878 4878 4879 4879 4891 4891 4878 4878 4891 4891 4892 4892 4878 4878 4892 4892 4893 4893 4878 4878 4893 4893 4894 4894 4878 4878 4894 4894 4895 4895 4878 4878 4895 4895 4896 4896 4878 4878 4896 4896 4897 4897 4878 4878 4897 4897 4898 4898 4878 4878 4898 4898 4899 4899 4878 4878 4899 4899 4882 4882 4878 4878 4882 4882 4881 4881 4878 4878</p>
        </triangles>
      </mesh>
    </geometry>
  </library_geometries>
  <library_materials>
    <material id="7a8b45d0979d49b19cb0f21a26241342" name="defaultmaterial">
      <instance_effect url="#cfa7e2069d5d45e9b4557fcb8517e478" />
    </material>
  </library_materials>
  <library_visual_scenes>
    <visual_scene id="scene">
      <node id="node0" name="node0">
        <instance_geometry url="#82604d7285954d4a9dd685627948dd23">
          <bind_material>
            <technique_common>
              <instance_material symbol="material0" target="#7a8b45d0979d49b19cb0f21a26241342" />
            </technique_common>
          </bind_material>
        </instance_geometry>
      </node>
    </visual_scene>
  </library_visual_scenes>
  <scene>
    <instance_visual_scene url="#scene" />
  </scene>
</COLLADA>
