# https://github.com/mikedh/trimesh
v -0.20000000 -0.14000478 0.30000001
v -0.20000000 0.14000000 0.30000001
v -0.20000000 -0.14000478 0.19999999
v -0.20000000 0.14000000 0.19999999
v 0.09235609 -0.14000478 0.30000001
v 0.09235609 -0.14000478 0.19999999
v 0.09235609 0.14000000 0.30000001
v 0.09235609 0.14000000 0.19999999
v 0.06117856 0.10941550 0.30000001
v -0.16882247 0.10941550 0.30000001
v -0.16882247 -0.10941550 0.30000001
v 0.06117856 -0.10941550 0.30000001
v 0.06117856 0.10941550 0.19999999
v 0.06117856 -0.10941550 0.19999999
v -0.16882247 -0.10941550 0.19999999
v -0.16882247 0.10941550 0.19999999
v -0.25000000 -0.17000000 0.19499999
v -0.25000000 0.17000000 0.19499999
v -0.25000000 -0.17000000 0.07500000
v 0.25000000 -0.17000000 0.07500000
v -0.25000000 0.17000000 0.07500000
v 0.25000000 0.17000000 0.19499999
v 0.25000000 -0.17000000 0.19499999
v 0.25000000 0.17000000 0.07500000
v -0.24944361 -0.22750001 0.08080231
v -0.25099999 -0.17250000 0.06500000
v -0.25099999 -0.22750001 0.06500000
v -0.17000000 -0.22750001 0.06500000
v -0.24944361 -0.17250000 0.04919768
v -0.24944361 -0.22750001 0.04919768
v -0.24483426 -0.22750001 0.09599736
v -0.24944361 -0.17250000 0.08080231
v -0.17000000 -0.17250000 0.06500000
v -0.14725000 -0.22750001 0.06500000
v -0.14768714 -0.22750001 0.06943831
v -0.14898174 -0.22750001 0.07370605
v -0.15108407 -0.22750001 0.07763922
v -0.15391332 -0.22750001 0.08108668
v -0.15736078 -0.22750001 0.08391593
v -0.16129395 -0.22750001 0.08601826
v -0.16556169 -0.22750001 0.08731286
v -0.17000000 -0.22750001 0.08775000
v -0.17443830 -0.22750001 0.08731286
v -0.17870605 -0.22750001 0.08601826
v -0.18263923 -0.22750001 0.08391593
v -0.18608668 -0.22750001 0.08108668
v -0.18891594 -0.22750001 0.07763922
v -0.19101825 -0.22750001 0.07370605
v -0.19231287 -0.22750001 0.06943831
v -0.19275001 -0.22750001 0.06500000
v -0.19231287 -0.22750001 0.06056169
v -0.19101825 -0.22750001 0.05629395
v -0.18891594 -0.22750001 0.05236078
v -0.18608668 -0.22750001 0.04891332
v -0.18263923 -0.22750001 0.04608406
v -0.17870605 -0.22750001 0.04398174
v -0.17443830 -0.22750001 0.04268714
v -0.17000000 -0.22750001 0.04225000
v -0.16556169 -0.22750001 0.04268714
v -0.16129395 -0.22750001 0.04398174
v -0.15736078 -0.22750001 0.04608406
v -0.15391332 -0.22750001 0.04891332
v -0.15108407 -0.22750001 0.05236078
v -0.14898174 -0.22750001 0.05629395
v -0.14768714 -0.22750001 0.06056169
v -0.08900000 -0.22750001 0.06500000
v -0.09055639 -0.22750001 0.08080231
v -0.09516576 -0.22750001 0.09599736
v -0.10265096 -0.22750001 0.11000119
v -0.11272435 -0.22750001 0.12227566
v -0.12499882 -0.22750001 0.13234904
v -0.13900264 -0.22750001 0.13983424
v -0.15419768 -0.22750001 0.14444362
v -0.17000000 -0.22750001 0.14600000
v -0.18580231 -0.22750001 0.14444362
v -0.20099735 -0.22750001 0.13983424
v -0.21500120 -0.22750001 0.13234904
v -0.22727565 -0.22750001 0.12227566
v -0.23734903 -0.22750001 0.11000119
v -0.24483426 -0.22750001 0.03400264
v -0.23734903 -0.22750001 0.01999881
v -0.22727565 -0.22750001 0.00772435
v -0.21500120 -0.22750001 -0.00234904
v -0.20099735 -0.22750001 -0.00983424
v -0.18580231 -0.22750001 -0.01444361
v -0.17000000 -0.22750001 -0.01600000
v -0.15419768 -0.22750001 -0.01444361
v -0.13900264 -0.22750001 -0.00983424
v -0.12499882 -0.22750001 -0.00234904
v -0.11272435 -0.22750001 0.00772435
v -0.10265096 -0.22750001 0.01999881
v -0.09516576 -0.22750001 0.03400264
v -0.09055639 -0.22750001 0.04919768
v -0.24483426 -0.17250000 0.03400264
v -0.24483426 -0.17250000 0.09599736
v -0.14725000 -0.17250000 0.06500000
v -0.14768714 -0.17250000 0.06943831
v -0.14898174 -0.17250000 0.07370605
v -0.15108407 -0.17250000 0.07763922
v -0.15391332 -0.17250000 0.08108668
v -0.15736078 -0.17250000 0.08391593
v -0.16129395 -0.17250000 0.08601826
v -0.16556169 -0.17250000 0.08731286
v -0.17000000 -0.17250000 0.08775000
v -0.17443830 -0.17250000 0.08731286
v -0.17870605 -0.17250000 0.08601826
v -0.18263923 -0.17250000 0.08391593
v -0.18608668 -0.17250000 0.08108668
v -0.18891594 -0.17250000 0.07763922
v -0.19101825 -0.17250000 0.07370605
v -0.19231287 -0.17250000 0.06943831
v -0.19275001 -0.17250000 0.06500000
v -0.19231287 -0.17250000 0.06056169
v -0.19101825 -0.17250000 0.05629395
v -0.18891594 -0.17250000 0.05236078
v -0.18608668 -0.17250000 0.04891332
v -0.18263923 -0.17250000 0.04608406
v -0.17870605 -0.17250000 0.04398174
v -0.17443830 -0.17250000 0.04268714
v -0.17000000 -0.17250000 0.04225000
v -0.16556169 -0.17250000 0.04268714
v -0.16129395 -0.17250000 0.04398174
v -0.15736078 -0.17250000 0.04608406
v -0.15391332 -0.17250000 0.04891332
v -0.15108407 -0.17250000 0.05236078
v -0.14898174 -0.17250000 0.05629395
v -0.14768714 -0.17250000 0.06056169
v -0.08900000 -0.17250000 0.06500000
v -0.09055639 -0.17250000 0.08080231
v -0.09516576 -0.17250000 0.09599736
v -0.10265096 -0.17250000 0.11000119
v -0.11272435 -0.17250000 0.12227566
v -0.12499882 -0.17250000 0.13234904
v -0.13900264 -0.17250000 0.13983424
v -0.15419768 -0.17250000 0.14444362
v -0.17000000 -0.17250000 0.14600000
v -0.18580231 -0.17250000 0.14444362
v -0.20099735 -0.17250000 0.13983424
v -0.21500120 -0.17250000 0.13234904
v -0.22727565 -0.17250000 0.12227566
v -0.23734903 -0.17250000 0.11000119
v -0.23734903 -0.17250000 0.01999881
v -0.22727565 -0.17250000 0.00772435
v -0.21500120 -0.17250000 -0.00234904
v -0.20099735 -0.17250000 -0.00983424
v -0.18580231 -0.17250000 -0.01444361
v -0.17000000 -0.17250000 -0.01600000
v -0.15419768 -0.17250000 -0.01444361
v -0.13900264 -0.17250000 -0.00983424
v -0.12499882 -0.17250000 -0.00234904
v -0.11272435 -0.17250000 0.00772435
v -0.10265096 -0.17250000 0.01999881
v -0.09516576 -0.17250000 0.03400264
v -0.09055639 -0.17250000 0.04919768
v -0.17000000 -0.22750001 0.13000000
v 0.17000000 -0.22750001 0.13000000
v 0.17000000 -0.17250000 0.14600000
v 0.17000000 -0.22750001 0.14600000
v -0.17000000 -0.22750001 0.00000000
v -0.17000000 -0.17250000 0.00000000
v 0.17000000 -0.22750001 -0.01600000
v -0.17000000 -0.17250000 0.13000000
v 0.17000000 -0.17250000 0.00000000
v 0.17000000 -0.17250000 -0.01600000
v 0.17000000 -0.17250000 0.13000000
v 0.18580231 -0.17250000 0.14444362
v 0.17000000 -0.17250000 0.06500000
v 0.18580231 -0.22750001 0.14444362
v 0.15419768 -0.17250000 0.14444362
v 0.17000000 -0.22750001 0.06500000
v 0.15419768 -0.22750001 0.14444362
v 0.17000000 -0.22750001 0.00000000
v 0.15419768 -0.22750001 -0.01444361
v 0.18580231 -0.17250000 -0.01444361
v 0.18580231 -0.22750001 -0.01444361
v 0.15419768 -0.17250000 -0.01444361
v 0.20099735 -0.17250000 0.13983424
v 0.20099735 -0.22750001 0.13983424
v 0.19275001 -0.17250000 0.06500000
v 0.19231287 -0.17250000 0.06943831
v 0.19101825 -0.17250000 0.07370605
v 0.18891594 -0.17250000 0.07763922
v 0.18608668 -0.17250000 0.08108668
v 0.18263923 -0.17250000 0.08391593
v 0.17870605 -0.17250000 0.08601826
v 0.17443830 -0.17250000 0.08731286
v 0.17000000 -0.17250000 0.08775000
v 0.16556169 -0.17250000 0.08731286
v 0.16129395 -0.17250000 0.08601826
v 0.15736078 -0.17250000 0.08391593
v 0.15391332 -0.17250000 0.08108668
v 0.15108407 -0.17250000 0.07763922
v 0.14898174 -0.17250000 0.07370605
v 0.14768714 -0.17250000 0.06943831
v 0.14725000 -0.17250000 0.06500000
v 0.14768714 -0.17250000 0.06056169
v 0.14898174 -0.17250000 0.05629395
v 0.15108407 -0.17250000 0.05236078
v 0.15391332 -0.17250000 0.04891332
v 0.15736078 -0.17250000 0.04608406
v 0.16129395 -0.17250000 0.04398174
v 0.16556169 -0.17250000 0.04268714
v 0.17000000 -0.17250000 0.04225000
v 0.17443830 -0.17250000 0.04268714
v 0.17870605 -0.17250000 0.04398174
v 0.18263923 -0.17250000 0.04608406
v 0.18608668 -0.17250000 0.04891332
v 0.18891594 -0.17250000 0.05236078
v 0.19101825 -0.17250000 0.05629395
v 0.19231287 -0.17250000 0.06056169
v 0.25099999 -0.17250000 0.06500000
v 0.24944361 -0.17250000 0.08080231
v 0.24483426 -0.17250000 0.09599736
v 0.23734903 -0.17250000 0.11000119
v 0.22727565 -0.17250000 0.12227566
v 0.21500120 -0.17250000 0.13234904
v 0.13900264 -0.17250000 0.13983424
v 0.12499882 -0.17250000 0.13234904
v 0.11272435 -0.17250000 0.12227566
v 0.10265096 -0.17250000 0.11000119
v 0.09516576 -0.17250000 0.09599736
v 0.09055639 -0.17250000 0.08080231
v 0.08900000 -0.17250000 0.06500000
v 0.09055639 -0.17250000 0.04919768
v 0.09516576 -0.17250000 0.03400264
v 0.10265096 -0.17250000 0.01999881
v 0.11272435 -0.17250000 0.00772435
v 0.12499882 -0.17250000 -0.00234904
v 0.13900264 -0.17250000 -0.00983424
v 0.20099735 -0.17250000 -0.00983424
v 0.21500120 -0.17250000 -0.00234904
v 0.22727565 -0.17250000 0.00772435
v 0.23734903 -0.17250000 0.01999881
v 0.24483426 -0.17250000 0.03400264
v 0.24944361 -0.17250000 0.04919768
v 0.19275001 -0.22750001 0.06500000
v 0.19231287 -0.22750001 0.06943831
v 0.19101825 -0.22750001 0.07370605
v 0.18891594 -0.22750001 0.07763922
v 0.18608668 -0.22750001 0.08108668
v 0.18263923 -0.22750001 0.08391593
v 0.17870605 -0.22750001 0.08601826
v 0.17443830 -0.22750001 0.08731286
v 0.17000000 -0.22750001 0.08775000
v 0.16556169 -0.22750001 0.08731286
v 0.16129395 -0.22750001 0.08601826
v 0.15736078 -0.22750001 0.08391593
v 0.15391332 -0.22750001 0.08108668
v 0.15108407 -0.22750001 0.07763922
v 0.14898174 -0.22750001 0.07370605
v 0.14768714 -0.22750001 0.06943831
v 0.14725000 -0.22750001 0.06500000
v 0.14768714 -0.22750001 0.06056169
v 0.14898174 -0.22750001 0.05629395
v 0.15108407 -0.22750001 0.05236078
v 0.15391332 -0.22750001 0.04891332
v 0.15736078 -0.22750001 0.04608406
v 0.16129395 -0.22750001 0.04398174
v 0.16556169 -0.22750001 0.04268714
v 0.17000000 -0.22750001 0.04225000
v 0.17443830 -0.22750001 0.04268714
v 0.17870605 -0.22750001 0.04398174
v 0.18263923 -0.22750001 0.04608406
v 0.18608668 -0.22750001 0.04891332
v 0.18891594 -0.22750001 0.05236078
v 0.19101825 -0.22750001 0.05629395
v 0.19231287 -0.22750001 0.06056169
v 0.25099999 -0.22750001 0.06500000
v 0.24944361 -0.22750001 0.08080231
v 0.24483426 -0.22750001 0.09599736
v 0.23734903 -0.22750001 0.11000119
v 0.22727565 -0.22750001 0.12227566
v 0.21500120 -0.22750001 0.13234904
v 0.13900264 -0.22750001 0.13983424
v 0.12499882 -0.22750001 0.13234904
v 0.11272435 -0.22750001 0.12227566
v 0.10265096 -0.22750001 0.11000119
v 0.09516576 -0.22750001 0.09599736
v 0.09055639 -0.22750001 0.08080231
v 0.08900000 -0.22750001 0.06500000
v 0.09055639 -0.22750001 0.04919768
v 0.09516576 -0.22750001 0.03400264
v 0.10265096 -0.22750001 0.01999881
v 0.11272435 -0.22750001 0.00772435
v 0.12499882 -0.22750001 -0.00234904
v 0.13900264 -0.22750001 -0.00983424
v 0.20099735 -0.22750001 -0.00983424
v 0.21500120 -0.22750001 -0.00234904
v 0.22727565 -0.22750001 0.00772435
v 0.23734903 -0.22750001 0.01999881
v 0.24483426 -0.22750001 0.03400264
v 0.24944361 -0.22750001 0.04919768
v -0.24944361 0.17250000 0.08080231
v -0.25099999 0.22750001 0.06500000
v -0.25099999 0.17250000 0.06500000
v -0.17000000 0.17250000 0.06500000
v -0.24944361 0.22750001 0.04919768
v -0.24944361 0.17250000 0.04919768
v -0.24483426 0.17250000 0.09599736
v -0.24944361 0.22750001 0.08080231
v -0.17000000 0.22750001 0.06500000
v -0.14725000 0.17250000 0.06500000
v -0.14768714 0.17250000 0.06943831
v -0.14898174 0.17250000 0.07370605
v -0.15108407 0.17250000 0.07763922
v -0.15391332 0.17250000 0.08108668
v -0.15736078 0.17250000 0.08391593
v -0.16129395 0.17250000 0.08601826
v -0.16556169 0.17250000 0.08731286
v -0.17000000 0.17250000 0.08775000
v -0.17443830 0.17250000 0.08731286
v -0.17870605 0.17250000 0.08601826
v -0.18263923 0.17250000 0.08391593
v -0.18608668 0.17250000 0.08108668
v -0.18891594 0.17250000 0.07763922
v -0.19101825 0.17250000 0.07370605
v -0.19231287 0.17250000 0.06943831
v -0.19275001 0.17250000 0.06500000
v -0.19231287 0.17250000 0.06056169
v -0.19101825 0.17250000 0.05629395
v -0.18891594 0.17250000 0.05236078
v -0.18608668 0.17250000 0.04891332
v -0.18263923 0.17250000 0.04608406
v -0.17870605 0.17250000 0.04398174
v -0.17443830 0.17250000 0.04268714
v -0.17000000 0.17250000 0.04225000
v -0.16556169 0.17250000 0.04268714
v -0.16129395 0.17250000 0.04398174
v -0.15736078 0.17250000 0.04608406
v -0.15391332 0.17250000 0.04891332
v -0.15108407 0.17250000 0.05236078
v -0.14898174 0.17250000 0.05629395
v -0.14768714 0.17250000 0.06056169
v -0.08900000 0.17250000 0.06500000
v -0.09055639 0.17250000 0.08080231
v -0.09516576 0.17250000 0.09599736
v -0.10265096 0.17250000 0.11000119
v -0.11272435 0.17250000 0.12227566
v -0.12499882 0.17250000 0.13234904
v -0.13900264 0.17250000 0.13983424
v -0.15419768 0.17250000 0.14444362
v -0.17000000 0.17250000 0.14600000
v -0.18580231 0.17250000 0.14444362
v -0.20099735 0.17250000 0.13983424
v -0.21500120 0.17250000 0.13234904
v -0.22727565 0.17250000 0.12227566
v -0.23734903 0.17250000 0.11000119
v -0.24483426 0.17250000 0.03400264
v -0.23734903 0.17250000 0.01999881
v -0.22727565 0.17250000 0.00772435
v -0.21500120 0.17250000 -0.00234904
v -0.20099735 0.17250000 -0.00983424
v -0.18580231 0.17250000 -0.01444361
v -0.17000000 0.17250000 -0.01600000
v -0.15419768 0.17250000 -0.01444361
v -0.13900264 0.17250000 -0.00983424
v -0.12499882 0.17250000 -0.00234904
v -0.11272435 0.17250000 0.00772435
v -0.10265096 0.17250000 0.01999881
v -0.09516576 0.17250000 0.03400264
v -0.09055639 0.17250000 0.04919768
v -0.24483426 0.22750001 0.03400264
v -0.24483426 0.22750001 0.09599736
v -0.14725000 0.22750001 0.06500000
v -0.14768714 0.22750001 0.06943831
v -0.14898174 0.22750001 0.07370605
v -0.15108407 0.22750001 0.07763922
v -0.15391332 0.22750001 0.08108668
v -0.15736078 0.22750001 0.08391593
v -0.16129395 0.22750001 0.08601826
v -0.16556169 0.22750001 0.08731286
v -0.17000000 0.22750001 0.08775000
v -0.17443830 0.22750001 0.08731286
v -0.17870605 0.22750001 0.08601826
v -0.18263923 0.22750001 0.08391593
v -0.18608668 0.22750001 0.08108668
v -0.18891594 0.22750001 0.07763922
v -0.19101825 0.22750001 0.07370605
v -0.19231287 0.22750001 0.06943831
v -0.19275001 0.22750001 0.06500000
v -0.19231287 0.22750001 0.06056169
v -0.19101825 0.22750001 0.05629395
v -0.18891594 0.22750001 0.05236078
v -0.18608668 0.22750001 0.04891332
v -0.18263923 0.22750001 0.04608406
v -0.17870605 0.22750001 0.04398174
v -0.17443830 0.22750001 0.04268714
v -0.17000000 0.22750001 0.04225000
v -0.16556169 0.22750001 0.04268714
v -0.16129395 0.22750001 0.04398174
v -0.15736078 0.22750001 0.04608406
v -0.15391332 0.22750001 0.04891332
v -0.15108407 0.22750001 0.05236078
v -0.14898174 0.22750001 0.05629395
v -0.14768714 0.22750001 0.06056169
v -0.08900000 0.22750001 0.06500000
v -0.09055639 0.22750001 0.08080231
v -0.09516576 0.22750001 0.09599736
v -0.10265096 0.22750001 0.11000119
v -0.11272435 0.22750001 0.12227566
v -0.12499882 0.22750001 0.13234904
v -0.13900264 0.22750001 0.13983424
v -0.15419768 0.22750001 0.14444362
v -0.17000000 0.22750001 0.14600000
v -0.18580231 0.22750001 0.14444362
v -0.20099735 0.22750001 0.13983424
v -0.21500120 0.22750001 0.13234904
v -0.22727565 0.22750001 0.12227566
v -0.23734903 0.22750001 0.11000119
v -0.23734903 0.22750001 0.01999881
v -0.22727565 0.22750001 0.00772435
v -0.21500120 0.22750001 -0.00234904
v -0.20099735 0.22750001 -0.00983424
v -0.18580231 0.22750001 -0.01444361
v -0.17000000 0.22750001 -0.01600000
v -0.15419768 0.22750001 -0.01444361
v -0.13900264 0.22750001 -0.00983424
v -0.12499882 0.22750001 -0.00234904
v -0.11272435 0.22750001 0.00772435
v -0.10265096 0.22750001 0.01999881
v -0.09516576 0.22750001 0.03400264
v -0.09055639 0.22750001 0.04919768
v -0.17000000 0.17250000 0.13000000
v 0.17000000 0.17250000 0.13000000
v 0.17000000 0.22750001 0.14600000
v 0.17000000 0.17250000 0.14600000
v -0.17000000 0.17250000 0.00000000
v -0.17000000 0.22750001 0.00000000
v 0.17000000 0.17250000 -0.01600000
v -0.17000000 0.22750001 0.13000000
v 0.17000000 0.22750001 0.00000000
v 0.17000000 0.22750001 -0.01600000
v 0.17000000 0.22750001 0.13000000
v 0.18580231 0.22750001 0.14444362
v 0.17000000 0.22750001 0.06500000
v 0.18580231 0.17250000 0.14444362
v 0.15419768 0.22750001 0.14444362
v 0.17000000 0.17250000 0.06500000
v 0.15419768 0.17250000 0.14444362
v 0.17000000 0.17250000 0.00000000
v 0.15419768 0.17250000 -0.01444361
v 0.18580231 0.22750001 -0.01444361
v 0.18580231 0.17250000 -0.01444361
v 0.15419768 0.22750001 -0.01444361
v 0.20099735 0.22750001 0.13983424
v 0.20099735 0.17250000 0.13983424
v 0.19275001 0.22750001 0.06500000
v 0.19231287 0.22750001 0.06943831
v 0.19101825 0.22750001 0.07370605
v 0.18891594 0.22750001 0.07763922
v 0.18608668 0.22750001 0.08108668
v 0.18263923 0.22750001 0.08391593
v 0.17870605 0.22750001 0.08601826
v 0.17443830 0.22750001 0.08731286
v 0.17000000 0.22750001 0.08775000
v 0.16556169 0.22750001 0.08731286
v 0.16129395 0.22750001 0.08601826
v 0.15736078 0.22750001 0.08391593
v 0.15391332 0.22750001 0.08108668
v 0.15108407 0.22750001 0.07763922
v 0.14898174 0.22750001 0.07370605
v 0.14768714 0.22750001 0.06943831
v 0.14725000 0.22750001 0.06500000
v 0.14768714 0.22750001 0.06056169
v 0.14898174 0.22750001 0.05629395
v 0.15108407 0.22750001 0.05236078
v 0.15391332 0.22750001 0.04891332
v 0.15736078 0.22750001 0.04608406
v 0.16129395 0.22750001 0.04398174
v 0.16556169 0.22750001 0.04268714
v 0.17000000 0.22750001 0.04225000
v 0.17443830 0.22750001 0.04268714
v 0.17870605 0.22750001 0.04398174
v 0.18263923 0.22750001 0.04608406
v 0.18608668 0.22750001 0.04891332
v 0.18891594 0.22750001 0.05236078
v 0.19101825 0.22750001 0.05629395
v 0.19231287 0.22750001 0.06056169
v 0.25099999 0.22750001 0.06500000
v 0.24944361 0.22750001 0.08080231
v 0.24483426 0.22750001 0.09599736
v 0.23734903 0.22750001 0.11000119
v 0.22727565 0.22750001 0.12227566
v 0.21500120 0.22750001 0.13234904
v 0.13900264 0.22750001 0.13983424
v 0.12499882 0.22750001 0.13234904
v 0.11272435 0.22750001 0.12227566
v 0.10265096 0.22750001 0.11000119
v 0.09516576 0.22750001 0.09599736
v 0.09055639 0.22750001 0.08080231
v 0.08900000 0.22750001 0.06500000
v 0.09055639 0.22750001 0.04919768
v 0.09516576 0.22750001 0.03400264
v 0.10265096 0.22750001 0.01999881
v 0.11272435 0.22750001 0.00772435
v 0.12499882 0.22750001 -0.00234904
v 0.13900264 0.22750001 -0.00983424
v 0.20099735 0.22750001 -0.00983424
v 0.21500120 0.22750001 -0.00234904
v 0.22727565 0.22750001 0.00772435
v 0.23734903 0.22750001 0.01999881
v 0.24483426 0.22750001 0.03400264
v 0.24944361 0.22750001 0.04919768
v 0.19275001 0.17250000 0.06500000
v 0.19231287 0.17250000 0.06943831
v 0.19101825 0.17250000 0.07370605
v 0.18891594 0.17250000 0.07763922
v 0.18608668 0.17250000 0.08108668
v 0.18263923 0.17250000 0.08391593
v 0.17870605 0.17250000 0.08601826
v 0.17443830 0.17250000 0.08731286
v 0.17000000 0.17250000 0.08775000
v 0.16556169 0.17250000 0.08731286
v 0.16129395 0.17250000 0.08601826
v 0.15736078 0.17250000 0.08391593
v 0.15391332 0.17250000 0.08108668
v 0.15108407 0.17250000 0.07763922
v 0.14898174 0.17250000 0.07370605
v 0.14768714 0.17250000 0.06943831
v 0.14725000 0.17250000 0.06500000
v 0.14768714 0.17250000 0.06056169
v 0.14898174 0.17250000 0.05629395
v 0.15108407 0.17250000 0.05236078
v 0.15391332 0.17250000 0.04891332
v 0.15736078 0.17250000 0.04608406
v 0.16129395 0.17250000 0.04398174
v 0.16556169 0.17250000 0.04268714
v 0.17000000 0.17250000 0.04225000
v 0.17443830 0.17250000 0.04268714
v 0.17870605 0.17250000 0.04398174
v 0.18263923 0.17250000 0.04608406
v 0.18608668 0.17250000 0.04891332
v 0.18891594 0.17250000 0.05236078
v 0.19101825 0.17250000 0.05629395
v 0.19231287 0.17250000 0.06056169
v 0.25099999 0.17250000 0.06500000
v 0.24944361 0.17250000 0.08080231
v 0.24483426 0.17250000 0.09599736
v 0.23734903 0.17250000 0.11000119
v 0.22727565 0.17250000 0.12227566
v 0.21500120 0.17250000 0.13234904
v 0.13900264 0.17250000 0.13983424
v 0.12499882 0.17250000 0.13234904
v 0.11272435 0.17250000 0.12227566
v 0.10265096 0.17250000 0.11000119
v 0.09516576 0.17250000 0.09599736
v 0.09055639 0.17250000 0.08080231
v 0.08900000 0.17250000 0.06500000
v 0.09055639 0.17250000 0.04919768
v 0.09516576 0.17250000 0.03400264
v 0.10265096 0.17250000 0.01999881
v 0.11272435 0.17250000 0.00772435
v 0.12499882 0.17250000 -0.00234904
v 0.13900264 0.17250000 -0.00983424
v 0.20099735 0.17250000 -0.00983424
v 0.21500120 0.17250000 -0.00234904
v 0.22727565 0.17250000 0.00772435
v 0.23734903 0.17250000 0.01999881
v 0.24483426 0.17250000 0.03400264
v 0.24944361 0.17250000 0.04919768
v -0.20000000 -0.14000000 0.20500000
v -0.20000000 0.14000000 0.20500000
v -0.20000000 -0.14000000 0.19499999
v 0.20000000 -0.14000000 0.19499999
v -0.20000000 0.14000000 0.19499999
v 0.20000000 0.14000000 0.20500000
v 0.20000000 -0.14000000 0.20500000
v 0.20000000 0.14000000 0.19499999
v -0.20000000 -0.19000000 0.15500000
v -0.20000000 -0.17000000 0.15500000
v -0.20000000 -0.19000000 0.11500000
v 0.20000000 -0.19000000 0.11500000
v -0.20000000 -0.17000000 0.11500000
v 0.20000000 -0.17000000 0.15500000
v 0.20000000 -0.19000000 0.15500000
v 0.20000000 -0.17000000 0.11500000
v -0.20000000 0.17000000 0.15500000
v -0.20000000 0.19000000 0.15500000
v -0.20000000 0.17000000 0.11500000
v 0.20000000 0.17000000 0.11500000
v -0.20000000 0.19000000 0.11500000
v 0.20000000 0.19000000 0.15500000
v 0.20000000 0.17000000 0.15500000
v 0.20000000 0.19000000 0.11500000
v 0.15000001 -0.16150001 0.17100000
v 0.15000001 0.16150001 0.17100000
v 0.15000001 -0.16150001 0.07500000
v 0.25000000 -0.16150001 0.07500000
v 0.15000001 0.16150001 0.07500000
v 0.25000000 0.16150001 0.17100000
v 0.25000000 -0.16150001 0.17100000
v 0.25000000 0.16150001 0.07500000
v 0.14626901 0.00273126 0.44999999
v 0.16000000 0.00000000 0.44999999
v 0.14600000 0.00000000 0.44999999
v 0.14626901 0.00273126 0.47000000
v 0.14600000 0.00000000 0.47000000
v 0.14626901 -0.00273126 0.44999999
v 0.14706568 0.00535757 0.44999999
v 0.14706568 0.00535757 0.47000000
v 0.17399999 0.00000000 0.44999999
v 0.17373100 0.00273126 0.44999999
v 0.17293431 0.00535757 0.44999999
v 0.17164057 0.00777798 0.44999999
v 0.16989949 0.00989950 0.44999999
v 0.16777799 0.01164057 0.44999999
v 0.16535757 0.01293431 0.44999999
v 0.16273126 0.01373099 0.44999999
v 0.16000000 0.01400000 0.44999999
v 0.15726873 0.01373099 0.44999999
v 0.15464243 0.01293431 0.44999999
v 0.15222202 0.01164057 0.44999999
v 0.15010050 0.00989950 0.44999999
v 0.14835942 0.00777798 0.44999999
v 0.14706568 -0.00535757 0.44999999
v 0.14835942 -0.00777798 0.44999999
v 0.15010050 -0.00989950 0.44999999
v 0.15222202 -0.01164057 0.44999999
v 0.15464243 -0.01293431 0.44999999
v 0.15726873 -0.01373099 0.44999999
v 0.16000000 -0.01400000 0.44999999
v 0.16273126 -0.01373099 0.44999999
v 0.16535757 -0.01293431 0.44999999
v 0.16777799 -0.01164057 0.44999999
v 0.16989949 -0.00989950 0.44999999
v 0.17164057 -0.00777798 0.44999999
v 0.17293431 -0.00535757 0.44999999
v 0.17373100 -0.00273126 0.44999999
v 0.16000000 0.00000000 0.47000000
v 0.14626901 -0.00273126 0.47000000
v 0.14835942 0.00777798 0.47000000
v 0.17399999 0.00000000 0.47000000
v 0.17373100 -0.00273126 0.47000000
v 0.17373100 0.00273126 0.47000000
v 0.17293431 0.00535757 0.47000000
v 0.17164057 0.00777798 0.47000000
v 0.16989949 0.00989950 0.47000000
v 0.16777799 0.01164057 0.47000000
v 0.16535757 0.01293431 0.47000000
v 0.16273126 0.01373099 0.47000000
v 0.16000000 0.01400000 0.47000000
v 0.15726873 0.01373099 0.47000000
v 0.15464243 0.01293431 0.47000000
v 0.15222202 0.01164057 0.47000000
v 0.15010050 0.00989950 0.47000000
v 0.14706568 -0.00535757 0.47000000
v 0.14835942 -0.00777798 0.47000000
v 0.15010050 -0.00989950 0.47000000
v 0.15222202 -0.01164057 0.47000000
v 0.15464243 -0.01293431 0.47000000
v 0.15726873 -0.01373099 0.47000000
v 0.16000000 -0.01400000 0.47000000
v 0.16273126 -0.01373099 0.47000000
v 0.16535757 -0.01293431 0.47000000
v 0.16777799 -0.01164057 0.47000000
v 0.16989949 -0.00989950 0.47000000
v 0.17164057 -0.00777798 0.47000000
v 0.17293431 -0.00535757 0.47000000
v 0.16980785 -0.00195090 0.47000000
v 0.16980785 0.00195090 0.47000000
v 0.16831470 0.00555570 0.47000000
v 0.16555570 0.00831470 0.47000000
v 0.16195090 0.00980785 0.47000000
v 0.15804909 0.00980785 0.47000000
v 0.15444429 0.00831470 0.47000000
v 0.15168530 0.00555570 0.47000000
v 0.15019214 0.00195090 0.47000000
v 0.15019214 -0.00195090 0.47000000
v 0.15168530 -0.00555570 0.47000000
v 0.15444429 -0.00831470 0.47000000
v 0.15804909 -0.00980785 0.47000000
v 0.16195090 -0.00980785 0.47000000
v 0.16555570 -0.00831470 0.47000000
v 0.16831470 -0.00555570 0.47000000
v 0.16980785 -0.00195090 0.23000000
v 0.16980785 0.00195090 0.23000000
v 0.16831470 0.00555570 0.23000000
v 0.16555570 0.00831470 0.23000000
v 0.16195090 0.00980785 0.23000000
v 0.15804909 0.00980785 0.23000000
v 0.15444429 0.00831470 0.23000000
v 0.15168530 0.00555570 0.23000000
v 0.15019214 0.00195090 0.23000000
v 0.15019214 -0.00195090 0.23000000
v 0.15168530 -0.00555570 0.23000000
v 0.15444429 -0.00831470 0.23000000
v 0.15804909 -0.00980785 0.23000000
v 0.16195090 -0.00980785 0.23000000
v 0.16555570 -0.00831470 0.23000000
v 0.16831470 -0.00555570 0.23000000
v 0.16000000 0.00000000 0.23000000
v -0.23375104 -0.22250000 0.07768087
v -0.23500000 -0.17749999 0.06500000
v -0.23500000 -0.22250000 0.06500000
v -0.17000000 -0.22250000 0.06500000
v -0.23375104 -0.17749999 0.05231913
v -0.23375104 -0.22250000 0.05231913
v -0.23005217 -0.22250000 0.08987442
v -0.23375104 -0.17749999 0.07768087
v -0.17000000 -0.17749999 0.06500000
v -0.10500000 -0.22250000 0.06500000
v -0.10624896 -0.22250000 0.07768087
v -0.10994783 -0.22250000 0.08987442
v -0.11595447 -0.22250000 0.10111207
v -0.12403805 -0.22250000 0.11096194
v -0.13388793 -0.22250000 0.11904553
v -0.14512558 -0.22250000 0.12505217
v -0.15731913 -0.22250000 0.12875104
v -0.17000000 -0.22250000 0.13000000
v -0.18268088 -0.22250000 0.12875104
v -0.19487442 -0.22250000 0.12505217
v -0.20611207 -0.22250000 0.11904553
v -0.21596195 -0.22250000 0.11096194
v -0.22404553 -0.22250000 0.10111207
v -0.23005217 -0.22250000 0.04012558
v -0.22404553 -0.22250000 0.02888793
v -0.21596195 -0.22250000 0.01903806
v -0.20611207 -0.22250000 0.01095448
v -0.19487442 -0.22250000 0.00494783
v -0.18268088 -0.22250000 0.00124896
v -0.17000000 -0.22250000 0.00000000
v -0.15731913 -0.22250000 0.00124896
v -0.14512558 -0.22250000 0.00494783
v -0.13388793 -0.22250000 0.01095448
v -0.12403805 -0.22250000 0.01903806
v -0.11595447 -0.22250000 0.02888793
v -0.10994783 -0.22250000 0.04012558
v -0.10624896 -0.22250000 0.05231913
v -0.23005217 -0.17749999 0.04012558
v -0.23005217 -0.17749999 0.08987442
v -0.10500000 -0.17749999 0.06500000
v -0.10624896 -0.17749999 0.07768087
v -0.10994783 -0.17749999 0.08987442
v -0.11595447 -0.17749999 0.10111207
v -0.12403805 -0.17749999 0.11096194
v -0.13388793 -0.17749999 0.11904553
v -0.14512558 -0.17749999 0.12505217
v -0.15731913 -0.17749999 0.12875104
v -0.17000000 -0.17749999 0.13000000
v -0.18268088 -0.17749999 0.12875104
v -0.19487442 -0.17749999 0.12505217
v -0.20611207 -0.17749999 0.11904553
v -0.21596195 -0.17749999 0.11096194
v -0.22404553 -0.17749999 0.10111207
v -0.22404553 -0.17749999 0.02888793
v -0.21596195 -0.17749999 0.01903806
v -0.20611207 -0.17749999 0.01095448
v -0.19487442 -0.17749999 0.00494783
v -0.18268088 -0.17749999 0.00124896
v -0.17000000 -0.17749999 0.00000000
v -0.15731913 -0.17749999 0.00124896
v -0.14512558 -0.17749999 0.00494783
v -0.13388793 -0.17749999 0.01095448
v -0.12403805 -0.17749999 0.01903806
v -0.11595447 -0.17749999 0.02888793
v -0.10994783 -0.17749999 0.04012558
v -0.10624896 -0.17749999 0.05231913
v -0.23375104 0.17749999 0.07768087
v -0.23500000 0.22250000 0.06500000
v -0.23500000 0.17749999 0.06500000
v -0.17000000 0.17749999 0.06500000
v -0.23375104 0.22250000 0.05231913
v -0.23375104 0.17749999 0.05231913
v -0.23005217 0.17749999 0.08987442
v -0.23375104 0.22250000 0.07768087
v -0.17000000 0.22250000 0.06500000
v -0.10500000 0.17749999 0.06500000
v -0.10624896 0.17749999 0.07768087
v -0.10994783 0.17749999 0.08987442
v -0.11595447 0.17749999 0.10111207
v -0.12403805 0.17749999 0.11096194
v -0.13388793 0.17749999 0.11904553
v -0.14512558 0.17749999 0.12505217
v -0.15731913 0.17749999 0.12875104
v -0.17000000 0.17749999 0.13000000
v -0.18268088 0.17749999 0.12875104
v -0.19487442 0.17749999 0.12505217
v -0.20611207 0.17749999 0.11904553
v -0.21596195 0.17749999 0.11096194
v -0.22404553 0.17749999 0.10111207
v -0.23005217 0.17749999 0.04012558
v -0.22404553 0.17749999 0.02888793
v -0.21596195 0.17749999 0.01903806
v -0.20611207 0.17749999 0.01095448
v -0.19487442 0.17749999 0.00494783
v -0.18268088 0.17749999 0.00124896
v -0.17000000 0.17749999 0.00000000
v -0.15731913 0.17749999 0.00124896
v -0.14512558 0.17749999 0.00494783
v -0.13388793 0.17749999 0.01095448
v -0.12403805 0.17749999 0.01903806
v -0.11595447 0.17749999 0.02888793
v -0.10994783 0.17749999 0.04012558
v -0.10624896 0.17749999 0.05231913
v -0.23005217 0.22250000 0.04012558
v -0.23005217 0.22250000 0.08987442
v -0.10500000 0.22250000 0.06500000
v -0.10624896 0.22250000 0.07768087
v -0.10994783 0.22250000 0.08987442
v -0.11595447 0.22250000 0.10111207
v -0.12403805 0.22250000 0.11096194
v -0.13388793 0.22250000 0.11904553
v -0.14512558 0.22250000 0.12505217
v -0.15731913 0.22250000 0.12875104
v -0.17000000 0.22250000 0.13000000
v -0.18268088 0.22250000 0.12875104
v -0.19487442 0.22250000 0.12505217
v -0.20611207 0.22250000 0.11904553
v -0.21596195 0.22250000 0.11096194
v -0.22404553 0.22250000 0.10111207
v -0.22404553 0.22250000 0.02888793
v -0.21596195 0.22250000 0.01903806
v -0.20611207 0.22250000 0.01095448
v -0.19487442 0.22250000 0.00494783
v -0.18268088 0.22250000 0.00124896
v -0.17000000 0.22250000 0.00000000
v -0.15731913 0.22250000 0.00124896
v -0.14512558 0.22250000 0.00494783
v -0.13388793 0.22250000 0.01095448
v -0.12403805 0.22250000 0.01903806
v -0.11595447 0.22250000 0.02888793
v -0.10994783 0.22250000 0.04012558
v -0.10624896 0.22250000 0.05231913
v 0.10624896 -0.22250000 0.07768087
v 0.10500000 -0.17749999 0.06500000
v 0.10500000 -0.22250000 0.06500000
v 0.17000000 -0.22250000 0.06500000
v 0.10624896 -0.17749999 0.05231913
v 0.10624896 -0.22250000 0.05231913
v 0.10994783 -0.22250000 0.08987442
v 0.10624896 -0.17749999 0.07768087
v 0.17000000 -0.17749999 0.06500000
v 0.23500000 -0.22250000 0.06500000
v 0.23375104 -0.22250000 0.07768087
v 0.23005217 -0.22250000 0.08987442
v 0.22404553 -0.22250000 0.10111207
v 0.21596195 -0.22250000 0.11096194
v 0.20611207 -0.22250000 0.11904553
v 0.19487442 -0.22250000 0.12505217
v 0.18268088 -0.22250000 0.12875104
v 0.17000000 -0.22250000 0.13000000
v 0.15731913 -0.22250000 0.12875104
v 0.14512558 -0.22250000 0.12505217
v 0.13388793 -0.22250000 0.11904553
v 0.12403805 -0.22250000 0.11096194
v 0.11595447 -0.22250000 0.10111207
v 0.10994783 -0.22250000 0.04012558
v 0.11595447 -0.22250000 0.02888793
v 0.12403805 -0.22250000 0.01903806
v 0.13388793 -0.22250000 0.01095448
v 0.14512558 -0.22250000 0.00494783
v 0.15731913 -0.22250000 0.00124896
v 0.17000000 -0.22250000 0.00000000
v 0.18268088 -0.22250000 0.00124896
v 0.19487442 -0.22250000 0.00494783
v 0.20611207 -0.22250000 0.01095448
v 0.21596195 -0.22250000 0.01903806
v 0.22404553 -0.22250000 0.02888793
v 0.23005217 -0.22250000 0.04012558
v 0.23375104 -0.22250000 0.05231913
v 0.10994783 -0.17749999 0.04012558
v 0.10994783 -0.17749999 0.08987442
v 0.23500000 -0.17749999 0.06500000
v 0.23375104 -0.17749999 0.07768087
v 0.23005217 -0.17749999 0.08987442
v 0.22404553 -0.17749999 0.10111207
v 0.21596195 -0.17749999 0.11096194
v 0.20611207 -0.17749999 0.11904553
v 0.19487442 -0.17749999 0.12505217
v 0.18268088 -0.17749999 0.12875104
v 0.17000000 -0.17749999 0.13000000
v 0.15731913 -0.17749999 0.12875104
v 0.14512558 -0.17749999 0.12505217
v 0.13388793 -0.17749999 0.11904553
v 0.12403805 -0.17749999 0.11096194
v 0.11595447 -0.17749999 0.10111207
v 0.11595447 -0.17749999 0.02888793
v 0.12403805 -0.17749999 0.01903806
v 0.13388793 -0.17749999 0.01095448
v 0.14512558 -0.17749999 0.00494783
v 0.15731913 -0.17749999 0.00124896
v 0.17000000 -0.17749999 0.00000000
v 0.18268088 -0.17749999 0.00124896
v 0.19487442 -0.17749999 0.00494783
v 0.20611207 -0.17749999 0.01095448
v 0.21596195 -0.17749999 0.01903806
v 0.22404553 -0.17749999 0.02888793
v 0.23005217 -0.17749999 0.04012558
v 0.23375104 -0.17749999 0.05231913
v 0.10624896 0.17749999 0.07768087
v 0.10500000 0.22250000 0.06500000
v 0.10500000 0.17749999 0.06500000
v 0.17000000 0.17749999 0.06500000
v 0.10624896 0.22250000 0.05231913
v 0.10624896 0.17749999 0.05231913
v 0.10994783 0.17749999 0.08987442
v 0.10624896 0.22250000 0.07768087
v 0.17000000 0.22250000 0.06500000
v 0.23500000 0.17749999 0.06500000
v 0.23375104 0.17749999 0.07768087
v 0.23005217 0.17749999 0.08987442
v 0.22404553 0.17749999 0.10111207
v 0.21596195 0.17749999 0.11096194
v 0.20611207 0.17749999 0.11904553
v 0.19487442 0.17749999 0.12505217
v 0.18268088 0.17749999 0.12875104
v 0.17000000 0.17749999 0.13000000
v 0.15731913 0.17749999 0.12875104
v 0.14512558 0.17749999 0.12505217
v 0.13388793 0.17749999 0.11904553
v 0.12403805 0.17749999 0.11096194
v 0.11595447 0.17749999 0.10111207
v 0.10994783 0.17749999 0.04012558
v 0.11595447 0.17749999 0.02888793
v 0.12403805 0.17749999 0.01903806
v 0.13388793 0.17749999 0.01095448
v 0.14512558 0.17749999 0.00494783
v 0.15731913 0.17749999 0.00124896
v 0.17000000 0.17749999 0.00000000
v 0.18268088 0.17749999 0.00124896
v 0.19487442 0.17749999 0.00494783
v 0.20611207 0.17749999 0.01095448
v 0.21596195 0.17749999 0.01903806
v 0.22404553 0.17749999 0.02888793
v 0.23005217 0.17749999 0.04012558
v 0.23375104 0.17749999 0.05231913
v 0.10994783 0.22250000 0.04012558
v 0.10994783 0.22250000 0.08987442
v 0.23500000 0.22250000 0.06500000
v 0.23375104 0.22250000 0.07768087
v 0.23005217 0.22250000 0.08987442
v 0.22404553 0.22250000 0.10111207
v 0.21596195 0.22250000 0.11096194
v 0.20611207 0.22250000 0.11904553
v 0.19487442 0.22250000 0.12505217
v 0.18268088 0.22250000 0.12875104
v 0.17000000 0.22250000 0.13000000
v 0.15731913 0.22250000 0.12875104
v 0.14512558 0.22250000 0.12505217
v 0.13388793 0.22250000 0.11904553
v 0.12403805 0.22250000 0.11096194
v 0.11595447 0.22250000 0.10111207
v 0.11595447 0.22250000 0.02888793
v 0.12403805 0.22250000 0.01903806
v 0.13388793 0.22250000 0.01095448
v 0.14512558 0.22250000 0.00494783
v 0.15731913 0.22250000 0.00124896
v 0.17000000 0.22250000 0.00000000
v 0.18268088 0.22250000 0.00124896
v 0.19487442 0.22250000 0.00494783
v 0.20611207 0.22250000 0.01095448
v 0.21596195 0.22250000 0.01903806
v 0.22404553 0.22250000 0.02888793
v 0.23005217 0.22250000 0.04012558
v 0.23375104 0.22250000 0.05231913
v -0.22418839 -0.20750000 0.07577874
v -0.22525001 -0.19250000 0.06500000
v -0.22525001 -0.20750000 0.06500000
v -0.17000000 -0.20750000 0.06500000
v -0.22418839 -0.19250000 0.05422126
v -0.22418839 -0.20750000 0.05422126
v -0.22104435 -0.20750000 0.08614326
v -0.22418839 -0.19250000 0.07577874
v -0.17000000 -0.19250000 0.06500000
v -0.11475000 -0.20750000 0.06500000
v -0.11581162 -0.20750000 0.07577874
v -0.11895566 -0.20750000 0.08614326
v -0.12406131 -0.20750000 0.09569526
v -0.13093235 -0.20750000 0.10406765
v -0.13930474 -0.20750000 0.11093870
v -0.14885674 -0.20750000 0.11604434
v -0.15922126 -0.20750000 0.11918838
v -0.17000000 -0.20750000 0.12025000
v -0.18077874 -0.20750000 0.11918838
v -0.19114326 -0.20750000 0.11604434
v -0.20069526 -0.20750000 0.11093870
v -0.20906764 -0.20750000 0.10406765
v -0.21593870 -0.20750000 0.09569526
v -0.22104435 -0.20750000 0.04385674
v -0.21593870 -0.20750000 0.03430475
v -0.20906764 -0.20750000 0.02593235
v -0.20069526 -0.20750000 0.01906130
v -0.19114326 -0.20750000 0.01395566
v -0.18077874 -0.20750000 0.01081161
v -0.17000000 -0.20750000 0.00975000
v -0.15922126 -0.20750000 0.01081161
v -0.14885674 -0.20750000 0.01395566
v -0.13930474 -0.20750000 0.01906130
v -0.13093235 -0.20750000 0.02593235
v -0.12406131 -0.20750000 0.03430475
v -0.11895566 -0.20750000 0.04385674
v -0.11581162 -0.20750000 0.05422126
v -0.22104435 -0.19250000 0.04385674
v -0.22104435 -0.19250000 0.08614326
v -0.11475000 -0.19250000 0.06500000
v -0.11581162 -0.19250000 0.07577874
v -0.11895566 -0.19250000 0.08614326
v -0.12406131 -0.19250000 0.09569526
v -0.13093235 -0.19250000 0.10406765
v -0.13930474 -0.19250000 0.11093870
v -0.14885674 -0.19250000 0.11604434
v -0.15922126 -0.19250000 0.11918838
v -0.17000000 -0.19250000 0.12025000
v -0.18077874 -0.19250000 0.11918838
v -0.19114326 -0.19250000 0.11604434
v -0.20069526 -0.19250000 0.11093870
v -0.20906764 -0.19250000 0.10406765
v -0.21593870 -0.19250000 0.09569526
v -0.21593870 -0.19250000 0.03430475
v -0.20906764 -0.19250000 0.02593235
v -0.20069526 -0.19250000 0.01906130
v -0.19114326 -0.19250000 0.01395566
v -0.18077874 -0.19250000 0.01081161
v -0.17000000 -0.19250000 0.00975000
v -0.15922126 -0.19250000 0.01081161
v -0.14885674 -0.19250000 0.01395566
v -0.13930474 -0.19250000 0.01906130
v -0.13093235 -0.19250000 0.02593235
v -0.12406131 -0.19250000 0.03430475
v -0.11895566 -0.19250000 0.04385674
v -0.11581162 -0.19250000 0.05422126
v -0.22418839 0.19250000 0.07577874
v -0.22525001 0.20750000 0.06500000
v -0.22525001 0.19250000 0.06500000
v -0.17000000 0.19250000 0.06500000
v -0.22418839 0.20750000 0.05422126
v -0.22418839 0.19250000 0.05422126
v -0.22104435 0.19250000 0.08614326
v -0.22418839 0.20750000 0.07577874
v -0.17000000 0.20750000 0.06500000
v -0.11475000 0.19250000 0.06500000
v -0.11581162 0.19250000 0.07577874
v -0.11895566 0.19250000 0.08614326
v -0.12406131 0.19250000 0.09569526
v -0.13093235 0.19250000 0.10406765
v -0.13930474 0.19250000 0.11093870
v -0.14885674 0.19250000 0.11604434
v -0.15922126 0.19250000 0.11918838
v -0.17000000 0.19250000 0.12025000
v -0.18077874 0.19250000 0.11918838
v -0.19114326 0.19250000 0.11604434
v -0.20069526 0.19250000 0.11093870
v -0.20906764 0.19250000 0.10406765
v -0.21593870 0.19250000 0.09569526
v -0.22104435 0.19250000 0.04385674
v -0.21593870 0.19250000 0.03430475
v -0.20906764 0.19250000 0.02593235
v -0.20069526 0.19250000 0.01906130
v -0.19114326 0.19250000 0.01395566
v -0.18077874 0.19250000 0.01081161
v -0.17000000 0.19250000 0.00975000
v -0.15922126 0.19250000 0.01081161
v -0.14885674 0.19250000 0.01395566
v -0.13930474 0.19250000 0.01906130
v -0.13093235 0.19250000 0.02593235
v -0.12406131 0.19250000 0.03430475
v -0.11895566 0.19250000 0.04385674
v -0.11581162 0.19250000 0.05422126
v -0.22104435 0.20750000 0.04385674
v -0.22104435 0.20750000 0.08614326
v -0.11475000 0.20750000 0.06500000
v -0.11581162 0.20750000 0.07577874
v -0.11895566 0.20750000 0.08614326
v -0.12406131 0.20750000 0.09569526
v -0.13093235 0.20750000 0.10406765
v -0.13930474 0.20750000 0.11093870
v -0.14885674 0.20750000 0.11604434
v -0.15922126 0.20750000 0.11918838
v -0.17000000 0.20750000 0.12025000
v -0.18077874 0.20750000 0.11918838
v -0.19114326 0.20750000 0.11604434
v -0.20069526 0.20750000 0.11093870
v -0.20906764 0.20750000 0.10406765
v -0.21593870 0.20750000 0.09569526
v -0.21593870 0.20750000 0.03430475
v -0.20906764 0.20750000 0.02593235
v -0.20069526 0.20750000 0.01906130
v -0.19114326 0.20750000 0.01395566
v -0.18077874 0.20750000 0.01081161
v -0.17000000 0.20750000 0.00975000
v -0.15922126 0.20750000 0.01081161
v -0.14885674 0.20750000 0.01395566
v -0.13930474 0.20750000 0.01906130
v -0.13093235 0.20750000 0.02593235
v -0.12406131 0.20750000 0.03430475
v -0.11895566 0.20750000 0.04385674
v -0.11581162 0.20750000 0.05422126
v 0.11581162 -0.20750000 0.07577874
v 0.11475000 -0.19250000 0.06500000
v 0.11475000 -0.20750000 0.06500000
v 0.17000000 -0.20750000 0.06500000
v 0.11581162 -0.19250000 0.05422126
v 0.11581162 -0.20750000 0.05422126
v 0.11895566 -0.20750000 0.08614326
v 0.11581162 -0.19250000 0.07577874
v 0.17000000 -0.19250000 0.06500000
v 0.22525001 -0.20750000 0.06500000
v 0.22418839 -0.20750000 0.07577874
v 0.22104435 -0.20750000 0.08614326
v 0.21593870 -0.20750000 0.09569526
v 0.20906764 -0.20750000 0.10406765
v 0.20069526 -0.20750000 0.11093870
v 0.19114326 -0.20750000 0.11604434
v 0.18077874 -0.20750000 0.11918838
v 0.17000000 -0.20750000 0.12025000
v 0.15922126 -0.20750000 0.11918838
v 0.14885674 -0.20750000 0.11604434
v 0.13930474 -0.20750000 0.11093870
v 0.13093235 -0.20750000 0.10406765
v 0.12406131 -0.20750000 0.09569526
v 0.11895566 -0.20750000 0.04385674
v 0.12406131 -0.20750000 0.03430475
v 0.13093235 -0.20750000 0.02593235
v 0.13930474 -0.20750000 0.01906130
v 0.14885674 -0.20750000 0.01395566
v 0.15922126 -0.20750000 0.01081161
v 0.17000000 -0.20750000 0.00975000
v 0.18077874 -0.20750000 0.01081161
v 0.19114326 -0.20750000 0.01395566
v 0.20069526 -0.20750000 0.01906130
v 0.20906764 -0.20750000 0.02593235
v 0.21593870 -0.20750000 0.03430475
v 0.22104435 -0.20750000 0.04385674
v 0.22418839 -0.20750000 0.05422126
v 0.11895566 -0.19250000 0.04385674
v 0.11895566 -0.19250000 0.08614326
v 0.22525001 -0.19250000 0.06500000
v 0.22418839 -0.19250000 0.07577874
v 0.22104435 -0.19250000 0.08614326
v 0.21593870 -0.19250000 0.09569526
v 0.20906764 -0.19250000 0.10406765
v 0.20069526 -0.19250000 0.11093870
v 0.19114326 -0.19250000 0.11604434
v 0.18077874 -0.19250000 0.11918838
v 0.17000000 -0.19250000 0.12025000
v 0.15922126 -0.19250000 0.11918838
v 0.14885674 -0.19250000 0.11604434
v 0.13930474 -0.19250000 0.11093870
v 0.13093235 -0.19250000 0.10406765
v 0.12406131 -0.19250000 0.09569526
v 0.12406131 -0.19250000 0.03430475
v 0.13093235 -0.19250000 0.02593235
v 0.13930474 -0.19250000 0.01906130
v 0.14885674 -0.19250000 0.01395566
v 0.15922126 -0.19250000 0.01081161
v 0.17000000 -0.19250000 0.00975000
v 0.18077874 -0.19250000 0.01081161
v 0.19114326 -0.19250000 0.01395566
v 0.20069526 -0.19250000 0.01906130
v 0.20906764 -0.19250000 0.02593235
v 0.21593870 -0.19250000 0.03430475
v 0.22104435 -0.19250000 0.04385674
v 0.22418839 -0.19250000 0.05422126
v 0.11581162 0.19250000 0.07577874
v 0.11475000 0.20750000 0.06500000
v 0.11475000 0.19250000 0.06500000
v 0.17000000 0.19250000 0.06500000
v 0.11581162 0.20750000 0.05422126
v 0.11581162 0.19250000 0.05422126
v 0.11895566 0.19250000 0.08614326
v 0.11581162 0.20750000 0.07577874
v 0.17000000 0.20750000 0.06500000
v 0.22525001 0.19250000 0.06500000
v 0.22418839 0.19250000 0.07577874
v 0.22104435 0.19250000 0.08614326
v 0.21593870 0.19250000 0.09569526
v 0.20906764 0.19250000 0.10406765
v 0.20069526 0.19250000 0.11093870
v 0.19114326 0.19250000 0.11604434
v 0.18077874 0.19250000 0.11918838
v 0.17000000 0.19250000 0.12025000
v 0.15922126 0.19250000 0.11918838
v 0.14885674 0.19250000 0.11604434
v 0.13930474 0.19250000 0.11093870
v 0.13093235 0.19250000 0.10406765
v 0.12406131 0.19250000 0.09569526
v 0.11895566 0.19250000 0.04385674
v 0.12406131 0.19250000 0.03430475
v 0.13093235 0.19250000 0.02593235
v 0.13930474 0.19250000 0.01906130
v 0.14885674 0.19250000 0.01395566
v 0.15922126 0.19250000 0.01081161
v 0.17000000 0.19250000 0.00975000
v 0.18077874 0.19250000 0.01081161
v 0.19114326 0.19250000 0.01395566
v 0.20069526 0.19250000 0.01906130
v 0.20906764 0.19250000 0.02593235
v 0.21593870 0.19250000 0.03430475
v 0.22104435 0.19250000 0.04385674
v 0.22418839 0.19250000 0.05422126
v 0.11895566 0.20750000 0.04385674
v 0.11895566 0.20750000 0.08614326
v 0.22525001 0.20750000 0.06500000
v 0.22418839 0.20750000 0.07577874
v 0.22104435 0.20750000 0.08614326
v 0.21593870 0.20750000 0.09569526
v 0.20906764 0.20750000 0.10406765
v 0.20069526 0.20750000 0.11093870
v 0.19114326 0.20750000 0.11604434
v 0.18077874 0.20750000 0.11918838
v 0.17000000 0.20750000 0.12025000
v 0.15922126 0.20750000 0.11918838
v 0.14885674 0.20750000 0.11604434
v 0.13930474 0.20750000 0.11093870
v 0.13093235 0.20750000 0.10406765
v 0.12406131 0.20750000 0.09569526
v 0.12406131 0.20750000 0.03430475
v 0.13093235 0.20750000 0.02593235
v 0.13930474 0.20750000 0.01906130
v 0.14885674 0.20750000 0.01395566
v 0.15922126 0.20750000 0.01081161
v 0.17000000 0.20750000 0.00975000
v 0.18077874 0.20750000 0.01081161
v 0.19114326 0.20750000 0.01395566
v 0.20069526 0.20750000 0.01906130
v 0.20906764 0.20750000 0.02593235
v 0.21593870 0.20750000 0.03430475
v 0.22104435 0.20750000 0.04385674
v 0.22418839 0.20750000 0.05422126
v 0.13482676 0.00113531 0.34528285
v 0.13800760 0.00057830 0.34393305
v 0.13487895 0.00017546 0.34241673
v 0.13541488 -0.00372473 0.34638646
v 0.13508207 -0.00474064 0.34356108
v 0.13645890 0.00082981 0.34706166
v 0.14118844 0.00002130 0.34258324
v 0.13940214 0.00077762 0.34713703
v 0.13661307 0.00037898 0.34072906
v 0.13955630 0.00032679 0.34080443
v 0.14113626 0.00098114 0.34544939
v 0.13832043 -0.00374113 0.34443516
v 0.13736840 -0.00359932 0.34780020
v 0.14177431 0.00371342 0.34273496
v 0.13994153 0.00507464 0.34663495
v 0.13761719 0.00558864 0.34672895
v 0.13536616 0.00543233 0.34478077
v 0.13574888 0.00498121 0.34133112
v 0.13775736 0.00472247 0.34002462
v 0.14060442 0.00429328 0.34066001
v 0.14122596 -0.00375752 0.34248385
v 0.14025557 -0.00326650 0.34731263
v 0.13638528 -0.00421575 0.34155765
v 0.13927245 -0.00388293 0.34107009
v 0.14155878 -0.00274161 0.34530920
v 0.13854700 0.00487532 0.34343097
v 0.14275385 -0.00712088 0.34401166
v 0.14133945 -0.00735293 0.34203017
v 0.14026804 -0.00729302 0.34828848
v 0.13760725 -0.00847824 0.34784430
v 0.13619283 -0.00871029 0.34586281
v 0.13695915 -0.00942964 0.34303030
v 0.13867864 -0.00853815 0.34158599
v 0.13947335 -0.00791558 0.34493724
v 0.14265521 0.00764925 0.34465402
v 0.14070736 0.00913627 0.34633520
v 0.13858354 0.01014900 0.34594738
v 0.13669039 0.01014531 0.34362489
v 0.13762021 0.00943199 0.34032691
v 0.13970439 0.00864107 0.33945218
v 0.14244188 0.00730690 0.34117734
v 0.14198753 -0.00640152 0.34684420
v 0.13991772 0.00898342 0.34292886
v 0.14429487 -0.01053900 0.34387520
v 0.14268322 -0.01127110 0.34221503
v 0.14266600 -0.01075342 0.34854433
v 0.14016016 -0.01229551 0.34866363
v 0.13854849 -0.01302761 0.34700346
v 0.13895795 -0.01390194 0.34413880
v 0.14017738 -0.01281319 0.34233433
v 0.14142169 -0.01178331 0.34543934
v 0.14423122 0.01120966 0.34470981
v 0.14073245 0.01390899 0.34544528
v 0.13902880 0.01448162 0.34244201
v 0.14036298 0.01331603 0.33942351
v 0.14231259 0.01200468 0.33901447
v 0.14447717 0.01047095 0.34129751
v 0.14388543 -0.00966467 0.34673986
v 0.14206663 0.01274340 0.34242678
v 0.14535148 -0.01468221 0.34271711
v 0.14634350 -0.01277634 0.34479058
v 0.14655370 -0.01307578 0.34724194
v 0.14455649 -0.01406780 0.34922212
v 0.14282842 -0.01570662 0.34916574
v 0.14183640 -0.01761249 0.34709227
v 0.14162621 -0.01731305 0.34464091
v 0.14362341 -0.01632104 0.34266073
v 0.14408995 -0.01519442 0.34594142
v 0.14646944 0.01451170 0.34467715
v 0.14337674 0.01774807 0.34454677
v 0.14226903 0.01820707 0.34125856
v 0.14380276 0.01646857 0.33863649
v 0.14542818 0.01472844 0.33870900
v 0.14698716 0.01323057 0.34146145
v 0.14491047 0.01600957 0.34192470
v 0.14809749 -0.01778338 0.34302691
v 0.14903089 -0.01549288 0.34467229
v 0.14955963 -0.01535931 0.34708720
v 0.14794706 -0.01629273 0.34943521
v 0.14665200 -0.01825009 0.34986013
v 0.14571857 -0.02054060 0.34821475
v 0.14518985 -0.02067416 0.34579983
v 0.14680243 -0.01974074 0.34345183
v 0.14737473 -0.01801674 0.34644350
v 0.14983290 0.01614361 0.34334859
v 0.14782134 0.01993648 0.34463829
v 0.14626238 0.02143435 0.34188583
v 0.14678009 0.02015323 0.33867013
v 0.14807728 0.01827764 0.33795288
v 0.14957114 0.01576589 0.33987892
v 0.14833905 0.01865536 0.34142259
v 0.15229689 -0.01881717 0.34391582
v 0.15129930 -0.02095076 0.34354392
v 0.15229043 -0.01691126 0.34622723
v 0.15247248 -0.01738593 0.34865087
v 0.15099823 -0.01933103 0.35034728
v 0.15000065 -0.02146462 0.34997538
v 0.15000708 -0.02337052 0.34766400
v 0.14982504 -0.02289585 0.34524032
v 0.15114877 -0.02014089 0.34694561
v 0.15323311 0.01934615 0.34403571
v 0.15098742 0.02346770 0.34246418
v 0.15072563 0.02308998 0.33899450
v 0.15195772 0.02020052 0.33745080
v 0.15258643 0.01811686 0.33845940
v 0.15319866 0.01733970 0.34181666
v 0.15221949 0.02057824 0.34092051
v 0.15596698 -0.02057113 0.34414256
v 0.15547073 -0.02289867 0.34425265
v 0.15580323 -0.01830937 0.34607688
v 0.15617923 -0.01828271 0.34852642
v 0.15506083 -0.02007049 0.35064274
v 0.15456457 -0.02239803 0.35075283
v 0.15472834 -0.02465979 0.34881854
v 0.15435232 -0.02468645 0.34636900
v 0.15236112 0.02155061 0.34427974
v 0.15526578 -0.02148458 0.34744769
v 0.15701367 0.02092653 0.34377566
v 0.15603451 0.02416507 0.34287950
v 0.15542229 0.02494223 0.33952224
v 0.15593931 0.02362278 0.33752817
v 0.15625982 0.02073132 0.33705917
v 0.15636899 0.01878565 0.33848608
v 0.15678543 0.01858270 0.34195527
v 0.15640144 0.02170369 0.34041840
v 0.15998855 -0.02223896 0.34448388
v 0.15947503 -0.02480797 0.34586823
v 0.16013417 -0.01995296 0.34516507
v 0.15932301 -0.01851495 0.34767586
v 0.15965748 -0.01918348 0.35003138
v 0.15914395 -0.02175249 0.35141569
v 0.15899833 -0.02403849 0.35073450
v 0.15980949 -0.02547650 0.34822372
v 0.15956625 -0.02199572 0.34794980
v 0.16118495 0.02006904 0.34280658
v 0.16117911 0.02239053 0.34336305
v 0.16051987 0.02547476 0.34014466
v 0.16084319 0.02477193 0.33779833
v 0.16030639 0.02219108 0.33644712
v 0.16012648 0.01991623 0.33715922
v 0.16032042 0.01854132 0.34037200
v 0.16072284 0.02198812 0.33991632
v 0.16430533 -0.02479058 0.34695616
v 0.16451666 -0.02246662 0.34510678
v 0.16412763 -0.02012478 0.34531337
v 0.16307142 -0.01838456 0.34750432
v 0.16346173 -0.01851846 0.34994760
v 0.16325040 -0.02084242 0.35179698
v 0.16363943 -0.02318426 0.35159039
v 0.16469564 -0.02492447 0.34939945
v 0.16388354 -0.02165452 0.34845188
v 0.16547249 0.02182291 0.34286094
v 0.16541862 0.02486729 0.33895853
v 0.16547266 0.02369923 0.33679715
v 0.16455993 0.02101809 0.33596751
v 0.16391478 0.01901252 0.33712545
v 0.16461380 0.01797370 0.33986992
v 0.16455977 0.01914176 0.34203130
v 0.16501620 0.02142050 0.33941424
v 0.16900468 -0.02281247 0.34653082
v 0.16832830 -0.02013381 0.34548166
v 0.16679400 -0.01761743 0.34736946
v 0.16651602 -0.01795781 0.35084179
v 0.16741720 -0.01966208 0.35229906
v 0.16861515 -0.02232005 0.35187352
v 0.16886242 -0.02374414 0.34990156
v 0.16611764 0.02382847 0.34170300
v 0.16805032 -0.02047419 0.34895396
v 0.16984086 0.02096882 0.34220281
v 0.17006122 0.02320024 0.33779007
v 0.16968788 0.02170611 0.33589742
v 0.16838956 0.01907681 0.33562148
v 0.16741835 0.01749860 0.33718038
v 0.16816920 0.01684538 0.34003419
v 0.16854253 0.01833951 0.34192684
v 0.16911522 0.02002281 0.33891213
v 0.17295147 -0.01975678 0.34636140
v 0.17139871 -0.01725846 0.34622326
v 0.16980024 -0.01575079 0.34894758
v 0.17030668 -0.01699280 0.35218036
v 0.17246999 -0.02034633 0.35237560
v 0.17351632 -0.02160265 0.34928095
v 0.17081207 0.02254703 0.34064388
v 0.17190516 -0.01850047 0.34945607
v 0.17404418 0.01919361 0.34141713
v 0.17420538 0.02056912 0.33666509
v 0.17331222 0.01893813 0.33511448
v 0.17167780 0.01650484 0.33540294
v 0.17056973 0.01544646 0.33730242
v 0.17151660 0.01512934 0.34015498
v 0.17240976 0.01676033 0.34170559
v 0.17286099 0.01784923 0.33841005
v 0.17743681 -0.01826783 0.34867886
v 0.17592914 -0.01596322 0.34651884
v 0.17377105 -0.01411159 0.34730631
v 0.17262542 -0.01363777 0.35057938
v 0.17415303 -0.01533603 0.35323122
v 0.17680633 -0.01811445 0.35211819
v 0.17515224 0.02025199 0.33951768
v 0.17529866 -0.01580984 0.34995815
v 0.17740919 0.01550694 0.34111488
v 0.17839965 0.01738674 0.33901557
v 0.17858289 0.01706335 0.33656517
v 0.17655963 0.01607288 0.33461240
v 0.17480761 0.01446102 0.33470100
v 0.17381713 0.01258121 0.33680031
v 0.17363390 0.01290460 0.33925074
v 0.17565717 0.01389507 0.34120351
v 0.17610839 0.01498398 0.33790794
v 0.17984368 -0.01307832 0.34748027
v 0.18077256 -0.01467865 0.34983903
v 0.17787880 -0.01179965 0.34703949
v 0.17557605 -0.01087076 0.34866938
v 0.17532703 -0.01119353 0.35214558
v 0.17695369 -0.01203276 0.35373333
v 0.17962693 -0.01420483 0.35311210
v 0.17809932 -0.01250658 0.35046026
v 0.18109536 0.01303067 0.33951175
v 0.18185772 0.01309308 0.33716232
v 0.18022417 0.01307740 0.33463949
v 0.17833504 0.01179212 0.33393767
v 0.17636782 0.01004551 0.33529997
v 0.17560546 0.00998309 0.33764941
v 0.17723902 0.00999878 0.34017220
v 0.17912814 0.01128405 0.34087402
v 0.17873159 0.01153809 0.33740586
v 0.18325603 -0.01042120 0.35102329
v 0.18253337 -0.00915079 0.34839091
v 0.18044764 -0.00839590 0.34748617
v 0.17781498 -0.00767325 0.34862241
v 0.17698486 -0.00782173 0.35201931
v 0.17845428 -0.00814693 0.35394233
v 0.18151169 -0.00984946 0.35400328
v 0.18019862 -0.00871867 0.35096234
v 0.18353450 0.00886474 0.33842695
v 0.18386738 0.00860390 0.33598554
v 0.18184857 0.00864259 0.33377847
v 0.17963620 0.00778680 0.33355051
v 0.17772335 0.00642544 0.33538058
v 0.17739047 0.00668628 0.33782199
v 0.17940928 0.00664759 0.34002906
v 0.18162166 0.00750337 0.34025702
v 0.18062893 0.00764509 0.33690378
v 0.18472899 -0.00548985 0.35040748
v 0.18294881 -0.00438207 0.34827846
v 0.18061829 -0.00390361 0.34815228
v 0.17834590 -0.00407495 0.35007262
v 0.17830145 -0.00369597 0.35252139
v 0.18008165 -0.00480376 0.35465041
v 0.18241216 -0.00528222 0.35477659
v 0.18151523 -0.00459291 0.35146445
v 0.18502782 0.00421533 0.33728310
v 0.18483998 0.00382106 0.33484435
v 0.18248637 0.00405797 0.33303854
v 0.18014057 0.00372291 0.33329326
v 0.17842592 0.00269634 0.33552024
v 0.17861378 0.00309061 0.33795899
v 0.18096738 0.00285371 0.33976480
v 0.18331319 0.00318877 0.33951008
v 0.18468454 -0.00511088 0.35285625
v 0.18172687 0.00345584 0.33640167
v 0.18545960 -0.00063232 0.35157889
v 0.18396486 0.00021109 0.34911492
v 0.18165495 0.00015240 0.34851149
v 0.17911820 -0.00030440 0.34997758
v 0.17853659 0.00005397 0.35235417
v 0.18003133 -0.00078944 0.35481811
v 0.18234125 -0.00073075 0.35542154
v 0.18199810 -0.00028918 0.35196653
v 0.18542427 -0.00128936 0.33542123
v 0.18388575 -0.00041750 0.33299670
v 0.18156087 -0.00040563 0.33245593
v 0.17905256 -0.00081865 0.33398628
v 0.17854151 -0.00044530 0.33637792
v 0.18008003 -0.00131716 0.33880246
v 0.18240492 -0.00132903 0.33934322
v 0.18491323 -0.00091600 0.33781290
v 0.18487799 -0.00027395 0.35395548
v 0.18198289 -0.00086733 0.33589959
v 0.18477175 0.00446662 0.35099354
v 0.18313920 0.00378882 0.35561690
v 0.18245789 0.00466968 0.34912983
v 0.18011785 0.00426272 0.34932032
v 0.17836936 0.00319640 0.35149908
v 0.17848530 0.00358491 0.35394371
v 0.18079916 0.00338185 0.35580739
v 0.18162853 0.00402577 0.35246861
v 0.18455195 -0.00611892 0.33425382
v 0.18274227 -0.00496806 0.33217603
v 0.18042503 -0.00441870 0.33211428
v 0.17819573 -0.00456055 0.33408991
v 0.17822218 -0.00419485 0.33654115
v 0.18003187 -0.00534571 0.33861893
v 0.18234910 -0.00589507 0.33868071
v 0.18457840 -0.00575322 0.33670506
v 0.18488769 0.00485513 0.35343814
v 0.18138707 -0.00515688 0.33539748
v 0.18365803 0.00922491 0.35214096
v 0.18133217 0.00804175 0.35634696
v 0.18168893 0.00924762 0.34988654
v 0.17950951 0.00832767 0.34959447
v 0.17758067 0.00691661 0.35136589
v 0.17718363 0.00714450 0.35380048
v 0.17915274 0.00712179 0.35605487
v 0.18042083 0.00818471 0.35297072
v 0.18222232 -0.00971066 0.33226335
v 0.18014063 -0.00888376 0.33141881
v 0.17754687 -0.00812630 0.33262387
v 0.17679758 -0.00828457 0.33603907
v 0.17829953 -0.00867416 0.33792144
v 0.18131684 -0.01044754 0.33789098
v 0.18297978 -0.01101999 0.33486494
v 0.18326099 0.00945281 0.35457551
v 0.17996247 -0.00924661 0.33489540
v 0.18126199 0.01329459 0.35507759
v 0.17964439 0.01252692 0.35671392
v 0.18087380 0.01418409 0.35221478
v 0.17968993 0.01308940 0.35038862
v 0.17719926 0.01152606 0.35023168
v 0.17558166 0.01075839 0.35186800
v 0.17596985 0.00986889 0.35473081
v 0.17715372 0.01096357 0.35655698
v 0.17842183 0.01202649 0.35347280
v 0.17942727 -0.01355048 0.33136725
v 0.17749377 -0.01220686 0.33099005
v 0.17524032 -0.01126080 0.33268139
v 0.17506216 -0.01162365 0.33615798
v 0.17669411 -0.01253482 0.33769608
v 0.17930312 -0.01475691 0.33698514
v 0.18037333 -0.01520011 0.33368239
v 0.17776431 -0.01297802 0.33439329
v 0.17693152 0.01590266 0.35721603
v 0.17816092 0.01755983 0.35271686
v 0.17618980 0.01656696 0.35070959
v 0.17448638 0.01490181 0.35073376
v 0.17349352 0.01296984 0.35278103
v 0.17325699 0.01324463 0.35523292
v 0.17522810 0.01423750 0.35724020
v 0.17570895 0.01540223 0.35397491
v 0.17693743 -0.01868601 0.33252737
v 0.17545038 -0.01630266 0.33043972
v 0.17333898 -0.01442764 0.33129936
v 0.17226878 -0.01398444 0.33460215
v 0.17380759 -0.01576333 0.33719397
v 0.17636482 -0.01858988 0.33597890
v 0.17792439 0.01783462 0.35516876
v 0.17487778 -0.01620653 0.33389121
v 0.17350096 0.01948328 0.35752892
v 0.17190650 0.01701640 0.35774228
v 0.17460279 0.02061352 0.35567087
v 0.17368950 0.02097061 0.35281169
v 0.17286819 0.01934586 0.35121170
v 0.17127375 0.01687898 0.35142505
v 0.17017192 0.01574874 0.35328311
v 0.17108521 0.01539165 0.35614228
v 0.17238735 0.01818113 0.35447699
v 0.17239627 -0.02001402 0.33025390
v 0.17088678 -0.01748649 0.33019108
v 0.16936706 -0.01599946 0.33297122
v 0.16989499 -0.01731998 0.33616927
v 0.17196925 -0.02073364 0.33625802
v 0.17295079 -0.02194064 0.33312279
v 0.17141473 -0.01880702 0.33338913
v 0.16801484 0.01849081 0.35794723
v 0.16926336 0.02113577 0.35829809
v 0.17020121 0.02277793 0.35678947
v 0.16946600 0.02348095 0.35394391
v 0.16915663 0.02202018 0.35201094
v 0.16790810 0.01937523 0.35166004
v 0.16697025 0.01773307 0.35316867
v 0.16770546 0.01703005 0.35601425
v 0.16858573 0.02025550 0.35497907
v 0.16839311 -0.02297646 0.33039919
v 0.16775589 -0.02026326 0.32942054
v 0.16716315 -0.01818233 0.33045843
v 0.16597328 -0.01754511 0.33315337
v 0.16652779 -0.01947173 0.33602226
v 0.16806386 -0.02260534 0.33575594
v 0.16825104 -0.02398954 0.33374634
v 0.16750935 -0.02067873 0.33288702
v 0.16402788 0.01919176 0.35803717
v 0.16488861 0.02186822 0.35893866
v 0.16547838 0.02392001 0.35783795
v 0.16477469 0.02501083 0.35511625
v 0.16487493 0.02389814 0.35292518
v 0.16401421 0.02122168 0.35202366
v 0.16342443 0.01916989 0.35312441
v 0.16412814 0.01807907 0.35584611
v 0.16445141 0.02154495 0.35548118
v 0.16390523 -0.02249081 0.32901609
v 0.16358818 -0.02014416 0.32928681
v 0.16257128 -0.01843831 0.33152562
v 0.16272070 -0.02100743 0.33575377
v 0.16303775 -0.02335409 0.33548304
v 0.16405466 -0.02505993 0.33324423
v 0.16365954 -0.02485407 0.33080721
v 0.16331297 -0.02174912 0.33238494
v 0.16036159 0.02054654 0.35916001
v 0.16037464 0.02349106 0.35914117
v 0.16064315 0.02516270 0.35739598
v 0.15968458 0.02514965 0.35452890
v 0.15992761 0.02345250 0.35280651
v 0.15991455 0.02050799 0.35282534
v 0.15964603 0.01883635 0.35457054
v 0.16060460 0.01884940 0.35743761
v 0.16296640 -0.01864417 0.33396265
v 0.16014460 0.02199952 0.35598326
v 0.15939984 -0.02213925 0.32841092
v 0.15961376 -0.01987645 0.32915384
v 0.15882568 -0.01848528 0.33170012
v 0.15857658 -0.02181419 0.33535475
v 0.15836267 -0.02407699 0.33461186
v 0.15915075 -0.02546817 0.33206555
v 0.15883948 -0.02473134 0.32972878
v 0.15898821 -0.02197672 0.33188283
v 0.15648709 0.02075512 0.35981771
v 0.15629217 0.01845148 0.35793969
v 0.15542656 0.02399134 0.35901016
v 0.15477164 0.02483782 0.35567781
v 0.15531878 0.02358392 0.35364690
v 0.15568823 0.02071060 0.35310373
v 0.15586294 0.01873483 0.35447770
v 0.15913694 -0.01922210 0.33403692
v 0.15583217 0.02160160 0.35648537
v 0.15488663 -0.02268815 0.32815078
v 0.15545361 -0.02037481 0.32810512
v 0.15531877 -0.01815652 0.33009437
v 0.15451869 -0.02001727 0.33461073
v 0.15395172 -0.02233061 0.33465639
v 0.15408656 -0.02454890 0.33266714
v 0.15372476 -0.02450485 0.33021554
v 0.15470266 -0.02135271 0.33138075
v 0.15274179 0.01713038 0.35779500
v 0.15276092 0.01908693 0.36006102
v 0.15182520 0.02125761 0.36036906
v 0.15040158 0.02319002 0.35861248
v 0.15010640 0.02288654 0.35513818
v 0.15138608 0.02006312 0.35351315
v 0.15208687 0.01797686 0.35446265
v 0.15568057 -0.01820057 0.33254597
v 0.15168126 0.02036660 0.35698745
v 0.15078378 -0.02063045 0.32745928
v 0.15184119 -0.01853715 0.32789475
v 0.15184474 -0.01668248 0.33024994
v 0.15046100 -0.01917209 0.33429804
v 0.14940359 -0.02126539 0.33386257
v 0.14940003 -0.02312005 0.33150738
v 0.14925827 -0.02258555 0.32909435
v 0.15062238 -0.01990127 0.33087867
v 0.14942755 0.01582245 0.35933879
v 0.14735854 0.01954558 0.36073887
v 0.14572032 0.02106202 0.35804319
v 0.14621447 0.01985882 0.35479388
v 0.14755751 0.01803890 0.35401523
v 0.14913237 0.01551897 0.35586450
v 0.15198651 -0.01721699 0.33266300
v 0.14785270 0.01834238 0.35748953
v 0.14769313 -0.01739612 0.32697806
v 0.14864308 -0.01515514 0.32868460
v 0.14747746 -0.01603604 0.33341378
v 0.14611788 -0.01796116 0.33377507
v 0.14516793 -0.02020214 0.33206856
v 0.14467144 -0.02027118 0.32964328
v 0.14633355 -0.01932123 0.32733935
v 0.14690551 -0.01767864 0.33037657
v 0.14613308 0.01409095 0.36068729
v 0.14662723 0.01288775 0.35743797
v 0.14297444 0.01726558 0.36067280
v 0.14179051 0.01775320 0.35741544
v 0.14331093 0.01609501 0.35473424
v 0.14498901 0.01440419 0.35474232
v 0.14913957 -0.01508609 0.33110985
v 0.14449486 0.01560739 0.35799164
v 0.14503637 -0.01423828 0.32668546
v 0.14602460 -0.01238448 0.32881027
v 0.14413098 -0.01371935 0.33318430
v 0.14235573 -0.01530362 0.33306348
v 0.14136748 -0.01715742 0.33093870
v 0.14121182 -0.01681079 0.32848966
v 0.14326110 -0.01582255 0.32656464
v 0.14369604 -0.01477095 0.32987449
v 0.14417702 0.01007135 0.35727841
v 0.14398274 0.01074717 0.36070704
v 0.14021742 0.01392578 0.36117491
v 0.13866182 0.01393393 0.35860035
v 0.13995284 0.01283737 0.35553753
v 0.14193213 0.01159177 0.35506508
v 0.14618026 -0.01273111 0.33125931
v 0.14173785 0.01226759 0.35849372
v 0.14245869 -0.01075820 0.32618338
v 0.14405568 -0.01009673 0.32789043
v 0.14360258 -0.00925103 0.33075720
v 0.14231251 -0.01032511 0.33251742
v 0.13977805 -0.01182355 0.33256140
v 0.13818106 -0.01248502 0.33085436
v 0.13863416 -0.01333072 0.32798755
v 0.13992421 -0.01225664 0.32622734
v 0.14202306 0.01257173 0.36196879
v 0.14111836 -0.01129088 0.32937238
v 0.14276454 0.00678609 0.35888919
v 0.14055920 0.00859761 0.36238268
v 0.13839749 0.00954898 0.36205864
v 0.13645354 0.00953327 0.35978112
v 0.13731699 0.00886711 0.35645536
v 0.13940331 0.00814828 0.35552073
v 0.14205474 0.00744378 0.35662228
v 0.13968851 0.00845242 0.35899583
v 0.14121908 -0.00682200 0.32601434
v 0.14259280 -0.00664951 0.32803315
v 0.14177518 -0.00593982 0.33085299
v 0.13999613 -0.00679064 0.33224472
v 0.13732566 -0.00792455 0.33172622
v 0.13595192 -0.00809704 0.32970744
v 0.13676955 -0.00880673 0.32688758
v 0.13854860 -0.00795591 0.32549587
v 0.13927236 -0.00737327 0.32887030
v 0.14166123 0.00322886 0.35871261
v 0.13989855 0.00453310 0.36266530
v 0.13756281 0.00497588 0.36282367
v 0.13526948 0.00478895 0.36093146
v 0.13557282 0.00435587 0.35747164
v 0.13755557 0.00416452 0.35611105
v 0.14042395 0.00378298 0.35667270
v 0.13842626 0.00430971 0.35949790
v 0.14118385 -0.00325155 0.32649320
v 0.14146705 -0.00225184 0.32933041
v 0.14009951 -0.00274407 0.33129600
v 0.13719615 -0.00302726 0.33170912
v 0.13527530 -0.00308836 0.33024320
v 0.13499211 -0.00408807 0.32740599
v 0.13635963 -0.00359584 0.32544041
v 0.13926300 -0.00331265 0.32502729
v 0.13822958 -0.00316995 0.32836819
v 0.14115678 -0.00047924 0.35856643
v 0.14085343 -0.00004616 0.36202627
v 0.13769667 0.00043308 0.36345983
v 0.13484323 0.00047924 0.36143357
v 0.13514656 0.00004616 0.35797372
v 0.13830334 -0.00043308 0.35654017
v 0.13800000 0.00000000 0.35999998
v 0.14123119 0.00052027 0.32660100
v 0.14112696 0.00148423 0.32946417
v 0.13934600 0.00133558 0.33110449
v 0.13640690 0.00143981 0.33095381
v 0.13482961 0.00179214 0.32913122
v 0.13493384 0.00082817 0.32626808
v 0.13671480 0.00097683 0.32462776
v 0.13965391 0.00087259 0.32477844
v 0.13803039 0.00115620 0.32786611
v 0.14189798 0.00419513 0.32675779
v 0.13999817 0.00561693 0.33060238
v 0.13768896 0.00620146 0.33063191
v 0.13548177 0.00607349 0.32862914
v 0.13594282 0.00560018 0.32519206
v 0.13797346 0.00527280 0.32394058
v 0.14079674 0.00479714 0.32464921
v 0.13868256 0.00543756 0.32736403
v 0.14282708 0.00813457 0.32866582
v 0.14086990 0.00967296 0.33028537
v 0.13878717 0.01074500 0.32983404
v 0.13694538 0.01075063 0.32746816
v 0.13793898 0.00998674 0.32420024
v 0.14001726 0.00912393 0.32338604
v 0.14268354 0.00775030 0.32518995
v 0.14016080 0.00950820 0.32686192
v 0.14449148 0.01166759 0.32871100
v 0.14103417 0.01444719 0.32933196
v 0.13941191 0.01501840 0.32628366
v 0.14078555 0.01378161 0.32331157
v 0.14270207 0.01240616 0.32296622
v 0.14478576 0.01086335 0.32531738
v 0.14240780 0.01321040 0.32635984
v 0.14681731 0.01492552 0.32866508
v 0.14379372 0.01822008 0.32841891
v 0.14276060 0.01864650 0.32510215
v 0.14430341 0.01682710 0.32254100
v 0.14587367 0.01504051 0.32267791
v 0.14735445 0.01356534 0.32548523
v 0.14533652 0.01640069 0.32585773
v 0.14978363 0.01777435 0.32851037
v 0.14735830 0.02137772 0.32740659
v 0.14681348 0.02144411 0.32394990
v 0.14828865 0.01902182 0.32189894
v 0.14938124 0.01698867 0.32251281
v 0.15033139 0.01580759 0.32566753
v 0.14883347 0.01895543 0.32535565
v 0.15371327 0.01959456 0.32800826
v 0.15158203 0.02372857 0.32631481
v 0.15134971 0.02327496 0.32285213
v 0.15253079 0.02032204 0.32139087
v 0.15308765 0.01824477 0.32245785
v 0.15366089 0.01753907 0.32583770
v 0.15276311 0.02077565 0.32485357
v 0.15290670 0.02182941 0.32818806
v 0.15754643 0.02108508 0.32773131
v 0.15664865 0.02432166 0.32674715
v 0.15607542 0.02502737 0.32336730
v 0.15655895 0.02364404 0.32141143
v 0.15682961 0.02073703 0.32101697
v 0.15687491 0.01882487 0.32249576
v 0.15728280 0.01870287 0.32596976
v 0.15697320 0.02179079 0.32435146
v 0.16171481 0.02010828 0.32678941
v 0.16178006 0.02244196 0.32728294
v 0.16117857 0.02545671 0.32398644
v 0.16147690 0.02468622 0.32165962
v 0.16089268 0.02208352 0.32037535
v 0.16064510 0.01983366 0.32114890
v 0.16082014 0.01853794 0.32439551
v 0.16130057 0.02196152 0.32384938
v 0.16605704 0.02176167 0.32678083
v 0.16605799 0.02470482 0.32280114
v 0.16606294 0.02348389 0.32067096
v 0.16509806 0.02080080 0.31991374
v 0.16440003 0.01884430 0.32112810
v 0.16509712 0.01785765 0.32389343
v 0.16509216 0.01907858 0.32602361
v 0.16557755 0.02128123 0.32334727
v 0.16675507 0.02371817 0.32556647
v 0.17041545 0.02078541 0.32610524
v 0.17064752 0.02290230 0.32163700
v 0.17020857 0.02137822 0.31978598
v 0.16886133 0.01876716 0.31958514
v 0.16786015 0.01725457 0.32119328
v 0.16862926 0.01665027 0.32405335
v 0.16906820 0.01817436 0.32590440
v 0.16963840 0.01977628 0.32284519
v 0.17141663 0.02229800 0.32449710
v 0.17458065 0.01888790 0.32530329
v 0.17470865 0.02015316 0.32051972
v 0.17374340 0.01851973 0.31901956
v 0.17207083 0.01612208 0.31938291
v 0.17096031 0.01513579 0.32132247
v 0.17194283 0.01485682 0.32416648
v 0.17290808 0.01649025 0.32566664
v 0.17332573 0.01750499 0.32234311
v 0.17569116 0.01987419 0.32336372
v 0.17787680 0.01509671 0.32501155
v 0.17886212 0.01692457 0.32286161
v 0.17898959 0.01655544 0.32041439
v 0.17691436 0.01557011 0.31851748
v 0.17511661 0.01401402 0.31867048
v 0.17413127 0.01218617 0.32082039
v 0.17400382 0.01255530 0.32326764
v 0.17607905 0.01354063 0.32516453
v 0.17649670 0.01455537 0.32184100
v 0.18147005 0.01251057 0.32337135
v 0.18218300 0.01252044 0.32100430
v 0.18049727 0.01250315 0.31851816
v 0.17855559 0.01126729 0.31787834
v 0.17658678 0.00957286 0.31930646
v 0.17587383 0.00956299 0.32167354
v 0.17755955 0.00958028 0.32415968
v 0.17950124 0.01081613 0.32479948
v 0.17902841 0.01104171 0.32133892
v 0.18379112 0.00826801 0.32227731
v 0.18405817 0.00797764 0.31983078
v 0.18199058 0.00803491 0.31767258
v 0.17974868 0.00724493 0.31750885
v 0.17785440 0.00593236 0.31939632
v 0.17758735 0.00622273 0.32184288
v 0.17965494 0.00616547 0.32400107
v 0.18189684 0.00695544 0.32416478
v 0.18082276 0.00710019 0.32083681
v 0.18514921 0.00357105 0.32112744
v 0.18488926 0.00317481 0.31869623
v 0.18249774 0.00344760 0.31694961
v 0.18014996 0.00318465 0.31726831
v 0.17847121 0.00219599 0.31954199
v 0.17873117 0.00259224 0.32197320
v 0.18112268 0.00231944 0.32371986
v 0.18347047 0.00258240 0.32340115
v 0.18181022 0.00288352 0.32033473
v 0.18536964 -0.00194462 0.31926394
v 0.18378890 -0.00104206 0.31688046
v 0.18145275 -0.00095894 0.31640276
v 0.17897515 -0.00132974 0.31799629
v 0.17853536 -0.00094514 0.32040131
v 0.18011610 -0.00184770 0.32278481
v 0.18245225 -0.00193082 0.32326251
v 0.18492985 -0.00156002 0.32166898
v 0.18195251 -0.00144488 0.31983262
v 0.18435676 -0.00674177 0.31810096
v 0.18251990 -0.00554633 0.31607583
v 0.18021965 -0.00492687 0.31607851
v 0.17803492 -0.00504153 0.31810811
v 0.17813146 -0.00469282 0.32056013
v 0.17996834 -0.00588826 0.32258525
v 0.18226859 -0.00650772 0.32258257
v 0.18445332 -0.00639305 0.32055297
v 0.18124412 -0.00571729 0.31933054
v 0.18189591 -0.01026016 0.31613761
v 0.17982201 -0.00936155 0.31535387
v 0.17726897 -0.00857139 0.31662691
v 0.17659986 -0.00874368 0.32005802
v 0.17813089 -0.00919927 0.32189843
v 0.18110445 -0.01104130 0.32177660
v 0.18268608 -0.01161019 0.31870660
v 0.17971250 -0.00976816 0.31882846
v 0.17995927 -0.01570916 0.31752622
v 0.17841351 -0.01384916 0.31499618
v 0.17602509 -0.01216735 0.31537822
v 0.17444347 -0.01159847 0.31844822
v 0.17537396 -0.01189475 0.32071099
v 0.17730753 -0.01384710 0.32180095
v 0.17896278 -0.01530050 0.32085639
v 0.17741702 -0.01344050 0.31832635
v 0.17588881 -0.01805430 0.31499022
v 0.17412952 -0.01575408 0.31444088
v 0.17208643 -0.01420833 0.31682551
v 0.17240356 -0.01504626 0.32020891
v 0.17499192 -0.01799208 0.32098535
v 0.17643410 -0.01945436 0.31815130
v 0.17444663 -0.01659201 0.31782427
v 0.17183587 -0.02025493 0.31414852
v 0.17037113 -0.01770051 0.31416109
v 0.16892895 -0.01623823 0.31699514
v 0.16947424 -0.01763829 0.32015622
v 0.17145638 -0.02110729 0.32013848
v 0.17237584 -0.02226164 0.31696483
v 0.17091641 -0.01910057 0.31732216
v 0.16777858 -0.02312250 0.31426924
v 0.16718228 -0.02037686 0.31336179
v 0.16666119 -0.01830421 0.31445771
v 0.16550376 -0.01770790 0.31717744
v 0.16604373 -0.01971462 0.31999373
v 0.16750315 -0.02287569 0.31963637
v 0.16763242 -0.02421689 0.31759053
v 0.16696317 -0.02086898 0.31682009
v 0.16329528 -0.02249792 0.31292772
v 0.16305035 -0.02015024 0.31326240
v 0.16207089 -0.01848078 0.31554753
v 0.16218495 -0.02115946 0.31970826
v 0.16242987 -0.02350714 0.31937358
v 0.16340935 -0.02517661 0.31708845
v 0.16301320 -0.02489862 0.31465939
v 0.16274011 -0.02182869 0.31631801
v 0.16246703 -0.01875877 0.31797659
v 0.15881608 -0.02202391 0.31234038
v 0.15909699 -0.01978787 0.31314445
v 0.15832949 -0.01844467 0.31572452
v 0.15800565 -0.02186115 0.31929141
v 0.15772475 -0.02409719 0.31848735
v 0.15849225 -0.02544039 0.31590730
v 0.15820776 -0.02463658 0.31359085
v 0.15841088 -0.02194253 0.31581590
v 0.15861399 -0.01924848 0.31804094
v 0.15431036 -0.02246187 0.31205112
v 0.15494721 -0.02016644 0.31206992
v 0.15483896 -0.01799307 0.31411278
v 0.15397605 -0.01995030 0.31857648
v 0.15333922 -0.02224573 0.31855768
v 0.15344745 -0.02441910 0.31651482
v 0.15310356 -0.02430517 0.31406289
v 0.15414321 -0.02120608 0.31531382
v 0.15518285 -0.01810700 0.31656474
v 0.15027896 -0.02029707 0.31137699
v 0.15139399 -0.01824714 0.31187573
v 0.15140486 -0.01644417 0.31427312
v 0.14992604 -0.01899870 0.31824645
v 0.14881100 -0.02104863 0.31774768
v 0.14880013 -0.02285160 0.31535032
v 0.14870176 -0.02225946 0.31294957
v 0.15010250 -0.01964789 0.31481171
v 0.15150324 -0.01703631 0.31667385
v 0.14730032 -0.01700011 0.31093156
v 0.14826417 -0.01480945 0.31269807
v 0.14701265 -0.01576700 0.31739026
v 0.14559032 -0.01765653 0.31768769
v 0.14462648 -0.01984719 0.31592119
v 0.14416558 -0.01985349 0.31348726
v 0.14587799 -0.01888964 0.31122896
v 0.14644532 -0.01732832 0.31430963
v 0.14872508 -0.01480315 0.31513199
v 0.14473347 -0.01378830 0.31065601
v 0.14571522 -0.01198631 0.31283069
v 0.14371282 -0.01335893 0.31714419
v 0.14189331 -0.01488624 0.31695905
v 0.14091158 -0.01668824 0.31478438
v 0.14081289 -0.01629736 0.31233937
v 0.14291397 -0.01531562 0.31047088
v 0.14331339 -0.01433727 0.31380752
v 0.14581391 -0.01237719 0.31527570
v 0.14224817 -0.01024167 0.31015393
v 0.14382680 -0.00964995 0.31190667
v 0.14332861 -0.00883056 0.31477362
v 0.14196879 -0.00988627 0.31648836
v 0.13940801 -0.01133961 0.31645694
v 0.13782939 -0.01193133 0.31470421
v 0.13832758 -0.01275073 0.31183726
v 0.13968740 -0.01169502 0.31012252
v 0.14082809 -0.01079064 0.31330544
v 0.14111233 -0.00629019 0.31000051
v 0.14244230 -0.00617505 0.31205520
v 0.14157292 -0.00547232 0.31486043
v 0.13973653 -0.00627938 0.31619862
v 0.13705909 -0.00736155 0.31560618
v 0.13572912 -0.00747669 0.31355152
v 0.13659850 -0.00817943 0.31074625
v 0.13843489 -0.00737236 0.30940810
v 0.13908571 -0.00682587 0.31280336
v 0.14115329 -0.00274587 0.31050387
v 0.14138608 -0.00175972 0.31335095
v 0.13995604 -0.00221595 0.31527731
v 0.13703910 -0.00244873 0.31561571
v 0.13515425 -0.00244732 0.31409863
v 0.13492148 -0.00343346 0.31125155
v 0.13635151 -0.00297723 0.30932519
v 0.13926844 -0.00274446 0.30898678
v 0.13815378 -0.00259659 0.31230125
v 0.14128494 0.00101751 0.31061959
v 0.14112896 0.00198832 0.31347781
v 0.13930413 0.00189691 0.31506968
v 0.13637185 0.00205290 0.31484377
v 0.13485183 0.00244910 0.31297871
v 0.13500781 0.00147830 0.31012052
v 0.13683264 0.00156971 0.30852866
v 0.13976492 0.00141371 0.30875456
v 0.13806839 0.00173331 0.31179917
v 0.14203216 0.00467382 0.31078103
v 0.14006861 0.00615964 0.31456757
v 0.13777822 0.00681380 0.31453267
v 0.13561630 0.00671184 0.31247663
v 0.13615440 0.00621225 0.30905452
v 0.13820355 0.00581516 0.30785885
v 0.14100061 0.00529434 0.30864030
v 0.13883287 0.00599604 0.31129706
v 0.14301069 0.00861712 0.31267637
v 0.14104690 0.01020730 0.31423318
v 0.13900828 0.01133639 0.31371865
v 0.13721830 0.01134865 0.31131101
v 0.13827294 0.01053089 0.30807543
v 0.14034152 0.00959660 0.30732229
v 0.14293464 0.00818731 0.30920371
v 0.14041759 0.01002642 0.31079498
v 0.14476356 0.01212065 0.31271058
v 0.14135185 0.01497824 0.31321657
v 0.13981079 0.01554374 0.31012538
v 0.14122009 0.01423378 0.30720171
v 0.14310022 0.01279606 0.30692032
v 0.14510264 0.01124844 0.30933800
v 0.14276114 0.01366827 0.31029290
v 0.14717662 0.01533208 0.31265107
v 0.14422508 0.01868113 0.31228927
v 0.14326476 0.01907108 0.30894625
v 0.14481238 0.01717042 0.30644777
v 0.14632510 0.01534032 0.30664900
v 0.14772901 0.01389193 0.30950928
v 0.14577271 0.01678047 0.30979079
v 0.15022506 0.01811559 0.31248075
v 0.14788720 0.02174158 0.31126514
v 0.14739558 0.02174634 0.30779985
v 0.14884396 0.01924717 0.30582342
v 0.14986672 0.01719596 0.30649945
v 0.15075620 0.01606914 0.30969149
v 0.14933559 0.01924241 0.30928871
v 0.15420119 0.01983187 0.31197864
v 0.15218490 0.02397231 0.31016445
v 0.15197802 0.02344136 0.30671114
v 0.15310484 0.02042776 0.30533332
v 0.15359029 0.01836065 0.30645797
v 0.15412834 0.01772836 0.30985808
v 0.15331173 0.02095870 0.30878660
v 0.15346156 0.02209363 0.31209409
v 0.15808511 0.02123053 0.31168461
v 0.15726849 0.02446087 0.31061316
v 0.15673043 0.02509316 0.30721307
v 0.15717715 0.02364781 0.30529672
v 0.15739723 0.02072789 0.30497703
v 0.15738049 0.01885255 0.30650672
v 0.15778410 0.01881185 0.30998313
v 0.15754704 0.02186282 0.30828452
v 0.16224730 0.02013476 0.31077024
v 0.16238420 0.02247688 0.31120044
v 0.16183671 0.02541921 0.30782813
v 0.16210651 0.02458246 0.30552247
v 0.16147380 0.02196045 0.30430603
v 0.16115996 0.01973910 0.30514044
v 0.16132028 0.01852345 0.30841863
v 0.16187741 0.02191975 0.30778244
v 0.16664180 0.02168440 0.31069833
v 0.16669217 0.02452357 0.30664414
v 0.16664535 0.02325242 0.30454659
v 0.16562825 0.02057013 0.30386233
v 0.16488001 0.01866541 0.30513227
v 0.16557789 0.01773097 0.30791652
v 0.16562471 0.01900212 0.31001407
v 0.16613503 0.02112727 0.30728033
v 0.16739005 0.02358912 0.30942839
v 0.17098662 0.02058554 0.31000540
v 0.17122436 0.02258745 0.30548480
v 0.17071831 0.02103690 0.30367666
v 0.16932319 0.01844664 0.30355108
v 0.16829555 0.01700114 0.30520731
v 0.16908546 0.01644473 0.30807170
v 0.16959150 0.01799529 0.30987981
v 0.17015490 0.01951609 0.30677825
v 0.17201427 0.02203104 0.30834916
v 0.17510982 0.01856626 0.30918738
v 0.17519888 0.01972319 0.30437559
v 0.17416152 0.01809110 0.30292693
v 0.17245273 0.01573105 0.30336490
v 0.17134355 0.01481688 0.30534324
v 0.17236367 0.01457413 0.30817673
v 0.17340104 0.01620621 0.30962536
v 0.17378128 0.01714866 0.30627614
v 0.17621900 0.01948044 0.30720904
v 0.17776318 0.01446641 0.30914101
v 0.17917487 0.01660730 0.30490738
v 0.17831469 0.01550162 0.30290085
v 0.17598405 0.01376699 0.30240712
v 0.17435546 0.01267563 0.30381647
v 0.17457236 0.01162610 0.30664074
v 0.17543255 0.01273178 0.30864727
v 0.17687361 0.01411670 0.30577406
v 0.17939177 0.01555777 0.30773166
v 0.18183024 0.01197878 0.30722958
v 0.18249108 0.01193877 0.30484650
v 0.18075316 0.01192263 0.30239877
v 0.17876160 0.01073888 0.30182138
v 0.17679393 0.00909664 0.30331436
v 0.17613310 0.00913665 0.30569744
v 0.17787102 0.00915279 0.30814517
v 0.17986256 0.01033654 0.30872256
v 0.17931208 0.01053771 0.30527195
v 0.18403053 0.00766315 0.30612668
v 0.18423031 0.00734676 0.30367669
v 0.18211497 0.00742513 0.30156884
v 0.17984705 0.00670242 0.30146950
v 0.17797388 0.00543761 0.30341306
v 0.17777409 0.00575400 0.30586305
v 0.17988944 0.00567563 0.30797091
v 0.18215737 0.00639833 0.30807024
v 0.18100220 0.00655038 0.30476987
v 0.18525168 0.00292287 0.30497125
v 0.18491963 0.00252845 0.30254924
v 0.18249214 0.00283908 0.30086300
v 0.18014616 0.00264823 0.30124551
v 0.17850526 0.00169555 0.30356431
v 0.17883731 0.00208998 0.30598632
v 0.18126482 0.00177935 0.30767259
v 0.18361078 0.00197020 0.30729008
v 0.18187848 0.00230921 0.30426779
v 0.18529579 -0.00259751 0.30310705
v 0.18367450 -0.00166207 0.30076626
v 0.18133086 -0.00150721 0.30035195
v 0.17888615 -0.00183746 0.30200759
v 0.17851809 -0.00144536 0.30442435
v 0.18013938 -0.00238080 0.30676511
v 0.18248302 -0.00253566 0.30717945
v 0.18492773 -0.00220541 0.30552381
v 0.18190694 -0.00202143 0.30376568
v 0.18414369 -0.00735783 0.30194896
v 0.18228202 -0.00611645 0.29997787
v 0.18000241 -0.00542788 0.30004501
v 0.17786361 -0.00551774 0.30212712
v 0.17802928 -0.00518967 0.30457821
v 0.17989096 -0.00643105 0.30654931
v 0.18217057 -0.00711962 0.30648220
v 0.18430936 -0.00702976 0.30440006
v 0.18108650 -0.00627375 0.30326360
v 0.18155451 -0.01079886 0.30001372
v 0.17949218 -0.00982905 0.29929134
v 0.17698148 -0.00900837 0.30063143
v 0.17639172 -0.00919887 0.30407614
v 0.17794834 -0.00972190 0.30587333
v 0.18087460 -0.01163019 0.30566019
v 0.18237519 -0.01219124 0.30254838
v 0.17944893 -0.01028295 0.30276150
v 0.17953081 -0.01620534 0.30137062
v 0.17798239 -0.01426398 0.29890415
v 0.17563203 -0.01254645 0.29936072
v 0.17413145 -0.01198540 0.30247256
v 0.17509599 -0.01234526 0.30470973
v 0.17701446 -0.01434759 0.30572960
v 0.17860614 -0.01583505 0.30472589
v 0.17705771 -0.01389369 0.30225942
v 0.17537153 -0.01839952 0.29887131
v 0.17364538 -0.01605897 0.29839614
v 0.17168365 -0.01451055 0.30084646
v 0.17204377 -0.01541760 0.30420762
v 0.17456393 -0.01844643 0.30487928
v 0.17592995 -0.01987993 0.30199325
v 0.17400549 -0.01696603 0.30175734
v 0.17127077 -0.02047945 0.29804537
v 0.16985212 -0.01790052 0.29813328
v 0.16848610 -0.01646703 0.30101928
v 0.16904452 -0.01794743 0.30414125
v 0.17093179 -0.02146686 0.30401698
v 0.17179202 -0.02256538 0.30080709
v 0.17041056 -0.01938093 0.30125523
v 0.16716166 -0.02325059 0.29814109
v 0.16660792 -0.02047472 0.29730543
v 0.16615795 -0.01841410 0.29845864
v 0.16503075 -0.01786035 0.30120128
v 0.16555199 -0.01994628 0.30396301
v 0.16693343 -0.02313074 0.30351487
v 0.16700712 -0.02442596 0.30143422
v 0.16641220 -0.02104480 0.30075315
v 0.16268730 -0.02248810 0.29684171
v 0.16251445 -0.02014318 0.29724014
v 0.16157044 -0.01851202 0.29956996
v 0.16164345 -0.02129826 0.30366039
v 0.16181630 -0.02364318 0.30326197
v 0.16276029 -0.02527433 0.30093211
v 0.16236691 -0.02492427 0.29851270
v 0.16216537 -0.02189318 0.30025104
v 0.16196384 -0.01886209 0.30198941
v 0.15823771 -0.02189318 0.29627225
v 0.15858409 -0.01968738 0.29713690
v 0.15783463 -0.01839318 0.29974896
v 0.15743156 -0.02189318 0.30322567
v 0.15708517 -0.02409897 0.30236101
v 0.15783463 -0.02539318 0.29974896
v 0.15758038 -0.02452388 0.29745445
v 0.15783463 -0.02189318 0.29974896
v 0.15808888 -0.01926247 0.30204347
v 0.15374234 -0.02222016 0.29595375
v 0.15444802 -0.01994628 0.29603699
v 0.15436397 -0.01781918 0.29813200
v 0.15343326 -0.01986944 0.30253997
v 0.15272759 -0.02214332 0.30245674
v 0.15281162 -0.02427043 0.30036172
v 0.15248927 -0.02408766 0.29791111
v 0.15358780 -0.02104480 0.29924685
v 0.15468632 -0.01800194 0.30058262
v 0.14978515 -0.01995101 0.29529706
v 0.15095547 -0.01794743 0.29585877
v 0.15097089 -0.01619647 0.29829663
v 0.14939374 -0.01881084 0.30219248
v 0.14822342 -0.02081442 0.30163080
v 0.14820799 -0.02256538 0.29919291
v 0.14815594 -0.02191798 0.29680610
v 0.14958945 -0.01938093 0.29874477
v 0.15102294 -0.01684388 0.30068344
v 0.14691919 -0.01659573 0.29488739
v 0.14789426 -0.01445606 0.29671267
v 0.14655294 -0.01548563 0.30136463
v 0.14506982 -0.01733632 0.30159795
v 0.14409474 -0.01947600 0.29977271
v 0.14367267 -0.01942151 0.29733181
v 0.14543608 -0.01844643 0.29512072
v 0.14599450 -0.01696603 0.29824269
v 0.14831634 -0.01451055 0.29915354
v 0.14444287 -0.01333263 0.29462877
v 0.14541540 -0.01158203 0.29685178
v 0.14330241 -0.01298663 0.30110177
v 0.14144170 -0.01445474 0.30085242
v 0.14046918 -0.01620534 0.29862937
v 0.14042969 -0.01577326 0.29619008
v 0.14258216 -0.01480074 0.29437941
v 0.14294229 -0.01389369 0.29774058
v 0.14545488 -0.01201411 0.29929110
v 0.14205165 -0.00972190 0.29412666
v 0.14360827 -0.00919887 0.29592386
v 0.14306366 -0.00840337 0.29878899
v 0.14163515 -0.00943708 0.30045709
v 0.13905048 -0.01084401 0.30035031
v 0.13749386 -0.01136703 0.29855314
v 0.13803847 -0.01216253 0.29568797
v 0.13946699 -0.01112883 0.29401991
v 0.14055108 -0.01028295 0.29723850
v 0.14101909 -0.00575785 0.29398862
v 0.14230236 -0.00569767 0.29607776
v 0.14138095 -0.00499916 0.29886645
v 0.13948959 -0.00575952 0.30015016
v 0.13680793 -0.00678965 0.29948419
v 0.13552466 -0.00684983 0.29739505
v 0.13644606 -0.00754834 0.29460636
v 0.13833743 -0.00678798 0.29332265
v 0.13891351 -0.00627375 0.29673639
v 0.14113422 -0.00224067 0.29451579
v 0.14131594 -0.00126542 0.29737079
v 0.13982537 -0.00168242 0.29925659
v 0.13689753 -0.00186414 0.29952005
v 0.13505192 -0.00180220 0.29795283
v 0.13487020 -0.00277745 0.29509786
v 0.13636076 -0.00236045 0.29321203
v 0.13928859 -0.00217873 0.29294857
v 0.13809307 -0.00202143 0.29623431
v 0.14134964 0.00151283 0.29463905
v 0.14114232 0.00249319 0.29749033
v 0.13927668 0.00246126 0.29903260
v 0.13635397 0.00266858 0.29873165
v 0.13489342 0.00310559 0.29682541
v 0.13510074 0.00212523 0.29397410
v 0.13696636 0.00215716 0.29243183
v 0.13988909 0.00194984 0.29273278
v 0.13812153 0.00230921 0.29573223
v 0.14217679 0.00514932 0.29480466
v 0.14015296 0.00670242 0.29853049
v 0.13788502 0.00742513 0.29843116
v 0.13576968 0.00734676 0.29632330
v 0.13638334 0.00681689 0.29291850
v 0.13844731 0.00634921 0.29177955
v 0.14121585 0.00578467 0.29263321
v 0.13899779 0.00655038 0.29523012
v 0.14320607 0.00909664 0.29668564
v 0.14123839 0.01073888 0.29817861
v 0.13924685 0.01192263 0.29760125
v 0.13750891 0.01193877 0.29515350
v 0.13862169 0.01106402 0.29195249
v 0.14067684 0.01005887 0.29126096
v 0.14319499 0.00861780 0.29321855
v 0.14068791 0.01053771 0.29472804
v 0.14504740 0.01256854 0.29670846
v 0.14168532 0.01550162 0.29709914
v 0.14022507 0.01605716 0.29396722
v 0.14166613 0.01467224 0.29109401
v 0.14350663 0.01317426 0.29087672
v 0.14542764 0.01162610 0.29335925
v 0.14312638 0.01411670 0.29422593
v 0.14754727 0.01573105 0.29663509
v 0.14467056 0.01913073 0.29615790
v 0.14378101 0.01948044 0.29279095
v 0.14532916 0.01749837 0.29035690
v 0.14678213 0.01562785 0.29062229
v 0.14811069 0.01421024 0.29353353
v 0.14621872 0.01714866 0.29372385
v 0.15067682 0.01844664 0.29644892
v 0.14842749 0.02209062 0.29512233
v 0.14798573 0.02203104 0.29165083
v 0.14940333 0.01945651 0.28975025
v 0.15035541 0.01739094 0.29048803
v 0.15118712 0.01632149 0.29371518
v 0.14984509 0.01951609 0.29322177
v 0.15469669 0.02005781 0.29594681
v 0.15279552 0.02419863 0.29401311
v 0.15260996 0.02358912 0.29057160
v 0.15367942 0.02051776 0.28927815
v 0.15409407 0.01846455 0.29045969
v 0.15460086 0.01790742 0.29387769
v 0.15386498 0.02112727 0.29271966
v 0.15402529 0.02234292 0.29599786
v 0.15862937 0.02136261 0.29563558
v 0.15789348 0.02458246 0.29447755
v 0.15738671 0.02513960 0.29105952
v 0.15779340 0.02363423 0.28918406
v 0.15796228 0.02070409 0.28893939
v 0.15788554 0.01886877 0.29051894
v 0.15828915 0.01890947 0.29399535
v 0.15812258 0.02191975 0.29221758
v 0.16278215 0.02014834 0.29474899
v 0.16299102 0.02249512 0.29511559
v 0.16249366 0.02536229 0.29166979
v 0.16273151 0.02446087 0.28938684
v 0.16204934 0.02182212 0.28823906
v 0.16167083 0.01963273 0.28913382
v 0.16182067 0.01849780 0.29244131
v 0.16245295 0.02186282 0.29171547
v 0.16722633 0.02159099 0.29461348
v 0.16732056 0.02432372 0.29048756
v 0.16721940 0.02300515 0.28842413
v 0.16615021 0.02032641 0.28781328
v 0.16535455 0.01847603 0.28913793
v 0.16605598 0.01759368 0.29193923
v 0.16615714 0.01891225 0.29400265
v 0.16668826 0.02095870 0.29121339
v 0.16802199 0.02344136 0.29328886
v 0.17155388 0.02036924 0.29390332
v 0.17179123 0.02225602 0.28933346
v 0.17121679 0.02068256 0.28756949
v 0.16977493 0.01811559 0.28751925
v 0.16872439 0.01673849 0.28922245
v 0.16953757 0.01622880 0.29208913
v 0.17011201 0.01780227 0.29385307
v 0.17066440 0.01924241 0.29071128
v 0.17260443 0.02174634 0.29220015
v 0.17563121 0.01822886 0.29306948
v 0.17567568 0.01927964 0.28823277
v 0.17456637 0.01765268 0.28683662
v 0.17282338 0.01533208 0.28734893
v 0.17171934 0.01448986 0.28936467
v 0.17277890 0.01428130 0.29218563
v 0.17388822 0.01590826 0.29358178
v 0.17422730 0.01678047 0.29020920
v 0.17673525 0.01907108 0.29105374
v 0.17819919 0.01405822 0.29305011
v 0.17958035 0.01608811 0.28875223
v 0.17864816 0.01497824 0.28678343
v 0.17627853 0.01327832 0.28636411
v 0.17464575 0.01225898 0.28782570
v 0.17489737 0.01124844 0.29066202
v 0.17582956 0.01235830 0.29263079
v 0.17723887 0.01366827 0.28970712
v 0.17983197 0.01507757 0.29158852
v 0.18217552 0.01143572 0.29108641
v 0.18278170 0.01134865 0.28868899
v 0.18099171 0.01133639 0.28628135
v 0.17895310 0.01020730 0.28576681
v 0.17698930 0.00861712 0.28732362
v 0.17638312 0.00870420 0.28972104
v 0.17817311 0.00871645 0.29212868
v 0.18021172 0.00984554 0.29264322
v 0.17958242 0.01002642 0.28920501
v 0.18425246 0.00705068 0.28997514
v 0.18438369 0.00671184 0.28752336
v 0.18222177 0.00681380 0.28546736
v 0.17993139 0.00615964 0.28543243
v 0.17808181 0.00494140 0.28743070
v 0.17795056 0.00528024 0.28988248
v 0.18011250 0.00517828 0.29193851
v 0.18240288 0.00583244 0.29197344
v 0.18116713 0.00599604 0.28870293
v 0.18533511 0.00227140 0.28881454
v 0.18493113 0.00188258 0.28640345
v 0.18246971 0.00223289 0.28477871
v 0.18012935 0.00211395 0.28522477
v 0.17852812 0.00119521 0.28758711
v 0.17893209 0.00158403 0.28999820
v 0.18139352 0.00123373 0.29162294
v 0.18373388 0.00135267 0.29117689
v 0.18193161 0.00173331 0.28820083
v 0.18520282 -0.00324741 0.28695059
v 0.18354276 -0.00227700 0.28465414
v 0.18119541 -0.00205010 0.28430349
v 0.17878565 -0.00234158 0.28602010
v 0.17848964 -0.00194577 0.28844690
v 0.18014970 -0.00291619 0.29074335
v 0.18249704 -0.00314308 0.29109401
v 0.18490680 -0.00285160 0.28937739
v 0.18184623 -0.00259659 0.28769875
v 0.18391299 -0.00796656 0.28579786
v 0.18202896 -0.00667801 0.28388220
v 0.17977360 -0.00592150 0.28401375
v 0.17768198 -0.00598900 0.28614694
v 0.17791559 -0.00568518 0.28859544
v 0.17979962 -0.00697374 0.29051110
v 0.18205498 -0.00773024 0.29037955
v 0.18414658 -0.00766274 0.28824636
v 0.18091428 -0.00682587 0.28719667
v 0.18119852 -0.01132632 0.28389171
v 0.17915148 -0.01028602 0.28323120
v 0.17668469 -0.00943709 0.28463748
v 0.17617320 -0.00964995 0.28809333
v 0.17775182 -0.01024167 0.28984606
v 0.18062738 -0.01221364 0.28954178
v 0.18204746 -0.01276261 0.28639027
v 0.17917190 -0.01079064 0.28669456
v 0.17908841 -0.01668824 0.28521562
v 0.17754160 -0.01466548 0.28281441
v 0.17523114 -0.01291427 0.28334525
v 0.17381105 -0.01236530 0.28649676
v 0.17480628 -0.01279045 0.28870678
v 0.17670703 -0.01484189 0.28965583
v 0.17823341 -0.01636003 0.28859368
v 0.17668660 -0.01433727 0.28619248
v 0.17484617 -0.01872906 0.28275439
v 0.17315525 -0.01634998 0.28235373
v 0.17127493 -0.01480315 0.28486803
v 0.17167436 -0.01578150 0.28820467
v 0.17412201 -0.01888964 0.28877103
v 0.17541350 -0.02029039 0.28583506
v 0.17355467 -0.01732832 0.28569037
v 0.17111361 -0.02209779 0.28300446
v 0.17031561 -0.01955518 0.28171459
v 0.16849676 -0.01703631 0.28332615
v 0.16807866 -0.01712902 0.28679985
v 0.17046483 -0.02120921 0.28826892
v 0.17093715 -0.02274697 0.28643921
v 0.16989750 -0.01964789 0.28518829
v 0.16909350 -0.01860824 0.28843215
v 0.16654290 -0.02336074 0.28201473
v 0.16603325 -0.02055690 0.28125146
v 0.16565368 -0.01851203 0.28246114
v 0.16455443 -0.01800237 0.28522480
v 0.16505280 -0.02016644 0.28793007
v 0.16635516 -0.02337015 0.28739145
v 0.16637576 -0.02461653 0.28527740
v 0.16585679 -0.02120608 0.28468618
v 0.16208176 -0.02246150 0.28075802
v 0.16198075 -0.02012312 0.28121990
v 0.16107017 -0.01853209 0.28359288
v 0.16109650 -0.02142357 0.28761017
v 0.16119751 -0.02376194 0.28714830
v 0.16210809 -0.02535298 0.28477532
v 0.16172126 -0.02493108 0.28236720
v 0.16158913 -0.02194253 0.28418410
v 0.16145700 -0.01895398 0.28600100
v 0.15757012 -0.02350714 0.28062642
v 0.15781505 -0.02115946 0.28029174
v 0.15753298 -0.01875877 0.28202340
v 0.15694964 -0.02015024 0.28673759
v 0.15670472 -0.02249792 0.28707227
v 0.15698680 -0.02489862 0.28534061
v 0.15659066 -0.02517661 0.28291154
v 0.15725988 -0.02182869 0.28368202
v 0.15792911 -0.01848078 0.28445247
v 0.15318300 -0.02196336 0.27985862
v 0.15395628 -0.01971462 0.28000626
v 0.15389398 -0.01763498 0.28215203
v 0.15289065 -0.01977459 0.28650120
v 0.15211736 -0.02202333 0.28635356
v 0.15217967 -0.02410297 0.28420782
v 0.15188247 -0.02385260 0.28176025
v 0.15303682 -0.02086898 0.28317991
v 0.15419118 -0.01788535 0.28459957
v 0.14930268 -0.01959268 0.27921954
v 0.15052576 -0.01763829 0.27984378
v 0.15054302 -0.01593950 0.28232047
v 0.14886449 -0.01860846 0.28613612
v 0.14764141 -0.02056286 0.28551188
v 0.14762415 -0.02226164 0.28303519
v 0.14762130 -0.02156148 0.28066397
v 0.14908358 -0.01910057 0.28267783
v 0.15054587 -0.01663967 0.28469169
v 0.14654985 -0.01618335 0.27884555
v 0.14753348 -0.01409518 0.28072831
v 0.14609866 -0.01519195 0.28533682
v 0.14455688 -0.01700067 0.28550589
v 0.14357327 -0.01908884 0.28362316
v 0.14319317 -0.01897569 0.28117698
v 0.14500807 -0.01799208 0.27901465
v 0.14555337 -0.01659201 0.28217572
v 0.14791358 -0.01420833 0.28317448
v 0.14416458 -0.01287161 0.27860364
v 0.14512520 -0.01117184 0.28087351
v 0.14290009 -0.01260257 0.28505704
v 0.14100134 -0.01400939 0.28474364
v 0.14004073 -0.01570916 0.28247377
v 0.14006254 -0.01523905 0.28004187
v 0.14226584 -0.01427843 0.27829024
v 0.14258297 -0.01344050 0.28167364
v 0.14510339 -0.01164195 0.28330541
v 0.14186910 -0.00919927 0.27810156
v 0.14340015 -0.00874368 0.27994198
v 0.14280792 -0.00796961 0.28280333
v 0.14131196 -0.00897773 0.28442356
v 0.13870586 -0.01033704 0.28424153
v 0.13717483 -0.01079263 0.28240111
v 0.13776706 -0.01156671 0.27953976
v 0.13926302 -0.01055858 0.27791953
v 0.14028749 -0.00976816 0.28117156
v 0.14093928 -0.00522529 0.27797860
v 0.14217302 -0.00521755 0.28010076
v 0.14119942 -0.00452053 0.28287101
v 0.13925563 -0.00523135 0.28409934
v 0.13657248 -0.00620930 0.28336030
v 0.13533874 -0.00621704 0.28123814
v 0.13631234 -0.00691406 0.27846789
v 0.13825613 -0.00620323 0.27723956
v 0.13875589 -0.00571729 0.28066945
v 0.14112654 -0.00173616 0.27852887
v 0.14125670 -0.00076912 0.28138980
v 0.13970776 -0.00114376 0.28323376
v 0.13677172 -0.00127392 0.28342208
v 0.13496846 -0.00115360 0.28180584
v 0.13483830 -0.00212064 0.27894491
v 0.13638724 -0.00174600 0.27710095
v 0.13932328 -0.00161584 0.27691266
v 0.13804750 -0.00144488 0.28016737
v 0.14142521 0.00200606 0.27865922
v 0.14116713 0.00299866 0.28150162
v 0.13926387 0.00302827 0.28299326
v 0.13635339 0.00328634 0.28261745
v 0.13495436 0.00376098 0.28067133
v 0.13521244 0.00276838 0.27782893
v 0.13711570 0.00273878 0.27633730
v 0.14002618 0.00248070 0.27671310
v 0.13818979 0.00288352 0.27966526
v 0.14233182 0.00562146 0.27882856
v 0.14025132 0.00724493 0.28249115
v 0.13800941 0.00803491 0.28232744
v 0.13594182 0.00797764 0.28016922
v 0.13662934 0.00741356 0.27678409
v 0.13870442 0.00687461 0.27570260
v 0.14144215 0.00626791 0.27662793
v 0.13917723 0.00710019 0.27916318
v 0.14341323 0.00957286 0.28069353
v 0.14144440 0.01126729 0.28212166
v 0.13950273 0.01250315 0.28148183
v 0.13781700 0.01252044 0.27899569
v 0.13898481 0.01158572 0.27583146
v 0.14102283 0.01051050 0.27520201
v 0.14346448 0.00904164 0.27723446
v 0.14097159 0.01104171 0.27866107
v 0.14534299 0.01301095 0.28070465
v 0.14203444 0.01601681 0.28097975
v 0.14065434 0.01655815 0.27780920
v 0.14212319 0.01509671 0.27498847
v 0.14392096 0.01354063 0.27483547
v 0.14576064 0.01199621 0.27738112
v 0.14350329 0.01455537 0.27815899
v 0.14792918 0.01612208 0.28061709
v 0.14512984 0.01956838 0.28002486
v 0.14430884 0.01987419 0.27663627
v 0.14585325 0.01781080 0.27426833
v 0.14724444 0.01590306 0.27459770
v 0.14849935 0.01452015 0.27755791
v 0.14667426 0.01750499 0.27765691
v 0.15113868 0.01876716 0.28041485
v 0.14897870 0.02242446 0.27897820
v 0.14858337 0.02229800 0.27550289
v 0.14996628 0.01964983 0.27367949
v 0.15084700 0.01757363 0.27447850
v 0.15162407 0.01656451 0.27773851
v 0.15036161 0.01977628 0.27715480
v 0.15519951 0.02027211 0.27991277
v 0.15341333 0.02440725 0.27786088
v 0.15324494 0.02371817 0.27443352
v 0.15425406 0.02059215 0.27322537
v 0.15459877 0.01855654 0.27446297
v 0.15507828 0.01807611 0.27789652
v 0.15442245 0.02128123 0.27665272
v 0.15459749 0.02257696 0.27989933
v 0.15917893 0.02148109 0.27958417
v 0.15852311 0.02468622 0.27834037
v 0.15804361 0.02516665 0.27490681
v 0.15840718 0.02360346 0.27307352
v 0.15852439 0.02066580 0.27290401
v 0.15838984 0.01887360 0.27453232
v 0.15879773 0.01899560 0.27800635
v 0.15869942 0.02196152 0.27615061
v 0.16331905 0.02014885 0.27872565
v 0.16360004 0.02249649 0.27902839
v 0.16314881 0.02528597 0.27551147
v 0.16335134 0.02432166 0.27325284
v 0.16261891 0.02166879 0.27217454
v 0.16217752 0.01951471 0.27312899
v 0.16232111 0.01846095 0.27646348
v 0.16302681 0.02179079 0.27564853
v 0.16781013 0.02148135 0.27852628
v 0.16794260 0.02410549 0.27433148
v 0.16778466 0.02274241 0.27230358
v 0.16666365 0.02006994 0.27176660
v 0.16582349 0.01827634 0.27314502
v 0.16653118 0.01744581 0.27596140
v 0.16668911 0.01880888 0.27798930
v 0.16723688 0.02077565 0.27514645
v 0.16865028 0.02327496 0.27714789
v 0.17211670 0.02013652 0.27779907
v 0.17234762 0.02190836 0.27318308
v 0.17170368 0.02031561 0.27146450
v 0.17021638 0.01777435 0.27148962
v 0.16914655 0.01646676 0.27323860
v 0.16998544 0.01600251 0.27610561
v 0.17062940 0.01759525 0.27782419
v 0.17116654 0.01895543 0.27464435
v 0.17318653 0.02144411 0.27605009
v 0.17569658 0.01682710 0.27745900
v 0.17668346 0.01888937 0.27554801
v 0.17704143 0.01874774 0.27309981
v 0.17520061 0.01776087 0.27096242
v 0.17363036 0.01597427 0.27082551
v 0.17264348 0.01391201 0.27273652
v 0.17228553 0.01405363 0.27518469
v 0.17412634 0.01504051 0.27732211
v 0.17466347 0.01640069 0.27414227
v 0.17862530 0.01363682 0.27695692
v 0.17997015 0.01555745 0.27259773
v 0.17896582 0.01444719 0.27066806
v 0.17655908 0.01278399 0.27032343
v 0.17492591 0.01183677 0.27183628
v 0.17521425 0.01086335 0.27468261
v 0.17621855 0.01197361 0.27661228
v 0.17759219 0.01321040 0.27364016
v 0.18025848 0.01458403 0.27544406
v 0.18250549 0.01088184 0.27494198
v 0.18305461 0.01075063 0.27253184
v 0.18121284 0.01074500 0.27016595
v 0.17913009 0.00967296 0.26971462
v 0.17717291 0.00813457 0.27133417
v 0.17662379 0.00826577 0.27374429
v 0.17846557 0.00827141 0.27611020
v 0.18054831 0.00934345 0.27656153
v 0.17983921 0.00950820 0.27313808
v 0.18445662 0.00643116 0.27382270
v 0.18451822 0.00607349 0.27137086
v 0.18231103 0.00620146 0.26936808
v 0.18000183 0.00561693 0.26939762
v 0.17817825 0.00444396 0.27144927
v 0.17811663 0.00480163 0.27390110
v 0.18032384 0.00467366 0.27590388
v 0.18263304 0.00525818 0.27587435
v 0.18131743 0.00543756 0.27263600
v 0.18546304 0.00101393 0.27197400
v 0.18408376 0.00179662 0.26941907
v 0.18182732 0.00156583 0.26866084
v 0.17922986 0.00099358 0.26996195
v 0.17847614 0.00129848 0.27229378
v 0.17985544 0.00051578 0.27484870
v 0.18211187 0.00074658 0.27560693
v 0.18470934 0.00131883 0.27430582
v 0.18196960 0.00115620 0.27213389
v 0.18509087 -0.00389372 0.27079466
v 0.18339393 -0.00288634 0.26854411
v 0.18104666 -0.00258732 0.26825738
v 0.17867386 -0.00284192 0.27003375
v 0.17844997 -0.00244619 0.27246895
v 0.18014692 -0.00345356 0.27471948
v 0.18249418 -0.00375259 0.27500620
v 0.18486698 -0.00349798 0.27322984
v 0.18177043 -0.00316995 0.27163181
v 0.18366495 -0.00856742 0.26964775
v 0.18176106 -0.00723058 0.26778880
v 0.17953348 -0.00640751 0.26798466
v 0.17749016 -0.00645516 0.27016750
v 0.17779033 -0.00617913 0.27261168
v 0.17969421 -0.00751597 0.27447063
v 0.18192178 -0.00833904 0.27427474
v 0.18396510 -0.00829139 0.27209193
v 0.18072763 -0.00737327 0.27112970
v 0.18082835 -0.01184215 0.26777166
v 0.17880028 -0.01073226 0.26717344
v 0.17637882 -0.00985742 0.26864490
v 0.17594433 -0.01009673 0.27210957
v 0.17754132 -0.01075820 0.27381662
v 0.18036287 -0.01279110 0.27342141
v 0.18170318 -0.01332377 0.27023241
v 0.17888163 -0.01129088 0.27062762
v 0.17863253 -0.01715742 0.26906130
v 0.17709158 -0.01505347 0.26672703
v 0.17482273 -0.01327073 0.26733172
v 0.17348240 -0.01273806 0.27052075
v 0.17450483 -0.01323001 0.27270207
v 0.17638531 -0.01532956 0.27357969
v 0.17784490 -0.01687490 0.27245981
v 0.17630395 -0.01477095 0.27012551
v 0.17431329 -0.01904276 0.26663953
v 0.17265956 -0.01662704 0.26631361
v 0.17086044 -0.01508609 0.26889014
v 0.17129536 -0.01613769 0.27219999
v 0.17366646 -0.01932123 0.27266064
v 0.17488526 -0.02068535 0.26967674
v 0.17309450 -0.01767864 0.26962343
v 0.17051689 -0.02232422 0.26686716
v 0.16975106 -0.01974049 0.26564503
v 0.16801350 -0.01721699 0.26733702
v 0.16764005 -0.01737777 0.27081332
v 0.16994958 -0.02154386 0.27215856
v 0.17035551 -0.02305341 0.27028656
v 0.16937761 -0.01990127 0.26912135
v 0.16862667 -0.01892337 0.27239698
v 0.16592288 -0.02345298 0.26589021
v 0.16545872 -0.02062353 0.26519984
v 0.16514862 -0.01859809 0.26646519
v 0.16407497 -0.01813393 0.26924795
v 0.16482995 -0.02091113 0.27205968
v 0.16576876 -0.02359359 0.27126616
v 0.16573891 -0.02478841 0.26912019
v 0.16529733 -0.02135271 0.26861924
v 0.16147916 -0.02241830 0.26467672
v 0.16144954 -0.02009024 0.26520175
v 0.16057022 -0.01854102 0.26761621
v 0.16054441 -0.02153515 0.27155760
v 0.16057403 -0.02386320 0.27103254
v 0.16145337 -0.02541242 0.26861811
v 0.16107684 -0.02491914 0.26622295
v 0.16101179 -0.02197672 0.26811716
v 0.16094673 -0.01903431 0.27001134
v 0.15696225 -0.02335409 0.26451695
v 0.15727930 -0.02100743 0.26424623
v 0.15703361 -0.01864417 0.26603734
v 0.15641181 -0.02014416 0.27071318
v 0.15609476 -0.02249081 0.27098390
v 0.15634046 -0.02485407 0.26919279
v 0.15594535 -0.02505993 0.26675576
v 0.15668704 -0.02174912 0.26761505
v 0.15742873 -0.01843831 0.26847437
v 0.15263273 -0.02169181 0.26376581
v 0.15347220 -0.01947173 0.26397774
v 0.15342911 -0.01744063 0.26617274
v 0.15234858 -0.01966565 0.27046013
v 0.15150911 -0.02188573 0.27024820
v 0.15155220 -0.02391682 0.26805320
v 0.15128365 -0.02360026 0.26561037
v 0.15249066 -0.02067873 0.26711297
v 0.15369765 -0.01775720 0.26861557
v 0.14883181 -0.01922249 0.26314437
v 0.15010500 -0.01731998 0.26383075
v 0.15012135 -0.01567340 0.26634455
v 0.14833872 -0.01839155 0.27007738
v 0.14706555 -0.02029405 0.26939100
v 0.14704920 -0.02194064 0.26687720
v 0.14709824 -0.02119037 0.26452321
v 0.14858527 -0.01880702 0.26661089
v 0.15007231 -0.01642367 0.26869854
v 0.14619242 -0.01576333 0.26280603
v 0.14718185 -0.01372704 0.26474494
v 0.14565016 -0.01488600 0.26930684
v 0.14405201 -0.01664973 0.26941153
v 0.14306258 -0.01868601 0.26747262
v 0.14272748 -0.01851649 0.26502284
v 0.14459427 -0.01752705 0.26291075
v 0.14512222 -0.01620653 0.26610878
v 0.14751695 -0.01389656 0.26719472
v 0.14389862 -0.01240557 0.26258066
v 0.14484468 -0.01075593 0.26489577
v 0.14250623 -0.01220686 0.26900995
v 0.14057274 -0.01355048 0.26863274
v 0.13962668 -0.01520011 0.26631761
v 0.13971169 -0.01469524 0.26389480
v 0.14196514 -0.01374918 0.26220345
v 0.14223568 -0.01297802 0.26560670
v 0.14475967 -0.01126080 0.26731861
v 0.14170048 -0.00867416 0.26207855
v 0.14320242 -0.00828457 0.26396093
v 0.14256153 -0.00752939 0.26681650
v 0.14099957 -0.00850842 0.26838782
v 0.13837458 -0.00981906 0.26813063
v 0.13687263 -0.01020864 0.26624826
v 0.13751353 -0.01096383 0.26339269
v 0.13907549 -0.00998480 0.26182139
v 0.14003752 -0.00924661 0.26510459
v 0.14087279 -0.00469283 0.26197046
v 0.14205432 -0.00473486 0.26412418
v 0.14102852 -0.00403658 0.26687405
v 0.13903496 -0.00469519 0.26804617
v 0.13635308 -0.00562094 0.26723456
v 0.13517156 -0.00557891 0.26508084
v 0.13619734 -0.00627719 0.26233098
v 0.13819091 -0.00561858 0.26115885
v 0.13861294 -0.00515688 0.26460251
v 0.14113019 -0.00123255 0.26254311
v 0.14120844 -0.00027099 0.26540798
v 0.13960342 -0.00060026 0.26720884
v 0.13666190 -0.00067850 0.26732188
v 0.13490401 -0.00050210 0.26565772
v 0.13482577 -0.00146367 0.26279283
v 0.13643079 -0.00113440 0.26099199
v 0.13937230 -0.00105616 0.26087895
v 0.13801710 -0.00086733 0.26410040
v 0.14151157 0.00249703 0.26268011
v 0.14120346 0.00350451 0.26551163
v 0.13926585 0.00359755 0.26695159
v 0.13637026 0.00390567 0.26650122
v 0.13503467 0.00441465 0.26451653
v 0.13534279 0.00340716 0.26168501
v 0.13728039 0.00331412 0.26024505
v 0.14017598 0.00300601 0.26069543
v 0.13827312 0.00345584 0.26359832
v 0.14249720 0.00609009 0.26285270
v 0.14036380 0.00778680 0.26644951
v 0.13815142 0.00864259 0.26622152
v 0.13613263 0.00860390 0.26401445
v 0.13689211 0.00800176 0.26065132
v 0.13897453 0.00739105 0.25962806
v 0.14167929 0.00674388 0.26062441
v 0.13937107 0.00764509 0.26309624
v 0.14363217 0.01004551 0.26470003
v 0.14166495 0.01179212 0.26606232
v 0.13977583 0.01307740 0.26536050
v 0.13814227 0.01309308 0.26283768
v 0.13936192 0.01209558 0.25971240
v 0.14137913 0.01095130 0.25914547
v 0.14374290 0.00945871 0.26125136
v 0.14126840 0.01153809 0.26259413
v 0.14565028 0.01344757 0.26469907
v 0.14239903 0.01652329 0.26485839
v 0.14109823 0.01704625 0.26165146
v 0.14259081 0.01550694 0.25888512
v 0.14434282 0.01389507 0.25879648
v 0.14610150 0.01235867 0.26140350
v 0.14389160 0.01498398 0.26209205
v 0.14832221 0.01650484 0.26459706
v 0.14560261 0.01999363 0.26389018
v 0.14484775 0.02025199 0.26048234
v 0.14638415 0.01810759 0.25818211
v 0.14771169 0.01616593 0.25857523
v 0.14889488 0.01482155 0.26158234
v 0.14713901 0.01784923 0.26158994
v 0.15206799 0.01867842 0.26409498
v 0.14954041 0.02274270 0.26283282
v 0.14918792 0.02254703 0.25935611
v 0.15053231 0.01982714 0.25761116
v 0.15134123 0.01774408 0.25847080
v 0.15206687 0.01679807 0.26176146
v 0.15088479 0.02002281 0.26108786
v 0.15104021 0.02079226 0.26449871
v 0.15570943 0.02047449 0.26387644
v 0.15452735 0.02369923 0.26320285
v 0.15380169 0.02464523 0.25991216
v 0.15438743 0.02349239 0.25782868
v 0.15482835 0.02065104 0.25717494
v 0.15510415 0.01863669 0.25846776
v 0.15556042 0.01823428 0.26191449
v 0.15498379 0.02142050 0.26058578
v 0.15953633 0.02042057 0.26320228
v 0.15947111 0.02336302 0.26329648
v 0.15870053 0.02517434 0.25875497
v 0.15901799 0.02355568 0.25696510
v 0.15908322 0.02061322 0.25687090
v 0.15889318 0.01886712 0.25854683
v 0.15985380 0.01880190 0.26141241
v 0.15927717 0.02198812 0.26008368
v 0.15966116 0.02510912 0.26162055
v 0.16385773 0.02013614 0.26270017
v 0.16421080 0.02248086 0.26293886
v 0.16380152 0.02519034 0.25935325
v 0.16396549 0.02416507 0.25712049
v 0.16318212 0.02150074 0.25611240
v 0.16267976 0.01938523 0.25712588
v 0.16282140 0.01841285 0.26048511
v 0.16359857 0.02170369 0.25958160
v 0.16839273 0.02135540 0.26243675
v 0.16855767 0.02386908 0.25817597
v 0.16834071 0.02246455 0.25618502
v 0.16716827 0.01980107 0.25572222
v 0.16628665 0.01806649 0.25715348
v 0.16700333 0.01728739 0.25998300
v 0.16722029 0.01869193 0.26197398
v 0.16778050 0.02057824 0.25907949
v 0.16927436 0.02308998 0.26100552
v 0.17267457 0.01988744 0.26169261
v 0.17289303 0.02154482 0.25703371
v 0.17217866 0.01993648 0.25536171
v 0.17064734 0.01742327 0.25546220
v 0.16956191 0.01618611 0.25725573
v 0.17042887 0.01576589 0.26012108
v 0.17114323 0.01737423 0.26179311
v 0.17166094 0.01865536 0.25857741
v 0.17375998 0.02112461 0.25989908
v 0.17619723 0.01646857 0.26136351
v 0.17718856 0.01847882 0.25939700
v 0.17750007 0.01828202 0.25694606
v 0.17560723 0.01729069 0.25485963
v 0.17398182 0.01555056 0.25478712
v 0.17299049 0.01354032 0.25675362
v 0.17267898 0.01373712 0.25920457
v 0.17457181 0.01472844 0.26129100
v 0.17508952 0.01600957 0.25807533
v 0.17904109 0.01320240 0.26086143
v 0.18034391 0.01501585 0.25644395
v 0.17926754 0.01390899 0.25455472
v 0.17682566 0.01228440 0.25428501
v 0.17519587 0.01140923 0.25584808
v 0.17552282 0.01047095 0.25870249
v 0.17659920 0.01157781 0.26059172
v 0.17793337 0.01274340 0.25757322
v 0.18067086 0.01407757 0.25929835
v 0.18281978 0.01031759 0.25879627
v 0.18330960 0.01014531 0.25637513
v 0.18141645 0.01014900 0.25405261
v 0.17929265 0.00913627 0.25366479
v 0.17734480 0.00764925 0.25534597
v 0.17685497 0.00782152 0.25776714
v 0.17874812 0.00781783 0.26008964
v 0.18087193 0.00883057 0.26047745
v 0.18008229 0.00898342 0.25707114
v 0.18464276 0.00580513 0.25766945
v 0.18463384 0.00543233 0.25521922
v 0.18238281 0.00558864 0.25327107
v 0.18005846 0.00507464 0.25336504
v 0.17826325 0.00394551 0.25546864
v 0.17827216 0.00431831 0.25791883
v 0.18052319 0.00416200 0.25986701
v 0.18284753 0.00467600 0.25977302
v 0.18145300 0.00487532 0.25656903
v 0.18547624 0.00035519 0.25581580
v 0.18404981 0.00116034 0.25329599
v 0.18176928 0.00099754 0.25259933
v 0.17919427 0.00047242 0.25396711
v 0.17850855 0.00080142 0.25631809
v 0.17993498 -0.00000374 0.25883791
v 0.18221551 0.00015906 0.25953457
v 0.18479052 0.00068419 0.25816679
v 0.18199240 0.00057830 0.25606695
v 0.18496008 -0.00453583 0.25463930
v 0.18322827 -0.00348961 0.25243622
v 0.18088487 -0.00311856 0.25221360
v 0.17855091 -0.00333828 0.25404853
v 0.17839906 -0.00294642 0.25649041
v 0.18013088 -0.00399264 0.25869349
v 0.18247427 -0.00436369 0.25891611
v 0.18480822 -0.00414397 0.25708118
v 0.18167958 -0.00374113 0.25556484
v 0.18297032 -0.00829253 0.25258559
v 0.18088566 -0.00764582 0.25159168
v 0.17819816 -0.00697908 0.25262329
v 0.17724614 -0.00712088 0.25598833
v 0.17866056 -0.00735293 0.25796983
v 0.18177095 -0.00894547 0.25816777
v 0.18363707 -0.00950813 0.25526068
v 0.18052666 -0.00791558 0.25506276
v 0.18044442 -0.01234596 0.25165358
v 0.17843896 -0.01116757 0.25111806
v 0.17606412 -0.01026924 0.25265372
v 0.17570512 -0.01053900 0.25612479
v 0.17731678 -0.01127110 0.25778499
v 0.18008122 -0.01336199 0.25729910
v 0.18134275 -0.01387420 0.25407478
v 0.17857832 -0.01178331 0.25456068
v 0.17816359 -0.01761249 0.25290772
v 0.17663279 -0.01542777 0.25064197
v 0.17440715 -0.01361573 0.25132015
v 0.17314562 -0.01310352 0.25454447
v 0.17419170 -0.01366362 0.25669560
v 0.17604941 -0.01581015 0.25750118
v 0.17744085 -0.01737914 0.25632432
v 0.17591006 -0.01519442 0.25405857
v 0.17377338 -0.01934046 0.25052670
v 0.17215872 -0.01689011 0.25027576
v 0.17044036 -0.01535931 0.25291279
v 0.17090690 -0.01648593 0.25619352
v 0.17319758 -0.01974074 0.25654820
v 0.17434570 -0.02106446 0.25351840
v 0.17262526 -0.01801674 0.25355649
v 0.16991523 -0.02253290 0.25073141
v 0.16918367 -0.01990979 0.24957789
v 0.16752751 -0.01738593 0.25134912
v 0.16719507 -0.01761704 0.25482562
v 0.16942355 -0.02186490 0.25604609
v 0.16976468 -0.02334277 0.25413311
v 0.16885124 -0.02014089 0.25305438
v 0.16815002 -0.01922744 0.25635952
v 0.16543542 -0.02239803 0.24924715
v 0.16493918 -0.02007049 0.24935725
v 0.16382077 -0.01828271 0.25147361
v 0.16403301 -0.02057113 0.25585744
v 0.16452926 -0.02289867 0.25574735
v 0.16564767 -0.02468645 0.25363100
v 0.16527167 -0.02465979 0.25118145
v 0.16473421 -0.02148458 0.25255230
v 0.16419677 -0.01830937 0.25392315
v 0.16087997 -0.02235869 0.24859779
v 0.16092110 -0.02004469 0.24918559
v 0.16007078 -0.01853886 0.25163987
v 0.15998752 -0.02163276 0.25550261
v 0.15994641 -0.02394676 0.25491482
v 0.16079672 -0.02545258 0.25246057
v 0.16043425 -0.02488855 0.25008005
v 0.16043375 -0.02199572 0.25205022
v 0.16043325 -0.01910290 0.25402039
v 0.15636058 -0.02318426 0.24840960
v 0.15674959 -0.02084242 0.24820302
v 0.15653828 -0.01851846 0.25005239
v 0.15587236 -0.02012478 0.25468662
v 0.15548335 -0.02246662 0.25489321
v 0.15569466 -0.02479058 0.25304386
v 0.15530437 -0.02492447 0.25060055
v 0.15611647 -0.02165452 0.25154811
v 0.15692857 -0.01838456 0.25249568
v 0.15209194 -0.02140586 0.24767528
v 0.15299600 -0.01921788 0.24795136
v 0.15296954 -0.01723627 0.25019410
v 0.15180743 -0.01954251 0.25441673
v 0.15090336 -0.02173050 0.25414068
v 0.15092981 -0.02371210 0.25189796
v 0.15069337 -0.02333094 0.24946153
v 0.15194967 -0.02047419 0.25104603
v 0.15320599 -0.01761743 0.25263053
v 0.14837283 -0.01884085 0.24707164
v 0.14969333 -0.01699280 0.24781965
v 0.14970601 -0.01539829 0.25036883
v 0.14781685 -0.01816009 0.25401622
v 0.14649637 -0.02000814 0.25326824
v 0.14648369 -0.02160265 0.25071904
v 0.14658718 -0.02080507 0.24838391
v 0.14809485 -0.01850047 0.25054392
v 0.14960252 -0.01619587 0.25270396
v 0.14584698 -0.01533603 0.24676876
v 0.14683950 -0.01335186 0.24876255
v 0.14520779 -0.01456783 0.25327462
v 0.14355572 -0.01628366 0.25331491
v 0.14256319 -0.01826783 0.25132114
v 0.14227599 -0.01804438 0.24886945
v 0.14419490 -0.01705185 0.24680904
v 0.14470135 -0.01580984 0.25004184
v 0.14712670 -0.01357531 0.25121424
v 0.14364502 -0.01193484 0.24655977
v 0.14457391 -0.01033450 0.24891855
v 0.14212121 -0.01179965 0.25296050
v 0.14015633 -0.01307832 0.25251976
v 0.13922743 -0.01467865 0.25016096
v 0.13937740 -0.01414239 0.24774888
v 0.14168014 -0.01321351 0.24611899
v 0.14190067 -0.01250658 0.24953973
v 0.14442396 -0.01087076 0.25133061
v 0.14154571 -0.00814693 0.24605766
v 0.14301513 -0.00782173 0.24798070
v 0.14232464 -0.00708286 0.25082850
v 0.14069830 -0.00802936 0.25234982
v 0.13805702 -0.00929041 0.25201765
v 0.13658759 -0.00961561 0.25009462
v 0.13727809 -0.01035449 0.24724679
v 0.13890442 -0.00940798 0.24572550
v 0.13980137 -0.00871867 0.24903767
v 0.14081950 -0.00416079 0.24596412
v 0.14194627 -0.00424977 0.24814793
v 0.14086843 -0.00354749 0.25087550
v 0.13882792 -0.00415133 0.25199059
v 0.13615003 -0.00502503 0.25110701
v 0.13502327 -0.00493606 0.24892320
v 0.13610111 -0.00563834 0.24619564
v 0.13814162 -0.00503449 0.24508053
v 0.13848478 -0.00459291 0.24853556
v 0.14114511 -0.00073003 0.24655840
v 0.14117122 0.00022879 0.24942526
v 0.13951258 -0.00005223 0.25118175
v 0.13656832 -0.00007833 0.25121945
v 0.13485868 0.00015168 0.24950853
v 0.13483258 -0.00080714 0.24664167
v 0.13649121 -0.00052613 0.24488519
v 0.13943547 -0.00050002 0.24484751
v 0.13800190 -0.00028918 0.24803346
v 0.14160867 0.00298556 0.24670161
v 0.14125137 0.00401054 0.24952032
v 0.13928281 0.00416873 0.25090763
v 0.13640471 0.00452603 0.25038296
v 0.13513426 0.00506597 0.24836114
v 0.13549158 0.00404099 0.24554241
v 0.13746014 0.00388280 0.24415515
v 0.14033824 0.00352550 0.24467981
v 0.13837147 0.00402577 0.24753140
v 0.14267287 0.00655504 0.24687700
v 0.14049050 0.00832767 0.25040552
v 0.13831106 0.00924762 0.25011346
v 0.13634196 0.00922491 0.24785905
v 0.13717133 0.00858100 0.24452026
v 0.13925728 0.00789825 0.24355592
v 0.14192699 0.00721238 0.24462259
v 0.13957916 0.00818471 0.24702929
v 0.14386293 0.01051430 0.24870509
v 0.14190005 0.01231295 0.25000057
v 0.14006600 0.01364481 0.24923722
v 0.13848448 0.01365615 0.24667950
v 0.13975257 0.01259324 0.24359530
v 0.14174539 0.01138107 0.24309129
v 0.14403014 0.00986889 0.24526918
v 0.14157818 0.01202649 0.24652719
v 0.14596924 0.01387809 0.24869168
v 0.14277886 0.01702056 0.24873513
v 0.14155629 0.01752098 0.24549401
v 0.14306848 0.01590266 0.24278398
v 0.14477189 0.01423750 0.24275981
v 0.14645009 0.01271336 0.24542637
v 0.14429104 0.01540223 0.24602510
v 0.14922813 0.01565870 0.24733344
v 0.14713180 0.01934586 0.24878830
v 0.14545360 0.02087001 0.24612172
v 0.14593445 0.01970528 0.24285643
v 0.14729932 0.01791408 0.24204731
v 0.14891480 0.01539165 0.24385771
v 0.14761265 0.01818113 0.24552301
v 0.15252787 0.01895335 0.24807285
v 0.15011212 0.02304498 0.24668622
v 0.14979880 0.02277793 0.24321052
v 0.15110093 0.01998845 0.24154522
v 0.15183780 0.01790231 0.24246491
v 0.15251541 0.01702204 0.24578394
v 0.15141428 0.02025550 0.24502093
v 0.15156098 0.02110589 0.24841286
v 0.15622622 0.02066468 0.24783786
v 0.15512507 0.02389814 0.24707481
v 0.15444744 0.02477841 0.24375580
v 0.15500833 0.02355785 0.24170701
v 0.15540189 0.02069456 0.24112688
v 0.15560995 0.01870505 0.24247403
v 0.15604715 0.01838178 0.24593154
v 0.15554859 0.02154495 0.24451883
v 0.16008545 0.02050799 0.24717464
v 0.16007240 0.02345250 0.24719347
v 0.15935685 0.02516270 0.24260402
v 0.15962537 0.02349106 0.24085882
v 0.15963842 0.02054654 0.24083999
v 0.15939541 0.01884940 0.24256238
v 0.16035397 0.01883635 0.24542946
v 0.15985541 0.02199952 0.24401674
v 0.16031541 0.02514965 0.24547108
v 0.16459705 0.02188495 0.24697664
v 0.16445118 0.02507546 0.24319519
v 0.16457345 0.02399134 0.24098985
v 0.16373861 0.02131825 0.24005264
v 0.16317740 0.01924445 0.24112448
v 0.16388448 0.01812775 0.24383409
v 0.16376223 0.01921186 0.24603945
v 0.16416784 0.02160160 0.24351464
v 0.16515826 0.02395875 0.24590482
v 0.16897367 0.02121308 0.24634489
v 0.16916522 0.02361475 0.24202110
v 0.16888714 0.02217192 0.24006845
v 0.16766381 0.01952012 0.23968020
v 0.16674389 0.01784667 0.24116328
v 0.16747226 0.01711845 0.24400401
v 0.16775034 0.01856129 0.24595664
v 0.16831875 0.02036660 0.24301255
v 0.16989359 0.02288654 0.24486181
v 0.17322697 0.01962206 0.24558403
v 0.17342697 0.02116580 0.24088542
v 0.17264146 0.01954558 0.23926114
v 0.17106764 0.01706271 0.23943689
v 0.16997033 0.01589669 0.24127376
v 0.17086764 0.01551897 0.24413550
v 0.17165315 0.01713918 0.24575979
v 0.17214730 0.01834238 0.24251045
v 0.17432426 0.02078808 0.24374716
v 0.17668906 0.01609501 0.24526575
v 0.17768210 0.01805308 0.24324507
v 0.17794432 0.01780363 0.24079306
v 0.17599930 0.01681059 0.23875904
v 0.17432122 0.01511976 0.23875098
v 0.17332818 0.01316169 0.24077168
v 0.17306598 0.01341114 0.24322368
v 0.17501099 0.01440419 0.24525769
v 0.17550515 0.01560739 0.24200837
v 0.17944607 0.01275522 0.24476366
v 0.18070132 0.01446384 0.24029097
v 0.17955317 0.01336415 0.23844346
v 0.17707823 0.01177996 0.23824890
v 0.17545563 0.01097657 0.23986107
v 0.17582299 0.01007135 0.24272159
v 0.17697114 0.01117104 0.24456909
v 0.17826214 0.01226759 0.24150628
v 0.18106867 0.01355861 0.24315149
v 0.18311802 0.00974344 0.24264939
v 0.18354647 0.00953327 0.24021888
v 0.18160251 0.00954898 0.23794137
v 0.17944080 0.00859761 0.23761733
v 0.17750497 0.00716140 0.23935898
v 0.17707652 0.00737157 0.24178949
v 0.17902046 0.00735586 0.24406700
v 0.18118218 0.00830723 0.24439104
v 0.18031149 0.00845242 0.24100418
v 0.18481065 0.00517316 0.24151543
v 0.18473051 0.00478895 0.23906852
v 0.18243720 0.00497588 0.23717633
v 0.18010144 0.00453310 0.23733470
v 0.17833683 0.00344626 0.23948875
v 0.17841697 0.00383047 0.24193566
v 0.18071029 0.00364355 0.24382785
v 0.18304604 0.00408632 0.24366949
v 0.18157375 0.00430971 0.24050209
v 0.18515678 0.00047924 0.23856644
v 0.18230334 0.00043308 0.23654017
v 0.17914656 -0.00004616 0.23797373
v 0.17884323 -0.00047924 0.24143356
v 0.18169667 -0.00043308 0.24345984
v 0.18485343 0.00004616 0.24202627
v 0.18200000 0.00000000 0.23999999
v 0.12000000 -0.04000000 0.20100001
v 0.12000000 0.04000000 0.20100001
v 0.12000000 -0.04000000 0.18900000
v 0.20000000 -0.04000000 0.18900000
v 0.12000000 0.04000000 0.18900000
v 0.20000000 0.04000000 0.20100001
v 0.20000000 -0.04000000 0.20100001
v 0.20000000 0.04000000 0.18900000
v 0.14038429 0.00390181 0.20100001
v 0.16000000 0.00000000 0.20100001
v 0.14000000 0.00000000 0.20100001
v 0.14038429 0.00390181 0.27100000
v 0.14000000 0.00000000 0.27100000
v 0.14038429 -0.00390181 0.20100001
v 0.14152241 0.00765367 0.20100001
v 0.14152241 0.00765367 0.27100000
v 0.17999999 0.00000000 0.20100001
v 0.17961571 0.00390181 0.20100001
v 0.17847759 0.00765367 0.20100001
v 0.17662939 0.01111140 0.20100001
v 0.17414214 0.01414214 0.20100001
v 0.17111140 0.01662939 0.20100001
v 0.16765366 0.01847759 0.20100001
v 0.16390181 0.01961571 0.20100001
v 0.16000000 0.02000000 0.20100001
v 0.15609819 0.01961571 0.20100001
v 0.15234633 0.01847759 0.20100001
v 0.14888859 0.01662939 0.20100001
v 0.14585787 0.01414214 0.20100001
v 0.14337061 0.01111140 0.20100001
v 0.14152241 -0.00765367 0.20100001
v 0.14337061 -0.01111140 0.20100001
v 0.14585787 -0.01414214 0.20100001
v 0.14888859 -0.01662939 0.20100001
v 0.15234633 -0.01847759 0.20100001
v 0.15609819 -0.01961571 0.20100001
v 0.16000000 -0.02000000 0.20100001
v 0.16390181 -0.01961571 0.20100001
v 0.16765366 -0.01847759 0.20100001
v 0.17111140 -0.01662939 0.20100001
v 0.17414214 -0.01414214 0.20100001
v 0.17662939 -0.01111140 0.20100001
v 0.17847759 -0.00765367 0.20100001
v 0.17961571 -0.00390181 0.20100001
v 0.16000000 0.00000000 0.27100000
v 0.14038429 -0.00390181 0.27100000
v 0.14337061 0.01111140 0.27100000
v 0.17999999 0.00000000 0.27100000
v 0.17961571 -0.00390181 0.27100000
v 0.17961571 0.00390181 0.27100000
v 0.17847759 0.00765367 0.27100000
v 0.17662939 0.01111140 0.27100000
v 0.17414214 0.01414214 0.27100000
v 0.17111140 0.01662939 0.27100000
v 0.16765366 0.01847759 0.27100000
v 0.16390181 0.01961571 0.27100000
v 0.16000000 0.02000000 0.27100000
v 0.15609819 0.01961571 0.27100000
v 0.15234633 0.01847759 0.27100000
v 0.14888859 0.01662939 0.27100000
v 0.14585787 0.01414214 0.27100000
v 0.14152241 -0.00765367 0.27100000
v 0.14337061 -0.01111140 0.27100000
v 0.14585787 -0.01414214 0.27100000
v 0.14888859 -0.01662939 0.27100000
v 0.15234633 -0.01847759 0.27100000
v 0.15609819 -0.01961571 0.27100000
v 0.16000000 -0.02000000 0.27100000
v 0.16390181 -0.01961571 0.27100000
v 0.16765366 -0.01847759 0.27100000
v 0.17111140 -0.01662939 0.27100000
v 0.17414214 -0.01414214 0.27100000
v 0.17662939 -0.01111140 0.27100000
v 0.17847759 -0.00765367 0.27100000
v 0.15250000 -0.01961571 0.49890181
v 0.15250000 0.00000000 0.49499997
v 0.15250000 -0.02000000 0.49499997
v 0.20750000 -0.01961571 0.49890181
v 0.20750000 -0.02000000 0.49499997
v 0.15250000 -0.01961571 0.49109820
v 0.15250000 -0.01847759 0.50265366
v 0.20750000 -0.01847759 0.50265366
v 0.15250000 0.00000000 0.47499999
v 0.15250000 0.00390181 0.47538429
v 0.15250000 0.00765367 0.47652242
v 0.15250000 0.01111140 0.47837061
v 0.15250000 0.01414214 0.48085788
v 0.15250000 0.01662939 0.48388860
v 0.15250000 0.01847759 0.48734632
v 0.15250000 0.01961571 0.49109820
v 0.15250000 0.02000000 0.49499997
v 0.15250000 0.01961571 0.49890181
v 0.15250000 0.01847759 0.50265366
v 0.15250000 0.01662939 0.50611138
v 0.15250000 0.01414214 0.50914216
v 0.15250000 0.01111140 0.51162940
v 0.15250000 0.00765367 0.51347756
v 0.15250000 0.00390181 0.51461571
v 0.15250000 0.00000000 0.51499999
v 0.15250000 -0.00390181 0.51461571
v 0.15250000 -0.00765367 0.51347756
v 0.15250000 -0.01111140 0.51162940
v 0.15250000 -0.01414214 0.50914216
v 0.15250000 -0.01662939 0.50611138
v 0.15250000 -0.01847759 0.48734632
v 0.15250000 -0.01662939 0.48388860
v 0.15250000 -0.01414214 0.48085788
v 0.15250000 -0.01111140 0.47837061
v 0.15250000 -0.00765367 0.47652242
v 0.15250000 -0.00390181 0.47538429
v 0.20750000 0.00000000 0.49499997
v 0.20750000 -0.01961571 0.49109820
v 0.20750000 -0.01662939 0.50611138
v 0.20750000 0.00000000 0.47499999
v 0.20750000 -0.00390181 0.47538429
v 0.20750000 0.00390181 0.47538429
v 0.20750000 0.00765367 0.47652242
v 0.20750000 0.01111140 0.47837061
v 0.20750000 0.01414214 0.48085788
v 0.20750000 0.01662939 0.48388860
v 0.20750000 0.01847759 0.48734632
v 0.20750000 0.01961571 0.49109820
v 0.20750000 0.02000000 0.49499997
v 0.20750000 0.01961571 0.49890181
v 0.20750000 0.01847759 0.50265366
v 0.20750000 0.01662939 0.50611138
v 0.20750000 0.01414214 0.50914216
v 0.20750000 0.01111140 0.51162940
v 0.20750000 0.00765367 0.51347756
v 0.20750000 0.00390181 0.51461571
v 0.20750000 0.00000000 0.51499999
v 0.20750000 -0.00390181 0.51461571
v 0.20750000 -0.00765367 0.51347756
v 0.20750000 -0.01111140 0.51162940
v 0.20750000 -0.01414214 0.50914216
v 0.20750000 -0.01847759 0.48734632
v 0.20750000 -0.01662939 0.48388860
v 0.20750000 -0.01414214 0.48085788
v 0.20750000 -0.01111140 0.47837061
v 0.20750000 -0.00765367 0.47652242
v 0.13449958 0.00507235 0.37599999
v 0.16000000 0.00000000 0.37599999
v 0.13400000 0.00000000 0.37599999
v 0.13449958 0.00507235 0.38400000
v 0.13400000 0.00000000 0.38400000
v 0.13449958 -0.00507235 0.37599999
v 0.13597913 0.00994977 0.37599999
v 0.13597913 0.00994977 0.38400000
v 0.18600000 0.00000000 0.37599999
v 0.18550041 0.00507235 0.37599999
v 0.18402086 0.00994977 0.37599999
v 0.18161821 0.01444483 0.37599999
v 0.17838478 0.01838478 0.37599999
v 0.17444482 0.02161821 0.37599999
v 0.16994977 0.02402087 0.37599999
v 0.16507235 0.02550042 0.37599999
v 0.16000000 0.02600000 0.37599999
v 0.15492766 0.02550042 0.37599999
v 0.15005024 0.02402087 0.37599999
v 0.14555517 0.02161821 0.37599999
v 0.14161523 0.01838478 0.37599999
v 0.13838179 0.01444483 0.37599999
v 0.13597913 -0.00994977 0.37599999
v 0.13838179 -0.01444483 0.37599999
v 0.14161523 -0.01838478 0.37599999
v 0.14555517 -0.02161821 0.37599999
v 0.15005024 -0.02402087 0.37599999
v 0.15492766 -0.02550042 0.37599999
v 0.16000000 -0.02600000 0.37599999
v 0.16507235 -0.02550042 0.37599999
v 0.16994977 -0.02402087 0.37599999
v 0.17444482 -0.02161821 0.37599999
v 0.17838478 -0.01838478 0.37599999
v 0.18161821 -0.01444483 0.37599999
v 0.18402086 -0.00994977 0.37599999
v 0.18550041 -0.00507235 0.37599999
v 0.16000000 0.00000000 0.38400000
v 0.13449958 -0.00507235 0.38400000
v 0.13838179 0.01444483 0.38400000
v 0.18600000 0.00000000 0.38400000
v 0.18550041 -0.00507235 0.38400000
v 0.18550041 0.00507235 0.38400000
v 0.18402086 0.00994977 0.38400000
v 0.18161821 0.01444483 0.38400000
v 0.17838478 0.01838478 0.38400000
v 0.17444482 0.02161821 0.38400000
v 0.16994977 0.02402087 0.38400000
v 0.16507235 0.02550042 0.38400000
v 0.16000000 0.02600000 0.38400000
v 0.15492766 0.02550042 0.38400000
v 0.15005024 0.02402087 0.38400000
v 0.14555517 0.02161821 0.38400000
v 0.14161523 0.01838478 0.38400000
v 0.13597913 -0.00994977 0.38400000
v 0.13838179 -0.01444483 0.38400000
v 0.14161523 -0.01838478 0.38400000
v 0.14555517 -0.02161821 0.38400000
v 0.15005024 -0.02402087 0.38400000
v 0.15492766 -0.02550042 0.38400000
v 0.16000000 -0.02600000 0.38400000
v 0.16507235 -0.02550042 0.38400000
v 0.16994977 -0.02402087 0.38400000
v 0.17444482 -0.02161821 0.38400000
v 0.17838478 -0.01838478 0.38400000
v 0.18161821 -0.01444483 0.38400000
v 0.18402086 -0.00994977 0.38400000
v 0.13548037 0.00487726 0.45100001
v 0.16000000 0.00000000 0.45100001
v 0.13500001 0.00000000 0.45100001
v 0.13548037 0.00487726 0.46900001
v 0.13500001 0.00000000 0.46900001
v 0.13548037 -0.00487726 0.45100001
v 0.13690302 0.00956709 0.45100001
v 0.13690302 0.00956709 0.46900001
v 0.18500000 0.00000000 0.45100001
v 0.18451963 0.00487726 0.45100001
v 0.18309699 0.00956709 0.45100001
v 0.18078674 0.01388926 0.45100001
v 0.17767768 0.01767767 0.45100001
v 0.17388925 0.02078674 0.45100001
v 0.16956708 0.02309699 0.45100001
v 0.16487725 0.02451963 0.45100001
v 0.16000000 0.02500000 0.45100001
v 0.15512274 0.02451963 0.45100001
v 0.15043291 0.02309699 0.45100001
v 0.14611074 0.02078674 0.45100001
v 0.14232233 0.01767767 0.45100001
v 0.13921326 0.01388926 0.45100001
v 0.13690302 -0.00956709 0.45100001
v 0.13921326 -0.01388926 0.45100001
v 0.14232233 -0.01767767 0.45100001
v 0.14611074 -0.02078674 0.45100001
v 0.15043291 -0.02309699 0.45100001
v 0.15512274 -0.02451963 0.45100001
v 0.16000000 -0.02500000 0.45100001
v 0.16487725 -0.02451963 0.45100001
v 0.16956708 -0.02309699 0.45100001
v 0.17388925 -0.02078674 0.45100001
v 0.17767768 -0.01767767 0.45100001
v 0.18078674 -0.01388926 0.45100001
v 0.18309699 -0.00956709 0.45100001
v 0.18451963 -0.00487726 0.45100001
v 0.16000000 0.00000000 0.46900001
v 0.13548037 -0.00487726 0.46900001
v 0.13921326 0.01388926 0.46900001
v 0.18500000 0.00000000 0.46900001
v 0.18451963 -0.00487726 0.46900001
v 0.18451963 0.00487726 0.46900001
v 0.18309699 0.00956709 0.46900001
v 0.18078674 0.01388926 0.46900001
v 0.17767768 0.01767767 0.46900001
v 0.17388925 0.02078674 0.46900001
v 0.16956708 0.02309699 0.46900001
v 0.16487725 0.02451963 0.46900001
v 0.16000000 0.02500000 0.46900001
v 0.15512274 0.02451963 0.46900001
v 0.15043291 0.02309699 0.46900001
v 0.14611074 0.02078674 0.46900001
v 0.14232233 0.01767767 0.46900001
v 0.13690302 -0.00956709 0.46900001
v 0.13921326 -0.01388926 0.46900001
v 0.14232233 -0.01767767 0.46900001
v 0.14611074 -0.02078674 0.46900001
v 0.15043291 -0.02309699 0.46900001
v 0.15512274 -0.02451963 0.46900001
v 0.16000000 -0.02500000 0.46900001
v 0.16487725 -0.02451963 0.46900001
v 0.16956708 -0.02309699 0.46900001
v 0.17388925 -0.02078674 0.46900001
v 0.17767768 -0.01767767 0.46900001
v 0.18078674 -0.01388926 0.46900001
v 0.18309699 -0.00956709 0.46900001
v 0.20250000 -0.02353885 0.49968216
v 0.20250000 0.00000000 0.49499997
v 0.20250000 -0.02400000 0.49499997
v 0.21750000 -0.02353885 0.49968216
v 0.21750000 -0.02400000 0.49499997
v 0.20250000 -0.02353885 0.49031782
v 0.20250000 -0.02217311 0.50418442
v 0.21750000 -0.02217311 0.50418442
v 0.20250000 0.00000000 0.47099999
v 0.20250000 0.00468217 0.47146115
v 0.20250000 0.00918440 0.47282690
v 0.20250000 0.01333369 0.47504473
v 0.20250000 0.01697056 0.47802943
v 0.20250000 0.01995527 0.48166633
v 0.20250000 0.02217311 0.48581558
v 0.20250000 0.02353885 0.49031782
v 0.20250000 0.02400000 0.49499997
v 0.20250000 0.02353885 0.49968216
v 0.20250000 0.02217311 0.50418442
v 0.20250000 0.01995527 0.50833368
v 0.20250000 0.01697056 0.51197058
v 0.20250000 0.01333369 0.51495528
v 0.20250000 0.00918440 0.51717311
v 0.20250000 0.00468217 0.51853883
v 0.20250000 0.00000000 0.51899999
v 0.20250000 -0.00468217 0.51853883
v 0.20250000 -0.00918440 0.51717311
v 0.20250000 -0.01333369 0.51495528
v 0.20250000 -0.01697056 0.51197058
v 0.20250000 -0.01995527 0.50833368
v 0.20250000 -0.02217311 0.48581558
v 0.20250000 -0.01995527 0.48166633
v 0.20250000 -0.01697056 0.47802943
v 0.20250000 -0.01333369 0.47504473
v 0.20250000 -0.00918440 0.47282690
v 0.20250000 -0.00468217 0.47146115
v 0.21750000 0.00000000 0.49499997
v 0.21750000 -0.02353885 0.49031782
v 0.21750000 -0.01995527 0.50833368
v 0.21750000 0.00000000 0.47099999
v 0.21750000 -0.00468217 0.47146115
v 0.21750000 0.00468217 0.47146115
v 0.21750000 0.00918440 0.47282690
v 0.21750000 0.01333369 0.47504473
v 0.21750000 0.01697056 0.47802943
v 0.21750000 0.01995527 0.48166633
v 0.21750000 0.02217311 0.48581558
v 0.21750000 0.02353885 0.49031782
v 0.21750000 0.02400000 0.49499997
v 0.21750000 0.02353885 0.49968216
v 0.21750000 0.02217311 0.50418442
v 0.21750000 0.01995527 0.50833368
v 0.21750000 0.01697056 0.51197058
v 0.21750000 0.01333369 0.51495528
v 0.21750000 0.00918440 0.51717311
v 0.21750000 0.00468217 0.51853883
v 0.21750000 0.00000000 0.51899999
v 0.21750000 -0.00468217 0.51853883
v 0.21750000 -0.00918440 0.51717311
v 0.21750000 -0.01333369 0.51495528
v 0.21750000 -0.01697056 0.51197058
v 0.21750000 -0.02217311 0.48581558
v 0.21750000 -0.01995527 0.48166633
v 0.21750000 -0.01697056 0.47802943
v 0.21750000 -0.01333369 0.47504473
v 0.21750000 -0.00918440 0.47282690
v -0.17399999 -0.22887500 0.15100001
v -0.17399999 -0.17112499 0.15100001
v -0.17399999 -0.22887500 0.14600000
v -0.16599999 -0.22887500 0.14600000
v -0.17399999 -0.17112499 0.14600000
v -0.16599999 -0.17112499 0.15100001
v -0.16599999 -0.22887500 0.15100001
v -0.16599999 -0.17112499 0.14600000
v -0.17399999 0.17112499 0.15100001
v -0.17399999 0.22887500 0.15100001
v -0.17399999 0.17112499 0.14600000
v -0.16599999 0.17112499 0.14600000
v -0.17399999 0.22887500 0.14600000
v -0.16599999 0.22887500 0.15100001
v -0.16599999 0.17112499 0.15100001
v -0.16599999 0.22887500 0.14600000
v -0.15400000 -0.22887500 0.15100001
v -0.15400000 -0.17112499 0.15100001
v -0.15400000 -0.22887500 0.14600000
v -0.14600000 -0.22887500 0.14600000
v -0.15400000 -0.17112499 0.14600000
v -0.14600000 -0.17112499 0.15100001
v -0.14600000 -0.22887500 0.15100001
v -0.14600000 -0.17112499 0.14600000
v -0.15400000 0.17112499 0.15100001
v -0.15400000 0.22887500 0.15100001
v -0.15400000 0.17112499 0.14600000
v -0.14600000 0.17112499 0.14600000
v -0.15400000 0.22887500 0.14600000
v -0.14600000 0.22887500 0.15100001
v -0.14600000 0.17112499 0.15100001
v -0.14600000 0.22887500 0.14600000
v -0.13400000 -0.22887500 0.15100001
v -0.13400000 -0.17112499 0.15100001
v -0.13400000 -0.22887500 0.14600000
v -0.12600000 -0.22887500 0.14600000
v -0.13400000 -0.17112499 0.14600000
v -0.12600000 -0.17112499 0.15100001
v -0.12600000 -0.22887500 0.15100001
v -0.12600000 -0.17112499 0.14600000
v -0.13400000 0.17112499 0.15100001
v -0.13400000 0.22887500 0.15100001
v -0.13400000 0.17112499 0.14600000
v -0.12600000 0.17112499 0.14600000
v -0.13400000 0.22887500 0.14600000
v -0.12600000 0.22887500 0.15100001
v -0.12600000 0.17112499 0.15100001
v -0.12600000 0.22887500 0.14600000
v -0.11400000 -0.22887500 0.15100001
v -0.11400000 -0.17112499 0.15100001
v -0.11400000 -0.22887500 0.14600000
v -0.10600000 -0.22887500 0.14600000
v -0.11400000 -0.17112499 0.14600000
v -0.10600000 -0.17112499 0.15100001
v -0.10600000 -0.22887500 0.15100001
v -0.10600000 -0.17112499 0.14600000
v -0.11400000 0.17112499 0.15100001
v -0.11400000 0.22887500 0.15100001
v -0.11400000 0.17112499 0.14600000
v -0.10600000 0.17112499 0.14600000
v -0.11400000 0.22887500 0.14600000
v -0.10600000 0.22887500 0.15100001
v -0.10600000 0.17112499 0.15100001
v -0.10600000 0.22887500 0.14600000
v -0.07400000 -0.22887500 0.15100001
v -0.07400000 -0.17112499 0.15100001
v -0.07400000 -0.22887500 0.14600000
v -0.06600000 -0.22887500 0.14600000
v -0.07400000 -0.17112499 0.14600000
v -0.06600000 -0.17112499 0.15100001
v -0.06600000 -0.22887500 0.15100001
v -0.06600000 -0.17112499 0.14600000
v -0.07400000 0.17112499 0.15100001
v -0.07400000 0.22887500 0.15100001
v -0.07400000 0.17112499 0.14600000
v -0.06600000 0.17112499 0.14600000
v -0.07400000 0.22887500 0.14600000
v -0.06600000 0.22887500 0.15100001
v -0.06600000 0.17112499 0.15100001
v -0.06600000 0.22887500 0.14600000
v -0.05400000 -0.22887500 0.15100001
v -0.05400000 -0.17112499 0.15100001
v -0.05400000 -0.22887500 0.14600000
v -0.04600000 -0.22887500 0.14600000
v -0.05400000 -0.17112499 0.14600000
v -0.04600000 -0.17112499 0.15100001
v -0.04600000 -0.22887500 0.15100001
v -0.04600000 -0.17112499 0.14600000
v -0.05400000 0.17112499 0.15100001
v -0.05400000 0.22887500 0.15100001
v -0.05400000 0.17112499 0.14600000
v -0.04600000 0.17112499 0.14600000
v -0.05400000 0.22887500 0.14600000
v -0.04600000 0.22887500 0.15100001
v -0.04600000 0.17112499 0.15100001
v -0.04600000 0.22887500 0.14600000
v -0.03400000 -0.22887500 0.15100001
v -0.03400000 -0.17112499 0.15100001
v -0.03400000 -0.22887500 0.14600000
v -0.02600000 -0.22887500 0.14600000
v -0.03400000 -0.17112499 0.14600000
v -0.02600000 -0.17112499 0.15100001
v -0.02600000 -0.22887500 0.15100001
v -0.02600000 -0.17112499 0.14600000
v -0.03400000 0.17112499 0.15100001
v -0.03400000 0.22887500 0.15100001
v -0.03400000 0.17112499 0.14600000
v -0.02600000 0.17112499 0.14600000
v -0.03400000 0.22887500 0.14600000
v -0.02600000 0.22887500 0.15100001
v -0.02600000 0.17112499 0.15100001
v -0.02600000 0.22887500 0.14600000
v 0.02600000 -0.22887500 0.15100001
v 0.02600000 -0.17112499 0.15100001
v 0.02600000 -0.22887500 0.14600000
v 0.03400000 -0.22887500 0.14600000
v 0.02600000 -0.17112499 0.14600000
v 0.03400000 -0.17112499 0.15100001
v 0.03400000 -0.22887500 0.15100001
v 0.03400000 -0.17112499 0.14600000
v 0.02600000 0.17112499 0.15100001
v 0.02600000 0.22887500 0.15100001
v 0.02600000 0.17112499 0.14600000
v 0.03400000 0.17112499 0.14600000
v 0.02600000 0.22887500 0.14600000
v 0.03400000 0.22887500 0.15100001
v 0.03400000 0.17112499 0.15100001
v 0.03400000 0.22887500 0.14600000
v 0.04600000 -0.22887500 0.15100001
v 0.04600000 -0.17112499 0.15100001
v 0.04600000 -0.22887500 0.14600000
v 0.05400000 -0.22887500 0.14600000
v 0.04600000 -0.17112499 0.14600000
v 0.05400000 -0.17112499 0.15100001
v 0.05400000 -0.22887500 0.15100001
v 0.05400000 -0.17112499 0.14600000
v 0.04600000 0.17112499 0.15100001
v 0.04600000 0.22887500 0.15100001
v 0.04600000 0.17112499 0.14600000
v 0.05400000 0.17112499 0.14600000
v 0.04600000 0.22887500 0.14600000
v 0.05400000 0.22887500 0.15100001
v 0.05400000 0.17112499 0.15100001
v 0.05400000 0.22887500 0.14600000
v 0.06600000 -0.22887500 0.15100001
v 0.06600000 -0.17112499 0.15100001
v 0.06600000 -0.22887500 0.14600000
v 0.07400000 -0.22887500 0.14600000
v 0.06600000 -0.17112499 0.14600000
v 0.07400000 -0.17112499 0.15100001
v 0.07400000 -0.22887500 0.15100001
v 0.07400000 -0.17112499 0.14600000
v 0.06600000 0.17112499 0.15100001
v 0.06600000 0.22887500 0.15100001
v 0.06600000 0.17112499 0.14600000
v 0.07400000 0.17112499 0.14600000
v 0.06600000 0.22887500 0.14600000
v 0.07400000 0.22887500 0.15100001
v 0.07400000 0.17112499 0.15100001
v 0.07400000 0.22887500 0.14600000
v 0.10600000 -0.22887500 0.15100001
v 0.10600000 -0.17112499 0.15100001
v 0.10600000 -0.22887500 0.14600000
v 0.11400000 -0.22887500 0.14600000
v 0.10600000 -0.17112499 0.14600000
v 0.11400000 -0.17112499 0.15100001
v 0.11400000 -0.22887500 0.15100001
v 0.11400000 -0.17112499 0.14600000
v 0.10600000 0.17112499 0.15100001
v 0.10600000 0.22887500 0.15100001
v 0.10600000 0.17112499 0.14600000
v 0.11400000 0.17112499 0.14600000
v 0.10600000 0.22887500 0.14600000
v 0.11400000 0.22887500 0.15100001
v 0.11400000 0.17112499 0.15100001
v 0.11400000 0.22887500 0.14600000
v 0.12600000 -0.22887500 0.15100001
v 0.12600000 -0.17112499 0.15100001
v 0.12600000 -0.22887500 0.14600000
v 0.13400000 -0.22887500 0.14600000
v 0.12600000 -0.17112499 0.14600000
v 0.13400000 -0.17112499 0.15100001
v 0.13400000 -0.22887500 0.15100001
v 0.13400000 -0.17112499 0.14600000
v 0.12600000 0.17112499 0.15100001
v 0.12600000 0.22887500 0.15100001
v 0.12600000 0.17112499 0.14600000
v 0.13400000 0.17112499 0.14600000
v 0.12600000 0.22887500 0.14600000
v 0.13400000 0.22887500 0.15100001
v 0.13400000 0.17112499 0.15100001
v 0.13400000 0.22887500 0.14600000
v 0.14600000 -0.22887500 0.15100001
v 0.14600000 -0.17112499 0.15100001
v 0.14600000 -0.22887500 0.14600000
v 0.15400000 -0.22887500 0.14600000
v 0.14600000 -0.17112499 0.14600000
v 0.15400000 -0.17112499 0.15100001
v 0.15400000 -0.22887500 0.15100001
v 0.15400000 -0.17112499 0.14600000
v 0.14600000 0.17112499 0.15100001
v 0.14600000 0.22887500 0.15100001
v 0.14600000 0.17112499 0.14600000
v 0.15400000 0.17112499 0.14600000
v 0.14600000 0.22887500 0.14600000
v 0.15400000 0.22887500 0.15100001
v 0.15400000 0.17112499 0.15100001
v 0.15400000 0.22887500 0.14600000
v 0.16599999 -0.22887500 0.15100001
v 0.16599999 -0.17112499 0.15100001
v 0.16599999 -0.22887500 0.14600000
v 0.17399999 -0.22887500 0.14600000
v 0.16599999 -0.17112499 0.14600000
v 0.17399999 -0.17112499 0.15100001
v 0.17399999 -0.22887500 0.15100001
v 0.17399999 -0.17112499 0.14600000
v 0.16599999 0.17112499 0.15100001
v 0.16599999 0.22887500 0.15100001
v 0.16599999 0.17112499 0.14600000
v 0.17399999 0.17112499 0.14600000
v 0.16599999 0.22887500 0.14600000
v 0.17399999 0.22887500 0.15100001
v 0.17399999 0.17112499 0.15100001
v 0.17399999 0.22887500 0.14600000
v -0.01400000 -0.22887500 0.15100001
v -0.01400000 -0.17112499 0.15100001
v -0.01400000 -0.22887500 0.14600000
v -0.00600000 -0.22887500 0.14600000
v -0.01400000 -0.17112499 0.14600000
v -0.00600000 -0.17112499 0.15100001
v -0.00600000 -0.22887500 0.15100001
v -0.00600000 -0.17112499 0.14600000
v -0.01400000 0.17112499 0.15100001
v -0.01400000 0.22887500 0.15100001
v -0.01400000 0.17112499 0.14600000
v -0.00600000 0.17112499 0.14600000
v -0.01400000 0.22887500 0.14600000
v -0.00600000 0.22887500 0.15100001
v -0.00600000 0.17112499 0.15100001
v -0.00600000 0.22887500 0.14600000
v 0.00600000 -0.22887500 0.15100001
v 0.00600000 -0.17112499 0.15100001
v 0.00600000 -0.22887500 0.14600000
v 0.01400000 -0.22887500 0.14600000
v 0.00600000 -0.17112499 0.14600000
v 0.01400000 -0.17112499 0.15100001
v 0.01400000 -0.22887500 0.15100001
v 0.01400000 -0.17112499 0.14600000
v 0.00600000 0.17112499 0.15100001
v 0.00600000 0.22887500 0.15100001
v 0.00600000 0.17112499 0.14600000
v 0.01400000 0.17112499 0.14600000
v 0.00600000 0.22887500 0.14600000
v 0.01400000 0.22887500 0.15100001
v 0.01400000 0.17112499 0.15100001
v 0.01400000 0.22887500 0.14600000
v -0.17399999 -0.22887500 -0.01600000
v -0.17399999 -0.17112499 -0.01600000
v -0.17399999 -0.22887500 -0.02100000
v -0.16599999 -0.22887500 -0.02100000
v -0.17399999 -0.17112499 -0.02100000
v -0.16599999 -0.17112499 -0.01600000
v -0.16599999 -0.22887500 -0.01600000
v -0.16599999 -0.17112499 -0.02100000
v -0.17399999 0.17112499 -0.01600000
v -0.17399999 0.22887500 -0.01600000
v -0.17399999 0.17112499 -0.02100000
v -0.16599999 0.17112499 -0.02100000
v -0.17399999 0.22887500 -0.02100000
v -0.16599999 0.22887500 -0.01600000
v -0.16599999 0.17112499 -0.01600000
v -0.16599999 0.22887500 -0.02100000
v -0.11400000 -0.22887500 -0.01600000
v -0.11400000 -0.17112499 -0.01600000
v -0.11400000 -0.22887500 -0.02100000
v -0.10600000 -0.22887500 -0.02100000
v -0.11400000 -0.17112499 -0.02100000
v -0.10600000 -0.17112499 -0.01600000
v -0.10600000 -0.22887500 -0.01600000
v -0.10600000 -0.17112499 -0.02100000
v -0.11400000 0.17112499 -0.01600000
v -0.11400000 0.22887500 -0.01600000
v -0.11400000 0.17112499 -0.02100000
v -0.10600000 0.17112499 -0.02100000
v -0.11400000 0.22887500 -0.02100000
v -0.10600000 0.22887500 -0.01600000
v -0.10600000 0.17112499 -0.01600000
v -0.10600000 0.22887500 -0.02100000
v -0.07400000 -0.22887500 -0.01600000
v -0.07400000 -0.17112499 -0.01600000
v -0.07400000 -0.22887500 -0.02100000
v -0.06600000 -0.22887500 -0.02100000
v -0.07400000 -0.17112499 -0.02100000
v -0.06600000 -0.17112499 -0.01600000
v -0.06600000 -0.22887500 -0.01600000
v -0.06600000 -0.17112499 -0.02100000
v -0.07400000 0.17112499 -0.01600000
v -0.07400000 0.22887500 -0.01600000
v -0.07400000 0.17112499 -0.02100000
v -0.06600000 0.17112499 -0.02100000
v -0.07400000 0.22887500 -0.02100000
v -0.06600000 0.22887500 -0.01600000
v -0.06600000 0.17112499 -0.01600000
v -0.06600000 0.22887500 -0.02100000
v -0.05400000 -0.22887500 -0.01600000
v -0.05400000 -0.17112499 -0.01600000
v -0.05400000 -0.22887500 -0.02100000
v -0.04600000 -0.22887500 -0.02100000
v -0.05400000 -0.17112499 -0.02100000
v -0.04600000 -0.17112499 -0.01600000
v -0.04600000 -0.22887500 -0.01600000
v -0.04600000 -0.17112499 -0.02100000
v -0.05400000 0.17112499 -0.01600000
v -0.05400000 0.22887500 -0.01600000
v -0.05400000 0.17112499 -0.02100000
v -0.04600000 0.17112499 -0.02100000
v -0.05400000 0.22887500 -0.02100000
v -0.04600000 0.22887500 -0.01600000
v -0.04600000 0.17112499 -0.01600000
v -0.04600000 0.22887500 -0.02100000
v -0.03400000 -0.22887500 -0.01600000
v -0.03400000 -0.17112499 -0.01600000
v -0.03400000 -0.22887500 -0.02100000
v -0.02600000 -0.22887500 -0.02100000
v -0.03400000 -0.17112499 -0.02100000
v -0.02600000 -0.17112499 -0.01600000
v -0.02600000 -0.22887500 -0.01600000
v -0.02600000 -0.17112499 -0.02100000
v -0.03400000 0.17112499 -0.01600000
v -0.03400000 0.22887500 -0.01600000
v -0.03400000 0.17112499 -0.02100000
v -0.02600000 0.17112499 -0.02100000
v -0.03400000 0.22887500 -0.02100000
v -0.02600000 0.22887500 -0.01600000
v -0.02600000 0.17112499 -0.01600000
v -0.02600000 0.22887500 -0.02100000
v 0.02600000 -0.22887500 -0.01600000
v 0.02600000 -0.17112499 -0.01600000
v 0.02600000 -0.22887500 -0.02100000
v 0.03400000 -0.22887500 -0.02100000
v 0.02600000 -0.17112499 -0.02100000
v 0.03400000 -0.17112499 -0.01600000
v 0.03400000 -0.22887500 -0.01600000
v 0.03400000 -0.17112499 -0.02100000
v 0.02600000 0.17112499 -0.01600000
v 0.02600000 0.22887500 -0.01600000
v 0.02600000 0.17112499 -0.02100000
v 0.03400000 0.17112499 -0.02100000
v 0.02600000 0.22887500 -0.02100000
v 0.03400000 0.22887500 -0.01600000
v 0.03400000 0.17112499 -0.01600000
v 0.03400000 0.22887500 -0.02100000
v 0.04600000 -0.22887500 -0.01600000
v 0.04600000 -0.17112499 -0.01600000
v 0.04600000 -0.22887500 -0.02100000
v 0.05400000 -0.22887500 -0.02100000
v 0.04600000 -0.17112499 -0.02100000
v 0.05400000 -0.17112499 -0.01600000
v 0.05400000 -0.22887500 -0.01600000
v 0.05400000 -0.17112499 -0.02100000
v 0.04600000 0.17112499 -0.01600000
v 0.04600000 0.22887500 -0.01600000
v 0.04600000 0.17112499 -0.02100000
v 0.05400000 0.17112499 -0.02100000
v 0.04600000 0.22887500 -0.02100000
v 0.05400000 0.22887500 -0.01600000
v 0.05400000 0.17112499 -0.01600000
v 0.05400000 0.22887500 -0.02100000
v 0.06600000 -0.22887500 -0.01600000
v 0.06600000 -0.17112499 -0.01600000
v 0.06600000 -0.22887500 -0.02100000
v 0.07400000 -0.22887500 -0.02100000
v 0.06600000 -0.17112499 -0.02100000
v 0.07400000 -0.17112499 -0.01600000
v 0.07400000 -0.22887500 -0.01600000
v 0.07400000 -0.17112499 -0.02100000
v 0.06600000 0.17112499 -0.01600000
v 0.06600000 0.22887500 -0.01600000
v 0.06600000 0.17112499 -0.02100000
v 0.07400000 0.17112499 -0.02100000
v 0.06600000 0.22887500 -0.02100000
v 0.07400000 0.22887500 -0.01600000
v 0.07400000 0.17112499 -0.01600000
v 0.07400000 0.22887500 -0.02100000
v 0.10600000 -0.22887500 -0.01600000
v 0.10600000 -0.17112499 -0.01600000
v 0.10600000 -0.22887500 -0.02100000
v 0.11400000 -0.22887500 -0.02100000
v 0.10600000 -0.17112499 -0.02100000
v 0.11400000 -0.17112499 -0.01600000
v 0.11400000 -0.22887500 -0.01600000
v 0.11400000 -0.17112499 -0.02100000
v 0.10600000 0.17112499 -0.01600000
v 0.10600000 0.22887500 -0.01600000
v 0.10600000 0.17112499 -0.02100000
v 0.11400000 0.17112499 -0.02100000
v 0.10600000 0.22887500 -0.02100000
v 0.11400000 0.22887500 -0.01600000
v 0.11400000 0.17112499 -0.01600000
v 0.11400000 0.22887500 -0.02100000
v 0.16599999 -0.22887500 -0.01600000
v 0.16599999 -0.17112499 -0.01600000
v 0.16599999 -0.22887500 -0.02100000
v 0.17399999 -0.22887500 -0.02100000
v 0.16599999 -0.17112499 -0.02100000
v 0.17399999 -0.17112499 -0.01600000
v 0.17399999 -0.22887500 -0.01600000
v 0.17399999 -0.17112499 -0.02100000
v 0.16599999 0.17112499 -0.01600000
v 0.16599999 0.22887500 -0.01600000
v 0.16599999 0.17112499 -0.02100000
v 0.17399999 0.17112499 -0.02100000
v 0.16599999 0.22887500 -0.02100000
v 0.17399999 0.22887500 -0.01600000
v 0.17399999 0.17112499 -0.01600000
v 0.17399999 0.22887500 -0.02100000
v -0.15400000 -0.22887500 -0.01600000
v -0.15400000 -0.17112499 -0.01600000
v -0.15400000 -0.22887500 -0.02100000
v -0.14600000 -0.22887500 -0.02100000
v -0.15400000 -0.17112499 -0.02100000
v -0.14600000 -0.17112499 -0.01600000
v -0.14600000 -0.22887500 -0.01600000
v -0.14600000 -0.17112499 -0.02100000
v -0.15400000 0.17112499 -0.01600000
v -0.15400000 0.22887500 -0.01600000
v -0.15400000 0.17112499 -0.02100000
v -0.14600000 0.17112499 -0.02100000
v -0.15400000 0.22887500 -0.02100000
v -0.14600000 0.22887500 -0.01600000
v -0.14600000 0.17112499 -0.01600000
v -0.14600000 0.22887500 -0.02100000
v -0.13400000 -0.22887500 -0.01600000
v -0.13400000 -0.17112499 -0.01600000
v -0.13400000 -0.22887500 -0.02100000
v -0.12600000 -0.22887500 -0.02100000
v -0.13400000 -0.17112499 -0.02100000
v -0.12600000 -0.17112499 -0.01600000
v -0.12600000 -0.22887500 -0.01600000
v -0.12600000 -0.17112499 -0.02100000
v -0.13400000 0.17112499 -0.01600000
v -0.13400000 0.22887500 -0.01600000
v -0.13400000 0.17112499 -0.02100000
v -0.12600000 0.17112499 -0.02100000
v -0.13400000 0.22887500 -0.02100000
v -0.12600000 0.22887500 -0.01600000
v -0.12600000 0.17112499 -0.01600000
v -0.12600000 0.22887500 -0.02100000
v 0.12600000 -0.22887500 -0.01600000
v 0.12600000 -0.17112499 -0.01600000
v 0.12600000 -0.22887500 -0.02100000
v 0.13400000 -0.22887500 -0.02100000
v 0.12600000 -0.17112499 -0.02100000
v 0.13400000 -0.17112499 -0.01600000
v 0.13400000 -0.22887500 -0.01600000
v 0.13400000 -0.17112499 -0.02100000
v 0.12600000 0.17112499 -0.01600000
v 0.12600000 0.22887500 -0.01600000
v 0.12600000 0.17112499 -0.02100000
v 0.13400000 0.17112499 -0.02100000
v 0.12600000 0.22887500 -0.02100000
v 0.13400000 0.22887500 -0.01600000
v 0.13400000 0.17112499 -0.01600000
v 0.13400000 0.22887500 -0.02100000
v 0.14600000 -0.22887500 -0.01600000
v 0.14600000 -0.17112499 -0.01600000
v 0.14600000 -0.22887500 -0.02100000
v 0.15400000 -0.22887500 -0.02100000
v 0.14600000 -0.17112499 -0.02100000
v 0.15400000 -0.17112499 -0.01600000
v 0.15400000 -0.22887500 -0.01600000
v 0.15400000 -0.17112499 -0.02100000
v 0.14600000 0.17112499 -0.01600000
v 0.14600000 0.22887500 -0.01600000
v 0.14600000 0.17112499 -0.02100000
v 0.15400000 0.17112499 -0.02100000
v 0.14600000 0.22887500 -0.02100000
v 0.15400000 0.22887500 -0.01600000
v 0.15400000 0.17112499 -0.01600000
v 0.15400000 0.22887500 -0.02100000
v -0.01400000 -0.22887500 -0.01600000
v -0.01400000 -0.17112499 -0.01600000
v -0.01400000 -0.22887500 -0.02100000
v -0.00600000 -0.22887500 -0.02100000
v -0.01400000 -0.17112499 -0.02100000
v -0.00600000 -0.17112499 -0.01600000
v -0.00600000 -0.22887500 -0.01600000
v -0.00600000 -0.17112499 -0.02100000
v -0.01400000 0.17112499 -0.01600000
v -0.01400000 0.22887500 -0.01600000
v -0.01400000 0.17112499 -0.02100000
v -0.00600000 0.17112499 -0.02100000
v -0.01400000 0.22887500 -0.02100000
v -0.00600000 0.22887500 -0.01600000
v -0.00600000 0.17112499 -0.01600000
v -0.00600000 0.22887500 -0.02100000
v 0.00600000 -0.22887500 -0.01600000
v 0.00600000 -0.17112499 -0.01600000
v 0.00600000 -0.22887500 -0.02100000
v 0.01400000 -0.22887500 -0.02100000
v 0.00600000 -0.17112499 -0.02100000
v 0.01400000 -0.17112499 -0.01600000
v 0.01400000 -0.22887500 -0.01600000
v 0.01400000 -0.17112499 -0.02100000
v 0.00600000 0.17112499 -0.01600000
v 0.00600000 0.22887500 -0.01600000
v 0.00600000 0.17112499 -0.02100000
v 0.01400000 0.17112499 -0.02100000
v 0.00600000 0.22887500 -0.02100000
v 0.01400000 0.22887500 -0.01600000
v 0.01400000 0.17112499 -0.01600000
v 0.01400000 0.22887500 -0.02100000
v -0.09400000 -0.22887500 0.15100001
v -0.09400000 -0.17112499 0.15100001
v -0.09400000 -0.22887500 0.14600000
v -0.08600000 -0.22887500 0.14600000
v -0.09400000 -0.17112499 0.14600000
v -0.08600000 -0.17112499 0.15100001
v -0.08600000 -0.22887500 0.15100001
v -0.08600000 -0.17112499 0.14600000
v -0.09400000 0.17112499 0.15100001
v -0.09400000 0.22887500 0.15100001
v -0.09400000 0.17112499 0.14600000
v -0.08600000 0.17112499 0.14600000
v -0.09400000 0.22887500 0.14600000
v -0.08600000 0.22887500 0.15100001
v -0.08600000 0.17112499 0.15100001
v -0.08600000 0.22887500 0.14600000
v 0.08600000 -0.22887500 0.15100001
v 0.08600000 -0.17112499 0.15100001
v 0.08600000 -0.22887500 0.14600000
v 0.09400000 -0.22887500 0.14600000
v 0.08600000 -0.17112499 0.14600000
v 0.09400000 -0.17112499 0.15100001
v 0.09400000 -0.22887500 0.15100001
v 0.09400000 -0.17112499 0.14600000
v 0.08600000 0.17112499 0.15100001
v 0.08600000 0.22887500 0.15100001
v 0.08600000 0.17112499 0.14600000
v 0.09400000 0.17112499 0.14600000
v 0.08600000 0.22887500 0.14600000
v 0.09400000 0.22887500 0.15100001
v 0.09400000 0.17112499 0.15100001
v 0.09400000 0.22887500 0.14600000
v -0.09400000 -0.22887500 -0.01600000
v -0.09400000 -0.17112499 -0.01600000
v -0.09400000 -0.22887500 -0.02100000
v -0.08600000 -0.22887500 -0.02100000
v -0.09400000 -0.17112499 -0.02100000
v -0.08600000 -0.17112499 -0.01600000
v -0.08600000 -0.22887500 -0.01600000
v -0.08600000 -0.17112499 -0.02100000
v -0.09400000 0.17112499 -0.01600000
v -0.09400000 0.22887500 -0.01600000
v -0.09400000 0.17112499 -0.02100000
v -0.08600000 0.17112499 -0.02100000
v -0.09400000 0.22887500 -0.02100000
v -0.08600000 0.22887500 -0.01600000
v -0.08600000 0.17112499 -0.01600000
v -0.08600000 0.22887500 -0.02100000
v 0.08600000 -0.22887500 -0.01600000
v 0.08600000 -0.17112499 -0.01600000
v 0.08600000 -0.22887500 -0.02100000
v 0.09400000 -0.22887500 -0.02100000
v 0.08600000 -0.17112499 -0.02100000
v 0.09400000 -0.17112499 -0.01600000
v 0.09400000 -0.22887500 -0.01600000
v 0.09400000 -0.17112499 -0.02100000
v 0.08600000 0.17112499 -0.01600000
v 0.08600000 0.22887500 -0.01600000
v 0.08600000 0.17112499 -0.02100000
v 0.09400000 0.17112499 -0.02100000
v 0.08600000 0.22887500 -0.02100000
v 0.09400000 0.22887500 -0.01600000
v 0.09400000 0.17112499 -0.01600000
v 0.09400000 0.22887500 -0.02100000
v 0.17727259 0.02707055 0.19499999
v 0.18500000 0.02500000 0.19499999
v 0.17700000 0.02500000 0.19499999
v 0.17727259 0.02707055 0.24500000
v 0.17700000 0.02500000 0.24500000
v 0.17727259 0.02292945 0.19499999
v 0.17807180 0.02900000 0.19499999
v 0.17807180 0.02900000 0.24500000
v 0.19300000 0.02500000 0.19499999
v 0.19272740 0.02707055 0.19499999
v 0.19192821 0.02900000 0.19499999
v 0.19065686 0.03065685 0.19499999
v 0.18900000 0.03192820 0.19499999
v 0.18707055 0.03272741 0.19499999
v 0.18500000 0.03300000 0.19499999
v 0.18292944 0.03272741 0.19499999
v 0.18099999 0.03192820 0.19499999
v 0.17934315 0.03065685 0.19499999
v 0.17807180 0.02100000 0.19499999
v 0.17934315 0.01934315 0.19499999
v 0.18099999 0.01807180 0.19499999
v 0.18292944 0.01727259 0.19499999
v 0.18500000 0.01700000 0.19499999
v 0.18707055 0.01727259 0.19499999
v 0.18900000 0.01807180 0.19499999
v 0.19065686 0.01934315 0.19499999
v 0.19192821 0.02100000 0.19499999
v 0.19272740 0.02292945 0.19499999
v 0.18500000 0.02500000 0.24500000
v 0.17727259 0.02292945 0.24500000
v 0.17934315 0.03065685 0.24500000
v 0.19300000 0.02500000 0.24500000
v 0.19272740 0.02292945 0.24500000
v 0.19272740 0.02707055 0.24500000
v 0.19192821 0.02900000 0.24500000
v 0.19065686 0.03065685 0.24500000
v 0.18900000 0.03192820 0.24500000
v 0.18707055 0.03272741 0.24500000
v 0.18500000 0.03300000 0.24500000
v 0.18292944 0.03272741 0.24500000
v 0.18099999 0.03192820 0.24500000
v 0.17807180 0.02100000 0.24500000
v 0.17934315 0.01934315 0.24500000
v 0.18099999 0.01807180 0.24500000
v 0.18292944 0.01727259 0.24500000
v 0.18500000 0.01700000 0.24500000
v 0.18707055 0.01727259 0.24500000
v 0.18900000 0.01807180 0.24500000
v 0.19065686 0.01934315 0.24500000
v 0.19192821 0.02100000 0.24500000
v 0.12727259 -0.02292945 0.19499999
v 0.13500001 -0.02500000 0.19499999
v 0.12700000 -0.02500000 0.19499999
v 0.12727259 -0.02292945 0.24500000
v 0.12700000 -0.02500000 0.24500000
v 0.12727259 -0.02707055 0.19499999
v 0.12807180 -0.02100000 0.19499999
v 0.12807180 -0.02100000 0.24500000
v 0.14299999 -0.02500000 0.19499999
v 0.14272740 -0.02292945 0.19499999
v 0.14192820 -0.02100000 0.19499999
v 0.14065686 -0.01934315 0.19499999
v 0.13900000 -0.01807180 0.19499999
v 0.13707055 -0.01727259 0.19499999
v 0.13500001 -0.01700000 0.19499999
v 0.13292944 -0.01727259 0.19499999
v 0.13100000 -0.01807180 0.19499999
v 0.12934315 -0.01934315 0.19499999
v 0.12807180 -0.02900000 0.19499999
v 0.12934315 -0.03065685 0.19499999
v 0.13100000 -0.03192820 0.19499999
v 0.13292944 -0.03272741 0.19499999
v 0.13500001 -0.03300000 0.19499999
v 0.13707055 -0.03272741 0.19499999
v 0.13900000 -0.03192820 0.19499999
v 0.14065686 -0.03065685 0.19499999
v 0.14192820 -0.02900000 0.19499999
v 0.14272740 -0.02707055 0.19499999
v 0.13500001 -0.02500000 0.24500000
v 0.12727259 -0.02707055 0.24500000
v 0.12934315 -0.01934315 0.24500000
v 0.14299999 -0.02500000 0.24500000
v 0.14272740 -0.02707055 0.24500000
v 0.14272740 -0.02292945 0.24500000
v 0.14192820 -0.02100000 0.24500000
v 0.14065686 -0.01934315 0.24500000
v 0.13900000 -0.01807180 0.24500000
v 0.13707055 -0.01727259 0.24500000
v 0.13500001 -0.01700000 0.24500000
v 0.13292944 -0.01727259 0.24500000
v 0.13100000 -0.01807180 0.24500000
v 0.12807180 -0.02900000 0.24500000
v 0.12934315 -0.03065685 0.24500000
v 0.13100000 -0.03192820 0.24500000
v 0.13292944 -0.03272741 0.24500000
v 0.13500001 -0.03300000 0.24500000
v 0.13707055 -0.03272741 0.24500000
v 0.13900000 -0.03192820 0.24500000
v 0.14065686 -0.03065685 0.24500000
v 0.14192820 -0.02900000 0.24500000
v 0.14234586 0.00351163 0.24250001
v 0.16000000 0.00000000 0.24250001
v 0.14200000 0.00000000 0.24250001
v 0.14234586 0.00351163 0.25749999
v 0.14200000 0.00000000 0.25749999
v 0.14234586 -0.00351163 0.24250001
v 0.14337017 0.00688830 0.24250001
v 0.14337017 0.00688830 0.25749999
v 0.17800000 0.00000000 0.24250001
v 0.17765413 0.00351163 0.24250001
v 0.17662983 0.00688830 0.24250001
v 0.17496645 0.01000026 0.24250001
v 0.17272793 0.01272792 0.24250001
v 0.17000027 0.01496645 0.24250001
v 0.16688830 0.01662983 0.24250001
v 0.16351162 0.01765414 0.24250001
v 0.16000000 0.01800000 0.24250001
v 0.15648837 0.01765414 0.24250001
v 0.15311170 0.01662983 0.24250001
v 0.14999974 0.01496645 0.24250001
v 0.14727208 0.01272792 0.24250001
v 0.14503355 0.01000026 0.24250001
v 0.14337017 -0.00688830 0.24250001
v 0.14503355 -0.01000026 0.24250001
v 0.14727208 -0.01272792 0.24250001
v 0.14999974 -0.01496645 0.24250001
v 0.15311170 -0.01662983 0.24250001
v 0.15648837 -0.01765414 0.24250001
v 0.16000000 -0.01800000 0.24250001
v 0.16351162 -0.01765414 0.24250001
v 0.16688830 -0.01662983 0.24250001
v 0.17000027 -0.01496645 0.24250001
v 0.17272793 -0.01272792 0.24250001
v 0.17496645 -0.01000026 0.24250001
v 0.17662983 -0.00688830 0.24250001
v 0.17765413 -0.00351163 0.24250001
v 0.16000000 0.00000000 0.25749999
v 0.14234586 -0.00351163 0.25749999
v 0.14503355 0.01000026 0.25749999
v 0.17800000 0.00000000 0.25749999
v 0.17765413 -0.00351163 0.25749999
v 0.17765413 0.00351163 0.25749999
v 0.17662983 0.00688830 0.25749999
v 0.17496645 0.01000026 0.25749999
v 0.17272793 0.01272792 0.25749999
v 0.17000027 0.01496645 0.25749999
v 0.16688830 0.01662983 0.25749999
v 0.16351162 0.01765414 0.25749999
v 0.16000000 0.01800000 0.25749999
v 0.15648837 0.01765414 0.25749999
v 0.15311170 0.01662983 0.25749999
v 0.14999974 0.01496645 0.25749999
v 0.14727208 0.01272792 0.25749999
v 0.14337017 -0.00688830 0.25749999
v 0.14503355 -0.01000026 0.25749999
v 0.14727208 -0.01272792 0.25749999
v 0.14999974 -0.01496645 0.25749999
v 0.15311170 -0.01662983 0.25749999
v 0.15648837 -0.01765414 0.25749999
v 0.16000000 -0.01800000 0.25749999
v 0.16351162 -0.01765414 0.25749999
v 0.16688830 -0.01662983 0.25749999
v 0.17000027 -0.01496645 0.25749999
v 0.17272793 -0.01272792 0.25749999
v 0.17496645 -0.01000026 0.25749999
v 0.17662983 -0.00688830 0.25749999
v 0.15500000 -0.02600000 0.50749999
v 0.15500000 -0.01800000 0.50749999
v 0.15500000 -0.02600000 0.46250001
v 0.16500001 -0.02600000 0.46250001
v 0.15500000 -0.01800000 0.46250001
v 0.16500001 -0.01800000 0.50749999
v 0.16500001 -0.02600000 0.50749999
v 0.16500001 -0.01800000 0.46250001
v 0.15500000 0.01800000 0.50749999
v 0.15500000 0.02600000 0.50749999
v 0.15500000 0.01800000 0.46250001
v 0.16500001 0.01800000 0.46250001
v 0.15500000 0.02600000 0.46250001
v 0.16500001 0.02600000 0.50749999
v 0.16500001 0.01800000 0.50749999
v 0.16500001 0.02600000 0.46250001
v -0.19307646 -0.22125000 0.12724495
v -0.19307646 -0.22125000 0.13924496
v -0.19307646 -0.17874999 0.12724495
v -0.17807646 -0.17874999 0.12724495
v -0.17807646 -0.22125000 0.13924496
v -0.17807646 -0.22125000 0.12724495
v -0.19307646 -0.17874999 0.13924496
v -0.17807646 -0.17874999 0.13924496
v -0.19307646 0.17874999 0.12724495
v -0.19307646 0.17874999 0.13924496
v -0.19307646 0.22125000 0.12724495
v -0.17807646 0.22125000 0.12724495
v -0.17807646 0.17874999 0.13924496
v -0.17807646 0.17874999 0.12724495
v -0.19307646 0.22125000 0.13924496
v -0.17807646 0.22125000 0.13924496
v 0.17807646 -0.22125000 0.12724495
v 0.17807646 -0.22125000 0.13924496
v 0.17807646 -0.17874999 0.12724495
v 0.19307646 -0.17874999 0.12724495
v 0.19307646 -0.22125000 0.13924496
v 0.19307646 -0.22125000 0.12724495
v 0.17807646 -0.17874999 0.13924496
v 0.19307646 -0.17874999 0.13924496
v 0.17807646 0.17874999 0.12724495
v 0.17807646 0.17874999 0.13924496
v 0.17807646 0.22125000 0.12724495
v 0.19307646 0.22125000 0.12724495
v 0.19307646 0.17874999 0.13924496
v 0.19307646 0.17874999 0.12724495
v 0.17807646 0.22125000 0.13924496
v 0.19307646 0.22125000 0.13924496
v -0.24749999 -0.22125000 0.05900000
v -0.24749999 -0.22125000 0.07100000
v -0.24749999 -0.17874999 0.05900000
v -0.23250000 -0.17874999 0.05900000
v -0.23250000 -0.22125000 0.07100000
v -0.23250000 -0.22125000 0.05900000
v -0.24749999 -0.17874999 0.07100000
v -0.23250000 -0.17874999 0.07100000
v -0.24749999 0.17874999 0.05900000
v -0.24749999 0.17874999 0.07100000
v -0.24749999 0.22125000 0.05900000
v -0.23250000 0.22125000 0.05900000
v -0.23250000 0.17874999 0.07100000
v -0.23250000 0.17874999 0.05900000
v -0.24749999 0.22125000 0.07100000
v -0.23250000 0.22125000 0.07100000
v -0.22114429 -0.22125000 0.11372820
v -0.22114429 -0.22125000 0.12572820
v -0.22114429 -0.17874999 0.11372820
v -0.20614429 -0.17874999 0.11372820
v -0.20614429 -0.22125000 0.12572820
v -0.20614429 -0.22125000 0.11372820
v -0.22114429 -0.17874999 0.12572820
v -0.20614429 -0.17874999 0.12572820
v -0.22114429 0.17874999 0.11372820
v -0.22114429 0.17874999 0.12572820
v -0.22114429 0.22125000 0.11372820
v -0.20614429 0.22125000 0.11372820
v -0.20614429 0.17874999 0.12572820
v -0.20614429 0.17874999 0.11372820
v -0.22114429 0.22125000 0.12572820
v -0.20614429 0.22125000 0.12572820
v -0.13385572 -0.22125000 0.11372820
v -0.13385572 -0.22125000 0.12572820
v -0.13385572 -0.17874999 0.11372820
v -0.11885571 -0.17874999 0.11372820
v -0.11885571 -0.22125000 0.12572820
v -0.11885571 -0.22125000 0.11372820
v -0.13385572 -0.17874999 0.12572820
v -0.11885571 -0.17874999 0.12572820
v -0.13385572 0.17874999 0.11372820
v -0.13385572 0.17874999 0.12572820
v -0.13385572 0.22125000 0.11372820
v -0.11885571 0.22125000 0.11372820
v -0.11885571 0.17874999 0.12572820
v -0.11885571 0.17874999 0.11372820
v -0.13385572 0.22125000 0.12572820
v -0.11885571 0.22125000 0.12572820
v -0.11443218 -0.22125000 0.08937186
v -0.11443218 -0.22125000 0.10137186
v -0.11443218 -0.17874999 0.08937186
v -0.09943218 -0.17874999 0.08937186
v -0.09943218 -0.22125000 0.10137186
v -0.09943218 -0.22125000 0.08937186
v -0.11443218 -0.17874999 0.10137186
v -0.09943218 -0.17874999 0.10137186
v -0.11443218 0.17874999 0.08937186
v -0.11443218 0.17874999 0.10137186
v -0.11443218 0.22125000 0.08937186
v -0.09943218 0.22125000 0.08937186
v -0.09943218 0.17874999 0.10137186
v -0.09943218 0.17874999 0.08937186
v -0.11443218 0.22125000 0.10137186
v -0.09943218 0.22125000 0.10137186
v -0.10750000 -0.22125000 0.05900000
v -0.10750000 -0.22125000 0.07100000
v -0.10750000 -0.17874999 0.05900000
v -0.09250000 -0.17874999 0.05900000
v -0.09250000 -0.22125000 0.07100000
v -0.09250000 -0.22125000 0.05900000
v -0.10750000 -0.17874999 0.07100000
v -0.09250000 -0.17874999 0.07100000
v -0.10750000 0.17874999 0.05900000
v -0.10750000 0.17874999 0.07100000
v -0.10750000 0.22125000 0.05900000
v -0.09250000 0.22125000 0.05900000
v -0.09250000 0.17874999 0.07100000
v -0.09250000 0.17874999 0.05900000
v -0.10750000 0.22125000 0.07100000
v -0.09250000 0.22125000 0.07100000
v 0.09250000 -0.22125000 0.05900000
v 0.09250000 -0.22125000 0.07100000
v 0.09250000 -0.17874999 0.05900000
v 0.10750000 -0.17874999 0.05900000
v 0.10750000 -0.22125000 0.07100000
v 0.10750000 -0.22125000 0.05900000
v 0.09250000 -0.17874999 0.07100000
v 0.10750000 -0.17874999 0.07100000
v 0.09250000 0.17874999 0.05900000
v 0.09250000 0.17874999 0.07100000
v 0.09250000 0.22125000 0.05900000
v 0.10750000 0.22125000 0.05900000
v 0.10750000 0.17874999 0.07100000
v 0.10750000 0.17874999 0.05900000
v 0.09250000 0.22125000 0.07100000
v 0.10750000 0.22125000 0.07100000
v 0.09943218 -0.22125000 0.08937186
v 0.09943218 -0.22125000 0.10137186
v 0.09943218 -0.17874999 0.08937186
v 0.11443218 -0.17874999 0.08937186
v 0.11443218 -0.22125000 0.10137186
v 0.11443218 -0.22125000 0.08937186
v 0.09943218 -0.17874999 0.10137186
v 0.11443218 -0.17874999 0.10137186
v 0.09943218 0.17874999 0.08937186
v 0.09943218 0.17874999 0.10137186
v 0.09943218 0.22125000 0.08937186
v 0.11443218 0.22125000 0.08937186
v 0.11443218 0.17874999 0.10137186
v 0.11443218 0.17874999 0.08937186
v 0.09943218 0.22125000 0.10137186
v 0.11443218 0.22125000 0.10137186
v 0.11885571 -0.22125000 0.11372820
v 0.11885571 -0.22125000 0.12572820
v 0.11885571 -0.17874999 0.11372820
v 0.13385572 -0.17874999 0.11372820
v 0.13385572 -0.22125000 0.12572820
v 0.13385572 -0.22125000 0.11372820
v 0.11885571 -0.17874999 0.12572820
v 0.13385572 -0.17874999 0.12572820
v 0.11885571 0.17874999 0.11372820
v 0.11885571 0.17874999 0.12572820
v 0.11885571 0.22125000 0.11372820
v 0.13385572 0.22125000 0.11372820
v 0.13385572 0.17874999 0.12572820
v 0.13385572 0.17874999 0.11372820
v 0.11885571 0.22125000 0.12572820
v 0.13385572 0.22125000 0.12572820
v 0.20614429 -0.22125000 0.11372820
v 0.20614429 -0.22125000 0.12572820
v 0.20614429 -0.17874999 0.11372820
v 0.22114429 -0.17874999 0.11372820
v 0.22114429 -0.22125000 0.12572820
v 0.22114429 -0.22125000 0.11372820
v 0.20614429 -0.17874999 0.12572820
v 0.22114429 -0.17874999 0.12572820
v 0.20614429 0.17874999 0.11372820
v 0.20614429 0.17874999 0.12572820
v 0.20614429 0.22125000 0.11372820
v 0.22114429 0.22125000 0.11372820
v 0.22114429 0.17874999 0.12572820
v 0.22114429 0.17874999 0.11372820
v 0.20614429 0.22125000 0.12572820
v 0.22114429 0.22125000 0.12572820
v 0.23250000 -0.22125000 0.05900000
v 0.23250000 -0.22125000 0.07100000
v 0.23250000 -0.17874999 0.05900000
v 0.24749999 -0.17874999 0.05900000
v 0.24749999 -0.22125000 0.07100000
v 0.24749999 -0.22125000 0.05900000
v 0.23250000 -0.17874999 0.07100000
v 0.24749999 -0.17874999 0.07100000
v 0.23250000 0.17874999 0.05900000
v 0.23250000 0.17874999 0.07100000
v 0.23250000 0.22125000 0.05900000
v 0.24749999 0.22125000 0.05900000
v 0.24749999 0.17874999 0.07100000
v 0.24749999 0.17874999 0.05900000
v 0.23250000 0.22125000 0.07100000
v 0.24749999 0.22125000 0.07100000
v -0.24056782 -0.22125000 0.08937186
v -0.24056782 -0.22125000 0.10137186
v -0.24056782 -0.17874999 0.08937186
v -0.22556782 -0.17874999 0.08937186
v -0.22556782 -0.22125000 0.10137186
v -0.22556782 -0.22125000 0.08937186
v -0.24056782 -0.17874999 0.10137186
v -0.22556782 -0.17874999 0.10137186
v -0.24056782 0.17874999 0.08937186
v -0.24056782 0.17874999 0.10137186
v -0.24056782 0.22125000 0.08937186
v -0.22556782 0.22125000 0.08937186
v -0.22556782 0.17874999 0.10137186
v -0.22556782 0.17874999 0.08937186
v -0.24056782 0.22125000 0.10137186
v -0.22556782 0.22125000 0.10137186
v 0.22556782 -0.22125000 0.08937186
v 0.22556782 -0.22125000 0.10137186
v 0.22556782 -0.17874999 0.08937186
v 0.24056782 -0.17874999 0.08937186
v 0.24056782 -0.22125000 0.10137186
v 0.24056782 -0.22125000 0.08937186
v 0.22556782 -0.17874999 0.10137186
v 0.24056782 -0.17874999 0.10137186
v 0.22556782 0.17874999 0.08937186
v 0.22556782 0.17874999 0.10137186
v 0.22556782 0.22125000 0.08937186
v 0.24056782 0.22125000 0.08937186
v 0.24056782 0.17874999 0.10137186
v 0.24056782 0.17874999 0.08937186
v 0.22556782 0.22125000 0.10137186
v 0.24056782 0.22125000 0.10137186
v -0.11443218 -0.22125000 0.02862814
v -0.11443218 -0.22125000 0.04062814
v -0.11443218 -0.17874999 0.02862814
v -0.09943218 -0.17874999 0.02862814
v -0.09943218 -0.22125000 0.04062814
v -0.09943218 -0.22125000 0.02862814
v -0.11443218 -0.17874999 0.04062814
v -0.09943218 -0.17874999 0.04062814
v -0.11443218 0.17874999 0.02862814
v -0.11443218 0.17874999 0.04062814
v -0.11443218 0.22125000 0.02862814
v -0.09943218 0.22125000 0.02862814
v -0.09943218 0.17874999 0.04062814
v -0.09943218 0.17874999 0.02862814
v -0.11443218 0.22125000 0.04062814
v -0.09943218 0.22125000 0.04062814
v 0.09943218 -0.22125000 0.02862814
v 0.09943218 -0.22125000 0.04062814
v 0.09943218 -0.17874999 0.02862814
v 0.11443218 -0.17874999 0.02862814
v 0.11443218 -0.22125000 0.04062814
v 0.11443218 -0.22125000 0.02862814
v 0.09943218 -0.17874999 0.04062814
v 0.11443218 -0.17874999 0.04062814
v 0.09943218 0.17874999 0.02862814
v 0.09943218 0.17874999 0.04062814
v 0.09943218 0.22125000 0.02862814
v 0.11443218 0.22125000 0.02862814
v 0.11443218 0.17874999 0.04062814
v 0.11443218 0.17874999 0.02862814
v 0.09943218 0.22125000 0.04062814
v 0.11443218 0.22125000 0.04062814
v -0.24056782 -0.22125000 0.02862814
v -0.24056782 -0.22125000 0.04062814
v -0.24056782 -0.17874999 0.02862814
v -0.22556782 -0.17874999 0.02862814
v -0.22556782 -0.22125000 0.04062814
v -0.22556782 -0.22125000 0.02862814
v -0.24056782 -0.17874999 0.04062814
v -0.22556782 -0.17874999 0.04062814
v -0.24056782 0.17874999 0.02862814
v -0.24056782 0.17874999 0.04062814
v -0.24056782 0.22125000 0.02862814
v -0.22556782 0.22125000 0.02862814
v -0.22556782 0.17874999 0.04062814
v -0.22556782 0.17874999 0.02862814
v -0.24056782 0.22125000 0.04062814
v -0.22556782 0.22125000 0.04062814
v 0.22556782 -0.22125000 0.02862814
v 0.22556782 -0.22125000 0.04062814
v 0.22556782 -0.17874999 0.02862814
v 0.24056782 -0.17874999 0.02862814
v 0.24056782 -0.22125000 0.04062814
v 0.24056782 -0.22125000 0.02862814
v 0.22556782 -0.17874999 0.04062814
v 0.24056782 -0.17874999 0.04062814
v 0.22556782 0.17874999 0.02862814
v 0.22556782 0.17874999 0.04062814
v 0.22556782 0.22125000 0.02862814
v 0.24056782 0.22125000 0.02862814
v 0.24056782 0.17874999 0.04062814
v 0.24056782 0.17874999 0.02862814
v 0.22556782 0.22125000 0.04062814
v 0.24056782 0.22125000 0.04062814
v -0.22114429 -0.22125000 0.00427180
v -0.22114429 -0.22125000 0.01627179
v -0.22114429 -0.17874999 0.00427180
v -0.20614429 -0.17874999 0.00427180
v -0.20614429 -0.22125000 0.01627179
v -0.20614429 -0.22125000 0.00427180
v -0.22114429 -0.17874999 0.01627179
v -0.20614429 -0.17874999 0.01627179
v -0.22114429 0.17874999 0.00427180
v -0.22114429 0.17874999 0.01627179
v -0.22114429 0.22125000 0.00427180
v -0.20614429 0.22125000 0.00427180
v -0.20614429 0.17874999 0.01627179
v -0.20614429 0.17874999 0.00427180
v -0.22114429 0.22125000 0.01627179
v -0.20614429 0.22125000 0.01627179
v -0.19307646 -0.22125000 -0.00924495
v -0.19307646 -0.22125000 0.00275504
v -0.19307646 -0.17874999 -0.00924495
v -0.17807646 -0.17874999 -0.00924495
v -0.17807646 -0.22125000 0.00275504
v -0.17807646 -0.22125000 -0.00924495
v -0.19307646 -0.17874999 0.00275504
v -0.17807646 -0.17874999 0.00275504
v -0.19307646 0.17874999 -0.00924495
v -0.19307646 0.17874999 0.00275504
v -0.19307646 0.22125000 -0.00924495
v -0.17807646 0.22125000 -0.00924495
v -0.17807646 0.17874999 0.00275504
v -0.17807646 0.17874999 -0.00924495
v -0.19307646 0.22125000 0.00275504
v -0.17807646 0.22125000 0.00275504
v -0.13385572 -0.22125000 0.00427180
v -0.13385572 -0.22125000 0.01627179
v -0.13385572 -0.17874999 0.00427180
v -0.11885571 -0.17874999 0.00427180
v -0.11885571 -0.22125000 0.01627179
v -0.11885571 -0.22125000 0.00427180
v -0.13385572 -0.17874999 0.01627179
v -0.11885571 -0.17874999 0.01627179
v -0.13385572 0.17874999 0.00427180
v -0.13385572 0.17874999 0.01627179
v -0.13385572 0.22125000 0.00427180
v -0.11885571 0.22125000 0.00427180
v -0.11885571 0.17874999 0.01627179
v -0.11885571 0.17874999 0.00427180
v -0.13385572 0.22125000 0.01627179
v -0.11885571 0.22125000 0.01627179
v 0.11885571 -0.22125000 0.00427180
v 0.11885571 -0.22125000 0.01627179
v 0.11885571 -0.17874999 0.00427180
v 0.13385572 -0.17874999 0.00427180
v 0.13385572 -0.22125000 0.01627179
v 0.13385572 -0.22125000 0.00427180
v 0.11885571 -0.17874999 0.01627179
v 0.13385572 -0.17874999 0.01627179
v 0.11885571 0.17874999 0.00427180
v 0.11885571 0.17874999 0.01627179
v 0.11885571 0.22125000 0.00427180
v 0.13385572 0.22125000 0.00427180
v 0.13385572 0.17874999 0.01627179
v 0.13385572 0.17874999 0.00427180
v 0.11885571 0.22125000 0.01627179
v 0.13385572 0.22125000 0.01627179
v 0.17807646 -0.22125000 -0.00924495
v 0.17807646 -0.22125000 0.00275504
v 0.17807646 -0.17874999 -0.00924495
v 0.19307646 -0.17874999 -0.00924495
v 0.19307646 -0.22125000 0.00275504
v 0.19307646 -0.22125000 -0.00924495
v 0.17807646 -0.17874999 0.00275504
v 0.19307646 -0.17874999 0.00275504
v 0.17807646 0.17874999 -0.00924495
v 0.17807646 0.17874999 0.00275504
v 0.17807646 0.22125000 -0.00924495
v 0.19307646 0.22125000 -0.00924495
v 0.19307646 0.17874999 0.00275504
v 0.19307646 0.17874999 -0.00924495
v 0.17807646 0.22125000 0.00275504
v 0.19307646 0.22125000 0.00275504
v 0.20614429 -0.22125000 0.00427180
v 0.20614429 -0.22125000 0.01627179
v 0.20614429 -0.17874999 0.00427180
v 0.22114429 -0.17874999 0.00427180
v 0.22114429 -0.22125000 0.01627179
v 0.22114429 -0.22125000 0.00427180
v 0.20614429 -0.17874999 0.01627179
v 0.22114429 -0.17874999 0.01627179
v 0.20614429 0.17874999 0.00427180
v 0.20614429 0.17874999 0.01627179
v 0.20614429 0.22125000 0.00427180
v 0.22114429 0.22125000 0.00427180
v 0.22114429 0.17874999 0.01627179
v 0.22114429 0.17874999 0.00427180
v 0.20614429 0.22125000 0.01627179
v 0.22114429 0.22125000 0.01627179
v -0.16192353 -0.22125000 0.12724495
v -0.16192353 -0.22125000 0.13924496
v -0.16192353 -0.17874999 0.12724495
v -0.14692354 -0.17874999 0.12724495
v -0.14692354 -0.22125000 0.13924496
v -0.14692354 -0.22125000 0.12724495
v -0.16192353 -0.17874999 0.13924496
v -0.14692354 -0.17874999 0.13924496
v -0.16192353 0.17874999 0.12724495
v -0.16192353 0.17874999 0.13924496
v -0.16192353 0.22125000 0.12724495
v -0.14692354 0.22125000 0.12724495
v -0.14692354 0.17874999 0.13924496
v -0.14692354 0.17874999 0.12724495
v -0.16192353 0.22125000 0.13924496
v -0.14692354 0.22125000 0.13924496
v 0.14692354 -0.22125000 0.12724495
v 0.14692354 -0.22125000 0.13924496
v 0.14692354 -0.17874999 0.12724495
v 0.16192353 -0.17874999 0.12724495
v 0.16192353 -0.22125000 0.13924496
v 0.16192353 -0.22125000 0.12724495
v 0.14692354 -0.17874999 0.13924496
v 0.16192353 -0.17874999 0.13924496
v 0.14692354 0.17874999 0.12724495
v 0.14692354 0.17874999 0.13924496
v 0.14692354 0.22125000 0.12724495
v 0.16192353 0.22125000 0.12724495
v 0.16192353 0.17874999 0.13924496
v 0.16192353 0.17874999 0.12724495
v 0.14692354 0.22125000 0.13924496
v 0.16192353 0.22125000 0.13924496
v -0.16192353 -0.22125000 -0.00924495
v -0.16192353 -0.22125000 0.00275504
v -0.16192353 -0.17874999 -0.00924495
v -0.14692354 -0.17874999 -0.00924495
v -0.14692354 -0.22125000 0.00275504
v -0.14692354 -0.22125000 -0.00924495
v -0.16192353 -0.17874999 0.00275504
v -0.14692354 -0.17874999 0.00275504
v -0.16192353 0.17874999 -0.00924495
v -0.16192353 0.17874999 0.00275504
v -0.16192353 0.22125000 -0.00924495
v -0.14692354 0.22125000 -0.00924495
v -0.14692354 0.17874999 0.00275504
v -0.14692354 0.17874999 -0.00924495
v -0.16192353 0.22125000 0.00275504
v -0.14692354 0.22125000 0.00275504
v 0.14692354 -0.22125000 -0.00924495
v 0.14692354 -0.22125000 0.00275504
v 0.14692354 -0.17874999 -0.00924495
v 0.16192353 -0.17874999 -0.00924495
v 0.16192353 -0.22125000 0.00275504
v 0.16192353 -0.22125000 -0.00924495
v 0.14692354 -0.17874999 0.00275504
v 0.16192353 -0.17874999 0.00275504
v 0.14692354 0.17874999 -0.00924495
v 0.14692354 0.17874999 0.00275504
v 0.14692354 0.22125000 -0.00924495
v 0.16192353 0.22125000 -0.00924495
v 0.16192353 0.17874999 0.00275504
v 0.16192353 0.17874999 -0.00924495
v 0.14692354 0.22125000 0.00275504
v 0.16192353 0.22125000 0.00275504
v 0.16100000 -0.00900000 0.52399999
v 0.16100000 0.00900000 0.52399999
v 0.16100000 -0.00900000 0.51599997
v 0.17900001 -0.00900000 0.51599997
v 0.16100000 0.00900000 0.51599997
v 0.17900001 0.00900000 0.52399999
v 0.17900001 -0.00900000 0.52399999
v 0.17900001 0.00900000 0.51599997
v 0.17630666 0.02732937 0.24300000
v 0.18500000 0.02500000 0.24300000
v 0.17600000 0.02500000 0.24300000
v 0.17630666 0.02732937 0.25099999
v 0.17600000 0.02500000 0.25099999
v 0.17630666 0.02267063 0.24300000
v 0.17720577 0.02950000 0.24300000
v 0.17720577 0.02950000 0.25099999
v 0.19400001 0.02500000 0.24300000
v 0.19369332 0.02732937 0.24300000
v 0.19279423 0.02950000 0.24300000
v 0.19136396 0.03136396 0.24300000
v 0.18950000 0.03279423 0.24300000
v 0.18732937 0.03369333 0.24300000
v 0.18500000 0.03400000 0.24300000
v 0.18267062 0.03369333 0.24300000
v 0.18050000 0.03279423 0.24300000
v 0.17863604 0.03136396 0.24300000
v 0.17720577 0.02050000 0.24300000
v 0.17863604 0.01863604 0.24300000
v 0.18050000 0.01720577 0.24300000
v 0.18267062 0.01630667 0.24300000
v 0.18500000 0.01600000 0.24300000
v 0.18732937 0.01630667 0.24300000
v 0.18950000 0.01720577 0.24300000
v 0.19136396 0.01863604 0.24300000
v 0.19279423 0.02050000 0.24300000
v 0.19369332 0.02267063 0.24300000
v 0.18500000 0.02500000 0.25099999
v 0.17630666 0.02267063 0.25099999
v 0.17863604 0.03136396 0.25099999
v 0.19400001 0.02500000 0.25099999
v 0.19369332 0.02267063 0.25099999
v 0.19369332 0.02732937 0.25099999
v 0.19279423 0.02950000 0.25099999
v 0.19136396 0.03136396 0.25099999
v 0.18950000 0.03279423 0.25099999
v 0.18732937 0.03369333 0.25099999
v 0.18500000 0.03400000 0.25099999
v 0.18267062 0.03369333 0.25099999
v 0.18050000 0.03279423 0.25099999
v 0.17720577 0.02050000 0.25099999
v 0.17863604 0.01863604 0.25099999
v 0.18050000 0.01720577 0.25099999
v 0.18267062 0.01630667 0.25099999
v 0.18500000 0.01600000 0.25099999
v 0.18732937 0.01630667 0.25099999
v 0.18950000 0.01720577 0.25099999
v 0.19136396 0.01863604 0.25099999
v 0.19279423 0.02050000 0.25099999
v 0.12630667 -0.02267063 0.24300000
v 0.13500001 -0.02500000 0.24300000
v 0.12600000 -0.02500000 0.24300000
v 0.12630667 -0.02267063 0.25099999
v 0.12600000 -0.02500000 0.25099999
v 0.12630667 -0.02732937 0.24300000
v 0.12720577 -0.02050000 0.24300000
v 0.12720577 -0.02050000 0.25099999
v 0.14399999 -0.02500000 0.24300000
v 0.14369333 -0.02267063 0.24300000
v 0.14279422 -0.02050000 0.24300000
v 0.14136396 -0.01863604 0.24300000
v 0.13949999 -0.01720577 0.24300000
v 0.13732937 -0.01630667 0.24300000
v 0.13500001 -0.01600000 0.24300000
v 0.13267063 -0.01630667 0.24300000
v 0.13050000 -0.01720577 0.24300000
v 0.12863603 -0.01863604 0.24300000
v 0.12720577 -0.02950000 0.24300000
v 0.12863603 -0.03136396 0.24300000
v 0.13050000 -0.03279423 0.24300000
v 0.13267063 -0.03369333 0.24300000
v 0.13500001 -0.03400000 0.24300000
v 0.13732937 -0.03369333 0.24300000
v 0.13949999 -0.03279423 0.24300000
v 0.14136396 -0.03136396 0.24300000
v 0.14279422 -0.02950000 0.24300000
v 0.14369333 -0.02732937 0.24300000
v 0.13500001 -0.02500000 0.25099999
v 0.12630667 -0.02732937 0.25099999
v 0.12863603 -0.01863604 0.25099999
v 0.14399999 -0.02500000 0.25099999
v 0.14369333 -0.02732937 0.25099999
v 0.14369333 -0.02267063 0.25099999
v 0.14279422 -0.02050000 0.25099999
v 0.14136396 -0.01863604 0.25099999
v 0.13949999 -0.01720577 0.25099999
v 0.13732937 -0.01630667 0.25099999
v 0.13500001 -0.01600000 0.25099999
v 0.13267063 -0.01630667 0.25099999
v 0.13050000 -0.01720577 0.25099999
v 0.12720577 -0.02950000 0.25099999
v 0.12863603 -0.03136396 0.25099999
v 0.13050000 -0.03279423 0.25099999
v 0.13267063 -0.03369333 0.25099999
v 0.13500001 -0.03400000 0.25099999
v 0.13732937 -0.03369333 0.25099999
v 0.13949999 -0.03279423 0.25099999
v 0.14136396 -0.03136396 0.25099999
v 0.14279422 -0.02950000 0.25099999
vn -0.57735027 -0.57735027 0.57735027
vn -0.57735027 0.57735027 0.57735027
vn -0.57735027 -0.57735027 -0.57735027
vn -0.57735027 0.57735027 -0.57735027
vn 0.57735027 -0.57735027 0.57735027
vn 0.57735027 -0.57735027 -0.57735027
vn 0.57735027 0.57735027 0.57735027
vn 0.57735027 0.57735027 -0.57735027
vn -0.30151134 -0.30151134 0.90453403
vn 0.30151134 -0.30151134 0.90453403
vn 0.30151134 0.30151134 0.90453403
vn -0.30151134 0.30151134 0.90453403
vn -0.30151134 -0.30151134 -0.90453403
vn -0.30151134 0.30151134 -0.90453403
vn 0.30151134 0.30151134 -0.90453403
vn 0.30151134 -0.30151134 -0.90453403
vn -0.57735027 -0.57735027 0.57735027
vn -0.57735027 0.57735027 0.57735027
vn -0.57735027 -0.57735027 -0.57735027
vn 0.57735027 -0.57735027 -0.57735027
vn -0.57735027 0.57735027 -0.57735027
vn 0.57735027 0.57735027 0.57735027
vn 0.57735027 -0.57735027 0.57735027
vn 0.57735027 0.57735027 -0.57735027
vn -0.71390152 -0.68569650 0.14200329
vn -0.72788748 0.68569660 0.00000001
vn -0.72788748 -0.68569660 0.00000001
vn 0.00000000 -1.00000000 0.00000000
vn -0.71390152 0.68569650 -0.14200328
vn -0.71390152 -0.68569650 -0.14200328
vn -0.67248066 -0.68569622 0.27855063
vn -0.71390152 0.68569650 0.14200329
vn 0.00000000 1.00000000 0.00000000
vn 0.72788785 -0.68569620 -0.00000000
vn 0.71390129 -0.68569670 0.14200348
vn 0.67248075 -0.68569625 0.27855034
vn 0.60521609 -0.68569657 0.40439299
vn 0.51469461 -0.68569635 0.51469406
vn 0.40439272 -0.68569645 0.60521642
vn 0.27855002 -0.68569657 0.67248056
vn 0.14200465 -0.68569650 0.71390125
vn -0.00000000 -0.68569623 0.72788782
vn -0.14200462 -0.68569666 0.71390110
vn -0.27855006 -0.68569645 0.67248066
vn -0.40439211 -0.68569641 0.60521687
vn -0.51469467 -0.68569642 0.51469390
vn -0.60521745 -0.68569622 0.40439156
vn -0.67247976 -0.68569685 0.27855126
vn -0.71390111 -0.68569641 0.14200576
vn -0.72788785 -0.68569620 -0.00000000
vn -0.71390106 -0.68569646 -0.14200575
vn -0.67247984 -0.68569682 -0.27855114
vn -0.60521748 -0.68569617 -0.40439161
vn -0.51469462 -0.68569655 -0.51469379
vn -0.40439233 -0.68569634 -0.60521680
vn -0.27855006 -0.68569645 -0.67248066
vn -0.14200377 -0.68569660 -0.71390133
vn 0.00000000 -0.68569634 -0.72788771
vn 0.14200380 -0.68569644 -0.71390148
vn 0.27855002 -0.68569657 -0.67248056
vn 0.40439294 -0.68569637 -0.60521635
vn 0.51469455 -0.68569646 -0.51469397
vn 0.60521611 -0.68569652 -0.40439306
vn 0.67248083 -0.68569621 -0.27855023
vn 0.71390124 -0.68569675 -0.14200347
vn 0.72788756 -0.68569650 0.00000001
vn 0.71390152 -0.68569640 0.14200379
vn 0.67248047 -0.68569649 0.27855043
vn 0.60521643 -0.68569648 0.40439265
vn 0.51469434 -0.68569635 0.51469434
vn 0.40439272 -0.68569648 0.60521638
vn 0.27855074 -0.68569654 0.67248029
vn 0.14200357 -0.68569632 0.71390163
vn -0.23435250 -0.67376363 0.70080060
vn -0.14200365 -0.68569634 0.71390160
vn -0.27855052 -0.68569660 0.67248032
vn -0.40439261 -0.68569638 0.60521657
vn -0.51469459 -0.68569635 0.51469409
vn -0.60521618 -0.68569665 0.40439273
vn -0.67248064 -0.68569621 -0.27855070
vn -0.60521617 -0.68569662 -0.40439281
vn -0.51469455 -0.68569642 -0.51469403
vn -0.40439266 -0.68569640 -0.60521651
vn -0.27855043 -0.68569651 -0.67248045
vn -0.14200387 -0.68569643 -0.71390147
vn -0.23435253 -0.67376357 -0.70080065
vn 0.14200378 -0.68569641 -0.71390151
vn 0.27855066 -0.68569644 -0.67248042
vn 0.40439278 -0.68569650 -0.60521631
vn 0.51469429 -0.68569641 -0.51469429
vn 0.60521639 -0.68569645 -0.40439276
vn 0.67248044 -0.68569649 -0.27855050
vn 0.71390152 -0.68569640 -0.14200378
vn -0.67248064 0.68569621 -0.27855070
vn -0.67248066 0.68569622 0.27855063
vn 0.72788785 0.68569620 0.00000000
vn 0.71390129 0.68569670 0.14200348
vn 0.67248075 0.68569625 0.27855034
vn 0.60521609 0.68569657 0.40439299
vn 0.51469461 0.68569635 0.51469406
vn 0.40439272 0.68569645 0.60521642
vn 0.27855002 0.68569657 0.67248056
vn 0.14200465 0.68569650 0.71390125
vn 0.00000000 0.68569623 0.72788782
vn -0.14200462 0.68569666 0.71390110
vn -0.27855006 0.68569645 0.67248066
vn -0.40439211 0.68569641 0.60521687
vn -0.51469467 0.68569642 0.51469390
vn -0.60521745 0.68569622 0.40439156
vn -0.67247976 0.68569685 0.27855126
vn -0.71390111 0.68569641 0.14200576
vn -0.72788785 0.68569620 0.00000000
vn -0.71390106 0.68569646 -0.14200575
vn -0.67247984 0.68569682 -0.27855114
vn -0.60521748 0.68569617 -0.40439161
vn -0.51469462 0.68569655 -0.51469379
vn -0.40439233 0.68569634 -0.60521680
vn -0.27855006 0.68569645 -0.67248066
vn -0.14200377 0.68569660 -0.71390133
vn -0.00000000 0.68569634 -0.72788771
vn 0.14200380 0.68569644 -0.71390148
vn 0.27855002 0.68569657 -0.67248056
vn 0.40439294 0.68569637 -0.60521635
vn 0.51469455 0.68569646 -0.51469397
vn 0.60521611 0.68569652 -0.40439306
vn 0.67248083 0.68569621 -0.27855023
vn 0.71390124 0.68569675 -0.14200347
vn 0.72788756 0.68569650 0.00000001
vn 0.71390152 0.68569640 0.14200379
vn 0.67248047 0.68569649 0.27855043
vn 0.60521643 0.68569648 0.40439265
vn 0.51469434 0.68569635 0.51469434
vn 0.40439272 0.68569648 0.60521638
vn 0.27855074 0.68569654 0.67248029
vn 0.14200357 0.68569632 0.71390163
vn -0.23435250 0.67376363 0.70080060
vn -0.14200365 0.68569634 0.71390160
vn -0.27855052 0.68569660 0.67248032
vn -0.40439261 0.68569638 0.60521657
vn -0.51469459 0.68569635 0.51469409
vn -0.60521618 0.68569665 0.40439273
vn -0.60521617 0.68569662 -0.40439281
vn -0.51469455 0.68569642 -0.51469403
vn -0.40439266 0.68569640 -0.60521651
vn -0.27855043 0.68569651 -0.67248045
vn -0.14200387 0.68569643 -0.71390147
vn -0.23435253 0.67376357 -0.70080065
vn 0.14200378 0.68569641 -0.71390151
vn 0.27855066 0.68569644 -0.67248042
vn 0.40439278 0.68569650 -0.60521631
vn 0.51469429 0.68569641 -0.51469429
vn 0.60521639 0.68569645 -0.40439276
vn 0.67248044 0.68569649 -0.27855050
vn 0.71390152 0.68569640 -0.14200378
vn -0.57735027 -0.57735027 -0.57735027
vn 0.57735027 -0.57735027 -0.57735027
vn 0.23435250 0.67376363 0.70080060
vn 0.23435250 -0.67376363 0.70080060
vn -0.57735027 -0.57735027 0.57735027
vn -0.57735027 0.57735027 0.57735027
vn 0.23435253 -0.67376357 -0.70080065
vn -0.57735027 0.57735027 -0.57735027
vn 0.57735027 0.57735027 0.57735027
vn 0.23435253 0.67376357 -0.70080065
vn 0.57735027 0.57735027 -0.57735027
vn 0.14200365 0.68569634 0.71390160
vn 0.00000000 1.00000000 0.00000000
vn 0.14200365 -0.68569634 0.71390160
vn -0.14200357 0.68569632 0.71390163
vn 0.00000000 -1.00000000 0.00000000
vn -0.14200357 -0.68569632 0.71390163
vn 0.57735027 -0.57735027 0.57735027
vn -0.14200378 -0.68569641 -0.71390151
vn 0.14200387 0.68569643 -0.71390147
vn 0.14200387 -0.68569643 -0.71390147
vn -0.14200378 0.68569641 -0.71390151
vn 0.27855052 0.68569660 0.67248032
vn 0.27855052 -0.68569660 0.67248032
vn 0.72788785 0.68569620 0.00000000
vn 0.71390111 0.68569641 0.14200576
vn 0.67247976 0.68569685 0.27855126
vn 0.60521745 0.68569622 0.40439156
vn 0.51469467 0.68569642 0.51469390
vn 0.40439211 0.68569641 0.60521687
vn 0.27855006 0.68569645 0.67248066
vn 0.14200462 0.68569666 0.71390110
vn 0.00000000 0.68569623 0.72788782
vn -0.14200465 0.68569650 0.71390125
vn -0.27855002 0.68569657 0.67248056
vn -0.40439272 0.68569645 0.60521642
vn -0.51469461 0.68569635 0.51469406
vn -0.60521609 0.68569657 0.40439299
vn -0.67248075 0.68569625 0.27855034
vn -0.71390129 0.68569670 0.14200348
vn -0.72788785 0.68569620 0.00000000
vn -0.71390124 0.68569675 -0.14200347
vn -0.67248083 0.68569621 -0.27855023
vn -0.60521611 0.68569652 -0.40439306
vn -0.51469455 0.68569646 -0.51469397
vn -0.40439294 0.68569637 -0.60521635
vn -0.27855002 0.68569657 -0.67248056
vn -0.14200380 0.68569644 -0.71390148
vn 0.00000000 0.68569634 -0.72788771
vn 0.14200377 0.68569660 -0.71390133
vn 0.27855006 0.68569645 -0.67248066
vn 0.40439233 0.68569634 -0.60521680
vn 0.51469462 0.68569655 -0.51469379
vn 0.60521748 0.68569617 -0.40439161
vn 0.67247984 0.68569682 -0.27855114
vn 0.71390106 0.68569646 -0.14200575
vn 0.72788748 0.68569660 0.00000001
vn 0.71390152 0.68569650 0.14200329
vn 0.67248066 0.68569622 0.27855063
vn 0.60521618 0.68569665 0.40439273
vn 0.51469459 0.68569635 0.51469409
vn 0.40439261 0.68569638 0.60521657
vn -0.27855074 0.68569654 0.67248029
vn -0.40439272 0.68569648 0.60521638
vn -0.51469434 0.68569635 0.51469434
vn -0.60521643 0.68569648 0.40439265
vn -0.67248047 0.68569649 0.27855043
vn -0.71390152 0.68569640 0.14200379
vn -0.72788756 0.68569650 0.00000001
vn -0.71390152 0.68569640 -0.14200378
vn -0.67248044 0.68569649 -0.27855050
vn -0.60521639 0.68569645 -0.40439276
vn -0.51469429 0.68569641 -0.51469429
vn -0.40439278 0.68569650 -0.60521631
vn -0.27855066 0.68569644 -0.67248042
vn 0.27855043 0.68569651 -0.67248045
vn 0.40439266 0.68569640 -0.60521651
vn 0.51469455 0.68569642 -0.51469403
vn 0.60521617 0.68569662 -0.40439281
vn 0.67248064 0.68569621 -0.27855070
vn 0.71390152 0.68569650 -0.14200328
vn 0.72788785 -0.68569620 -0.00000000
vn 0.71390111 -0.68569641 0.14200576
vn 0.67247976 -0.68569685 0.27855126
vn 0.60521745 -0.68569622 0.40439156
vn 0.51469467 -0.68569642 0.51469390
vn 0.40439211 -0.68569641 0.60521687
vn 0.27855006 -0.68569645 0.67248066
vn 0.14200462 -0.68569666 0.71390110
vn 0.00000000 -0.68569623 0.72788782
vn -0.14200465 -0.68569650 0.71390125
vn -0.27855002 -0.68569657 0.67248056
vn -0.40439272 -0.68569645 0.60521642
vn -0.51469461 -0.68569635 0.51469406
vn -0.60521609 -0.68569657 0.40439299
vn -0.67248075 -0.68569625 0.27855034
vn -0.71390129 -0.68569670 0.14200348
vn -0.72788785 -0.68569620 -0.00000000
vn -0.71390124 -0.68569675 -0.14200347
vn -0.67248083 -0.68569621 -0.27855023
vn -0.60521611 -0.68569652 -0.40439306
vn -0.51469455 -0.68569646 -0.51469397
vn -0.40439294 -0.68569637 -0.60521635
vn -0.27855002 -0.68569657 -0.67248056
vn -0.14200380 -0.68569644 -0.71390148
vn -0.00000000 -0.68569634 -0.72788771
vn 0.14200377 -0.68569660 -0.71390133
vn 0.27855006 -0.68569645 -0.67248066
vn 0.40439233 -0.68569634 -0.60521680
vn 0.51469462 -0.68569655 -0.51469379
vn 0.60521748 -0.68569617 -0.40439161
vn 0.67247984 -0.68569682 -0.27855114
vn 0.71390106 -0.68569646 -0.14200575
vn 0.72788748 -0.68569660 0.00000001
vn 0.71390152 -0.68569650 0.14200329
vn 0.67248066 -0.68569622 0.27855063
vn 0.60521618 -0.68569665 0.40439273
vn 0.51469459 -0.68569635 0.51469409
vn 0.40439261 -0.68569638 0.60521657
vn -0.27855074 -0.68569654 0.67248029
vn -0.40439272 -0.68569648 0.60521638
vn -0.51469434 -0.68569635 0.51469434
vn -0.60521643 -0.68569648 0.40439265
vn -0.67248047 -0.68569649 0.27855043
vn -0.71390152 -0.68569640 0.14200379
vn -0.72788756 -0.68569650 0.00000001
vn -0.71390152 -0.68569640 -0.14200378
vn -0.67248044 -0.68569649 -0.27855050
vn -0.60521639 -0.68569645 -0.40439276
vn -0.51469429 -0.68569641 -0.51469429
vn -0.40439278 -0.68569650 -0.60521631
vn -0.27855066 -0.68569644 -0.67248042
vn 0.27855043 -0.68569651 -0.67248045
vn 0.40439266 -0.68569640 -0.60521651
vn 0.51469455 -0.68569642 -0.51469403
vn 0.60521617 -0.68569662 -0.40439281
vn 0.67248064 -0.68569621 -0.27855070
vn 0.71390152 -0.68569650 -0.14200328
vn -0.71390152 -0.68569650 0.14200329
vn -0.72788748 0.68569660 0.00000001
vn -0.72788748 -0.68569660 0.00000001
vn 0.00000000 -1.00000000 0.00000000
vn -0.71390152 0.68569650 -0.14200328
vn -0.71390152 -0.68569650 -0.14200328
vn -0.67248066 -0.68569622 0.27855063
vn -0.71390152 0.68569650 0.14200329
vn 0.00000000 1.00000000 0.00000000
vn 0.72788785 -0.68569620 -0.00000000
vn 0.71390129 -0.68569670 0.14200348
vn 0.67248075 -0.68569625 0.27855034
vn 0.60521609 -0.68569657 0.40439299
vn 0.51469461 -0.68569635 0.51469406
vn 0.40439272 -0.68569645 0.60521642
vn 0.27855002 -0.68569657 0.67248056
vn 0.14200465 -0.68569650 0.71390125
vn -0.00000000 -0.68569623 0.72788782
vn -0.14200462 -0.68569666 0.71390110
vn -0.27855006 -0.68569645 0.67248066
vn -0.40439211 -0.68569641 0.60521687
vn -0.51469467 -0.68569642 0.51469390
vn -0.60521745 -0.68569622 0.40439156
vn -0.67247976 -0.68569685 0.27855126
vn -0.71390111 -0.68569641 0.14200576
vn -0.72788785 -0.68569620 -0.00000000
vn -0.71390106 -0.68569646 -0.14200575
vn -0.67247984 -0.68569682 -0.27855114
vn -0.60521748 -0.68569617 -0.40439161
vn -0.51469462 -0.68569655 -0.51469379
vn -0.40439233 -0.68569634 -0.60521680
vn -0.27855006 -0.68569645 -0.67248066
vn -0.14200377 -0.68569660 -0.71390133
vn 0.00000000 -0.68569634 -0.72788771
vn 0.14200380 -0.68569644 -0.71390148
vn 0.27855002 -0.68569657 -0.67248056
vn 0.40439294 -0.68569637 -0.60521635
vn 0.51469455 -0.68569646 -0.51469397
vn 0.60521611 -0.68569652 -0.40439306
vn 0.67248083 -0.68569621 -0.27855023
vn 0.71390124 -0.68569675 -0.14200347
vn 0.72788756 -0.68569650 0.00000001
vn 0.71390152 -0.68569640 0.14200379
vn 0.67248047 -0.68569649 0.27855043
vn 0.60521643 -0.68569648 0.40439265
vn 0.51469434 -0.68569635 0.51469434
vn 0.40439272 -0.68569648 0.60521638
vn 0.27855074 -0.68569654 0.67248029
vn 0.14200357 -0.68569632 0.71390163
vn -0.23435250 -0.67376363 0.70080060
vn -0.14200365 -0.68569634 0.71390160
vn -0.27855052 -0.68569660 0.67248032
vn -0.40439261 -0.68569638 0.60521657
vn -0.51469459 -0.68569635 0.51469409
vn -0.60521618 -0.68569665 0.40439273
vn -0.67248064 -0.68569621 -0.27855070
vn -0.60521617 -0.68569662 -0.40439281
vn -0.51469455 -0.68569642 -0.51469403
vn -0.40439266 -0.68569640 -0.60521651
vn -0.27855043 -0.68569651 -0.67248045
vn -0.14200387 -0.68569643 -0.71390147
vn -0.23435253 -0.67376357 -0.70080065
vn 0.14200378 -0.68569641 -0.71390151
vn 0.27855066 -0.68569644 -0.67248042
vn 0.40439278 -0.68569650 -0.60521631
vn 0.51469429 -0.68569641 -0.51469429
vn 0.60521639 -0.68569645 -0.40439276
vn 0.67248044 -0.68569649 -0.27855050
vn 0.71390152 -0.68569640 -0.14200378
vn -0.67248064 0.68569621 -0.27855070
vn -0.67248066 0.68569622 0.27855063
vn 0.72788785 0.68569620 0.00000000
vn 0.71390129 0.68569670 0.14200348
vn 0.67248075 0.68569625 0.27855034
vn 0.60521609 0.68569657 0.40439299
vn 0.51469461 0.68569635 0.51469406
vn 0.40439272 0.68569645 0.60521642
vn 0.27855002 0.68569657 0.67248056
vn 0.14200465 0.68569650 0.71390125
vn 0.00000000 0.68569623 0.72788782
vn -0.14200462 0.68569666 0.71390110
vn -0.27855006 0.68569645 0.67248066
vn -0.40439211 0.68569641 0.60521687
vn -0.51469467 0.68569642 0.51469390
vn -0.60521745 0.68569622 0.40439156
vn -0.67247976 0.68569685 0.27855126
vn -0.71390111 0.68569641 0.14200576
vn -0.72788785 0.68569620 0.00000000
vn -0.71390106 0.68569646 -0.14200575
vn -0.67247984 0.68569682 -0.27855114
vn -0.60521748 0.68569617 -0.40439161
vn -0.51469462 0.68569655 -0.51469379
vn -0.40439233 0.68569634 -0.60521680
vn -0.27855006 0.68569645 -0.67248066
vn -0.14200377 0.68569660 -0.71390133
vn -0.00000000 0.68569634 -0.72788771
vn 0.14200380 0.68569644 -0.71390148
vn 0.27855002 0.68569657 -0.67248056
vn 0.40439294 0.68569637 -0.60521635
vn 0.51469455 0.68569646 -0.51469397
vn 0.60521611 0.68569652 -0.40439306
vn 0.67248083 0.68569621 -0.27855023
vn 0.71390124 0.68569675 -0.14200347
vn 0.72788756 0.68569650 0.00000001
vn 0.71390152 0.68569640 0.14200379
vn 0.67248047 0.68569649 0.27855043
vn 0.60521643 0.68569648 0.40439265
vn 0.51469434 0.68569635 0.51469434
vn 0.40439272 0.68569648 0.60521638
vn 0.27855074 0.68569654 0.67248029
vn 0.14200357 0.68569632 0.71390163
vn -0.23435250 0.67376363 0.70080060
vn -0.14200365 0.68569634 0.71390160
vn -0.27855052 0.68569660 0.67248032
vn -0.40439261 0.68569638 0.60521657
vn -0.51469459 0.68569635 0.51469409
vn -0.60521618 0.68569665 0.40439273
vn -0.60521617 0.68569662 -0.40439281
vn -0.51469455 0.68569642 -0.51469403
vn -0.40439266 0.68569640 -0.60521651
vn -0.27855043 0.68569651 -0.67248045
vn -0.14200387 0.68569643 -0.71390147
vn -0.23435253 0.67376357 -0.70080065
vn 0.14200378 0.68569641 -0.71390151
vn 0.27855066 0.68569644 -0.67248042
vn 0.40439278 0.68569650 -0.60521631
vn 0.51469429 0.68569641 -0.51469429
vn 0.60521639 0.68569645 -0.40439276
vn 0.67248044 0.68569649 -0.27855050
vn 0.71390152 0.68569640 -0.14200378
vn -0.57735027 -0.57735027 -0.57735027
vn 0.57735027 -0.57735027 -0.57735027
vn 0.23435250 0.67376363 0.70080060
vn 0.23435250 -0.67376363 0.70080060
vn -0.57735027 -0.57735027 0.57735027
vn -0.57735027 0.57735027 0.57735027
vn 0.23435253 -0.67376357 -0.70080065
vn -0.57735027 0.57735027 -0.57735027
vn 0.57735027 0.57735027 0.57735027
vn 0.23435253 0.67376357 -0.70080065
vn 0.57735027 0.57735027 -0.57735027
vn 0.14200365 0.68569634 0.71390160
vn 0.00000000 1.00000000 0.00000000
vn 0.14200365 -0.68569634 0.71390160
vn -0.14200357 0.68569632 0.71390163
vn 0.00000000 -1.00000000 0.00000000
vn -0.14200357 -0.68569632 0.71390163
vn 0.57735027 -0.57735027 0.57735027
vn -0.14200378 -0.68569641 -0.71390151
vn 0.14200387 0.68569643 -0.71390147
vn 0.14200387 -0.68569643 -0.71390147
vn -0.14200378 0.68569641 -0.71390151
vn 0.27855052 0.68569660 0.67248032
vn 0.27855052 -0.68569660 0.67248032
vn 0.72788785 0.68569620 0.00000000
vn 0.71390111 0.68569641 0.14200576
vn 0.67247976 0.68569685 0.27855126
vn 0.60521745 0.68569622 0.40439156
vn 0.51469467 0.68569642 0.51469390
vn 0.40439211 0.68569641 0.60521687
vn 0.27855006 0.68569645 0.67248066
vn 0.14200462 0.68569666 0.71390110
vn 0.00000000 0.68569623 0.72788782
vn -0.14200465 0.68569650 0.71390125
vn -0.27855002 0.68569657 0.67248056
vn -0.40439272 0.68569645 0.60521642
vn -0.51469461 0.68569635 0.51469406
vn -0.60521609 0.68569657 0.40439299
vn -0.67248075 0.68569625 0.27855034
vn -0.71390129 0.68569670 0.14200348
vn -0.72788785 0.68569620 0.00000000
vn -0.71390124 0.68569675 -0.14200347
vn -0.67248083 0.68569621 -0.27855023
vn -0.60521611 0.68569652 -0.40439306
vn -0.51469455 0.68569646 -0.51469397
vn -0.40439294 0.68569637 -0.60521635
vn -0.27855002 0.68569657 -0.67248056
vn -0.14200380 0.68569644 -0.71390148
vn 0.00000000 0.68569634 -0.72788771
vn 0.14200377 0.68569660 -0.71390133
vn 0.27855006 0.68569645 -0.67248066
vn 0.40439233 0.68569634 -0.60521680
vn 0.51469462 0.68569655 -0.51469379
vn 0.60521748 0.68569617 -0.40439161
vn 0.67247984 0.68569682 -0.27855114
vn 0.71390106 0.68569646 -0.14200575
vn 0.72788748 0.68569660 0.00000001
vn 0.71390152 0.68569650 0.14200329
vn 0.67248066 0.68569622 0.27855063
vn 0.60521618 0.68569665 0.40439273
vn 0.51469459 0.68569635 0.51469409
vn 0.40439261 0.68569638 0.60521657
vn -0.27855074 0.68569654 0.67248029
vn -0.40439272 0.68569648 0.60521638
vn -0.51469434 0.68569635 0.51469434
vn -0.60521643 0.68569648 0.40439265
vn -0.67248047 0.68569649 0.27855043
vn -0.71390152 0.68569640 0.14200379
vn -0.72788756 0.68569650 0.00000001
vn -0.71390152 0.68569640 -0.14200378
vn -0.67248044 0.68569649 -0.27855050
vn -0.60521639 0.68569645 -0.40439276
vn -0.51469429 0.68569641 -0.51469429
vn -0.40439278 0.68569650 -0.60521631
vn -0.27855066 0.68569644 -0.67248042
vn 0.27855043 0.68569651 -0.67248045
vn 0.40439266 0.68569640 -0.60521651
vn 0.51469455 0.68569642 -0.51469403
vn 0.60521617 0.68569662 -0.40439281
vn 0.67248064 0.68569621 -0.27855070
vn 0.71390152 0.68569650 -0.14200328
vn 0.72788785 -0.68569620 -0.00000000
vn 0.71390111 -0.68569641 0.14200576
vn 0.67247976 -0.68569685 0.27855126
vn 0.60521745 -0.68569622 0.40439156
vn 0.51469467 -0.68569642 0.51469390
vn 0.40439211 -0.68569641 0.60521687
vn 0.27855006 -0.68569645 0.67248066
vn 0.14200462 -0.68569666 0.71390110
vn 0.00000000 -0.68569623 0.72788782
vn -0.14200465 -0.68569650 0.71390125
vn -0.27855002 -0.68569657 0.67248056
vn -0.40439272 -0.68569645 0.60521642
vn -0.51469461 -0.68569635 0.51469406
vn -0.60521609 -0.68569657 0.40439299
vn -0.67248075 -0.68569625 0.27855034
vn -0.71390129 -0.68569670 0.14200348
vn -0.72788785 -0.68569620 -0.00000000
vn -0.71390124 -0.68569675 -0.14200347
vn -0.67248083 -0.68569621 -0.27855023
vn -0.60521611 -0.68569652 -0.40439306
vn -0.51469455 -0.68569646 -0.51469397
vn -0.40439294 -0.68569637 -0.60521635
vn -0.27855002 -0.68569657 -0.67248056
vn -0.14200380 -0.68569644 -0.71390148
vn -0.00000000 -0.68569634 -0.72788771
vn 0.14200377 -0.68569660 -0.71390133
vn 0.27855006 -0.68569645 -0.67248066
vn 0.40439233 -0.68569634 -0.60521680
vn 0.51469462 -0.68569655 -0.51469379
vn 0.60521748 -0.68569617 -0.40439161
vn 0.67247984 -0.68569682 -0.27855114
vn 0.71390106 -0.68569646 -0.14200575
vn 0.72788748 -0.68569660 0.00000001
vn 0.71390152 -0.68569650 0.14200329
vn 0.67248066 -0.68569622 0.27855063
vn 0.60521618 -0.68569665 0.40439273
vn 0.51469459 -0.68569635 0.51469409
vn 0.40439261 -0.68569638 0.60521657
vn -0.27855074 -0.68569654 0.67248029
vn -0.40439272 -0.68569648 0.60521638
vn -0.51469434 -0.68569635 0.51469434
vn -0.60521643 -0.68569648 0.40439265
vn -0.67248047 -0.68569649 0.27855043
vn -0.71390152 -0.68569640 0.14200379
vn -0.72788756 -0.68569650 0.00000001
vn -0.71390152 -0.68569640 -0.14200378
vn -0.67248044 -0.68569649 -0.27855050
vn -0.60521639 -0.68569645 -0.40439276
vn -0.51469429 -0.68569641 -0.51469429
vn -0.40439278 -0.68569650 -0.60521631
vn -0.27855066 -0.68569644 -0.67248042
vn 0.27855043 -0.68569651 -0.67248045
vn 0.40439266 -0.68569640 -0.60521651
vn 0.51469455 -0.68569642 -0.51469403
vn 0.60521617 -0.68569662 -0.40439281
vn 0.67248064 -0.68569621 -0.27855070
vn 0.71390152 -0.68569650 -0.14200328
vn -0.57735027 -0.57735027 0.57735027
vn -0.57735027 0.57735027 0.57735027
vn -0.57735027 -0.57735027 -0.57735027
vn 0.57735027 -0.57735027 -0.57735027
vn -0.57735027 0.57735027 -0.57735027
vn 0.57735027 0.57735027 0.57735027
vn 0.57735027 -0.57735027 0.57735027
vn 0.57735027 0.57735027 -0.57735027
vn -0.57735027 -0.57735027 0.57735027
vn -0.57735027 0.57735027 0.57735027
vn -0.57735027 -0.57735027 -0.57735027
vn 0.57735027 -0.57735027 -0.57735027
vn -0.57735027 0.57735027 -0.57735027
vn 0.57735027 0.57735027 0.57735027
vn 0.57735027 -0.57735027 0.57735027
vn 0.57735027 0.57735027 -0.57735027
vn -0.57735027 -0.57735027 0.57735027
vn -0.57735027 0.57735027 0.57735027
vn -0.57735027 -0.57735027 -0.57735027
vn 0.57735027 -0.57735027 -0.57735027
vn -0.57735027 0.57735027 -0.57735027
vn 0.57735027 0.57735027 0.57735027
vn 0.57735027 -0.57735027 0.57735027
vn 0.57735027 0.57735027 -0.57735027
vn -0.57735027 -0.57735027 0.57735027
vn -0.57735027 0.57735027 0.57735027
vn -0.57735027 -0.57735027 -0.57735027
vn 0.57735027 -0.57735027 -0.57735027
vn -0.57735027 0.57735027 -0.57735027
vn 0.57735027 0.57735027 0.57735027
vn 0.57735027 -0.57735027 0.57735027
vn 0.57735027 0.57735027 -0.57735027
vn -0.71390098 0.14200490 -0.68569673
vn 0.00000000 0.00000000 -1.00000000
vn -0.72788781 0.00000000 -0.68569624
vn -0.71390098 0.14200490 0.68569673
vn -0.72788781 -0.00000000 0.68569624
vn -0.71390098 -0.14200490 -0.68569673
vn -0.67248080 0.27854964 -0.68569648
vn -0.67248080 0.27854964 0.68569648
vn 0.72788674 0.00000000 -0.68569738
vn 0.71390203 0.14200504 -0.68569560
vn 0.67247961 0.27855115 -0.68569704
vn 0.60521677 0.40439263 -0.68569619
vn 0.51469439 0.51469393 -0.68569661
vn 0.40439338 0.60521602 -0.68569641
vn 0.27855071 0.67248057 -0.68569628
vn 0.14200341 0.71390138 -0.68569662
vn 0.00000000 0.72788769 -0.68569637
vn -0.14200398 0.71390143 -0.68569645
vn -0.27855116 0.67248021 -0.68569644
vn -0.40439217 0.60521641 -0.68569677
vn -0.51469376 0.51469505 -0.68569625
vn -0.60521677 0.40439263 -0.68569619
vn -0.67248080 -0.27854964 -0.68569648
vn -0.60521677 -0.40439263 -0.68569619
vn -0.51469376 -0.51469505 -0.68569625
vn -0.40439217 -0.60521641 -0.68569677
vn -0.27855116 -0.67248021 -0.68569644
vn -0.14200398 -0.71390143 -0.68569645
vn 0.00000000 -0.72788769 -0.68569637
vn 0.14200341 -0.71390138 -0.68569662
vn 0.27855071 -0.67248057 -0.68569628
vn 0.40439338 -0.60521602 -0.68569641
vn 0.51469439 -0.51469393 -0.68569661
vn 0.60521677 -0.40439263 -0.68569619
vn 0.67247961 -0.27855115 -0.68569704
vn 0.71390203 -0.14200504 -0.68569560
vn 0.00000000 0.00000000 1.00000000
vn -0.71390098 -0.14200490 0.68569673
vn -0.60521677 0.40439263 0.68569619
vn 0.72788674 -0.00000000 0.68569738
vn 0.71390203 -0.14200504 0.68569560
vn 0.71390203 0.14200504 0.68569560
vn 0.67247961 0.27855115 0.68569704
vn 0.60521677 0.40439263 0.68569619
vn 0.51469439 0.51469393 0.68569661
vn 0.40439338 0.60521602 0.68569641
vn 0.27855071 0.67248057 0.68569628
vn 0.14200341 0.71390138 0.68569662
vn 0.00000000 0.72788769 0.68569637
vn -0.14200398 0.71390143 0.68569645
vn -0.27855116 0.67248021 0.68569644
vn -0.40439217 0.60521641 0.68569677
vn -0.51469376 0.51469505 0.68569625
vn -0.67248080 -0.27854964 0.68569648
vn -0.60521677 -0.40439263 0.68569619
vn -0.51469376 -0.51469505 0.68569625
vn -0.40439217 -0.60521641 0.68569677
vn -0.27855116 -0.67248021 0.68569644
vn -0.14200398 -0.71390143 0.68569645
vn 0.00000000 -0.72788769 0.68569637
vn 0.14200341 -0.71390138 0.68569662
vn 0.27855071 -0.67248057 0.68569628
vn 0.40439338 -0.60521602 0.68569641
vn 0.51469439 -0.51469393 0.68569661
vn 0.60521677 -0.40439263 0.68569619
vn 0.67247961 -0.27855115 0.68569704
vn 0.73186451 -0.14557696 0.66571893
vn 0.73186451 0.14557696 0.66571893
vn 0.62044455 0.41456836 0.66571889
vn 0.41456758 0.62044506 0.66571889
vn 0.14557685 0.73186456 0.66571889
vn -0.14557685 0.73186456 0.66571889
vn -0.41456758 0.62044506 0.66571889
vn -0.62044455 0.41456836 0.66571889
vn -0.73186451 0.14557696 0.66571893
vn -0.73186451 -0.14557696 0.66571893
vn -0.62044455 -0.41456836 0.66571889
vn -0.41456758 -0.62044506 0.66571889
vn -0.14557685 -0.73186456 0.66571889
vn 0.14557685 -0.73186456 0.66571889
vn 0.41456758 -0.62044506 0.66571889
vn 0.62044455 -0.41456836 0.66571889
vn 0.73186451 -0.14557696 -0.66571893
vn 0.73186451 0.14557696 -0.66571893
vn 0.62044455 0.41456836 -0.66571889
vn 0.41456758 0.62044506 -0.66571889
vn 0.14557685 0.73186456 -0.66571889
vn -0.14557685 0.73186456 -0.66571889
vn -0.41456758 0.62044506 -0.66571889
vn -0.62044455 0.41456836 -0.66571889
vn -0.73186451 0.14557696 -0.66571893
vn -0.73186451 -0.14557696 -0.66571893
vn -0.62044455 -0.41456836 -0.66571889
vn -0.41456758 -0.62044506 -0.66571889
vn -0.14557685 -0.73186456 -0.66571889
vn 0.14557685 -0.73186456 -0.66571889
vn 0.41456758 -0.62044506 -0.66571889
vn 0.62044455 -0.41456836 -0.66571889
vn 0.00000000 0.00000000 -1.00000000
vn -0.71390148 -0.68569645 0.14200371
vn -0.72788759 0.68569648 0.00000000
vn -0.72788759 -0.68569648 -0.00000000
vn 0.00000000 -1.00000000 0.00000000
vn -0.71390149 0.68569644 -0.14200373
vn -0.71390149 -0.68569644 -0.14200373
vn -0.67248065 -0.68569645 0.27855011
vn -0.71390148 0.68569645 0.14200371
vn 0.00000000 1.00000000 0.00000000
vn 0.72788759 -0.68569648 0.00000000
vn 0.71390146 -0.68569647 0.14200369
vn 0.67248051 -0.68569644 0.27855045
vn 0.60521648 -0.68569650 0.40439253
vn 0.51469428 -0.68569634 0.51469441
vn 0.40439264 -0.68569644 0.60521647
vn 0.27855048 -0.68569652 0.67248042
vn 0.14200377 -0.68569643 0.71390149
vn -0.00000000 -0.68569648 0.72788759
vn -0.14200377 -0.68569643 0.71390149
vn -0.27855030 -0.68569651 0.67248050
vn -0.40439270 -0.68569642 0.60521646
vn -0.51469418 -0.68569640 0.51469442
vn -0.60521643 -0.68569647 0.40439267
vn -0.67248063 -0.68569646 -0.27855010
vn -0.60521650 -0.68569646 -0.40439257
vn -0.51469424 -0.68569640 -0.51469437
vn -0.40439255 -0.68569646 -0.60521651
vn -0.27855038 -0.68569645 -0.67248053
vn -0.14200377 -0.68569645 -0.71390147
vn 0.00000000 -0.68569648 -0.72788759
vn 0.14200377 -0.68569645 -0.71390147
vn 0.27855056 -0.68569647 -0.67248044
vn 0.40439248 -0.68569650 -0.60521652
vn 0.51469431 -0.68569634 -0.51469438
vn 0.60521655 -0.68569649 -0.40439245
vn 0.67248048 -0.68569647 -0.27855046
vn 0.71390146 -0.68569647 -0.14200373
vn -0.67248063 0.68569646 -0.27855010
vn -0.67248065 0.68569645 0.27855011
vn 0.72788759 0.68569648 -0.00000000
vn 0.71390146 0.68569647 0.14200369
vn 0.67248051 0.68569644 0.27855045
vn 0.60521648 0.68569650 0.40439253
vn 0.51469428 0.68569634 0.51469441
vn 0.40439264 0.68569644 0.60521647
vn 0.27855048 0.68569652 0.67248042
vn 0.14200377 0.68569643 0.71390149
vn 0.00000000 0.68569648 0.72788759
vn -0.14200377 0.68569643 0.71390149
vn -0.27855030 0.68569651 0.67248050
vn -0.40439270 0.68569642 0.60521646
vn -0.51469418 0.68569640 0.51469442
vn -0.60521643 0.68569647 0.40439267
vn -0.60521650 0.68569646 -0.40439257
vn -0.51469424 0.68569640 -0.51469437
vn -0.40439255 0.68569646 -0.60521651
vn -0.27855038 0.68569645 -0.67248053
vn -0.14200377 0.68569645 -0.71390147
vn 0.00000000 0.68569648 -0.72788759
vn 0.14200377 0.68569645 -0.71390147
vn 0.27855056 0.68569647 -0.67248044
vn 0.40439248 0.68569650 -0.60521652
vn 0.51469431 0.68569634 -0.51469438
vn 0.60521655 0.68569649 -0.40439245
vn 0.67248048 0.68569647 -0.27855046
vn 0.71390146 0.68569647 -0.14200373
vn -0.71390148 -0.68569645 0.14200371
vn -0.72788759 0.68569648 0.00000000
vn -0.72788759 -0.68569648 -0.00000000
vn 0.00000000 -1.00000000 0.00000000
vn -0.71390149 0.68569644 -0.14200373
vn -0.71390149 -0.68569644 -0.14200373
vn -0.67248065 -0.68569645 0.27855011
vn -0.71390148 0.68569645 0.14200371
vn 0.00000000 1.00000000 0.00000000
vn 0.72788759 -0.68569648 0.00000000
vn 0.71390146 -0.68569647 0.14200369
vn 0.67248051 -0.68569644 0.27855045
vn 0.60521648 -0.68569650 0.40439253
vn 0.51469428 -0.68569634 0.51469441
vn 0.40439264 -0.68569644 0.60521647
vn 0.27855048 -0.68569652 0.67248042
vn 0.14200377 -0.68569643 0.71390149
vn -0.00000000 -0.68569648 0.72788759
vn -0.14200377 -0.68569643 0.71390149
vn -0.27855030 -0.68569651 0.67248050
vn -0.40439270 -0.68569642 0.60521646
vn -0.51469418 -0.68569640 0.51469442
vn -0.60521643 -0.68569647 0.40439267
vn -0.67248063 -0.68569646 -0.27855010
vn -0.60521650 -0.68569646 -0.40439257
vn -0.51469424 -0.68569640 -0.51469437
vn -0.40439255 -0.68569646 -0.60521651
vn -0.27855038 -0.68569645 -0.67248053
vn -0.14200377 -0.68569645 -0.71390147
vn 0.00000000 -0.68569648 -0.72788759
vn 0.14200377 -0.68569645 -0.71390147
vn 0.27855056 -0.68569647 -0.67248044
vn 0.40439248 -0.68569650 -0.60521652
vn 0.51469431 -0.68569634 -0.51469438
vn 0.60521655 -0.68569649 -0.40439245
vn 0.67248048 -0.68569647 -0.27855046
vn 0.71390146 -0.68569647 -0.14200373
vn -0.67248063 0.68569646 -0.27855010
vn -0.67248065 0.68569645 0.27855011
vn 0.72788759 0.68569648 -0.00000000
vn 0.71390146 0.68569647 0.14200369
vn 0.67248051 0.68569644 0.27855045
vn 0.60521648 0.68569650 0.40439253
vn 0.51469428 0.68569634 0.51469441
vn 0.40439264 0.68569644 0.60521647
vn 0.27855048 0.68569652 0.67248042
vn 0.14200377 0.68569643 0.71390149
vn 0.00000000 0.68569648 0.72788759
vn -0.14200377 0.68569643 0.71390149
vn -0.27855030 0.68569651 0.67248050
vn -0.40439270 0.68569642 0.60521646
vn -0.51469418 0.68569640 0.51469442
vn -0.60521643 0.68569647 0.40439267
vn -0.60521650 0.68569646 -0.40439257
vn -0.51469424 0.68569640 -0.51469437
vn -0.40439255 0.68569646 -0.60521651
vn -0.27855038 0.68569645 -0.67248053
vn -0.14200377 0.68569645 -0.71390147
vn 0.00000000 0.68569648 -0.72788759
vn 0.14200377 0.68569645 -0.71390147
vn 0.27855056 0.68569647 -0.67248044
vn 0.40439248 0.68569650 -0.60521652
vn 0.51469431 0.68569634 -0.51469438
vn 0.60521655 0.68569649 -0.40439245
vn 0.67248048 0.68569647 -0.27855046
vn 0.71390146 0.68569647 -0.14200373
vn -0.71390146 -0.68569647 0.14200369
vn -0.72788759 0.68569648 0.00000000
vn -0.72788759 -0.68569648 -0.00000000
vn 0.00000000 -1.00000000 0.00000000
vn -0.71390146 0.68569647 -0.14200373
vn -0.71390146 -0.68569647 -0.14200373
vn -0.67248051 -0.68569644 0.27855045
vn -0.71390146 0.68569647 0.14200369
vn 0.00000000 1.00000000 0.00000000
vn 0.72788759 -0.68569648 0.00000000
vn 0.71390148 -0.68569645 0.14200371
vn 0.67248065 -0.68569645 0.27855011
vn 0.60521643 -0.68569647 0.40439267
vn 0.51469418 -0.68569640 0.51469442
vn 0.40439270 -0.68569642 0.60521646
vn 0.27855030 -0.68569651 0.67248050
vn 0.14200377 -0.68569643 0.71390149
vn -0.00000000 -0.68569648 0.72788759
vn -0.14200377 -0.68569643 0.71390149
vn -0.27855048 -0.68569652 0.67248042
vn -0.40439264 -0.68569644 0.60521647
vn -0.51469428 -0.68569634 0.51469441
vn -0.60521648 -0.68569650 0.40439253
vn -0.67248048 -0.68569647 -0.27855046
vn -0.60521655 -0.68569649 -0.40439245
vn -0.51469431 -0.68569634 -0.51469438
vn -0.40439248 -0.68569650 -0.60521652
vn -0.27855056 -0.68569647 -0.67248044
vn -0.14200377 -0.68569645 -0.71390147
vn 0.00000000 -0.68569648 -0.72788759
vn 0.14200377 -0.68569645 -0.71390147
vn 0.27855038 -0.68569645 -0.67248053
vn 0.40439255 -0.68569646 -0.60521651
vn 0.51469424 -0.68569640 -0.51469437
vn 0.60521650 -0.68569646 -0.40439257
vn 0.67248063 -0.68569646 -0.27855010
vn 0.71390149 -0.68569644 -0.14200373
vn -0.67248048 0.68569647 -0.27855046
vn -0.67248051 0.68569644 0.27855045
vn 0.72788759 0.68569648 -0.00000000
vn 0.71390148 0.68569645 0.14200371
vn 0.67248065 0.68569645 0.27855011
vn 0.60521643 0.68569647 0.40439267
vn 0.51469418 0.68569640 0.51469442
vn 0.40439270 0.68569642 0.60521646
vn 0.27855030 0.68569651 0.67248050
vn 0.14200377 0.68569643 0.71390149
vn 0.00000000 0.68569648 0.72788759
vn -0.14200377 0.68569643 0.71390149
vn -0.27855048 0.68569652 0.67248042
vn -0.40439264 0.68569644 0.60521647
vn -0.51469428 0.68569634 0.51469441
vn -0.60521648 0.68569650 0.40439253
vn -0.60521655 0.68569649 -0.40439245
vn -0.51469431 0.68569634 -0.51469438
vn -0.40439248 0.68569650 -0.60521652
vn -0.27855056 0.68569647 -0.67248044
vn -0.14200377 0.68569645 -0.71390147
vn 0.00000000 0.68569648 -0.72788759
vn 0.14200377 0.68569645 -0.71390147
vn 0.27855038 0.68569645 -0.67248053
vn 0.40439255 0.68569646 -0.60521651
vn 0.51469424 0.68569640 -0.51469437
vn 0.60521650 0.68569646 -0.40439257
vn 0.67248063 0.68569646 -0.27855010
vn 0.71390149 0.68569644 -0.14200373
vn -0.71390146 -0.68569647 0.14200369
vn -0.72788759 0.68569648 0.00000000
vn -0.72788759 -0.68569648 -0.00000000
vn 0.00000000 -1.00000000 0.00000000
vn -0.71390146 0.68569647 -0.14200373
vn -0.71390146 -0.68569647 -0.14200373
vn -0.67248051 -0.68569644 0.27855045
vn -0.71390146 0.68569647 0.14200369
vn 0.00000000 1.00000000 0.00000000
vn 0.72788759 -0.68569648 0.00000000
vn 0.71390148 -0.68569645 0.14200371
vn 0.67248065 -0.68569645 0.27855011
vn 0.60521643 -0.68569647 0.40439267
vn 0.51469418 -0.68569640 0.51469442
vn 0.40439270 -0.68569642 0.60521646
vn 0.27855030 -0.68569651 0.67248050
vn 0.14200377 -0.68569643 0.71390149
vn -0.00000000 -0.68569648 0.72788759
vn -0.14200377 -0.68569643 0.71390149
vn -0.27855048 -0.68569652 0.67248042
vn -0.40439264 -0.68569644 0.60521647
vn -0.51469428 -0.68569634 0.51469441
vn -0.60521648 -0.68569650 0.40439253
vn -0.67248048 -0.68569647 -0.27855046
vn -0.60521655 -0.68569649 -0.40439245
vn -0.51469431 -0.68569634 -0.51469438
vn -0.40439248 -0.68569650 -0.60521652
vn -0.27855056 -0.68569647 -0.67248044
vn -0.14200377 -0.68569645 -0.71390147
vn 0.00000000 -0.68569648 -0.72788759
vn 0.14200377 -0.68569645 -0.71390147
vn 0.27855038 -0.68569645 -0.67248053
vn 0.40439255 -0.68569646 -0.60521651
vn 0.51469424 -0.68569640 -0.51469437
vn 0.60521650 -0.68569646 -0.40439257
vn 0.67248063 -0.68569646 -0.27855010
vn 0.71390149 -0.68569644 -0.14200373
vn -0.67248048 0.68569647 -0.27855046
vn -0.67248051 0.68569644 0.27855045
vn 0.72788759 0.68569648 -0.00000000
vn 0.71390148 0.68569645 0.14200371
vn 0.67248065 0.68569645 0.27855011
vn 0.60521643 0.68569647 0.40439267
vn 0.51469418 0.68569640 0.51469442
vn 0.40439270 0.68569642 0.60521646
vn 0.27855030 0.68569651 0.67248050
vn 0.14200377 0.68569643 0.71390149
vn 0.00000000 0.68569648 0.72788759
vn -0.14200377 0.68569643 0.71390149
vn -0.27855048 0.68569652 0.67248042
vn -0.40439264 0.68569644 0.60521647
vn -0.51469428 0.68569634 0.51469441
vn -0.60521648 0.68569650 0.40439253
vn -0.60521655 0.68569649 -0.40439245
vn -0.51469431 0.68569634 -0.51469438
vn -0.40439248 0.68569650 -0.60521652
vn -0.27855056 0.68569647 -0.67248044
vn -0.14200377 0.68569645 -0.71390147
vn 0.00000000 0.68569648 -0.72788759
vn 0.14200377 0.68569645 -0.71390147
vn 0.27855038 0.68569645 -0.67248053
vn 0.40439255 0.68569646 -0.60521651
vn 0.51469424 0.68569640 -0.51469437
vn 0.60521650 0.68569646 -0.40439257
vn 0.67248063 0.68569646 -0.27855010
vn 0.71390149 0.68569644 -0.14200373
vn -0.71390135 -0.68569653 0.14200400
vn -0.72788770 0.68569636 0.00000001
vn -0.72788770 -0.68569636 0.00000001
vn 0.00000000 -1.00000000 0.00000000
vn -0.71390134 0.68569653 -0.14200405
vn -0.71390134 -0.68569653 -0.14200405
vn -0.67248057 -0.68569644 0.27855031
vn -0.71390135 0.68569653 0.14200400
vn 0.00000000 1.00000000 0.00000000
vn 0.72788772 -0.68569634 0.00000001
vn 0.71390138 -0.68569654 0.14200375
vn 0.67248054 -0.68569638 0.27855054
vn 0.60521638 -0.68569653 0.40439262
vn 0.51469445 -0.68569644 0.51469410
vn 0.40439253 -0.68569637 0.60521663
vn 0.27855020 -0.68569649 0.67248057
vn 0.14200389 -0.68569653 0.71390137
vn 0.00000005 -0.68569634 0.72788772
vn -0.14200384 -0.68569653 0.71390138
vn -0.27855042 -0.68569650 0.67248047
vn -0.40439304 -0.68569627 0.60521641
vn -0.51469397 -0.68569669 0.51469425
vn -0.60521627 -0.68569631 0.40439318
vn -0.67248054 -0.68569645 -0.27855037
vn -0.60521635 -0.68569634 -0.40439300
vn -0.51469397 -0.68569664 -0.51469432
vn -0.40439294 -0.68569631 -0.60521643
vn -0.27855051 -0.68569647 -0.67248045
vn -0.14200383 -0.68569648 -0.71390143
vn 0.00000005 -0.68569642 -0.72788764
vn 0.14200387 -0.68569648 -0.71390142
vn 0.27855031 -0.68569646 -0.67248055
vn 0.40439244 -0.68569641 -0.60521664
vn 0.51469445 -0.68569639 -0.51469417
vn 0.60521647 -0.68569656 -0.40439244
vn 0.67248051 -0.68569639 -0.27855060
vn 0.71390138 -0.68569654 -0.14200381
vn -0.67248054 0.68569645 -0.27855037
vn -0.67248057 0.68569644 0.27855031
vn 0.72788772 0.68569634 0.00000001
vn 0.71390138 0.68569654 0.14200375
vn 0.67248054 0.68569638 0.27855054
vn 0.60521638 0.68569653 0.40439262
vn 0.51469445 0.68569644 0.51469410
vn 0.40439253 0.68569637 0.60521663
vn 0.27855020 0.68569649 0.67248057
vn 0.14200389 0.68569653 0.71390137
vn 0.00000005 0.68569634 0.72788772
vn -0.14200384 0.68569653 0.71390138
vn -0.27855042 0.68569650 0.67248047
vn -0.40439304 0.68569627 0.60521641
vn -0.51469397 0.68569669 0.51469425
vn -0.60521627 0.68569631 0.40439318
vn -0.60521635 0.68569634 -0.40439300
vn -0.51469397 0.68569664 -0.51469432
vn -0.40439294 0.68569631 -0.60521643
vn -0.27855051 0.68569647 -0.67248045
vn -0.14200383 0.68569648 -0.71390143
vn 0.00000005 0.68569642 -0.72788764
vn 0.14200387 0.68569648 -0.71390142
vn 0.27855031 0.68569646 -0.67248055
vn 0.40439244 0.68569641 -0.60521664
vn 0.51469445 0.68569639 -0.51469417
vn 0.60521647 0.68569656 -0.40439244
vn 0.67248051 0.68569639 -0.27855060
vn 0.71390138 0.68569654 -0.14200381
vn -0.71390135 -0.68569653 0.14200400
vn -0.72788770 0.68569636 0.00000001
vn -0.72788770 -0.68569636 0.00000001
vn 0.00000000 -1.00000000 0.00000000
vn -0.71390134 0.68569653 -0.14200405
vn -0.71390134 -0.68569653 -0.14200405
vn -0.67248057 -0.68569644 0.27855031
vn -0.71390135 0.68569653 0.14200400
vn 0.00000000 1.00000000 0.00000000
vn 0.72788772 -0.68569634 0.00000001
vn 0.71390138 -0.68569654 0.14200375
vn 0.67248054 -0.68569638 0.27855054
vn 0.60521638 -0.68569653 0.40439262
vn 0.51469445 -0.68569644 0.51469410
vn 0.40439253 -0.68569637 0.60521663
vn 0.27855020 -0.68569649 0.67248057
vn 0.14200389 -0.68569653 0.71390137
vn 0.00000005 -0.68569634 0.72788772
vn -0.14200384 -0.68569653 0.71390138
vn -0.27855042 -0.68569650 0.67248047
vn -0.40439304 -0.68569627 0.60521641
vn -0.51469397 -0.68569669 0.51469425
vn -0.60521627 -0.68569631 0.40439318
vn -0.67248054 -0.68569645 -0.27855037
vn -0.60521635 -0.68569634 -0.40439300
vn -0.51469397 -0.68569664 -0.51469432
vn -0.40439294 -0.68569631 -0.60521643
vn -0.27855051 -0.68569647 -0.67248045
vn -0.14200383 -0.68569648 -0.71390143
vn 0.00000005 -0.68569642 -0.72788764
vn 0.14200387 -0.68569648 -0.71390142
vn 0.27855031 -0.68569646 -0.67248055
vn 0.40439244 -0.68569641 -0.60521664
vn 0.51469445 -0.68569639 -0.51469417
vn 0.60521647 -0.68569656 -0.40439244
vn 0.67248051 -0.68569639 -0.27855060
vn 0.71390138 -0.68569654 -0.14200381
vn -0.67248054 0.68569645 -0.27855037
vn -0.67248057 0.68569644 0.27855031
vn 0.72788772 0.68569634 0.00000001
vn 0.71390138 0.68569654 0.14200375
vn 0.67248054 0.68569638 0.27855054
vn 0.60521638 0.68569653 0.40439262
vn 0.51469445 0.68569644 0.51469410
vn 0.40439253 0.68569637 0.60521663
vn 0.27855020 0.68569649 0.67248057
vn 0.14200389 0.68569653 0.71390137
vn 0.00000005 0.68569634 0.72788772
vn -0.14200384 0.68569653 0.71390138
vn -0.27855042 0.68569650 0.67248047
vn -0.40439304 0.68569627 0.60521641
vn -0.51469397 0.68569669 0.51469425
vn -0.60521627 0.68569631 0.40439318
vn -0.60521635 0.68569634 -0.40439300
vn -0.51469397 0.68569664 -0.51469432
vn -0.40439294 0.68569631 -0.60521643
vn -0.27855051 0.68569647 -0.67248045
vn -0.14200383 0.68569648 -0.71390143
vn 0.00000005 0.68569642 -0.72788764
vn 0.14200387 0.68569648 -0.71390142
vn 0.27855031 0.68569646 -0.67248055
vn 0.40439244 0.68569641 -0.60521664
vn 0.51469445 0.68569639 -0.51469417
vn 0.60521647 0.68569656 -0.40439244
vn 0.67248051 0.68569639 -0.27855060
vn 0.71390138 0.68569654 -0.14200381
vn -0.71390138 -0.68569654 0.14200375
vn -0.72788772 0.68569634 0.00000001
vn -0.72788772 -0.68569634 0.00000001
vn 0.00000000 -1.00000000 0.00000000
vn -0.71390138 0.68569654 -0.14200381
vn -0.71390138 -0.68569654 -0.14200381
vn -0.67248054 -0.68569638 0.27855054
vn -0.71390138 0.68569654 0.14200375
vn 0.00000000 1.00000000 0.00000000
vn 0.72788770 -0.68569636 0.00000001
vn 0.71390135 -0.68569653 0.14200400
vn 0.67248057 -0.68569644 0.27855031
vn 0.60521627 -0.68569631 0.40439318
vn 0.51469397 -0.68569669 0.51469425
vn 0.40439304 -0.68569627 0.60521641
vn 0.27855042 -0.68569650 0.67248047
vn 0.14200384 -0.68569653 0.71390138
vn -0.00000005 -0.68569634 0.72788772
vn -0.14200389 -0.68569653 0.71390137
vn -0.27855020 -0.68569649 0.67248057
vn -0.40439253 -0.68569637 0.60521663
vn -0.51469445 -0.68569644 0.51469410
vn -0.60521638 -0.68569653 0.40439262
vn -0.67248051 -0.68569639 -0.27855060
vn -0.60521647 -0.68569656 -0.40439244
vn -0.51469445 -0.68569639 -0.51469417
vn -0.40439244 -0.68569641 -0.60521664
vn -0.27855031 -0.68569646 -0.67248055
vn -0.14200387 -0.68569648 -0.71390142
vn -0.00000005 -0.68569642 -0.72788764
vn 0.14200383 -0.68569648 -0.71390143
vn 0.27855051 -0.68569647 -0.67248045
vn 0.40439294 -0.68569631 -0.60521643
vn 0.51469397 -0.68569664 -0.51469432
vn 0.60521635 -0.68569634 -0.40439300
vn 0.67248054 -0.68569645 -0.27855037
vn 0.71390134 -0.68569653 -0.14200405
vn -0.67248051 0.68569639 -0.27855060
vn -0.67248054 0.68569638 0.27855054
vn 0.72788770 0.68569636 0.00000001
vn 0.71390135 0.68569653 0.14200400
vn 0.67248057 0.68569644 0.27855031
vn 0.60521627 0.68569631 0.40439318
vn 0.51469397 0.68569669 0.51469425
vn 0.40439304 0.68569627 0.60521641
vn 0.27855042 0.68569650 0.67248047
vn 0.14200384 0.68569653 0.71390138
vn -0.00000005 0.68569634 0.72788772
vn -0.14200389 0.68569653 0.71390137
vn -0.27855020 0.68569649 0.67248057
vn -0.40439253 0.68569637 0.60521663
vn -0.51469445 0.68569644 0.51469410
vn -0.60521638 0.68569653 0.40439262
vn -0.60521647 0.68569656 -0.40439244
vn -0.51469445 0.68569639 -0.51469417
vn -0.40439244 0.68569641 -0.60521664
vn -0.27855031 0.68569646 -0.67248055
vn -0.14200387 0.68569648 -0.71390142
vn -0.00000005 0.68569642 -0.72788764
vn 0.14200383 0.68569648 -0.71390143
vn 0.27855051 0.68569647 -0.67248045
vn 0.40439294 0.68569631 -0.60521643
vn 0.51469397 0.68569664 -0.51469432
vn 0.60521635 0.68569634 -0.40439300
vn 0.67248054 0.68569645 -0.27855037
vn 0.71390134 0.68569653 -0.14200405
vn -0.71390138 -0.68569654 0.14200375
vn -0.72788772 0.68569634 0.00000001
vn -0.72788772 -0.68569634 0.00000001
vn 0.00000000 -1.00000000 0.00000000
vn -0.71390138 0.68569654 -0.14200381
vn -0.71390138 -0.68569654 -0.14200381
vn -0.67248054 -0.68569638 0.27855054
vn -0.71390138 0.68569654 0.14200375
vn 0.00000000 1.00000000 0.00000000
vn 0.72788770 -0.68569636 0.00000001
vn 0.71390135 -0.68569653 0.14200400
vn 0.67248057 -0.68569644 0.27855031
vn 0.60521627 -0.68569631 0.40439318
vn 0.51469397 -0.68569669 0.51469425
vn 0.40439304 -0.68569627 0.60521641
vn 0.27855042 -0.68569650 0.67248047
vn 0.14200384 -0.68569653 0.71390138
vn -0.00000005 -0.68569634 0.72788772
vn -0.14200389 -0.68569653 0.71390137
vn -0.27855020 -0.68569649 0.67248057
vn -0.40439253 -0.68569637 0.60521663
vn -0.51469445 -0.68569644 0.51469410
vn -0.60521638 -0.68569653 0.40439262
vn -0.67248051 -0.68569639 -0.27855060
vn -0.60521647 -0.68569656 -0.40439244
vn -0.51469445 -0.68569639 -0.51469417
vn -0.40439244 -0.68569641 -0.60521664
vn -0.27855031 -0.68569646 -0.67248055
vn -0.14200387 -0.68569648 -0.71390142
vn -0.00000005 -0.68569642 -0.72788764
vn 0.14200383 -0.68569648 -0.71390143
vn 0.27855051 -0.68569647 -0.67248045
vn 0.40439294 -0.68569631 -0.60521643
vn 0.51469397 -0.68569664 -0.51469432
vn 0.60521635 -0.68569634 -0.40439300
vn 0.67248054 -0.68569645 -0.27855037
vn 0.71390134 -0.68569653 -0.14200405
vn -0.67248051 0.68569639 -0.27855060
vn -0.67248054 0.68569638 0.27855054
vn 0.72788770 0.68569636 0.00000001
vn 0.71390135 0.68569653 0.14200400
vn 0.67248057 0.68569644 0.27855031
vn 0.60521627 0.68569631 0.40439318
vn 0.51469397 0.68569669 0.51469425
vn 0.40439304 0.68569627 0.60521641
vn 0.27855042 0.68569650 0.67248047
vn 0.14200384 0.68569653 0.71390138
vn -0.00000005 0.68569634 0.72788772
vn -0.14200389 0.68569653 0.71390137
vn -0.27855020 0.68569649 0.67248057
vn -0.40439253 0.68569637 0.60521663
vn -0.51469445 0.68569644 0.51469410
vn -0.60521638 0.68569653 0.40439262
vn -0.60521647 0.68569656 -0.40439244
vn -0.51469445 0.68569639 -0.51469417
vn -0.40439244 0.68569641 -0.60521664
vn -0.27855031 0.68569646 -0.67248055
vn -0.14200387 0.68569648 -0.71390142
vn -0.00000005 0.68569642 -0.72788764
vn 0.14200383 0.68569648 -0.71390143
vn 0.27855051 0.68569647 -0.67248045
vn 0.40439294 0.68569631 -0.60521643
vn 0.51469397 0.68569664 -0.51469432
vn 0.60521635 0.68569634 -0.40439300
vn 0.67248054 0.68569645 -0.27855037
vn 0.71390134 0.68569653 -0.14200405
vn -0.94141423 0.07977497 0.32768157
vn -0.92078985 0.00533372 -0.39002256
vn -0.92828303 -0.02593747 -0.37096881
vn -0.86079315 -0.05841564 0.50559149
vn -0.96020126 -0.18161604 -0.21220072
vn -0.41788039 0.10935648 0.90189641
vn 0.95384784 -0.01649787 -0.29983682
vn 0.38367396 0.13905103 0.91293981
vn -0.35575825 -0.10603382 -0.92854343
vn 0.35310285 -0.10850315 -0.92927146
vn 0.67967491 0.70989667 0.18463136
vn -0.96552892 -0.16295791 -0.20297444
vn -0.24947421 0.09396638 0.96381167
vn 0.96552925 -0.25922699 -0.02355050
vn 0.48985906 -0.06478589 0.86939110
vn -0.33999926 0.19821351 0.91929968
vn -0.91101149 0.26426110 0.31658197
vn -0.84624515 0.14937289 -0.51142633
vn -0.17343315 -0.07804277 -0.98174858
vn 0.49146722 -0.15404452 -0.85716408
vn 0.83550040 0.13095281 -0.53365760
vn 0.55908598 0.18238610 0.80880046
vn -0.52352461 -0.16777664 -0.83532807
vn 0.19646126 -0.05242983 -0.97910882
vn 0.55098238 0.82242737 0.14153317
vn 0.00000000 0.00000000 -0.00000000
vn 0.91663670 0.35351773 -0.18655396
vn 0.50958584 0.05504929 -0.85865700
vn 0.18369293 0.19897549 0.96263475
vn -0.52394261 -0.11911529 0.84338348
vn -0.91478142 -0.33434550 0.22668931
vn -0.77635987 -0.39303821 -0.49273352
vn -0.18011630 -0.21348552 -0.96019896
vn -0.79287729 -0.34139372 -0.50477315
vn 0.84083212 -0.22145237 0.49392326
vn 0.48028821 0.59534387 0.64411870
vn -0.35977376 0.35569980 0.86257782
vn -0.90638181 0.39888371 0.13915390
vn -0.71326557 0.24568302 -0.65642370
vn 0.01801017 -0.14914411 -0.98865144
vn 0.76013402 -0.33653457 -0.55582439
vn 0.32419589 0.90767493 0.26650189
vn -0.26956563 0.00994588 -0.96293066
vn 0.77584850 0.46936585 -0.42160977
vn 0.31030962 0.09049745 -0.94631821
vn 0.28318684 0.35280146 0.89181632
vn -0.36750052 -0.09164864 0.92549657
vn -0.80649962 -0.43859744 0.39647276
vn -0.77578775 -0.53737764 -0.33072442
vn -0.31450496 -0.31487223 -0.89551221
vn -0.79201404 -0.51556732 -0.32696193
vn 0.59978613 -0.33089814 0.72853484
vn -0.28807566 0.35504098 0.88935837
vn -0.81893567 0.57358365 -0.01860536
vn -0.54346691 0.28971869 -0.78784948
vn 0.15031194 -0.25997497 -0.95384450
vn 0.75058622 -0.56309299 -0.34575515
vn 0.12629741 0.97911235 0.15933605
vn 0.00000000 0.00000000 0.00000000
vn 0.36996980 0.18687036 -0.91005594
vn 0.74177646 0.58398609 -0.32973919
vn 0.94467088 -0.07028337 0.32040158
vn 0.19414846 0.31054185 0.93052143
vn -0.37271280 -0.23196926 0.89848507
vn -0.69272674 -0.62355074 0.36237292
vn -0.63323753 -0.66695877 -0.39265281
vn -0.20074626 -0.35392749 -0.91347483
vn -0.60606819 -0.67712186 -0.41735756
vn 0.38124648 -0.34769643 0.85659694
vn -0.41248275 0.47171972 0.77931925
vn -0.73352696 0.65154208 -0.19347123
vn -0.38854107 0.21358827 -0.89633469
vn 0.20746457 -0.40891226 -0.88867835
vn 0.63485954 -0.76078985 -0.13472997
vn -0.00000000 0.00000000 -0.00000000
vn 0.18896348 0.10978037 -0.97582840
vn 0.54976904 0.64325075 -0.53290006
vn 0.95728949 0.17006920 0.23382321
vn 0.24580799 0.51223414 0.82291836
vn -0.25699763 -0.12644993 0.95810367
vn -0.54459800 -0.65442535 0.52453835
vn -0.56175255 -0.79648159 -0.22372114
vn -0.26086596 -0.49931709 -0.82621510
vn -0.51472847 -0.82531471 -0.23218576
vn 0.47780333 -0.63114004 0.61103701
vn -0.08429331 0.35864601 0.92965998
vn -0.52501427 0.84286186 0.11808431
vn -0.42857038 0.52244160 -0.73714463
vn -0.04249988 -0.13242815 -0.99028104
vn 0.43651839 -0.77018251 -0.46504902
vn -0.00000000 0.00000000 -0.00000000
vn 0.31880173 0.42528463 -0.84705280
vn 0.01618786 -0.30433687 -0.95242691
vn 0.40976424 0.89905593 -0.15424560
vn 0.86162018 0.34433529 0.37288586
vn 0.02339397 0.24820754 0.96842436
vn -0.28515703 -0.46523352 0.83799955
vn -0.38977655 -0.88791468 0.24429850
vn -0.28361473 -0.81443600 -0.50621803
vn -0.26434098 -0.80555469 -0.53028811
vn 0.18557799 -0.34627645 0.91959416
vn -0.29904373 0.83850186 0.45550794
vn -0.35410718 0.75098946 -0.55733557
vn -0.09024721 0.01855187 -0.99574659
vn 0.20303128 -0.71952562 -0.66412437
vn 0.43568684 -0.88042100 0.18717863
vn -0.01715054 0.32148543 0.94675920
vn 0.15342398 0.29712304 -0.94243248
vn -0.02034944 -0.45534550 -0.89008223
vn 0.26447615 0.86923369 -0.41771421
vn 0.80083791 0.50752450 0.31792690
vn -0.00302364 0.46001001 0.88790858
vn -0.21066638 -0.33561988 0.91813886
vn -0.25030300 -0.87550364 0.41333011
vn -0.19030680 -0.91971212 -0.34338455
vn -0.54767987 0.00917607 0.83663765
vn -0.13737360 -0.92469121 -0.35506993
vn 0.12406764 -0.18252557 0.97534181
vn -0.02120396 0.73726127 0.67527491
vn -0.20255789 0.96091070 -0.18873510
vn -0.21941162 0.50146519 -0.83689378
vn -0.12077095 -0.20595875 -0.97107949
vn 0.07303391 -0.87332087 -0.48163960
vn 0.15158262 -0.89643267 0.41645069
vn 0.00000000 0.00000000 -0.00000000
vn 0.13747165 -0.14885428 -0.97925683
vn 0.06647169 -0.78903206 -0.61074538
vn 0.12201292 0.62312695 -0.77254492
vn 0.01847358 0.99963533 -0.01969605
vn 0.64555736 0.61239617 0.45631856
vn -0.07983532 0.11381184 0.99028945
vn -0.08028591 -0.64122970 0.76313737
vn -0.00400182 -0.99256454 0.12165367
vn 0.07655618 -0.76929118 -0.63429506
vn 0.08297428 -0.55863535 0.82525258
vn 0.16902146 0.31064695 0.93537705
vn 0.08693968 0.97413290 0.20858230
vn -0.02328966 0.77780873 -0.62806940
vn -0.08137702 0.13331364 -0.98772732
vn -0.08671443 -0.64725629 -0.75732418
vn 0.00531380 -0.99777545 0.06645242
vn 0.00000000 0.00000000 -0.00000000
vn 0.19479251 -0.86975782 -0.45340624
vn 0.13935675 -0.31233647 -0.93969443
vn 0.01583572 0.46204524 -0.88671496
vn -0.10440085 0.94783340 -0.30118482
vn 0.53491872 0.74404197 0.40032924
vn -0.16309990 0.28976831 0.94309742
vn -0.02478957 -0.49791734 0.86687012
vn 0.13637443 -0.94568594 0.29509340
vn 0.23031798 -0.85101103 -0.47194687
vn 0.09425062 0.22932706 0.96877548
vn 0.18416036 0.98228548 0.03464383
vn 0.05383637 0.63150459 -0.77350087
vn -0.11311953 -0.01995423 -0.99338099
vn -0.24980099 -0.74718268 -0.61588758
vn -0.23542623 -0.96942781 0.06916806
vn -0.03545092 -0.62707309 0.77815331
vn 0.22566401 0.75322131 0.61784579
vn 0.34830444 -0.68399335 -0.64096577
vn 0.08497293 0.10654007 -0.99067089
vn -0.26087409 0.85345931 -0.45116729
vn -0.35481534 0.75466445 0.55189460
vn 0.45856500 0.41750738 0.78447800
vn 0.12703645 -0.47915409 0.86848898
vn 0.32829625 -0.91927565 0.21714935
vn -0.26635942 0.76824356 0.58211210
vn 0.18752712 -0.16426884 -0.96842621
vn 0.22845231 0.33419095 0.91439923
vn 0.37034919 0.91093825 -0.18174979
vn 0.09438688 0.46690578 -0.87925543
vn -0.19239141 -0.17507707 -0.96557422
vn -0.41492206 -0.79240814 -0.44713424
vn -0.37675250 -0.88796825 0.26376115
vn -0.08613083 -0.42272206 0.90215716
vn 0.39349173 0.79985914 0.45319931
vn 0.36678200 -0.38344645 -0.84760827
vn -0.12541045 0.38172085 -0.91572999
vn -0.50547401 0.85235643 -0.13410648
vn -0.41051664 0.38278380 0.82761866
vn 0.18308771 -0.48996118 0.85230097
vn 0.53402501 -0.84459924 -0.03833291
vn -0.07044203 0.89742594 0.43550499
vn -0.00000000 -0.00000000 -0.00000000
vn 0.38052635 0.45333591 0.80603117
vn 0.48254824 0.79119405 -0.37571155
vn 0.07793111 0.31780228 -0.94494892
vn -0.36085364 -0.29852243 -0.88355476
vn -0.58895519 -0.76072459 -0.27281839
vn -0.47805884 -0.73133062 0.48643116
vn -0.07441660 -0.25951474 0.96286773
vn 0.56632739 0.77842639 0.27078710
vn 0.67524863 -0.65264411 -0.34364946
vn 0.23223644 -0.08587355 -0.96886117
vn -0.40244299 0.54023720 -0.73904222
vn -0.68395018 0.70235915 0.19724040
vn -0.24032709 0.09901391 0.96562888
vn 0.48587219 -0.59241122 0.64263299
vn 0.09143550 0.94781222 0.30543665
vn 0.00000000 0.00000000 -0.00000000
vn 0.47204061 0.25678405 0.84335024
vn 0.95868528 0.15152220 0.24075621
vn 0.71432033 0.64554220 -0.27022534
vn 0.18132847 0.33771524 -0.92361702
vn -0.35992803 -0.17851189 -0.91574304
vn -0.73622261 -0.58518118 -0.33991064
vn -0.63002609 -0.66263569 0.40494575
vn -0.16942890 -0.28158419 0.94445974
vn 0.72522019 0.58492105 0.36321212
vn 0.53263226 -0.23823694 -0.81212440
vn 0.82382602 -0.55083010 -0.13377927
vn -0.08978651 0.23016341 -0.96900113
vn -0.66241333 0.57520384 -0.47994699
vn -0.76436343 0.46652211 0.44509063
vn -0.23241513 0.02985835 0.97215826
vn 0.45934012 -0.44326088 0.76975739
vn -0.00000000 -0.00000000 -0.00000000
vn 0.89854499 -0.04116067 0.43694701
vn 0.85597296 0.51561954 0.03803653
vn 0.51757113 0.39768316 -0.75760691
vn -0.12102202 0.03698395 -0.99196061
vn -0.67184793 -0.34360657 -0.65616681
vn -0.81612379 -0.56872693 0.10242872
vn -0.48130712 -0.42434541 0.76699050
vn 0.26331796 -0.02663941 0.96434122
vn 0.69719835 0.32104335 0.64097241
vn 0.91336128 -0.40036631 0.07401341
vn 0.67836537 -0.22513304 -0.69938226
vn 0.04133150 0.08679529 -0.99536842
vn -0.66461873 0.33561689 -0.66756516
vn -0.89649849 0.36792838 0.24681808
vn -0.44284273 0.05732873 0.89476462
vn 0.42033028 -0.28653227 0.86094234
vn -0.00000000 -0.00000000 -0.00000000
vn 0.88868947 -0.23312194 0.39482299
vn 0.92497798 0.32489436 -0.19712788
vn 0.44351442 0.26679857 -0.85563630
vn -0.32525861 0.00825610 -0.94558906
vn -0.82766168 -0.24170142 -0.50651414
vn -0.86705488 -0.36833496 0.33547755
vn -0.40740372 -0.26854880 0.87287098
vn 0.43054970 0.03471587 0.90189898
vn 0.84644048 0.23133616 0.47960618
vn 0.95484874 -0.21715044 -0.20275495
vn 0.47680452 0.03036840 -0.87848461
vn -0.29562740 0.19962982 -0.93421217
vn -0.86695180 0.25772288 -0.42658352
vn -0.91922099 0.15795497 0.36067020
vn -0.41643956 -0.02582243 0.90879662
vn 0.40932602 -0.23752953 0.88092675
vn 0.85847365 -0.25855201 0.44291517
vn 0.90036635 -0.36321802 0.23961031
vn 0.92569902 0.15075378 -0.34692164
vn 0.29266817 0.18396497 -0.93835080
vn -0.48870486 0.04814891 -0.87111953
vn -0.95459110 -0.07415528 -0.28854260
vn -0.84430309 -0.18134503 0.50424823
vn -0.24927992 -0.12963382 0.95971589
vn 0.60321314 -0.01726640 0.79739312
vn 0.64605485 -0.67109924 0.36364672
vn 0.94974141 0.09119493 0.29945739
vn 0.99983335 -0.01821051 -0.00128648
vn 0.61853909 0.06121220 -0.78336611
vn -0.12369719 0.09567037 -0.98769742
vn -0.77842996 0.06730889 -0.62411241
vn -0.98832652 -0.04798061 0.14459792
vn -0.60036350 -0.10482847 0.79282700
vn 0.24933712 -0.16252839 0.95468085
vn 0.78702930 -0.09975603 0.60879685
vn 0.99879992 -0.04140527 -0.02615973
vn 0.59952372 0.04705006 -0.79897284
vn -0.14713827 0.09920046 -0.98412885
vn -0.79281850 0.08659795 -0.60327408
vn -0.98493293 -0.02511357 0.17110355
vn -0.58136635 -0.09217904 0.80840349
vn 0.27076480 -0.16897690 0.94769891
vn 0.75768965 -0.52581220 0.38655907
vn 0.75835229 -0.50967083 0.40637106
vn 0.80009997 -0.11912485 0.58791948
vn 0.93031952 0.17388097 -0.32291020
vn 0.58289687 -0.00691502 0.81251672
vn 0.31215947 0.19518814 -0.92976237
vn -0.46685754 0.04139413 -0.88336321
vn -0.94461656 -0.09502216 -0.31411836
vn -0.85260850 -0.20380880 0.48116600
vn -0.27088017 -0.13952895 0.95244717
vn 0.93928446 0.11208307 0.32431788
vn 0.94421660 -0.23818529 -0.22742642
vn 0.45508742 0.02449429 -0.89010981
vn -0.31493198 0.21193983 -0.92514829
vn -0.87152301 0.28057128 -0.40215345
vn -0.90554770 0.17737591 0.38538441
vn -0.39384206 -0.02187429 0.91891781
vn 0.42579689 -0.25249602 0.86887443
vn 0.64039552 -0.68696084 0.34347981
vn 0.90171574 -0.34441853 0.26131322
vn 0.86310067 -0.28145069 0.41933607
vn 0.92701171 0.34002117 -0.15822418
vn 0.39631144 0.01084497 0.91805208
vn 0.44452357 0.27112070 -0.85375194
vn -0.27046995 0.00671796 -0.96270498
vn -0.81322514 -0.26982393 -0.51561606
vn -0.87243310 -0.40862949 0.26810897
vn -0.40741713 -0.28640038 0.86717132
vn 0.82875315 0.24660459 0.50234887
vn 0.65626924 -0.23377636 -0.71739759
vn 0.01977073 0.09648494 -0.99513807
vn -0.67224384 0.35877655 -0.64758598
vn -0.88153278 0.38533266 0.27279791
vn -0.41955992 0.05786706 0.90588127
vn 0.43313570 -0.30590797 0.84782886
vn 0.90522389 -0.42212853 0.04875656
vn 0.90044199 -0.24635143 0.35849017
vn -0.00000000 -0.00000000 -0.00000000
vn 0.38450283 0.81719709 0.42935590
vn 0.42200885 0.25688520 0.86943575
vn 0.76217392 0.61325183 -0.20739603
vn 0.33590372 0.33832979 -0.87903450
vn -0.33395971 -0.08426665 -0.93881310
vn -0.76679316 -0.45021941 -0.45752677
vn -0.76608555 -0.53480137 0.35651147
vn -0.29953762 -0.32508941 0.89699169
vn 0.77332946 0.47848899 0.41594450
vn 0.50974512 -0.23823622 -0.82668217
vn -0.10513330 0.24715863 -0.96325469
vn -0.65885296 0.59814962 -0.45621247
vn -0.74382523 0.47652564 0.46866550
vn -0.21092929 0.02051554 0.97728601
vn 0.46445673 -0.46561294 0.75331569
vn 0.80787738 -0.56754903 -0.15881513
vn -0.00000000 -0.00000000 -0.00000000
vn 0.48436811 0.22984519 0.84413193
vn 0.72832100 0.64342262 -0.23570289
vn 0.19846516 0.34511283 -0.91733784
vn -0.32878562 -0.17306399 -0.92841202
vn -0.70417902 -0.61225615 -0.35954737
vn -0.61924387 -0.68812436 0.37818236
vn -0.16556118 -0.31296803 0.93522217
vn 0.70415578 0.59502705 0.38743701
vn 0.65386684 -0.66152900 -0.36720232
vn 0.21283500 -0.07272639 -0.97437782
vn -0.40261938 0.56413178 -0.72086959
vn -0.66385622 0.71370695 0.22342179
vn -0.22075907 0.08558727 0.97156588
vn 0.48263895 -0.61559828 0.62297545
vn 0.95051105 0.16793595 0.26139292
vn 0.00000000 0.00000000 -0.00000000
vn 0.35774029 0.44463922 0.82116858
vn -0.08230903 -0.28184140 0.95592398
vn 0.06326621 0.94291729 0.32696233
vn 0.46915497 0.80985329 -0.35218072
vn 0.08475589 0.33970167 -0.93670658
vn -0.34022157 -0.28746032 -0.89533002
vn -0.56704489 -0.76768419 -0.29853154
vn -0.46845005 -0.75239062 0.46310141
vn 0.54397007 0.78520423 0.29588999
vn 0.34645387 -0.37294506 -0.86074485
vn -0.11730989 0.40907562 -0.90492846
vn -0.48691206 0.86674035 -0.10806391
vn -0.37618485 0.39505049 0.83810505
vn 0.18275287 -0.51271774 0.83888134
vn 0.51354149 -0.85570672 -0.06357005
vn -0.00000000 -0.00000000 -0.00000000
vn -0.08517691 -0.44629467 0.89082319
vn 0.21095340 0.31681848 0.92472954
vn -0.09797365 0.88443596 0.45626111
vn 0.35050229 0.92330193 -0.15704043
vn 0.09278987 0.48961936 -0.86698496
vn -0.17828998 -0.15635385 -0.97147628
vn -0.39207086 -0.79028029 -0.47089012
vn -0.35900999 -0.90254382 0.23775300
vn 0.37023862 0.79751756 0.47632877
vn 0.32679544 -0.67616275 -0.66030953
vn 0.10558152 0.06793767 -0.99208720
vn -0.16993683 0.71402596 -0.67918216
vn -0.37446624 0.91213717 0.16667577
vn -0.22818554 0.33948077 0.91251530
vn 0.10723962 -0.51221723 0.85213448
vn 0.30836373 -0.93162181 0.19233463
vn -0.00000000 -0.00000000 -0.00000000
vn -0.00700863 -0.64495412 0.76418915
vn 0.11650674 0.18297644 0.97618943
vn -0.28993548 0.74569438 0.59989775
vn 0.18202349 0.98269083 0.03444112
vn 0.07041068 0.66030078 -0.74769327
vn -0.09220932 -0.01982268 -0.99554232
vn -0.19284778 -0.72322452 -0.66314103
vn -0.19060099 -0.98039929 0.04988488
vn 0.20509100 0.74212850 0.63810890
vn 0.12804028 -0.29152614 -0.94795474
vn 0.00470644 0.47261287 -0.88125758
vn -0.08741329 0.95944292 -0.26800784
vn -0.11976702 0.27669532 0.95346503
vn -0.02411308 -0.51065524 0.85944737
vn 0.11555095 -0.95570409 0.27069849
vn 0.17298603 -0.86231158 -0.47591445
vn 0.20812012 -0.84370938 -0.49481360
vn 0.10128458 -0.37065410 0.92323181
vn 0.09217701 0.55764458 0.82494601
vn -0.39922288 0.79137743 0.46297177
vn -0.08042102 0.95728552 -0.27773528
vn -0.12398172 0.38768326 -0.91341678
vn -0.13977488 -0.35787127 -0.92325031
vn -0.05720517 -0.93097647 -0.36056952
vn -0.00903974 -0.91615450 0.40072337
vn 0.55220296 0.72204157 0.41680675
vn 0.02128777 0.93281650 0.35972239
vn 0.13515015 -0.12641112 -0.98272818
vn 0.13680453 0.64048875 -0.75568425
vn 0.04173534 0.99909808 0.00782258
vn -0.07843627 0.09042535 0.99280965
vn -0.09658467 -0.65846438 0.74638868
vn -0.02713329 -0.99497079 0.09642053
vn 0.04921384 -0.77432066 -0.63087678
vn 0.05885932 -0.75403400 -0.65419287
vn 0.14306544 -0.20566198 0.96810920
vn 0.19060412 -0.90537945 0.37941814
vn -0.01624868 0.74059758 0.67175234
vn -0.19150264 0.97062201 -0.14566968
vn -0.22025845 0.50439428 -0.83490875
vn -0.08802668 -0.15670238 -0.98371524
vn 0.09244677 -0.86237110 -0.49776468
vn 0.65743556 0.58662295 0.47291860
vn 0.00000000 0.00000000 -0.00000000
vn -0.02584124 -0.43229782 -0.90136054
vn 0.16572764 0.31745116 -0.93368041
vn 0.28783874 0.87324196 -0.39318869
vn 0.00183950 0.43735120 0.89928891
vn -0.22416361 -0.35360125 0.90813922
vn -0.27287492 -0.87951012 0.38987334
vn -0.20930886 -0.90631148 -0.36713662
vn -0.15688170 -0.91183780 -0.37939420
vn 0.45805642 -0.87427885 0.16068856
vn 0.20301297 -0.36565214 0.90834148
vn -0.54203051 -0.02646909 0.83994185
vn -0.31402706 0.82082027 0.47711748
vn -0.37687570 0.75529200 -0.53618905
vn -0.10040597 0.04035583 -0.99412778
vn 0.21247620 -0.69834376 -0.68349825
vn 0.80976945 0.48182211 0.33484459
vn -0.01470756 0.29830390 0.95435762
vn 0.01964962 -0.28210517 -0.95918224
vn 0.33766592 0.43816778 -0.83306106
vn 0.43224887 0.89275851 -0.12705570
vn 0.01835809 0.22516868 0.97414683
vn -0.30540750 -0.47754832 0.82381664
vn -0.41270495 -0.88399868 0.21959270
vn -0.29653127 -0.79567648 -0.52817435
vn -0.27741637 -0.78618975 -0.55221901
vn 0.50168779 -0.63311977 0.58946477
vn -0.07908730 0.33659331 0.93832305
vn -0.54263760 0.82768144 0.14313585
vn -0.45119980 0.52780110 -0.71961430
vn -0.05387034 -0.11165505 -0.99228581
vn 0.44683989 -0.74947530 -0.48848837
vn 0.86451462 0.31694815 0.39007479
vn 0.00000000 0.00000000 -0.00000000
vn 0.20627748 0.12602100 -0.97034443
vn 0.57332494 0.64104382 -0.51025615
vn 0.24433478 0.48905415 0.83733300
vn -0.27465114 -0.14040400 0.95123786
vn -0.56729347 -0.65241609 0.50252499
vn -0.57645549 -0.77845793 -0.24839953
vn -0.26011077 -0.47562647 -0.84031057
vn -0.53018856 -0.80781125 -0.25756760
vn 0.40520561 -0.35457761 0.84266431
vn 0.64941802 -0.74310161 -0.16141944
vn -0.39002494 0.45042570 0.80311720
vn -0.74369080 0.64386638 -0.17988908
vn -0.40965140 0.22085712 -0.88510331
vn 0.19993166 -0.38726106 -0.90003123
vn 0.95726465 0.14362652 0.25102952
vn 0.00000000 0.00000000 -0.00000000
vn 0.39183008 0.19462385 -0.89921674
vn 0.76172075 0.57218593 -0.30394862
vn 0.18343194 0.28988250 0.93931936
vn -0.39535531 -0.23833830 0.88706766
vn -0.71355163 -0.61335652 0.33858213
vn -0.64078827 -0.64526361 -0.41596306
vn -0.19125011 -0.33300427 -0.92332635
vn -0.61360981 -0.65500664 -0.44096406
vn 0.77243041 -0.48942272 -0.40474272
vn 0.71346642 -0.28795067 0.63878798
vn -0.40823766 0.48000767 0.77648866
vn -0.84417255 0.53546189 -0.02555921
vn -0.56690208 0.28775738 -0.77189230
vn 0.13527257 -0.24232021 -0.96071965
vn 0.93667302 -0.09643822 0.33666500
vn -0.12893611 -0.04427063 -0.99066422
vn 0.33345293 0.09568297 -0.93789867
vn 0.79567083 0.45741310 -0.39709089
vn 0.14703770 0.97346517 0.17534387
vn 0.27140123 0.33402056 0.90264702
vn -0.39000946 -0.09583115 0.91581058
vn -0.82500845 -0.42463257 0.37289172
vn -0.78082781 -0.51436813 -0.35458899
vn -0.30178887 -0.29576180 -0.90633793
vn 0.46327797 0.56163406 0.68552222
vn -0.79610562 -0.49255752 -0.35157209
vn 0.90513206 -0.39733986 0.15118524
vn 0.33950269 -0.06121629 0.93861094
vn -0.46383451 0.29521994 0.83528602
vn -0.91178920 0.37636562 0.16428442
vn -0.73422152 0.23489798 -0.63697857
vn -0.02771460 -0.11511317 -0.99296569
vn 0.58996345 -0.27457812 -0.75930889
vn 0.00000000 0.00000000 -0.00000000
vn 0.53217282 0.05046235 -0.84513055
vn 0.92881440 0.33438829 -0.15965050
vn 0.34072270 0.89659950 0.28287342
vn 0.16552433 0.18653042 0.96840493
vn -0.54673748 -0.11432382 0.82946259
vn -0.92757123 -0.31444782 0.20182711
vn -0.77322924 -0.37039453 -0.51470810
vn -0.16104296 -0.20105786 -0.96625095
vn -0.78781331 -0.31857583 -0.52712392
vn 0.97749325 -0.20981989 -0.02196747
vn 0.56981173 0.01065850 0.82170615
vn -0.34193572 0.17177892 0.92388958
vn -0.90601225 0.22411460 0.35904658
vn -0.86144727 0.12205340 -0.49296203
vn -0.23315396 -0.06621782 -0.97018268
vn 0.49974258 -0.18233833 -0.84676448
vn 0.00000000 0.00000000 -0.00000000
vn 0.85206433 0.11420367 -0.51082668
vn 0.56735885 0.80801249 0.15880726
vn 0.54176814 0.16621261 0.82393000
vn -0.27217407 0.09568525 0.95747878
vn -0.87443411 -0.04006169 0.48348738
vn -0.95857374 -0.15801175 -0.23699929
vn -0.50584471 -0.15260429 -0.84901888
vn 0.22027534 -0.05351402 -0.97396870
vn -0.96345833 -0.13968599 -0.22855167
vn 0.68289900 -0.70651236 -0.18571280
vn 0.67616777 -0.57006117 0.46671984
vn -0.15139458 -0.52312603 0.83870068
vn -0.77433879 -0.49449190 0.39481287
vn -0.71091247 -0.60141764 -0.36455492
vn 0.00228606 -0.72188138 -0.69201304
vn -0.09777096 -0.98852304 0.11516525
vn 0.96101735 -0.03837150 -0.27381249
vn 0.69242165 0.69280020 0.20144512
vn 0.36366752 0.13122704 0.92223934
vn -0.43821867 0.11999308 0.89082325
vn -0.94728822 0.10244287 0.30356300
vn -0.91886271 -0.00448703 -0.39455189
vn -0.33392330 -0.09936501 -0.93734829
vn 0.37456648 -0.11816330 -0.91963981
vn -0.90992070 0.02602404 -0.41396507
vn 0.95953455 -0.28157003 0.00343147
vn 0.46591243 -0.07008543 0.88205082
vn -0.35837914 0.21199978 0.90918672
vn -0.91220145 0.28699062 0.29244639
vn -0.82951894 0.16630906 -0.53314129
vn -0.15036965 -0.08052262 -0.98534516
vn 0.50915264 -0.17031122 -0.84365732
vn 0.00000000 0.00000000 -0.00000000
vn 0.82295950 -0.23463601 0.51738149
vn 0.47831845 0.58855488 0.65177805
vn -0.36992305 0.37343883 0.85070581
vn -0.89982616 0.42110610 0.11394088
vn -0.69178495 0.25536507 -0.67544227
vn 0.03796395 -0.16080655 -0.98625554
vn 0.76542482 -0.35973763 -0.53358568
vn -0.24683542 0.00478019 -0.96904562
vn 0.57589481 -0.33320165 0.74653990
vn -0.29812663 0.37499725 0.87777991
vn -0.80460110 0.59218919 -0.04392075
vn -0.51997241 0.29044439 -0.80328747
vn 0.16441640 -0.27839157 -0.94629032
vn 0.74461524 -0.58551131 -0.32050687
vn -0.00000000 0.00000000 -0.00000000
vn 0.39858286 -0.31040743 0.86300575
vn -0.35777136 0.53560444 0.76493630
vn -0.67946078 0.69989629 -0.22017774
vn -0.33117050 0.25628585 -0.90809893
vn 0.24715266 -0.40858159 -0.87862202
vn 0.66318513 -0.73800745 -0.12462138
vn 0.00000000 0.00000000 -0.00000000
vn 0.22578427 -0.21219380 0.95078665
vn -0.33139174 0.70265903 0.62964260
vn -0.51478338 0.75821441 -0.40013620
vn -0.21213081 0.13970503 -0.96720371
vn 0.22185552 -0.60725867 -0.76290041
vn 0.51780351 -0.85274470 0.06860026
vn 0.00000000 0.00000000 0.00000000
vn 0.12887289 -0.33026939 0.93504754
vn -0.34243128 0.82805124 0.44392789
vn -0.37968982 0.72199081 -0.57841587
vn -0.10645038 0.01270062 -0.99423690
vn 0.18588468 -0.76945808 -0.61104923
vn 0.36370902 -0.90298111 0.22878125
vn -0.01838181 0.34476772 0.93850803
vn -0.55189928 0.04502702 0.83269427
vn 0.11675187 -0.15991903 0.98020146
vn -0.00671239 0.75437757 0.65640645
vn -0.17924318 0.96035919 -0.21349966
vn -0.20512327 0.48436828 -0.85047741
vn -0.12212447 -0.22847265 -0.96586017
vn 0.05509302 -0.88723098 -0.45802397
vn 0.12877560 -0.88834205 0.44075532
vn 0.00000000 0.00000000 0.00000000
vn 0.07163912 -0.53859812 0.83951171
vn 0.17737615 0.33080327 0.92688020
vn 0.10996359 0.97679191 0.18380854
vn -0.00638260 0.76188907 -0.64767609
vn -0.07959569 0.10966484 -0.99077654
vn -0.10227465 -0.66495748 -0.73984556
vn -0.01794922 -0.99547648 0.09329744
vn 0.00000000 -0.00000000 -0.00000000
vn 0.10637660 0.25247633 0.96173787
vn 0.20717248 0.97825637 0.00969714
vn 0.06295911 0.61067895 -0.78937150
vn -0.11999462 -0.04225591 -0.99187486
vn -0.27061125 -0.75700511 -0.59473760
vn -0.25711759 -0.96160318 0.09596811
vn -0.04501497 -0.60568770 0.79442814
vn 0.24679301 0.76321002 0.59716302
vn -0.24203964 0.78959620 0.56387467
vn 0.24677851 0.35059132 0.90343018
vn 0.38953293 0.89759521 -0.20636600
vn 0.09479270 0.44413557 -0.89093094
vn -0.20747137 -0.19302944 -0.95900744
vn -0.43785282 -0.79329790 -0.42304059
vn -0.39367133 -0.87245317 0.28956579
vn -0.08584063 -0.39915369 0.91285690
vn 0.41684003 0.80097059 0.42975633
vn -0.04266485 0.90908109 0.41442886
vn 0.40368401 0.46081612 0.79037189
vn 0.49493563 0.77189269 -0.39902430
vn 0.06995502 0.29627463 -0.95253747
vn -0.38204648 -0.30847796 -0.87113824
vn -0.61046132 -0.75257658 -0.24691186
vn -0.48654294 -0.70977803 0.50940270
vn -0.06535677 -0.23765682 0.96914794
vn 0.58830084 0.77047436 0.24550230
vn 0.11943873 0.95144293 0.28370892
vn 0.49416918 0.26049383 0.82942136
vn 0.96623800 0.13434572 0.21985301
vn 0.72397128 0.62382066 -0.29447134
vn 0.17119125 0.31734897 -0.93272889
vn -0.38165884 -0.18614268 -0.90536591
vn -0.75637391 -0.57349799 -0.31464038
vn -0.63704089 -0.64026769 0.42922743
vn -0.15694836 -0.26130874 0.95241008
vn 0.74572506 0.57373167 0.33871243
vn 0.90694433 -0.05422289 0.41774617
vn 0.86827174 0.49591304 0.01320781
vn 0.51001805 0.37520427 -0.77401767
vn -0.14229898 0.02657743 -0.98946685
vn -0.69468054 -0.33594089 -0.63605241
vn -0.82643455 -0.54803477 0.12908840
vn -0.47291846 -0.40313226 0.78347464
vn 0.28462413 -0.01962781 0.95843824
vn 0.71897776 0.31258098 0.62077702
vn 0.89292341 -0.24876083 0.37524102
vn 0.92731264 0.30159182 -0.22166111
vn 0.42875648 0.24878608 -0.86848913
vn -0.34839604 0.00755791 -0.93731696
vn -0.84565793 -0.22627056 -0.48338835
vn -0.86667484 -0.34478056 0.36055664
vn -0.39139160 -0.25181874 0.88509883
vn 0.45344589 0.03219992 0.89070197
vn 0.86329864 0.21516275 0.45653088
vn 0.89802671 -0.38233377 0.21764399
vn 0.91988216 0.12789669 -0.37075497
vn 0.27260300 0.17381386 -0.94629612
vn -0.51015498 0.05603703 -0.85825506
vn -0.96341757 -0.05277883 -0.26275651
vn -0.83482675 -0.15932354 0.52695380
vn -0.22722040 -0.12085429 0.96631523
vn 0.62292519 -0.02870293 0.78175466
vn 0.95908503 0.06978510 0.27438283
vn 0.99661103 -0.06451366 -0.05103372
vn 0.57979469 0.03390263 -0.81405696
vn -0.17037771 0.10392231 -0.97988346
vn -0.80617445 0.10659504 -0.58199678
vn -0.98030359 -0.00246124 0.19748119
vn -0.56172346 -0.08053291 0.82339614
vn 0.29177804 -0.17657632 0.94004595
vn 0.75609139 -0.54229539 0.36638984
vn 0.81213237 -0.13915281 0.56663702
vn 0.93252224 -0.25865008 -0.25199682
vn 0.43310206 0.01979827 -0.90112742
vn -0.33355719 0.22523453 -0.91542832
vn -0.87485659 0.30360915 -0.37742208
vn -0.89085115 0.19607198 0.40980483
vn -0.37107866 -0.01910950 0.92840479
vn 0.44141427 -0.26834694 0.85623791
vn 0.63375792 -0.70288396 0.32296290
vn 0.86651459 -0.30456229 0.39546716
vn 0.63421260 -0.22689253 -0.73911715
vn 0.01648487 0.11414849 -0.99332692
vn -0.67869376 0.41946862 -0.60284397
vn -0.85618265 0.41380128 0.30938612
vn -0.39616093 0.06016313 0.91620790
vn 0.44490493 -0.32593853 0.83416046
vn 0.90077367 -0.43249394 0.03944338
vn -0.00000000 -0.00000000 -0.00000000
vn 0.78315816 -0.58504696 -0.21067356
vn 0.34880779 -0.13895218 -0.92683624
vn -0.37910981 0.41132795 -0.82890595
vn -0.78073164 0.62475008 -0.01206009
vn -0.61515503 0.26256536 0.74340011
vn -0.35038021 -0.55180623 0.75679825
vn 0.45912314 -0.48326861 0.74542431
vn -0.08106352 -0.07736179 0.99370210
vn 0.47717822 -0.43184531 -0.76538263
vn -0.08771433 0.25344374 -0.96336518
vn -0.59706351 0.74858754 -0.28832596
vn -0.49209252 0.45151325 0.74429883
vn 0.17701309 -0.34381603 0.92220220
vn 0.62737869 -0.77212265 0.10110683
vn -0.00000000 -0.00000000 0.00000000
vn 0.33007133 -0.35990504 -0.87265187
vn -0.10984369 0.44544384 -0.88854609
vn -0.45980249 0.88486577 -0.07479466
vn -0.33713768 0.38634056 0.85853314
vn 0.18797960 -0.53448707 0.82400682
vn 0.50051985 -0.86097176 -0.09059524
vn -0.00000000 0.00000000 0.00000000
vn 0.30572836 -0.66721715 -0.67922857
vn 0.09912696 0.09014831 -0.99098291
vn -0.15928324 0.73458930 -0.65955092
vn -0.35184661 0.91594853 0.19298253
vn -0.21286882 0.32142678 0.92269805
vn 0.10247519 -0.53521852 0.83847479
vn 0.28782741 -0.94293734 0.16740537
vn -0.00000000 -0.00000000 -0.00000000
vn 0.11783049 -0.27015205 -0.95558037
vn 0.01224425 0.49513394 -0.86873037
vn -0.06538713 0.96813413 -0.24174538
vn -0.11016955 0.25468381 0.96072828
vn -0.03339588 -0.53205969 0.84604799
vn 0.09421256 -0.96464499 0.24613824
vn 0.15160293 -0.85375776 -0.49811066
vn 0.18633931 -0.83526102 -0.51731682
vn 0.56870023 0.69924368 0.43317239
vn 0.13404777 -0.10387500 -0.98551569
vn 0.15248705 0.65703230 -0.73827926
vn 0.06491976 0.99726419 0.03534922
vn -0.07822631 0.06703759 0.99467915
vn -0.11376438 -0.67482839 0.72915314
vn -0.05035345 -0.99619562 0.07112543
vn 0.03278253 -0.75871786 -0.65059397
vn 0.04199600 -0.73786636 -0.67363905
vn 0.66833276 0.56022995 0.48936052
vn -0.03010769 -0.40899427 -0.91204014
vn 0.17905326 0.33712810 -0.92427516
vn 0.31137994 0.87600590 -0.36831534
vn 0.00555037 0.41448213 0.91004052
vn -0.23861555 -0.37083435 0.89752131
vn -0.29565938 -0.88233167 0.36616439
vn -0.22759466 -0.89195694 -0.39065776
vn -0.17567996 -0.89797755 -0.40345120
vn 0.81773995 0.45564245 0.35169778
vn 0.02431247 -0.26008020 -0.96528089
vn 0.35717446 0.45004676 -0.81846461
vn 0.45432865 0.88523198 -0.09974881
vn 0.01217181 0.20243778 0.97921948
vn -0.32628108 -0.48879645 0.80908509
vn -0.43540565 -0.87891588 0.19475316
vn -0.30841903 -0.77627431 -0.54979624
vn -0.28944867 -0.76615675 -0.57377985
vn 0.86633059 0.28930485 0.40715356
vn 0.22439935 0.14135843 -0.96419019
vn 0.59674927 0.63759610 -0.48719763
vn 0.24169548 0.46598822 0.85113940
vn -0.29302567 -0.15338575 0.94372071
vn -0.58987414 -0.64920814 0.48018465
vn -0.59022087 -0.75970766 -0.27291683
vn -0.25812261 -0.45201196 -0.85384887
vn -0.54471481 -0.78951261 -0.28276423
vn 0.95622909 0.11704250 0.26819206
vn 0.41404998 0.20122672 -0.88773331
vn 0.78099570 0.55930368 -0.27789405
vn 0.17169928 0.26982312 0.94747815
vn -0.41830719 -0.24350257 0.87505748
vn -0.73383763 -0.60210352 0.31456905
vn -0.64718700 -0.62323004 -0.43901402
vn -0.18064735 -0.31261826 -0.93254295
vn -0.61997920 -0.63252502 -0.46426059
vn 0.92763114 -0.12242788 0.35286240
vn 0.35684833 0.09964325 -0.92883287
vn 0.81479736 0.44444806 -0.37225151
vn 0.16731017 0.96716992 0.19128423
vn 0.25866019 0.31594200 0.91283929
vn -0.41269684 -0.09882474 0.90549157
vn -0.84277901 -0.40971950 0.34907518
vn -0.78468870 -0.49112866 -0.37822782
vn -0.28809266 -0.27733672 -0.91656258
vn -0.79898098 -0.46936482 -0.37593357
vn 0.55450316 0.04466915 -0.83098190
vn 0.93990862 0.31462394 -0.13260298
vn 0.35655875 0.88508924 0.29913692
vn 0.14676263 0.17512246 0.97354653
vn -0.56924262 -0.10836287 0.81499713
vn -0.93932393 -0.29394013 0.17683255
vn -0.76892532 -0.34796734 -0.53635117
vn -0.14132816 -0.18964201 -0.97162866
vn -0.78155371 -0.29605500 -0.54911313
vn 0.86770945 0.09663931 -0.48758708
vn 0.58299988 0.79317876 0.17600738
vn 0.52365627 0.15098058 0.83844438
vn -0.29473680 0.09859651 0.95047827
vn -0.88711745 -0.02100161 0.46106567
vn -0.95574428 -0.13450631 -0.26165040
vn -0.48739990 -0.13836119 -0.86214704
vn 0.24401105 -0.05585478 -0.96816262
vn -0.96016900 -0.11655502 -0.25394964
vn 0.96697631 -0.06057076 -0.24756412
vn 0.70437070 0.67547044 0.21817791
vn 0.34334648 0.12452312 0.93091739
vn -0.45797281 0.13167073 0.87916080
vn -0.95199594 0.12539119 0.27925037
vn -0.90835587 0.01645298 -0.41787428
vn -0.31175963 -0.09384775 -0.94551496
vn 0.39551391 -0.12895631 -0.90936188
vn -0.89798403 0.04611719 -0.43760472
vn 0.95230908 -0.30361630 0.03040655
vn 0.44172644 -0.07419153 0.89407682
vn -0.37598472 0.22674243 0.89845610
vn -0.91222255 0.30977884 0.26811767
vn -0.81195063 0.18236371 -0.55450848
vn -0.12745544 -0.08418985 -0.98826473
vn 0.52598031 -0.18747863 -0.82957608
vn 0.00000000 0.00000000 -0.00000000
vn 0.80437228 -0.24679670 0.54044114
vn 0.47605823 0.58232844 0.65898570
vn -0.37912570 0.39176092 0.83832397
vn -0.89214062 0.44297355 0.08865410
vn -0.66983789 0.26391012 -0.69402352
vn 0.05730072 -0.17349538 -0.98316630
vn 0.76949010 -0.38315224 -0.51095924
vn -0.22442506 -0.00156393 -0.97449010
vn 0.55190619 -0.33424486 0.76398948
vn -0.30710247 0.39545977 0.86562095
vn -0.78932833 0.61005943 -0.06919742
vn -0.49647335 0.28993253 -0.81820129
vn 0.17756321 -0.29752464 -0.93805671
vn 0.73744446 -0.60757163 -0.29501252
vn 0.00000000 0.00000000 -0.00000000
vn 0.37610860 -0.30215472 0.87592514
vn -0.35808769 0.55826392 0.74840804
vn -0.65894749 0.71124790 -0.24477464
vn -0.30943163 0.24614505 -0.91851221
vn 0.25288878 -0.43179273 -0.86579576
vn 0.64784135 -0.75546043 -0.09788317
vn 0.00000000 0.00000000 -0.00000000
vn 0.20871662 -0.19545522 0.95824560
vn -0.32297975 0.72379487 0.60975821
vn -0.49155994 0.76110305 -0.42319142
vn -0.19651533 0.12281140 -0.97277905
vn 0.21764812 -0.62955893 -0.74584506
vn 0.49666761 -0.86266312 0.09557004
vn -0.00000000 0.00000000 0.00000000
vn 0.11334794 -0.30820605 0.94454289
vn -0.32645635 0.84590095 0.42175566
vn -0.35808373 0.71639426 -0.59879488
vn -0.09824552 -0.00943791 -0.99511745
vn 0.17336658 -0.78876458 -0.58974101
vn 0.34031442 -0.90507385 0.25500475
vn -0.01837941 0.36808088 0.92961210
vn -0.55467069 0.08101320 0.82811671
vn 0.11061066 -0.13698289 0.98437847
vn 0.00868943 0.77072105 0.63711346
vn -0.15599767 0.95862483 -0.23812426
vn -0.19177229 0.46652035 -0.86347099
vn -0.12469288 -0.25090317 -0.95994754
vn 0.03642040 -0.90014756 -0.43405982
vn 0.10638481 -0.87904211 0.46472275
vn 0.00000000 0.00000000 0.00000000
vn 0.06136224 -0.51799676 0.85317878
vn 0.18682724 0.35046761 0.91775162
vn 0.13314647 0.97827147 0.15892434
vn 0.00967632 0.74511437 -0.66686651
vn -0.07907338 0.08595252 -0.99315636
vn -0.11872080 -0.68180145 -0.72183942
vn -0.04105730 -0.99191574 0.12007276
vn -0.00000000 -0.00000000 0.00000000
vn 0.11963221 0.27491673 0.95399629
vn 0.22993883 0.97308521 -0.01527412
vn 0.07097593 0.58940126 -0.80471646
vn -0.12805087 -0.06416676 -0.98968965
vn -0.29190402 -0.76570132 -0.57314356
vn -0.27833944 -0.95261428 0.12269144
vn -0.05342993 -0.58382199 0.81012167
vn 0.26841939 0.77208357 0.57605380
vn -0.21704726 0.80971751 0.54520459
vn 0.26588200 0.36597171 0.89183601
vn 0.40800636 0.88330765 -0.23086450
vn 0.09400083 0.42136643 -0.90200564
vn -0.22349732 -0.21017132 -0.95177569
vn -0.46079226 -0.79294814 -0.39862733
vn -0.40971292 -0.85604135 0.31516429
vn -0.08429916 -0.37564348 0.92292233
vn 0.44021259 0.80085443 0.40601115
vn -0.01471341 0.91939720 0.39305510
vn 0.48019644 0.45588007 0.74938957
vn 0.49388584 0.76169240 -0.41940607
vn 0.05005512 0.27666024 -0.95966327
vn -0.41198421 -0.30180400 -0.85975773
vn -0.63630750 -0.74005069 -0.21780208
vn -0.51328597 -0.67596703 0.52877792
vn -0.06025874 -0.21039861 0.97575679
vn 0.60982377 0.76137490 0.22005280
vn 0.21146245 0.91434226 0.34534310
vn 0.32143313 0.19552685 0.92652577
vn 0.73157097 0.67161773 -0.11719019
vn 0.38334684 0.42370878 -0.82068025
vn -0.22877067 -0.05222766 -0.97207832
vn -0.65787845 -0.50692638 -0.55697539
vn -0.73160458 -0.63836745 0.23925245
vn -0.32747426 -0.42992498 0.84138286
vn 0.67727517 0.52076518 0.51971335
vn 0.24454247 0.82049165 0.51671311
vn 0.87946689 -0.18210158 0.43974652
vn 0.89631416 0.44092295 -0.04698797
vn 0.49634957 0.36317746 -0.78850443
vn -0.16947822 0.03292423 -0.98498382
vn -0.72021696 -0.32357759 -0.61366528
vn -0.84744899 -0.50920225 0.15014421
vn -0.46456196 -0.37319557 0.80306118
vn 0.29458949 -0.00207808 0.95562164
vn 0.74027947 0.30299027 0.60015264
vn 0.89640947 -0.26499567 0.35528491
vn 0.92846671 0.27819327 -0.24608551
vn 0.41306340 0.23158117 -0.88076602
vn -0.37155675 0.00804967 -0.92837535
vn -0.86279928 -0.20993001 -0.45989868
vn -0.86504257 -0.32125435 0.38535307
vn -0.37453632 -0.23593884 0.89669137
vn 0.47616338 0.02845666 0.87889627
vn 0.87928800 0.19812539 0.43312693
vn 0.89466771 -0.40171212 0.19544067
vn 0.91288636 0.10536230 -0.39438214
vn 0.25200506 0.16475709 -0.95359769
vn -0.53117166 0.06502467 -0.84476533
vn -0.97107036 -0.03096198 -0.23677776
vn -0.82420044 -0.13780021 0.54927655
vn -0.20474138 -0.11321038 0.97224708
vn 0.64199211 -0.04118610 0.76560423
vn 0.96728521 0.04791339 0.24912571
vn 0.99327186 -0.08747458 -0.07588946
vn 0.55941260 0.02180436 -0.82860250
vn -0.19336408 0.10982558 -0.97496086
vn -0.81846710 0.12725065 -0.56028464
vn -0.97445015 0.01990284 0.22372033
vn -0.54149819 -0.06992935 0.83778852
vn 0.31230386 -0.18530365 0.93173433
vn 0.75353674 -0.55906198 0.34587871
vn 0.82309204 -0.15978522 0.54496622
vn 0.91979470 -0.27848897 -0.27644456
vn 0.41088771 0.01629626 -0.91154030
vn -0.35147033 0.23947611 -0.90505237
vn -0.87693909 0.32677935 -0.35241041
vn -0.87517337 0.21398812 0.43391318
vn -0.34821666 -0.01753131 0.93725013
vn 0.45612476 -0.28503566 0.84303314
vn 0.62612777 -0.71881066 0.30211793
vn 0.86871131 -0.32782189 0.37131318
vn 0.61167691 -0.23287131 -0.75605708
vn -0.00396976 0.12568893 -0.99206176
vn -0.68258307 0.44296407 -0.58126001
vn -0.83891435 0.42919748 0.33468230
vn -0.37279999 0.05831047 0.92607778
vn 0.45559986 -0.34657030 0.81994988
vn 0.89110618 -0.45357209 0.01421770
vn -0.00000000 -0.00000000 -0.00000000
vn 0.76497404 -0.59957228 -0.23521861
vn 0.32660777 -0.13183433 -0.93592044
vn -0.38612074 0.43416670 -0.81388577
vn -0.76616889 0.64247385 0.01458008
vn -0.59268579 0.26367183 0.76105238
vn -0.34492155 -0.55382161 0.75783293
vn 0.46142362 -0.50551076 0.72907278
vn -0.06320121 -0.09230688 0.99372282
vn 0.45452795 -0.42740863 -0.78148974
vn -0.09768302 0.27505101 -0.95645437
vn -0.58399207 0.76814601 -0.26249757
vn -0.46890603 0.44694225 0.76182003
vn 0.18393757 -0.36634865 0.91211602
vn 0.61056691 -0.78831957 0.07589666
vn 0.00000000 0.00000000 0.00000000
vn 0.31098408 -0.34739691 -0.88464925
vn -0.11014767 0.46870785 -0.87645904
vn -0.43994150 0.89673891 -0.04807091
vn -0.31757047 0.37366966 0.87150444
vn 0.18523669 -0.55721680 0.80944228
vn 0.47911899 -0.87009132 -0.11569825
vn -0.00000000 -0.00000000 -0.00000000
vn 0.28516650 -0.65718591 -0.69770104
vn 0.09386811 0.11268652 -0.98918680
vn -0.14756285 0.75454675 -0.63944070
vn -0.32908273 0.91852321 0.21913389
vn -0.19850763 0.30260171 0.93221614
vn 0.09651453 -0.55792510 0.82425999
vn 0.26674336 -0.95319265 0.14237892
vn -0.00000000 -0.00000000 -0.00000000
vn 0.10876683 -0.24826103 -0.96256752
vn 0.02092130 0.51723990 -0.85558471
vn -0.04292614 0.97561416 -0.21525419
vn -0.10167900 0.23222508 0.96733288
vn -0.04379366 -0.55293321 0.83207390
vn 0.07241453 -0.97248377 0.22143045
vn 0.13070664 -0.84411514 -0.51998596
vn 0.16503279 -0.82566512 -0.53948243
vn 0.58436762 0.67567960 0.44941246
vn 0.13416772 -0.08129018 -0.98761882
vn 0.16901759 0.67272025 -0.72033362
vn 0.08796002 0.99413920 0.06285124
vn -0.07920459 0.04370053 0.99590004
vn -0.13177116 -0.69027737 0.71144467
vn -0.07359957 -0.99623627 0.04578638
vn 0.01721571 -0.74226890 -0.66988096
vn 0.02599901 -0.72084072 -0.69261296
vn 0.67820098 0.53325152 0.50565428
vn -0.03314245 -0.38550140 -0.92211184
vn 0.19336566 0.35609789 -0.91422317
vn 0.33503519 0.87750487 -0.34312771
vn 0.00809580 0.39147621 0.92015262
vn -0.25397725 -0.38725518 0.88630073
vn -0.31859657 -0.88395151 0.34223671
vn -0.24512070 -0.87668668 -0.41392790
vn -0.19373700 -0.88313991 -0.42723515
vn 0.82472978 0.42902135 0.36845824
vn 0.03015973 -0.23833160 -0.97071543
vn 0.37726852 0.46088794 -0.80327503
vn 0.47594087 0.87649533 -0.07236174
vn 0.00486287 0.18008036 0.98363988
vn -0.34771075 -0.49893652 0.79382592
vn -0.45781571 -0.87268364 0.16978823
vn -0.31925295 -0.75629155 -0.57105223
vn -0.30041359 -0.74552884 -0.59492724
vn 0.86704472 0.26144056 0.42412533
vn 0.24328443 0.15576350 -0.95736640
vn 0.61997211 0.63291575 -0.46373725
vn 0.23788952 0.44309127 0.86433715
vn -0.31207582 -0.16535021 0.93555758
vn -0.61228261 -0.64480145 0.45753808
vn -0.60300824 -0.74028067 -0.29726348
vn -0.25489848 -0.42853421 -0.86682478
vn -0.55824846 -0.77047834 -0.30776905
vn 0.95417111 0.09036596 0.28529195
vn 0.43657836 0.20666306 -0.87560820
vn 0.79954552 0.54536802 -0.25159628
vn 0.15897969 0.25040958 0.95499764
vn -0.44149846 -0.24745491 0.86246460
vn -0.75353091 -0.58981891 0.29035292
vn -0.65241606 -0.60091602 -0.46179350
vn -0.16895693 -0.29282185 -0.94112110
vn -0.62515093 -0.60974539 -0.48723390
vn 0.91754223 -0.14820033 0.36898905
vn 0.38044000 0.10236212 -0.91912317
vn 0.83317814 0.43049981 -0.34710820
vn 0.18708678 0.96025421 0.20714820
vn 0.24500771 0.29861832 0.92238729
vn -0.43548227 -0.10060842 0.89455751
vn -0.85976096 -0.39389609 0.32504918
vn -0.78735292 -0.46772107 -0.40163713
vn -0.27344501 -0.25964434 -0.92618175
vn -0.80063351 -0.44605329 -0.40002805
vn 0.57649947 0.03768133 -0.81622820
vn 0.94988543 0.29427965 -0.10543796
vn 0.37169272 0.87317683 0.31528836
vn 0.12746653 0.16476658 0.97806148
vn -0.59139710 -0.10124415 0.79999943
vn -0.95001029 -0.27287340 0.15172525
vn -0.76346026 -0.32581737 -0.55764816
vn -0.12102782 -0.17926692 -0.97632763
vn -0.77412115 -0.27389321 -0.57071793
vn 0.88238446 0.07830575 -0.46396753
vn 0.59789609 0.77795668 0.19314159
vn 0.50479586 0.13672977 0.85234154
vn -0.31710486 0.10268634 0.94281495
vn -0.89880531 -0.00128869 0.43834616
vn -0.95172131 -0.11116148 -0.28612878
vn -0.46823202 -0.12508475 -0.87470714
vn 0.26760128 -0.05945174 -0.96169384
vn -0.95566519 -0.09362682 -0.27917389
vn 0.97171137 -0.08302609 -0.22109654
vn 0.71551192 0.65794782 0.23483475
vn 0.32275564 0.11895971 0.93897678
vn -0.47708646 0.14436254 0.86691866
vn -0.95552584 0.14855560 0.25475793
vn -0.89678277 0.03681902 -0.44093652
vn -0.28931740 -0.08949604 -0.95304035
vn 0.41587503 -0.14085463 -0.89844751
vn -0.88500174 0.06555290 -0.46094983
vn 0.94387325 -0.32528869 0.05736347
vn 0.41734793 -0.07708693 0.90547132
vn -0.39277598 0.24240529 0.88711144
vn -0.91106855 0.33257077 0.24362015
vn -0.79357550 0.19749011 -0.57553070
vn -0.10473771 -0.08903829 -0.99050603
vn 0.54190972 -0.20549652 -0.81492640
vn 0.00000000 0.00000000 0.00000000
vn 0.78512852 -0.25789443 0.56308407
vn 0.47353504 0.57668821 0.66572913
vn -0.38736248 0.41060966 0.82543929
vn -0.88334476 0.46442806 0.06331359
vn -0.64748173 0.27129710 -0.71215539
vn 0.07596010 -0.18717572 -0.97938517
vn 0.77231828 -0.40671686 -0.48796094
vn -0.20236912 -0.00908321 -0.97926719
vn 0.52790531 -0.33401758 0.78086378
vn -0.31498252 0.41637345 0.85288872
vn -0.77315793 0.62714406 -0.09443060
vn -0.47304428 0.28819386 -0.83257036
vn 0.18969593 -0.31730109 -0.92915848
vn 0.72909032 -0.62921290 -0.26929246
vn 0.00000000 0.00000000 0.00000000
vn 0.35411049 -0.29273788 0.88820622
vn -0.35721352 0.58091525 0.73139317
vn -0.63788705 0.72154297 -0.26921340
vn -0.28824319 0.23486249 -0.92830786
vn 0.25742968 -0.45523961 -0.85234198
vn 0.63156547 -0.77205864 -0.07106690
vn 0.00000000 -0.00000000 -0.00000000
vn 0.19256400 -0.17786953 0.96502929
vn -0.31346731 0.74447797 0.58948350
vn -0.46822971 0.76280502 -0.44597022
vn -0.18182925 0.10508026 -0.97769947
vn 0.21226197 -0.65161669 -0.72824484
vn 0.47499100 -0.87142635 0.12247314
vn 0.00000000 0.00000000 -0.00000000
vn 0.09893554 -0.28538039 0.95329418
vn -0.30964629 0.86293907 0.39931859
vn -0.33684028 0.70968106 -0.61878221
vn -0.09122344 -0.03198451 -0.99531667
vn 0.15984084 -0.80735907 -0.56799845
vn 0.31682302 -0.90589586 0.28102646
vn -0.01715562 0.39136672 0.92007487
vn -0.55599163 0.11706388 0.82290301
vn 0.10566033 -0.11377435 0.98787210
vn 0.02496007 0.78624870 0.61740585
vn -0.13288782 0.95570626 -0.26261450
vn -0.17941172 0.44796110 -0.87586659
vn -0.12848227 -0.27318142 -0.95334370
vn 0.01707253 -0.91203073 -0.40976636
vn 0.08446402 -0.86855071 0.48834977
vn -0.00000000 0.00000000 -0.00000000
vn 0.05216555 -0.49688131 0.86624923
vn 0.19733826 0.36958651 0.90799968
vn 0.15642761 0.97856461 0.13394662
vn 0.02485146 0.72753285 -0.68562260
vn -0.07980536 0.06223824 -0.99486557
vn -0.13600502 -0.69776006 -0.70330188
vn -0.06394076 -0.98710297 0.14676273
vn 0.00000000 -0.00000000 -0.00000000
vn 0.13396756 0.29659546 0.94556006
vn 0.25239602 0.96678620 -0.04025778
vn 0.07785972 0.56772760 -0.81952623
vn -0.13726640 -0.08562925 -0.98682601
vn -0.31361946 -0.77324810 -0.55111724
vn -0.29903150 -0.94248543 0.14933645
vn -0.06067340 -0.56153770 0.82522370
vn 0.29047944 0.77980591 0.55454886
vn -0.19144382 0.82858399 0.52611580
vn 0.28571120 0.38030033 0.87962536
vn 0.42571589 0.86810997 -0.25524705
vn 0.09201120 0.39865729 -0.91247263
vn -0.24042726 -0.22645318 -0.94388224
vn -0.48367736 -0.79136004 -0.37390574
vn -0.42483406 -0.83878888 0.34051321
vn -0.08151818 -0.35227568 0.93233933
vn 0.46354879 0.79950810 0.38198079
vn 0.01334902 0.92837954 0.37139365
vn 0.50293065 0.45930750 0.73218671
vn 0.50443328 0.74165991 -0.44213983
vn 0.03983771 0.25631523 -0.96577195
vn -0.43380832 -0.30922383 -0.84628067
vn -0.65662174 -0.72947932 -0.19159285
vn -0.51915012 -0.65325105 0.55113177
vn -0.04892529 -0.18943963 0.98067270
vn 0.63083177 0.75116350 0.19443424
vn 0.23990730 0.91533844 0.32341927
vn 0.34530219 0.20326025 0.91621595
vn 0.74455674 0.65232178 -0.14181520
vn 0.37622466 0.40149557 -0.83501875
vn -0.25016929 -0.06252178 -0.96618133
vn -0.68055132 -0.50093360 -0.53471061
vn -0.74073751 -0.61732786 0.26497971
vn -0.32004552 -0.40788048 0.85510490
vn 0.69944195 0.51335757 0.49723734
vn 0.27619888 0.82206691 0.49791583
vn 0.88513420 -0.19523268 0.42239987
vn 0.90506650 0.41917247 -0.07175697
vn 0.48673406 0.34169815 -0.80394796
vn -0.19133404 0.02509007 -0.98120425
vn -0.74195855 -0.31354012 -0.59261294
vn -0.85510491 -0.48744831 0.17660614
vn -0.45366358 -0.35279792 0.81836605
vn 0.31693335 0.00295244 0.94844322
vn 0.76105497 0.29229742 0.57910065
vn 0.89910219 -0.28179435 0.33497343
vn 0.92842836 0.25476443 -0.27039945
vn 0.39648663 0.21523764 -0.89245230
vn -0.39464976 0.00973904 -0.91878002
vn -0.87903604 -0.19272326 -0.43606581
vn -0.86215835 -0.29781965 0.40986149
vn -0.35688290 -0.22094860 0.90764327
vn 0.49862335 0.02349446 0.86650029
vn 0.89435887 0.18027193 0.40941940
vn 0.89026637 -0.42129827 0.17301318
vn 0.90472443 0.08320977 -0.41779163
vn 0.23094724 0.15682685 -0.96024409
vn -0.55167990 0.07510041 -0.83066794
vn -0.97752870 -0.00876038 -0.21062026
vn -0.81245846 -0.11684653 0.57119010
vn -0.18191145 -0.10672669 0.97750583
vn 0.66035679 -0.05468708 0.74895810
vn 0.97432251 0.02564202 0.22369205
vn 0.98878925 -0.11022758 -0.10072590
vn 0.53842689 0.01079074 -0.84260314
vn -0.21602244 0.11688713 -0.96936665
vn -0.82965710 0.14849529 -0.53816192
vn -0.96739170 0.04192213 0.24979157
vn -0.52073111 -0.06039341 0.85158191
vn 0.33230300 -0.19512875 0.92276730
vn 0.74999785 -0.57606357 0.32504458
vn 0.83296268 -0.18096623 0.52289998
vn 0.90606276 -0.29764988 -0.30075707
vn 0.38851962 0.01399898 -0.92133411
vn -0.36861380 0.25462206 -0.89403102
vn -0.87776674 0.35000116 -0.32714637
vn -0.85855512 0.23107232 0.45769933
vn -0.32530911 -0.01714362 0.94545231
vn 0.46989722 -0.30250547 0.82926898
vn 0.61749690 -0.73468046 0.28096652
vn 0.86967972 -0.35116232 0.34690375
vn 0.58886423 -0.23764948 -0.77250349
vn -0.02381802 0.13827311 -0.99010770
vn -0.68521832 0.46661558 -0.55923677
vn -0.82083244 0.44364918 0.35973533
vn -0.34957806 0.05522492 0.93527824
vn 0.46518984 -0.36774533 0.80520916
vn 0.88039806 -0.47410751 -0.01101432
vn 0.00000000 0.00000000 0.00000000
vn 0.74609110 -0.61314375 -0.25962051
vn 0.30478034 -0.12356188 -0.94437355
vn -0.39192019 0.45735281 -0.79826498
vn -0.75068434 0.65937508 0.04120104
vn -0.57017424 0.26353834 0.77810595
vn -0.33969954 -0.55650684 0.75822448
vn 0.46258222 -0.52788468 0.71228888
vn -0.04614570 -0.10817094 0.99306073
vn 0.44163104 -0.41152993 -0.79724848
vn -0.10417895 0.30141792 -0.94778372
vn -0.56293196 0.79485698 -0.22651708
vn -0.46316954 0.40246698 0.78961656
vn 0.18473701 -0.38097461 0.90594182
vn 0.60080638 -0.79782518 0.05006670
vn -0.00000000 -0.00000000 -0.00000000
vn 0.39831665 -0.70710209 -0.58425207
vn 0.08534133 0.00170620 -0.99635031
vn -0.30978680 0.78198553 -0.54086114
vn -0.39156903 0.78231156 0.48441956
vn 0.10934311 -0.38713412 0.91551693
vn 0.39574922 -0.87073081 0.29190821
vn 0.24129340 -0.22547454 -0.94389551
vn 0.39653124 0.49614229 0.77240262
vn 0.28562059 -0.63019216 -0.72199634
vn 0.12935562 0.14214422 -0.98135730
vn -0.11003169 0.75803100 -0.64287015
vn -0.31020514 0.92107660 0.23535223
vn -0.21527259 0.27995482 0.93556561
vn 0.06696950 -0.59057453 0.80419948
vn 0.24513540 -0.96366349 0.10611933
vn -0.00000000 -0.00000000 -0.00000000
vn 0.13367308 -0.20843585 -0.96885809
vn 0.04628420 0.53088580 -0.84617849
vn -0.07257169 0.99249535 -0.09841915
vn -0.06081877 0.18635729 0.98059780
vn -0.03699544 -0.55490890 0.83108811
vn 0.07224196 -0.98015427 0.18460419
vn 0.12240546 -0.84436709 -0.52159479
vn 0.14425556 -0.81497351 -0.56125619
vn 0.59673461 0.69723722 0.39720028
vn 0.00821134 -0.53308614 -0.84602112
vn 0.11883367 0.22163687 -0.96786138
vn 0.18510291 0.84559869 -0.50069928
vn -0.02894539 0.53688112 0.84316121
vn -0.17144604 -0.26750160 0.94818202
vn -0.17384066 -0.85233731 0.49325505
vn -0.11892757 -0.95862646 -0.25863399
vn -0.06435868 -0.96124194 -0.26808936
vn 0.76246583 0.59328459 0.25818453
vn -0.02191591 -0.38587698 -0.92228989
vn 0.24777129 0.38725973 -0.88805365
vn 0.36623427 0.86830015 -0.33455538
vn 0.00907042 0.36445244 0.93117783
vn -0.24440707 -0.42491589 0.87161440
vn -0.32798246 -0.88076220 0.34159251
vn -0.23849227 -0.86117075 -0.44889461
vn -0.21098256 -0.86738102 -0.45070669
vn 0.83070602 0.40199659 0.38513148
vn 0.03718053 -0.21692162 -0.97548071
vn 0.39789927 0.47065070 -0.78750497
vn 0.49701879 0.86657716 -0.04490362
vn -0.00355776 0.15815568 0.98740778
vn -0.36964472 -0.50793801 0.77804997
vn -0.47987865 -0.86531711 0.14471622
vn -0.32899627 -0.73577646 -0.59194126
vn -0.31029007 -0.72435190 -0.61565770
vn 0.86663764 0.23339496 0.44098298
vn 0.26288226 0.16918555 -0.94987850
vn 0.64291810 0.62701431 -0.43989700
vn 0.23293150 0.42041873 0.87692132
vn -0.33173719 -0.17626693 0.92675801
vn -0.63445540 -0.63921067 0.43459873
vn -0.61478661 -0.72022770 -0.32141793
vn -0.25044802 -0.40526649 -0.87922401
vn -0.57076591 -0.75075443 -0.33255686
vn 0.95107184 0.06363126 0.30234653
vn 0.45935222 0.21092331 -0.86284813
vn 0.81730765 0.53042305 -0.22507684
vn 0.14531314 0.23169921 0.96187295
vn -0.46486479 -0.25018035 0.84930002
vn -0.77257953 -0.57653487 0.26594815
vn -0.65646784 -0.57838151 -0.48427762
vn -0.15622199 -0.27367046 -0.94905172
vn -0.62913068 -0.58672299 -0.50985363
vn 0.90640526 -0.17372143 0.38503294
vn 0.40416158 0.10382948 -0.90877547
vn 0.85075972 0.41561073 -0.32167626
vn 0.20634222 0.95274418 0.22293813
vn 0.23049100 0.28210305 0.93128501
vn -0.45832153 -0.10118465 0.88300795
vn -0.87591520 -0.37721195 0.30080510
vn -0.78881680 -0.44420693 -0.42479202
vn -0.25788980 -0.24273484 -0.93518589
vn -0.80105393 -0.42268712 -0.42384927
vn 0.59810437 0.02952697 -0.80087410
vn 0.95871239 0.27342360 -0.07816710
vn 0.38610364 0.86090192 0.33131837
vn 0.10768705 0.15548477 0.98195111
vn -0.61314534 -0.09299709 0.78447711
vn -0.95960129 -0.25131240 0.12652050
vn -0.75684686 -0.30401111 -0.57858454
vn -0.10020417 -0.16996457 -0.98034237
vn -0.76553386 -0.25215318 -0.59192625
vn 0.89604722 0.05926126 -0.43998578
vn 0.61203301 0.76239005 0.21018326
vn 0.48524693 0.12349939 0.86561153
vn -0.33920940 0.10794912 0.93449664
vn -0.90946167 0.01902773 0.41535216
vn -0.94651164 -0.08804037 -0.31042650
vn -0.44838225 -0.11280683 -0.88669498
vn 0.29099616 -0.06428751 -0.95456186
vn -0.94995925 -0.07096956 -0.30420510
vn 0.97520287 -0.10567700 -0.19445240
vn 0.72584343 0.64027279 0.25140021
vn 0.30196130 0.11454547 0.94641360
vn -0.49550752 0.15803547 0.85410602
vn -0.95786597 0.17187931 0.23010930
vn -0.88417932 0.05656217 -0.46371075
vn -0.26666452 -0.08631784 -0.95991628
vn 0.43559278 -0.15382169 -0.88690350
vn -0.87101634 0.08428263 -0.48397001
vn 0.93424543 -0.34653211 0.08426722
vn 0.39284798 -0.07876321 0.91622422
vn -0.40870033 0.25894156 0.87516473
vn -0.90873876 0.35530722 0.21897637
vn -0.77445410 0.21165026 -0.59617532
vn -0.08228658 -0.09505990 -0.99206478
vn 0.55689583 -0.22432465 -0.79971588
vn 0.00000000 0.00000000 -0.00000000
vn 0.76528492 -0.26790393 0.58529178
vn 0.47079578 0.57163462 0.67200089
vn -0.39461058 0.42993628 0.81205744
vn -0.87346164 0.48541269 0.03793778
vn -0.62477713 0.27750570 -0.72982473
vn 0.09390319 -0.20180926 -0.97491293
vn 0.77390792 -0.43036399 -0.46460022
vn -0.18074575 -0.01775032 -0.98336967
vn 0.50394840 -0.33253010 0.79715729
vn -0.32174884 0.43767453 0.83959436
vn -0.75613479 0.64339308 -0.11960571
vn -0.44973961 0.28521490 -0.84639633
vn 0.20079652 -0.33769128 -0.91958977
vn 0.71957747 -0.65037051 -0.24336487
vn 0.00000000 0.00000000 -0.00000000
vn 0.33266075 -0.28218368 0.89983843
vn -0.35514904 0.60349790 0.71390437
vn -0.61633220 0.73075633 -0.29347880
vn -0.26766263 0.22247241 -0.93747680
vn 0.26075106 -0.47886723 -0.83826909
vn 0.61439658 -0.78775926 -0.04418363
vn 0.00000000 0.00000000 -0.00000000
vn 0.17736645 -0.15948071 0.97113698
vn -0.30288108 0.76465480 0.56882870
vn -0.44485507 0.76331011 -0.46846733
vn -0.16812088 0.08657533 -0.98195727
vn 0.20571352 -0.67335295 -0.71012517
vn 0.45283876 -0.87900492 0.14928969
vn 0.00000000 0.00000000 -0.00000000
vn 0.08567275 -0.26183267 0.96130319
vn -0.29203681 0.87912475 0.37663535
vn -0.31601749 0.70186690 -0.63836965
vn -0.08540623 -0.05489288 -0.99483292
vn 0.14534976 -0.82519487 -0.54582678
vn 0.29330217 -0.90544112 0.30683906
vn -0.01470659 0.41456792 0.90989953
vn -0.55586147 0.15311817 0.81705131
vn 0.10190514 -0.09035337 0.99068240
vn 0.04205200 0.80091734 0.59729645
vn -0.10996947 0.95161756 -0.28693332
vn -0.16806327 0.42875896 -0.88764886
vn -0.13346896 -0.29524300 -0.94605370
vn -0.00289640 -0.92284364 -0.38516389
vn 0.06308372 -0.85690071 0.51160690
vn -0.00000000 -0.00000000 0.00000000
vn 0.04407782 -0.47531816 0.87870916
vn 0.20888207 0.38810469 0.89763190
vn 0.17974161 0.97766966 0.10888065
vn 0.03909663 0.70918532 -0.70393724
vn -0.08179137 0.03858474 -0.99590230
vn -0.15407909 -0.71278049 -0.68425405
vn -0.08653558 -0.98105314 0.17333878
vn 0.00000000 -0.00000000 -0.00000000
vn 0.14934627 0.31745374 0.93643943
vn 0.27448823 0.95937546 -0.06522984
vn 0.08358795 0.54571821 -0.83378935
vn -0.14762622 -0.10658279 -0.98328358
vn -0.33570050 -0.77961346 -0.52868518
vn -0.31913471 -0.93125062 0.17585595
vn -0.06672636 -0.53890662 0.83971855
vn 0.31291637 0.78635931 0.53265597
vn -0.16529846 0.84617054 0.50662792
vn 0.30282796 0.41772518 0.85662180
vn 0.43151973 0.85336468 -0.29250546
vn 0.09669670 0.39566879 -0.91328854
vn -0.29149451 -0.25519204 -0.92190454
vn -0.51095399 -0.77977003 -0.36177993
vn -0.43969988 -0.80251066 0.40328730
vn -0.09678774 -0.33927606 0.93569433
vn 0.48677368 0.79693949 0.35768538
vn -0.00750147 0.92503536 0.37980695
vn 0.43272356 0.21482293 0.87555778
vn 0.92768218 0.20549079 0.31173595
vn 0.69795061 0.69460661 -0.17431755
vn 0.21716411 0.40002034 -0.89040636
vn -0.27728977 -0.14571903 -0.94967170
vn -0.64962785 -0.63301615 -0.42103943
vn -0.59350168 -0.74041003 0.31551345
vn -0.18813862 -0.36672646 0.91110678
vn 0.64942406 0.61531309 0.44680890
vn 0.35864153 0.24642186 0.90036244
vn 0.73395047 0.66334790 -0.14589815
vn 0.36073867 0.39015061 -0.84714232
vn -0.27778278 -0.06655433 -0.95833566
vn -0.71401961 -0.47385602 -0.51539933
vn -0.75161805 -0.59064758 0.29360813
vn -0.32657784 -0.37755266 0.86648768
vn 0.72118963 0.50478913 0.47441906
vn 0.30759058 0.82230627 0.47874882
vn 0.89026769 -0.20903666 0.40463207
vn 0.91273438 0.39699052 -0.09651154
vn 0.47600754 0.32075775 -0.81885975
vn -0.21357348 0.01839269 -0.97675385
vn -0.76313155 -0.30238659 -0.57113273
vn -0.86157324 -0.46530209 0.20294213
vn -0.44170982 -0.33299523 0.83307059
vn 0.33948010 0.00675024 0.94058901
vn 0.78123699 0.28052085 0.55765296
vn 0.90096314 -0.29911560 0.31431717
vn 0.93660041 0.23244806 -0.26219760
vn 0.35798388 0.22769165 -0.90554075
vn -0.41094018 0.02954406 -0.91118347
vn -0.91486531 -0.14457712 -0.37698663
vn -0.86811000 -0.26146652 0.42192450
vn -0.32243411 -0.16896529 0.93138981
vn 0.52990025 0.01404073 0.84794374
vn 0.90846657 0.16165087 0.38543157
vn 0.99735937 0.03977859 0.06076137
vn 0.66264233 0.10080155 -0.74212142
vn -0.06461433 0.09211395 -0.99364984
vn -0.73821883 0.02254790 -0.67418436
vn -0.99134447 -0.10566256 0.07792023
vn -0.64469941 -0.14064525 0.75138645
vn 0.19436813 -0.15158532 0.96914546
vn 0.75615797 -0.47110689 0.45418436
vn 0.75007818 -0.05456572 0.65909431
vn 0.97136962 -0.16115669 -0.17455537
vn 0.53706949 0.01782851 -0.84334957
vn -0.25839254 0.16066311 -0.95258630
vn -0.82938241 0.18439163 -0.52737515
vn -0.94518212 0.09549693 0.31226767
vn -0.50715863 -0.03581093 0.86110841
vn 0.37255480 -0.17360671 0.91162691
vn 0.65605942 -0.63205179 0.41242765
vn 0.84170280 -0.20263517 0.50047516
vn 0.89135869 -0.31608221 -0.32491803
vn 0.36606024 0.01291230 -0.93050157
vn -0.38494480 0.27064482 -0.88236550
vn -0.87734067 0.37321652 -0.30163353
vn -0.84105087 0.24727226 0.48113394
vn -0.30241958 -0.01795091 0.95300586
vn 0.48269894 -0.32071053 0.81495183
vn 0.60785715 -0.75044064 0.25951594
vn 0.86941706 -0.37451866 0.32225726
vn 0.56584104 -0.24122257 -0.78843870
vn -0.04298763 0.15185212 -0.98746797
vn -0.68658846 0.49035639 -0.53679316
vn -0.80198476 0.45711467 0.38453430
vn -0.32655442 0.05091460 0.94380608
vn 0.47365373 -0.38940289 0.78994780
vn 0.86868055 -0.49404599 -0.03623057
vn 0.00000000 0.00000000 -0.00000000
vn 0.72656207 -0.62572441 -0.28386004
vn 0.28339707 -0.11416562 -0.95218292
vn -0.39648710 0.48080998 -0.78206121
vn -0.73432497 0.67540500 0.06778579
vn -0.54769923 0.26216871 0.79453957
vn -0.33477218 -0.55983527 0.75796574
vn 0.46258982 -0.55033756 0.69508218
vn -0.02995094 -0.12491276 0.99171556
vn 0.41974317 -0.40492033 -0.81231472
vn -0.11174775 0.32391013 -0.93946510
vn -0.54762515 0.81239872 -0.20028732
vn -0.44128529 0.39599914 0.80526516
vn 0.18956014 -0.40400281 0.89490149
vn 0.58257956 -0.81239471 0.02481723
vn 0.00000000 0.00000000 0.00000000
vn 0.37552266 -0.70239896 -0.60466390
vn 0.07410865 0.02288775 -0.99698749
vn -0.29729960 0.80196653 -0.51813380
vn -0.38393606 0.76420454 0.51825141
vn 0.11047504 -0.41008734 0.90533068
vn 0.37823024 -0.88624973 0.26740099
vn 0.22479477 -0.20900988 -0.95172590
vn 0.40179122 0.47908215 0.78041278
vn 0.26667661 -0.61822440 -0.73937959
vn 0.12663235 0.16411547 -0.97827929
vn -0.09672612 0.77639247 -0.62278310
vn -0.28142264 0.91437427 0.29106870
vn -0.14987822 0.15550285 0.97639919
vn 0.07399371 -0.63233098 0.77115657
vn 0.22297961 -0.97145799 0.08092878
vn -0.00000000 -0.00000000 -0.00000000
vn 0.12765383 -0.18626053 -0.97417222
vn 0.05695315 0.55175615 -0.83205858
vn -0.04949392 0.99623704 -0.07114858
vn -0.06768991 0.17580124 0.98209572
vn -0.05861370 -0.58224277 0.81089937
vn 0.04965529 -0.98591885 0.15968210
vn 0.10234227 -0.83332257 -0.54323067
vn 0.12406985 -0.80320535 -0.58263868
vn 0.61177972 0.67389339 0.41423820
vn -0.00140251 -0.51142897 -0.85932441
vn 0.12733297 0.24380913 -0.96142780
vn 0.20730500 0.85384136 -0.47747207
vn -0.02015107 0.51539699 0.85671458
vn -0.18132603 -0.28770591 0.94039682
vn -0.19519487 -0.86038216 0.47078817
vn -0.14001895 -0.94882026 -0.28308091
vn -0.08589078 -0.95218070 -0.29321440
vn 0.77451655 0.56949280 0.27532173
vn -0.02312124 -0.36264423 -0.93164079
vn 0.26429359 0.40348988 -0.87598220
vn 0.38979733 0.86757256 -0.30882990
vn 0.00916607 0.34135450 0.93988994
vn -0.26222159 -0.43991310 0.85890413
vn -0.35103201 -0.88088644 0.31751472
vn -0.25414910 -0.84442424 -0.47154632
vn -0.22737174 -0.85073433 -0.47387044
vn 0.83564490 0.37460460 0.40170760
vn 0.04535285 -0.19590835 -0.97957288
vn 0.41900523 0.47931848 -0.77116043
vn 0.51749832 0.85550720 -0.01740456
vn -0.01307277 0.13670684 0.99052529
vn -0.39202931 -0.51579185 0.76175572
vn -0.50153723 -0.85683542 0.11955528
vn -0.33762583 -0.71479001 -0.61244106
vn -0.31903473 -0.70268567 -0.63596359
vn 0.86509588 0.20521876 0.45770555
vn 0.28314021 0.18159559 -0.94172961
vn 0.66552696 0.61989929 -0.41569068
vn 0.22683333 0.39804284 0.88888050
vn -0.35196058 -0.18610663 0.91732659
vn -0.65633141 -0.63245011 0.41138296
vn -0.62552170 -0.69959978 -0.34537336
vn -0.24478070 -0.38226027 -0.89104405
vn -0.58222921 -0.73039999 -0.35710643
vn 0.94692440 0.03688310 0.31933340
vn 0.48230670 0.21398283 -0.84946548
vn 0.83422877 0.51450702 -0.19835547
vn 0.13073291 0.21373016 0.96810553
vn -0.48834256 -0.25167428 0.83557262
vn -0.79093139 -0.56228752 0.24137167
vn -0.65932839 -0.55568753 -0.50645576
vn -0.14246394 -0.25522237 -0.95632921
vn -0.63188481 -0.56351865 -0.53213562
vn 0.89421564 -0.19894566 0.40099751
vn 0.42794298 0.10404141 -0.89779741
vn 0.86748914 0.39982509 -0.29597719
vn 0.22505144 0.94467135 0.23863759
vn 0.21515276 0.26642742 0.93953484
vn -0.48113745 -0.10055275 0.87085929
vn -0.89119261 -0.35970793 0.27638006
vn -0.78907721 -0.42064638 -0.44767598
vn -0.24147437 -0.22665401 -0.94356668
vn -0.80025157 -0.39932554 -0.44736623
vn 0.61925790 0.02022114 -0.78492723
vn 0.96636346 0.25211097 -0.05081070
vn 0.39977939 0.84830540 0.34720943
vn 0.08748382 0.14730832 0.98521411
vn -0.63443247 -0.08363691 0.76844018
vn -0.96807543 -0.22930949 0.10122801
vn -0.74910834 -0.28260084 -0.59914393
vn -0.07891600 -0.16176194 -0.98366932
vn -0.75581429 -0.23089615 -0.61272484
vn 0.90867051 0.03955705 -0.41563584
vn 0.62540076 0.74651300 0.22713922
vn 0.46505945 0.11132337 0.87825213
vn -0.36099725 0.11436573 0.92552767
vn -0.91906134 0.03988920 0.39209067
vn -0.94012861 -0.06520477 -0.33452435
vn -0.42792859 -0.10156298 -0.89808801
vn 0.31411140 -0.07035162 -0.94677594
vn -0.94306607 -0.04864056 -0.32902960
vn 0.97744547 -0.12845421 -0.16763016
vn 0.73536313 0.62248570 0.26786678
vn 0.28102744 0.11129201 0.95322488
vn -0.51319418 0.17264906 0.84072828
vn -0.95901509 0.19529434 0.20530509
vn -0.87057681 0.07562469 -0.48618610
vn -0.24386619 -0.08432645 -0.96613577
vn 0.45461609 -0.16781892 -0.87473483
vn -0.85606722 0.10224953 -0.50664973
vn 0.92345041 -0.36728105 0.11110338
vn 0.36828379 -0.07921879 0.92633225
vn -0.42371664 0.27630235 0.86262461
vn -0.90524149 0.37792363 0.19419470
vn -0.75462944 0.22480014 -0.61644084
vn -0.06015755 -0.10223534 -0.99293958
vn 0.57089388 -0.24390652 -0.78395777
vn 0.00000000 0.00000000 -0.00000000
vn 0.74490593 -0.27678806 0.60704491
vn 0.46788261 0.56717645 0.67778813
vn -0.40083736 0.44969160 0.79818975
vn -0.86251653 0.50587346 0.01254123
vn -0.60178649 0.28251780 -0.74701855
vn 0.11106981 -0.21736322 -0.96975086
vn 0.77424927 -0.45403055 -0.44090172
vn -0.15960905 -0.02753881 -0.98679611
vn 0.48010743 -0.32978038 0.81286023
vn -0.32737414 0.45931410 0.82574617
vn -0.73829879 0.65876942 -0.14469884
vn -0.42663267 0.28101667 -0.85965935
vn 0.21082071 -0.35862204 -0.90936509
vn 0.70892914 -0.67098597 -0.21724942
vn 0.00000000 0.00000000 -0.00000000
vn 0.29203049 -0.26341814 0.91941779
vn -0.35190739 0.62595138 0.69594975
vn -0.59434148 0.73886249 -0.31755382
vn -0.24774689 0.20901182 -0.94601033
vn 0.26285696 -0.50260253 -0.82358783
vn 0.58668273 -0.80939940 -0.02599994
vn 0.00000000 0.00000000 -0.00000000
vn 0.19129836 -0.40053909 0.89608782
vn -0.39115786 0.75979553 0.51933253
vn -0.45730785 0.73253436 -0.50424492
vn -0.15542824 0.06734820 -0.98554872
vn 0.19801820 -0.69471201 -0.69149404
vn 0.44381633 -0.88576650 0.13581154
vn -0.00876700 0.26385492 0.96452253
vn -0.53088971 -0.07940064 0.84371302
vn 0.15822510 -0.23748627 0.95841801
vn -0.03548400 0.71413017 0.69911300
vn -0.22703443 0.96786886 -0.10809831
vn -0.24426481 0.52789737 -0.81342429
vn -0.09129324 -0.12215156 -0.98830387
vn 0.11699036 -0.83850294 -0.53218988
vn 0.22581782 -0.91225055 0.34176781
vn -0.00000000 -0.00000000 0.00000000
vn 0.12262140 -0.40452447 0.90626924
vn 0.06483752 0.52352122 0.84954201
vn -0.11395855 0.96366388 -0.24158927
vn -0.13781167 0.41875850 -0.89757967
vn -0.12788587 -0.32561425 -0.93681405
vn -0.01139142 -0.91883196 -0.39448456
vn 0.04545386 -0.92868705 0.36806836
vn -0.01056224 0.91817408 0.39603636
vn -0.42919592 0.75681700 0.49296947
vn 0.02891016 -0.44763008 0.89375137
vn 0.20436048 0.41165917 0.88812923
vn 0.20257568 0.97481218 0.09329683
vn 0.05237605 0.69012436 -0.72179299
vn -0.08503097 0.01506920 -0.99626435
vn -0.17289860 -0.72681622 -0.66471367
vn -0.10708409 -0.97288935 0.20498611
vn 0.00000000 -0.00000000 0.00000000
vn 0.16572246 0.33743456 0.92664664
vn 0.29615849 0.95087214 -0.09017937
vn 0.08815267 0.52343284 -0.84749464
vn -0.15908674 -0.12696776 -0.97906619
vn -0.35807716 -0.78478948 -0.50585198
vn -0.33859056 -0.91893933 0.20225466
vn -0.07157211 -0.51598908 0.85359985
vn 0.33566478 0.79172113 0.51039867
vn -0.13866915 0.86246364 0.48675183
vn 0.32440354 0.42936778 0.84285565
vn 0.44726205 0.83652677 -0.31651164
vn 0.09280732 0.37310633 -0.92313513
vn -0.31046265 -0.26887178 -0.91176801
vn -0.53357730 -0.77585563 -0.33666498
vn -0.45199303 -0.78293449 0.42745279
vn -0.09191188 -0.31606937 0.94427345
vn 0.50983769 0.79314626 0.33314341
vn 0.02082265 0.93316467 0.35884553
vn 0.45312949 0.22169625 0.86343757
vn 0.93719054 0.19108031 0.29182564
vn 0.71085474 0.67461866 -0.19893517
vn 0.21056797 0.37776719 -0.90163911
vn -0.29746066 -0.15745218 -0.94166128
vn -0.67179139 -0.62558276 -0.39666427
vn -0.60463219 -0.71992703 0.34077117
vn -0.17994668 -0.34488469 0.92123490
vn 0.67163111 0.60806483 0.42328337
vn 0.38387533 0.25158679 0.88845023
vn 0.74602437 0.64370322 -0.17056906
vn 0.35162852 0.36904148 -0.86032887
vn -0.29995772 -0.07452717 -0.95103684
vn -0.73550952 -0.46524182 -0.49251984
vn -0.75830134 -0.56854782 0.31895527
vn -0.31659472 -0.35613544 0.87916741
vn 0.74245876 0.49509750 0.45125764
vn 0.33865318 0.82122853 0.45923602
vn 0.89481661 -0.22349469 0.38646263
vn 0.91929430 0.37443463 -0.12122998
vn 0.46419977 0.30040901 -0.83323046
vn -0.23613836 0.01284613 -0.97163453
vn -0.78368579 -0.29014743 -0.54922769
vn -0.86683515 -0.44282489 0.22913519
vn -0.42872657 -0.31382197 0.84717726
vn 0.36216927 0.00932254 0.93206572
vn 0.80077187 0.26770549 0.53581544
vn 0.90195054 -0.31691505 0.29334293
vn 0.93499330 0.20892961 -0.28659368
vn 0.34018998 0.21394850 -0.91569472
vn -0.43349061 0.03341175 -0.90053847
vn -0.92757299 -0.12523877 -0.35202784
vn -0.86282566 -0.23818871 0.44586772
vn -0.30226017 -0.15640226 0.94030693
vn 0.55144768 0.00652130 0.83418399
vn 0.92157358 0.14231456 0.36117682
vn 0.99921477 0.01662037 0.03596686
vn 0.64561827 0.08427909 -0.75899545
vn -0.08828265 0.09263163 -0.99177898
vn -0.75500022 0.03982355 -0.65451414
vn -0.99107719 -0.08254323 0.10465471
vn -0.62753513 -0.12562315 0.76838694
vn 0.21656123 -0.15506578 0.96387543
vn 0.75767767 -0.48619365 0.43536223
vn 0.76556680 -0.07205627 0.63930851
vn 0.96875250 -0.18465682 -0.16559123
vn 0.50870801 0.04135334 -0.85994538
vn -0.26554614 0.18308386 -0.94655457
vn -0.85779462 0.22395864 -0.46263475
vn -0.93773003 0.12758397 0.32308626
vn -0.44989174 -0.03394234 0.89243787
vn 0.38312207 -0.21683200 0.89788717
vn 0.65275702 -0.64753270 0.39320436
vn 0.84928894 -0.22473201 0.47770684
vn 0.71061137 -0.21004721 -0.67149955
vn 0.07452062 0.07436570 -0.99444277
vn -0.65093539 0.30168993 -0.69661058
vn -0.91711146 0.34035685 0.20751813
vn -0.47763707 0.05421000 0.87688318
vn 0.39923728 -0.25881338 0.87955968
vn 0.92348163 -0.36698803 0.11180998
vn -0.00000000 0.00000000 0.00000000
vn 0.56688987 -0.23595343 -0.78927933
vn -0.06517369 0.20622573 -0.97633157
vn -0.66541415 0.54049703 -0.51486597
vn -0.78500729 0.47289400 0.40016849
vn -0.25537869 0.05373405 0.96534677
vn 0.44946782 -0.41034225 0.79347207
vn 0.84612952 -0.52424631 -0.09607622
vn -0.00000000 -0.00000000 0.00000000
vn 0.70643666 -0.63728497 -0.30792064
vn 0.26250864 -0.10365295 -0.95934628
vn -0.39981234 0.50448660 -0.76527339
vn -0.71713755 0.69052092 0.09431116
vn -0.52533014 0.25957053 0.81034029
vn -0.33016779 -0.56379860 0.75704714
vn 0.46145648 -0.57280759 0.67745802
vn -0.01465961 -0.14248153 0.98968890
vn 0.39822778 -0.39716908 -0.82684422
vn -0.11812564 0.34679995 -0.93047092
vn -0.53140490 0.82907520 -0.17390557
vn -0.41977709 0.38839207 0.82032847
vn 0.19315694 -0.42723437 0.88326734
vn 0.56364495 -0.82601705 -0.00044425
vn -0.00000000 -0.00000000 -0.00000000
vn 0.38128607 -0.69360947 -0.61116842
vn 0.09658825 0.07377836 -0.99258625
vn -0.28344308 0.82634601 -0.48663363
vn -0.38991130 0.76231407 0.51657181
vn 0.13031179 -0.44459980 0.88619967
vn 0.35695035 -0.89889601 0.25411103
vn 0.20918488 -0.19170383 -0.95890110
vn 0.43589737 0.46280987 0.77188115
vn 0.15835583 -0.34235552 -0.92612965
vn 0.00756757 0.42763525 -0.90391970
vn -0.13567661 0.93073806 -0.33958581
vn -0.18083609 0.31965332 0.93011831
vn -0.01451665 -0.46505675 0.88516184
vn 0.16652457 -0.92870065 0.33133769
vn 0.22818097 -0.87879698 -0.41910538
vn 0.26425312 -0.85974288 -0.43704974
vn 0.50759587 0.77550466 0.37541838
vn 0.14321112 -0.18216687 -0.97278251
vn 0.10157267 0.59567975 -0.79677389
vn -0.01641045 0.99800735 -0.06092636
vn -0.08415894 0.14873855 0.98528885
vn -0.05757908 -0.61385406 0.78731687
vn 0.03039458 -0.98675349 0.15935404
vn 0.09378753 -0.80934256 -0.57980042
vn 0.10453727 -0.79039241 -0.60361561
vn 0.62596660 0.64981627 0.43116660
vn -0.00986282 -0.48929633 -0.87206182
vn 0.13695104 0.26552651 -0.95432703
vn 0.22991982 0.86090525 -0.45384913
vn -0.01245786 0.49350297 0.86965488
vn -0.19228454 -0.30734216 0.93196966
vn -0.21697388 -0.86729710 0.44801570
vn -0.16057804 -0.93794919 -0.30735324
vn -0.10691067 -0.94200011 -0.31812875
vn 0.78571125 0.54511865 0.29240979
vn -0.02309511 -0.33937932 -0.94036604
vn 0.28162987 0.41884142 -0.86328239
vn 0.41328290 0.86556640 -0.28282867
vn 0.00808408 0.31830501 0.94795388
vn -0.28080610 -0.45395098 0.84562192
vn -0.37408144 -0.87981518 0.29323767
vn -0.26889968 -0.82689766 -0.49389596
vn -0.24287640 -0.83324605 -0.49670118
vn 0.83952470 0.34687917 0.41817832
vn 0.05465467 -0.17536228 -0.98298573
vn 0.44052834 0.48685782 -0.75425741
vn 0.53731750 0.84331932 0.01012106
vn -0.02363284 0.11581162 0.99299001
vn -0.41478557 -0.52246305 0.74497335
vn -0.52273016 -0.84726515 0.09431296
vn -0.34511516 -0.69339026 -0.63253891
vn -0.32662995 -0.68058361 -0.65583445
vn 0.86240053 0.17695447 0.47429151
vn 0.30401279 0.19296394 -0.93292076
vn 0.68772915 0.61159527 -0.39112637
vn 0.21962554 0.37601426 0.90020992
vn -0.37267848 -0.19483030 0.90727719
vn -0.67785165 -0.62453661 0.38790614
vn -0.63518525 -0.67845374 -0.36910734
vn -0.23790528 -0.35958448 -0.90227495
vn -0.59260161 -0.70946996 -0.38141278
vn 0.94171686 0.01016066 0.33625305
vn 0.50538020 0.21584517 -0.83546497
vn 0.85025273 0.49766952 -0.17145071
vn 0.11528227 0.19655165 0.97369269
vn -0.51186574 -0.25193150 0.82129409
vn -0.80853968 -0.54711227 0.21663740
vn -0.66098837 -0.53289251 -0.52831804
vn -0.12773675 -0.23752867 -0.96294520
vn -0.63341903 -0.54020080 -0.55404280
vn 0.88098071 -0.22382751 0.41686237
vn 0.45172330 0.10300285 -0.88619212
vn 0.88331908 0.38318868 -0.27002564
vn 0.24318978 0.93606542 0.25424450
vn 0.19903624 0.25164096 0.94713325
vn -0.50387589 -0.09871587 0.85811670
vn -0.90555516 -0.34143050 0.25178378
vn -0.78812680 -0.39710336 -0.47028190
vn -0.22423544 -0.21144201 -0.95132053
vn -0.79821536 -0.37604131 -0.47057961
vn 0.63988706 0.00978858 -0.76840662
vn 0.97281447 0.23040038 -0.02340243
vn 0.41270702 0.83542181 0.36296463
vn 0.06691676 0.14025894 0.98785099
vn -0.65519660 -0.07318768 0.75190490
vn -0.97541035 -0.20692610 0.07586985
vn -0.74026198 -0.26165054 -0.61931509
vn -0.05721564 -0.15467654 -0.98630702
vn -0.74500174 -0.21017618 -0.63308639
vn 0.92020343 0.01924365 -0.39096718
vn 0.63798607 0.73036457 0.24401102
vn 0.44430106 0.10023431 0.89025258
vn -0.38239705 0.12192132 0.91591904
vn -0.92757650 0.06124009 0.36858037
vn -0.93258801 -0.04271713 -0.35840598
vn -0.40689837 -0.09138760 -0.90889054
vn 0.33689058 -0.07763392 -0.93833774
vn -0.93501152 -0.02670346 -0.35361049
vn 0.97842968 -0.15129092 -0.14066422
vn 0.74406997 0.60462606 0.28423091
vn 0.26001373 0.10919329 0.95941111
vn -0.53009129 0.18816501 0.82679934
vn -0.95896541 0.21874525 0.18037698
vn -0.85600717 0.09396072 -0.50835332
vn -0.22096997 -0.08352281 -0.97169759
vn 0.47288924 -0.18281409 -0.86194825
vn -0.84020022 0.11941031 -0.52896576
vn 0.91151669 -0.38747297 0.13784784
vn 0.34373228 -0.07844708 0.93578533
vn -0.43777768 0.29444411 0.84950184
vn -0.90058494 0.40036167 0.16928468
vn -0.73415714 0.23690579 -0.63630884
vn -0.03842058 -0.11054485 -0.99312824
vn 0.58386712 -0.26418940 -0.76766083
vn 0.00000000 0.00000000 -0.00000000
vn 0.72405055 -0.28452097 0.62833002
vn 0.46483428 0.56332889 0.68307368
vn -0.40603395 0.46981986 0.78384038
vn -0.85053793 0.52575654 -0.01285623
vn -0.57857058 0.28631574 -0.76372730
vn 0.12742411 -0.23379493 -0.96389991
vn 0.77334681 -0.47765050 -0.41687493
vn -0.13900682 -0.03843179 -0.98954540
vn 0.41730749 -0.35755498 0.83546926
vn -0.38788426 0.43869746 0.81061109
vn -0.75277547 0.63664039 -0.16738610
vn -0.42034825 0.22405617 -0.87926457
vn 0.19574243 -0.37659104 -0.90546347
vn 0.65631524 -0.73397792 -0.17471898
vn 0.00000000 0.00000000 -0.00000000
vn 0.51365150 -0.63362790 0.57851346
vn -0.07604714 0.32567436 0.94241872
vn -0.55114847 0.81976487 0.15563071
vn -0.46261260 0.53002901 -0.71067491
vn -0.05994627 -0.10150490 -0.99302729
vn 0.45158223 -0.73891972 -0.50007113
vn 0.00000000 0.00000000 -0.00000000
vn 0.21208522 -0.37499514 0.90244030
vn -0.32118121 0.81171382 0.48781483
vn -0.38833876 0.75700444 -0.52548766
vn -0.10591086 0.05104823 -0.99306443
vn 0.21678250 -0.68756896 -0.69300380
vn 0.46911356 -0.87075055 0.14739725
vn -0.01303088 0.28677301 0.95790993
vn -0.53866967 -0.04419301 0.84135722
vn 0.14784372 -0.21639312 0.96504728
vn -0.02289989 0.73194216 0.68098185
vn -0.20337475 0.97000279 -0.13316644
vn -0.22805014 0.51244212 -0.82788659
vn -0.08880388 -0.14515482 -0.98541562
vn 0.10084310 -0.85463867 -0.50933624
vn 0.20228786 -0.90798520 0.36693665
vn 0.00000000 -0.00000000 -0.00000000
vn 0.10587883 -0.38163484 0.91822901
vn 0.08582772 0.54776181 0.83222028
vn -0.09153346 0.95969478 -0.26572083
vn -0.12831896 0.39816320 -0.90829528
vn -0.13552229 -0.34722333 -0.92793840
vn -0.04666728 -0.92665939 -0.37299403
vn 0.00141106 -0.92146052 0.38846947
vn 0.01054502 0.92821644 0.37189117
vn -0.40941481 0.78012531 0.47305815
vn 0.11181889 0.17118065 0.97887370
vn 0.17040320 0.98426256 0.04679711
vn 0.06465650 0.67039756 -0.73917971
vn -0.08950921 -0.00825660 -0.99595177
vn -0.18304878 -0.71666006 -0.67297214
vn -0.17937003 -0.98310432 0.03650038
vn -0.00124486 -0.65498054 0.75564472
vn 0.19502491 0.73618210 0.64807500
vn -0.30142542 0.73398070 0.60861732
vn 0.20252977 0.30777711 0.92965313
vn 0.34034799 0.92910650 -0.14465258
vn 0.09153966 0.50093084 -0.86063278
vn -0.17162996 -0.14672986 -0.97417324
vn -0.38069373 -0.78875571 -0.48263518
vn -0.34984343 -0.90946692 0.22467643
vn -0.08423605 -0.45806235 0.88491987
vn 0.35866449 0.79588974 0.48776973
vn -0.11162872 0.87744275 0.46651178
vn 0.34650890 0.43984343 0.82853445
vn 0.46209382 0.81892522 -0.34033923
vn 0.08773513 0.35076943 -0.93234294
vn -0.33013655 -0.28152688 -0.90097307
vn -0.55596342 -0.77071200 -0.31129999
vn -0.46323341 -0.76271812 0.45130464
vn -0.08581110 -0.29316176 0.95220409
vn 0.53266020 0.78815245 0.30836477
vn 0.04913238 0.93999036 0.33764498
vn 0.47388189 0.22741956 0.85071517
vn 0.94620502 0.17585146 0.27161060
vn 0.72275761 0.65397487 -0.22346880
vn 0.20279245 0.35589060 -0.91225934
vn -0.31820980 -0.16813134 -0.93299216
vn -0.69350820 -0.61698631 -0.37198692
vn -0.61465509 -0.69885967 0.36577902
vn -0.17063020 -0.32348159 0.93072283
vn 0.69342797 0.59965802 0.39945951
vn 0.40926977 0.25544634 0.87592547
vn 0.75705676 0.62352482 -0.19514577
vn 0.34141427 0.34843023 -0.87294483
vn -0.32253703 -0.08132032 -0.94305719
vn -0.75650026 -0.45550368 -0.46928004
vn -0.76379145 -0.54612054 0.34405665
vn -0.30549594 -0.33528508 0.89121049
vn 0.76318671 0.48429341 0.42779193
vn 0.36932978 0.81885609 0.43939756
vn 0.89873305 -0.23858287 0.36790912
vn 0.92472467 0.35156044 -0.14590935
vn 0.45133832 0.28071166 -0.84705058
vn -0.25897470 0.00846612 -0.96584700
vn -0.80356309 -0.27685360 -0.52691408
vn -0.87087611 -0.42008108 0.25516013
vn -0.41476169 -0.29535782 0.86066050
vn 0.38492587 0.01064748 0.92288607
vn 0.81960920 0.25387997 0.51360073
vn 0.90202837 -0.33515229 0.27206205
vn 0.93805882 0.13295824 -0.31994962
vn 0.34193346 0.17177728 -0.92389073
vn -0.45236912 0.02946163 -0.89134403
vn -0.93998630 -0.12737865 -0.31654451
vn -0.84566158 -0.23861382 0.47740960
vn -0.29962190 -0.18170601 0.93659471
vn 0.58245696 -0.01937871 0.81263052
vn 0.93364734 0.12231513 0.33666252
vn 0.80977955 -0.47242745 -0.34795026
vn 0.15139431 -0.52312734 -0.83869992
vn -0.57168479 -0.63466767 -0.51997447
vn -0.63671627 -0.72284999 0.26847773
vn -0.02817677 -0.71963468 0.69378094
vn 0.78394285 -0.51960522 0.33977054
vn 0.09777110 -0.98852302 -0.11516531
vn -0.57735027 -0.57735027 0.57735027
vn -0.57735027 0.57735027 0.57735027
vn -0.57735027 -0.57735027 -0.57735027
vn 0.57735027 -0.57735027 -0.57735027
vn -0.57735027 0.57735027 -0.57735027
vn 0.57735027 0.57735027 0.57735027
vn 0.57735027 -0.57735027 0.57735027
vn 0.57735027 0.57735027 -0.57735027
vn -0.71390186 0.14200365 -0.68569607
vn 0.00000000 0.00000000 -1.00000000
vn -0.72788718 0.00000000 -0.68569691
vn -0.71390186 0.14200365 0.68569607
vn -0.72788718 -0.00000000 0.68569691
vn -0.71390186 -0.14200365 -0.68569607
vn -0.67247997 0.27855177 -0.68569644
vn -0.67247997 0.27855177 0.68569644
vn 0.72788718 -0.00000000 -0.68569691
vn 0.71390186 0.14200365 -0.68569607
vn 0.67248061 0.27854947 -0.68569674
vn 0.60521731 0.40439162 -0.68569631
vn 0.51469375 0.51469473 -0.68569649
vn 0.40439213 0.60521688 -0.68569639
vn 0.27855036 0.67248044 -0.68569655
vn 0.14200379 0.71390153 -0.68569638
vn 0.00000000 0.72788754 -0.68569653
vn -0.14200379 0.71390153 -0.68569638
vn -0.27855036 0.67248044 -0.68569655
vn -0.40439367 0.60521610 -0.68569617
vn -0.51469482 0.51469338 -0.68569670
vn -0.60521577 0.40439344 -0.68569660
vn -0.67247997 -0.27855177 -0.68569644
vn -0.60521577 -0.40439344 -0.68569660
vn -0.51469482 -0.51469338 -0.68569670
vn -0.40439367 -0.60521610 -0.68569617
vn -0.27855036 -0.67248044 -0.68569655
vn -0.14200379 -0.71390153 -0.68569638
vn 0.00000000 -0.72788754 -0.68569653
vn 0.14200379 -0.71390153 -0.68569638
vn 0.27855036 -0.67248044 -0.68569655
vn 0.40439213 -0.60521688 -0.68569639
vn 0.51469375 -0.51469473 -0.68569649
vn 0.60521731 -0.40439162 -0.68569631
vn 0.67248061 -0.27854947 -0.68569674
vn 0.71390186 -0.14200365 -0.68569607
vn 0.00000000 0.00000000 1.00000000
vn -0.71390186 -0.14200365 0.68569607
vn -0.60521577 0.40439344 0.68569660
vn 0.72788718 0.00000000 0.68569691
vn 0.71390186 -0.14200365 0.68569607
vn 0.71390186 0.14200365 0.68569607
vn 0.67248061 0.27854947 0.68569674
vn 0.60521731 0.40439162 0.68569631
vn 0.51469375 0.51469473 0.68569649
vn 0.40439213 0.60521688 0.68569639
vn 0.27855036 0.67248044 0.68569655
vn 0.14200379 0.71390153 0.68569638
vn 0.00000000 0.72788754 0.68569653
vn -0.14200379 0.71390153 0.68569638
vn -0.27855036 0.67248044 0.68569655
vn -0.40439367 0.60521610 0.68569617
vn -0.51469482 0.51469338 0.68569670
vn -0.67247997 -0.27855177 0.68569644
vn -0.60521577 -0.40439344 0.68569660
vn -0.51469482 -0.51469338 0.68569670
vn -0.40439367 -0.60521610 0.68569617
vn -0.27855036 -0.67248044 0.68569655
vn -0.14200379 -0.71390153 0.68569638
vn 0.00000000 -0.72788754 0.68569653
vn 0.14200379 -0.71390153 0.68569638
vn 0.27855036 -0.67248044 0.68569655
vn 0.40439213 -0.60521688 0.68569639
vn 0.51469375 -0.51469473 0.68569649
vn 0.60521731 -0.40439162 0.68569631
vn 0.67248061 -0.27854947 0.68569674
vn -0.68569620 -0.71390160 0.14200433
vn -1.00000000 0.00000000 0.00000000
vn -0.68569653 -0.72788754 -0.00000053
vn 0.68569620 -0.71390160 0.14200433
vn 0.68569653 -0.72788754 -0.00000053
vn -0.68569655 -0.71390148 -0.14200325
vn -0.68569648 -0.67247971 0.27855229
vn 0.68569648 -0.67247971 0.27855229
vn -0.68569598 0.00000000 -0.72788806
vn -0.68569660 0.14200482 -0.71390112
vn -0.68569667 0.27855069 -0.67248018
vn -0.68569599 0.40439265 -0.60521698
vn -0.68569705 0.51469448 -0.51469326
vn -0.68569629 0.60521577 -0.40439397
vn -0.68569629 0.67248048 -0.27855091
vn -0.68569655 0.71390148 -0.14200325
vn -0.68569653 0.72788754 -0.00000053
vn -0.68569620 0.71390160 0.14200433
vn -0.68569648 0.67247971 0.27855229
vn -0.68569722 0.60521790 0.40438918
vn -0.68569560 0.51469614 0.51469353
vn -0.68569580 0.40438729 0.60522078
vn -0.68569802 0.27855277 0.67247794
vn -0.68569528 0.14200485 0.71390238
vn -0.68569730 0.00000000 0.72788681
vn -0.68569528 -0.14200485 0.71390238
vn -0.68569802 -0.27855277 0.67247794
vn -0.68569580 -0.40438729 0.60522078
vn -0.68569560 -0.51469614 0.51469353
vn -0.68569722 -0.60521790 0.40438918
vn -0.68569629 -0.67248048 -0.27855091
vn -0.68569629 -0.60521577 -0.40439397
vn -0.68569705 -0.51469448 -0.51469326
vn -0.68569599 -0.40439265 -0.60521698
vn -0.68569667 -0.27855069 -0.67248018
vn -0.68569660 -0.14200482 -0.71390112
vn 1.00000000 0.00000000 0.00000000
vn 0.68569655 -0.71390148 -0.14200325
vn 0.68569722 -0.60521790 0.40438918
vn 0.68569598 -0.00000000 -0.72788806
vn 0.68569660 -0.14200482 -0.71390112
vn 0.68569660 0.14200482 -0.71390112
vn 0.68569667 0.27855069 -0.67248018
vn 0.68569599 0.40439265 -0.60521698
vn 0.68569705 0.51469448 -0.51469326
vn 0.68569629 0.60521577 -0.40439397
vn 0.68569629 0.67248048 -0.27855091
vn 0.68569655 0.71390148 -0.14200325
vn 0.68569653 0.72788754 -0.00000053
vn 0.68569620 0.71390160 0.14200433
vn 0.68569648 0.67247971 0.27855229
vn 0.68569722 0.60521790 0.40438918
vn 0.68569560 0.51469614 0.51469353
vn 0.68569580 0.40438729 0.60522078
vn 0.68569802 0.27855277 0.67247794
vn 0.68569528 0.14200485 0.71390238
vn 0.68569730 -0.00000000 0.72788681
vn 0.68569528 -0.14200485 0.71390238
vn 0.68569802 -0.27855277 0.67247794
vn 0.68569580 -0.40438729 0.60522078
vn 0.68569560 -0.51469614 0.51469353
vn 0.68569629 -0.67248048 -0.27855091
vn 0.68569629 -0.60521577 -0.40439397
vn 0.68569705 -0.51469448 -0.51469326
vn 0.68569599 -0.40439265 -0.60521698
vn 0.68569667 -0.27855069 -0.67248018
vn -0.71390161 0.14200393 -0.68569627
vn 0.00000000 0.00000000 -1.00000000
vn -0.72788732 0.00000000 -0.68569676
vn -0.71390161 0.14200393 0.68569627
vn -0.72788732 0.00000000 0.68569676
vn -0.71390161 -0.14200393 -0.68569627
vn -0.67248063 0.27855036 -0.68569636
vn -0.67248063 0.27855036 0.68569636
vn 0.72788791 0.00000000 -0.68569613
vn 0.71390113 0.14200489 -0.68569657
vn 0.67248074 0.27854941 -0.68569664
vn 0.60521718 0.40439176 -0.68569634
vn 0.51469397 0.51469471 -0.68569634
vn 0.40439222 0.60521661 -0.68569657
vn 0.27855061 0.67248044 -0.68569644
vn 0.14200393 0.71390143 -0.68569646
vn -0.00000010 0.72788766 -0.68569640
vn -0.14200403 0.71390139 -0.68569648
vn -0.27855012 0.67248050 -0.68569658
vn -0.40439256 0.60521678 -0.68569622
vn -0.51469431 0.51469412 -0.68569653
vn -0.60521646 0.40439238 -0.68569661
vn -0.67248063 -0.27855036 -0.68569636
vn -0.60521646 -0.40439238 -0.68569661
vn -0.51469431 -0.51469412 -0.68569653
vn -0.40439256 -0.60521678 -0.68569622
vn -0.27855012 -0.67248050 -0.68569658
vn -0.14200403 -0.71390139 -0.68569648
vn -0.00000010 -0.72788766 -0.68569640
vn 0.14200393 -0.71390143 -0.68569646
vn 0.27855061 -0.67248044 -0.68569644
vn 0.40439222 -0.60521661 -0.68569657
vn 0.51469397 -0.51469471 -0.68569634
vn 0.60521718 -0.40439176 -0.68569634
vn 0.67248074 -0.27854941 -0.68569664
vn 0.71390113 -0.14200489 -0.68569657
vn 0.00000000 0.00000000 1.00000000
vn -0.71390161 -0.14200393 0.68569627
vn -0.60521646 0.40439238 0.68569661
vn 0.72788791 0.00000000 0.68569613
vn 0.71390113 -0.14200489 0.68569657
vn 0.71390113 0.14200489 0.68569657
vn 0.67248074 0.27854941 0.68569664
vn 0.60521718 0.40439176 0.68569634
vn 0.51469397 0.51469471 0.68569634
vn 0.40439222 0.60521661 0.68569657
vn 0.27855061 0.67248044 0.68569644
vn 0.14200393 0.71390143 0.68569646
vn -0.00000010 0.72788766 0.68569640
vn -0.14200403 0.71390139 0.68569648
vn -0.27855012 0.67248050 0.68569658
vn -0.40439256 0.60521678 0.68569622
vn -0.51469431 0.51469412 0.68569653
vn -0.67248063 -0.27855036 0.68569636
vn -0.60521646 -0.40439238 0.68569661
vn -0.51469431 -0.51469412 0.68569653
vn -0.40439256 -0.60521678 0.68569622
vn -0.27855012 -0.67248050 0.68569658
vn -0.14200403 -0.71390139 0.68569648
vn -0.00000010 -0.72788766 0.68569640
vn 0.14200393 -0.71390143 0.68569646
vn 0.27855061 -0.67248044 0.68569644
vn 0.40439222 -0.60521661 0.68569657
vn 0.51469397 -0.51469471 0.68569634
vn 0.60521718 -0.40439176 0.68569634
vn 0.67248074 -0.27854941 0.68569664
vn -0.71390137 0.14200383 -0.68569654
vn 0.00000000 0.00000000 -1.00000000
vn -0.72788771 0.00000000 -0.68569635
vn -0.71390137 0.14200383 0.68569654
vn -0.72788771 0.00000000 0.68569635
vn -0.71390137 -0.14200383 -0.68569654
vn -0.67248020 0.27855115 -0.68569646
vn -0.67248020 0.27855115 0.68569646
vn 0.72788771 0.00000000 -0.68569635
vn 0.71390137 0.14200383 -0.68569654
vn 0.67248020 0.27855115 -0.68569646
vn 0.60521680 0.40439213 -0.68569645
vn 0.51469423 0.51469460 -0.68569623
vn 0.40439194 0.60521674 -0.68569662
vn 0.27855052 0.67248044 -0.68569648
vn 0.14200391 0.71390142 -0.68569647
vn -0.00000000 0.72788764 -0.68569642
vn -0.14200391 0.71390142 -0.68569647
vn -0.27855052 0.67248044 -0.68569648
vn -0.40439263 0.60521651 -0.68569642
vn -0.51469459 0.51469396 -0.68569644
vn -0.60521680 0.40439213 -0.68569645
vn -0.67248020 -0.27855115 -0.68569646
vn -0.60521680 -0.40439213 -0.68569645
vn -0.51469459 -0.51469396 -0.68569644
vn -0.40439263 -0.60521651 -0.68569642
vn -0.27855052 -0.67248044 -0.68569648
vn -0.14200391 -0.71390142 -0.68569647
vn 0.00000000 -0.72788764 -0.68569642
vn 0.14200391 -0.71390142 -0.68569647
vn 0.27855052 -0.67248044 -0.68569648
vn 0.40439194 -0.60521674 -0.68569662
vn 0.51469423 -0.51469460 -0.68569623
vn 0.60521680 -0.40439213 -0.68569645
vn 0.67248020 -0.27855115 -0.68569646
vn 0.71390137 -0.14200383 -0.68569654
vn 0.00000000 0.00000000 1.00000000
vn -0.71390137 -0.14200383 0.68569654
vn -0.60521680 0.40439213 0.68569645
vn 0.72788771 0.00000000 0.68569635
vn 0.71390137 -0.14200383 0.68569654
vn 0.71390137 0.14200383 0.68569654
vn 0.67248020 0.27855115 0.68569646
vn 0.60521680 0.40439213 0.68569645
vn 0.51469423 0.51469460 0.68569623
vn 0.40439194 0.60521674 0.68569662
vn 0.27855052 0.67248044 0.68569648
vn 0.14200391 0.71390142 0.68569647
vn 0.00000000 0.72788764 0.68569642
vn -0.14200391 0.71390142 0.68569647
vn -0.27855052 0.67248044 0.68569648
vn -0.40439263 0.60521651 0.68569642
vn -0.51469459 0.51469396 0.68569644
vn -0.67248020 -0.27855115 0.68569646
vn -0.60521680 -0.40439213 0.68569645
vn -0.51469459 -0.51469396 0.68569644
vn -0.40439263 -0.60521651 0.68569642
vn -0.27855052 -0.67248044 0.68569648
vn -0.14200391 -0.71390142 0.68569647
vn -0.00000000 -0.72788764 0.68569642
vn 0.14200391 -0.71390142 0.68569647
vn 0.27855052 -0.67248044 0.68569648
vn 0.40439194 -0.60521674 0.68569662
vn 0.51469423 -0.51469460 0.68569623
vn 0.60521680 -0.40439213 0.68569645
vn 0.67248020 -0.27855115 0.68569646
vn -0.68569665 -0.71390129 0.14200367
vn -1.00000000 0.00000000 0.00000000
vn -0.68569644 -0.72788763 0.00000000
vn 0.68569665 -0.71390129 0.14200367
vn 0.68569644 -0.72788763 0.00000000
vn -0.68569650 -0.71390143 -0.14200370
vn -0.68569591 -0.67248091 0.27855080
vn 0.68569591 -0.67248091 0.27855080
vn -0.68569624 -0.00000000 -0.72788781
vn -0.68569630 0.14200710 -0.71390095
vn -0.68569689 0.27855096 -0.67247984
vn -0.68569630 0.40439112 -0.60521765
vn -0.68569616 0.51469435 -0.51469457
vn -0.68569696 0.60521595 -0.40439255
vn -0.68569619 0.67248026 -0.27855168
vn -0.68569650 0.71390143 -0.14200370
vn -0.68569644 0.72788763 -0.00000000
vn -0.68569665 0.71390129 0.14200367
vn -0.68569591 0.67248091 0.27855080
vn -0.68569695 0.60521733 0.40439049
vn -0.68569632 0.51469402 0.51469469
vn -0.68569622 0.40438971 0.60521868
vn -0.68569625 0.27854920 0.67248122
vn -0.68569694 0.14200487 0.71390078
vn -0.68569624 0.00000000 0.72788781
vn -0.68569694 -0.14200487 0.71390078
vn -0.68569625 -0.27854920 0.67248122
vn -0.68569622 -0.40438971 0.60521868
vn -0.68569632 -0.51469402 0.51469469
vn -0.68569695 -0.60521733 0.40439049
vn -0.68569619 -0.67248026 -0.27855168
vn -0.68569696 -0.60521595 -0.40439255
vn -0.68569616 -0.51469435 -0.51469457
vn -0.68569630 -0.40439112 -0.60521765
vn -0.68569689 -0.27855096 -0.67247984
vn -0.68569630 -0.14200710 -0.71390095
vn 1.00000000 0.00000000 0.00000000
vn 0.68569650 -0.71390143 -0.14200370
vn 0.68569695 -0.60521733 0.40439049
vn 0.68569624 0.00000000 -0.72788781
vn 0.68569630 -0.14200710 -0.71390095
vn 0.68569630 0.14200710 -0.71390095
vn 0.68569689 0.27855096 -0.67247984
vn 0.68569630 0.40439112 -0.60521765
vn 0.68569616 0.51469435 -0.51469457
vn 0.68569696 0.60521595 -0.40439255
vn 0.68569619 0.67248026 -0.27855168
vn 0.68569650 0.71390143 -0.14200370
vn 0.68569644 0.72788763 0.00000000
vn 0.68569665 0.71390129 0.14200367
vn 0.68569591 0.67248091 0.27855080
vn 0.68569695 0.60521733 0.40439049
vn 0.68569632 0.51469402 0.51469469
vn 0.68569622 0.40438971 0.60521868
vn 0.68569625 0.27854920 0.67248122
vn 0.68569694 0.14200487 0.71390078
vn 0.68569624 -0.00000000 0.72788781
vn 0.68569694 -0.14200487 0.71390078
vn 0.68569625 -0.27854920 0.67248122
vn 0.68569622 -0.40438971 0.60521868
vn 0.68569632 -0.51469402 0.51469469
vn 0.68569619 -0.67248026 -0.27855168
vn 0.68569696 -0.60521595 -0.40439255
vn 0.68569616 -0.51469435 -0.51469457
vn 0.68569630 -0.40439112 -0.60521765
vn 0.68569689 -0.27855096 -0.67247984
vn -0.57735027 -0.57735027 0.57735027
vn -0.57735027 0.57735027 0.57735027
vn -0.57735027 -0.57735027 -0.57735027
vn 0.57735027 -0.57735027 -0.57735027
vn -0.57735027 0.57735027 -0.57735027
vn 0.57735027 0.57735027 0.57735027
vn 0.57735027 -0.57735027 0.57735027
vn 0.57735027 0.57735027 -0.57735027
vn -0.57735027 -0.57735027 0.57735027
vn -0.57735027 0.57735027 0.57735027
vn -0.57735027 -0.57735027 -0.57735027
vn 0.57735027 -0.57735027 -0.57735027
vn -0.57735027 0.57735027 -0.57735027
vn 0.57735027 0.57735027 0.57735027
vn 0.57735027 -0.57735027 0.57735027
vn 0.57735027 0.57735027 -0.57735027
vn -0.57735027 -0.57735027 0.57735027
vn -0.57735027 0.57735027 0.57735027
vn -0.57735027 -0.57735027 -0.57735027
vn 0.57735027 -0.57735027 -0.57735027
vn -0.57735027 0.57735027 -0.57735027
vn 0.57735027 0.57735027 0.57735027
vn 0.57735027 -0.57735027 0.57735027
vn 0.57735027 0.57735027 -0.57735027
vn -0.57735027 -0.57735027 0.57735027
vn -0.57735027 0.57735027 0.57735027
vn -0.57735027 -0.57735027 -0.57735027
vn 0.57735027 -0.57735027 -0.57735027
vn -0.57735027 0.57735027 -0.57735027
vn 0.57735027 0.57735027 0.57735027
vn 0.57735027 -0.57735027 0.57735027
vn 0.57735027 0.57735027 -0.57735027
vn -0.57735027 -0.57735027 0.57735027
vn -0.57735027 0.57735027 0.57735027
vn -0.57735027 -0.57735027 -0.57735027
vn 0.57735027 -0.57735027 -0.57735027
vn -0.57735027 0.57735027 -0.57735027
vn 0.57735027 0.57735027 0.57735027
vn 0.57735027 -0.57735027 0.57735027
vn 0.57735027 0.57735027 -0.57735027
vn -0.57735027 -0.57735027 0.57735027
vn -0.57735027 0.57735027 0.57735027
vn -0.57735027 -0.57735027 -0.57735027
vn 0.57735027 -0.57735027 -0.57735027
vn -0.57735027 0.57735027 -0.57735027
vn 0.57735027 0.57735027 0.57735027
vn 0.57735027 -0.57735027 0.57735027
vn 0.57735027 0.57735027 -0.57735027
vn -0.57735027 -0.57735027 0.57735027
vn -0.57735027 0.57735027 0.57735027
vn -0.57735027 -0.57735027 -0.57735027
vn 0.57735027 -0.57735027 -0.57735027
vn -0.57735027 0.57735027 -0.57735027
vn 0.57735027 0.57735027 0.57735027
vn 0.57735027 -0.57735027 0.57735027
vn 0.57735027 0.57735027 -0.57735027
vn -0.57735027 -0.57735027 0.57735027
vn -0.57735027 0.57735027 0.57735027
vn -0.57735027 -0.57735027 -0.57735027
vn 0.57735027 -0.57735027 -0.57735027
vn -0.57735027 0.57735027 -0.57735027
vn 0.57735027 0.57735027 0.57735027
vn 0.57735027 -0.57735027 0.57735027
vn 0.57735027 0.57735027 -0.57735027
vn -0.57735027 -0.57735027 0.57735027
vn -0.57735027 0.57735027 0.57735027
vn -0.57735027 -0.57735027 -0.57735027
vn 0.57735027 -0.57735027 -0.57735027
vn -0.57735027 0.57735027 -0.57735027
vn 0.57735027 0.57735027 0.57735027
vn 0.57735027 -0.57735027 0.57735027
vn 0.57735027 0.57735027 -0.57735027
vn -0.57735027 -0.57735027 0.57735027
vn -0.57735027 0.57735027 0.57735027
vn -0.57735027 -0.57735027 -0.57735027
vn 0.57735027 -0.57735027 -0.57735027
vn -0.57735027 0.57735027 -0.57735027
vn 0.57735027 0.57735027 0.57735027
vn 0.57735027 -0.57735027 0.57735027
vn 0.57735027 0.57735027 -0.57735027
vn -0.57735027 -0.57735027 0.57735027
vn -0.57735027 0.57735027 0.57735027
vn -0.57735027 -0.57735027 -0.57735027
vn 0.57735027 -0.57735027 -0.57735027
vn -0.57735027 0.57735027 -0.57735027
vn 0.57735027 0.57735027 0.57735027
vn 0.57735027 -0.57735027 0.57735027
vn 0.57735027 0.57735027 -0.57735027
vn -0.57735027 -0.57735027 0.57735027
vn -0.57735027 0.57735027 0.57735027
vn -0.57735027 -0.57735027 -0.57735027
vn 0.57735027 -0.57735027 -0.57735027
vn -0.57735027 0.57735027 -0.57735027
vn 0.57735027 0.57735027 0.57735027
vn 0.57735027 -0.57735027 0.57735027
vn 0.57735027 0.57735027 -0.57735027
vn -0.57735027 -0.57735027 0.57735027
vn -0.57735027 0.57735027 0.57735027
vn -0.57735027 -0.57735027 -0.57735027
vn 0.57735027 -0.57735027 -0.57735027
vn -0.57735027 0.57735027 -0.57735027
vn 0.57735027 0.57735027 0.57735027
vn 0.57735027 -0.57735027 0.57735027
vn 0.57735027 0.57735027 -0.57735027
vn -0.57735027 -0.57735027 0.57735027
vn -0.57735027 0.57735027 0.57735027
vn -0.57735027 -0.57735027 -0.57735027
vn 0.57735027 -0.57735027 -0.57735027
vn -0.57735027 0.57735027 -0.57735027
vn 0.57735027 0.57735027 0.57735027
vn 0.57735027 -0.57735027 0.57735027
vn 0.57735027 0.57735027 -0.57735027
vn -0.57735027 -0.57735027 0.57735027
vn -0.57735027 0.57735027 0.57735027
vn -0.57735027 -0.57735027 -0.57735027
vn 0.57735027 -0.57735027 -0.57735027
vn -0.57735027 0.57735027 -0.57735027
vn 0.57735027 0.57735027 0.57735027
vn 0.57735027 -0.57735027 0.57735027
vn 0.57735027 0.57735027 -0.57735027
vn -0.57735027 -0.57735027 0.57735027
vn -0.57735027 0.57735027 0.57735027
vn -0.57735027 -0.57735027 -0.57735027
vn 0.57735027 -0.57735027 -0.57735027
vn -0.57735027 0.57735027 -0.57735027
vn 0.57735027 0.57735027 0.57735027
vn 0.57735027 -0.57735027 0.57735027
vn 0.57735027 0.57735027 -0.57735027
vn -0.57735027 -0.57735027 0.57735027
vn -0.57735027 0.57735027 0.57735027
vn -0.57735027 -0.57735027 -0.57735027
vn 0.57735027 -0.57735027 -0.57735027
vn -0.57735027 0.57735027 -0.57735027
vn 0.57735027 0.57735027 0.57735027
vn 0.57735027 -0.57735027 0.57735027
vn 0.57735027 0.57735027 -0.57735027
vn -0.57735027 -0.57735027 0.57735027
vn -0.57735027 0.57735027 0.57735027
vn -0.57735027 -0.57735027 -0.57735027
vn 0.57735027 -0.57735027 -0.57735027
vn -0.57735027 0.57735027 -0.57735027
vn 0.57735027 0.57735027 0.57735027
vn 0.57735027 -0.57735027 0.57735027
vn 0.57735027 0.57735027 -0.57735027
vn -0.57735027 -0.57735027 0.57735027
vn -0.57735027 0.57735027 0.57735027
vn -0.57735027 -0.57735027 -0.57735027
vn 0.57735027 -0.57735027 -0.57735027
vn -0.57735027 0.57735027 -0.57735027
vn 0.57735027 0.57735027 0.57735027
vn 0.57735027 -0.57735027 0.57735027
vn 0.57735027 0.57735027 -0.57735027
vn -0.57735027 -0.57735027 0.57735027
vn -0.57735027 0.57735027 0.57735027
vn -0.57735027 -0.57735027 -0.57735027
vn 0.57735027 -0.57735027 -0.57735027
vn -0.57735027 0.57735027 -0.57735027
vn 0.57735027 0.57735027 0.57735027
vn 0.57735027 -0.57735027 0.57735027
vn 0.57735027 0.57735027 -0.57735027
vn -0.57735027 -0.57735027 0.57735027
vn -0.57735027 0.57735027 0.57735027
vn -0.57735027 -0.57735027 -0.57735027
vn 0.57735027 -0.57735027 -0.57735027
vn -0.57735027 0.57735027 -0.57735027
vn 0.57735027 0.57735027 0.57735027
vn 0.57735027 -0.57735027 0.57735027
vn 0.57735027 0.57735027 -0.57735027
vn -0.57735027 -0.57735027 0.57735027
vn -0.57735027 0.57735027 0.57735027
vn -0.57735027 -0.57735027 -0.57735027
vn 0.57735027 -0.57735027 -0.57735027
vn -0.57735027 0.57735027 -0.57735027
vn 0.57735027 0.57735027 0.57735027
vn 0.57735027 -0.57735027 0.57735027
vn 0.57735027 0.57735027 -0.57735027
vn -0.57735027 -0.57735027 0.57735027
vn -0.57735027 0.57735027 0.57735027
vn -0.57735027 -0.57735027 -0.57735027
vn 0.57735027 -0.57735027 -0.57735027
vn -0.57735027 0.57735027 -0.57735027
vn 0.57735027 0.57735027 0.57735027
vn 0.57735027 -0.57735027 0.57735027
vn 0.57735027 0.57735027 -0.57735027
vn -0.57735027 -0.57735027 0.57735027
vn -0.57735027 0.57735027 0.57735027
vn -0.57735027 -0.57735027 -0.57735027
vn 0.57735027 -0.57735027 -0.57735027
vn -0.57735027 0.57735027 -0.57735027
vn 0.57735027 0.57735027 0.57735027
vn 0.57735027 -0.57735027 0.57735027
vn 0.57735027 0.57735027 -0.57735027
vn -0.57735027 -0.57735027 0.57735027
vn -0.57735027 0.57735027 0.57735027
vn -0.57735027 -0.57735027 -0.57735027
vn 0.57735027 -0.57735027 -0.57735027
vn -0.57735027 0.57735027 -0.57735027
vn 0.57735027 0.57735027 0.57735027
vn 0.57735027 -0.57735027 0.57735027
vn 0.57735027 0.57735027 -0.57735027
vn -0.57735027 -0.57735027 0.57735027
vn -0.57735027 0.57735027 0.57735027
vn -0.57735027 -0.57735027 -0.57735027
vn 0.57735027 -0.57735027 -0.57735027
vn -0.57735027 0.57735027 -0.57735027
vn 0.57735027 0.57735027 0.57735027
vn 0.57735027 -0.57735027 0.57735027
vn 0.57735027 0.57735027 -0.57735027
vn -0.57735027 -0.57735027 0.57735027
vn -0.57735027 0.57735027 0.57735027
vn -0.57735027 -0.57735027 -0.57735027
vn 0.57735027 -0.57735027 -0.57735027
vn -0.57735027 0.57735027 -0.57735027
vn 0.57735027 0.57735027 0.57735027
vn 0.57735027 -0.57735027 0.57735027
vn 0.57735027 0.57735027 -0.57735027
vn -0.57735027 -0.57735027 0.57735027
vn -0.57735027 0.57735027 0.57735027
vn -0.57735027 -0.57735027 -0.57735027
vn 0.57735027 -0.57735027 -0.57735027
vn -0.57735027 0.57735027 -0.57735027
vn 0.57735027 0.57735027 0.57735027
vn 0.57735027 -0.57735027 0.57735027
vn 0.57735027 0.57735027 -0.57735027
vn -0.57735027 -0.57735027 0.57735027
vn -0.57735027 0.57735027 0.57735027
vn -0.57735027 -0.57735027 -0.57735027
vn 0.57735027 -0.57735027 -0.57735027
vn -0.57735027 0.57735027 -0.57735027
vn 0.57735027 0.57735027 0.57735027
vn 0.57735027 -0.57735027 0.57735027
vn 0.57735027 0.57735027 -0.57735027
vn -0.57735027 -0.57735027 0.57735027
vn -0.57735027 0.57735027 0.57735027
vn -0.57735027 -0.57735027 -0.57735027
vn 0.57735027 -0.57735027 -0.57735027
vn -0.57735027 0.57735027 -0.57735027
vn 0.57735027 0.57735027 0.57735027
vn 0.57735027 -0.57735027 0.57735027
vn 0.57735027 0.57735027 -0.57735027
vn -0.57735027 -0.57735027 0.57735027
vn -0.57735027 0.57735027 0.57735027
vn -0.57735027 -0.57735027 -0.57735027
vn 0.57735027 -0.57735027 -0.57735027
vn -0.57735027 0.57735027 -0.57735027
vn 0.57735027 0.57735027 0.57735027
vn 0.57735027 -0.57735027 0.57735027
vn 0.57735027 0.57735027 -0.57735027
vn -0.57735027 -0.57735027 0.57735027
vn -0.57735027 0.57735027 0.57735027
vn -0.57735027 -0.57735027 -0.57735027
vn 0.57735027 -0.57735027 -0.57735027
vn -0.57735027 0.57735027 -0.57735027
vn 0.57735027 0.57735027 0.57735027
vn 0.57735027 -0.57735027 0.57735027
vn 0.57735027 0.57735027 -0.57735027
vn -0.57735027 -0.57735027 0.57735027
vn -0.57735027 0.57735027 0.57735027
vn -0.57735027 -0.57735027 -0.57735027
vn 0.57735027 -0.57735027 -0.57735027
vn -0.57735027 0.57735027 -0.57735027
vn 0.57735027 0.57735027 0.57735027
vn 0.57735027 -0.57735027 0.57735027
vn 0.57735027 0.57735027 -0.57735027
vn -0.57735027 -0.57735027 0.57735027
vn -0.57735027 0.57735027 0.57735027
vn -0.57735027 -0.57735027 -0.57735027
vn 0.57735027 -0.57735027 -0.57735027
vn -0.57735027 0.57735027 -0.57735027
vn 0.57735027 0.57735027 0.57735027
vn 0.57735027 -0.57735027 0.57735027
vn 0.57735027 0.57735027 -0.57735027
vn -0.57735027 -0.57735027 0.57735027
vn -0.57735027 0.57735027 0.57735027
vn -0.57735027 -0.57735027 -0.57735027
vn 0.57735027 -0.57735027 -0.57735027
vn -0.57735027 0.57735027 -0.57735027
vn 0.57735027 0.57735027 0.57735027
vn 0.57735027 -0.57735027 0.57735027
vn 0.57735027 0.57735027 -0.57735027
vn -0.57735027 -0.57735027 0.57735027
vn -0.57735027 0.57735027 0.57735027
vn -0.57735027 -0.57735027 -0.57735027
vn 0.57735027 -0.57735027 -0.57735027
vn -0.57735027 0.57735027 -0.57735027
vn 0.57735027 0.57735027 0.57735027
vn 0.57735027 -0.57735027 0.57735027
vn 0.57735027 0.57735027 -0.57735027
vn -0.57735027 -0.57735027 0.57735027
vn -0.57735027 0.57735027 0.57735027
vn -0.57735027 -0.57735027 -0.57735027
vn 0.57735027 -0.57735027 -0.57735027
vn -0.57735027 0.57735027 -0.57735027
vn 0.57735027 0.57735027 0.57735027
vn 0.57735027 -0.57735027 0.57735027
vn 0.57735027 0.57735027 -0.57735027
vn -0.57735027 -0.57735027 0.57735027
vn -0.57735027 0.57735027 0.57735027
vn -0.57735027 -0.57735027 -0.57735027
vn 0.57735027 -0.57735027 -0.57735027
vn -0.57735027 0.57735027 -0.57735027
vn 0.57735027 0.57735027 0.57735027
vn 0.57735027 -0.57735027 0.57735027
vn 0.57735027 0.57735027 -0.57735027
vn -0.57735027 -0.57735027 0.57735027
vn -0.57735027 0.57735027 0.57735027
vn -0.57735027 -0.57735027 -0.57735027
vn 0.57735027 -0.57735027 -0.57735027
vn -0.57735027 0.57735027 -0.57735027
vn 0.57735027 0.57735027 0.57735027
vn 0.57735027 -0.57735027 0.57735027
vn 0.57735027 0.57735027 -0.57735027
vn -0.57735027 -0.57735027 0.57735027
vn -0.57735027 0.57735027 0.57735027
vn -0.57735027 -0.57735027 -0.57735027
vn 0.57735027 -0.57735027 -0.57735027
vn -0.57735027 0.57735027 -0.57735027
vn 0.57735027 0.57735027 0.57735027
vn 0.57735027 -0.57735027 0.57735027
vn 0.57735027 0.57735027 -0.57735027
vn -0.57735027 -0.57735027 0.57735027
vn -0.57735027 0.57735027 0.57735027
vn -0.57735027 -0.57735027 -0.57735027
vn 0.57735027 -0.57735027 -0.57735027
vn -0.57735027 0.57735027 -0.57735027
vn 0.57735027 0.57735027 0.57735027
vn 0.57735027 -0.57735027 0.57735027
vn 0.57735027 0.57735027 -0.57735027
vn -0.57735027 -0.57735027 0.57735027
vn -0.57735027 0.57735027 0.57735027
vn -0.57735027 -0.57735027 -0.57735027
vn 0.57735027 -0.57735027 -0.57735027
vn -0.57735027 0.57735027 -0.57735027
vn 0.57735027 0.57735027 0.57735027
vn 0.57735027 -0.57735027 0.57735027
vn 0.57735027 0.57735027 -0.57735027
vn -0.57735027 -0.57735027 0.57735027
vn -0.57735027 0.57735027 0.57735027
vn -0.57735027 -0.57735027 -0.57735027
vn 0.57735027 -0.57735027 -0.57735027
vn -0.57735027 0.57735027 -0.57735027
vn 0.57735027 0.57735027 0.57735027
vn 0.57735027 -0.57735027 0.57735027
vn 0.57735027 0.57735027 -0.57735027
vn -0.57735027 -0.57735027 0.57735027
vn -0.57735027 0.57735027 0.57735027
vn -0.57735027 -0.57735027 -0.57735027
vn 0.57735027 -0.57735027 -0.57735027
vn -0.57735027 0.57735027 -0.57735027
vn 0.57735027 0.57735027 0.57735027
vn 0.57735027 -0.57735027 0.57735027
vn 0.57735027 0.57735027 -0.57735027
vn -0.57735027 -0.57735027 0.57735027
vn -0.57735027 0.57735027 0.57735027
vn -0.57735027 -0.57735027 -0.57735027
vn 0.57735027 -0.57735027 -0.57735027
vn -0.57735027 0.57735027 -0.57735027
vn 0.57735027 0.57735027 0.57735027
vn 0.57735027 -0.57735027 0.57735027
vn 0.57735027 0.57735027 -0.57735027
vn -0.57735027 -0.57735027 0.57735027
vn -0.57735027 0.57735027 0.57735027
vn -0.57735027 -0.57735027 -0.57735027
vn 0.57735027 -0.57735027 -0.57735027
vn -0.57735027 0.57735027 -0.57735027
vn 0.57735027 0.57735027 0.57735027
vn 0.57735027 -0.57735027 0.57735027
vn 0.57735027 0.57735027 -0.57735027
vn -0.57735027 -0.57735027 0.57735027
vn -0.57735027 0.57735027 0.57735027
vn -0.57735027 -0.57735027 -0.57735027
vn 0.57735027 -0.57735027 -0.57735027
vn -0.57735027 0.57735027 -0.57735027
vn 0.57735027 0.57735027 0.57735027
vn 0.57735027 -0.57735027 0.57735027
vn 0.57735027 0.57735027 -0.57735027
vn -0.57735027 -0.57735027 0.57735027
vn -0.57735027 0.57735027 0.57735027
vn -0.57735027 -0.57735027 -0.57735027
vn 0.57735027 -0.57735027 -0.57735027
vn -0.57735027 0.57735027 -0.57735027
vn 0.57735027 0.57735027 0.57735027
vn 0.57735027 -0.57735027 0.57735027
vn 0.57735027 0.57735027 -0.57735027
vn -0.57735027 -0.57735027 0.57735027
vn -0.57735027 0.57735027 0.57735027
vn -0.57735027 -0.57735027 -0.57735027
vn 0.57735027 -0.57735027 -0.57735027
vn -0.57735027 0.57735027 -0.57735027
vn 0.57735027 0.57735027 0.57735027
vn 0.57735027 -0.57735027 0.57735027
vn 0.57735027 0.57735027 -0.57735027
vn -0.57735027 -0.57735027 0.57735027
vn -0.57735027 0.57735027 0.57735027
vn -0.57735027 -0.57735027 -0.57735027
vn 0.57735027 -0.57735027 -0.57735027
vn -0.57735027 0.57735027 -0.57735027
vn 0.57735027 0.57735027 0.57735027
vn 0.57735027 -0.57735027 0.57735027
vn 0.57735027 0.57735027 -0.57735027
vn -0.57735027 -0.57735027 0.57735027
vn -0.57735027 0.57735027 0.57735027
vn -0.57735027 -0.57735027 -0.57735027
vn 0.57735027 -0.57735027 -0.57735027
vn -0.57735027 0.57735027 -0.57735027
vn 0.57735027 0.57735027 0.57735027
vn 0.57735027 -0.57735027 0.57735027
vn 0.57735027 0.57735027 -0.57735027
vn -0.57735027 -0.57735027 0.57735027
vn -0.57735027 0.57735027 0.57735027
vn -0.57735027 -0.57735027 -0.57735027
vn 0.57735027 -0.57735027 -0.57735027
vn -0.57735027 0.57735027 -0.57735027
vn 0.57735027 0.57735027 0.57735027
vn 0.57735027 -0.57735027 0.57735027
vn 0.57735027 0.57735027 -0.57735027
vn -0.57735027 -0.57735027 0.57735027
vn -0.57735027 0.57735027 0.57735027
vn -0.57735027 -0.57735027 -0.57735027
vn 0.57735027 -0.57735027 -0.57735027
vn -0.57735027 0.57735027 -0.57735027
vn 0.57735027 0.57735027 0.57735027
vn 0.57735027 -0.57735027 0.57735027
vn 0.57735027 0.57735027 -0.57735027
vn -0.57735027 -0.57735027 0.57735027
vn -0.57735027 0.57735027 0.57735027
vn -0.57735027 -0.57735027 -0.57735027
vn 0.57735027 -0.57735027 -0.57735027
vn -0.57735027 0.57735027 -0.57735027
vn 0.57735027 0.57735027 0.57735027
vn 0.57735027 -0.57735027 0.57735027
vn 0.57735027 0.57735027 -0.57735027
vn -0.57735027 -0.57735027 0.57735027
vn -0.57735027 0.57735027 0.57735027
vn -0.57735027 -0.57735027 -0.57735027
vn 0.57735027 -0.57735027 -0.57735027
vn -0.57735027 0.57735027 -0.57735027
vn 0.57735027 0.57735027 0.57735027
vn 0.57735027 -0.57735027 0.57735027
vn 0.57735027 0.57735027 -0.57735027
vn -0.57735027 -0.57735027 0.57735027
vn -0.57735027 0.57735027 0.57735027
vn -0.57735027 -0.57735027 -0.57735027
vn 0.57735027 -0.57735027 -0.57735027
vn -0.57735027 0.57735027 -0.57735027
vn 0.57735027 0.57735027 0.57735027
vn 0.57735027 -0.57735027 0.57735027
vn 0.57735027 0.57735027 -0.57735027
vn -0.57735027 -0.57735027 0.57735027
vn -0.57735027 0.57735027 0.57735027
vn -0.57735027 -0.57735027 -0.57735027
vn 0.57735027 -0.57735027 -0.57735027
vn -0.57735027 0.57735027 -0.57735027
vn 0.57735027 0.57735027 0.57735027
vn 0.57735027 -0.57735027 0.57735027
vn 0.57735027 0.57735027 -0.57735027
vn -0.57735027 -0.57735027 0.57735027
vn -0.57735027 0.57735027 0.57735027
vn -0.57735027 -0.57735027 -0.57735027
vn 0.57735027 -0.57735027 -0.57735027
vn -0.57735027 0.57735027 -0.57735027
vn 0.57735027 0.57735027 0.57735027
vn 0.57735027 -0.57735027 0.57735027
vn 0.57735027 0.57735027 -0.57735027
vn -0.57735027 -0.57735027 0.57735027
vn -0.57735027 0.57735027 0.57735027
vn -0.57735027 -0.57735027 -0.57735027
vn 0.57735027 -0.57735027 -0.57735027
vn -0.57735027 0.57735027 -0.57735027
vn 0.57735027 0.57735027 0.57735027
vn 0.57735027 -0.57735027 0.57735027
vn 0.57735027 0.57735027 -0.57735027
vn -0.57735027 -0.57735027 0.57735027
vn -0.57735027 0.57735027 0.57735027
vn -0.57735027 -0.57735027 -0.57735027
vn 0.57735027 -0.57735027 -0.57735027
vn -0.57735027 0.57735027 -0.57735027
vn 0.57735027 0.57735027 0.57735027
vn 0.57735027 -0.57735027 0.57735027
vn 0.57735027 0.57735027 -0.57735027
vn -0.57735027 -0.57735027 0.57735027
vn -0.57735027 0.57735027 0.57735027
vn -0.57735027 -0.57735027 -0.57735027
vn 0.57735027 -0.57735027 -0.57735027
vn -0.57735027 0.57735027 -0.57735027
vn 0.57735027 0.57735027 0.57735027
vn 0.57735027 -0.57735027 0.57735027
vn 0.57735027 0.57735027 -0.57735027
vn -0.57735027 -0.57735027 0.57735027
vn -0.57735027 0.57735027 0.57735027
vn -0.57735027 -0.57735027 -0.57735027
vn 0.57735027 -0.57735027 -0.57735027
vn -0.57735027 0.57735027 -0.57735027
vn 0.57735027 0.57735027 0.57735027
vn 0.57735027 -0.57735027 0.57735027
vn 0.57735027 0.57735027 -0.57735027
vn -0.57735027 -0.57735027 0.57735027
vn -0.57735027 0.57735027 0.57735027
vn -0.57735027 -0.57735027 -0.57735027
vn 0.57735027 -0.57735027 -0.57735027
vn -0.57735027 0.57735027 -0.57735027
vn 0.57735027 0.57735027 0.57735027
vn 0.57735027 -0.57735027 0.57735027
vn 0.57735027 0.57735027 -0.57735027
vn -0.57735027 -0.57735027 0.57735027
vn -0.57735027 0.57735027 0.57735027
vn -0.57735027 -0.57735027 -0.57735027
vn 0.57735027 -0.57735027 -0.57735027
vn -0.57735027 0.57735027 -0.57735027
vn 0.57735027 0.57735027 0.57735027
vn 0.57735027 -0.57735027 0.57735027
vn 0.57735027 0.57735027 -0.57735027
vn -0.57735027 -0.57735027 0.57735027
vn -0.57735027 0.57735027 0.57735027
vn -0.57735027 -0.57735027 -0.57735027
vn 0.57735027 -0.57735027 -0.57735027
vn -0.57735027 0.57735027 -0.57735027
vn 0.57735027 0.57735027 0.57735027
vn 0.57735027 -0.57735027 0.57735027
vn 0.57735027 0.57735027 -0.57735027
vn -0.57735027 -0.57735027 0.57735027
vn -0.57735027 0.57735027 0.57735027
vn -0.57735027 -0.57735027 -0.57735027
vn 0.57735027 -0.57735027 -0.57735027
vn -0.57735027 0.57735027 -0.57735027
vn 0.57735027 0.57735027 0.57735027
vn 0.57735027 -0.57735027 0.57735027
vn 0.57735027 0.57735027 -0.57735027
vn -0.57735027 -0.57735027 0.57735027
vn -0.57735027 0.57735027 0.57735027
vn -0.57735027 -0.57735027 -0.57735027
vn 0.57735027 -0.57735027 -0.57735027
vn -0.57735027 0.57735027 -0.57735027
vn 0.57735027 0.57735027 0.57735027
vn 0.57735027 -0.57735027 0.57735027
vn 0.57735027 0.57735027 -0.57735027
vn -0.57735027 -0.57735027 0.57735027
vn -0.57735027 0.57735027 0.57735027
vn -0.57735027 -0.57735027 -0.57735027
vn 0.57735027 -0.57735027 -0.57735027
vn -0.57735027 0.57735027 -0.57735027
vn 0.57735027 0.57735027 0.57735027
vn 0.57735027 -0.57735027 0.57735027
vn 0.57735027 0.57735027 -0.57735027
vn -0.57735027 -0.57735027 0.57735027
vn -0.57735027 0.57735027 0.57735027
vn -0.57735027 -0.57735027 -0.57735027
vn 0.57735027 -0.57735027 -0.57735027
vn -0.57735027 0.57735027 -0.57735027
vn 0.57735027 0.57735027 0.57735027
vn 0.57735027 -0.57735027 0.57735027
vn 0.57735027 0.57735027 -0.57735027
vn -0.57735027 -0.57735027 0.57735027
vn -0.57735027 0.57735027 0.57735027
vn -0.57735027 -0.57735027 -0.57735027
vn 0.57735027 -0.57735027 -0.57735027
vn -0.57735027 0.57735027 -0.57735027
vn 0.57735027 0.57735027 0.57735027
vn 0.57735027 -0.57735027 0.57735027
vn 0.57735027 0.57735027 -0.57735027
vn -0.57735027 -0.57735027 0.57735027
vn -0.57735027 0.57735027 0.57735027
vn -0.57735027 -0.57735027 -0.57735027
vn 0.57735027 -0.57735027 -0.57735027
vn -0.57735027 0.57735027 -0.57735027
vn 0.57735027 0.57735027 0.57735027
vn 0.57735027 -0.57735027 0.57735027
vn 0.57735027 0.57735027 -0.57735027
vn -0.57735027 -0.57735027 0.57735027
vn -0.57735027 0.57735027 0.57735027
vn -0.57735027 -0.57735027 -0.57735027
vn 0.57735027 -0.57735027 -0.57735027
vn -0.57735027 0.57735027 -0.57735027
vn 0.57735027 0.57735027 0.57735027
vn 0.57735027 -0.57735027 0.57735027
vn 0.57735027 0.57735027 -0.57735027
vn -0.70923528 0.19004068 -0.67887397
vn 0.00000000 0.00000000 -1.00000000
vn -0.73425383 0.00000008 -0.67887504
vn -0.70923528 0.19004068 0.67887397
vn -0.73425383 0.00000008 0.67887504
vn -0.70923531 -0.19004060 -0.67887395
vn -0.63588216 0.36712874 -0.67887434
vn -0.63588216 0.36712874 0.67887434
vn 0.73425518 0.00000008 -0.67887357
vn 0.70923472 0.19003827 -0.67887522
vn 0.63588384 0.36712657 -0.67887394
vn 0.51919591 0.51919677 -0.67887430
vn 0.36712699 0.63588297 -0.67887453
vn 0.19003859 0.70923526 -0.67887457
vn 0.00000034 0.73425451 -0.67887430
vn -0.19003922 0.70923513 -0.67887453
vn -0.36712813 0.63588297 -0.67887391
vn -0.51919689 0.51919490 -0.67887499
vn -0.63588206 -0.36712890 -0.67887435
vn -0.51919682 -0.51919510 -0.67887488
vn -0.36712804 -0.63588282 -0.67887410
vn -0.19003927 -0.70923532 -0.67887432
vn 0.00000034 -0.73425430 -0.67887452
vn 0.19003864 -0.70923546 -0.67887435
vn 0.36712690 -0.63588281 -0.67887472
vn 0.51919583 -0.51919698 -0.67887420
vn 0.63588372 -0.36712674 -0.67887396
vn 0.70923476 -0.19003819 -0.67887521
vn 0.00000000 0.00000000 1.00000000
vn -0.70923531 -0.19004060 0.67887395
vn -0.51919689 0.51919490 0.67887499
vn 0.73425518 0.00000008 0.67887357
vn 0.70923476 -0.19003819 0.67887521
vn 0.70923472 0.19003827 0.67887522
vn 0.63588384 0.36712657 0.67887394
vn 0.51919591 0.51919677 0.67887430
vn 0.36712699 0.63588297 0.67887453
vn 0.19003859 0.70923526 0.67887457
vn 0.00000034 0.73425451 0.67887430
vn -0.19003922 0.70923513 0.67887453
vn -0.36712813 0.63588297 0.67887391
vn -0.63588206 -0.36712890 0.67887435
vn -0.51919682 -0.51919510 0.67887488
vn -0.36712804 -0.63588282 0.67887410
vn -0.19003927 -0.70923532 0.67887432
vn 0.00000034 -0.73425430 0.67887452
vn 0.19003864 -0.70923546 0.67887435
vn 0.36712690 -0.63588281 0.67887472
vn 0.51919583 -0.51919698 0.67887420
vn 0.63588372 -0.36712674 0.67887396
vn -0.70923607 0.19003835 -0.67887379
vn 0.00000000 0.00000000 -1.00000000
vn -0.73425383 -0.00000008 -0.67887504
vn -0.70923607 0.19003835 0.67887379
vn -0.73425383 -0.00000008 0.67887504
vn -0.70923604 -0.19003843 -0.67887380
vn -0.63588200 0.36712846 -0.67887464
vn -0.63588200 0.36712846 0.67887464
vn 0.73425383 -0.00000008 -0.67887504
vn 0.70923531 0.19004060 -0.67887395
vn 0.63588260 0.36712687 -0.67887494
vn 0.51919782 0.51919544 -0.67887386
vn 0.36712647 0.63588323 -0.67887456
vn 0.19003957 0.70923515 -0.67887441
vn 0.00000034 0.73425430 -0.67887452
vn -0.19003834 0.70923563 -0.67887425
vn -0.36712845 0.63588240 -0.67887427
vn -0.51919663 0.51919559 -0.67887466
vn -0.63588211 -0.36712830 -0.67887462
vn -0.51919671 -0.51919538 -0.67887475
vn -0.36712854 -0.63588256 -0.67887408
vn -0.19003829 -0.70923544 -0.67887447
vn 0.00000034 -0.73425451 -0.67887430
vn 0.19003952 -0.70923495 -0.67887463
vn 0.36712656 -0.63588339 -0.67887437
vn 0.51919789 -0.51919524 -0.67887396
vn 0.63588270 -0.36712671 -0.67887493
vn 0.70923528 -0.19004068 -0.67887397
vn 0.00000000 0.00000000 1.00000000
vn -0.70923604 -0.19003843 0.67887380
vn -0.51919663 0.51919559 0.67887466
vn 0.73425383 -0.00000008 0.67887504
vn 0.70923528 -0.19004068 0.67887397
vn 0.70923531 0.19004060 0.67887395
vn 0.63588260 0.36712687 0.67887494
vn 0.51919782 0.51919544 0.67887386
vn 0.36712647 0.63588323 0.67887456
vn 0.19003957 0.70923515 0.67887441
vn 0.00000034 0.73425430 0.67887452
vn -0.19003834 0.70923563 0.67887425
vn -0.36712845 0.63588240 0.67887427
vn -0.63588211 -0.36712830 0.67887462
vn -0.51919671 -0.51919538 0.67887475
vn -0.36712854 -0.63588256 0.67887408
vn -0.19003829 -0.70923544 0.67887447
vn 0.00000034 -0.73425451 0.67887430
vn 0.19003952 -0.70923495 0.67887463
vn 0.36712656 -0.63588339 0.67887437
vn 0.51919789 -0.51919524 0.67887396
vn 0.63588270 -0.36712671 0.67887493
vn -0.71390183 0.14200350 -0.68569613
vn 0.00000000 0.00000000 -1.00000000
vn -0.72788712 -0.00000000 -0.68569697
vn -0.71390183 0.14200350 0.68569613
vn -0.72788712 0.00000000 0.68569697
vn -0.71390183 -0.14200350 -0.68569613
vn -0.67248015 0.27855172 -0.68569628
vn -0.67248015 0.27855172 0.68569628
vn 0.72788796 0.00000000 -0.68569609
vn 0.71390113 0.14200489 -0.68569658
vn 0.67248031 0.27855035 -0.68569667
vn 0.60521732 0.40439154 -0.68569634
vn 0.51469504 0.51469356 -0.68569640
vn 0.40439208 0.60521700 -0.68569631
vn 0.27854966 0.67248071 -0.68569657
vn 0.14200383 0.71390148 -0.68569643
vn 0.00000000 0.72788755 -0.68569652
vn -0.14200383 0.71390148 -0.68569643
vn -0.27855039 0.67248062 -0.68569636
vn -0.40439256 0.60521644 -0.68569652
vn -0.51469504 0.51469356 -0.68569640
vn -0.60521628 0.40439243 -0.68569674
vn -0.67248015 -0.27855172 -0.68569628
vn -0.60521628 -0.40439243 -0.68569674
vn -0.51469504 -0.51469356 -0.68569640
vn -0.40439256 -0.60521644 -0.68569652
vn -0.27855039 -0.67248062 -0.68569636
vn -0.14200383 -0.71390148 -0.68569643
vn -0.00000000 -0.72788755 -0.68569652
vn 0.14200383 -0.71390148 -0.68569643
vn 0.27854966 -0.67248071 -0.68569657
vn 0.40439208 -0.60521700 -0.68569631
vn 0.51469504 -0.51469356 -0.68569640
vn 0.60521732 -0.40439154 -0.68569634
vn 0.67248031 -0.27855035 -0.68569667
vn 0.71390113 -0.14200489 -0.68569658
vn 0.00000000 0.00000000 1.00000000
vn -0.71390183 -0.14200350 0.68569613
vn -0.60521628 0.40439243 0.68569674
vn 0.72788796 -0.00000000 0.68569609
vn 0.71390113 -0.14200489 0.68569658
vn 0.71390113 0.14200489 0.68569658
vn 0.67248031 0.27855035 0.68569667
vn 0.60521732 0.40439154 0.68569634
vn 0.51469504 0.51469356 0.68569640
vn 0.40439208 0.60521700 0.68569631
vn 0.27854966 0.67248071 0.68569657
vn 0.14200383 0.71390148 0.68569643
vn -0.00000000 0.72788755 0.68569652
vn -0.14200383 0.71390148 0.68569643
vn -0.27855039 0.67248062 0.68569636
vn -0.40439256 0.60521644 0.68569652
vn -0.51469504 0.51469356 0.68569640
vn -0.67248015 -0.27855172 0.68569628
vn -0.60521628 -0.40439243 0.68569674
vn -0.51469504 -0.51469356 0.68569640
vn -0.40439256 -0.60521644 0.68569652
vn -0.27855039 -0.67248062 0.68569636
vn -0.14200383 -0.71390148 0.68569643
vn 0.00000000 -0.72788755 0.68569652
vn 0.14200383 -0.71390148 0.68569643
vn 0.27854966 -0.67248071 0.68569657
vn 0.40439208 -0.60521700 0.68569631
vn 0.51469504 -0.51469356 0.68569640
vn 0.60521732 -0.40439154 0.68569634
vn 0.67248031 -0.27855035 0.68569667
vn -0.57735027 -0.57735027 0.57735027
vn -0.57735027 0.57735027 0.57735027
vn -0.57735027 -0.57735027 -0.57735027
vn 0.57735027 -0.57735027 -0.57735027
vn -0.57735027 0.57735027 -0.57735027
vn 0.57735027 0.57735027 0.57735027
vn 0.57735027 -0.57735027 0.57735027
vn 0.57735027 0.57735027 -0.57735027
vn -0.57735027 -0.57735027 0.57735027
vn -0.57735027 0.57735027 0.57735027
vn -0.57735027 -0.57735027 -0.57735027
vn 0.57735027 -0.57735027 -0.57735027
vn -0.57735027 0.57735027 -0.57735027
vn 0.57735027 0.57735027 0.57735027
vn 0.57735027 -0.57735027 0.57735027
vn 0.57735027 0.57735027 -0.57735027
vn -0.57735027 -0.57735027 -0.57735027
vn -0.57735027 -0.57735027 0.57735027
vn -0.57735027 0.57735027 -0.57735027
vn 0.57735027 0.57735027 -0.57735027
vn 0.57735027 -0.57735027 0.57735027
vn 0.57735027 -0.57735027 -0.57735027
vn -0.57735027 0.57735027 0.57735027
vn 0.57735027 0.57735027 0.57735027
vn -0.57735027 -0.57735027 -0.57735027
vn -0.57735027 -0.57735027 0.57735027
vn -0.57735027 0.57735027 -0.57735027
vn 0.57735027 0.57735027 -0.57735027
vn 0.57735027 -0.57735027 0.57735027
vn 0.57735027 -0.57735027 -0.57735027
vn -0.57735027 0.57735027 0.57735027
vn 0.57735027 0.57735027 0.57735027
vn -0.57735027 -0.57735027 -0.57735027
vn -0.57735027 -0.57735027 0.57735027
vn -0.57735027 0.57735027 -0.57735027
vn 0.57735027 0.57735027 -0.57735027
vn 0.57735027 -0.57735027 0.57735027
vn 0.57735027 -0.57735027 -0.57735027
vn -0.57735027 0.57735027 0.57735027
vn 0.57735027 0.57735027 0.57735027
vn -0.57735027 -0.57735027 -0.57735027
vn -0.57735027 -0.57735027 0.57735027
vn -0.57735027 0.57735027 -0.57735027
vn 0.57735027 0.57735027 -0.57735027
vn 0.57735027 -0.57735027 0.57735027
vn 0.57735027 -0.57735027 -0.57735027
vn -0.57735027 0.57735027 0.57735027
vn 0.57735027 0.57735027 0.57735027
vn -0.57735027 -0.57735027 -0.57735027
vn -0.57735027 -0.57735027 0.57735027
vn -0.57735027 0.57735027 -0.57735027
vn 0.57735027 0.57735027 -0.57735027
vn 0.57735027 -0.57735027 0.57735027
vn 0.57735027 -0.57735027 -0.57735027
vn -0.57735027 0.57735027 0.57735027
vn 0.57735027 0.57735027 0.57735027
vn -0.57735027 -0.57735027 -0.57735027
vn -0.57735027 -0.57735027 0.57735027
vn -0.57735027 0.57735027 -0.57735027
vn 0.57735027 0.57735027 -0.57735027
vn 0.57735027 -0.57735027 0.57735027
vn 0.57735027 -0.57735027 -0.57735027
vn -0.57735027 0.57735027 0.57735027
vn 0.57735027 0.57735027 0.57735027
vn -0.57735027 -0.57735027 -0.57735027
vn -0.57735027 -0.57735027 0.57735027
vn -0.57735027 0.57735027 -0.57735027
vn 0.57735027 0.57735027 -0.57735027
vn 0.57735027 -0.57735027 0.57735027
vn 0.57735027 -0.57735027 -0.57735027
vn -0.57735027 0.57735027 0.57735027
vn 0.57735027 0.57735027 0.57735027
vn -0.57735027 -0.57735027 -0.57735027
vn -0.57735027 -0.57735027 0.57735027
vn -0.57735027 0.57735027 -0.57735027
vn 0.57735027 0.57735027 -0.57735027
vn 0.57735027 -0.57735027 0.57735027
vn 0.57735027 -0.57735027 -0.57735027
vn -0.57735027 0.57735027 0.57735027
vn 0.57735027 0.57735027 0.57735027
vn -0.57735027 -0.57735027 -0.57735027
vn -0.57735027 -0.57735027 0.57735027
vn -0.57735027 0.57735027 -0.57735027
vn 0.57735027 0.57735027 -0.57735027
vn 0.57735027 -0.57735027 0.57735027
vn 0.57735027 -0.57735027 -0.57735027
vn -0.57735027 0.57735027 0.57735027
vn 0.57735027 0.57735027 0.57735027
vn -0.57735027 -0.57735027 -0.57735027
vn -0.57735027 -0.57735027 0.57735027
vn -0.57735027 0.57735027 -0.57735027
vn 0.57735027 0.57735027 -0.57735027
vn 0.57735027 -0.57735027 0.57735027
vn 0.57735027 -0.57735027 -0.57735027
vn -0.57735027 0.57735027 0.57735027
vn 0.57735027 0.57735027 0.57735027
vn -0.57735027 -0.57735027 -0.57735027
vn -0.57735027 -0.57735027 0.57735027
vn -0.57735027 0.57735027 -0.57735027
vn 0.57735027 0.57735027 -0.57735027
vn 0.57735027 -0.57735027 0.57735027
vn 0.57735027 -0.57735027 -0.57735027
vn -0.57735027 0.57735027 0.57735027
vn 0.57735027 0.57735027 0.57735027
vn -0.57735027 -0.57735027 -0.57735027
vn -0.57735027 -0.57735027 0.57735027
vn -0.57735027 0.57735027 -0.57735027
vn 0.57735027 0.57735027 -0.57735027
vn 0.57735027 -0.57735027 0.57735027
vn 0.57735027 -0.57735027 -0.57735027
vn -0.57735027 0.57735027 0.57735027
vn 0.57735027 0.57735027 0.57735027
vn -0.57735027 -0.57735027 -0.57735027
vn -0.57735027 -0.57735027 0.57735027
vn -0.57735027 0.57735027 -0.57735027
vn 0.57735027 0.57735027 -0.57735027
vn 0.57735027 -0.57735027 0.57735027
vn 0.57735027 -0.57735027 -0.57735027
vn -0.57735027 0.57735027 0.57735027
vn 0.57735027 0.57735027 0.57735027
vn -0.57735027 -0.57735027 -0.57735027
vn -0.57735027 -0.57735027 0.57735027
vn -0.57735027 0.57735027 -0.57735027
vn 0.57735027 0.57735027 -0.57735027
vn 0.57735027 -0.57735027 0.57735027
vn 0.57735027 -0.57735027 -0.57735027
vn -0.57735027 0.57735027 0.57735027
vn 0.57735027 0.57735027 0.57735027
vn -0.57735027 -0.57735027 -0.57735027
vn -0.57735027 -0.57735027 0.57735027
vn -0.57735027 0.57735027 -0.57735027
vn 0.57735027 0.57735027 -0.57735027
vn 0.57735027 -0.57735027 0.57735027
vn 0.57735027 -0.57735027 -0.57735027
vn -0.57735027 0.57735027 0.57735027
vn 0.57735027 0.57735027 0.57735027
vn -0.57735027 -0.57735027 -0.57735027
vn -0.57735027 -0.57735027 0.57735027
vn -0.57735027 0.57735027 -0.57735027
vn 0.57735027 0.57735027 -0.57735027
vn 0.57735027 -0.57735027 0.57735027
vn 0.57735027 -0.57735027 -0.57735027
vn -0.57735027 0.57735027 0.57735027
vn 0.57735027 0.57735027 0.57735027
vn -0.57735027 -0.57735027 -0.57735027
vn -0.57735027 -0.57735027 0.57735027
vn -0.57735027 0.57735027 -0.57735027
vn 0.57735027 0.57735027 -0.57735027
vn 0.57735027 -0.57735027 0.57735027
vn 0.57735027 -0.57735027 -0.57735027
vn -0.57735027 0.57735027 0.57735027
vn 0.57735027 0.57735027 0.57735027
vn -0.57735027 -0.57735027 -0.57735027
vn -0.57735027 -0.57735027 0.57735027
vn -0.57735027 0.57735027 -0.57735027
vn 0.57735027 0.57735027 -0.57735027
vn 0.57735027 -0.57735027 0.57735027
vn 0.57735027 -0.57735027 -0.57735027
vn -0.57735027 0.57735027 0.57735027
vn 0.57735027 0.57735027 0.57735027
vn -0.57735027 -0.57735027 -0.57735027
vn -0.57735027 -0.57735027 0.57735027
vn -0.57735027 0.57735027 -0.57735027
vn 0.57735027 0.57735027 -0.57735027
vn 0.57735027 -0.57735027 0.57735027
vn 0.57735027 -0.57735027 -0.57735027
vn -0.57735027 0.57735027 0.57735027
vn 0.57735027 0.57735027 0.57735027
vn -0.57735027 -0.57735027 -0.57735027
vn -0.57735027 -0.57735027 0.57735027
vn -0.57735027 0.57735027 -0.57735027
vn 0.57735027 0.57735027 -0.57735027
vn 0.57735027 -0.57735027 0.57735027
vn 0.57735027 -0.57735027 -0.57735027
vn -0.57735027 0.57735027 0.57735027
vn 0.57735027 0.57735027 0.57735027
vn -0.57735027 -0.57735027 -0.57735027
vn -0.57735027 -0.57735027 0.57735027
vn -0.57735027 0.57735027 -0.57735027
vn 0.57735027 0.57735027 -0.57735027
vn 0.57735027 -0.57735027 0.57735027
vn 0.57735027 -0.57735027 -0.57735027
vn -0.57735027 0.57735027 0.57735027
vn 0.57735027 0.57735027 0.57735027
vn -0.57735027 -0.57735027 -0.57735027
vn -0.57735027 -0.57735027 0.57735027
vn -0.57735027 0.57735027 -0.57735027
vn 0.57735027 0.57735027 -0.57735027
vn 0.57735027 -0.57735027 0.57735027
vn 0.57735027 -0.57735027 -0.57735027
vn -0.57735027 0.57735027 0.57735027
vn 0.57735027 0.57735027 0.57735027
vn -0.57735027 -0.57735027 -0.57735027
vn -0.57735027 -0.57735027 0.57735027
vn -0.57735027 0.57735027 -0.57735027
vn 0.57735027 0.57735027 -0.57735027
vn 0.57735027 -0.57735027 0.57735027
vn 0.57735027 -0.57735027 -0.57735027
vn -0.57735027 0.57735027 0.57735027
vn 0.57735027 0.57735027 0.57735027
vn -0.57735027 -0.57735027 -0.57735027
vn -0.57735027 -0.57735027 0.57735027
vn -0.57735027 0.57735027 -0.57735027
vn 0.57735027 0.57735027 -0.57735027
vn 0.57735027 -0.57735027 0.57735027
vn 0.57735027 -0.57735027 -0.57735027
vn -0.57735027 0.57735027 0.57735027
vn 0.57735027 0.57735027 0.57735027
vn -0.57735027 -0.57735027 -0.57735027
vn -0.57735027 -0.57735027 0.57735027
vn -0.57735027 0.57735027 -0.57735027
vn 0.57735027 0.57735027 -0.57735027
vn 0.57735027 -0.57735027 0.57735027
vn 0.57735027 -0.57735027 -0.57735027
vn -0.57735027 0.57735027 0.57735027
vn 0.57735027 0.57735027 0.57735027
vn -0.57735027 -0.57735027 -0.57735027
vn -0.57735027 -0.57735027 0.57735027
vn -0.57735027 0.57735027 -0.57735027
vn 0.57735027 0.57735027 -0.57735027
vn 0.57735027 -0.57735027 0.57735027
vn 0.57735027 -0.57735027 -0.57735027
vn -0.57735027 0.57735027 0.57735027
vn 0.57735027 0.57735027 0.57735027
vn -0.57735027 -0.57735027 -0.57735027
vn -0.57735027 -0.57735027 0.57735027
vn -0.57735027 0.57735027 -0.57735027
vn 0.57735027 0.57735027 -0.57735027
vn 0.57735027 -0.57735027 0.57735027
vn 0.57735027 -0.57735027 -0.57735027
vn -0.57735027 0.57735027 0.57735027
vn 0.57735027 0.57735027 0.57735027
vn -0.57735027 -0.57735027 -0.57735027
vn -0.57735027 -0.57735027 0.57735027
vn -0.57735027 0.57735027 -0.57735027
vn 0.57735027 0.57735027 -0.57735027
vn 0.57735027 -0.57735027 0.57735027
vn 0.57735027 -0.57735027 -0.57735027
vn -0.57735027 0.57735027 0.57735027
vn 0.57735027 0.57735027 0.57735027
vn -0.57735027 -0.57735027 -0.57735027
vn -0.57735027 -0.57735027 0.57735027
vn -0.57735027 0.57735027 -0.57735027
vn 0.57735027 0.57735027 -0.57735027
vn 0.57735027 -0.57735027 0.57735027
vn 0.57735027 -0.57735027 -0.57735027
vn -0.57735027 0.57735027 0.57735027
vn 0.57735027 0.57735027 0.57735027
vn -0.57735027 -0.57735027 -0.57735027
vn -0.57735027 -0.57735027 0.57735027
vn -0.57735027 0.57735027 -0.57735027
vn 0.57735027 0.57735027 -0.57735027
vn 0.57735027 -0.57735027 0.57735027
vn 0.57735027 -0.57735027 -0.57735027
vn -0.57735027 0.57735027 0.57735027
vn 0.57735027 0.57735027 0.57735027
vn -0.57735027 -0.57735027 -0.57735027
vn -0.57735027 -0.57735027 0.57735027
vn -0.57735027 0.57735027 -0.57735027
vn 0.57735027 0.57735027 -0.57735027
vn 0.57735027 -0.57735027 0.57735027
vn 0.57735027 -0.57735027 -0.57735027
vn -0.57735027 0.57735027 0.57735027
vn 0.57735027 0.57735027 0.57735027
vn -0.57735027 -0.57735027 -0.57735027
vn -0.57735027 -0.57735027 0.57735027
vn -0.57735027 0.57735027 -0.57735027
vn 0.57735027 0.57735027 -0.57735027
vn 0.57735027 -0.57735027 0.57735027
vn 0.57735027 -0.57735027 -0.57735027
vn -0.57735027 0.57735027 0.57735027
vn 0.57735027 0.57735027 0.57735027
vn -0.57735027 -0.57735027 -0.57735027
vn -0.57735027 -0.57735027 0.57735027
vn -0.57735027 0.57735027 -0.57735027
vn 0.57735027 0.57735027 -0.57735027
vn 0.57735027 -0.57735027 0.57735027
vn 0.57735027 -0.57735027 -0.57735027
vn -0.57735027 0.57735027 0.57735027
vn 0.57735027 0.57735027 0.57735027
vn -0.57735027 -0.57735027 -0.57735027
vn -0.57735027 -0.57735027 0.57735027
vn -0.57735027 0.57735027 -0.57735027
vn 0.57735027 0.57735027 -0.57735027
vn 0.57735027 -0.57735027 0.57735027
vn 0.57735027 -0.57735027 -0.57735027
vn -0.57735027 0.57735027 0.57735027
vn 0.57735027 0.57735027 0.57735027
vn -0.57735027 -0.57735027 -0.57735027
vn -0.57735027 -0.57735027 0.57735027
vn -0.57735027 0.57735027 -0.57735027
vn 0.57735027 0.57735027 -0.57735027
vn 0.57735027 -0.57735027 0.57735027
vn 0.57735027 -0.57735027 -0.57735027
vn -0.57735027 0.57735027 0.57735027
vn 0.57735027 0.57735027 0.57735027
vn -0.57735027 -0.57735027 -0.57735027
vn -0.57735027 -0.57735027 0.57735027
vn -0.57735027 0.57735027 -0.57735027
vn 0.57735027 0.57735027 -0.57735027
vn 0.57735027 -0.57735027 0.57735027
vn 0.57735027 -0.57735027 -0.57735027
vn -0.57735027 0.57735027 0.57735027
vn 0.57735027 0.57735027 0.57735027
vn -0.57735027 -0.57735027 -0.57735027
vn -0.57735027 -0.57735027 0.57735027
vn -0.57735027 0.57735027 -0.57735027
vn 0.57735027 0.57735027 -0.57735027
vn 0.57735027 -0.57735027 0.57735027
vn 0.57735027 -0.57735027 -0.57735027
vn -0.57735027 0.57735027 0.57735027
vn 0.57735027 0.57735027 0.57735027
vn -0.57735027 -0.57735027 -0.57735027
vn -0.57735027 -0.57735027 0.57735027
vn -0.57735027 0.57735027 -0.57735027
vn 0.57735027 0.57735027 -0.57735027
vn 0.57735027 -0.57735027 0.57735027
vn 0.57735027 -0.57735027 -0.57735027
vn -0.57735027 0.57735027 0.57735027
vn 0.57735027 0.57735027 0.57735027
vn -0.57735027 -0.57735027 -0.57735027
vn -0.57735027 -0.57735027 0.57735027
vn -0.57735027 0.57735027 -0.57735027
vn 0.57735027 0.57735027 -0.57735027
vn 0.57735027 -0.57735027 0.57735027
vn 0.57735027 -0.57735027 -0.57735027
vn -0.57735027 0.57735027 0.57735027
vn 0.57735027 0.57735027 0.57735027
vn -0.57735027 -0.57735027 -0.57735027
vn -0.57735027 -0.57735027 0.57735027
vn -0.57735027 0.57735027 -0.57735027
vn 0.57735027 0.57735027 -0.57735027
vn 0.57735027 -0.57735027 0.57735027
vn 0.57735027 -0.57735027 -0.57735027
vn -0.57735027 0.57735027 0.57735027
vn 0.57735027 0.57735027 0.57735027
vn -0.57735027 -0.57735027 -0.57735027
vn -0.57735027 -0.57735027 0.57735027
vn -0.57735027 0.57735027 -0.57735027
vn 0.57735027 0.57735027 -0.57735027
vn 0.57735027 -0.57735027 0.57735027
vn 0.57735027 -0.57735027 -0.57735027
vn -0.57735027 0.57735027 0.57735027
vn 0.57735027 0.57735027 0.57735027
vn -0.57735027 -0.57735027 -0.57735027
vn -0.57735027 -0.57735027 0.57735027
vn -0.57735027 0.57735027 -0.57735027
vn 0.57735027 0.57735027 -0.57735027
vn 0.57735027 -0.57735027 0.57735027
vn 0.57735027 -0.57735027 -0.57735027
vn -0.57735027 0.57735027 0.57735027
vn 0.57735027 0.57735027 0.57735027
vn -0.57735027 -0.57735027 -0.57735027
vn -0.57735027 -0.57735027 0.57735027
vn -0.57735027 0.57735027 -0.57735027
vn 0.57735027 0.57735027 -0.57735027
vn 0.57735027 -0.57735027 0.57735027
vn 0.57735027 -0.57735027 -0.57735027
vn -0.57735027 0.57735027 0.57735027
vn 0.57735027 0.57735027 0.57735027
vn -0.57735027 -0.57735027 -0.57735027
vn -0.57735027 -0.57735027 0.57735027
vn -0.57735027 0.57735027 -0.57735027
vn 0.57735027 0.57735027 -0.57735027
vn 0.57735027 -0.57735027 0.57735027
vn 0.57735027 -0.57735027 -0.57735027
vn -0.57735027 0.57735027 0.57735027
vn 0.57735027 0.57735027 0.57735027
vn -0.57735027 -0.57735027 -0.57735027
vn -0.57735027 -0.57735027 0.57735027
vn -0.57735027 0.57735027 -0.57735027
vn 0.57735027 0.57735027 -0.57735027
vn 0.57735027 -0.57735027 0.57735027
vn 0.57735027 -0.57735027 -0.57735027
vn -0.57735027 0.57735027 0.57735027
vn 0.57735027 0.57735027 0.57735027
vn -0.57735027 -0.57735027 -0.57735027
vn -0.57735027 -0.57735027 0.57735027
vn -0.57735027 0.57735027 -0.57735027
vn 0.57735027 0.57735027 -0.57735027
vn 0.57735027 -0.57735027 0.57735027
vn 0.57735027 -0.57735027 -0.57735027
vn -0.57735027 0.57735027 0.57735027
vn 0.57735027 0.57735027 0.57735027
vn -0.57735027 -0.57735027 -0.57735027
vn -0.57735027 -0.57735027 0.57735027
vn -0.57735027 0.57735027 -0.57735027
vn 0.57735027 0.57735027 -0.57735027
vn 0.57735027 -0.57735027 0.57735027
vn 0.57735027 -0.57735027 -0.57735027
vn -0.57735027 0.57735027 0.57735027
vn 0.57735027 0.57735027 0.57735027
vn -0.57735027 -0.57735027 -0.57735027
vn -0.57735027 -0.57735027 0.57735027
vn -0.57735027 0.57735027 -0.57735027
vn 0.57735027 0.57735027 -0.57735027
vn 0.57735027 -0.57735027 0.57735027
vn 0.57735027 -0.57735027 -0.57735027
vn -0.57735027 0.57735027 0.57735027
vn 0.57735027 0.57735027 0.57735027
vn -0.57735027 -0.57735027 -0.57735027
vn -0.57735027 -0.57735027 0.57735027
vn -0.57735027 0.57735027 -0.57735027
vn 0.57735027 0.57735027 -0.57735027
vn 0.57735027 -0.57735027 0.57735027
vn 0.57735027 -0.57735027 -0.57735027
vn -0.57735027 0.57735027 0.57735027
vn 0.57735027 0.57735027 0.57735027
vn -0.57735027 -0.57735027 -0.57735027
vn -0.57735027 -0.57735027 0.57735027
vn -0.57735027 0.57735027 -0.57735027
vn 0.57735027 0.57735027 -0.57735027
vn 0.57735027 -0.57735027 0.57735027
vn 0.57735027 -0.57735027 -0.57735027
vn -0.57735027 0.57735027 0.57735027
vn 0.57735027 0.57735027 0.57735027
vn -0.57735027 -0.57735027 -0.57735027
vn -0.57735027 -0.57735027 0.57735027
vn -0.57735027 0.57735027 -0.57735027
vn 0.57735027 0.57735027 -0.57735027
vn 0.57735027 -0.57735027 0.57735027
vn 0.57735027 -0.57735027 -0.57735027
vn -0.57735027 0.57735027 0.57735027
vn 0.57735027 0.57735027 0.57735027
vn -0.57735027 -0.57735027 -0.57735027
vn -0.57735027 -0.57735027 0.57735027
vn -0.57735027 0.57735027 -0.57735027
vn 0.57735027 0.57735027 -0.57735027
vn 0.57735027 -0.57735027 0.57735027
vn 0.57735027 -0.57735027 -0.57735027
vn -0.57735027 0.57735027 0.57735027
vn 0.57735027 0.57735027 0.57735027
vn -0.57735027 -0.57735027 -0.57735027
vn -0.57735027 -0.57735027 0.57735027
vn -0.57735027 0.57735027 -0.57735027
vn 0.57735027 0.57735027 -0.57735027
vn 0.57735027 -0.57735027 0.57735027
vn 0.57735027 -0.57735027 -0.57735027
vn -0.57735027 0.57735027 0.57735027
vn 0.57735027 0.57735027 0.57735027
vn -0.57735027 -0.57735027 -0.57735027
vn -0.57735027 -0.57735027 0.57735027
vn -0.57735027 0.57735027 -0.57735027
vn 0.57735027 0.57735027 -0.57735027
vn 0.57735027 -0.57735027 0.57735027
vn 0.57735027 -0.57735027 -0.57735027
vn -0.57735027 0.57735027 0.57735027
vn 0.57735027 0.57735027 0.57735027
vn -0.57735027 -0.57735027 -0.57735027
vn -0.57735027 -0.57735027 0.57735027
vn -0.57735027 0.57735027 -0.57735027
vn 0.57735027 0.57735027 -0.57735027
vn 0.57735027 -0.57735027 0.57735027
vn 0.57735027 -0.57735027 -0.57735027
vn -0.57735027 0.57735027 0.57735027
vn 0.57735027 0.57735027 0.57735027
vn -0.57735027 -0.57735027 -0.57735027
vn -0.57735027 -0.57735027 0.57735027
vn -0.57735027 0.57735027 -0.57735027
vn 0.57735027 0.57735027 -0.57735027
vn 0.57735027 -0.57735027 0.57735027
vn 0.57735027 -0.57735027 -0.57735027
vn -0.57735027 0.57735027 0.57735027
vn 0.57735027 0.57735027 0.57735027
vn -0.57735027 -0.57735027 0.57735027
vn -0.57735027 0.57735027 0.57735027
vn -0.57735027 -0.57735027 -0.57735027
vn 0.57735027 -0.57735027 -0.57735027
vn -0.57735027 0.57735027 -0.57735027
vn 0.57735027 0.57735027 0.57735027
vn 0.57735027 -0.57735027 0.57735027
vn 0.57735027 0.57735027 -0.57735027
vn -0.70923549 0.19003910 -0.67887419
vn 0.00000000 0.00000000 -1.00000000
vn -0.73425425 0.00000004 -0.67887458
vn -0.70923549 0.19003910 0.67887419
vn -0.73425425 0.00000004 0.67887458
vn -0.70923549 -0.19003906 -0.67887419
vn -0.63588323 0.36712704 -0.67887426
vn -0.63588323 0.36712704 0.67887426
vn 0.73425546 0.00000004 -0.67887327
vn 0.70923433 0.19003895 -0.67887544
vn 0.63588378 0.36712700 -0.67887377
vn 0.51919545 0.51919662 -0.67887477
vn 0.36712762 0.63588317 -0.67887400
vn 0.19003857 0.70923506 -0.67887478
vn 0.00000000 0.73425462 -0.67887418
vn -0.19003950 0.70923515 -0.67887443
vn -0.36712710 0.63588329 -0.67887417
vn -0.51919561 0.51919620 -0.67887497
vn -0.63588318 -0.36712701 -0.67887432
vn -0.51919570 -0.51919630 -0.67887483
vn -0.36712702 -0.63588315 -0.67887434
vn -0.19003957 -0.70923541 -0.67887414
vn -0.00000000 -0.73425425 -0.67887458
vn 0.19003864 -0.70923532 -0.67887449
vn 0.36712754 -0.63588303 -0.67887418
vn 0.51919554 -0.51919671 -0.67887463
vn 0.63588373 -0.36712697 -0.67887383
vn 0.70923434 -0.19003891 -0.67887544
vn 0.00000000 0.00000000 1.00000000
vn -0.70923549 -0.19003906 0.67887419
vn -0.51919561 0.51919620 0.67887497
vn 0.73425546 0.00000004 0.67887327
vn 0.70923434 -0.19003891 0.67887544
vn 0.70923433 0.19003895 0.67887544
vn 0.63588378 0.36712700 0.67887377
vn 0.51919545 0.51919662 0.67887477
vn 0.36712762 0.63588317 0.67887400
vn 0.19003857 0.70923506 0.67887478
vn 0.00000000 0.73425462 0.67887418
vn -0.19003950 0.70923515 0.67887443
vn -0.36712710 0.63588329 0.67887417
vn -0.63588318 -0.36712701 0.67887432
vn -0.51919570 -0.51919630 0.67887483
vn -0.36712702 -0.63588315 0.67887434
vn -0.19003957 -0.70923541 0.67887414
vn 0.00000000 -0.73425425 0.67887458
vn 0.19003864 -0.70923532 0.67887449
vn 0.36712754 -0.63588303 0.67887418
vn 0.51919554 -0.51919671 0.67887463
vn 0.63588373 -0.36712697 0.67887383
vn -0.70923549 0.19003906 -0.67887419
vn 0.00000000 0.00000000 -1.00000000
vn -0.73425425 -0.00000004 -0.67887458
vn -0.70923549 0.19003906 0.67887419
vn -0.73425425 -0.00000004 0.67887458
vn -0.70923549 -0.19003910 -0.67887419
vn -0.63588267 0.36712671 -0.67887496
vn -0.63588267 0.36712671 0.67887496
vn 0.73425425 -0.00000004 -0.67887458
vn 0.70923549 0.19003906 -0.67887419
vn 0.63588368 0.36712519 -0.67887483
vn 0.51919661 0.51919659 -0.67887390
vn 0.36712564 0.63588353 -0.67887473
vn 0.19003984 0.70923525 -0.67887423
vn 0.00000059 0.73425424 -0.67887459
vn -0.19003928 0.70923546 -0.67887417
vn -0.36712679 0.63588276 -0.67887483
vn -0.51919644 0.51919703 -0.67887370
vn -0.63588272 -0.36712674 -0.67887490
vn -0.51919635 -0.51919694 -0.67887384
vn -0.36712687 -0.63588290 -0.67887466
vn -0.19003921 -0.70923520 -0.67887446
vn 0.00000059 -0.73425461 -0.67887420
vn 0.19003977 -0.70923499 -0.67887452
vn 0.36712572 -0.63588367 -0.67887456
vn 0.51919652 -0.51919650 -0.67887404
vn 0.63588373 -0.36712522 -0.67887477
vn 0.70923549 -0.19003910 -0.67887419
vn 0.00000000 0.00000000 1.00000000
vn -0.70923549 -0.19003910 0.67887419
vn -0.51919644 0.51919703 0.67887370
vn 0.73425425 -0.00000004 0.67887458
vn 0.70923549 -0.19003910 0.67887419
vn 0.70923549 0.19003906 0.67887419
vn 0.63588368 0.36712519 0.67887483
vn 0.51919661 0.51919659 0.67887390
vn 0.36712564 0.63588353 0.67887473
vn 0.19003984 0.70923525 0.67887423
vn 0.00000059 0.73425424 0.67887459
vn -0.19003928 0.70923546 0.67887417
vn -0.36712679 0.63588276 0.67887483
vn -0.63588272 -0.36712674 0.67887490
vn -0.51919635 -0.51919694 0.67887384
vn -0.36712687 -0.63588290 0.67887466
vn -0.19003921 -0.70923520 0.67887446
vn 0.00000059 -0.73425461 0.67887420
vn 0.19003977 -0.70923499 0.67887452
vn 0.36712572 -0.63588367 0.67887456
vn 0.51919652 -0.51919650 0.67887404
vn 0.63588373 -0.36712522 0.67887477
f 1//1 2//2 3//3
f 3//3 2//2 4//4
f 5//5 1//1 6//6
f 6//6 1//1 3//3
f 7//7 5//5 8//8
f 8//8 5//5 6//6
f 2//2 7//7 4//4
f 4//4 7//7 8//8
f 9//9 7//7 10//10
f 10//10 7//7 2//2
f 10//10 2//2 11//11
f 11//11 2//2 1//1
f 11//11 1//1 12//12
f 12//12 1//1 5//5
f 12//12 5//5 9//9
f 9//9 5//5 7//7
f 13//13 8//8 14//14
f 14//14 8//8 6//6
f 14//14 6//6 15//15
f 15//15 6//6 3//3
f 15//15 3//3 16//16
f 16//16 3//3 4//4
f 16//16 4//4 13//13
f 13//13 4//4 8//8
f 13//13 14//14 9//9
f 9//9 14//14 12//12
f 14//14 15//15 12//12
f 12//12 15//15 11//11
f 15//15 16//16 11//11
f 11//11 16//16 10//10
f 16//16 13//13 10//10
f 10//10 13//13 9//9
f 12//12 12//12 12//12
f 12//12 9//9 11//11
f 11//11 9//9 10//10
f 9//9 12//12 10//10
f 10//10 12//12 11//11
f 17//17 17//17 17//17
f 17//17 18//18 19//19
f 20//20 17//17 19//19
f 19//19 18//18 21//21
f 21//21 20//20 19//19
f 17//17 22//22 18//18
f 23//23 17//17 20//20
f 23//23 22//22 17//17
f 18//18 22//22 21//21
f 24//24 20//20 21//21
f 24//24 23//23 20//20
f 21//21 22//22 24//24
f 22//22 23//23 24//24
f 25//25 25//25 25//25
f 25//25 26//26 27//27
f 25//25 27//27 28//28
f 26//26 29//29 27//27
f 27//27 29//29 30//30
f 27//27 30//30 28//28
f 31//31 32//32 25//25
f 31//31 25//25 28//28
f 32//32 26//26 25//25
f 32//32 33//33 26//26
f 26//26 33//33 29//29
f 34//34 35//35 28//28
f 35//35 36//36 28//28
f 36//36 37//37 28//28
f 37//37 38//38 28//28
f 38//38 39//39 28//28
f 39//39 40//40 28//28
f 40//40 41//41 28//28
f 41//41 42//42 28//28
f 42//42 43//43 28//28
f 43//43 44//44 28//28
f 44//44 45//45 28//28
f 45//45 46//46 28//28
f 46//46 47//47 28//28
f 47//47 48//48 28//28
f 48//48 49//49 28//28
f 49//49 50//50 28//28
f 50//50 51//51 28//28
f 51//51 52//52 28//28
f 52//52 53//53 28//28
f 53//53 54//54 28//28
f 54//54 55//55 28//28
f 55//55 56//56 28//28
f 56//56 57//57 28//28
f 57//57 58//58 28//28
f 58//58 59//59 28//28
f 59//59 60//60 28//28
f 60//60 61//61 28//28
f 61//61 62//62 28//28
f 62//62 63//63 28//28
f 63//63 64//64 28//28
f 64//64 65//65 28//28
f 65//65 34//34 28//28
f 66//66 67//67 28//28
f 67//67 68//68 28//28
f 68//68 69//69 28//28
f 69//69 70//70 28//28
f 70//70 71//71 28//28
f 71//71 72//72 28//28
f 72//72 73//73 28//28
f 73//73 74//74 28//28
f 74//74 75//75 28//28
f 75//75 76//76 28//28
f 76//76 77//77 28//28
f 77//77 78//78 28//28
f 78//78 79//79 28//28
f 79//79 31//31 28//28
f 30//30 80//80 28//28
f 80//80 81//81 28//28
f 81//81 82//82 28//28
f 82//82 83//83 28//28
f 83//83 84//84 28//28
f 84//84 85//85 28//28
f 85//85 86//86 28//28
f 86//86 87//87 28//28
f 87//87 88//88 28//28
f 88//88 89//89 28//28
f 89//89 90//90 28//28
f 90//90 91//91 28//28
f 91//91 92//92 28//28
f 92//92 93//93 28//28
f 93//93 66//66 28//28
f 29//29 33//33 94//94
f 29//29 94//94 30//30
f 30//30 94//94 80//80
f 79//79 95//95 31//31
f 95//95 32//32 31//31
f 95//95 33//33 32//32
f 96//96 33//33 97//97
f 97//97 33//33 98//98
f 98//98 33//33 99//99
f 99//99 33//33 100//100
f 100//100 33//33 101//101
f 101//101 33//33 102//102
f 102//102 33//33 103//103
f 103//103 33//33 104//104
f 104//104 33//33 105//105
f 105//105 33//33 106//106
f 106//106 33//33 107//107
f 107//107 33//33 108//108
f 108//108 33//33 109//109
f 109//109 33//33 110//110
f 110//110 33//33 111//111
f 111//111 33//33 112//112
f 112//112 33//33 113//113
f 113//113 33//33 114//114
f 114//114 33//33 115//115
f 115//115 33//33 116//116
f 116//116 33//33 117//117
f 117//117 33//33 118//118
f 118//118 33//33 119//119
f 119//119 33//33 120//120
f 120//120 33//33 121//121
f 121//121 33//33 122//122
f 122//122 33//33 123//123
f 123//123 33//33 124//124
f 124//124 33//33 125//125
f 125//125 33//33 126//126
f 126//126 33//33 127//127
f 127//127 33//33 96//96
f 128//128 33//33 129//129
f 129//129 33//33 130//130
f 130//130 33//33 131//131
f 131//131 33//33 132//132
f 132//132 33//33 133//133
f 133//133 33//33 134//134
f 134//134 33//33 135//135
f 135//135 33//33 136//136
f 136//136 33//33 137//137
f 137//137 33//33 138//138
f 138//138 33//33 139//139
f 139//139 33//33 140//140
f 140//140 33//33 141//141
f 141//141 33//33 95//95
f 94//94 33//33 142//142
f 142//142 33//33 143//143
f 143//143 33//33 144//144
f 144//144 33//33 145//145
f 145//145 33//33 146//146
f 146//146 33//33 147//147
f 147//147 33//33 148//148
f 148//148 33//33 149//149
f 149//149 33//33 150//150
f 150//150 33//33 151//151
f 151//151 33//33 152//152
f 152//152 33//33 153//153
f 153//153 33//33 154//154
f 154//154 33//33 128//128
f 96//96 97//97 34//34
f 34//34 97//97 35//35
f 65//65 96//96 34//34
f 97//97 98//98 35//35
f 35//35 98//98 36//36
f 98//98 99//99 36//36
f 36//36 99//99 37//37
f 99//99 100//100 37//37
f 37//37 100//100 38//38
f 100//100 101//101 38//38
f 38//38 101//101 39//39
f 101//101 102//102 39//39
f 39//39 102//102 40//40
f 102//102 103//103 40//40
f 40//40 103//103 41//41
f 103//103 104//104 41//41
f 41//41 104//104 42//42
f 104//104 105//105 42//42
f 42//42 105//105 43//43
f 105//105 106//106 43//43
f 43//43 106//106 44//44
f 106//106 107//107 44//44
f 44//44 107//107 45//45
f 107//107 108//108 45//45
f 45//45 108//108 46//46
f 108//108 109//109 46//46
f 46//46 109//109 47//47
f 109//109 110//110 47//47
f 47//47 110//110 48//48
f 110//110 111//111 48//48
f 48//48 111//111 49//49
f 111//111 112//112 49//49
f 49//49 112//112 50//50
f 112//112 113//113 50//50
f 50//50 113//113 51//51
f 113//113 114//114 51//51
f 51//51 114//114 52//52
f 114//114 115//115 52//52
f 52//52 115//115 53//53
f 115//115 116//116 53//53
f 53//53 116//116 54//54
f 116//116 117//117 54//54
f 54//54 117//117 55//55
f 117//117 118//118 55//55
f 55//55 118//118 56//56
f 118//118 119//119 56//56
f 56//56 119//119 57//57
f 119//119 120//120 57//57
f 57//57 120//120 58//58
f 120//120 121//121 58//58
f 58//58 121//121 59//59
f 121//121 122//122 59//59
f 59//59 122//122 60//60
f 122//122 123//123 60//60
f 60//60 123//123 61//61
f 123//123 124//124 61//61
f 61//61 124//124 62//62
f 124//124 125//125 62//62
f 62//62 125//125 63//63
f 125//125 126//126 63//63
f 63//63 126//126 64//64
f 126//126 127//127 64//64
f 64//64 127//127 65//65
f 127//127 96//96 65//65
f 128//128 129//129 66//66
f 66//66 129//129 67//67
f 93//93 128//128 66//66
f 129//129 130//130 67//67
f 67//67 130//130 68//68
f 130//130 131//131 68//68
f 68//68 131//131 69//69
f 131//131 132//132 69//69
f 69//69 132//132 70//70
f 132//132 133//133 70//70
f 70//70 133//133 71//71
f 133//133 134//134 71//71
f 71//71 134//134 72//72
f 134//134 135//135 72//72
f 72//72 135//135 73//73
f 135//135 136//136 73//73
f 73//73 136//136 74//74
f 74//74 136//136 155//155
f 156//156 74//74 155//155
f 74//74 157//157 136//136
f 158//158 74//74 156//156
f 158//158 157//157 74//74
f 136//136 137//137 74//74
f 74//74 137//137 75//75
f 137//137 138//138 75//75
f 75//75 138//138 76//76
f 138//138 139//139 76//76
f 76//76 139//139 77//77
f 139//139 140//140 77//77
f 77//77 140//140 78//78
f 140//140 141//141 78//78
f 78//78 141//141 79//79
f 141//141 95//95 79//79
f 94//94 142//142 80//80
f 80//80 142//142 81//81
f 142//142 143//143 81//81
f 81//81 143//143 82//82
f 143//143 144//144 82//82
f 82//82 144//144 83//83
f 144//144 145//145 83//83
f 83//83 145//145 84//84
f 145//145 146//146 84//84
f 84//84 146//146 85//85
f 146//146 147//147 85//85
f 85//85 147//147 86//86
f 159//159 160//160 86//86
f 161//161 159//159 86//86
f 86//86 160//160 147//147
f 147//147 161//161 86//86
f 147//147 148//148 86//86
f 86//86 148//148 87//87
f 148//148 149//149 87//87
f 87//87 149//149 88//88
f 149//149 150//150 88//88
f 88//88 150//150 89//89
f 150//150 151//151 89//89
f 89//89 151//151 90//90
f 151//151 152//152 90//90
f 90//90 152//152 91//91
f 152//152 153//153 91//91
f 91//91 153//153 92//92
f 153//153 154//154 92//92
f 92//92 154//154 93//93
f 154//154 128//128 93//93
f 155//155 136//136 162//162
f 136//136 157//157 162//162
f 160//160 163//163 147//147
f 164//164 161//161 147//147
f 147//147 163//163 164//164
f 162//162 156//156 155//155
f 165//165 156//156 162//162
f 165//165 158//158 156//156
f 162//162 157//157 165//165
f 157//157 158//158 165//165
f 166//166 167//167 157//157
f 166//166 157//157 168//168
f 168//168 157//157 158//158
f 157//157 167//167 169//169
f 157//157 169//169 158//158
f 168//168 158//158 170//170
f 158//158 169//169 171//171
f 158//158 171//171 170//170
f 159//159 163//163 160//160
f 172//172 159//159 161//161
f 172//172 163//163 159//159
f 164//164 172//172 161//161
f 173//173 164//164 161//161
f 173//173 161//161 170//170
f 164//164 174//174 161//161
f 161//161 174//174 175//175
f 161//161 175//175 170//170
f 163//163 172//172 164//164
f 176//176 167//167 164//164
f 176//176 164//164 173//173
f 164//164 167//167 174//174
f 177//177 167//167 166//166
f 177//177 166//166 178//178
f 178//178 166//166 168//168
f 179//179 167//167 180//180
f 180//180 167//167 181//181
f 181//181 167//167 182//182
f 182//182 167//167 183//183
f 183//183 167//167 184//184
f 184//184 167//167 185//185
f 185//185 167//167 186//186
f 186//186 167//167 187//187
f 187//187 167//167 188//188
f 188//188 167//167 189//189
f 189//189 167//167 190//190
f 190//190 167//167 191//191
f 191//191 167//167 192//192
f 192//192 167//167 193//193
f 193//193 167//167 194//194
f 194//194 167//167 195//195
f 195//195 167//167 196//196
f 196//196 167//167 197//197
f 197//197 167//167 198//198
f 198//198 167//167 199//199
f 199//199 167//167 200//200
f 200//200 167//167 201//201
f 201//201 167//167 202//202
f 202//202 167//167 203//203
f 203//203 167//167 204//204
f 204//204 167//167 205//205
f 205//205 167//167 206//206
f 206//206 167//167 207//207
f 207//207 167//167 208//208
f 208//208 167//167 209//209
f 209//209 167//167 210//210
f 210//210 167//167 179//179
f 211//211 167//167 212//212
f 212//212 167//167 213//213
f 213//213 167//167 214//214
f 214//214 167//167 215//215
f 215//215 167//167 216//216
f 216//216 167//167 177//177
f 169//169 167//167 217//217
f 217//217 167//167 218//218
f 218//218 167//167 219//219
f 219//219 167//167 220//220
f 220//220 167//167 221//221
f 221//221 167//167 222//222
f 222//222 167//167 223//223
f 223//223 167//167 224//224
f 224//224 167//167 225//225
f 225//225 167//167 226//226
f 226//226 167//167 227//227
f 227//227 167//167 228//228
f 228//228 167//167 229//229
f 229//229 167//167 176//176
f 174//174 167//167 230//230
f 230//230 167//167 231//231
f 231//231 167//167 232//232
f 232//232 167//167 233//233
f 233//233 167//167 234//234
f 234//234 167//167 235//235
f 235//235 167//167 211//211
f 178//178 168//168 170//170
f 169//169 217//217 171//171
f 236//236 237//237 170//170
f 237//237 238//238 170//170
f 238//238 239//239 170//170
f 239//239 240//240 170//170
f 240//240 241//241 170//170
f 241//241 242//242 170//170
f 242//242 243//243 170//170
f 243//243 244//244 170//170
f 244//244 245//245 170//170
f 245//245 246//246 170//170
f 246//246 247//247 170//170
f 247//247 248//248 170//170
f 248//248 249//249 170//170
f 249//249 250//250 170//170
f 250//250 251//251 170//170
f 251//251 252//252 170//170
f 252//252 253//253 170//170
f 253//253 254//254 170//170
f 254//254 255//255 170//170
f 255//255 256//256 170//170
f 256//256 257//257 170//170
f 257//257 258//258 170//170
f 258//258 259//259 170//170
f 259//259 260//260 170//170
f 260//260 261//261 170//170
f 261//261 262//262 170//170
f 262//262 263//263 170//170
f 263//263 264//264 170//170
f 264//264 265//265 170//170
f 265//265 266//266 170//170
f 266//266 267//267 170//170
f 267//267 236//236 170//170
f 268//268 269//269 170//170
f 269//269 270//270 170//170
f 270//270 271//271 170//170
f 271//271 272//272 170//170
f 272//272 273//273 170//170
f 273//273 178//178 170//170
f 171//171 274//274 170//170
f 274//274 275//275 170//170
f 275//275 276//276 170//170
f 276//276 277//277 170//170
f 277//277 278//278 170//170
f 278//278 279//279 170//170
f 279//279 280//280 170//170
f 280//280 281//281 170//170
f 281//281 282//282 170//170
f 282//282 283//283 170//170
f 283//283 284//284 170//170
f 284//284 285//285 170//170
f 285//285 286//286 170//170
f 286//286 173//173 170//170
f 175//175 287//287 170//170
f 287//287 288//288 170//170
f 288//288 289//289 170//170
f 289//289 290//290 170//170
f 290//290 291//291 170//170
f 291//291 292//292 170//170
f 292//292 268//268 170//170
f 171//171 217//217 274//274
f 286//286 176//176 173//173
f 174//174 230//230 175//175
f 175//175 230//230 287//287
f 229//229 176//176 286//286
f 216//216 177//177 273//273
f 273//273 177//177 178//178
f 179//179 180//180 236//236
f 210//210 179//179 267//267
f 267//267 179//179 236//236
f 236//236 180//180 237//237
f 180//180 181//181 237//237
f 237//237 181//181 238//238
f 181//181 182//182 238//238
f 238//238 182//182 239//239
f 182//182 183//183 239//239
f 239//239 183//183 240//240
f 183//183 184//184 240//240
f 240//240 184//184 241//241
f 184//184 185//185 241//241
f 241//241 185//185 242//242
f 185//185 186//186 242//242
f 242//242 186//186 243//243
f 186//186 187//187 243//243
f 243//243 187//187 244//244
f 187//187 188//188 244//244
f 244//244 188//188 245//245
f 188//188 189//189 245//245
f 245//245 189//189 246//246
f 189//189 190//190 246//246
f 246//246 190//190 247//247
f 190//190 191//191 247//247
f 247//247 191//191 248//248
f 191//191 192//192 248//248
f 248//248 192//192 249//249
f 192//192 193//193 249//249
f 249//249 193//193 250//250
f 193//193 194//194 250//250
f 250//250 194//194 251//251
f 194//194 195//195 251//251
f 251//251 195//195 252//252
f 195//195 196//196 252//252
f 252//252 196//196 253//253
f 196//196 197//197 253//253
f 253//253 197//197 254//254
f 197//197 198//198 254//254
f 254//254 198//198 255//255
f 198//198 199//199 255//255
f 255//255 199//199 256//256
f 199//199 200//200 256//256
f 256//256 200//200 257//257
f 200//200 201//201 257//257
f 257//257 201//201 258//258
f 201//201 202//202 258//258
f 258//258 202//202 259//259
f 202//202 203//203 259//259
f 259//259 203//203 260//260
f 203//203 204//204 260//260
f 260//260 204//204 261//261
f 204//204 205//205 261//261
f 261//261 205//205 262//262
f 205//205 206//206 262//262
f 262//262 206//206 263//263
f 206//206 207//207 263//263
f 263//263 207//207 264//264
f 207//207 208//208 264//264
f 264//264 208//208 265//265
f 208//208 209//209 265//265
f 265//265 209//209 266//266
f 209//209 210//210 266//266
f 266//266 210//210 267//267
f 211//211 212//212 268//268
f 235//235 211//211 292//292
f 292//292 211//211 268//268
f 268//268 212//212 269//269
f 212//212 213//213 269//269
f 269//269 213//213 270//270
f 213//213 214//214 270//270
f 270//270 214//214 271//271
f 214//214 215//215 271//271
f 271//271 215//215 272//272
f 215//215 216//216 272//272
f 272//272 216//216 273//273
f 217//217 218//218 274//274
f 274//274 218//218 275//275
f 218//218 219//219 275//275
f 275//275 219//219 276//276
f 219//219 220//220 276//276
f 276//276 220//220 277//277
f 220//220 221//221 277//277
f 277//277 221//221 278//278
f 221//221 222//222 278//278
f 278//278 222//222 279//279
f 222//222 223//223 279//279
f 279//279 223//223 280//280
f 223//223 224//224 280//280
f 280//280 224//224 281//281
f 224//224 225//225 281//281
f 281//281 225//225 282//282
f 225//225 226//226 282//282
f 282//282 226//226 283//283
f 226//226 227//227 283//283
f 283//283 227//227 284//284
f 227//227 228//228 284//284
f 284//284 228//228 285//285
f 228//228 229//229 285//285
f 285//285 229//229 286//286
f 230//230 231//231 287//287
f 287//287 231//231 288//288
f 231//231 232//232 288//288
f 288//288 232//232 289//289
f 232//232 233//233 289//289
f 289//289 233//233 290//290
f 233//233 234//234 290//290
f 290//290 234//234 291//291
f 234//234 235//235 291//291
f 291//291 235//235 292//292
f 293//293 293//293 293//293
f 293//293 294//294 295//295
f 293//293 295//295 296//296
f 294//294 297//297 295//295
f 295//295 297//297 298//298
f 295//295 298//298 296//296
f 299//299 300//300 293//293
f 299//299 293//293 296//296
f 300//300 294//294 293//293
f 300//300 301//301 294//294
f 294//294 301//301 297//297
f 302//302 303//303 296//296
f 303//303 304//304 296//296
f 304//304 305//305 296//296
f 305//305 306//306 296//296
f 306//306 307//307 296//296
f 307//307 308//308 296//296
f 308//308 309//309 296//296
f 309//309 310//310 296//296
f 310//310 311//311 296//296
f 311//311 312//312 296//296
f 312//312 313//313 296//296
f 313//313 314//314 296//296
f 314//314 315//315 296//296
f 315//315 316//316 296//296
f 316//316 317//317 296//296
f 317//317 318//318 296//296
f 318//318 319//319 296//296
f 319//319 320//320 296//296
f 320//320 321//321 296//296
f 321//321 322//322 296//296
f 322//322 323//323 296//296
f 323//323 324//324 296//296
f 324//324 325//325 296//296
f 325//325 326//326 296//296
f 326//326 327//327 296//296
f 327//327 328//328 296//296
f 328//328 329//329 296//296
f 329//329 330//330 296//296
f 330//330 331//331 296//296
f 331//331 332//332 296//296
f 332//332 333//333 296//296
f 333//333 302//302 296//296
f 334//334 335//335 296//296
f 335//335 336//336 296//296
f 336//336 337//337 296//296
f 337//337 338//338 296//296
f 338//338 339//339 296//296
f 339//339 340//340 296//296
f 340//340 341//341 296//296
f 341//341 342//342 296//296
f 342//342 343//343 296//296
f 343//343 344//344 296//296
f 344//344 345//345 296//296
f 345//345 346//346 296//296
f 346//346 347//347 296//296
f 347//347 299//299 296//296
f 298//298 348//348 296//296
f 348//348 349//349 296//296
f 349//349 350//350 296//296
f 350//350 351//351 296//296
f 351//351 352//352 296//296
f 352//352 353//353 296//296
f 353//353 354//354 296//296
f 354//354 355//355 296//296
f 355//355 356//356 296//296
f 356//356 357//357 296//296
f 357//357 358//358 296//296
f 358//358 359//359 296//296
f 359//359 360//360 296//296
f 360//360 361//361 296//296
f 361//361 334//334 296//296
f 297//297 301//301 362//362
f 297//297 362//362 298//298
f 298//298 362//362 348//348
f 347//347 363//363 299//299
f 363//363 300//300 299//299
f 363//363 301//301 300//300
f 364//364 301//301 365//365
f 365//365 301//301 366//366
f 366//366 301//301 367//367
f 367//367 301//301 368//368
f 368//368 301//301 369//369
f 369//369 301//301 370//370
f 370//370 301//301 371//371
f 371//371 301//301 372//372
f 372//372 301//301 373//373
f 373//373 301//301 374//374
f 374//374 301//301 375//375
f 375//375 301//301 376//376
f 376//376 301//301 377//377
f 377//377 301//301 378//378
f 378//378 301//301 379//379
f 379//379 301//301 380//380
f 380//380 301//301 381//381
f 381//381 301//301 382//382
f 382//382 301//301 383//383
f 383//383 301//301 384//384
f 384//384 301//301 385//385
f 385//385 301//301 386//386
f 386//386 301//301 387//387
f 387//387 301//301 388//388
f 388//388 301//301 389//389
f 389//389 301//301 390//390
f 390//390 301//301 391//391
f 391//391 301//301 392//392
f 392//392 301//301 393//393
f 393//393 301//301 394//394
f 394//394 301//301 395//395
f 395//395 301//301 364//364
f 396//396 301//301 397//397
f 397//397 301//301 398//398
f 398//398 301//301 399//399
f 399//399 301//301 400//400
f 400//400 301//301 401//401
f 401//401 301//301 402//402
f 402//402 301//301 403//403
f 403//403 301//301 404//404
f 404//404 301//301 405//405
f 405//405 301//301 406//406
f 406//406 301//301 407//407
f 407//407 301//301 408//408
f 408//408 301//301 409//409
f 409//409 301//301 363//363
f 362//362 301//301 410//410
f 410//410 301//301 411//411
f 411//411 301//301 412//412
f 412//412 301//301 413//413
f 413//413 301//301 414//414
f 414//414 301//301 415//415
f 415//415 301//301 416//416
f 416//416 301//301 417//417
f 417//417 301//301 418//418
f 418//418 301//301 419//419
f 419//419 301//301 420//420
f 420//420 301//301 421//421
f 421//421 301//301 422//422
f 422//422 301//301 396//396
f 364//364 365//365 302//302
f 302//302 365//365 303//303
f 333//333 364//364 302//302
f 365//365 366//366 303//303
f 303//303 366//366 304//304
f 366//366 367//367 304//304
f 304//304 367//367 305//305
f 367//367 368//368 305//305
f 305//305 368//368 306//306
f 368//368 369//369 306//306
f 306//306 369//369 307//307
f 369//369 370//370 307//307
f 307//307 370//370 308//308
f 370//370 371//371 308//308
f 308//308 371//371 309//309
f 371//371 372//372 309//309
f 309//309 372//372 310//310
f 372//372 373//373 310//310
f 310//310 373//373 311//311
f 373//373 374//374 311//311
f 311//311 374//374 312//312
f 374//374 375//375 312//312
f 312//312 375//375 313//313
f 375//375 376//376 313//313
f 313//313 376//376 314//314
f 376//376 377//377 314//314
f 314//314 377//377 315//315
f 377//377 378//378 315//315
f 315//315 378//378 316//316
f 378//378 379//379 316//316
f 316//316 379//379 317//317
f 379//379 380//380 317//317
f 317//317 380//380 318//318
f 380//380 381//381 318//318
f 318//318 381//381 319//319
f 381//381 382//382 319//319
f 319//319 382//382 320//320
f 382//382 383//383 320//320
f 320//320 383//383 321//321
f 383//383 384//384 321//321
f 321//321 384//384 322//322
f 384//384 385//385 322//322
f 322//322 385//385 323//323
f 385//385 386//386 323//323
f 323//323 386//386 324//324
f 386//386 387//387 324//324
f 324//324 387//387 325//325
f 387//387 388//388 325//325
f 325//325 388//388 326//326
f 388//388 389//389 326//326
f 326//326 389//389 327//327
f 389//389 390//390 327//327
f 327//327 390//390 328//328
f 390//390 391//391 328//328
f 328//328 391//391 329//329
f 391//391 392//392 329//329
f 329//329 392//392 330//330
f 392//392 393//393 330//330
f 330//330 393//393 331//331
f 393//393 394//394 331//331
f 331//331 394//394 332//332
f 394//394 395//395 332//332
f 332//332 395//395 333//333
f 395//395 364//364 333//333
f 396//396 397//397 334//334
f 334//334 397//397 335//335
f 361//361 396//396 334//334
f 397//397 398//398 335//335
f 335//335 398//398 336//336
f 398//398 399//399 336//336
f 336//336 399//399 337//337
f 399//399 400//400 337//337
f 337//337 400//400 338//338
f 400//400 401//401 338//338
f 338//338 401//401 339//339
f 401//401 402//402 339//339
f 339//339 402//402 340//340
f 402//402 403//403 340//340
f 340//340 403//403 341//341
f 403//403 404//404 341//341
f 341//341 404//404 342//342
f 342//342 404//404 423//423
f 424//424 342//342 423//423
f 342//342 425//425 404//404
f 426//426 342//342 424//424
f 426//426 425//425 342//342
f 404//404 405//405 342//342
f 342//342 405//405 343//343
f 405//405 406//406 343//343
f 343//343 406//406 344//344
f 406//406 407//407 344//344
f 344//344 407//407 345//345
f 407//407 408//408 345//345
f 345//345 408//408 346//346
f 408//408 409//409 346//346
f 346//346 409//409 347//347
f 409//409 363//363 347//347
f 362//362 410//410 348//348
f 348//348 410//410 349//349
f 410//410 411//411 349//349
f 349//349 411//411 350//350
f 411//411 412//412 350//350
f 350//350 412//412 351//351
f 412//412 413//413 351//351
f 351//351 413//413 352//352
f 413//413 414//414 352//352
f 352//352 414//414 353//353
f 414//414 415//415 353//353
f 353//353 415//415 354//354
f 427//427 428//428 354//354
f 429//429 427//427 354//354
f 354//354 428//428 415//415
f 415//415 429//429 354//354
f 415//415 416//416 354//354
f 354//354 416//416 355//355
f 416//416 417//417 355//355
f 355//355 417//417 356//356
f 417//417 418//418 356//356
f 356//356 418//418 357//357
f 418//418 419//419 357//357
f 357//357 419//419 358//358
f 419//419 420//420 358//358
f 358//358 420//420 359//359
f 420//420 421//421 359//359
f 359//359 421//421 360//360
f 421//421 422//422 360//360
f 360//360 422//422 361//361
f 422//422 396//396 361//361
f 423//423 404//404 430//430
f 404//404 425//425 430//430
f 428//428 431//431 415//415
f 432//432 429//429 415//415
f 415//415 431//431 432//432
f 430//430 424//424 423//423
f 433//433 424//424 430//430
f 433//433 426//426 424//424
f 430//430 425//425 433//433
f 425//425 426//426 433//433
f 434//434 435//435 425//425
f 434//434 425//425 436//436
f 436//436 425//425 426//426
f 425//425 435//435 437//437
f 425//425 437//437 426//426
f 436//436 426//426 438//438
f 426//426 437//437 439//439
f 426//426 439//439 438//438
f 427//427 431//431 428//428
f 440//440 427//427 429//429
f 440//440 431//431 427//427
f 432//432 440//440 429//429
f 441//441 432//432 429//429
f 441//441 429//429 438//438
f 432//432 442//442 429//429
f 429//429 442//442 443//443
f 429//429 443//443 438//438
f 431//431 440//440 432//432
f 444//444 435//435 432//432
f 444//444 432//432 441//441
f 432//432 435//435 442//442
f 445//445 435//435 434//434
f 445//445 434//434 446//446
f 446//446 434//434 436//436
f 447//447 435//435 448//448
f 448//448 435//435 449//449
f 449//449 435//435 450//450
f 450//450 435//435 451//451
f 451//451 435//435 452//452
f 452//452 435//435 453//453
f 453//453 435//435 454//454
f 454//454 435//435 455//455
f 455//455 435//435 456//456
f 456//456 435//435 457//457
f 457//457 435//435 458//458
f 458//458 435//435 459//459
f 459//459 435//435 460//460
f 460//460 435//435 461//461
f 461//461 435//435 462//462
f 462//462 435//435 463//463
f 463//463 435//435 464//464
f 464//464 435//435 465//465
f 465//465 435//435 466//466
f 466//466 435//435 467//467
f 467//467 435//435 468//468
f 468//468 435//435 469//469
f 469//469 435//435 470//470
f 470//470 435//435 471//471
f 471//471 435//435 472//472
f 472//472 435//435 473//473
f 473//473 435//435 474//474
f 474//474 435//435 475//475
f 475//475 435//435 476//476
f 476//476 435//435 477//477
f 477//477 435//435 478//478
f 478//478 435//435 447//447
f 479//479 435//435 480//480
f 480//480 435//435 481//481
f 481//481 435//435 482//482
f 482//482 435//435 483//483
f 483//483 435//435 484//484
f 484//484 435//435 445//445
f 437//437 435//435 485//485
f 485//485 435//435 486//486
f 486//486 435//435 487//487
f 487//487 435//435 488//488
f 488//488 435//435 489//489
f 489//489 435//435 490//490
f 490//490 435//435 491//491
f 491//491 435//435 492//492
f 492//492 435//435 493//493
f 493//493 435//435 494//494
f 494//494 435//435 495//495
f 495//495 435//435 496//496
f 496//496 435//435 497//497
f 497//497 435//435 444//444
f 442//442 435//435 498//498
f 498//498 435//435 499//499
f 499//499 435//435 500//500
f 500//500 435//435 501//501
f 501//501 435//435 502//502
f 502//502 435//435 503//503
f 503//503 435//435 479//479
f 446//446 436//436 438//438
f 437//437 485//485 439//439
f 504//504 505//505 438//438
f 505//505 506//506 438//438
f 506//506 507//507 438//438
f 507//507 508//508 438//438
f 508//508 509//509 438//438
f 509//509 510//510 438//438
f 510//510 511//511 438//438
f 511//511 512//512 438//438
f 512//512 513//513 438//438
f 513//513 514//514 438//438
f 514//514 515//515 438//438
f 515//515 516//516 438//438
f 516//516 517//517 438//438
f 517//517 518//518 438//438
f 518//518 519//519 438//438
f 519//519 520//520 438//438
f 520//520 521//521 438//438
f 521//521 522//522 438//438
f 522//522 523//523 438//438
f 523//523 524//524 438//438
f 524//524 525//525 438//438
f 525//525 526//526 438//438
f 526//526 527//527 438//438
f 527//527 528//528 438//438
f 528//528 529//529 438//438
f 529//529 530//530 438//438
f 530//530 531//531 438//438
f 531//531 532//532 438//438
f 532//532 533//533 438//438
f 533//533 534//534 438//438
f 534//534 535//535 438//438
f 535//535 504//504 438//438
f 536//536 537//537 438//438
f 537//537 538//538 438//438
f 538//538 539//539 438//438
f 539//539 540//540 438//438
f 540//540 541//541 438//438
f 541//541 446//446 438//438
f 439//439 542//542 438//438
f 542//542 543//543 438//438
f 543//543 544//544 438//438
f 544//544 545//545 438//438
f 545//545 546//546 438//438
f 546//546 547//547 438//438
f 547//547 548//548 438//438
f 548//548 549//549 438//438
f 549//549 550//550 438//438
f 550//550 551//551 438//438
f 551//551 552//552 438//438
f 552//552 553//553 438//438
f 553//553 554//554 438//438
f 554//554 441//441 438//438
f 443//443 555//555 438//438
f 555//555 556//556 438//438
f 556//556 557//557 438//438
f 557//557 558//558 438//438
f 558//558 559//559 438//438
f 559//559 560//560 438//438
f 560//560 536//536 438//438
f 439//439 485//485 542//542
f 554//554 444//444 441//441
f 442//442 498//498 443//443
f 443//443 498//498 555//555
f 497//497 444//444 554//554
f 484//484 445//445 541//541
f 541//541 445//445 446//446
f 447//447 448//448 504//504
f 478//478 447//447 535//535
f 535//535 447//447 504//504
f 504//504 448//448 505//505
f 448//448 449//449 505//505
f 505//505 449//449 506//506
f 449//449 450//450 506//506
f 506//506 450//450 507//507
f 450//450 451//451 507//507
f 507//507 451//451 508//508
f 451//451 452//452 508//508
f 508//508 452//452 509//509
f 452//452 453//453 509//509
f 509//509 453//453 510//510
f 453//453 454//454 510//510
f 510//510 454//454 511//511
f 454//454 455//455 511//511
f 511//511 455//455 512//512
f 455//455 456//456 512//512
f 512//512 456//456 513//513
f 456//456 457//457 513//513
f 513//513 457//457 514//514
f 457//457 458//458 514//514
f 514//514 458//458 515//515
f 458//458 459//459 515//515
f 515//515 459//459 516//516
f 459//459 460//460 516//516
f 516//516 460//460 517//517
f 460//460 461//461 517//517
f 517//517 461//461 518//518
f 461//461 462//462 518//518
f 518//518 462//462 519//519
f 462//462 463//463 519//519
f 519//519 463//463 520//520
f 463//463 464//464 520//520
f 520//520 464//464 521//521
f 464//464 465//465 521//521
f 521//521 465//465 522//522
f 465//465 466//466 522//522
f 522//522 466//466 523//523
f 466//466 467//467 523//523
f 523//523 467//467 524//524
f 467//467 468//468 524//524
f 524//524 468//468 525//525
f 468//468 469//469 525//525
f 525//525 469//469 526//526
f 469//469 470//470 526//526
f 526//526 470//470 527//527
f 470//470 471//471 527//527
f 527//527 471//471 528//528
f 471//471 472//472 528//528
f 528//528 472//472 529//529
f 472//472 473//473 529//529
f 529//529 473//473 530//530
f 473//473 474//474 530//530
f 530//530 474//474 531//531
f 474//474 475//475 531//531
f 531//531 475//475 532//532
f 475//475 476//476 532//532
f 532//532 476//476 533//533
f 476//476 477//477 533//533
f 533//533 477//477 534//534
f 477//477 478//478 534//534
f 534//534 478//478 535//535
f 479//479 480//480 536//536
f 503//503 479//479 560//560
f 560//560 479//479 536//536
f 536//536 480//480 537//537
f 480//480 481//481 537//537
f 537//537 481//481 538//538
f 481//481 482//482 538//538
f 538//538 482//482 539//539
f 482//482 483//483 539//539
f 539//539 483//483 540//540
f 483//483 484//484 540//540
f 540//540 484//484 541//541
f 485//485 486//486 542//542
f 542//542 486//486 543//543
f 486//486 487//487 543//543
f 543//543 487//487 544//544
f 487//487 488//488 544//544
f 544//544 488//488 545//545
f 488//488 489//489 545//545
f 545//545 489//489 546//546
f 489//489 490//490 546//546
f 546//546 490//490 547//547
f 490//490 491//491 547//547
f 547//547 491//491 548//548
f 491//491 492//492 548//548
f 548//548 492//492 549//549
f 492//492 493//493 549//549
f 549//549 493//493 550//550
f 493//493 494//494 550//550
f 550//550 494//494 551//551
f 494//494 495//495 551//551
f 551//551 495//495 552//552
f 495//495 496//496 552//552
f 552//552 496//496 553//553
f 496//496 497//497 553//553
f 553//553 497//497 554//554
f 498//498 499//499 555//555
f 555//555 499//499 556//556
f 499//499 500//500 556//556
f 556//556 500//500 557//557
f 500//500 501//501 557//557
f 557//557 501//501 558//558
f 501//501 502//502 558//558
f 558//558 502//502 559//559
f 502//502 503//503 559//559
f 559//559 503//503 560//560
f 561//561 561//561 561//561
f 561//561 562//562 563//563
f 564//564 561//561 563//563
f 563//563 562//562 565//565
f 565//565 564//564 563//563
f 561//561 566//566 562//562
f 567//567 561//561 564//564
f 567//567 566//566 561//561
f 562//562 566//566 565//565
f 568//568 564//564 565//565
f 568//568 567//567 564//564
f 565//565 566//566 568//568
f 566//566 567//567 568//568
f 569//569 569//569 569//569
f 569//569 570//570 571//571
f 572//572 569//569 571//571
f 571//571 570//570 573//573
f 573//573 572//572 571//571
f 569//569 574//574 570//570
f 575//575 569//569 572//572
f 575//575 574//574 569//569
f 570//570 574//574 573//573
f 576//576 572//572 573//573
f 576//576 575//575 572//572
f 573//573 574//574 576//576
f 574//574 575//575 576//576
f 577//577 577//577 577//577
f 577//577 578//578 579//579
f 580//580 577//577 579//579
f 579//579 578//578 581//581
f 581//581 580//580 579//579
f 577//577 582//582 578//578
f 583//583 577//577 580//580
f 583//583 582//582 577//577
f 578//578 582//582 581//581
f 584//584 580//580 581//581
f 584//584 583//583 580//580
f 581//581 582//582 584//584
f 582//582 583//583 584//584
f 585//585 585//585 585//585
f 585//585 586//586 587//587
f 588//588 585//585 587//587
f 587//587 586//586 589//589
f 589//589 588//588 587//587
f 585//585 590//590 586//586
f 591//591 585//585 588//588
f 591//591 590//590 585//585
f 586//586 590//590 589//589
f 592//592 588//588 589//589
f 592//592 591//591 588//588
f 589//589 590//590 592//592
f 590//590 591//591 592//592
f 593//593 593//593 593//593
f 593//593 594//594 595//595
f 593//593 595//595 596//596
f 596//596 595//595 597//597
f 595//595 594//594 598//598
f 595//595 598//598 597//597
f 599//599 594//594 593//593
f 599//599 593//593 600//600
f 600//600 593//593 596//596
f 601//601 594//594 602//602
f 602//602 594//594 603//603
f 603//603 594//594 604//604
f 604//604 594//594 605//605
f 605//605 594//594 606//606
f 606//606 594//594 607//607
f 607//607 594//594 608//608
f 608//608 594//594 609//609
f 609//609 594//594 610//610
f 610//610 594//594 611//611
f 611//611 594//594 612//612
f 612//612 594//594 613//613
f 613//613 594//594 614//614
f 614//614 594//594 599//599
f 598//598 594//594 615//615
f 615//615 594//594 616//616
f 616//616 594//594 617//617
f 617//617 594//594 618//618
f 618//618 594//594 619//619
f 619//619 594//594 620//620
f 620//620 594//594 621//621
f 621//621 594//594 622//622
f 622//622 594//594 623//623
f 623//623 594//594 624//624
f 624//624 594//594 625//625
f 625//625 594//594 626//626
f 626//626 594//594 627//627
f 627//627 594//594 628//628
f 628//628 594//594 601//601
f 600//600 596//596 629//629
f 596//596 597//597 629//629
f 597//597 598//598 630//630
f 597//597 630//630 629//629
f 598//598 615//615 630//630
f 614//614 599//599 631//631
f 631//631 599//599 600//600
f 631//631 600//600 629//629
f 601//601 602//602 632//632
f 628//628 601//601 633//633
f 633//633 601//601 632//632
f 632//632 602//602 634//634
f 602//602 603//603 634//634
f 634//634 603//603 635//635
f 603//603 604//604 635//635
f 635//635 604//604 636//636
f 604//604 605//605 636//636
f 636//636 605//605 637//637
f 605//605 606//606 637//637
f 637//637 606//606 638//638
f 606//606 607//607 638//638
f 638//638 607//607 639//639
f 607//607 608//608 639//639
f 639//639 608//608 640//640
f 608//608 609//609 640//640
f 640//640 609//609 641//641
f 609//609 610//610 641//641
f 641//641 610//610 642//642
f 610//610 611//611 642//642
f 642//642 611//611 643//643
f 611//611 612//612 643//643
f 643//643 612//612 644//644
f 612//612 613//613 644//644
f 644//644 613//613 645//645
f 613//613 614//614 645//645
f 645//645 614//614 631//631
f 630//630 615//615 646//646
f 615//615 616//616 646//646
f 646//646 616//616 647//647
f 616//616 617//617 647//647
f 647//647 617//617 648//648
f 617//617 618//618 648//648
f 648//648 618//618 649//649
f 618//618 619//619 649//649
f 649//649 619//619 650//650
f 619//619 620//620 650//650
f 650//650 620//620 651//651
f 620//620 621//621 651//651
f 651//651 621//621 652//652
f 621//621 622//622 652//652
f 652//652 622//622 653//653
f 622//622 623//623 653//653
f 653//653 623//623 654//654
f 623//623 624//624 654//654
f 654//654 624//624 655//655
f 624//624 625//625 655//655
f 655//655 625//625 656//656
f 625//625 626//626 656//656
f 656//656 626//626 657//657
f 626//626 627//627 657//657
f 657//657 627//627 658//658
f 627//627 628//628 658//658
f 658//658 628//628 633//633
f 659//659 660//660 629//629
f 660//660 661//661 629//629
f 661//661 662//662 629//629
f 662//662 663//663 629//629
f 663//663 664//664 629//629
f 664//664 665//665 629//629
f 665//665 666//666 629//629
f 666//666 667//667 629//629
f 667//667 668//668 629//629
f 668//668 669//669 629//629
f 669//669 670//670 629//629
f 670//670 671//671 629//629
f 671//671 672//672 629//629
f 672//672 673//673 629//629
f 673//673 674//674 629//629
f 674//674 659//659 629//629
f 632//632 634//634 629//629
f 634//634 635//635 629//629
f 635//635 636//636 629//629
f 636//636 637//637 629//629
f 637//637 638//638 629//629
f 638//638 639//639 629//629
f 639//639 640//640 629//629
f 640//640 641//641 629//629
f 641//641 642//642 629//629
f 642//642 643//643 629//629
f 643//643 644//644 629//629
f 644//644 645//645 629//629
f 645//645 631//631 629//629
f 630//630 646//646 629//629
f 646//646 647//647 629//629
f 647//647 648//648 629//629
f 648//648 649//649 629//629
f 649//649 650//650 629//629
f 650//650 651//651 629//629
f 651//651 652//652 629//629
f 652//652 653//653 629//629
f 653//653 654//654 629//629
f 654//654 655//655 629//629
f 655//655 656//656 629//629
f 656//656 657//657 629//629
f 657//657 658//658 629//629
f 658//658 633//633 629//629
f 633//633 632//632 629//629
f 675//675 676//676 659//659
f 659//659 676//676 660//660
f 676//676 677//677 660//660
f 660//660 677//677 661//661
f 677//677 678//678 661//661
f 661//661 678//678 662//662
f 678//678 679//679 662//662
f 662//662 679//679 663//663
f 679//679 680//680 663//663
f 663//663 680//680 664//664
f 680//680 681//681 664//664
f 664//664 681//681 665//665
f 681//681 682//682 665//665
f 665//665 682//682 666//666
f 682//682 683//683 666//666
f 666//666 683//683 667//667
f 683//683 684//684 667//667
f 667//667 684//684 668//668
f 684//684 685//685 668//668
f 668//668 685//685 669//669
f 685//685 686//686 669//669
f 669//669 686//686 670//670
f 686//686 687//687 670//670
f 670//670 687//687 671//671
f 687//687 688//688 671//671
f 671//671 688//688 672//672
f 688//688 689//689 672//672
f 672//672 689//689 673//673
f 689//689 690//690 673//673
f 673//673 690//690 674//674
f 690//690 675//675 674//674
f 674//674 675//675 659//659
f 675//675 691//691 676//676
f 676//676 691//691 677//677
f 677//677 691//691 678//678
f 678//678 691//691 679//679
f 679//679 691//691 680//680
f 680//680 691//691 681//681
f 681//681 691//691 682//682
f 682//682 691//691 683//683
f 683//683 691//691 684//684
f 684//684 691//691 685//685
f 685//685 691//691 686//686
f 686//686 691//691 687//687
f 687//687 691//691 688//688
f 688//688 691//691 689//689
f 689//689 691//691 690//690
f 690//690 691//691 675//675
f 692//692 692//692 692//692
f 692//692 693//693 694//694
f 692//692 694//694 695//695
f 693//693 696//696 694//694
f 694//694 696//696 697//697
f 694//694 697//697 695//695
f 698//698 699//699 692//692
f 698//698 692//692 695//695
f 699//699 693//693 692//692
f 699//699 700//700 693//693
f 693//693 700//700 696//696
f 701//701 702//702 695//695
f 702//702 703//703 695//695
f 703//703 704//704 695//695
f 704//704 705//705 695//695
f 705//705 706//706 695//695
f 706//706 707//707 695//695
f 707//707 708//708 695//695
f 708//708 709//709 695//695
f 709//709 710//710 695//695
f 710//710 711//711 695//695
f 711//711 712//712 695//695
f 712//712 713//713 695//695
f 713//713 714//714 695//695
f 714//714 698//698 695//695
f 697//697 715//715 695//695
f 715//715 716//716 695//695
f 716//716 717//717 695//695
f 717//717 718//718 695//695
f 718//718 719//719 695//695
f 719//719 720//720 695//695
f 720//720 721//721 695//695
f 721//721 722//722 695//695
f 722//722 723//723 695//695
f 723//723 724//724 695//695
f 724//724 725//725 695//695
f 725//725 726//726 695//695
f 726//726 727//727 695//695
f 727//727 728//728 695//695
f 728//728 701//701 695//695
f 696//696 700//700 729//729
f 696//696 729//729 697//697
f 697//697 729//729 715//715
f 714//714 730//730 698//698
f 730//730 699//699 698//698
f 730//730 700//700 699//699
f 731//731 700//700 732//732
f 732//732 700//700 733//733
f 733//733 700//700 734//734
f 734//734 700//700 735//735
f 735//735 700//700 736//736
f 736//736 700//700 737//737
f 737//737 700//700 738//738
f 738//738 700//700 739//739
f 739//739 700//700 740//740
f 740//740 700//700 741//741
f 741//741 700//700 742//742
f 742//742 700//700 743//743
f 743//743 700//700 744//744
f 744//744 700//700 730//730
f 729//729 700//700 745//745
f 745//745 700//700 746//746
f 746//746 700//700 747//747
f 747//747 700//700 748//748
f 748//748 700//700 749//749
f 749//749 700//700 750//750
f 750//750 700//700 751//751
f 751//751 700//700 752//752
f 752//752 700//700 753//753
f 753//753 700//700 754//754
f 754//754 700//700 755//755
f 755//755 700//700 756//756
f 756//756 700//700 757//757
f 757//757 700//700 731//731
f 731//731 732//732 701//701
f 701//701 732//732 702//702
f 728//728 731//731 701//701
f 732//732 733//733 702//702
f 702//702 733//733 703//703
f 733//733 734//734 703//703
f 703//703 734//734 704//704
f 734//734 735//735 704//704
f 704//704 735//735 705//705
f 735//735 736//736 705//705
f 705//705 736//736 706//706
f 736//736 737//737 706//706
f 706//706 737//737 707//707
f 737//737 738//738 707//707
f 707//707 738//738 708//708
f 738//738 739//739 708//708
f 708//708 739//739 709//709
f 739//739 740//740 709//709
f 709//709 740//740 710//710
f 740//740 741//741 710//710
f 710//710 741//741 711//711
f 741//741 742//742 711//711
f 711//711 742//742 712//712
f 742//742 743//743 712//712
f 712//712 743//743 713//713
f 743//743 744//744 713//713
f 713//713 744//744 714//714
f 744//744 730//730 714//714
f 729//729 745//745 715//715
f 715//715 745//745 716//716
f 745//745 746//746 716//716
f 716//716 746//746 717//717
f 746//746 747//747 717//717
f 717//717 747//747 718//718
f 747//747 748//748 718//718
f 718//718 748//748 719//719
f 748//748 749//749 719//719
f 719//719 749//749 720//720
f 749//749 750//750 720//720
f 720//720 750//750 721//721
f 750//750 751//751 721//721
f 721//721 751//751 722//722
f 751//751 752//752 722//722
f 722//722 752//752 723//723
f 752//752 753//753 723//723
f 723//723 753//753 724//724
f 753//753 754//754 724//724
f 724//724 754//754 725//725
f 754//754 755//755 725//725
f 725//725 755//755 726//726
f 755//755 756//756 726//726
f 726//726 756//756 727//727
f 756//756 757//757 727//727
f 727//727 757//757 728//728
f 757//757 731//731 728//728
f 758//758 758//758 758//758
f 758//758 759//759 760//760
f 758//758 760//760 761//761
f 759//759 762//762 760//760
f 760//760 762//762 763//763
f 760//760 763//763 761//761
f 764//764 765//765 758//758
f 764//764 758//758 761//761
f 765//765 759//759 758//758
f 765//765 766//766 759//759
f 759//759 766//766 762//762
f 767//767 768//768 761//761
f 768//768 769//769 761//761
f 769//769 770//770 761//761
f 770//770 771//771 761//761
f 771//771 772//772 761//761
f 772//772 773//773 761//761
f 773//773 774//774 761//761
f 774//774 775//775 761//761
f 775//775 776//776 761//761
f 776//776 777//777 761//761
f 777//777 778//778 761//761
f 778//778 779//779 761//761
f 779//779 780//780 761//761
f 780//780 764//764 761//761
f 763//763 781//781 761//761
f 781//781 782//782 761//761
f 782//782 783//783 761//761
f 783//783 784//784 761//761
f 784//784 785//785 761//761
f 785//785 786//786 761//761
f 786//786 787//787 761//761
f 787//787 788//788 761//761
f 788//788 789//789 761//761
f 789//789 790//790 761//761
f 790//790 791//791 761//761
f 791//791 792//792 761//761
f 792//792 793//793 761//761
f 793//793 794//794 761//761
f 794//794 767//767 761//761
f 762//762 766//766 795//795
f 762//762 795//795 763//763
f 763//763 795//795 781//781
f 780//780 796//796 764//764
f 796//796 765//765 764//764
f 796//796 766//766 765//765
f 797//797 766//766 798//798
f 798//798 766//766 799//799
f 799//799 766//766 800//800
f 800//800 766//766 801//801
f 801//801 766//766 802//802
f 802//802 766//766 803//803
f 803//803 766//766 804//804
f 804//804 766//766 805//805
f 805//805 766//766 806//806
f 806//806 766//766 807//807
f 807//807 766//766 808//808
f 808//808 766//766 809//809
f 809//809 766//766 810//810
f 810//810 766//766 796//796
f 795//795 766//766 811//811
f 811//811 766//766 812//812
f 812//812 766//766 813//813
f 813//813 766//766 814//814
f 814//814 766//766 815//815
f 815//815 766//766 816//816
f 816//816 766//766 817//817
f 817//817 766//766 818//818
f 818//818 766//766 819//819
f 819//819 766//766 820//820
f 820//820 766//766 821//821
f 821//821 766//766 822//822
f 822//822 766//766 823//823
f 823//823 766//766 797//797
f 797//797 798//798 767//767
f 767//767 798//798 768//768
f 794//794 797//797 767//767
f 798//798 799//799 768//768
f 768//768 799//799 769//769
f 799//799 800//800 769//769
f 769//769 800//800 770//770
f 800//800 801//801 770//770
f 770//770 801//801 771//771
f 801//801 802//802 771//771
f 771//771 802//802 772//772
f 802//802 803//803 772//772
f 772//772 803//803 773//773
f 803//803 804//804 773//773
f 773//773 804//804 774//774
f 804//804 805//805 774//774
f 774//774 805//805 775//775
f 805//805 806//806 775//775
f 775//775 806//806 776//776
f 806//806 807//807 776//776
f 776//776 807//807 777//777
f 807//807 808//808 777//777
f 777//777 808//808 778//778
f 808//808 809//809 778//778
f 778//778 809//809 779//779
f 809//809 810//810 779//779
f 779//779 810//810 780//780
f 810//810 796//796 780//780
f 795//795 811//811 781//781
f 781//781 811//811 782//782
f 811//811 812//812 782//782
f 782//782 812//812 783//783
f 812//812 813//813 783//783
f 783//783 813//813 784//784
f 813//813 814//814 784//784
f 784//784 814//814 785//785
f 814//814 815//815 785//785
f 785//785 815//815 786//786
f 815//815 816//816 786//786
f 786//786 816//816 787//787
f 816//816 817//817 787//787
f 787//787 817//817 788//788
f 817//817 818//818 788//788
f 788//788 818//818 789//789
f 818//818 819//819 789//789
f 789//789 819//819 790//790
f 819//819 820//820 790//790
f 790//790 820//820 791//791
f 820//820 821//821 791//791
f 791//791 821//821 792//792
f 821//821 822//822 792//792
f 792//792 822//822 793//793
f 822//822 823//823 793//793
f 793//793 823//823 794//794
f 823//823 797//797 794//794
f 824//824 824//824 824//824
f 824//824 825//825 826//826
f 824//824 826//826 827//827
f 825//825 828//828 826//826
f 826//826 828//828 829//829
f 826//826 829//829 827//827
f 830//830 831//831 824//824
f 830//830 824//824 827//827
f 831//831 825//825 824//824
f 831//831 832//832 825//825
f 825//825 832//832 828//828
f 833//833 834//834 827//827
f 834//834 835//835 827//827
f 835//835 836//836 827//827
f 836//836 837//837 827//827
f 837//837 838//838 827//827
f 838//838 839//839 827//827
f 839//839 840//840 827//827
f 840//840 841//841 827//827
f 841//841 842//842 827//827
f 842//842 843//843 827//827
f 843//843 844//844 827//827
f 844//844 845//845 827//827
f 845//845 846//846 827//827
f 846//846 830//830 827//827
f 829//829 847//847 827//827
f 847//847 848//848 827//827
f 848//848 849//849 827//827
f 849//849 850//850 827//827
f 850//850 851//851 827//827
f 851//851 852//852 827//827
f 852//852 853//853 827//827
f 853//853 854//854 827//827
f 854//854 855//855 827//827
f 855//855 856//856 827//827
f 856//856 857//857 827//827
f 857//857 858//858 827//827
f 858//858 859//859 827//827
f 859//859 860//860 827//827
f 860//860 833//833 827//827
f 828//828 832//832 861//861
f 828//828 861//861 829//829
f 829//829 861//861 847//847
f 846//846 862//862 830//830
f 862//862 831//831 830//830
f 862//862 832//832 831//831
f 863//863 832//832 864//864
f 864//864 832//832 865//865
f 865//865 832//832 866//866
f 866//866 832//832 867//867
f 867//867 832//832 868//868
f 868//868 832//832 869//869
f 869//869 832//832 870//870
f 870//870 832//832 871//871
f 871//871 832//832 872//872
f 872//872 832//832 873//873
f 873//873 832//832 874//874
f 874//874 832//832 875//875
f 875//875 832//832 876//876
f 876//876 832//832 862//862
f 861//861 832//832 877//877
f 877//877 832//832 878//878
f 878//878 832//832 879//879
f 879//879 832//832 880//880
f 880//880 832//832 881//881
f 881//881 832//832 882//882
f 882//882 832//832 883//883
f 883//883 832//832 884//884
f 884//884 832//832 885//885
f 885//885 832//832 886//886
f 886//886 832//832 887//887
f 887//887 832//832 888//888
f 888//888 832//832 889//889
f 889//889 832//832 863//863
f 863//863 864//864 833//833
f 833//833 864//864 834//834
f 860//860 863//863 833//833
f 864//864 865//865 834//834
f 834//834 865//865 835//835
f 865//865 866//866 835//835
f 835//835 866//866 836//836
f 866//866 867//867 836//836
f 836//836 867//867 837//837
f 867//867 868//868 837//837
f 837//837 868//868 838//838
f 868//868 869//869 838//838
f 838//838 869//869 839//839
f 869//869 870//870 839//839
f 839//839 870//870 840//840
f 870//870 871//871 840//840
f 840//840 871//871 841//841
f 871//871 872//872 841//841
f 841//841 872//872 842//842
f 872//872 873//873 842//842
f 842//842 873//873 843//843
f 873//873 874//874 843//843
f 843//843 874//874 844//844
f 874//874 875//875 844//844
f 844//844 875//875 845//845
f 875//875 876//876 845//845
f 845//845 876//876 846//846
f 876//876 862//862 846//846
f 861//861 877//877 847//847
f 847//847 877//877 848//848
f 877//877 878//878 848//848
f 848//848 878//878 849//849
f 878//878 879//879 849//849
f 849//849 879//879 850//850
f 879//879 880//880 850//850
f 850//850 880//880 851//851
f 880//880 881//881 851//851
f 851//851 881//881 852//852
f 881//881 882//882 852//852
f 852//852 882//882 853//853
f 882//882 883//883 853//853
f 853//853 883//883 854//854
f 883//883 884//884 854//854
f 854//854 884//884 855//855
f 884//884 885//885 855//855
f 855//855 885//885 856//856
f 885//885 886//886 856//856
f 856//856 886//886 857//857
f 886//886 887//887 857//857
f 857//857 887//887 858//858
f 887//887 888//888 858//858
f 858//858 888//888 859//859
f 888//888 889//889 859//859
f 859//859 889//889 860//860
f 889//889 863//863 860//860
f 890//890 890//890 890//890
f 890//890 891//891 892//892
f 890//890 892//892 893//893
f 891//891 894//894 892//892
f 892//892 894//894 895//895
f 892//892 895//895 893//893
f 896//896 897//897 890//890
f 896//896 890//890 893//893
f 897//897 891//891 890//890
f 897//897 898//898 891//891
f 891//891 898//898 894//894
f 899//899 900//900 893//893
f 900//900 901//901 893//893
f 901//901 902//902 893//893
f 902//902 903//903 893//893
f 903//903 904//904 893//893
f 904//904 905//905 893//893
f 905//905 906//906 893//893
f 906//906 907//907 893//893
f 907//907 908//908 893//893
f 908//908 909//909 893//893
f 909//909 910//910 893//893
f 910//910 911//911 893//893
f 911//911 912//912 893//893
f 912//912 896//896 893//893
f 895//895 913//913 893//893
f 913//913 914//914 893//893
f 914//914 915//915 893//893
f 915//915 916//916 893//893
f 916//916 917//917 893//893
f 917//917 918//918 893//893
f 918//918 919//919 893//893
f 919//919 920//920 893//893
f 920//920 921//921 893//893
f 921//921 922//922 893//893
f 922//922 923//923 893//893
f 923//923 924//924 893//893
f 924//924 925//925 893//893
f 925//925 926//926 893//893
f 926//926 899//899 893//893
f 894//894 898//898 927//927
f 894//894 927//927 895//895
f 895//895 927//927 913//913
f 912//912 928//928 896//896
f 928//928 897//897 896//896
f 928//928 898//898 897//897
f 929//929 898//898 930//930
f 930//930 898//898 931//931
f 931//931 898//898 932//932
f 932//932 898//898 933//933
f 933//933 898//898 934//934
f 934//934 898//898 935//935
f 935//935 898//898 936//936
f 936//936 898//898 937//937
f 937//937 898//898 938//938
f 938//938 898//898 939//939
f 939//939 898//898 940//940
f 940//940 898//898 941//941
f 941//941 898//898 942//942
f 942//942 898//898 928//928
f 927//927 898//898 943//943
f 943//943 898//898 944//944
f 944//944 898//898 945//945
f 945//945 898//898 946//946
f 946//946 898//898 947//947
f 947//947 898//898 948//948
f 948//948 898//898 949//949
f 949//949 898//898 950//950
f 950//950 898//898 951//951
f 951//951 898//898 952//952
f 952//952 898//898 953//953
f 953//953 898//898 954//954
f 954//954 898//898 955//955
f 955//955 898//898 929//929
f 929//929 930//930 899//899
f 899//899 930//930 900//900
f 926//926 929//929 899//899
f 930//930 931//931 900//900
f 900//900 931//931 901//901
f 931//931 932//932 901//901
f 901//901 932//932 902//902
f 932//932 933//933 902//902
f 902//902 933//933 903//903
f 933//933 934//934 903//903
f 903//903 934//934 904//904
f 934//934 935//935 904//904
f 904//904 935//935 905//905
f 935//935 936//936 905//905
f 905//905 936//936 906//906
f 936//936 937//937 906//906
f 906//906 937//937 907//907
f 937//937 938//938 907//907
f 907//907 938//938 908//908
f 938//938 939//939 908//908
f 908//908 939//939 909//909
f 939//939 940//940 909//909
f 909//909 940//940 910//910
f 940//940 941//941 910//910
f 910//910 941//941 911//911
f 941//941 942//942 911//911
f 911//911 942//942 912//912
f 942//942 928//928 912//912
f 927//927 943//943 913//913
f 913//913 943//943 914//914
f 943//943 944//944 914//914
f 914//914 944//944 915//915
f 944//944 945//945 915//915
f 915//915 945//945 916//916
f 945//945 946//946 916//916
f 916//916 946//946 917//917
f 946//946 947//947 917//917
f 917//917 947//947 918//918
f 947//947 948//948 918//918
f 918//918 948//948 919//919
f 948//948 949//949 919//919
f 919//919 949//949 920//920
f 949//949 950//950 920//920
f 920//920 950//950 921//921
f 950//950 951//951 921//921
f 921//921 951//951 922//922
f 951//951 952//952 922//922
f 922//922 952//952 923//923
f 952//952 953//953 923//923
f 923//923 953//953 924//924
f 953//953 954//954 924//924
f 924//924 954//954 925//925
f 954//954 955//955 925//925
f 925//925 955//955 926//926
f 955//955 929//929 926//926
f 956//956 956//956 956//956
f 956//956 957//957 958//958
f 956//956 958//958 959//959
f 957//957 960//960 958//958
f 958//958 960//960 961//961
f 958//958 961//961 959//959
f 962//962 963//963 956//956
f 962//962 956//956 959//959
f 963//963 957//957 956//956
f 963//963 964//964 957//957
f 957//957 964//964 960//960
f 965//965 966//966 959//959
f 966//966 967//967 959//959
f 967//967 968//968 959//959
f 968//968 969//969 959//959
f 969//969 970//970 959//959
f 970//970 971//971 959//959
f 971//971 972//972 959//959
f 972//972 973//973 959//959
f 973//973 974//974 959//959
f 974//974 975//975 959//959
f 975//975 976//976 959//959
f 976//976 977//977 959//959
f 977//977 978//978 959//959
f 978//978 962//962 959//959
f 961//961 979//979 959//959
f 979//979 980//980 959//959
f 980//980 981//981 959//959
f 981//981 982//982 959//959
f 982//982 983//983 959//959
f 983//983 984//984 959//959
f 984//984 985//985 959//959
f 985//985 986//986 959//959
f 986//986 987//987 959//959
f 987//987 988//988 959//959
f 988//988 989//989 959//959
f 989//989 990//990 959//959
f 990//990 991//991 959//959
f 991//991 992//992 959//959
f 992//992 965//965 959//959
f 960//960 964//964 993//993
f 960//960 993//993 961//961
f 961//961 993//993 979//979
f 978//978 994//994 962//962
f 994//994 963//963 962//962
f 994//994 964//964 963//963
f 995//995 964//964 996//996
f 996//996 964//964 997//997
f 997//997 964//964 998//998
f 998//998 964//964 999//999
f 999//999 964//964 1000//1000
f 1000//1000 964//964 1001//1001
f 1001//1001 964//964 1002//1002
f 1002//1002 964//964 1003//1003
f 1003//1003 964//964 1004//1004
f 1004//1004 964//964 1005//1005
f 1005//1005 964//964 1006//1006
f 1006//1006 964//964 1007//1007
f 1007//1007 964//964 1008//1008
f 1008//1008 964//964 994//994
f 993//993 964//964 1009//1009
f 1009//1009 964//964 1010//1010
f 1010//1010 964//964 1011//1011
f 1011//1011 964//964 1012//1012
f 1012//1012 964//964 1013//1013
f 1013//1013 964//964 1014//1014
f 1014//1014 964//964 1015//1015
f 1015//1015 964//964 1016//1016
f 1016//1016 964//964 1017//1017
f 1017//1017 964//964 1018//1018
f 1018//1018 964//964 1019//1019
f 1019//1019 964//964 1020//1020
f 1020//1020 964//964 1021//1021
f 1021//1021 964//964 995//995
f 995//995 996//996 965//965
f 965//965 996//996 966//966
f 992//992 995//995 965//965
f 996//996 997//997 966//966
f 966//966 997//997 967//967
f 997//997 998//998 967//967
f 967//967 998//998 968//968
f 998//998 999//999 968//968
f 968//968 999//999 969//969
f 999//999 1000//1000 969//969
f 969//969 1000//1000 970//970
f 1000//1000 1001//1001 970//970
f 970//970 1001//1001 971//971
f 1001//1001 1002//1002 971//971
f 971//971 1002//1002 972//972
f 1002//1002 1003//1003 972//972
f 972//972 1003//1003 973//973
f 1003//1003 1004//1004 973//973
f 973//973 1004//1004 974//974
f 1004//1004 1005//1005 974//974
f 974//974 1005//1005 975//975
f 1005//1005 1006//1006 975//975
f 975//975 1006//1006 976//976
f 1006//1006 1007//1007 976//976
f 976//976 1007//1007 977//977
f 1007//1007 1008//1008 977//977
f 977//977 1008//1008 978//978
f 1008//1008 994//994 978//978
f 993//993 1009//1009 979//979
f 979//979 1009//1009 980//980
f 1009//1009 1010//1010 980//980
f 980//980 1010//1010 981//981
f 1010//1010 1011//1011 981//981
f 981//981 1011//1011 982//982
f 1011//1011 1012//1012 982//982
f 982//982 1012//1012 983//983
f 1012//1012 1013//1013 983//983
f 983//983 1013//1013 984//984
f 1013//1013 1014//1014 984//984
f 984//984 1014//1014 985//985
f 1014//1014 1015//1015 985//985
f 985//985 1015//1015 986//986
f 1015//1015 1016//1016 986//986
f 986//986 1016//1016 987//987
f 1016//1016 1017//1017 987//987
f 987//987 1017//1017 988//988
f 1017//1017 1018//1018 988//988
f 988//988 1018//1018 989//989
f 1018//1018 1019//1019 989//989
f 989//989 1019//1019 990//990
f 1019//1019 1020//1020 990//990
f 990//990 1020//1020 991//991
f 1020//1020 1021//1021 991//991
f 991//991 1021//1021 992//992
f 1021//1021 995//995 992//992
f 1022//1022 1022//1022 1022//1022
f 1022//1022 1023//1023 1024//1024
f 1022//1022 1024//1024 1025//1025
f 1023//1023 1026//1026 1024//1024
f 1024//1024 1026//1026 1027//1027
f 1024//1024 1027//1027 1025//1025
f 1028//1028 1029//1029 1022//1022
f 1028//1028 1022//1022 1025//1025
f 1029//1029 1023//1023 1022//1022
f 1029//1029 1030//1030 1023//1023
f 1023//1023 1030//1030 1026//1026
f 1031//1031 1032//1032 1025//1025
f 1032//1032 1033//1033 1025//1025
f 1033//1033 1034//1034 1025//1025
f 1034//1034 1035//1035 1025//1025
f 1035//1035 1036//1036 1025//1025
f 1036//1036 1037//1037 1025//1025
f 1037//1037 1038//1038 1025//1025
f 1038//1038 1039//1039 1025//1025
f 1039//1039 1040//1040 1025//1025
f 1040//1040 1041//1041 1025//1025
f 1041//1041 1042//1042 1025//1025
f 1042//1042 1043//1043 1025//1025
f 1043//1043 1044//1044 1025//1025
f 1044//1044 1028//1028 1025//1025
f 1027//1027 1045//1045 1025//1025
f 1045//1045 1046//1046 1025//1025
f 1046//1046 1047//1047 1025//1025
f 1047//1047 1048//1048 1025//1025
f 1048//1048 1049//1049 1025//1025
f 1049//1049 1050//1050 1025//1025
f 1050//1050 1051//1051 1025//1025
f 1051//1051 1052//1052 1025//1025
f 1052//1052 1053//1053 1025//1025
f 1053//1053 1054//1054 1025//1025
f 1054//1054 1055//1055 1025//1025
f 1055//1055 1056//1056 1025//1025
f 1056//1056 1057//1057 1025//1025
f 1057//1057 1058//1058 1025//1025
f 1058//1058 1031//1031 1025//1025
f 1026//1026 1030//1030 1059//1059
f 1026//1026 1059//1059 1027//1027
f 1027//1027 1059//1059 1045//1045
f 1044//1044 1060//1060 1028//1028
f 1060//1060 1029//1029 1028//1028
f 1060//1060 1030//1030 1029//1029
f 1061//1061 1030//1030 1062//1062
f 1062//1062 1030//1030 1063//1063
f 1063//1063 1030//1030 1064//1064
f 1064//1064 1030//1030 1065//1065
f 1065//1065 1030//1030 1066//1066
f 1066//1066 1030//1030 1067//1067
f 1067//1067 1030//1030 1068//1068
f 1068//1068 1030//1030 1069//1069
f 1069//1069 1030//1030 1070//1070
f 1070//1070 1030//1030 1071//1071
f 1071//1071 1030//1030 1072//1072
f 1072//1072 1030//1030 1073//1073
f 1073//1073 1030//1030 1074//1074
f 1074//1074 1030//1030 1060//1060
f 1059//1059 1030//1030 1075//1075
f 1075//1075 1030//1030 1076//1076
f 1076//1076 1030//1030 1077//1077
f 1077//1077 1030//1030 1078//1078
f 1078//1078 1030//1030 1079//1079
f 1079//1079 1030//1030 1080//1080
f 1080//1080 1030//1030 1081//1081
f 1081//1081 1030//1030 1082//1082
f 1082//1082 1030//1030 1083//1083
f 1083//1083 1030//1030 1084//1084
f 1084//1084 1030//1030 1085//1085
f 1085//1085 1030//1030 1086//1086
f 1086//1086 1030//1030 1087//1087
f 1087//1087 1030//1030 1061//1061
f 1061//1061 1062//1062 1031//1031
f 1031//1031 1062//1062 1032//1032
f 1058//1058 1061//1061 1031//1031
f 1062//1062 1063//1063 1032//1032
f 1032//1032 1063//1063 1033//1033
f 1063//1063 1064//1064 1033//1033
f 1033//1033 1064//1064 1034//1034
f 1064//1064 1065//1065 1034//1034
f 1034//1034 1065//1065 1035//1035
f 1065//1065 1066//1066 1035//1035
f 1035//1035 1066//1066 1036//1036
f 1066//1066 1067//1067 1036//1036
f 1036//1036 1067//1067 1037//1037
f 1067//1067 1068//1068 1037//1037
f 1037//1037 1068//1068 1038//1038
f 1068//1068 1069//1069 1038//1038
f 1038//1038 1069//1069 1039//1039
f 1069//1069 1070//1070 1039//1039
f 1039//1039 1070//1070 1040//1040
f 1070//1070 1071//1071 1040//1040
f 1040//1040 1071//1071 1041//1041
f 1071//1071 1072//1072 1041//1041
f 1041//1041 1072//1072 1042//1042
f 1072//1072 1073//1073 1042//1042
f 1042//1042 1073//1073 1043//1043
f 1073//1073 1074//1074 1043//1043
f 1043//1043 1074//1074 1044//1044
f 1074//1074 1060//1060 1044//1044
f 1059//1059 1075//1075 1045//1045
f 1045//1045 1075//1075 1046//1046
f 1075//1075 1076//1076 1046//1046
f 1046//1046 1076//1076 1047//1047
f 1076//1076 1077//1077 1047//1047
f 1047//1047 1077//1077 1048//1048
f 1077//1077 1078//1078 1048//1048
f 1048//1048 1078//1078 1049//1049
f 1078//1078 1079//1079 1049//1049
f 1049//1049 1079//1079 1050//1050
f 1079//1079 1080//1080 1050//1050
f 1050//1050 1080//1080 1051//1051
f 1080//1080 1081//1081 1051//1051
f 1051//1051 1081//1081 1052//1052
f 1081//1081 1082//1082 1052//1052
f 1052//1052 1082//1082 1053//1053
f 1082//1082 1083//1083 1053//1053
f 1053//1053 1083//1083 1054//1054
f 1083//1083 1084//1084 1054//1054
f 1054//1054 1084//1084 1055//1055
f 1084//1084 1085//1085 1055//1055
f 1055//1055 1085//1085 1056//1056
f 1085//1085 1086//1086 1056//1056
f 1056//1056 1086//1086 1057//1057
f 1086//1086 1087//1087 1057//1057
f 1057//1057 1087//1087 1058//1058
f 1087//1087 1061//1061 1058//1058
f 1088//1088 1088//1088 1088//1088
f 1088//1088 1089//1089 1090//1090
f 1088//1088 1090//1090 1091//1091
f 1089//1089 1092//1092 1090//1090
f 1090//1090 1092//1092 1093//1093
f 1090//1090 1093//1093 1091//1091
f 1094//1094 1095//1095 1088//1088
f 1094//1094 1088//1088 1091//1091
f 1095//1095 1089//1089 1088//1088
f 1095//1095 1096//1096 1089//1089
f 1089//1089 1096//1096 1092//1092
f 1097//1097 1098//1098 1091//1091
f 1098//1098 1099//1099 1091//1091
f 1099//1099 1100//1100 1091//1091
f 1100//1100 1101//1101 1091//1091
f 1101//1101 1102//1102 1091//1091
f 1102//1102 1103//1103 1091//1091
f 1103//1103 1104//1104 1091//1091
f 1104//1104 1105//1105 1091//1091
f 1105//1105 1106//1106 1091//1091
f 1106//1106 1107//1107 1091//1091
f 1107//1107 1108//1108 1091//1091
f 1108//1108 1109//1109 1091//1091
f 1109//1109 1110//1110 1091//1091
f 1110//1110 1094//1094 1091//1091
f 1093//1093 1111//1111 1091//1091
f 1111//1111 1112//1112 1091//1091
f 1112//1112 1113//1113 1091//1091
f 1113//1113 1114//1114 1091//1091
f 1114//1114 1115//1115 1091//1091
f 1115//1115 1116//1116 1091//1091
f 1116//1116 1117//1117 1091//1091
f 1117//1117 1118//1118 1091//1091
f 1118//1118 1119//1119 1091//1091
f 1119//1119 1120//1120 1091//1091
f 1120//1120 1121//1121 1091//1091
f 1121//1121 1122//1122 1091//1091
f 1122//1122 1123//1123 1091//1091
f 1123//1123 1124//1124 1091//1091
f 1124//1124 1097//1097 1091//1091
f 1092//1092 1096//1096 1125//1125
f 1092//1092 1125//1125 1093//1093
f 1093//1093 1125//1125 1111//1111
f 1110//1110 1126//1126 1094//1094
f 1126//1126 1095//1095 1094//1094
f 1126//1126 1096//1096 1095//1095
f 1127//1127 1096//1096 1128//1128
f 1128//1128 1096//1096 1129//1129
f 1129//1129 1096//1096 1130//1130
f 1130//1130 1096//1096 1131//1131
f 1131//1131 1096//1096 1132//1132
f 1132//1132 1096//1096 1133//1133
f 1133//1133 1096//1096 1134//1134
f 1134//1134 1096//1096 1135//1135
f 1135//1135 1096//1096 1136//1136
f 1136//1136 1096//1096 1137//1137
f 1137//1137 1096//1096 1138//1138
f 1138//1138 1096//1096 1139//1139
f 1139//1139 1096//1096 1140//1140
f 1140//1140 1096//1096 1126//1126
f 1125//1125 1096//1096 1141//1141
f 1141//1141 1096//1096 1142//1142
f 1142//1142 1096//1096 1143//1143
f 1143//1143 1096//1096 1144//1144
f 1144//1144 1096//1096 1145//1145
f 1145//1145 1096//1096 1146//1146
f 1146//1146 1096//1096 1147//1147
f 1147//1147 1096//1096 1148//1148
f 1148//1148 1096//1096 1149//1149
f 1149//1149 1096//1096 1150//1150
f 1150//1150 1096//1096 1151//1151
f 1151//1151 1096//1096 1152//1152
f 1152//1152 1096//1096 1153//1153
f 1153//1153 1096//1096 1127//1127
f 1127//1127 1128//1128 1097//1097
f 1097//1097 1128//1128 1098//1098
f 1124//1124 1127//1127 1097//1097
f 1128//1128 1129//1129 1098//1098
f 1098//1098 1129//1129 1099//1099
f 1129//1129 1130//1130 1099//1099
f 1099//1099 1130//1130 1100//1100
f 1130//1130 1131//1131 1100//1100
f 1100//1100 1131//1131 1101//1101
f 1131//1131 1132//1132 1101//1101
f 1101//1101 1132//1132 1102//1102
f 1132//1132 1133//1133 1102//1102
f 1102//1102 1133//1133 1103//1103
f 1133//1133 1134//1134 1103//1103
f 1103//1103 1134//1134 1104//1104
f 1134//1134 1135//1135 1104//1104
f 1104//1104 1135//1135 1105//1105
f 1135//1135 1136//1136 1105//1105
f 1105//1105 1136//1136 1106//1106
f 1136//1136 1137//1137 1106//1106
f 1106//1106 1137//1137 1107//1107
f 1137//1137 1138//1138 1107//1107
f 1107//1107 1138//1138 1108//1108
f 1138//1138 1139//1139 1108//1108
f 1108//1108 1139//1139 1109//1109
f 1139//1139 1140//1140 1109//1109
f 1109//1109 1140//1140 1110//1110
f 1140//1140 1126//1126 1110//1110
f 1125//1125 1141//1141 1111//1111
f 1111//1111 1141//1141 1112//1112
f 1141//1141 1142//1142 1112//1112
f 1112//1112 1142//1142 1113//1113
f 1142//1142 1143//1143 1113//1113
f 1113//1113 1143//1143 1114//1114
f 1143//1143 1144//1144 1114//1114
f 1114//1114 1144//1144 1115//1115
f 1144//1144 1145//1145 1115//1115
f 1115//1115 1145//1145 1116//1116
f 1145//1145 1146//1146 1116//1116
f 1116//1116 1146//1146 1117//1117
f 1146//1146 1147//1147 1117//1117
f 1117//1117 1147//1147 1118//1118
f 1147//1147 1148//1148 1118//1118
f 1118//1118 1148//1148 1119//1119
f 1148//1148 1149//1149 1119//1119
f 1119//1119 1149//1149 1120//1120
f 1149//1149 1150//1150 1120//1120
f 1120//1120 1150//1150 1121//1121
f 1150//1150 1151//1151 1121//1121
f 1121//1121 1151//1151 1122//1122
f 1151//1151 1152//1152 1122//1122
f 1122//1122 1152//1152 1123//1123
f 1152//1152 1153//1153 1123//1123
f 1123//1123 1153//1153 1124//1124
f 1153//1153 1127//1127 1124//1124
f 1154//1154 1154//1154 1154//1154
f 1154//1154 1155//1155 1156//1156
f 1154//1154 1156//1156 1157//1157
f 1155//1155 1158//1158 1156//1156
f 1156//1156 1158//1158 1159//1159
f 1156//1156 1159//1159 1157//1157
f 1160//1160 1161//1161 1154//1154
f 1160//1160 1154//1154 1157//1157
f 1161//1161 1155//1155 1154//1154
f 1161//1161 1162//1162 1155//1155
f 1155//1155 1162//1162 1158//1158
f 1163//1163 1164//1164 1157//1157
f 1164//1164 1165//1165 1157//1157
f 1165//1165 1166//1166 1157//1157
f 1166//1166 1167//1167 1157//1157
f 1167//1167 1168//1168 1157//1157
f 1168//1168 1169//1169 1157//1157
f 1169//1169 1170//1170 1157//1157
f 1170//1170 1171//1171 1157//1157
f 1171//1171 1172//1172 1157//1157
f 1172//1172 1173//1173 1157//1157
f 1173//1173 1174//1174 1157//1157
f 1174//1174 1175//1175 1157//1157
f 1175//1175 1176//1176 1157//1157
f 1176//1176 1160//1160 1157//1157
f 1159//1159 1177//1177 1157//1157
f 1177//1177 1178//1178 1157//1157
f 1178//1178 1179//1179 1157//1157
f 1179//1179 1180//1180 1157//1157
f 1180//1180 1181//1181 1157//1157
f 1181//1181 1182//1182 1157//1157
f 1182//1182 1183//1183 1157//1157
f 1183//1183 1184//1184 1157//1157
f 1184//1184 1185//1185 1157//1157
f 1185//1185 1186//1186 1157//1157
f 1186//1186 1187//1187 1157//1157
f 1187//1187 1188//1188 1157//1157
f 1188//1188 1189//1189 1157//1157
f 1189//1189 1190//1190 1157//1157
f 1190//1190 1163//1163 1157//1157
f 1158//1158 1162//1162 1191//1191
f 1158//1158 1191//1191 1159//1159
f 1159//1159 1191//1191 1177//1177
f 1176//1176 1192//1192 1160//1160
f 1192//1192 1161//1161 1160//1160
f 1192//1192 1162//1162 1161//1161
f 1193//1193 1162//1162 1194//1194
f 1194//1194 1162//1162 1195//1195
f 1195//1195 1162//1162 1196//1196
f 1196//1196 1162//1162 1197//1197
f 1197//1197 1162//1162 1198//1198
f 1198//1198 1162//1162 1199//1199
f 1199//1199 1162//1162 1200//1200
f 1200//1200 1162//1162 1201//1201
f 1201//1201 1162//1162 1202//1202
f 1202//1202 1162//1162 1203//1203
f 1203//1203 1162//1162 1204//1204
f 1204//1204 1162//1162 1205//1205
f 1205//1205 1162//1162 1206//1206
f 1206//1206 1162//1162 1192//1192
f 1191//1191 1162//1162 1207//1207
f 1207//1207 1162//1162 1208//1208
f 1208//1208 1162//1162 1209//1209
f 1209//1209 1162//1162 1210//1210
f 1210//1210 1162//1162 1211//1211
f 1211//1211 1162//1162 1212//1212
f 1212//1212 1162//1162 1213//1213
f 1213//1213 1162//1162 1214//1214
f 1214//1214 1162//1162 1215//1215
f 1215//1215 1162//1162 1216//1216
f 1216//1216 1162//1162 1217//1217
f 1217//1217 1162//1162 1218//1218
f 1218//1218 1162//1162 1219//1219
f 1219//1219 1162//1162 1193//1193
f 1193//1193 1194//1194 1163//1163
f 1163//1163 1194//1194 1164//1164
f 1190//1190 1193//1193 1163//1163
f 1194//1194 1195//1195 1164//1164
f 1164//1164 1195//1195 1165//1165
f 1195//1195 1196//1196 1165//1165
f 1165//1165 1196//1196 1166//1166
f 1196//1196 1197//1197 1166//1166
f 1166//1166 1197//1197 1167//1167
f 1197//1197 1198//1198 1167//1167
f 1167//1167 1198//1198 1168//1168
f 1198//1198 1199//1199 1168//1168
f 1168//1168 1199//1199 1169//1169
f 1199//1199 1200//1200 1169//1169
f 1169//1169 1200//1200 1170//1170
f 1200//1200 1201//1201 1170//1170
f 1170//1170 1201//1201 1171//1171
f 1201//1201 1202//1202 1171//1171
f 1171//1171 1202//1202 1172//1172
f 1202//1202 1203//1203 1172//1172
f 1172//1172 1203//1203 1173//1173
f 1203//1203 1204//1204 1173//1173
f 1173//1173 1204//1204 1174//1174
f 1204//1204 1205//1205 1174//1174
f 1174//1174 1205//1205 1175//1175
f 1205//1205 1206//1206 1175//1175
f 1175//1175 1206//1206 1176//1176
f 1206//1206 1192//1192 1176//1176
f 1191//1191 1207//1207 1177//1177
f 1177//1177 1207//1207 1178//1178
f 1207//1207 1208//1208 1178//1178
f 1178//1178 1208//1208 1179//1179
f 1208//1208 1209//1209 1179//1179
f 1179//1179 1209//1209 1180//1180
f 1209//1209 1210//1210 1180//1180
f 1180//1180 1210//1210 1181//1181
f 1210//1210 1211//1211 1181//1181
f 1181//1181 1211//1211 1182//1182
f 1211//1211 1212//1212 1182//1182
f 1182//1182 1212//1212 1183//1183
f 1212//1212 1213//1213 1183//1183
f 1183//1183 1213//1213 1184//1184
f 1213//1213 1214//1214 1184//1184
f 1184//1184 1214//1214 1185//1185
f 1214//1214 1215//1215 1185//1185
f 1185//1185 1215//1215 1186//1186
f 1215//1215 1216//1216 1186//1186
f 1186//1186 1216//1216 1187//1187
f 1216//1216 1217//1217 1187//1187
f 1187//1187 1217//1217 1188//1188
f 1217//1217 1218//1218 1188//1188
f 1188//1188 1218//1218 1189//1189
f 1218//1218 1219//1219 1189//1189
f 1189//1189 1219//1219 1190//1190
f 1219//1219 1193//1193 1190//1190
f 1220//1220 1220//1220 1220//1220
f 1220//1220 1221//1221 1222//1222
f 1220//1220 1222//1222 1223//1223
f 1223//1223 1222//1222 1224//1224
f 1225//1225 1221//1221 1220//1220
f 1225//1225 1220//1220 1223//1223
f 1226//1226 1227//1227 1221//1221
f 1227//1227 1225//1225 1221//1221
f 1225//1225 1220//1220 1221//1221
f 1220//1220 1222//1222 1221//1221
f 1222//1222 1228//1228 1221//1221
f 1228//1228 1229//1229 1221//1221
f 1229//1229 1226//1226 1221//1221
f 1226//1226 1221//1221 1230//1230
f 1230//1230 1221//1221 1227//1227
f 1227//1227 1221//1221 1225//1225
f 1222//1222 1221//1221 1228//1228
f 1228//1228 1221//1221 1229//1229
f 1229//1229 1221//1221 1226//1226
f 1223//1223 1224//1224 1231//1231
f 1232//1232 1225//1225 1223//1223
f 1232//1232 1223//1223 1231//1231
f 1233//1233 1234//1234 1226//1226
f 1226//1226 1234//1234 1227//1227
f 1234//1234 1235//1235 1227//1227
f 1227//1227 1235//1235 1225//1225
f 1235//1235 1236//1236 1225//1225
f 1225//1225 1236//1236 1220//1220
f 1236//1236 1237//1237 1220//1220
f 1220//1220 1237//1237 1222//1222
f 1222//1222 1237//1237 1228//1228
f 1237//1237 1238//1238 1228//1228
f 1238//1238 1239//1239 1228//1228
f 1228//1228 1239//1239 1229//1229
f 1229//1229 1239//1239 1226//1226
f 1239//1239 1233//1233 1226//1226
f 1226//1226 1230//1230 1240//1240
f 1229//1229 1226//1226 1240//1240
f 1240//1240 1230//1230 1241//1241
f 1230//1230 1227//1227 1241//1241
f 1227//1227 1225//1225 1241//1241
f 1241//1241 1225//1225 1232//1232
f 1224//1224 1222//1222 1242//1242
f 1222//1222 1228//1228 1242//1242
f 1228//1228 1229//1229 1242//1242
f 1242//1242 1229//1229 1243//1243
f 1243//1243 1229//1229 1240//1240
f 1240//1240 1241//1241 1231//1231
f 1241//1241 1232//1232 1231//1231
f 1224//1224 1242//1242 1231//1231
f 1242//1242 1243//1243 1231//1231
f 1243//1243 1240//1240 1231//1231
f 1240//1240 1231//1231 1244//1244
f 1244//1244 1231//1231 1241//1241
f 1241//1241 1231//1231 1232//1232
f 1232//1232 1231//1231 1223//1223
f 1223//1223 1231//1231 1224//1224
f 1224//1224 1231//1231 1242//1242
f 1242//1242 1231//1231 1243//1243
f 1243//1243 1231//1231 1240//1240
f 1233//1233 1245//1245 1234//1234
f 1239//1239 1245//1245 1233//1233
f 1234//1234 1245//1245 1235//1235
f 1235//1235 1245//1245 1236//1236
f 1236//1236 1245//1245 1237//1237
f 1237//1237 1245//1245 1238//1238
f 1238//1238 1245//1245 1239//1239
f 1240//1240 1244//1244 1246//1246
f 1243//1243 1240//1240 1247//1247
f 1247//1247 1240//1240 1246//1246
f 1244//1244 1241//1241 1246//1246
f 1246//1246 1241//1241 1248//1248
f 1241//1241 1232//1232 1248//1248
f 1248//1248 1232//1232 1249//1249
f 1232//1232 1223//1223 1249//1249
f 1249//1249 1223//1223 1250//1250
f 1223//1223 1224//1224 1250//1250
f 1250//1250 1224//1224 1251//1251
f 1224//1224 1242//1242 1251//1251
f 1251//1251 1242//1242 1252//1252
f 1242//1242 1243//1243 1252//1252
f 1252//1252 1243//1243 1247//1247
f 1233//1233 1234//1234 1245//1245
f 1234//1234 1235//1235 1245//1245
f 1235//1235 1236//1236 1245//1245
f 1236//1236 1237//1237 1245//1245
f 1237//1237 1238//1238 1245//1245
f 1238//1238 1239//1239 1245//1245
f 1239//1239 1233//1233 1245//1245
f 1247//1247 1246//1246 1253//1253
f 1252//1252 1247//1247 1253//1253
f 1246//1246 1248//1248 1253//1253
f 1248//1248 1249//1249 1253//1253
f 1249//1249 1250//1250 1253//1253
f 1250//1250 1251//1251 1253//1253
f 1251//1251 1252//1252 1253//1253
f 1233//1233 1254//1254 1234//1234
f 1254//1254 1255//1255 1234//1234
f 1234//1234 1255//1255 1235//1235
f 1255//1255 1256//1256 1235//1235
f 1256//1256 1257//1257 1235//1235
f 1235//1235 1257//1257 1236//1236
f 1257//1257 1258//1258 1236//1236
f 1236//1236 1258//1258 1237//1237
f 1237//1237 1258//1258 1238//1238
f 1258//1258 1259//1259 1238//1238
f 1259//1259 1260//1260 1238//1238
f 1238//1238 1260//1260 1239//1239
f 1239//1239 1260//1260 1233//1233
f 1260//1260 1254//1254 1233//1233
f 1247//1247 1253//1253 1246//1246
f 1246//1246 1253//1253 1261//1261
f 1261//1261 1253//1253 1248//1248
f 1248//1248 1253//1253 1249//1249
f 1249//1249 1253//1253 1250//1250
f 1250//1250 1253//1253 1251//1251
f 1251//1251 1253//1253 1252//1252
f 1252//1252 1253//1253 1247//1247
f 1260//1260 1262//1262 1254//1254
f 1254//1254 1262//1262 1255//1255
f 1255//1255 1262//1262 1256//1256
f 1256//1256 1262//1262 1257//1257
f 1257//1257 1262//1262 1258//1258
f 1258//1258 1262//1262 1259//1259
f 1259//1259 1262//1262 1260//1260
f 1247//1247 1246//1246 1263//1263
f 1264//1264 1247//1247 1263//1263
f 1246//1246 1261//1261 1263//1263
f 1263//1263 1261//1261 1265//1265
f 1261//1261 1248//1248 1265//1265
f 1248//1248 1249//1249 1265//1265
f 1265//1265 1249//1249 1266//1266
f 1266//1266 1249//1249 1267//1267
f 1249//1249 1250//1250 1267//1267
f 1250//1250 1251//1251 1267//1267
f 1267//1267 1251//1251 1268//1268
f 1268//1268 1251//1251 1269//1269
f 1251//1251 1252//1252 1269//1269
f 1252//1252 1247//1247 1269//1269
f 1269//1269 1247//1247 1264//1264
f 1254//1254 1256//1256 1262//1262
f 1256//1256 1257//1257 1262//1262
f 1257//1257 1258//1258 1262//1262
f 1258//1258 1259//1259 1262//1262
f 1259//1259 1260//1260 1262//1262
f 1260//1260 1254//1254 1262//1262
f 1264//1264 1263//1263 1270//1270
f 1269//1269 1264//1264 1270//1270
f 1263//1263 1265//1265 1270//1270
f 1265//1265 1266//1266 1270//1270
f 1266//1266 1267//1267 1270//1270
f 1267//1267 1268//1268 1270//1270
f 1268//1268 1269//1269 1270//1270
f 1260//1260 1271//1271 1254//1254
f 1271//1271 1272//1272 1254//1254
f 1254//1254 1272//1272 1256//1256
f 1272//1272 1273//1273 1256//1256
f 1256//1256 1273//1273 1257//1257
f 1273//1273 1274//1274 1257//1257
f 1257//1257 1274//1274 1258//1258
f 1258//1258 1274//1274 1259//1259
f 1274//1274 1275//1275 1259//1259
f 1275//1275 1276//1276 1259//1259
f 1259//1259 1276//1276 1260//1260
f 1276//1276 1271//1271 1260//1260
f 1264//1264 1270//1270 1263//1263
f 1263//1263 1270//1270 1277//1277
f 1277//1277 1270//1270 1265//1265
f 1265//1265 1270//1270 1266//1266
f 1266//1266 1270//1270 1267//1267
f 1267//1267 1270//1270 1268//1268
f 1268//1268 1270//1270 1269//1269
f 1269//1269 1270//1270 1264//1264
f 1276//1276 1278//1278 1271//1271
f 1271//1271 1278//1278 1272//1272
f 1272//1272 1278//1278 1273//1273
f 1273//1273 1278//1278 1274//1274
f 1274//1274 1278//1278 1275//1275
f 1275//1275 1278//1278 1276//1276
f 1264//1264 1263//1263 1279//1279
f 1279//1279 1263//1263 1280//1280
f 1263//1263 1277//1277 1280//1280
f 1280//1280 1277//1277 1281//1281
f 1277//1277 1265//1265 1281//1281
f 1281//1281 1265//1265 1282//1282
f 1265//1265 1266//1266 1282//1282
f 1282//1282 1266//1266 1283//1283
f 1266//1266 1267//1267 1283//1283
f 1283//1283 1267//1267 1284//1284
f 1267//1267 1268//1268 1284//1284
f 1284//1284 1268//1268 1285//1285
f 1268//1268 1269//1269 1285//1285
f 1285//1285 1269//1269 1286//1286
f 1269//1269 1264//1264 1286//1286
f 1286//1286 1264//1264 1279//1279
f 1271//1271 1272//1272 1278//1278
f 1272//1272 1273//1273 1278//1278
f 1273//1273 1274//1274 1278//1278
f 1274//1274 1275//1275 1278//1278
f 1275//1275 1276//1276 1278//1278
f 1276//1276 1271//1271 1278//1278
f 1279//1279 1280//1280 1287//1287
f 1286//1286 1279//1279 1287//1287
f 1280//1280 1281//1281 1287//1287
f 1281//1281 1282//1282 1287//1287
f 1282//1282 1283//1283 1287//1287
f 1283//1283 1284//1284 1287//1287
f 1284//1284 1285//1285 1287//1287
f 1285//1285 1286//1286 1287//1287
f 1276//1276 1288//1288 1271//1271
f 1288//1288 1289//1289 1271//1271
f 1271//1271 1289//1289 1272//1272
f 1289//1289 1290//1290 1272//1272
f 1272//1272 1290//1290 1273//1273
f 1290//1290 1291//1291 1273//1273
f 1273//1273 1291//1291 1274//1274
f 1274//1274 1291//1291 1275//1275
f 1291//1291 1292//1292 1275//1275
f 1292//1292 1293//1293 1275//1275
f 1275//1275 1293//1293 1276//1276
f 1293//1293 1288//1288 1276//1276
f 1279//1279 1287//1287 1280//1280
f 1280//1280 1287//1287 1282//1282
f 1282//1282 1287//1287 1283//1283
f 1283//1283 1287//1287 1284//1284
f 1284//1284 1287//1287 1285//1285
f 1285//1285 1287//1287 1286//1286
f 1286//1286 1287//1287 1279//1279
f 1293//1293 1294//1294 1288//1288
f 1288//1288 1294//1294 1289//1289
f 1289//1289 1294//1294 1290//1290
f 1290//1290 1294//1294 1291//1291
f 1291//1291 1294//1294 1292//1292
f 1292//1292 1294//1294 1293//1293
f 1279//1279 1280//1280 1295//1295
f 1286//1286 1279//1279 1295//1295
f 1295//1295 1280//1280 1296//1296
f 1296//1296 1280//1280 1297//1297
f 1280//1280 1282//1282 1297//1297
f 1297//1297 1282//1282 1298//1298
f 1298//1298 1282//1282 1299//1299
f 1282//1282 1283//1283 1299//1299
f 1283//1283 1284//1284 1299//1299
f 1299//1299 1284//1284 1300//1300
f 1300//1300 1284//1284 1301//1301
f 1284//1284 1285//1285 1301//1301
f 1285//1285 1286//1286 1301//1301
f 1301//1301 1286//1286 1302//1302
f 1302//1302 1286//1286 1295//1295
f 1288//1288 1289//1289 1294//1294
f 1289//1289 1290//1290 1294//1294
f 1290//1290 1291//1291 1294//1294
f 1291//1291 1292//1292 1294//1294
f 1292//1292 1293//1293 1294//1294
f 1293//1293 1288//1288 1294//1294
f 1295//1295 1296//1296 1303//1303
f 1302//1302 1295//1295 1303//1303
f 1296//1296 1297//1297 1303//1303
f 1297//1297 1298//1298 1303//1303
f 1298//1298 1299//1299 1303//1303
f 1299//1299 1300//1300 1303//1303
f 1300//1300 1301//1301 1303//1303
f 1301//1301 1302//1302 1303//1303
f 1304//1304 1305//1305 1288//1288
f 1293//1293 1304//1304 1288//1288
f 1288//1288 1305//1305 1289//1289
f 1305//1305 1306//1306 1289//1289
f 1289//1289 1306//1306 1290//1290
f 1306//1306 1307//1307 1290//1290
f 1290//1290 1307//1307 1291//1291
f 1307//1307 1308//1308 1291//1291
f 1291//1291 1308//1308 1292//1292
f 1308//1308 1309//1309 1292//1292
f 1292//1292 1309//1309 1293//1293
f 1309//1309 1304//1304 1293//1293
f 1295//1295 1303//1303 1296//1296
f 1296//1296 1303//1303 1298//1298
f 1298//1298 1303//1303 1299//1299
f 1299//1299 1303//1303 1300//1300
f 1300//1300 1303//1303 1301//1301
f 1301//1301 1303//1303 1302//1302
f 1302//1302 1303//1303 1295//1295
f 1304//1304 1310//1310 1305//1305
f 1305//1305 1310//1310 1306//1306
f 1306//1306 1310//1310 1307//1307
f 1307//1307 1310//1310 1308//1308
f 1308//1308 1310//1310 1309//1309
f 1309//1309 1310//1310 1304//1304
f 1295//1295 1296//1296 1311//1311
f 1302//1302 1295//1295 1312//1312
f 1312//1312 1295//1295 1311//1311
f 1311//1311 1296//1296 1313//1313
f 1296//1296 1298//1298 1313//1313
f 1313//1313 1298//1298 1314//1314
f 1314//1314 1298//1298 1315//1315
f 1298//1298 1299//1299 1315//1315
f 1315//1315 1299//1299 1316//1316
f 1299//1299 1300//1300 1316//1316
f 1316//1316 1300//1300 1317//1317
f 1300//1300 1301//1301 1317//1317
f 1317//1317 1301//1301 1318//1318
f 1301//1301 1302//1302 1318//1318
f 1318//1318 1302//1302 1312//1312
f 1304//1304 1305//1305 1310//1310
f 1305//1305 1306//1306 1310//1310
f 1306//1306 1307//1307 1310//1310
f 1307//1307 1308//1308 1310//1310
f 1308//1308 1309//1309 1310//1310
f 1309//1309 1304//1304 1310//1310
f 1312//1312 1311//1311 1319//1319
f 1318//1318 1312//1312 1319//1319
f 1311//1311 1313//1313 1319//1319
f 1313//1313 1314//1314 1319//1319
f 1314//1314 1315//1315 1319//1319
f 1315//1315 1316//1316 1319//1319
f 1316//1316 1317//1317 1319//1319
f 1317//1317 1318//1318 1319//1319
f 1304//1304 1320//1320 1305//1305
f 1320//1320 1321//1321 1305//1305
f 1305//1305 1321//1321 1306//1306
f 1321//1321 1322//1322 1306//1306
f 1306//1306 1322//1322 1307//1307
f 1322//1322 1323//1323 1307//1307
f 1307//1307 1323//1323 1308//1308
f 1323//1323 1324//1324 1308//1308
f 1308//1308 1324//1324 1309//1309
f 1324//1324 1325//1325 1309//1309
f 1309//1309 1325//1325 1304//1304
f 1325//1325 1320//1320 1304//1304
f 1312//1312 1319//1319 1311//1311
f 1311//1311 1319//1319 1313//1313
f 1313//1313 1319//1319 1315//1315
f 1315//1315 1319//1319 1316//1316
f 1316//1316 1319//1319 1317//1317
f 1317//1317 1319//1319 1318//1318
f 1318//1318 1319//1319 1312//1312
f 1325//1325 1326//1326 1320//1320
f 1320//1320 1326//1326 1321//1321
f 1321//1321 1326//1326 1322//1322
f 1322//1322 1326//1326 1323//1323
f 1323//1323 1326//1326 1324//1324
f 1324//1324 1326//1326 1325//1325
f 1312//1312 1311//1311 1327//1327
f 1328//1328 1312//1312 1327//1327
f 1311//1311 1313//1313 1327//1327
f 1327//1327 1313//1313 1329//1329
f 1329//1329 1313//1313 1330//1330
f 1313//1313 1315//1315 1330//1330
f 1330//1330 1315//1315 1331//1331
f 1331//1331 1315//1315 1332//1332
f 1315//1315 1316//1316 1332//1332
f 1316//1316 1317//1317 1332//1332
f 1332//1332 1317//1317 1333//1333
f 1333//1333 1317//1317 1334//1334
f 1317//1317 1318//1318 1334//1334
f 1318//1318 1312//1312 1334//1334
f 1334//1334 1312//1312 1328//1328
f 1320//1320 1335//1335 1326//1326
f 1335//1335 1321//1321 1326//1326
f 1321//1321 1322//1322 1326//1326
f 1322//1322 1323//1323 1326//1326
f 1323//1323 1324//1324 1326//1326
f 1324//1324 1325//1325 1326//1326
f 1325//1325 1320//1320 1326//1326
f 1328//1328 1327//1327 1336//1336
f 1334//1334 1328//1328 1336//1336
f 1327//1327 1329//1329 1336//1336
f 1329//1329 1330//1330 1336//1336
f 1330//1330 1331//1331 1336//1336
f 1331//1331 1332//1332 1336//1336
f 1332//1332 1333//1333 1336//1336
f 1333//1333 1334//1334 1336//1336
f 1320//1320 1337//1337 1335//1335
f 1325//1325 1337//1337 1320//1320
f 1337//1337 1338//1338 1335//1335
f 1335//1335 1338//1338 1321//1321
f 1338//1338 1339//1339 1321//1321
f 1321//1321 1339//1339 1322//1322
f 1339//1339 1340//1340 1322//1322
f 1340//1340 1341//1341 1322//1322
f 1322//1322 1341//1341 1323//1323
f 1323//1323 1341//1341 1324//1324
f 1341//1341 1342//1342 1324//1324
f 1342//1342 1343//1343 1324//1324
f 1324//1324 1343//1343 1325//1325
f 1343//1343 1337//1337 1325//1325
f 1328//1328 1336//1336 1327//1327
f 1327//1327 1336//1336 1329//1329
f 1329//1329 1336//1336 1331//1331
f 1331//1331 1336//1336 1332//1332
f 1332//1332 1336//1336 1333//1333
f 1333//1333 1336//1336 1334//1334
f 1334//1334 1336//1336 1328//1328
f 1343//1343 1344//1344 1337//1337
f 1337//1337 1344//1344 1338//1338
f 1338//1338 1344//1344 1339//1339
f 1339//1339 1344//1344 1340//1340
f 1340//1340 1344//1344 1341//1341
f 1341//1341 1344//1344 1342//1342
f 1342//1342 1344//1344 1343//1343
f 1328//1328 1327//1327 1345//1345
f 1346//1346 1328//1328 1345//1345
f 1345//1345 1327//1327 1347//1347
f 1327//1327 1329//1329 1347//1347
f 1347//1347 1329//1329 1348//1348
f 1329//1329 1331//1331 1348//1348
f 1348//1348 1331//1331 1349//1349
f 1349//1349 1331//1331 1350//1350
f 1331//1331 1332//1332 1350//1350
f 1350//1350 1332//1332 1351//1351
f 1332//1332 1333//1333 1351//1351
f 1351//1351 1333//1333 1352//1352
f 1333//1333 1334//1334 1352//1352
f 1352//1352 1334//1334 1346//1346
f 1334//1334 1328//1328 1346//1346
f 1337//1337 1338//1338 1344//1344
f 1338//1338 1339//1339 1344//1344
f 1339//1339 1340//1340 1344//1344
f 1340//1340 1341//1341 1344//1344
f 1341//1341 1342//1342 1344//1344
f 1342//1342 1343//1343 1344//1344
f 1343//1343 1337//1337 1344//1344
f 1345//1345 1347//1347 1353//1353
f 1346//1346 1345//1345 1353//1353
f 1347//1347 1348//1348 1353//1353
f 1348//1348 1349//1349 1353//1353
f 1349//1349 1350//1350 1353//1353
f 1350//1350 1351//1351 1353//1353
f 1351//1351 1352//1352 1353//1353
f 1352//1352 1346//1346 1353//1353
f 1354//1354 1355//1355 1337//1337
f 1337//1337 1355//1355 1338//1338
f 1343//1343 1354//1354 1337//1337
f 1355//1355 1356//1356 1338//1338
f 1338//1338 1356//1356 1339//1339
f 1356//1356 1357//1357 1339//1339
f 1339//1339 1357//1357 1340//1340
f 1357//1357 1358//1358 1340//1340
f 1340//1340 1358//1358 1341//1341
f 1358//1358 1359//1359 1341//1341
f 1341//1341 1359//1359 1342//1342
f 1359//1359 1360//1360 1342//1342
f 1342//1342 1360//1360 1343//1343
f 1360//1360 1354//1354 1343//1343
f 1345//1345 1353//1353 1347//1347
f 1347//1347 1353//1353 1348//1348
f 1348//1348 1353//1353 1350//1350
f 1350//1350 1353//1353 1351//1351
f 1351//1351 1353//1353 1352//1352
f 1352//1352 1353//1353 1346//1346
f 1346//1346 1353//1353 1345//1345
f 1354//1354 1361//1361 1355//1355
f 1355//1355 1361//1361 1356//1356
f 1356//1356 1361//1361 1357//1357
f 1357//1357 1361//1361 1358//1358
f 1358//1358 1361//1361 1359//1359
f 1359//1359 1361//1361 1360//1360
f 1360//1360 1361//1361 1354//1354
f 1346//1346 1345//1345 1362//1362
f 1362//1362 1345//1345 1363//1363
f 1363//1363 1345//1345 1364//1364
f 1345//1345 1347//1347 1364//1364
f 1347//1347 1348//1348 1364//1364
f 1364//1364 1348//1348 1365//1365
f 1365//1365 1348//1348 1366//1366
f 1348//1348 1350//1350 1366//1366
f 1366//1366 1350//1350 1367//1367
f 1367//1367 1350//1350 1368//1368
f 1350//1350 1351//1351 1368//1368
f 1351//1351 1352//1352 1368//1368
f 1368//1368 1352//1352 1369//1369
f 1369//1369 1352//1352 1362//1362
f 1352//1352 1346//1346 1362//1362
f 1355//1355 1356//1356 1361//1361
f 1356//1356 1357//1357 1361//1361
f 1357//1357 1358//1358 1361//1361
f 1358//1358 1359//1359 1361//1361
f 1359//1359 1360//1360 1361//1361
f 1360//1360 1354//1354 1361//1361
f 1354//1354 1355//1355 1361//1361
f 1363//1363 1364//1364 1370//1370
f 1362//1362 1363//1363 1370//1370
f 1364//1364 1365//1365 1370//1370
f 1365//1365 1366//1366 1370//1370
f 1366//1366 1367//1367 1370//1370
f 1367//1367 1368//1368 1370//1370
f 1368//1368 1369//1369 1370//1370
f 1369//1369 1362//1362 1370//1370
f 1354//1354 1371//1371 1355//1355
f 1371//1371 1372//1372 1355//1355
f 1355//1355 1372//1372 1356//1356
f 1356//1356 1372//1372 1357//1357
f 1372//1372 1373//1373 1357//1357
f 1373//1373 1374//1374 1357//1357
f 1357//1357 1374//1374 1358//1358
f 1358//1358 1374//1374 1359//1359
f 1374//1374 1375//1375 1359//1359
f 1375//1375 1376//1376 1359//1359
f 1359//1359 1376//1376 1360//1360
f 1376//1376 1377//1377 1360//1360
f 1360//1360 1377//1377 1354//1354
f 1377//1377 1371//1371 1354//1354
f 1363//1363 1370//1370 1364//1364
f 1364//1364 1370//1370 1365//1365
f 1365//1365 1370//1370 1367//1367
f 1367//1367 1370//1370 1368//1368
f 1368//1368 1370//1370 1369//1369
f 1369//1369 1370//1370 1362//1362
f 1362//1362 1370//1370 1363//1363
f 1377//1377 1378//1378 1371//1371
f 1371//1371 1378//1378 1372//1372
f 1372//1372 1378//1378 1373//1373
f 1373//1373 1378//1378 1374//1374
f 1374//1374 1378//1378 1375//1375
f 1375//1375 1378//1378 1376//1376
f 1376//1376 1378//1378 1377//1377
f 1362//1362 1363//1363 1379//1379
f 1379//1379 1363//1363 1380//1380
f 1363//1363 1364//1364 1380//1380
f 1380//1380 1364//1364 1381//1381
f 1364//1364 1365//1365 1381//1381
f 1381//1381 1365//1365 1382//1382
f 1365//1365 1367//1367 1382//1382
f 1382//1382 1367//1367 1383//1383
f 1367//1367 1368//1368 1383//1383
f 1383//1383 1368//1368 1384//1384
f 1368//1368 1369//1369 1384//1384
f 1384//1384 1369//1369 1385//1385
f 1369//1369 1362//1362 1385//1385
f 1385//1385 1362//1362 1379//1379
f 1371//1371 1386//1386 1378//1378
f 1386//1386 1372//1372 1378//1378
f 1372//1372 1373//1373 1378//1378
f 1373//1373 1374//1374 1378//1378
f 1374//1374 1375//1375 1378//1378
f 1375//1375 1376//1376 1378//1378
f 1376//1376 1377//1377 1378//1378
f 1377//1377 1371//1371 1378//1378
f 1379//1379 1380//1380 1387//1387
f 1380//1380 1381//1381 1387//1387
f 1381//1381 1382//1382 1387//1387
f 1382//1382 1383//1383 1387//1387
f 1383//1383 1384//1384 1387//1387
f 1384//1384 1385//1385 1387//1387
f 1385//1385 1379//1379 1387//1387
f 1371//1371 1388//1388 1386//1386
f 1377//1377 1388//1388 1371//1371
f 1388//1388 1389//1389 1386//1386
f 1386//1386 1389//1389 1372//1372
f 1372//1372 1389//1389 1373//1373
f 1389//1389 1390//1390 1373//1373
f 1390//1390 1391//1391 1373//1373
f 1373//1373 1391//1391 1374//1374
f 1374//1374 1391//1391 1375//1375
f 1391//1391 1392//1392 1375//1375
f 1392//1392 1393//1393 1375//1375
f 1375//1375 1393//1393 1376//1376
f 1376//1376 1393//1393 1377//1377
f 1393//1393 1394//1394 1377//1377
f 1394//1394 1388//1388 1377//1377
f 1379//1379 1387//1387 1380//1380
f 1380//1380 1387//1387 1381//1381
f 1381//1381 1387//1387 1382//1382
f 1382//1382 1387//1387 1384//1384
f 1384//1384 1387//1387 1385//1385
f 1385//1385 1387//1387 1379//1379
f 1394//1394 1395//1395 1388//1388
f 1388//1388 1395//1395 1389//1389
f 1389//1389 1395//1395 1390//1390
f 1390//1390 1395//1395 1391//1391
f 1391//1391 1395//1395 1392//1392
f 1392//1392 1395//1395 1393//1393
f 1393//1393 1395//1395 1394//1394
f 1379//1379 1380//1380 1396//1396
f 1396//1396 1380//1380 1397//1397
f 1380//1380 1381//1381 1397//1397
f 1397//1397 1381//1381 1398//1398
f 1381//1381 1382//1382 1398//1398
f 1398//1398 1382//1382 1399//1399
f 1382//1382 1384//1384 1399//1399
f 1399//1399 1384//1384 1400//1400
f 1384//1384 1385//1385 1400//1400
f 1400//1400 1385//1385 1401//1401
f 1385//1385 1379//1379 1401//1401
f 1401//1401 1379//1379 1396//1396
f 1388//1388 1402//1402 1395//1395
f 1402//1402 1389//1389 1395//1395
f 1389//1389 1390//1390 1395//1395
f 1390//1390 1391//1391 1395//1395
f 1391//1391 1392//1392 1395//1395
f 1392//1392 1393//1393 1395//1395
f 1393//1393 1394//1394 1395//1395
f 1394//1394 1388//1388 1395//1395
f 1401//1401 1396//1396 1403//1403
f 1396//1396 1397//1397 1403//1403
f 1397//1397 1398//1398 1403//1403
f 1398//1398 1399//1399 1403//1403
f 1399//1399 1400//1400 1403//1403
f 1400//1400 1401//1401 1403//1403
f 1388//1388 1404//1404 1402//1402
f 1394//1394 1404//1404 1388//1388
f 1404//1404 1405//1405 1402//1402
f 1402//1402 1405//1405 1389//1389
f 1389//1389 1405//1405 1390//1390
f 1405//1405 1406//1406 1390//1390
f 1406//1406 1407//1407 1390//1390
f 1390//1390 1407//1407 1391//1391
f 1391//1391 1407//1407 1392//1392
f 1407//1407 1408//1408 1392//1392
f 1408//1408 1409//1409 1392//1392
f 1392//1392 1409//1409 1393//1393
f 1393//1393 1409//1409 1394//1394
f 1409//1409 1410//1410 1394//1394
f 1410//1410 1404//1404 1394//1394
f 1396//1396 1403//1403 1397//1397
f 1397//1397 1403//1403 1398//1398
f 1398//1398 1403//1403 1399//1399
f 1399//1399 1403//1403 1400//1400
f 1400//1400 1403//1403 1401//1401
f 1401//1401 1403//1403 1396//1396
f 1410//1410 1411//1411 1404//1404
f 1404//1404 1411//1411 1405//1405
f 1405//1405 1411//1411 1406//1406
f 1406//1406 1411//1411 1407//1407
f 1407//1407 1411//1411 1408//1408
f 1408//1408 1411//1411 1409//1409
f 1409//1409 1411//1411 1410//1410
f 1401//1401 1396//1396 1412//1412
f 1412//1412 1396//1396 1413//1413
f 1396//1396 1397//1397 1413//1413
f 1413//1413 1397//1397 1414//1414
f 1397//1397 1398//1398 1414//1414
f 1414//1414 1398//1398 1415//1415
f 1398//1398 1399//1399 1415//1415
f 1415//1415 1399//1399 1416//1416
f 1399//1399 1400//1400 1416//1416
f 1416//1416 1400//1400 1417//1417
f 1400//1400 1401//1401 1417//1417
f 1417//1417 1401//1401 1412//1412
f 1404//1404 1418//1418 1411//1411
f 1418//1418 1405//1405 1411//1411
f 1405//1405 1406//1406 1411//1411
f 1406//1406 1407//1407 1411//1411
f 1407//1407 1408//1408 1411//1411
f 1408//1408 1409//1409 1411//1411
f 1409//1409 1410//1410 1411//1411
f 1410//1410 1404//1404 1411//1411
f 1412//1412 1413//1413 1419//1419
f 1413//1413 1414//1414 1419//1419
f 1414//1414 1415//1415 1419//1419
f 1415//1415 1416//1416 1419//1419
f 1416//1416 1417//1417 1419//1419
f 1417//1417 1412//1412 1419//1419
f 1420//1420 1421//1421 1404//1404
f 1404//1404 1421//1421 1418//1418
f 1410//1410 1420//1420 1404//1404
f 1421//1421 1422//1422 1418//1418
f 1418//1418 1422//1422 1405//1405
f 1422//1422 1423//1423 1405//1405
f 1405//1405 1423//1423 1406//1406
f 1423//1423 1424//1424 1406//1406
f 1406//1406 1424//1424 1407//1407
f 1424//1424 1425//1425 1407//1407
f 1407//1407 1425//1425 1408//1408
f 1425//1425 1426//1426 1408//1408
f 1408//1408 1426//1426 1409//1409
f 1426//1426 1427//1427 1409//1409
f 1409//1409 1427//1427 1410//1410
f 1427//1427 1420//1420 1410//1410
f 1412//1412 1419//1419 1413//1413
f 1413//1413 1419//1419 1414//1414
f 1414//1414 1419//1419 1415//1415
f 1415//1415 1419//1419 1416//1416
f 1416//1416 1419//1419 1417//1417
f 1417//1417 1419//1419 1412//1412
f 1420//1420 1428//1428 1421//1421
f 1427//1427 1428//1428 1420//1420
f 1421//1421 1428//1428 1422//1422
f 1422//1422 1428//1428 1423//1423
f 1423//1423 1428//1428 1424//1424
f 1424//1424 1428//1428 1425//1425
f 1425//1425 1428//1428 1426//1426
f 1426//1426 1428//1428 1427//1427
f 1412//1412 1413//1413 1429//1429
f 1430//1430 1412//1412 1429//1429
f 1429//1429 1413//1413 1431//1431
f 1413//1413 1414//1414 1431//1431
f 1431//1431 1414//1414 1432//1432
f 1414//1414 1415//1415 1432//1432
f 1432//1432 1415//1415 1433//1433
f 1415//1415 1416//1416 1433//1433
f 1433//1433 1416//1416 1434//1434
f 1416//1416 1417//1417 1434//1434
f 1434//1434 1417//1417 1435//1435
f 1435//1435 1417//1417 1430//1430
f 1417//1417 1412//1412 1430//1430
f 1420//1420 1422//1422 1428//1428
f 1422//1422 1423//1423 1428//1428
f 1423//1423 1424//1424 1428//1428
f 1424//1424 1425//1425 1428//1428
f 1425//1425 1426//1426 1428//1428
f 1426//1426 1427//1427 1428//1428
f 1427//1427 1420//1420 1428//1428
f 1429//1429 1431//1431 1436//1436
f 1430//1430 1429//1429 1436//1436
f 1431//1431 1432//1432 1436//1436
f 1432//1432 1433//1433 1436//1436
f 1433//1433 1434//1434 1436//1436
f 1434//1434 1435//1435 1436//1436
f 1435//1435 1430//1430 1436//1436
f 1437//1437 1438//1438 1420//1420
f 1420//1420 1438//1438 1422//1422
f 1438//1438 1439//1439 1422//1422
f 1422//1422 1439//1439 1423//1423
f 1439//1439 1440//1440 1423//1423
f 1423//1423 1440//1440 1424//1424
f 1440//1440 1441//1441 1424//1424
f 1424//1424 1441//1441 1425//1425
f 1441//1441 1442//1442 1425//1425
f 1425//1425 1442//1442 1426//1426
f 1442//1442 1443//1443 1426//1426
f 1426//1426 1443//1443 1427//1427
f 1443//1443 1444//1444 1427//1427
f 1427//1427 1444//1444 1420//1420
f 1444//1444 1437//1437 1420//1420
f 1429//1429 1436//1436 1431//1431
f 1431//1431 1436//1436 1432//1432
f 1432//1432 1436//1436 1433//1433
f 1433//1433 1436//1436 1434//1434
f 1434//1434 1436//1436 1435//1435
f 1435//1435 1436//1436 1430//1430
f 1430//1430 1436//1436 1429//1429
f 1437//1437 1445//1445 1438//1438
f 1444//1444 1445//1445 1437//1437
f 1438//1438 1445//1445 1439//1439
f 1439//1439 1445//1445 1440//1440
f 1440//1440 1445//1445 1441//1441
f 1441//1441 1445//1445 1442//1442
f 1442//1442 1445//1445 1443//1443
f 1443//1443 1445//1445 1444//1444
f 1430//1430 1429//1429 1446//1446
f 1446//1446 1429//1429 1447//1447
f 1447//1447 1429//1429 1448//1448
f 1429//1429 1431//1431 1448//1448
f 1431//1431 1432//1432 1448//1448
f 1448//1448 1432//1432 1449//1449
f 1449//1449 1432//1432 1450//1450
f 1432//1432 1433//1433 1450//1450
f 1450//1450 1433//1433 1451//1451
f 1433//1433 1434//1434 1451//1451
f 1434//1434 1435//1435 1451//1451
f 1451//1451 1435//1435 1452//1452
f 1452//1452 1435//1435 1446//1446
f 1435//1435 1430//1430 1446//1446
f 1438//1438 1439//1439 1445//1445
f 1439//1439 1440//1440 1445//1445
f 1440//1440 1441//1441 1445//1445
f 1441//1441 1442//1442 1445//1445
f 1442//1442 1443//1443 1445//1445
f 1443//1443 1444//1444 1445//1445
f 1444//1444 1438//1438 1445//1445
f 1447//1447 1448//1448 1453//1453
f 1446//1446 1447//1447 1453//1453
f 1448//1448 1449//1449 1453//1453
f 1449//1449 1450//1450 1453//1453
f 1450//1450 1451//1451 1453//1453
f 1451//1451 1452//1452 1453//1453
f 1452//1452 1446//1446 1453//1453
f 1454//1454 1455//1455 1438//1438
f 1444//1444 1454//1454 1438//1438
f 1455//1455 1456//1456 1438//1438
f 1438//1438 1456//1456 1439//1439
f 1439//1439 1456//1456 1440//1440
f 1456//1456 1457//1457 1440//1440
f 1457//1457 1458//1458 1440//1440
f 1440//1440 1458//1458 1441//1441
f 1441//1441 1458//1458 1442//1442
f 1458//1458 1459//1459 1442//1442
f 1459//1459 1460//1460 1442//1442
f 1442//1442 1460//1460 1443//1443
f 1443//1443 1460//1460 1444//1444
f 1460//1460 1461//1461 1444//1444
f 1461//1461 1454//1454 1444//1444
f 1447//1447 1453//1453 1448//1448
f 1448//1448 1453//1453 1449//1449
f 1449//1449 1453//1453 1450//1450
f 1450//1450 1453//1453 1451//1451
f 1451//1451 1453//1453 1452//1452
f 1452//1452 1453//1453 1446//1446
f 1446//1446 1453//1453 1447//1447
f 1454//1454 1462//1462 1455//1455
f 1461//1461 1462//1462 1454//1454
f 1455//1455 1462//1462 1456//1456
f 1456//1456 1462//1462 1457//1457
f 1457//1457 1462//1462 1458//1458
f 1458//1458 1462//1462 1459//1459
f 1459//1459 1462//1462 1460//1460
f 1460//1460 1462//1462 1461//1461
f 1446//1446 1447//1447 1463//1463
f 1463//1463 1447//1447 1464//1464
f 1447//1447 1448//1448 1464//1464
f 1464//1464 1448//1448 1465//1465
f 1448//1448 1449//1449 1465//1465
f 1465//1465 1449//1449 1466//1466
f 1449//1449 1450//1450 1466//1466
f 1466//1466 1450//1450 1467//1467
f 1450//1450 1451//1451 1467//1467
f 1467//1467 1451//1451 1468//1468
f 1451//1451 1452//1452 1468//1468
f 1468//1468 1452//1452 1469//1469
f 1452//1452 1446//1446 1469//1469
f 1469//1469 1446//1446 1463//1463
f 1455//1455 1456//1456 1462//1462
f 1456//1456 1457//1457 1462//1462
f 1457//1457 1458//1458 1462//1462
f 1458//1458 1459//1459 1462//1462
f 1459//1459 1460//1460 1462//1462
f 1460//1460 1461//1461 1462//1462
f 1461//1461 1455//1455 1462//1462
f 1463//1463 1464//1464 1470//1470
f 1469//1469 1463//1463 1470//1470
f 1464//1464 1465//1465 1470//1470
f 1465//1465 1466//1466 1470//1470
f 1466//1466 1467//1467 1470//1470
f 1467//1467 1468//1468 1470//1470
f 1468//1468 1469//1469 1470//1470
f 1471//1471 1472//1472 1455//1455
f 1461//1461 1471//1471 1455//1455
f 1472//1472 1473//1473 1455//1455
f 1455//1455 1473//1473 1456//1456
f 1456//1456 1473//1473 1457//1457
f 1473//1473 1474//1474 1457//1457
f 1474//1474 1475//1475 1457//1457
f 1457//1457 1475//1475 1458//1458
f 1458//1458 1475//1475 1459//1459
f 1475//1475 1476//1476 1459//1459
f 1476//1476 1477//1477 1459//1459
f 1459//1459 1477//1477 1460//1460
f 1460//1460 1477//1477 1461//1461
f 1477//1477 1478//1478 1461//1461
f 1478//1478 1471//1471 1461//1461
f 1463//1463 1470//1470 1464//1464
f 1464//1464 1470//1470 1465//1465
f 1465//1465 1470//1470 1466//1466
f 1466//1466 1470//1470 1467//1467
f 1467//1467 1470//1470 1468//1468
f 1468//1468 1470//1470 1469//1469
f 1469//1469 1470//1470 1479//1479
f 1479//1479 1470//1470 1463//1463
f 1471//1471 1480//1480 1472//1472
f 1478//1478 1480//1480 1471//1471
f 1472//1472 1480//1480 1473//1473
f 1473//1473 1480//1480 1474//1474
f 1474//1474 1480//1480 1475//1475
f 1475//1475 1480//1480 1476//1476
f 1476//1476 1480//1480 1477//1477
f 1477//1477 1480//1480 1478//1478
f 1463//1463 1464//1464 1481//1481
f 1479//1479 1463//1463 1481//1481
f 1481//1481 1464//1464 1482//1482
f 1482//1482 1464//1464 1483//1483
f 1464//1464 1465//1465 1483//1483
f 1465//1465 1466//1466 1483//1483
f 1483//1483 1466//1466 1484//1484
f 1484//1484 1466//1466 1485//1485
f 1466//1466 1467//1467 1485//1485
f 1467//1467 1468//1468 1485//1485
f 1485//1485 1468//1468 1486//1486
f 1486//1486 1468//1468 1487//1487
f 1468//1468 1469//1469 1487//1487
f 1469//1469 1479//1479 1487//1487
f 1487//1487 1479//1479 1481//1481
f 1472//1472 1473//1473 1480//1480
f 1473//1473 1474//1474 1480//1480
f 1474//1474 1475//1475 1480//1480
f 1475//1475 1476//1476 1480//1480
f 1476//1476 1477//1477 1480//1480
f 1477//1477 1478//1478 1480//1480
f 1478//1478 1472//1472 1480//1480
f 1481//1481 1482//1482 1488//1488
f 1487//1487 1481//1481 1488//1488
f 1482//1482 1483//1483 1488//1488
f 1483//1483 1484//1484 1488//1488
f 1484//1484 1485//1485 1488//1488
f 1485//1485 1486//1486 1488//1488
f 1486//1486 1487//1487 1488//1488
f 1489//1489 1490//1490 1472//1472
f 1478//1478 1489//1489 1472//1472
f 1472//1472 1490//1490 1473//1473
f 1490//1490 1491//1491 1473//1473
f 1473//1473 1491//1491 1474//1474
f 1491//1491 1492//1492 1474//1474
f 1474//1474 1492//1492 1475//1475
f 1492//1492 1493//1493 1475//1475
f 1475//1475 1493//1493 1476//1476
f 1493//1493 1494//1494 1476//1476
f 1476//1476 1494//1494 1477//1477
f 1494//1494 1495//1495 1477//1477
f 1477//1477 1495//1495 1478//1478
f 1495//1495 1496//1496 1478//1478
f 1496//1496 1489//1489 1478//1478
f 1481//1481 1488//1488 1482//1482
f 1482//1482 1488//1488 1483//1483
f 1483//1483 1488//1488 1484//1484
f 1484//1484 1488//1488 1485//1485
f 1485//1485 1488//1488 1486//1486
f 1486//1486 1488//1488 1487//1487
f 1487//1487 1488//1488 1497//1497
f 1497//1497 1488//1488 1481//1481
f 1489//1489 1498//1498 1490//1490
f 1496//1496 1498//1498 1489//1489
f 1490//1490 1498//1498 1491//1491
f 1491//1491 1498//1498 1492//1492
f 1492//1492 1498//1498 1493//1493
f 1493//1493 1498//1498 1494//1494
f 1494//1494 1498//1498 1495//1495
f 1495//1495 1498//1498 1496//1496
f 1481//1481 1482//1482 1499//1499
f 1497//1497 1481//1481 1500//1500
f 1500//1500 1481//1481 1499//1499
f 1499//1499 1482//1482 1501//1501
f 1482//1482 1483//1483 1501//1501
f 1501//1501 1483//1483 1502//1502
f 1483//1483 1484//1484 1502//1502
f 1502//1502 1484//1484 1503//1503
f 1484//1484 1485//1485 1503//1503
f 1503//1503 1485//1485 1504//1504
f 1485//1485 1486//1486 1504//1504
f 1504//1504 1486//1486 1505//1505
f 1486//1486 1487//1487 1505//1505
f 1505//1505 1487//1487 1500//1500
f 1487//1487 1497//1497 1500//1500
f 1489//1489 1490//1490 1498//1498
f 1490//1490 1491//1491 1498//1498
f 1491//1491 1492//1492 1498//1498
f 1492//1492 1493//1493 1498//1498
f 1493//1493 1494//1494 1498//1498
f 1494//1494 1495//1495 1498//1498
f 1495//1495 1489//1489 1498//1498
f 1500//1500 1499//1499 1506//1506
f 1499//1499 1501//1501 1506//1506
f 1501//1501 1502//1502 1506//1506
f 1502//1502 1503//1503 1506//1506
f 1503//1503 1504//1504 1506//1506
f 1504//1504 1505//1505 1506//1506
f 1505//1505 1500//1500 1506//1506
f 1507//1507 1508//1508 1489//1489
f 1489//1489 1508//1508 1490//1490
f 1490//1490 1508//1508 1491//1491
f 1508//1508 1509//1509 1491//1491
f 1509//1509 1510//1510 1491//1491
f 1491//1491 1510//1510 1492//1492
f 1492//1492 1510//1510 1493//1493
f 1510//1510 1511//1511 1493//1493
f 1511//1511 1512//1512 1493//1493
f 1493//1493 1512//1512 1494//1494
f 1494//1494 1512//1512 1495//1495
f 1512//1512 1513//1513 1495//1495
f 1513//1513 1514//1514 1495//1495
f 1495//1495 1514//1514 1489//1489
f 1514//1514 1507//1507 1489//1489
f 1515//1515 1506//1506 1499//1499
f 1499//1499 1506//1506 1501//1501
f 1501//1501 1506//1506 1502//1502
f 1502//1502 1506//1506 1503//1503
f 1503//1503 1506//1506 1504//1504
f 1504//1504 1506//1506 1505//1505
f 1505//1505 1506//1506 1500//1500
f 1500//1500 1506//1506 1515//1515
f 1507//1507 1516//1516 1508//1508
f 1514//1514 1516//1516 1507//1507
f 1508//1508 1516//1516 1509//1509
f 1509//1509 1516//1516 1510//1510
f 1510//1510 1516//1516 1511//1511
f 1511//1511 1516//1516 1512//1512
f 1512//1512 1516//1516 1513//1513
f 1513//1513 1516//1516 1514//1514
f 1515//1515 1499//1499 1517//1517
f 1500//1500 1515//1515 1518//1518
f 1518//1518 1515//1515 1517//1517
f 1499//1499 1501//1501 1517//1517
f 1517//1517 1501//1501 1519//1519
f 1519//1519 1501//1501 1520//1520
f 1501//1501 1502//1502 1520//1520
f 1502//1502 1503//1503 1520//1520
f 1520//1520 1503//1503 1521//1521
f 1521//1521 1503//1503 1522//1522
f 1503//1503 1504//1504 1522//1522
f 1504//1504 1505//1505 1522//1522
f 1522//1522 1505//1505 1523//1523
f 1523//1523 1505//1505 1518//1518
f 1505//1505 1500//1500 1518//1518
f 1507//1507 1508//1508 1516//1516
f 1508//1508 1509//1509 1516//1516
f 1509//1509 1510//1510 1516//1516
f 1510//1510 1511//1511 1516//1516
f 1511//1511 1512//1512 1516//1516
f 1512//1512 1513//1513 1516//1516
f 1513//1513 1507//1507 1516//1516
f 1518//1518 1517//1517 1524//1524
f 1517//1517 1519//1519 1524//1524
f 1519//1519 1520//1520 1524//1524
f 1520//1520 1521//1521 1524//1524
f 1521//1521 1522//1522 1524//1524
f 1522//1522 1523//1523 1524//1524
f 1523//1523 1518//1518 1524//1524
f 1507//1507 1525//1525 1508//1508
f 1525//1525 1526//1526 1508//1508
f 1508//1508 1526//1526 1509//1509
f 1526//1526 1527//1527 1509//1509
f 1509//1509 1527//1527 1510//1510
f 1527//1527 1528//1528 1510//1510
f 1510//1510 1528//1528 1511//1511
f 1528//1528 1529//1529 1511//1511
f 1511//1511 1529//1529 1512//1512
f 1529//1529 1530//1530 1512//1512
f 1512//1512 1530//1530 1513//1513
f 1530//1530 1531//1531 1513//1513
f 1513//1513 1531//1531 1507//1507
f 1531//1531 1525//1525 1507//1507
f 1532//1532 1524//1524 1517//1517
f 1517//1517 1524//1524 1519//1519
f 1519//1519 1524//1524 1520//1520
f 1520//1520 1524//1524 1521//1521
f 1521//1521 1524//1524 1522//1522
f 1522//1522 1524//1524 1523//1523
f 1523//1523 1524//1524 1518//1518
f 1518//1518 1524//1524 1532//1532
f 1531//1531 1533//1533 1525//1525
f 1525//1525 1533//1533 1526//1526
f 1526//1526 1533//1533 1527//1527
f 1527//1527 1533//1533 1528//1528
f 1528//1528 1533//1533 1529//1529
f 1529//1529 1533//1533 1530//1530
f 1530//1530 1533//1533 1531//1531
f 1532//1532 1517//1517 1534//1534
f 1518//1518 1532//1532 1535//1535
f 1535//1535 1532//1532 1534//1534
f 1534//1534 1517//1517 1536//1536
f 1517//1517 1519//1519 1536//1536
f 1536//1536 1519//1519 1537//1537
f 1519//1519 1520//1520 1537//1537
f 1537//1537 1520//1520 1538//1538
f 1520//1520 1521//1521 1538//1538
f 1538//1538 1521//1521 1539//1539
f 1521//1521 1522//1522 1539//1539
f 1539//1539 1522//1522 1540//1540
f 1522//1522 1523//1523 1540//1540
f 1540//1540 1523//1523 1541//1541
f 1523//1523 1518//1518 1541//1541
f 1541//1541 1518//1518 1535//1535
f 1525//1525 1526//1526 1533//1533
f 1526//1526 1527//1527 1533//1533
f 1527//1527 1528//1528 1533//1533
f 1528//1528 1529//1529 1533//1533
f 1529//1529 1530//1530 1533//1533
f 1530//1530 1531//1531 1533//1533
f 1531//1531 1525//1525 1533//1533
f 1534//1534 1536//1536 1542//1542
f 1535//1535 1534//1534 1542//1542
f 1541//1541 1535//1535 1542//1542
f 1536//1536 1537//1537 1542//1542
f 1537//1537 1538//1538 1542//1542
f 1538//1538 1539//1539 1542//1542
f 1539//1539 1540//1540 1542//1542
f 1540//1540 1541//1541 1542//1542
f 1525//1525 1543//1543 1526//1526
f 1531//1531 1543//1543 1525//1525
f 1543//1543 1544//1544 1526//1526
f 1544//1544 1545//1545 1526//1526
f 1526//1526 1545//1545 1527//1527
f 1527//1527 1545//1545 1528//1528
f 1545//1545 1546//1546 1528//1528
f 1528//1528 1546//1546 1529//1529
f 1546//1546 1547//1547 1529//1529
f 1547//1547 1548//1548 1529//1529
f 1529//1529 1548//1548 1530//1530
f 1530//1530 1548//1548 1531//1531
f 1548//1548 1549//1549 1531//1531
f 1549//1549 1543//1543 1531//1531
f 1535//1535 1542//1542 1536//1536
f 1536//1536 1542//1542 1537//1537
f 1537//1537 1542//1542 1538//1538
f 1538//1538 1542//1542 1539//1539
f 1539//1539 1542//1542 1540//1540
f 1540//1540 1542//1542 1541//1541
f 1541//1541 1542//1542 1535//1535
f 1549//1549 1550//1550 1543//1543
f 1543//1543 1550//1550 1544//1544
f 1544//1544 1550//1550 1545//1545
f 1545//1545 1550//1550 1546//1546
f 1546//1546 1550//1550 1547//1547
f 1547//1547 1550//1550 1548//1548
f 1548//1548 1550//1550 1549//1549
f 1535//1535 1536//1536 1551//1551
f 1551//1551 1536//1536 1552//1552
f 1536//1536 1537//1537 1552//1552
f 1552//1552 1537//1537 1553//1553
f 1537//1537 1538//1538 1553//1553
f 1553//1553 1538//1538 1554//1554
f 1538//1538 1539//1539 1554//1554
f 1554//1554 1539//1539 1555//1555
f 1539//1539 1540//1540 1555//1555
f 1555//1555 1540//1540 1556//1556
f 1540//1540 1541//1541 1556//1556
f 1556//1556 1541//1541 1557//1557
f 1541//1541 1535//1535 1557//1557
f 1557//1557 1535//1535 1551//1551
f 1543//1543 1544//1544 1550//1550
f 1544//1544 1545//1545 1550//1550
f 1545//1545 1546//1546 1550//1550
f 1546//1546 1547//1547 1550//1550
f 1547//1547 1548//1548 1550//1550
f 1548//1548 1549//1549 1550//1550
f 1549//1549 1543//1543 1550//1550
f 1551//1551 1552//1552 1558//1558
f 1557//1557 1551//1551 1558//1558
f 1552//1552 1553//1553 1558//1558
f 1553//1553 1554//1554 1558//1558
f 1554//1554 1555//1555 1558//1558
f 1555//1555 1556//1556 1558//1558
f 1556//1556 1557//1557 1558//1558
f 1559//1559 1560//1560 1543//1543
f 1543//1543 1560//1560 1544//1544
f 1549//1549 1559//1559 1543//1543
f 1560//1560 1561//1561 1544//1544
f 1544//1544 1561//1561 1545//1545
f 1561//1561 1562//1562 1545//1545
f 1545//1545 1562//1562 1546//1546
f 1562//1562 1563//1563 1546//1546
f 1546//1546 1563//1563 1547//1547
f 1563//1563 1564//1564 1547//1547
f 1547//1547 1564//1564 1548//1548
f 1548//1548 1564//1564 1549//1549
f 1564//1564 1559//1559 1549//1549
f 1551//1551 1558//1558 1565//1565
f 1565//1565 1558//1558 1552//1552
f 1552//1552 1558//1558 1553//1553
f 1553//1553 1558//1558 1554//1554
f 1554//1554 1558//1558 1555//1555
f 1555//1555 1558//1558 1556//1556
f 1556//1556 1558//1558 1557//1557
f 1557//1557 1558//1558 1551//1551
f 1559//1559 1566//1566 1560//1560
f 1560//1560 1566//1566 1561//1561
f 1561//1561 1566//1566 1562//1562
f 1562//1562 1566//1566 1563//1563
f 1563//1563 1566//1566 1564//1564
f 1564//1564 1566//1566 1559//1559
f 1551//1551 1565//1565 1567//1567
f 1557//1557 1551//1551 1568//1568
f 1568//1568 1551//1551 1567//1567
f 1567//1567 1565//1565 1569//1569
f 1565//1565 1552//1552 1569//1569
f 1569//1569 1552//1552 1570//1570
f 1552//1552 1553//1553 1570//1570
f 1570//1570 1553//1553 1571//1571
f 1553//1553 1554//1554 1571//1571
f 1571//1571 1554//1554 1572//1572
f 1554//1554 1555//1555 1572//1572
f 1572//1572 1555//1555 1573//1573
f 1555//1555 1556//1556 1573//1573
f 1573//1573 1556//1556 1574//1574
f 1556//1556 1557//1557 1574//1574
f 1574//1574 1557//1557 1568//1568
f 1560//1560 1561//1561 1566//1566
f 1561//1561 1562//1562 1566//1566
f 1562//1562 1563//1563 1566//1566
f 1563//1563 1564//1564 1566//1566
f 1564//1564 1559//1559 1566//1566
f 1559//1559 1560//1560 1566//1566
f 1567//1567 1569//1569 1575//1575
f 1568//1568 1567//1567 1575//1575
f 1569//1569 1570//1570 1575//1575
f 1570//1570 1571//1571 1575//1575
f 1571//1571 1572//1572 1575//1575
f 1572//1572 1573//1573 1575//1575
f 1573//1573 1574//1574 1575//1575
f 1574//1574 1568//1568 1575//1575
f 1559//1559 1576//1576 1560//1560
f 1576//1576 1577//1577 1560//1560
f 1560//1560 1577//1577 1561//1561
f 1577//1577 1578//1578 1561//1561
f 1561//1561 1578//1578 1562//1562
f 1578//1578 1579//1579 1562//1562
f 1562//1562 1579//1579 1563//1563
f 1579//1579 1580//1580 1563//1563
f 1563//1563 1580//1580 1564//1564
f 1580//1580 1581//1581 1564//1564
f 1564//1564 1581//1581 1559//1559
f 1581//1581 1576//1576 1559//1559
f 1567//1567 1575//1575 1570//1570
f 1570//1570 1575//1575 1571//1571
f 1571//1571 1575//1575 1572//1572
f 1572//1572 1575//1575 1573//1573
f 1573//1573 1575//1575 1574//1574
f 1574//1574 1575//1575 1568//1568
f 1568//1568 1575//1575 1567//1567
f 1581//1581 1582//1582 1576//1576
f 1576//1576 1582//1582 1577//1577
f 1577//1577 1582//1582 1578//1578
f 1578//1578 1582//1582 1579//1579
f 1579//1579 1582//1582 1580//1580
f 1580//1580 1582//1582 1581//1581
f 1568//1568 1567//1567 1583//1583
f 1583//1583 1567//1567 1584//1584
f 1584//1584 1567//1567 1585//1585
f 1567//1567 1570//1570 1585//1585
f 1585//1585 1570//1570 1586//1586
f 1586//1586 1570//1570 1587//1587
f 1570//1570 1571//1571 1587//1587
f 1571//1571 1572//1572 1587//1587
f 1587//1587 1572//1572 1588//1588
f 1588//1588 1572//1572 1589//1589
f 1572//1572 1573//1573 1589//1589
f 1573//1573 1574//1574 1589//1589
f 1589//1589 1574//1574 1590//1590
f 1590//1590 1574//1574 1583//1583
f 1574//1574 1568//1568 1583//1583
f 1576//1576 1577//1577 1582//1582
f 1577//1577 1578//1578 1582//1582
f 1578//1578 1579//1579 1582//1582
f 1579//1579 1580//1580 1582//1582
f 1580//1580 1581//1581 1582//1582
f 1581//1581 1576//1576 1582//1582
f 1584//1584 1585//1585 1591//1591
f 1583//1583 1584//1584 1591//1591
f 1585//1585 1586//1586 1591//1591
f 1586//1586 1587//1587 1591//1591
f 1587//1587 1588//1588 1591//1591
f 1588//1588 1589//1589 1591//1591
f 1589//1589 1590//1590 1591//1591
f 1590//1590 1583//1583 1591//1591
f 1592//1592 1593//1593 1576//1576
f 1576//1576 1593//1593 1577//1577
f 1593//1593 1594//1594 1577//1577
f 1577//1577 1594//1594 1578//1578
f 1594//1594 1595//1595 1578//1578
f 1578//1578 1595//1595 1579//1579
f 1595//1595 1596//1596 1579//1579
f 1596//1596 1597//1597 1579//1579
f 1579//1579 1597//1597 1580//1580
f 1597//1597 1598//1598 1580//1580
f 1580//1580 1598//1598 1581//1581
f 1598//1598 1592//1592 1581//1581
f 1581//1581 1592//1592 1576//1576
f 1584//1584 1591//1591 1586//1586
f 1586//1586 1591//1591 1587//1587
f 1587//1587 1591//1591 1588//1588
f 1588//1588 1591//1591 1589//1589
f 1589//1589 1591//1591 1590//1590
f 1590//1590 1591//1591 1583//1583
f 1583//1583 1591//1591 1584//1584
f 1592//1592 1599//1599 1593//1593
f 1593//1593 1599//1599 1594//1594
f 1594//1594 1599//1599 1595//1595
f 1595//1595 1599//1599 1596//1596
f 1596//1596 1599//1599 1597//1597
f 1597//1597 1599//1599 1598//1598
f 1598//1598 1599//1599 1592//1592
f 1583//1583 1584//1584 1600//1600
f 1600//1600 1584//1584 1601//1601
f 1601//1601 1584//1584 1602//1602
f 1584//1584 1586//1586 1602//1602
f 1602//1602 1586//1586 1603//1603
f 1603//1603 1586//1586 1604//1604
f 1586//1586 1587//1587 1604//1604
f 1587//1587 1588//1588 1604//1604
f 1604//1604 1588//1588 1605//1605
f 1605//1605 1588//1588 1606//1606
f 1588//1588 1589//1589 1606//1606
f 1589//1589 1590//1590 1606//1606
f 1606//1606 1590//1590 1607//1607
f 1607//1607 1590//1590 1600//1600
f 1590//1590 1583//1583 1600//1600
f 1592//1592 1593//1593 1599//1599
f 1593//1593 1594//1594 1599//1599
f 1594//1594 1595//1595 1599//1599
f 1595//1595 1596//1596 1599//1599
f 1596//1596 1597//1597 1599//1599
f 1597//1597 1598//1598 1599//1599
f 1598//1598 1592//1592 1599//1599
f 1601//1601 1602//1602 1608//1608
f 1600//1600 1601//1601 1608//1608
f 1602//1602 1603//1603 1608//1608
f 1603//1603 1604//1604 1608//1608
f 1604//1604 1605//1605 1608//1608
f 1605//1605 1606//1606 1608//1608
f 1606//1606 1607//1607 1608//1608
f 1607//1607 1600//1600 1608//1608
f 1592//1592 1609//1609 1593//1593
f 1609//1609 1610//1610 1593//1593
f 1593//1593 1610//1610 1594//1594
f 1610//1610 1611//1611 1594//1594
f 1594//1594 1611//1611 1595//1595
f 1611//1611 1612//1612 1595//1595
f 1595//1595 1612//1612 1596//1596
f 1612//1612 1613//1613 1596//1596
f 1596//1596 1613//1613 1597//1597
f 1613//1613 1614//1614 1597//1597
f 1597//1597 1614//1614 1598//1598
f 1614//1614 1615//1615 1598//1598
f 1598//1598 1615//1615 1592//1592
f 1615//1615 1609//1609 1592//1592
f 1601//1601 1608//1608 1603//1603
f 1603//1603 1608//1608 1604//1604
f 1604//1604 1608//1608 1605//1605
f 1605//1605 1608//1608 1606//1606
f 1606//1606 1608//1608 1607//1607
f 1607//1607 1608//1608 1600//1600
f 1600//1600 1608//1608 1601//1601
f 1615//1615 1616//1616 1609//1609
f 1609//1609 1616//1616 1610//1610
f 1610//1610 1616//1616 1611//1611
f 1611//1611 1616//1616 1612//1612
f 1612//1612 1616//1616 1613//1613
f 1613//1613 1616//1616 1614//1614
f 1614//1614 1616//1616 1615//1615
f 1600//1600 1601//1601 1617//1617
f 1617//1617 1601//1601 1618//1618
f 1601//1601 1603//1603 1618//1618
f 1618//1618 1603//1603 1619//1619
f 1619//1619 1603//1603 1620//1620
f 1603//1603 1604//1604 1620//1620
f 1620//1620 1604//1604 1621//1621
f 1604//1604 1605//1605 1621//1621
f 1621//1621 1605//1605 1622//1622
f 1605//1605 1606//1606 1622//1622
f 1622//1622 1606//1606 1623//1623
f 1606//1606 1607//1607 1623//1623
f 1623//1623 1607//1607 1624//1624
f 1607//1607 1600//1600 1624//1624
f 1624//1624 1600//1600 1617//1617
f 1609//1609 1610//1610 1616//1616
f 1610//1610 1611//1611 1616//1616
f 1611//1611 1625//1625 1616//1616
f 1625//1625 1612//1612 1616//1616
f 1612//1612 1613//1613 1616//1616
f 1613//1613 1614//1614 1616//1616
f 1614//1614 1615//1615 1616//1616
f 1615//1615 1609//1609 1616//1616
f 1617//1617 1618//1618 1626//1626
f 1624//1624 1617//1617 1626//1626
f 1618//1618 1619//1619 1626//1626
f 1619//1619 1620//1620 1626//1626
f 1620//1620 1621//1621 1626//1626
f 1621//1621 1622//1622 1626//1626
f 1622//1622 1623//1623 1626//1626
f 1623//1623 1624//1624 1626//1626
f 1609//1609 1627//1627 1610//1610
f 1615//1615 1627//1627 1609//1609
f 1627//1627 1628//1628 1610//1610
f 1628//1628 1629//1629 1610//1610
f 1610//1610 1629//1629 1611//1611
f 1611//1611 1629//1629 1625//1625
f 1629//1629 1630//1630 1625//1625
f 1625//1625 1630//1630 1612//1612
f 1612//1612 1630//1630 1613//1613
f 1630//1630 1631//1631 1613//1613
f 1631//1631 1632//1632 1613//1613
f 1613//1613 1632//1632 1614//1614
f 1614//1614 1632//1632 1615//1615
f 1632//1632 1633//1633 1615//1615
f 1633//1633 1627//1627 1615//1615
f 1617//1617 1626//1626 1618//1618
f 1618//1618 1626//1626 1620//1620
f 1620//1620 1626//1626 1621//1621
f 1621//1621 1626//1626 1622//1622
f 1622//1622 1626//1626 1623//1623
f 1623//1623 1626//1626 1624//1624
f 1624//1624 1626//1626 1617//1617
f 1633//1633 1634//1634 1627//1627
f 1627//1627 1634//1634 1628//1628
f 1628//1628 1634//1634 1629//1629
f 1629//1629 1634//1634 1630//1630
f 1630//1630 1634//1634 1631//1631
f 1631//1631 1634//1634 1632//1632
f 1632//1632 1634//1634 1633//1633
f 1617//1617 1618//1618 1635//1635
f 1624//1624 1617//1617 1636//1636
f 1636//1636 1617//1617 1635//1635
f 1635//1635 1618//1618 1637//1637
f 1618//1618 1620//1620 1637//1637
f 1637//1637 1620//1620 1638//1638
f 1638//1638 1620//1620 1639//1639
f 1620//1620 1621//1621 1639//1639
f 1621//1621 1622//1622 1639//1639
f 1639//1639 1622//1622 1640//1640
f 1640//1640 1622//1622 1641//1641
f 1622//1622 1623//1623 1641//1641
f 1623//1623 1624//1624 1641//1641
f 1641//1641 1624//1624 1636//1636
f 1627//1627 1628//1628 1634//1634
f 1628//1628 1629//1629 1634//1634
f 1629//1629 1642//1642 1634//1634
f 1642//1642 1630//1630 1634//1634
f 1630//1630 1631//1631 1634//1634
f 1631//1631 1632//1632 1634//1634
f 1632//1632 1633//1633 1634//1634
f 1633//1633 1627//1627 1634//1634
f 1635//1635 1637//1637 1643//1643
f 1636//1636 1635//1635 1643//1643
f 1637//1637 1638//1638 1643//1643
f 1638//1638 1639//1639 1643//1643
f 1639//1639 1640//1640 1643//1643
f 1640//1640 1641//1641 1643//1643
f 1641//1641 1636//1636 1643//1643
f 1644//1644 1645//1645 1627//1627
f 1627//1627 1645//1645 1628//1628
f 1633//1633 1644//1644 1627//1627
f 1645//1645 1646//1646 1628//1628
f 1628//1628 1646//1646 1629//1629
f 1646//1646 1647//1647 1629//1629
f 1629//1629 1647//1647 1642//1642
f 1642//1642 1647//1647 1630//1630
f 1647//1647 1648//1648 1630//1630
f 1630//1630 1648//1648 1631//1631
f 1648//1648 1649//1649 1631//1631
f 1631//1631 1649//1649 1632//1632
f 1649//1649 1650//1650 1632//1632
f 1632//1632 1650//1650 1633//1633
f 1650//1650 1644//1644 1633//1633
f 1635//1635 1643//1643 1637//1637
f 1637//1637 1643//1643 1638//1638
f 1638//1638 1643//1643 1639//1639
f 1639//1639 1643//1643 1640//1640
f 1640//1640 1643//1643 1641//1641
f 1641//1641 1643//1643 1636//1636
f 1636//1636 1643//1643 1635//1635
f 1644//1644 1651//1651 1645//1645
f 1645//1645 1651//1651 1646//1646
f 1646//1646 1651//1651 1647//1647
f 1647//1647 1651//1651 1648//1648
f 1648//1648 1651//1651 1649//1649
f 1649//1649 1651//1651 1650//1650
f 1650//1650 1651//1651 1644//1644
f 1636//1636 1635//1635 1652//1652
f 1652//1652 1635//1635 1653//1653
f 1653//1653 1635//1635 1654//1654
f 1635//1635 1637//1637 1654//1654
f 1654//1654 1637//1637 1655//1655
f 1637//1637 1638//1638 1655//1655
f 1655//1655 1638//1638 1656//1656
f 1638//1638 1639//1639 1656//1656
f 1639//1639 1640//1640 1656//1656
f 1656//1656 1640//1640 1657//1657
f 1657//1657 1640//1640 1658//1658
f 1640//1640 1641//1641 1658//1658
f 1641//1641 1636//1636 1658//1658
f 1658//1658 1636//1636 1652//1652
f 1645//1645 1646//1646 1651//1651
f 1646//1646 1659//1659 1651//1651
f 1659//1659 1647//1647 1651//1651
f 1647//1647 1648//1648 1651//1651
f 1648//1648 1649//1649 1651//1651
f 1649//1649 1650//1650 1651//1651
f 1650//1650 1644//1644 1651//1651
f 1644//1644 1645//1645 1651//1651
f 1653//1653 1654//1654 1660//1660
f 1652//1652 1653//1653 1660//1660
f 1654//1654 1655//1655 1660//1660
f 1655//1655 1656//1656 1660//1660
f 1656//1656 1657//1657 1660//1660
f 1657//1657 1658//1658 1660//1660
f 1658//1658 1652//1652 1660//1660
f 1661//1661 1662//1662 1645//1645
f 1644//1644 1661//1661 1645//1645
f 1662//1662 1663//1663 1645//1645
f 1645//1645 1663//1663 1646//1646
f 1646//1646 1663//1663 1659//1659
f 1663//1663 1664//1664 1659//1659
f 1659//1659 1664//1664 1647//1647
f 1647//1647 1664//1664 1648//1648
f 1664//1664 1665//1665 1648//1648
f 1665//1665 1666//1666 1648//1648
f 1648//1648 1666//1666 1649//1649
f 1649//1649 1666//1666 1650//1650
f 1666//1666 1667//1667 1650//1650
f 1667//1667 1661//1661 1650//1650
f 1650//1650 1661//1661 1644//1644
f 1653//1653 1660//1660 1655//1655
f 1655//1655 1660//1660 1656//1656
f 1656//1656 1660//1660 1657//1657
f 1657//1657 1660//1660 1658//1658
f 1658//1658 1660//1660 1652//1652
f 1652//1652 1660//1660 1653//1653
f 1661//1661 1668//1668 1662//1662
f 1662//1662 1668//1668 1663//1663
f 1663//1663 1668//1668 1664//1664
f 1664//1664 1668//1668 1665//1665
f 1665//1665 1668//1668 1666//1666
f 1666//1666 1668//1668 1667//1667
f 1667//1667 1668//1668 1661//1661
f 1652//1652 1653//1653 1669//1669
f 1669//1669 1653//1653 1670//1670
f 1653//1653 1655//1655 1670//1670
f 1670//1670 1655//1655 1671//1671
f 1655//1655 1656//1656 1671//1671
f 1671//1671 1656//1656 1672//1672
f 1656//1656 1657//1657 1672//1672
f 1672//1672 1657//1657 1673//1673
f 1657//1657 1658//1658 1673//1673
f 1673//1673 1658//1658 1674//1674
f 1658//1658 1652//1652 1674//1674
f 1674//1674 1652//1652 1669//1669
f 1662//1662 1663//1663 1668//1668
f 1663//1663 1675//1675 1668//1668
f 1675//1675 1664//1664 1668//1668
f 1664//1664 1665//1665 1668//1668
f 1665//1665 1666//1666 1668//1668
f 1666//1666 1667//1667 1668//1668
f 1667//1667 1661//1661 1668//1668
f 1661//1661 1662//1662 1668//1668
f 1669//1669 1670//1670 1676//1676
f 1674//1674 1669//1669 1676//1676
f 1670//1670 1671//1671 1676//1676
f 1671//1671 1672//1672 1676//1676
f 1672//1672 1673//1673 1676//1676
f 1673//1673 1674//1674 1676//1676
f 1677//1677 1678//1678 1662//1662
f 1661//1661 1677//1677 1662//1662
f 1662//1662 1678//1678 1663//1663
f 1678//1678 1679//1679 1663//1663
f 1663//1663 1679//1679 1675//1675
f 1675//1675 1679//1679 1664//1664
f 1679//1679 1680//1680 1664//1664
f 1664//1664 1680//1680 1665//1665
f 1680//1680 1681//1681 1665//1665
f 1665//1665 1681//1681 1666//1666
f 1681//1681 1682//1682 1666//1666
f 1666//1666 1682//1682 1667//1667
f 1682//1682 1683//1683 1667//1667
f 1667//1667 1683//1683 1661//1661
f 1683//1683 1677//1677 1661//1661
f 1669//1669 1676//1676 1670//1670
f 1670//1670 1676//1676 1671//1671
f 1671//1671 1676//1676 1672//1672
f 1672//1672 1676//1676 1673//1673
f 1673//1673 1676//1676 1674//1674
f 1674//1674 1676//1676 1669//1669
f 1677//1677 1684//1684 1678//1678
f 1683//1683 1684//1684 1677//1677
f 1678//1678 1684//1684 1679//1679
f 1679//1679 1684//1684 1680//1680
f 1680//1680 1684//1684 1681//1681
f 1681//1681 1684//1684 1682//1682
f 1682//1682 1684//1684 1683//1683
f 1669//1669 1670//1670 1685//1685
f 1686//1686 1669//1669 1685//1685
f 1685//1685 1670//1670 1687//1687
f 1670//1670 1671//1671 1687//1687
f 1687//1687 1671//1671 1688//1688
f 1671//1671 1672//1672 1688//1688
f 1688//1688 1672//1672 1689//1689
f 1672//1672 1673//1673 1689//1689
f 1689//1689 1673//1673 1690//1690
f 1673//1673 1674//1674 1690//1690
f 1690//1690 1674//1674 1686//1686
f 1674//1674 1669//1669 1686//1686
f 1677//1677 1678//1678 1684//1684
f 1678//1678 1691//1691 1684//1684
f 1691//1691 1679//1679 1684//1684
f 1679//1679 1680//1680 1684//1684
f 1680//1680 1681//1681 1684//1684
f 1681//1681 1682//1682 1684//1684
f 1682//1682 1683//1683 1684//1684
f 1683//1683 1677//1677 1684//1684
f 1686//1686 1685//1685 1692//1692
f 1685//1685 1687//1687 1692//1692
f 1687//1687 1688//1688 1692//1692
f 1688//1688 1689//1689 1692//1692
f 1689//1689 1690//1690 1692//1692
f 1690//1690 1686//1686 1692//1692
f 1693//1693 1694//1694 1677//1677
f 1677//1677 1694//1694 1678//1678
f 1678//1678 1694//1694 1691//1691
f 1694//1694 1695//1695 1691//1691
f 1691//1691 1695//1695 1679//1679
f 1679//1679 1695//1695 1680//1680
f 1695//1695 1696//1696 1680//1680
f 1696//1696 1697//1697 1680//1680
f 1680//1680 1697//1697 1681//1681
f 1681//1681 1697//1697 1682//1682
f 1697//1697 1698//1698 1682//1682
f 1698//1698 1699//1699 1682//1682
f 1682//1682 1699//1699 1683//1683
f 1683//1683 1699//1699 1677//1677
f 1699//1699 1693//1693 1677//1677
f 1685//1685 1692//1692 1687//1687
f 1687//1687 1692//1692 1688//1688
f 1688//1688 1692//1692 1689//1689
f 1689//1689 1692//1692 1690//1690
f 1690//1690 1692//1692 1686//1686
f 1686//1686 1692//1692 1685//1685
f 1693//1693 1700//1700 1694//1694
f 1699//1699 1700//1700 1693//1693
f 1694//1694 1700//1700 1695//1695
f 1695//1695 1700//1700 1696//1696
f 1696//1696 1700//1700 1697//1697
f 1697//1697 1700//1700 1698//1698
f 1698//1698 1700//1700 1699//1699
f 1686//1686 1685//1685 1701//1701
f 1701//1701 1685//1685 1702//1702
f 1685//1685 1687//1687 1702//1702
f 1702//1702 1687//1687 1703//1703
f 1687//1687 1688//1688 1703//1703
f 1703//1703 1688//1688 1704//1704
f 1688//1688 1689//1689 1704//1704
f 1704//1704 1689//1689 1705//1705
f 1705//1705 1689//1689 1706//1706
f 1689//1689 1690//1690 1706//1706
f 1690//1690 1686//1686 1706//1706
f 1706//1706 1686//1686 1701//1701
f 1693//1693 1694//1694 1700//1700
f 1694//1694 1707//1707 1700//1700
f 1707//1707 1695//1695 1700//1700
f 1695//1695 1696//1696 1700//1700
f 1696//1696 1697//1697 1700//1700
f 1697//1697 1698//1698 1700//1700
f 1698//1698 1699//1699 1700//1700
f 1699//1699 1693//1693 1700//1700
f 1701//1701 1702//1702 1708//1708
f 1702//1702 1703//1703 1708//1708
f 1703//1703 1704//1704 1708//1708
f 1704//1704 1705//1705 1708//1708
f 1705//1705 1706//1706 1708//1708
f 1706//1706 1701//1701 1708//1708
f 1709//1709 1710//1710 1693//1693
f 1693//1693 1710//1710 1694//1694
f 1710//1710 1711//1711 1694//1694
f 1694//1694 1711//1711 1707//1707
f 1711//1711 1712//1712 1707//1707
f 1707//1707 1712//1712 1695//1695
f 1712//1712 1713//1713 1695//1695
f 1695//1695 1713//1713 1696//1696
f 1713//1713 1714//1714 1696//1696
f 1696//1696 1714//1714 1697//1697
f 1714//1714 1715//1715 1697//1697
f 1697//1697 1715//1715 1698//1698
f 1715//1715 1716//1716 1698//1698
f 1698//1698 1716//1716 1699//1699
f 1716//1716 1709//1709 1699//1699
f 1699//1699 1709//1709 1693//1693
f 1702//1702 1708//1708 1717//1717
f 1717//1717 1708//1708 1703//1703
f 1703//1703 1708//1708 1704//1704
f 1704//1704 1708//1708 1705//1705
f 1705//1705 1708//1708 1706//1706
f 1706//1706 1708//1708 1701//1701
f 1701//1701 1708//1708 1702//1702
f 1709//1709 1718//1718 1710//1710
f 1710//1710 1718//1718 1711//1711
f 1711//1711 1718//1718 1712//1712
f 1712//1712 1718//1718 1713//1713
f 1713//1713 1718//1718 1714//1714
f 1714//1714 1718//1718 1715//1715
f 1715//1715 1718//1718 1716//1716
f 1716//1716 1718//1718 1709//1709
f 1701//1701 1702//1702 1719//1719
f 1719//1719 1702//1702 1720//1720
f 1702//1702 1717//1717 1720//1720
f 1720//1720 1717//1717 1721//1721
f 1717//1717 1703//1703 1721//1721
f 1703//1703 1704//1704 1721//1721
f 1721//1721 1704//1704 1722//1722
f 1704//1704 1705//1705 1722//1722
f 1722//1722 1705//1705 1723//1723
f 1723//1723 1705//1705 1724//1724
f 1705//1705 1706//1706 1724//1724
f 1706//1706 1701//1701 1724//1724
f 1724//1724 1701//1701 1725//1725
f 1725//1725 1701//1701 1719//1719
f 1710//1710 1712//1712 1718//1718
f 1712//1712 1713//1713 1718//1718
f 1713//1713 1714//1714 1718//1718
f 1714//1714 1715//1715 1718//1718
f 1715//1715 1716//1716 1718//1718
f 1716//1716 1709//1709 1718//1718
f 1709//1709 1710//1710 1718//1718
f 1719//1719 1720//1720 1726//1726
f 1725//1725 1719//1719 1726//1726
f 1720//1720 1721//1721 1726//1726
f 1721//1721 1722//1722 1726//1726
f 1722//1722 1723//1723 1726//1726
f 1723//1723 1724//1724 1726//1726
f 1724//1724 1725//1725 1726//1726
f 1727//1727 1728//1728 1710//1710
f 1709//1709 1727//1727 1710//1710
f 1728//1728 1729//1729 1710//1710
f 1710//1710 1729//1729 1712//1712
f 1729//1729 1730//1730 1712//1712
f 1730//1730 1731//1731 1712//1712
f 1712//1712 1731//1731 1713//1713
f 1713//1713 1731//1731 1714//1714
f 1731//1731 1732//1732 1714//1714
f 1732//1732 1733//1733 1714//1714
f 1714//1714 1733//1733 1715//1715
f 1715//1715 1733//1733 1716//1716
f 1733//1733 1734//1734 1716//1716
f 1734//1734 1727//1727 1716//1716
f 1716//1716 1727//1727 1709//1709
f 1719//1719 1726//1726 1720//1720
f 1720//1720 1726//1726 1721//1721
f 1721//1721 1726//1726 1722//1722
f 1722//1722 1726//1726 1723//1723
f 1723//1723 1726//1726 1724//1724
f 1724//1724 1726//1726 1725//1725
f 1725//1725 1726//1726 1719//1719
f 1727//1727 1735//1735 1728//1728
f 1728//1728 1735//1735 1729//1729
f 1729//1729 1735//1735 1730//1730
f 1730//1730 1735//1735 1731//1731
f 1731//1731 1735//1735 1732//1732
f 1732//1732 1735//1735 1733//1733
f 1733//1733 1735//1735 1734//1734
f 1734//1734 1735//1735 1727//1727
f 1719//1719 1720//1720 1736//1736
f 1725//1725 1719//1719 1736//1736
f 1736//1736 1720//1720 1737//1737
f 1737//1737 1720//1720 1738//1738
f 1720//1720 1721//1721 1738//1738
f 1721//1721 1722//1722 1738//1738
f 1738//1738 1722//1722 1739//1739
f 1722//1722 1723//1723 1739//1739
f 1739//1739 1723//1723 1740//1740
f 1740//1740 1723//1723 1741//1741
f 1723//1723 1724//1724 1741//1741
f 1724//1724 1725//1725 1741//1741
f 1741//1741 1725//1725 1742//1742
f 1742//1742 1725//1725 1736//1736
f 1728//1728 1730//1730 1735//1735
f 1730//1730 1731//1731 1735//1735
f 1731//1731 1732//1732 1735//1735
f 1732//1732 1733//1733 1735//1735
f 1733//1733 1734//1734 1735//1735
f 1734//1734 1727//1727 1735//1735
f 1727//1727 1728//1728 1735//1735
f 1736//1736 1737//1737 1743//1743
f 1742//1742 1736//1736 1743//1743
f 1737//1737 1738//1738 1743//1743
f 1738//1738 1739//1739 1743//1743
f 1739//1739 1740//1740 1743//1743
f 1740//1740 1741//1741 1743//1743
f 1741//1741 1742//1742 1743//1743
f 1744//1744 1745//1745 1728//1728
f 1727//1727 1744//1744 1728//1728
f 1745//1745 1746//1746 1728//1728
f 1728//1728 1746//1746 1730//1730
f 1746//1746 1747//1747 1730//1730
f 1730//1730 1747//1747 1731//1731
f 1747//1747 1748//1748 1731//1731
f 1731//1731 1748//1748 1732//1732
f 1748//1748 1749//1749 1732//1732
f 1732//1732 1749//1749 1733//1733
f 1749//1749 1750//1750 1733//1733
f 1733//1733 1750//1750 1734//1734
f 1750//1750 1751//1751 1734//1734
f 1734//1734 1751//1751 1727//1727
f 1751//1751 1744//1744 1727//1727
f 1736//1736 1743//1743 1737//1737
f 1737//1737 1743//1743 1738//1738
f 1738//1738 1743//1743 1739//1739
f 1739//1739 1743//1743 1740//1740
f 1740//1740 1743//1743 1741//1741
f 1741//1741 1743//1743 1742//1742
f 1742//1742 1743//1743 1736//1736
f 1744//1744 1752//1752 1745//1745
f 1751//1751 1752//1752 1744//1744
f 1745//1745 1752//1752 1746//1746
f 1746//1746 1752//1752 1747//1747
f 1747//1747 1752//1752 1748//1748
f 1748//1748 1752//1752 1749//1749
f 1749//1749 1752//1752 1750//1750
f 1750//1750 1752//1752 1751//1751
f 1736//1736 1737//1737 1753//1753
f 1742//1742 1736//1736 1753//1753
f 1753//1753 1737//1737 1754//1754
f 1754//1754 1737//1737 1755//1755
f 1737//1737 1738//1738 1755//1755
f 1738//1738 1739//1739 1755//1755
f 1755//1755 1739//1739 1756//1756
f 1739//1739 1740//1740 1756//1756
f 1756//1756 1740//1740 1757//1757
f 1740//1740 1741//1741 1757//1757
f 1757//1757 1741//1741 1758//1758
f 1741//1741 1742//1742 1758//1758
f 1758//1758 1742//1742 1753//1753
f 1744//1744 1746//1746 1752//1752
f 1746//1746 1747//1747 1752//1752
f 1747//1747 1748//1748 1752//1752
f 1748//1748 1749//1749 1752//1752
f 1749//1749 1750//1750 1752//1752
f 1750//1750 1751//1751 1752//1752
f 1751//1751 1744//1744 1752//1752
f 1753//1753 1754//1754 1759//1759
f 1758//1758 1753//1753 1759//1759
f 1754//1754 1755//1755 1759//1759
f 1755//1755 1756//1756 1759//1759
f 1756//1756 1757//1757 1759//1759
f 1757//1757 1758//1758 1759//1759
f 1760//1760 1761//1761 1744//1744
f 1744//1744 1761//1761 1746//1746
f 1761//1761 1762//1762 1746//1746
f 1762//1762 1763//1763 1746//1746
f 1746//1746 1763//1763 1747//1747
f 1747//1747 1763//1763 1748//1748
f 1763//1763 1764//1764 1748//1748
f 1764//1764 1765//1765 1748//1748
f 1748//1748 1765//1765 1749//1749
f 1749//1749 1765//1765 1750//1750
f 1765//1765 1766//1766 1750//1750
f 1766//1766 1767//1767 1750//1750
f 1750//1750 1767//1767 1751//1751
f 1751//1751 1767//1767 1744//1744
f 1767//1767 1760//1760 1744//1744
f 1760//1760 1768//1768 1761//1761
f 1767//1767 1768//1768 1760//1760
f 1761//1761 1768//1768 1762//1762
f 1762//1762 1768//1768 1763//1763
f 1763//1763 1768//1768 1764//1764
f 1764//1764 1768//1768 1765//1765
f 1765//1765 1768//1768 1766//1766
f 1766//1766 1768//1768 1767//1767
f 1760//1760 1762//1762 1768//1768
f 1762//1762 1763//1763 1768//1768
f 1763//1763 1764//1764 1768//1768
f 1764//1764 1765//1765 1768//1768
f 1765//1765 1766//1766 1768//1768
f 1766//1766 1767//1767 1768//1768
f 1767//1767 1760//1760 1768//1768
f 1769//1769 1770//1770 1760//1760
f 1760//1760 1770//1770 1762//1762
f 1770//1770 1771//1771 1762//1762
f 1762//1762 1771//1771 1763//1763
f 1771//1771 1772//1772 1763//1763
f 1763//1763 1772//1772 1764//1764
f 1772//1772 1773//1773 1764//1764
f 1764//1764 1773//1773 1765//1765
f 1765//1765 1773//1773 1766//1766
f 1773//1773 1774//1774 1766//1766
f 1774//1774 1775//1775 1766//1766
f 1766//1766 1775//1775 1767//1767
f 1767//1767 1775//1775 1760//1760
f 1775//1775 1769//1769 1760//1760
f 1769//1769 1776//1776 1770//1770
f 1775//1775 1776//1776 1769//1769
f 1770//1770 1776//1776 1771//1771
f 1771//1771 1776//1776 1772//1772
f 1772//1772 1776//1776 1773//1773
f 1773//1773 1776//1776 1774//1774
f 1774//1774 1776//1776 1775//1775
f 1769//1769 1770//1770 1776//1776
f 1770//1770 1771//1771 1776//1776
f 1771//1771 1772//1772 1776//1776
f 1772//1772 1773//1773 1776//1776
f 1773//1773 1774//1774 1776//1776
f 1774//1774 1775//1775 1776//1776
f 1775//1775 1769//1769 1776//1776
f 1769//1769 1777//1777 1770//1770
f 1777//1777 1778//1778 1770//1770
f 1770//1770 1778//1778 1771//1771
f 1778//1778 1779//1779 1771//1771
f 1779//1779 1780//1780 1771//1771
f 1771//1771 1780//1780 1772//1772
f 1780//1780 1781//1781 1772//1772
f 1772//1772 1781//1781 1773//1773
f 1773//1773 1781//1781 1774//1774
f 1781//1781 1782//1782 1774//1774
f 1782//1782 1783//1783 1774//1774
f 1774//1774 1783//1783 1775//1775
f 1775//1775 1783//1783 1769//1769
f 1783//1783 1777//1777 1769//1769
f 1783//1783 1784//1784 1777//1777
f 1777//1777 1784//1784 1778//1778
f 1778//1778 1784//1784 1779//1779
f 1779//1779 1784//1784 1780//1780
f 1780//1780 1784//1784 1781//1781
f 1781//1781 1784//1784 1782//1782
f 1782//1782 1784//1784 1783//1783
f 1777//1777 1779//1779 1784//1784
f 1779//1779 1780//1780 1784//1784
f 1780//1780 1781//1781 1784//1784
f 1781//1781 1782//1782 1784//1784
f 1782//1782 1783//1783 1784//1784
f 1783//1783 1777//1777 1784//1784
f 1783//1783 1785//1785 1777//1777
f 1785//1785 1786//1786 1777//1777
f 1777//1777 1786//1786 1779//1779
f 1786//1786 1787//1787 1779//1779
f 1779//1779 1787//1787 1780//1780
f 1787//1787 1788//1788 1780//1780
f 1780//1780 1788//1788 1781//1781
f 1781//1781 1788//1788 1782//1782
f 1788//1788 1789//1789 1782//1782
f 1789//1789 1790//1790 1782//1782
f 1782//1782 1790//1790 1783//1783
f 1790//1790 1785//1785 1783//1783
f 1790//1790 1791//1791 1785//1785
f 1785//1785 1791//1791 1786//1786
f 1786//1786 1791//1791 1787//1787
f 1787//1787 1791//1791 1788//1788
f 1788//1788 1791//1791 1789//1789
f 1789//1789 1791//1791 1790//1790
f 1785//1785 1786//1786 1791//1791
f 1786//1786 1787//1787 1791//1791
f 1787//1787 1788//1788 1791//1791
f 1788//1788 1789//1789 1791//1791
f 1789//1789 1790//1790 1791//1791
f 1790//1790 1785//1785 1791//1791
f 1790//1790 1792//1792 1785//1785
f 1792//1792 1793//1793 1785//1785
f 1785//1785 1793//1793 1786//1786
f 1793//1793 1794//1794 1786//1786
f 1786//1786 1794//1794 1787//1787
f 1794//1794 1795//1795 1787//1787
f 1787//1787 1795//1795 1788//1788
f 1788//1788 1795//1795 1789//1789
f 1795//1795 1796//1796 1789//1789
f 1796//1796 1797//1797 1789//1789
f 1789//1789 1797//1797 1790//1790
f 1797//1797 1792//1792 1790//1790
f 1797//1797 1798//1798 1792//1792
f 1792//1792 1798//1798 1793//1793
f 1793//1793 1798//1798 1794//1794
f 1794//1794 1798//1798 1795//1795
f 1795//1795 1798//1798 1796//1796
f 1796//1796 1798//1798 1797//1797
f 1792//1792 1793//1793 1798//1798
f 1793//1793 1794//1794 1798//1798
f 1794//1794 1795//1795 1798//1798
f 1795//1795 1796//1796 1798//1798
f 1796//1796 1797//1797 1798//1798
f 1797//1797 1792//1792 1798//1798
f 1797//1797 1799//1799 1792//1792
f 1799//1799 1800//1800 1792//1792
f 1792//1792 1800//1800 1793//1793
f 1800//1800 1801//1801 1793//1793
f 1793//1793 1801//1801 1794//1794
f 1801//1801 1802//1802 1794//1794
f 1794//1794 1802//1802 1795//1795
f 1802//1802 1803//1803 1795//1795
f 1795//1795 1803//1803 1796//1796
f 1803//1803 1804//1804 1796//1796
f 1796//1796 1804//1804 1797//1797
f 1804//1804 1799//1799 1797//1797
f 1804//1804 1805//1805 1799//1799
f 1799//1799 1805//1805 1800//1800
f 1800//1800 1805//1805 1801//1801
f 1801//1801 1805//1805 1802//1802
f 1802//1802 1805//1805 1803//1803
f 1803//1803 1805//1805 1804//1804
f 1799//1799 1800//1800 1805//1805
f 1800//1800 1801//1801 1805//1805
f 1801//1801 1802//1802 1805//1805
f 1802//1802 1803//1803 1805//1805
f 1803//1803 1804//1804 1805//1805
f 1804//1804 1799//1799 1805//1805
f 1804//1804 1806//1806 1799//1799
f 1806//1806 1807//1807 1799//1799
f 1799//1799 1807//1807 1800//1800
f 1807//1807 1808//1808 1800//1800
f 1800//1800 1808//1808 1801//1801
f 1808//1808 1809//1809 1801//1801
f 1801//1801 1809//1809 1802//1802
f 1802//1802 1809//1809 1803//1803
f 1809//1809 1810//1810 1803//1803
f 1810//1810 1811//1811 1803//1803
f 1803//1803 1811//1811 1804//1804
f 1811//1811 1806//1806 1804//1804
f 1811//1811 1812//1812 1806//1806
f 1806//1806 1812//1812 1807//1807
f 1807//1807 1812//1812 1808//1808
f 1808//1808 1812//1812 1809//1809
f 1809//1809 1812//1812 1810//1810
f 1810//1810 1812//1812 1811//1811
f 1806//1806 1813//1813 1812//1812
f 1813//1813 1807//1807 1812//1812
f 1807//1807 1808//1808 1812//1812
f 1808//1808 1809//1809 1812//1812
f 1809//1809 1810//1810 1812//1812
f 1810//1810 1811//1811 1812//1812
f 1811//1811 1806//1806 1812//1812
f 1806//1806 1814//1814 1813//1813
f 1811//1811 1814//1814 1806//1806
f 1814//1814 1815//1815 1813//1813
f 1813//1813 1815//1815 1807//1807
f 1815//1815 1816//1816 1807//1807
f 1807//1807 1816//1816 1808//1808
f 1816//1816 1817//1817 1808//1808
f 1817//1817 1818//1818 1808//1808
f 1808//1808 1818//1818 1809//1809
f 1809//1809 1818//1818 1810//1810
f 1818//1818 1819//1819 1810//1810
f 1819//1819 1820//1820 1810//1810
f 1810//1810 1820//1820 1811//1811
f 1820//1820 1814//1814 1811//1811
f 1820//1820 1821//1821 1814//1814
f 1814//1814 1821//1821 1815//1815
f 1815//1815 1821//1821 1816//1816
f 1816//1816 1821//1821 1817//1817
f 1817//1817 1821//1821 1818//1818
f 1818//1818 1821//1821 1819//1819
f 1819//1819 1821//1821 1820//1820
f 1814//1814 1815//1815 1821//1821
f 1815//1815 1816//1816 1821//1821
f 1816//1816 1817//1817 1821//1821
f 1817//1817 1818//1818 1821//1821
f 1818//1818 1819//1819 1821//1821
f 1819//1819 1820//1820 1821//1821
f 1820//1820 1814//1814 1821//1821
f 1822//1822 1823//1823 1814//1814
f 1814//1814 1823//1823 1815//1815
f 1820//1820 1822//1822 1814//1814
f 1823//1823 1824//1824 1815//1815
f 1815//1815 1824//1824 1816//1816
f 1824//1824 1825//1825 1816//1816
f 1816//1816 1825//1825 1817//1817
f 1825//1825 1826//1826 1817//1817
f 1817//1817 1826//1826 1818//1818
f 1826//1826 1827//1827 1818//1818
f 1818//1818 1827//1827 1819//1819
f 1827//1827 1828//1828 1819//1819
f 1819//1819 1828//1828 1820//1820
f 1828//1828 1822//1822 1820//1820
f 1822//1822 1829//1829 1823//1823
f 1823//1823 1829//1829 1824//1824
f 1824//1824 1829//1829 1825//1825
f 1825//1825 1829//1829 1826//1826
f 1826//1826 1829//1829 1827//1827
f 1827//1827 1829//1829 1828//1828
f 1828//1828 1829//1829 1822//1822
f 1823//1823 1824//1824 1829//1829
f 1824//1824 1825//1825 1829//1829
f 1825//1825 1826//1826 1829//1829
f 1826//1826 1827//1827 1829//1829
f 1827//1827 1828//1828 1829//1829
f 1828//1828 1822//1822 1829//1829
f 1822//1822 1823//1823 1829//1829
f 1822//1822 1830//1830 1823//1823
f 1830//1830 1831//1831 1823//1823
f 1823//1823 1831//1831 1824//1824
f 1824//1824 1831//1831 1825//1825
f 1831//1831 1832//1832 1825//1825
f 1832//1832 1833//1833 1825//1825
f 1825//1825 1833//1833 1826//1826
f 1826//1826 1833//1833 1827//1827
f 1833//1833 1834//1834 1827//1827
f 1834//1834 1835//1835 1827//1827
f 1827//1827 1835//1835 1828//1828
f 1835//1835 1836//1836 1828//1828
f 1828//1828 1836//1836 1822//1822
f 1836//1836 1830//1830 1822//1822
f 1836//1836 1837//1837 1830//1830
f 1830//1830 1837//1837 1831//1831
f 1831//1831 1837//1837 1832//1832
f 1832//1832 1837//1837 1833//1833
f 1833//1833 1837//1837 1834//1834
f 1834//1834 1837//1837 1835//1835
f 1835//1835 1837//1837 1836//1836
f 1830//1830 1838//1838 1837//1837
f 1838//1838 1831//1831 1837//1837
f 1831//1831 1832//1832 1837//1837
f 1832//1832 1833//1833 1837//1837
f 1833//1833 1834//1834 1837//1837
f 1834//1834 1835//1835 1837//1837
f 1835//1835 1836//1836 1837//1837
f 1836//1836 1830//1830 1837//1837
f 1830//1830 1839//1839 1838//1838
f 1836//1836 1839//1839 1830//1830
f 1839//1839 1840//1840 1838//1838
f 1838//1838 1840//1840 1831//1831
f 1831//1831 1840//1840 1832//1832
f 1840//1840 1841//1841 1832//1832
f 1841//1841 1842//1842 1832//1832
f 1832//1832 1842//1842 1833//1833
f 1833//1833 1842//1842 1834//1834
f 1842//1842 1843//1843 1834//1834
f 1843//1843 1844//1844 1834//1834
f 1834//1834 1844//1844 1835//1835
f 1835//1835 1844//1844 1836//1836
f 1844//1844 1845//1845 1836//1836
f 1845//1845 1839//1839 1836//1836
f 1845//1845 1846//1846 1839//1839
f 1839//1839 1846//1846 1840//1840
f 1840//1840 1846//1846 1841//1841
f 1841//1841 1846//1846 1842//1842
f 1842//1842 1846//1846 1843//1843
f 1843//1843 1846//1846 1844//1844
f 1844//1844 1846//1846 1845//1845
f 1839//1839 1847//1847 1846//1846
f 1847//1847 1840//1840 1846//1846
f 1840//1840 1841//1841 1846//1846
f 1841//1841 1842//1842 1846//1846
f 1842//1842 1843//1843 1846//1846
f 1843//1843 1844//1844 1846//1846
f 1844//1844 1845//1845 1846//1846
f 1845//1845 1839//1839 1846//1846
f 1839//1839 1848//1848 1847//1847
f 1845//1845 1848//1848 1839//1839
f 1848//1848 1849//1849 1847//1847
f 1847//1847 1849//1849 1840//1840
f 1840//1840 1849//1849 1841//1841
f 1849//1849 1850//1850 1841//1841
f 1850//1850 1851//1851 1841//1841
f 1841//1841 1851//1851 1842//1842
f 1842//1842 1851//1851 1843//1843
f 1851//1851 1852//1852 1843//1843
f 1852//1852 1853//1853 1843//1843
f 1843//1843 1853//1853 1844//1844
f 1844//1844 1853//1853 1845//1845
f 1853//1853 1854//1854 1845//1845
f 1854//1854 1848//1848 1845//1845
f 1854//1854 1855//1855 1848//1848
f 1848//1848 1855//1855 1849//1849
f 1849//1849 1855//1855 1850//1850
f 1850//1850 1855//1855 1851//1851
f 1851//1851 1855//1855 1852//1852
f 1852//1852 1855//1855 1853//1853
f 1853//1853 1855//1855 1854//1854
f 1848//1848 1856//1856 1855//1855
f 1856//1856 1849//1849 1855//1855
f 1849//1849 1850//1850 1855//1855
f 1850//1850 1851//1851 1855//1855
f 1851//1851 1852//1852 1855//1855
f 1852//1852 1853//1853 1855//1855
f 1853//1853 1854//1854 1855//1855
f 1854//1854 1848//1848 1855//1855
f 1857//1857 1858//1858 1848//1848
f 1848//1848 1858//1858 1856//1856
f 1854//1854 1857//1857 1848//1848
f 1858//1858 1859//1859 1856//1856
f 1856//1856 1859//1859 1849//1849
f 1859//1859 1860//1860 1849//1849
f 1849//1849 1860//1860 1850//1850
f 1860//1860 1861//1861 1850//1850
f 1850//1850 1861//1861 1851//1851
f 1861//1861 1862//1862 1851//1851
f 1851//1851 1862//1862 1852//1852
f 1862//1862 1863//1863 1852//1852
f 1852//1852 1863//1863 1853//1853
f 1863//1863 1864//1864 1853//1853
f 1853//1853 1864//1864 1854//1854
f 1864//1864 1857//1857 1854//1854
f 1857//1857 1865//1865 1858//1858
f 1864//1864 1865//1865 1857//1857
f 1858//1858 1865//1865 1859//1859
f 1859//1859 1865//1865 1860//1860
f 1860//1860 1865//1865 1861//1861
f 1861//1861 1865//1865 1862//1862
f 1862//1862 1865//1865 1863//1863
f 1863//1863 1865//1865 1864//1864
f 1857//1857 1859//1859 1865//1865
f 1859//1859 1860//1860 1865//1865
f 1860//1860 1861//1861 1865//1865
f 1861//1861 1862//1862 1865//1865
f 1862//1862 1863//1863 1865//1865
f 1863//1863 1864//1864 1865//1865
f 1864//1864 1857//1857 1865//1865
f 1866//1866 1867//1867 1857//1857
f 1857//1857 1867//1867 1859//1859
f 1867//1867 1868//1868 1859//1859
f 1859//1859 1868//1868 1860//1860
f 1868//1868 1869//1869 1860//1860
f 1860//1860 1869//1869 1861//1861
f 1869//1869 1870//1870 1861//1861
f 1861//1861 1870//1870 1862//1862
f 1870//1870 1871//1871 1862//1862
f 1862//1862 1871//1871 1863//1863
f 1871//1871 1872//1872 1863//1863
f 1863//1863 1872//1872 1864//1864
f 1872//1872 1873//1873 1864//1864
f 1864//1864 1873//1873 1857//1857
f 1873//1873 1866//1866 1857//1857
f 1866//1866 1874//1874 1867//1867
f 1873//1873 1874//1874 1866//1866
f 1867//1867 1874//1874 1868//1868
f 1868//1868 1874//1874 1869//1869
f 1869//1869 1874//1874 1870//1870
f 1870//1870 1874//1874 1871//1871
f 1871//1871 1874//1874 1872//1872
f 1872//1872 1874//1874 1873//1873
f 1867//1867 1868//1868 1874//1874
f 1868//1868 1869//1869 1874//1874
f 1869//1869 1870//1870 1874//1874
f 1870//1870 1871//1871 1874//1874
f 1871//1871 1872//1872 1874//1874
f 1872//1872 1873//1873 1874//1874
f 1873//1873 1867//1867 1874//1874
f 1875//1875 1876//1876 1867//1867
f 1873//1873 1875//1875 1867//1867
f 1876//1876 1877//1877 1867//1867
f 1867//1867 1877//1877 1868//1868
f 1868//1868 1877//1877 1869//1869
f 1877//1877 1878//1878 1869//1869
f 1878//1878 1879//1879 1869//1869
f 1869//1869 1879//1879 1870//1870
f 1870//1870 1879//1879 1871//1871
f 1879//1879 1880//1880 1871//1871
f 1880//1880 1881//1881 1871//1871
f 1871//1871 1881//1881 1872//1872
f 1872//1872 1881//1881 1873//1873
f 1881//1881 1882//1882 1873//1873
f 1882//1882 1875//1875 1873//1873
f 1875//1875 1883//1883 1876//1876
f 1882//1882 1883//1883 1875//1875
f 1876//1876 1883//1883 1877//1877
f 1877//1877 1883//1883 1878//1878
f 1878//1878 1883//1883 1879//1879
f 1879//1879 1883//1883 1880//1880
f 1880//1880 1883//1883 1881//1881
f 1881//1881 1883//1883 1882//1882
f 1876//1876 1877//1877 1883//1883
f 1877//1877 1878//1878 1883//1883
f 1878//1878 1879//1879 1883//1883
f 1879//1879 1880//1880 1883//1883
f 1880//1880 1881//1881 1883//1883
f 1881//1881 1882//1882 1883//1883
f 1882//1882 1876//1876 1883//1883
f 1884//1884 1885//1885 1876//1876
f 1882//1882 1884//1884 1876//1876
f 1885//1885 1886//1886 1876//1876
f 1876//1876 1886//1886 1877//1877
f 1877//1877 1886//1886 1878//1878
f 1886//1886 1887//1887 1878//1878
f 1887//1887 1888//1888 1878//1878
f 1878//1878 1888//1888 1879//1879
f 1879//1879 1888//1888 1880//1880
f 1888//1888 1889//1889 1880//1880
f 1889//1889 1890//1890 1880//1880
f 1880//1880 1890//1890 1881//1881
f 1881//1881 1890//1890 1882//1882
f 1890//1890 1891//1891 1882//1882
f 1891//1891 1884//1884 1882//1882
f 1884//1884 1892//1892 1885//1885
f 1891//1891 1892//1892 1884//1884
f 1885//1885 1892//1892 1886//1886
f 1886//1886 1892//1892 1887//1887
f 1887//1887 1892//1892 1888//1888
f 1888//1888 1892//1892 1889//1889
f 1889//1889 1892//1892 1890//1890
f 1890//1890 1892//1892 1891//1891
f 1885//1885 1886//1886 1892//1892
f 1886//1886 1887//1887 1892//1892
f 1887//1887 1888//1888 1892//1892
f 1888//1888 1889//1889 1892//1892
f 1889//1889 1890//1890 1892//1892
f 1890//1890 1891//1891 1892//1892
f 1891//1891 1885//1885 1892//1892
f 1893//1893 1894//1894 1885//1885
f 1891//1891 1893//1893 1885//1885
f 1885//1885 1894//1894 1886//1886
f 1894//1894 1895//1895 1886//1886
f 1886//1886 1895//1895 1887//1887
f 1895//1895 1896//1896 1887//1887
f 1887//1887 1896//1896 1888//1888
f 1896//1896 1897//1897 1888//1888
f 1888//1888 1897//1897 1889//1889
f 1897//1897 1898//1898 1889//1889
f 1889//1889 1898//1898 1890//1890
f 1898//1898 1899//1899 1890//1890
f 1890//1890 1899//1899 1891//1891
f 1899//1899 1900//1900 1891//1891
f 1900//1900 1893//1893 1891//1891
f 1893//1893 1901//1901 1894//1894
f 1900//1900 1901//1901 1893//1893
f 1894//1894 1901//1901 1895//1895
f 1895//1895 1901//1901 1896//1896
f 1896//1896 1901//1901 1897//1897
f 1897//1897 1901//1901 1898//1898
f 1898//1898 1901//1901 1899//1899
f 1899//1899 1901//1901 1900//1900
f 1893//1893 1894//1894 1901//1901
f 1894//1894 1895//1895 1901//1901
f 1895//1895 1896//1896 1901//1901
f 1896//1896 1897//1897 1901//1901
f 1897//1897 1898//1898 1901//1901
f 1898//1898 1899//1899 1901//1901
f 1899//1899 1893//1893 1901//1901
f 1902//1902 1903//1903 1893//1893
f 1893//1893 1903//1903 1894//1894
f 1894//1894 1903//1903 1895//1895
f 1903//1903 1904//1904 1895//1895
f 1904//1904 1905//1905 1895//1895
f 1895//1895 1905//1905 1896//1896
f 1896//1896 1905//1905 1897//1897
f 1905//1905 1906//1906 1897//1897
f 1906//1906 1907//1907 1897//1897
f 1897//1897 1907//1907 1898//1898
f 1898//1898 1907//1907 1899//1899
f 1907//1907 1908//1908 1899//1899
f 1908//1908 1909//1909 1899//1899
f 1899//1899 1909//1909 1893//1893
f 1909//1909 1902//1902 1893//1893
f 1902//1902 1910//1910 1903//1903
f 1909//1909 1910//1910 1902//1902
f 1903//1903 1910//1910 1904//1904
f 1904//1904 1910//1910 1905//1905
f 1905//1905 1910//1910 1906//1906
f 1906//1906 1910//1910 1907//1907
f 1907//1907 1910//1910 1908//1908
f 1908//1908 1910//1910 1909//1909
f 1902//1902 1903//1903 1910//1910
f 1903//1903 1904//1904 1910//1910
f 1904//1904 1905//1905 1910//1910
f 1905//1905 1906//1906 1910//1910
f 1906//1906 1907//1907 1910//1910
f 1907//1907 1908//1908 1910//1910
f 1908//1908 1902//1902 1910//1910
f 1902//1902 1911//1911 1903//1903
f 1911//1911 1912//1912 1903//1903
f 1903//1903 1912//1912 1904//1904
f 1912//1912 1913//1913 1904//1904
f 1904//1904 1913//1913 1905//1905
f 1913//1913 1914//1914 1905//1905
f 1905//1905 1914//1914 1906//1906
f 1914//1914 1915//1915 1906//1906
f 1906//1906 1915//1915 1907//1907
f 1915//1915 1916//1916 1907//1907
f 1907//1907 1916//1916 1908//1908
f 1916//1916 1917//1917 1908//1908
f 1908//1908 1917//1917 1902//1902
f 1917//1917 1911//1911 1902//1902
f 1917//1917 1918//1918 1911//1911
f 1911//1911 1918//1918 1912//1912
f 1912//1912 1918//1918 1913//1913
f 1913//1913 1918//1918 1914//1914
f 1914//1914 1918//1918 1915//1915
f 1915//1915 1918//1918 1916//1916
f 1916//1916 1918//1918 1917//1917
f 1911//1911 1912//1912 1918//1918
f 1912//1912 1913//1913 1918//1918
f 1913//1913 1914//1914 1918//1918
f 1914//1914 1915//1915 1918//1918
f 1915//1915 1916//1916 1918//1918
f 1916//1916 1917//1917 1918//1918
f 1917//1917 1911//1911 1918//1918
f 1919//1919 1920//1920 1911//1911
f 1911//1911 1920//1920 1912//1912
f 1917//1917 1919//1919 1911//1911
f 1920//1920 1921//1921 1912//1912
f 1912//1912 1921//1921 1913//1913
f 1921//1921 1922//1922 1913//1913
f 1913//1913 1922//1922 1914//1914
f 1922//1922 1923//1923 1914//1914
f 1914//1914 1923//1923 1915//1915
f 1923//1923 1924//1924 1915//1915
f 1924//1924 1925//1925 1915//1915
f 1915//1915 1925//1925 1916//1916
f 1916//1916 1925//1925 1917//1917
f 1925//1925 1919//1919 1917//1917
f 1919//1919 1926//1926 1920//1920
f 1920//1920 1926//1926 1921//1921
f 1921//1921 1926//1926 1922//1922
f 1922//1922 1926//1926 1923//1923
f 1923//1923 1926//1926 1924//1924
f 1924//1924 1926//1926 1925//1925
f 1925//1925 1926//1926 1919//1919
f 1920//1920 1921//1921 1926//1926
f 1921//1921 1922//1922 1926//1926
f 1922//1922 1923//1923 1926//1926
f 1923//1923 1925//1925 1926//1926
f 1925//1925 1919//1919 1926//1926
f 1919//1919 1920//1920 1926//1926
f 1927//1927 1928//1928 1920//1920
f 1919//1919 1927//1927 1920//1920
f 1920//1920 1928//1928 1921//1921
f 1928//1928 1929//1929 1921//1921
f 1921//1921 1929//1929 1922//1922
f 1929//1929 1930//1930 1922//1922
f 1922//1922 1930//1930 1923//1923
f 1930//1930 1931//1931 1923//1923
f 1923//1923 1931//1931 1925//1925
f 1931//1931 1932//1932 1925//1925
f 1925//1925 1932//1932 1919//1919
f 1932//1932 1927//1927 1919//1919
f 1927//1927 1933//1933 1928//1928
f 1932//1932 1933//1933 1927//1927
f 1928//1928 1933//1933 1929//1929
f 1929//1929 1933//1933 1930//1930
f 1930//1930 1933//1933 1931//1931
f 1931//1931 1933//1933 1932//1932
f 1927//1927 1928//1928 1933//1933
f 1928//1928 1929//1929 1933//1933
f 1929//1929 1930//1930 1933//1933
f 1930//1930 1931//1931 1933//1933
f 1931//1931 1932//1932 1933//1933
f 1932//1932 1927//1927 1933//1933
f 1927//1927 1934//1934 1928//1928
f 1934//1934 1935//1935 1928//1928
f 1928//1928 1935//1935 1929//1929
f 1935//1935 1936//1936 1929//1929
f 1929//1929 1936//1936 1930//1930
f 1936//1936 1937//1937 1930//1930
f 1930//1930 1937//1937 1931//1931
f 1937//1937 1938//1938 1931//1931
f 1931//1931 1938//1938 1932//1932
f 1938//1938 1939//1939 1932//1932
f 1932//1932 1939//1939 1927//1927
f 1939//1939 1934//1934 1927//1927
f 1939//1939 1940//1940 1934//1934
f 1934//1934 1940//1940 1935//1935
f 1935//1935 1940//1940 1936//1936
f 1936//1936 1940//1940 1937//1937
f 1937//1937 1940//1940 1938//1938
f 1938//1938 1940//1940 1939//1939
f 1934//1934 1935//1935 1940//1940
f 1935//1935 1936//1936 1940//1940
f 1936//1936 1937//1937 1940//1940
f 1937//1937 1938//1938 1940//1940
f 1938//1938 1939//1939 1940//1940
f 1939//1939 1934//1934 1940//1940
f 1941//1941 1942//1942 1934//1934
f 1934//1934 1942//1942 1935//1935
f 1942//1942 1943//1943 1935//1935
f 1935//1935 1943//1943 1936//1936
f 1943//1943 1944//1944 1936//1936
f 1936//1936 1944//1944 1937//1937
f 1944//1944 1945//1945 1937//1937
f 1945//1945 1946//1946 1937//1937
f 1937//1937 1946//1946 1938//1938
f 1946//1946 1947//1947 1938//1938
f 1938//1938 1947//1947 1939//1939
f 1947//1947 1941//1941 1939//1939
f 1939//1939 1941//1941 1934//1934
f 1941//1941 1948//1948 1942//1942
f 1942//1942 1948//1948 1943//1943
f 1943//1943 1948//1948 1944//1944
f 1944//1944 1948//1948 1945//1945
f 1945//1945 1948//1948 1946//1946
f 1946//1946 1948//1948 1947//1947
f 1947//1947 1948//1948 1941//1941
f 1941//1941 1942//1942 1948//1948
f 1942//1942 1943//1943 1948//1948
f 1943//1943 1944//1944 1948//1948
f 1944//1944 1945//1945 1948//1948
f 1945//1945 1946//1946 1948//1948
f 1946//1946 1947//1947 1948//1948
f 1947//1947 1941//1941 1948//1948
f 1941//1941 1949//1949 1942//1942
f 1949//1949 1950//1950 1942//1942
f 1942//1942 1950//1950 1943//1943
f 1950//1950 1951//1951 1943//1943
f 1943//1943 1951//1951 1944//1944
f 1951//1951 1952//1952 1944//1944
f 1944//1944 1952//1952 1945//1945
f 1952//1952 1953//1953 1945//1945
f 1945//1945 1953//1953 1946//1946
f 1953//1953 1954//1954 1946//1946
f 1946//1946 1954//1954 1947//1947
f 1954//1954 1955//1955 1947//1947
f 1947//1947 1955//1955 1941//1941
f 1955//1955 1949//1949 1941//1941
f 1955//1955 1956//1956 1949//1949
f 1949//1949 1956//1956 1950//1950
f 1950//1950 1956//1956 1951//1951
f 1951//1951 1956//1956 1952//1952
f 1952//1952 1956//1956 1953//1953
f 1953//1953 1956//1956 1954//1954
f 1954//1954 1956//1956 1955//1955
f 1949//1949 1950//1950 1956//1956
f 1950//1950 1951//1951 1956//1956
f 1951//1951 1957//1957 1956//1956
f 1957//1957 1952//1952 1956//1956
f 1952//1952 1953//1953 1956//1956
f 1953//1953 1954//1954 1956//1956
f 1954//1954 1955//1955 1956//1956
f 1955//1955 1949//1949 1956//1956
f 1949//1949 1958//1958 1950//1950
f 1955//1955 1958//1958 1949//1949
f 1958//1958 1959//1959 1950//1950
f 1959//1959 1960//1960 1950//1950
f 1950//1950 1960//1960 1951//1951
f 1951//1951 1960//1960 1957//1957
f 1960//1960 1961//1961 1957//1957
f 1957//1957 1961//1961 1952//1952
f 1952//1952 1961//1961 1953//1953
f 1961//1961 1962//1962 1953//1953
f 1962//1962 1963//1963 1953//1953
f 1953//1953 1963//1963 1954//1954
f 1954//1954 1963//1963 1955//1955
f 1963//1963 1964//1964 1955//1955
f 1964//1964 1958//1958 1955//1955
f 1964//1964 1965//1965 1958//1958
f 1958//1958 1965//1965 1959//1959
f 1959//1959 1965//1965 1960//1960
f 1960//1960 1965//1965 1961//1961
f 1961//1961 1965//1965 1962//1962
f 1962//1962 1965//1965 1963//1963
f 1963//1963 1965//1965 1964//1964
f 1958//1958 1959//1959 1965//1965
f 1959//1959 1960//1960 1965//1965
f 1960//1960 1966//1966 1965//1965
f 1966//1966 1961//1961 1965//1965
f 1961//1961 1962//1962 1965//1965
f 1962//1962 1963//1963 1965//1965
f 1963//1963 1964//1964 1965//1965
f 1964//1964 1958//1958 1965//1965
f 1967//1967 1968//1968 1958//1958
f 1958//1958 1968//1968 1959//1959
f 1964//1964 1967//1967 1958//1958
f 1968//1968 1969//1969 1959//1959
f 1959//1959 1969//1969 1960//1960
f 1969//1969 1970//1970 1960//1960
f 1960//1960 1970//1970 1966//1966
f 1966//1966 1970//1970 1961//1961
f 1970//1970 1971//1971 1961//1961
f 1961//1961 1971//1971 1962//1962
f 1971//1971 1972//1972 1962//1962
f 1962//1962 1972//1972 1963//1963
f 1972//1972 1973//1973 1963//1963
f 1963//1963 1973//1973 1964//1964
f 1973//1973 1967//1967 1964//1964
f 1967//1967 1974//1974 1968//1968
f 1968//1968 1974//1974 1969//1969
f 1969//1969 1974//1974 1970//1970
f 1970//1970 1974//1974 1971//1971
f 1971//1971 1974//1974 1972//1972
f 1972//1972 1974//1974 1973//1973
f 1973//1973 1974//1974 1967//1967
f 1968//1968 1969//1969 1974//1974
f 1969//1969 1975//1975 1974//1974
f 1975//1975 1970//1970 1974//1974
f 1970//1970 1971//1971 1974//1974
f 1971//1971 1972//1972 1974//1974
f 1972//1972 1973//1973 1974//1974
f 1973//1973 1967//1967 1974//1974
f 1967//1967 1968//1968 1974//1974
f 1976//1976 1977//1977 1968//1968
f 1967//1967 1976//1976 1968//1968
f 1977//1977 1978//1978 1968//1968
f 1968//1968 1978//1978 1969//1969
f 1969//1969 1978//1978 1975//1975
f 1978//1978 1979//1979 1975//1975
f 1975//1975 1979//1979 1970//1970
f 1970//1970 1979//1979 1971//1971
f 1979//1979 1980//1980 1971//1971
f 1980//1980 1981//1981 1971//1971
f 1971//1971 1981//1981 1972//1972
f 1972//1972 1981//1981 1973//1973
f 1981//1981 1982//1982 1973//1973
f 1982//1982 1976//1976 1973//1973
f 1973//1973 1976//1976 1967//1967
f 1976//1976 1983//1983 1977//1977
f 1977//1977 1983//1983 1978//1978
f 1978//1978 1983//1983 1979//1979
f 1979//1979 1983//1983 1980//1980
f 1980//1980 1983//1983 1981//1981
f 1981//1981 1983//1983 1982//1982
f 1982//1982 1983//1983 1976//1976
f 1977//1977 1978//1978 1983//1983
f 1978//1978 1984//1984 1983//1983
f 1984//1984 1979//1979 1983//1983
f 1979//1979 1980//1980 1983//1983
f 1980//1980 1981//1981 1983//1983
f 1981//1981 1982//1982 1983//1983
f 1982//1982 1976//1976 1983//1983
f 1976//1976 1977//1977 1983//1983
f 1985//1985 1986//1986 1977//1977
f 1976//1976 1985//1985 1977//1977
f 1977//1977 1986//1986 1978//1978
f 1986//1986 1987//1987 1978//1978
f 1978//1978 1987//1987 1984//1984
f 1984//1984 1987//1987 1979//1979
f 1987//1987 1988//1988 1979//1979
f 1979//1979 1988//1988 1980//1980
f 1988//1988 1989//1989 1980//1980
f 1980//1980 1989//1989 1981//1981
f 1989//1989 1990//1990 1981//1981
f 1981//1981 1990//1990 1982//1982
f 1990//1990 1991//1991 1982//1982
f 1982//1982 1991//1991 1976//1976
f 1991//1991 1985//1985 1976//1976
f 1985//1985 1992//1992 1986//1986
f 1991//1991 1992//1992 1985//1985
f 1986//1986 1992//1992 1987//1987
f 1987//1987 1992//1992 1988//1988
f 1988//1988 1992//1992 1989//1989
f 1989//1989 1992//1992 1990//1990
f 1990//1990 1992//1992 1991//1991
f 1985//1985 1986//1986 1992//1992
f 1986//1986 1993//1993 1992//1992
f 1993//1993 1987//1987 1992//1992
f 1987//1987 1988//1988 1992//1992
f 1988//1988 1989//1989 1992//1992
f 1989//1989 1990//1990 1992//1992
f 1990//1990 1991//1991 1992//1992
f 1991//1991 1985//1985 1992//1992
f 1994//1994 1995//1995 1985//1985
f 1985//1985 1995//1995 1986//1986
f 1986//1986 1995//1995 1993//1993
f 1995//1995 1996//1996 1993//1993
f 1993//1993 1996//1996 1987//1987
f 1987//1987 1996//1996 1988//1988
f 1996//1996 1997//1997 1988//1988
f 1997//1997 1998//1998 1988//1988
f 1988//1988 1998//1998 1989//1989
f 1989//1989 1998//1998 1990//1990
f 1998//1998 1999//1999 1990//1990
f 1999//1999 2000//2000 1990//1990
f 1990//1990 2000//2000 1991//1991
f 1991//1991 2000//2000 1985//1985
f 2000//2000 1994//1994 1985//1985
f 1994//1994 2001//2001 1995//1995
f 2000//2000 2001//2001 1994//1994
f 1995//1995 2001//2001 1996//1996
f 1996//1996 2001//2001 1997//1997
f 1997//1997 2001//2001 1998//1998
f 1998//1998 2001//2001 1999//1999
f 1999//1999 2001//2001 2000//2000
f 1994//1994 1995//1995 2001//2001
f 1995//1995 2002//2002 2001//2001
f 2002//2002 1996//1996 2001//2001
f 1996//1996 1997//1997 2001//2001
f 1997//1997 1998//1998 2001//2001
f 1998//1998 1999//1999 2001//2001
f 1999//1999 2000//2000 2001//2001
f 2000//2000 1994//1994 2001//2001
f 2003//2003 2004//2004 1994//1994
f 1994//1994 2004//2004 1995//1995
f 2004//2004 2005//2005 1995//1995
f 1995//1995 2005//2005 2002//2002
f 2005//2005 2006//2006 2002//2002
f 2002//2002 2006//2006 1996//1996
f 2006//2006 2007//2007 1996//1996
f 1996//1996 2007//2007 1997//1997
f 2007//2007 2008//2008 1997//1997
f 1997//1997 2008//2008 1998//1998
f 2008//2008 2009//2009 1998//1998
f 1998//1998 2009//2009 1999//1999
f 2009//2009 2010//2010 1999//1999
f 1999//1999 2010//2010 2000//2000
f 2010//2010 2003//2003 2000//2000
f 2000//2000 2003//2003 1994//1994
f 2003//2003 2011//2011 2004//2004
f 2004//2004 2011//2011 2005//2005
f 2005//2005 2011//2011 2006//2006
f 2006//2006 2011//2011 2007//2007
f 2007//2007 2011//2011 2008//2008
f 2008//2008 2011//2011 2009//2009
f 2009//2009 2011//2011 2010//2010
f 2010//2010 2011//2011 2003//2003
f 2004//2004 2006//2006 2011//2011
f 2006//2006 2007//2007 2011//2011
f 2007//2007 2008//2008 2011//2011
f 2008//2008 2009//2009 2011//2011
f 2009//2009 2010//2010 2011//2011
f 2010//2010 2003//2003 2011//2011
f 2003//2003 2004//2004 2011//2011
f 2012//2012 2013//2013 2004//2004
f 2003//2003 2012//2012 2004//2004
f 2013//2013 2014//2014 2004//2004
f 2004//2004 2014//2014 2006//2006
f 2014//2014 2015//2015 2006//2006
f 2015//2015 2016//2016 2006//2006
f 2006//2006 2016//2016 2007//2007
f 2007//2007 2016//2016 2008//2008
f 2016//2016 2017//2017 2008//2008
f 2017//2017 2018//2018 2008//2008
f 2008//2008 2018//2018 2009//2009
f 2009//2009 2018//2018 2010//2010
f 2018//2018 2019//2019 2010//2010
f 2019//2019 2012//2012 2010//2010
f 2010//2010 2012//2012 2003//2003
f 2012//2012 2020//2020 2013//2013
f 2013//2013 2020//2020 2014//2014
f 2014//2014 2020//2020 2015//2015
f 2015//2015 2020//2020 2016//2016
f 2016//2016 2020//2020 2017//2017
f 2017//2017 2020//2020 2018//2018
f 2018//2018 2020//2020 2019//2019
f 2019//2019 2020//2020 2012//2012
f 2013//2013 2015//2015 2020//2020
f 2015//2015 2016//2016 2020//2020
f 2016//2016 2017//2017 2020//2020
f 2017//2017 2018//2018 2020//2020
f 2018//2018 2019//2019 2020//2020
f 2019//2019 2012//2012 2020//2020
f 2012//2012 2013//2013 2020//2020
f 2021//2021 2022//2022 2013//2013
f 2012//2012 2021//2021 2013//2013
f 2022//2022 2023//2023 2013//2013
f 2013//2013 2023//2023 2015//2015
f 2023//2023 2024//2024 2015//2015
f 2015//2015 2024//2024 2016//2016
f 2024//2024 2025//2025 2016//2016
f 2016//2016 2025//2025 2017//2017
f 2025//2025 2026//2026 2017//2017
f 2017//2017 2026//2026 2018//2018
f 2026//2026 2027//2027 2018//2018
f 2018//2018 2027//2027 2019//2019
f 2027//2027 2028//2028 2019//2019
f 2019//2019 2028//2028 2012//2012
f 2028//2028 2021//2021 2012//2012
f 2021//2021 2029//2029 2022//2022
f 2028//2028 2029//2029 2021//2021
f 2022//2022 2029//2029 2023//2023
f 2023//2023 2029//2029 2024//2024
f 2024//2024 2029//2029 2025//2025
f 2025//2025 2029//2029 2026//2026
f 2026//2026 2029//2029 2027//2027
f 2027//2027 2029//2029 2028//2028
f 2021//2021 2023//2023 2029//2029
f 2023//2023 2024//2024 2029//2029
f 2024//2024 2025//2025 2029//2029
f 2025//2025 2026//2026 2029//2029
f 2026//2026 2027//2027 2029//2029
f 2027//2027 2028//2028 2029//2029
f 2028//2028 2021//2021 2029//2029
f 2030//2030 2031//2031 2021//2021
f 2021//2021 2031//2031 2023//2023
f 2031//2031 2032//2032 2023//2023
f 2032//2032 2033//2033 2023//2023
f 2023//2023 2033//2033 2024//2024
f 2024//2024 2033//2033 2025//2025
f 2033//2033 2034//2034 2025//2025
f 2034//2034 2035//2035 2025//2025
f 2025//2025 2035//2035 2026//2026
f 2026//2026 2035//2035 2027//2027
f 2035//2035 2036//2036 2027//2027
f 2036//2036 2037//2037 2027//2027
f 2027//2027 2037//2037 2028//2028
f 2028//2028 2037//2037 2021//2021
f 2037//2037 2030//2030 2021//2021
f 2030//2030 2038//2038 2031//2031
f 2037//2037 2038//2038 2030//2030
f 2031//2031 2038//2038 2032//2032
f 2032//2032 2038//2038 2033//2033
f 2033//2033 2038//2038 2034//2034
f 2034//2034 2038//2038 2035//2035
f 2035//2035 2038//2038 2036//2036
f 2036//2036 2038//2038 2037//2037
f 2030//2030 2032//2032 2038//2038
f 2032//2032 2033//2033 2038//2038
f 2033//2033 2034//2034 2038//2038
f 2034//2034 2035//2035 2038//2038
f 2035//2035 2036//2036 2038//2038
f 2036//2036 2037//2037 2038//2038
f 2037//2037 2030//2030 2038//2038
f 2039//2039 2040//2040 2030//2030
f 2030//2030 2040//2040 2032//2032
f 2040//2040 2041//2041 2032//2032
f 2032//2032 2041//2041 2033//2033
f 2041//2041 2042//2042 2033//2033
f 2033//2033 2042//2042 2034//2034
f 2042//2042 2043//2043 2034//2034
f 2034//2034 2043//2043 2035//2035
f 2035//2035 2043//2043 2036//2036
f 2043//2043 2044//2044 2036//2036
f 2044//2044 2045//2045 2036//2036
f 2036//2036 2045//2045 2037//2037
f 2037//2037 2045//2045 2030//2030
f 2045//2045 2039//2039 2030//2030
f 2039//2039 2046//2046 2040//2040
f 2045//2045 2046//2046 2039//2039
f 2040//2040 2046//2046 2041//2041
f 2041//2041 2046//2046 2042//2042
f 2042//2042 2046//2046 2043//2043
f 2043//2043 2046//2046 2044//2044
f 2044//2044 2046//2046 2045//2045
f 2039//2039 2040//2040 2046//2046
f 2040//2040 2041//2041 2046//2046
f 2041//2041 2042//2042 2046//2046
f 2042//2042 2043//2043 2046//2046
f 2043//2043 2044//2044 2046//2046
f 2044//2044 2045//2045 2046//2046
f 2045//2045 2039//2039 2046//2046
f 2039//2039 2047//2047 2040//2040
f 2047//2047 2048//2048 2040//2040
f 2040//2040 2048//2048 2041//2041
f 2048//2048 2049//2049 2041//2041
f 2049//2049 2050//2050 2041//2041
f 2041//2041 2050//2050 2042//2042
f 2050//2050 2051//2051 2042//2042
f 2042//2042 2051//2051 2043//2043
f 2043//2043 2051//2051 2044//2044
f 2051//2051 2052//2052 2044//2044
f 2052//2052 2053//2053 2044//2044
f 2044//2044 2053//2053 2045//2045
f 2045//2045 2053//2053 2039//2039
f 2053//2053 2047//2047 2039//2039
f 2053//2053 2054//2054 2047//2047
f 2047//2047 2054//2054 2048//2048
f 2048//2048 2054//2054 2049//2049
f 2049//2049 2054//2054 2050//2050
f 2050//2050 2054//2054 2051//2051
f 2051//2051 2054//2054 2052//2052
f 2052//2052 2054//2054 2053//2053
f 2047//2047 2049//2049 2054//2054
f 2049//2049 2050//2050 2054//2054
f 2050//2050 2051//2051 2054//2054
f 2051//2051 2052//2052 2054//2054
f 2052//2052 2053//2053 2054//2054
f 2053//2053 2047//2047 2054//2054
f 2053//2053 2055//2055 2047//2047
f 2055//2055 2056//2056 2047//2047
f 2047//2047 2056//2056 2049//2049
f 2056//2056 2057//2057 2049//2049
f 2049//2049 2057//2057 2050//2050
f 2057//2057 2058//2058 2050//2050
f 2050//2050 2058//2058 2051//2051
f 2051//2051 2058//2058 2052//2052
f 2058//2058 2059//2059 2052//2052
f 2059//2059 2060//2060 2052//2052
f 2052//2052 2060//2060 2053//2053
f 2060//2060 2055//2055 2053//2053
f 2060//2060 2061//2061 2055//2055
f 2055//2055 2061//2061 2056//2056
f 2056//2056 2061//2061 2057//2057
f 2057//2057 2061//2061 2058//2058
f 2058//2058 2061//2061 2059//2059
f 2059//2059 2061//2061 2060//2060
f 2055//2055 2056//2056 2061//2061
f 2056//2056 2057//2057 2061//2061
f 2057//2057 2058//2058 2061//2061
f 2058//2058 2059//2059 2061//2061
f 2059//2059 2060//2060 2061//2061
f 2060//2060 2055//2055 2061//2061
f 2060//2060 2062//2062 2055//2055
f 2062//2062 2063//2063 2055//2055
f 2055//2055 2063//2063 2056//2056
f 2063//2063 2064//2064 2056//2056
f 2056//2056 2064//2064 2057//2057
f 2064//2064 2065//2065 2057//2057
f 2057//2057 2065//2065 2058//2058
f 2058//2058 2065//2065 2059//2059
f 2065//2065 2066//2066 2059//2059
f 2066//2066 2067//2067 2059//2059
f 2059//2059 2067//2067 2060//2060
f 2067//2067 2062//2062 2060//2060
f 2067//2067 2068//2068 2062//2062
f 2062//2062 2068//2068 2063//2063
f 2063//2063 2068//2068 2064//2064
f 2064//2064 2068//2068 2065//2065
f 2065//2065 2068//2068 2066//2066
f 2066//2066 2068//2068 2067//2067
f 2062//2062 2063//2063 2068//2068
f 2063//2063 2064//2064 2068//2068
f 2064//2064 2065//2065 2068//2068
f 2065//2065 2066//2066 2068//2068
f 2066//2066 2067//2067 2068//2068
f 2067//2067 2062//2062 2068//2068
f 2067//2067 2069//2069 2062//2062
f 2069//2069 2070//2070 2062//2062
f 2062//2062 2070//2070 2063//2063
f 2070//2070 2071//2071 2063//2063
f 2063//2063 2071//2071 2064//2064
f 2071//2071 2072//2072 2064//2064
f 2064//2064 2072//2072 2065//2065
f 2072//2072 2073//2073 2065//2065
f 2065//2065 2073//2073 2066//2066
f 2073//2073 2074//2074 2066//2066
f 2066//2066 2074//2074 2067//2067
f 2074//2074 2069//2069 2067//2067
f 2074//2074 2075//2075 2069//2069
f 2069//2069 2075//2075 2070//2070
f 2070//2070 2075//2075 2071//2071
f 2071//2071 2075//2075 2072//2072
f 2072//2072 2075//2075 2073//2073
f 2073//2073 2075//2075 2074//2074
f 2069//2069 2070//2070 2075//2075
f 2070//2070 2071//2071 2075//2075
f 2071//2071 2072//2072 2075//2075
f 2072//2072 2073//2073 2075//2075
f 2073//2073 2074//2074 2075//2075
f 2074//2074 2069//2069 2075//2075
f 2074//2074 2076//2076 2069//2069
f 2076//2076 2077//2077 2069//2069
f 2069//2069 2077//2077 2070//2070
f 2077//2077 2078//2078 2070//2070
f 2070//2070 2078//2078 2071//2071
f 2078//2078 2079//2079 2071//2071
f 2071//2071 2079//2079 2072//2072
f 2072//2072 2079//2079 2073//2073
f 2079//2079 2080//2080 2073//2073
f 2080//2080 2081//2081 2073//2073
f 2073//2073 2081//2081 2074//2074
f 2081//2081 2076//2076 2074//2074
f 2081//2081 2082//2082 2076//2076
f 2076//2076 2082//2082 2077//2077
f 2077//2077 2082//2082 2078//2078
f 2078//2078 2082//2082 2079//2079
f 2079//2079 2082//2082 2080//2080
f 2080//2080 2082//2082 2081//2081
f 2076//2076 2083//2083 2082//2082
f 2083//2083 2077//2077 2082//2082
f 2077//2077 2078//2078 2082//2082
f 2078//2078 2079//2079 2082//2082
f 2079//2079 2080//2080 2082//2082
f 2080//2080 2081//2081 2082//2082
f 2081//2081 2076//2076 2082//2082
f 2076//2076 2084//2084 2083//2083
f 2081//2081 2084//2084 2076//2076
f 2084//2084 2085//2085 2083//2083
f 2083//2083 2085//2085 2077//2077
f 2085//2085 2086//2086 2077//2077
f 2077//2077 2086//2086 2078//2078
f 2086//2086 2087//2087 2078//2078
f 2087//2087 2088//2088 2078//2078
f 2078//2078 2088//2088 2079//2079
f 2079//2079 2088//2088 2080//2080
f 2088//2088 2089//2089 2080//2080
f 2089//2089 2090//2090 2080//2080
f 2080//2080 2090//2090 2081//2081
f 2090//2090 2084//2084 2081//2081
f 2090//2090 2091//2091 2084//2084
f 2084//2084 2091//2091 2085//2085
f 2085//2085 2091//2091 2086//2086
f 2086//2086 2091//2091 2087//2087
f 2087//2087 2091//2091 2088//2088
f 2088//2088 2091//2091 2089//2089
f 2089//2089 2091//2091 2090//2090
f 2084//2084 2085//2085 2091//2091
f 2085//2085 2086//2086 2091//2091
f 2086//2086 2087//2087 2091//2091
f 2087//2087 2088//2088 2091//2091
f 2088//2088 2089//2089 2091//2091
f 2089//2089 2090//2090 2091//2091
f 2090//2090 2084//2084 2091//2091
f 2092//2092 2093//2093 2084//2084
f 2084//2084 2093//2093 2085//2085
f 2090//2090 2092//2092 2084//2084
f 2093//2093 2094//2094 2085//2085
f 2085//2085 2094//2094 2086//2086
f 2094//2094 2095//2095 2086//2086
f 2086//2086 2095//2095 2087//2087
f 2095//2095 2096//2096 2087//2087
f 2087//2087 2096//2096 2088//2088
f 2096//2096 2097//2097 2088//2088
f 2088//2088 2097//2097 2089//2089
f 2097//2097 2098//2098 2089//2089
f 2089//2089 2098//2098 2090//2090
f 2098//2098 2092//2092 2090//2090
f 2092//2092 2099//2099 2093//2093
f 2093//2093 2099//2099 2094//2094
f 2094//2094 2099//2099 2095//2095
f 2095//2095 2099//2099 2096//2096
f 2096//2096 2099//2099 2097//2097
f 2097//2097 2099//2099 2098//2098
f 2098//2098 2099//2099 2092//2092
f 2093//2093 2094//2094 2099//2099
f 2094//2094 2095//2095 2099//2099
f 2095//2095 2096//2096 2099//2099
f 2096//2096 2097//2097 2099//2099
f 2097//2097 2098//2098 2099//2099
f 2098//2098 2092//2092 2099//2099
f 2092//2092 2093//2093 2099//2099
f 2092//2092 2100//2100 2093//2093
f 2100//2100 2101//2101 2093//2093
f 2093//2093 2101//2101 2094//2094
f 2094//2094 2101//2101 2095//2095
f 2101//2101 2102//2102 2095//2095
f 2102//2102 2103//2103 2095//2095
f 2095//2095 2103//2103 2096//2096
f 2096//2096 2103//2103 2097//2097
f 2103//2103 2104//2104 2097//2097
f 2104//2104 2105//2105 2097//2097
f 2097//2097 2105//2105 2098//2098
f 2105//2105 2106//2106 2098//2098
f 2098//2098 2106//2106 2092//2092
f 2106//2106 2100//2100 2092//2092
f 2106//2106 2107//2107 2100//2100
f 2100//2100 2107//2107 2101//2101
f 2101//2101 2107//2107 2102//2102
f 2102//2102 2107//2107 2103//2103
f 2103//2103 2107//2107 2104//2104
f 2104//2104 2107//2107 2105//2105
f 2105//2105 2107//2107 2106//2106
f 2100//2100 2108//2108 2107//2107
f 2108//2108 2101//2101 2107//2107
f 2101//2101 2102//2102 2107//2107
f 2102//2102 2103//2103 2107//2107
f 2103//2103 2104//2104 2107//2107
f 2104//2104 2105//2105 2107//2107
f 2105//2105 2106//2106 2107//2107
f 2106//2106 2100//2100 2107//2107
f 2100//2100 2109//2109 2108//2108
f 2106//2106 2109//2109 2100//2100
f 2109//2109 2110//2110 2108//2108
f 2108//2108 2110//2110 2101//2101
f 2101//2101 2110//2110 2102//2102
f 2110//2110 2111//2111 2102//2102
f 2111//2111 2112//2112 2102//2102
f 2102//2102 2112//2112 2103//2103
f 2103//2103 2112//2112 2104//2104
f 2112//2112 2113//2113 2104//2104
f 2113//2113 2114//2114 2104//2104
f 2104//2104 2114//2114 2105//2105
f 2105//2105 2114//2114 2106//2106
f 2114//2114 2115//2115 2106//2106
f 2115//2115 2109//2109 2106//2106
f 2115//2115 2116//2116 2109//2109
f 2109//2109 2116//2116 2110//2110
f 2110//2110 2116//2116 2111//2111
f 2111//2111 2116//2116 2112//2112
f 2112//2112 2116//2116 2113//2113
f 2113//2113 2116//2116 2114//2114
f 2114//2114 2116//2116 2115//2115
f 2109//2109 2117//2117 2116//2116
f 2117//2117 2110//2110 2116//2116
f 2110//2110 2111//2111 2116//2116
f 2111//2111 2112//2112 2116//2116
f 2112//2112 2113//2113 2116//2116
f 2113//2113 2114//2114 2116//2116
f 2114//2114 2115//2115 2116//2116
f 2115//2115 2109//2109 2116//2116
f 2109//2109 2118//2118 2117//2117
f 2115//2115 2118//2118 2109//2109
f 2118//2118 2119//2119 2117//2117
f 2117//2117 2119//2119 2110//2110
f 2110//2110 2119//2119 2111//2111
f 2119//2119 2120//2120 2111//2111
f 2120//2120 2121//2121 2111//2111
f 2111//2111 2121//2121 2112//2112
f 2112//2112 2121//2121 2113//2113
f 2121//2121 2122//2122 2113//2113
f 2122//2122 2123//2123 2113//2113
f 2113//2113 2123//2123 2114//2114
f 2114//2114 2123//2123 2115//2115
f 2123//2123 2124//2124 2115//2115
f 2124//2124 2118//2118 2115//2115
f 2124//2124 2125//2125 2118//2118
f 2118//2118 2125//2125 2119//2119
f 2119//2119 2125//2125 2120//2120
f 2120//2120 2125//2125 2121//2121
f 2121//2121 2125//2125 2122//2122
f 2122//2122 2125//2125 2123//2123
f 2123//2123 2125//2125 2124//2124
f 2118//2118 2126//2126 2125//2125
f 2126//2126 2119//2119 2125//2125
f 2119//2119 2120//2120 2125//2125
f 2120//2120 2121//2121 2125//2125
f 2121//2121 2122//2122 2125//2125
f 2122//2122 2123//2123 2125//2125
f 2123//2123 2124//2124 2125//2125
f 2124//2124 2118//2118 2125//2125
f 2127//2127 2128//2128 2118//2118
f 2118//2118 2128//2128 2126//2126
f 2124//2124 2127//2127 2118//2118
f 2126//2126 2128//2128 2119//2119
f 2128//2128 2129//2129 2119//2119
f 2119//2119 2129//2129 2120//2120
f 2129//2129 2130//2130 2120//2120
f 2120//2120 2130//2130 2121//2121
f 2130//2130 2131//2131 2121//2121
f 2121//2121 2131//2131 2122//2122
f 2131//2131 2132//2132 2122//2122
f 2122//2122 2132//2132 2123//2123
f 2132//2132 2133//2133 2123//2123
f 2123//2123 2133//2133 2124//2124
f 2133//2133 2127//2127 2124//2124
f 2127//2127 2134//2134 2128//2128
f 2128//2128 2134//2134 2129//2129
f 2129//2129 2134//2134 2130//2130
f 2130//2130 2134//2134 2131//2131
f 2131//2131 2134//2134 2132//2132
f 2132//2132 2134//2134 2133//2133
f 2133//2133 2134//2134 2127//2127
f 2135//2135 2128//2128 2134//2134
f 2128//2128 2129//2129 2134//2134
f 2129//2129 2130//2130 2134//2134
f 2130//2130 2131//2131 2134//2134
f 2131//2131 2132//2132 2134//2134
f 2132//2132 2133//2133 2134//2134
f 2133//2133 2127//2127 2134//2134
f 2127//2127 2135//2135 2134//2134
f 2136//2136 2137//2137 2135//2135
f 2135//2135 2137//2137 2128//2128
f 2127//2127 2136//2136 2135//2135
f 2137//2137 2138//2138 2128//2128
f 2128//2128 2138//2138 2129//2129
f 2138//2138 2139//2139 2129//2129
f 2129//2129 2139//2139 2130//2130
f 2139//2139 2140//2140 2130//2130
f 2130//2130 2140//2140 2131//2131
f 2140//2140 2141//2141 2131//2131
f 2131//2131 2141//2141 2132//2132
f 2141//2141 2142//2142 2132//2132
f 2132//2132 2142//2142 2133//2133
f 2142//2142 2143//2143 2133//2133
f 2133//2133 2143//2143 2127//2127
f 2143//2143 2136//2136 2127//2127
f 2136//2136 2144//2144 2137//2137
f 2143//2143 2144//2144 2136//2136
f 2137//2137 2144//2144 2138//2138
f 2138//2138 2144//2144 2139//2139
f 2139//2139 2144//2144 2140//2140
f 2140//2140 2144//2144 2141//2141
f 2141//2141 2144//2144 2142//2142
f 2142//2142 2144//2144 2143//2143
f 2137//2137 2138//2138 2144//2144
f 2138//2138 2139//2139 2144//2144
f 2139//2139 2140//2140 2144//2144
f 2140//2140 2141//2141 2144//2144
f 2141//2141 2142//2142 2144//2144
f 2142//2142 2143//2143 2144//2144
f 2143//2143 2137//2137 2144//2144
f 2145//2145 2146//2146 2137//2137
f 2143//2143 2145//2145 2137//2137
f 2146//2146 2147//2147 2137//2137
f 2137//2137 2147//2147 2138//2138
f 2138//2138 2147//2147 2139//2139
f 2147//2147 2148//2148 2139//2139
f 2148//2148 2149//2149 2139//2139
f 2139//2139 2149//2149 2140//2140
f 2140//2140 2149//2149 2141//2141
f 2149//2149 2150//2150 2141//2141
f 2150//2150 2151//2151 2141//2141
f 2141//2141 2151//2151 2142//2142
f 2142//2142 2151//2151 2143//2143
f 2151//2151 2152//2152 2143//2143
f 2152//2152 2145//2145 2143//2143
f 2145//2145 2153//2153 2146//2146
f 2152//2152 2153//2153 2145//2145
f 2146//2146 2153//2153 2147//2147
f 2147//2147 2153//2153 2148//2148
f 2148//2148 2153//2153 2149//2149
f 2149//2149 2153//2153 2150//2150
f 2150//2150 2153//2153 2151//2151
f 2151//2151 2153//2153 2152//2152
f 2146//2146 2147//2147 2153//2153
f 2147//2147 2148//2148 2153//2153
f 2148//2148 2149//2149 2153//2153
f 2149//2149 2150//2150 2153//2153
f 2150//2150 2151//2151 2153//2153
f 2151//2151 2152//2152 2153//2153
f 2152//2152 2146//2146 2153//2153
f 2154//2154 2155//2155 2146//2146
f 2152//2152 2154//2154 2146//2146
f 2155//2155 2156//2156 2146//2146
f 2146//2146 2156//2156 2147//2147
f 2147//2147 2156//2156 2148//2148
f 2156//2156 2157//2157 2148//2148
f 2157//2157 2158//2158 2148//2148
f 2148//2148 2158//2158 2149//2149
f 2149//2149 2158//2158 2150//2150
f 2158//2158 2159//2159 2150//2150
f 2159//2159 2160//2160 2150//2150
f 2150//2150 2160//2160 2151//2151
f 2151//2151 2160//2160 2152//2152
f 2160//2160 2161//2161 2152//2152
f 2161//2161 2154//2154 2152//2152
f 2154//2154 2162//2162 2155//2155
f 2161//2161 2162//2162 2154//2154
f 2155//2155 2162//2162 2156//2156
f 2156//2156 2162//2162 2157//2157
f 2157//2157 2162//2162 2158//2158
f 2158//2158 2162//2162 2159//2159
f 2159//2159 2162//2162 2160//2160
f 2160//2160 2162//2162 2161//2161
f 2155//2155 2156//2156 2162//2162
f 2156//2156 2157//2157 2162//2162
f 2157//2157 2158//2158 2162//2162
f 2158//2158 2159//2159 2162//2162
f 2159//2159 2160//2160 2162//2162
f 2160//2160 2161//2161 2162//2162
f 2161//2161 2155//2155 2162//2162
f 2163//2163 2164//2164 2155//2155
f 2161//2161 2163//2163 2155//2155
f 2155//2155 2164//2164 2156//2156
f 2164//2164 2165//2165 2156//2156
f 2156//2156 2165//2165 2157//2157
f 2165//2165 2166//2166 2157//2157
f 2157//2157 2166//2166 2158//2158
f 2166//2166 2167//2167 2158//2158
f 2158//2158 2167//2167 2159//2159
f 2167//2167 2168//2168 2159//2159
f 2159//2159 2168//2168 2160//2160
f 2168//2168 2169//2169 2160//2160
f 2160//2160 2169//2169 2161//2161
f 2169//2169 2170//2170 2161//2161
f 2170//2170 2163//2163 2161//2161
f 2163//2163 2171//2171 2164//2164
f 2170//2170 2171//2171 2163//2163
f 2164//2164 2171//2171 2165//2165
f 2165//2165 2171//2171 2166//2166
f 2166//2166 2171//2171 2167//2167
f 2167//2167 2171//2171 2168//2168
f 2168//2168 2171//2171 2169//2169
f 2169//2169 2171//2171 2170//2170
f 2163//2163 2164//2164 2171//2171
f 2164//2164 2165//2165 2171//2171
f 2165//2165 2166//2166 2171//2171
f 2166//2166 2167//2167 2171//2171
f 2167//2167 2168//2168 2171//2171
f 2168//2168 2169//2169 2171//2171
f 2169//2169 2163//2163 2171//2171
f 2172//2172 2173//2173 2163//2163
f 2163//2163 2173//2173 2164//2164
f 2164//2164 2173//2173 2165//2165
f 2173//2173 2174//2174 2165//2165
f 2174//2174 2175//2175 2165//2165
f 2165//2165 2175//2175 2166//2166
f 2166//2166 2175//2175 2167//2167
f 2175//2175 2176//2176 2167//2167
f 2176//2176 2177//2177 2167//2167
f 2167//2167 2177//2177 2168//2168
f 2168//2168 2177//2177 2169//2169
f 2177//2177 2178//2178 2169//2169
f 2178//2178 2179//2179 2169//2169
f 2169//2169 2179//2179 2163//2163
f 2179//2179 2172//2172 2163//2163
f 2172//2172 2180//2180 2173//2173
f 2179//2179 2180//2180 2172//2172
f 2173//2173 2180//2180 2174//2174
f 2174//2174 2180//2180 2175//2175
f 2175//2175 2180//2180 2176//2176
f 2176//2176 2180//2180 2177//2177
f 2177//2177 2180//2180 2178//2178
f 2178//2178 2180//2180 2179//2179
f 2172//2172 2173//2173 2180//2180
f 2173//2173 2174//2174 2180//2180
f 2174//2174 2175//2175 2180//2180
f 2175//2175 2176//2176 2180//2180
f 2176//2176 2177//2177 2180//2180
f 2177//2177 2178//2178 2180//2180
f 2178//2178 2172//2172 2180//2180
f 2172//2172 2181//2181 2173//2173
f 2181//2181 2182//2182 2173//2173
f 2173//2173 2182//2182 2174//2174
f 2182//2182 2183//2183 2174//2174
f 2174//2174 2183//2183 2175//2175
f 2183//2183 2184//2184 2175//2175
f 2175//2175 2184//2184 2176//2176
f 2184//2184 2185//2185 2176//2176
f 2176//2176 2185//2185 2177//2177
f 2185//2185 2186//2186 2177//2177
f 2177//2177 2186//2186 2178//2178
f 2186//2186 2187//2187 2178//2178
f 2178//2178 2187//2187 2172//2172
f 2187//2187 2181//2181 2172//2172
f 2187//2187 2188//2188 2181//2181
f 2181//2181 2188//2188 2182//2182
f 2182//2182 2188//2188 2183//2183
f 2183//2183 2188//2188 2184//2184
f 2184//2184 2188//2188 2185//2185
f 2185//2185 2188//2188 2186//2186
f 2186//2186 2188//2188 2187//2187
f 2181//2181 2182//2182 2188//2188
f 2182//2182 2183//2183 2188//2188
f 2183//2183 2184//2184 2188//2188
f 2184//2184 2185//2185 2188//2188
f 2185//2185 2186//2186 2188//2188
f 2186//2186 2187//2187 2188//2188
f 2187//2187 2181//2181 2188//2188
f 2189//2189 2190//2190 2181//2181
f 2181//2181 2190//2190 2182//2182
f 2187//2187 2189//2189 2181//2181
f 2190//2190 2191//2191 2182//2182
f 2182//2182 2191//2191 2183//2183
f 2191//2191 2192//2192 2183//2183
f 2183//2183 2192//2192 2184//2184
f 2192//2192 2193//2193 2184//2184
f 2184//2184 2193//2193 2185//2185
f 2193//2193 2194//2194 2185//2185
f 2194//2194 2195//2195 2185//2185
f 2185//2185 2195//2195 2186//2186
f 2186//2186 2195//2195 2187//2187
f 2195//2195 2189//2189 2187//2187
f 2189//2189 2196//2196 2190//2190
f 2190//2190 2196//2196 2191//2191
f 2191//2191 2196//2196 2192//2192
f 2192//2192 2196//2196 2193//2193
f 2193//2193 2196//2196 2194//2194
f 2194//2194 2196//2196 2195//2195
f 2195//2195 2196//2196 2189//2189
f 2190//2190 2191//2191 2196//2196
f 2191//2191 2192//2192 2196//2196
f 2192//2192 2193//2193 2196//2196
f 2193//2193 2195//2195 2196//2196
f 2195//2195 2189//2189 2196//2196
f 2189//2189 2190//2190 2196//2196
f 2197//2197 2198//2198 2190//2190
f 2189//2189 2197//2197 2190//2190
f 2190//2190 2198//2198 2191//2191
f 2198//2198 2199//2199 2191//2191
f 2191//2191 2199//2199 2192//2192
f 2199//2199 2200//2200 2192//2192
f 2192//2192 2200//2200 2193//2193
f 2200//2200 2201//2201 2193//2193
f 2193//2193 2201//2201 2195//2195
f 2201//2201 2202//2202 2195//2195
f 2195//2195 2202//2202 2189//2189
f 2202//2202 2197//2197 2189//2189
f 2197//2197 2203//2203 2198//2198
f 2202//2202 2203//2203 2197//2197
f 2198//2198 2203//2203 2199//2199
f 2199//2199 2203//2203 2200//2200
f 2200//2200 2203//2203 2201//2201
f 2201//2201 2203//2203 2202//2202
f 2197//2197 2198//2198 2203//2203
f 2198//2198 2199//2199 2203//2203
f 2199//2199 2200//2200 2203//2203
f 2200//2200 2201//2201 2203//2203
f 2201//2201 2202//2202 2203//2203
f 2202//2202 2197//2197 2203//2203
f 2197//2197 2204//2204 2198//2198
f 2204//2204 2205//2205 2198//2198
f 2198//2198 2205//2205 2199//2199
f 2205//2205 2206//2206 2199//2199
f 2199//2199 2206//2206 2200//2200
f 2206//2206 2207//2207 2200//2200
f 2200//2200 2207//2207 2201//2201
f 2207//2207 2208//2208 2201//2201
f 2201//2201 2208//2208 2202//2202
f 2208//2208 2209//2209 2202//2202
f 2202//2202 2209//2209 2197//2197
f 2209//2209 2204//2204 2197//2197
f 2209//2209 2210//2210 2204//2204
f 2204//2204 2210//2210 2205//2205
f 2205//2205 2210//2210 2206//2206
f 2206//2206 2210//2210 2207//2207
f 2207//2207 2210//2210 2208//2208
f 2208//2208 2210//2210 2209//2209
f 2204//2204 2205//2205 2210//2210
f 2205//2205 2206//2206 2210//2210
f 2206//2206 2207//2207 2210//2210
f 2207//2207 2208//2208 2210//2210
f 2208//2208 2209//2209 2210//2210
f 2209//2209 2204//2204 2210//2210
f 2211//2211 2212//2212 2204//2204
f 2204//2204 2212//2212 2205//2205
f 2212//2212 2213//2213 2205//2205
f 2205//2205 2213//2213 2206//2206
f 2213//2213 2214//2214 2206//2206
f 2206//2206 2214//2214 2207//2207
f 2214//2214 2215//2215 2207//2207
f 2215//2215 2216//2216 2207//2207
f 2207//2207 2216//2216 2208//2208
f 2216//2216 2217//2217 2208//2208
f 2208//2208 2217//2217 2209//2209
f 2217//2217 2211//2211 2209//2209
f 2209//2209 2211//2211 2204//2204
f 2211//2211 2218//2218 2212//2212
f 2212//2212 2218//2218 2213//2213
f 2213//2213 2218//2218 2214//2214
f 2214//2214 2218//2218 2215//2215
f 2215//2215 2218//2218 2216//2216
f 2216//2216 2218//2218 2217//2217
f 2217//2217 2218//2218 2211//2211
f 2211//2211 2212//2212 2218//2218
f 2212//2212 2213//2213 2218//2218
f 2213//2213 2214//2214 2218//2218
f 2214//2214 2215//2215 2218//2218
f 2215//2215 2216//2216 2218//2218
f 2216//2216 2217//2217 2218//2218
f 2217//2217 2211//2211 2218//2218
f 2211//2211 2219//2219 2212//2212
f 2219//2219 2220//2220 2212//2212
f 2212//2212 2220//2220 2213//2213
f 2220//2220 2221//2221 2213//2213
f 2213//2213 2221//2221 2214//2214
f 2221//2221 2222//2222 2214//2214
f 2214//2214 2222//2222 2215//2215
f 2222//2222 2223//2223 2215//2215
f 2215//2215 2223//2223 2216//2216
f 2223//2223 2224//2224 2216//2216
f 2216//2216 2224//2224 2217//2217
f 2224//2224 2225//2225 2217//2217
f 2217//2217 2225//2225 2211//2211
f 2225//2225 2219//2219 2211//2211
f 2225//2225 2226//2226 2219//2219
f 2219//2219 2226//2226 2220//2220
f 2220//2220 2226//2226 2221//2221
f 2221//2221 2226//2226 2222//2222
f 2222//2222 2226//2226 2223//2223
f 2223//2223 2226//2226 2224//2224
f 2224//2224 2226//2226 2225//2225
f 2219//2219 2220//2220 2226//2226
f 2220//2220 2221//2221 2226//2226
f 2221//2221 2227//2227 2226//2226
f 2227//2227 2222//2222 2226//2226
f 2222//2222 2223//2223 2226//2226
f 2223//2223 2224//2224 2226//2226
f 2224//2224 2225//2225 2226//2226
f 2225//2225 2219//2219 2226//2226
f 2219//2219 2228//2228 2220//2220
f 2225//2225 2228//2228 2219//2219
f 2228//2228 2229//2229 2220//2220
f 2229//2229 2230//2230 2220//2220
f 2220//2220 2230//2230 2221//2221
f 2221//2221 2230//2230 2227//2227
f 2230//2230 2231//2231 2227//2227
f 2227//2227 2231//2231 2222//2222
f 2222//2222 2231//2231 2223//2223
f 2231//2231 2232//2232 2223//2223
f 2232//2232 2233//2233 2223//2223
f 2223//2223 2233//2233 2224//2224
f 2224//2224 2233//2233 2225//2225
f 2233//2233 2234//2234 2225//2225
f 2234//2234 2228//2228 2225//2225
f 2234//2234 2235//2235 2228//2228
f 2228//2228 2235//2235 2229//2229
f 2229//2229 2235//2235 2230//2230
f 2230//2230 2235//2235 2231//2231
f 2231//2231 2235//2235 2232//2232
f 2232//2232 2235//2235 2233//2233
f 2233//2233 2235//2235 2234//2234
f 2228//2228 2229//2229 2235//2235
f 2229//2229 2230//2230 2235//2235
f 2230//2230 2236//2236 2235//2235
f 2236//2236 2231//2231 2235//2235
f 2231//2231 2232//2232 2235//2235
f 2232//2232 2233//2233 2235//2235
f 2233//2233 2234//2234 2235//2235
f 2234//2234 2228//2228 2235//2235
f 2237//2237 2238//2238 2228//2228
f 2228//2228 2238//2238 2229//2229
f 2234//2234 2237//2237 2228//2228
f 2238//2238 2239//2239 2229//2229
f 2229//2229 2239//2239 2230//2230
f 2239//2239 2240//2240 2230//2230
f 2230//2230 2240//2240 2236//2236
f 2236//2236 2240//2240 2231//2231
f 2240//2240 2241//2241 2231//2231
f 2231//2231 2241//2241 2232//2232
f 2241//2241 2242//2242 2232//2232
f 2232//2232 2242//2242 2233//2233
f 2242//2242 2243//2243 2233//2233
f 2233//2233 2243//2243 2234//2234
f 2243//2243 2237//2237 2234//2234
f 2237//2237 2244//2244 2238//2238
f 2238//2238 2244//2244 2239//2239
f 2239//2239 2244//2244 2240//2240
f 2240//2240 2244//2244 2241//2241
f 2241//2241 2244//2244 2242//2242
f 2242//2242 2244//2244 2243//2243
f 2243//2243 2244//2244 2237//2237
f 2238//2238 2239//2239 2244//2244
f 2239//2239 2245//2245 2244//2244
f 2245//2245 2240//2240 2244//2244
f 2240//2240 2241//2241 2244//2244
f 2241//2241 2242//2242 2244//2244
f 2242//2242 2243//2243 2244//2244
f 2243//2243 2237//2237 2244//2244
f 2237//2237 2238//2238 2244//2244
f 2246//2246 2247//2247 2238//2238
f 2237//2237 2246//2246 2238//2238
f 2247//2247 2248//2248 2238//2238
f 2238//2238 2248//2248 2239//2239
f 2239//2239 2248//2248 2245//2245
f 2248//2248 2249//2249 2245//2245
f 2245//2245 2249//2249 2240//2240
f 2240//2240 2249//2249 2241//2241
f 2249//2249 2250//2250 2241//2241
f 2250//2250 2251//2251 2241//2241
f 2241//2241 2251//2251 2242//2242
f 2242//2242 2251//2251 2243//2243
f 2251//2251 2252//2252 2243//2243
f 2252//2252 2246//2246 2243//2243
f 2243//2243 2246//2246 2237//2237
f 2246//2246 2253//2253 2247//2247
f 2247//2247 2253//2253 2248//2248
f 2248//2248 2253//2253 2249//2249
f 2249//2249 2253//2253 2250//2250
f 2250//2250 2253//2253 2251//2251
f 2251//2251 2253//2253 2252//2252
f 2252//2252 2253//2253 2246//2246
f 2247//2247 2248//2248 2253//2253
f 2248//2248 2254//2254 2253//2253
f 2254//2254 2249//2249 2253//2253
f 2249//2249 2250//2250 2253//2253
f 2250//2250 2251//2251 2253//2253
f 2251//2251 2252//2252 2253//2253
f 2252//2252 2246//2246 2253//2253
f 2246//2246 2247//2247 2253//2253
f 2255//2255 2256//2256 2247//2247
f 2246//2246 2255//2255 2247//2247
f 2247//2247 2256//2256 2248//2248
f 2256//2256 2257//2257 2248//2248
f 2248//2248 2257//2257 2254//2254
f 2254//2254 2257//2257 2249//2249
f 2257//2257 2258//2258 2249//2249
f 2249//2249 2258//2258 2250//2250
f 2258//2258 2259//2259 2250//2250
f 2250//2250 2259//2259 2251//2251
f 2259//2259 2260//2260 2251//2251
f 2251//2251 2260//2260 2252//2252
f 2260//2260 2261//2261 2252//2252
f 2252//2252 2261//2261 2246//2246
f 2261//2261 2255//2255 2246//2246
f 2255//2255 2262//2262 2256//2256
f 2261//2261 2262//2262 2255//2255
f 2256//2256 2262//2262 2257//2257
f 2257//2257 2262//2262 2258//2258
f 2258//2258 2262//2262 2259//2259
f 2259//2259 2262//2262 2260//2260
f 2260//2260 2262//2262 2261//2261
f 2255//2255 2256//2256 2262//2262
f 2256//2256 2263//2263 2262//2262
f 2263//2263 2257//2257 2262//2262
f 2257//2257 2258//2258 2262//2262
f 2258//2258 2259//2259 2262//2262
f 2259//2259 2260//2260 2262//2262
f 2260//2260 2261//2261 2262//2262
f 2261//2261 2255//2255 2262//2262
f 2264//2264 2265//2265 2255//2255
f 2255//2255 2265//2265 2256//2256
f 2256//2256 2265//2265 2263//2263
f 2265//2265 2266//2266 2263//2263
f 2263//2263 2266//2266 2257//2257
f 2257//2257 2266//2266 2258//2258
f 2266//2266 2267//2267 2258//2258
f 2267//2267 2268//2268 2258//2258
f 2258//2258 2268//2268 2259//2259
f 2259//2259 2268//2268 2260//2260
f 2268//2268 2269//2269 2260//2260
f 2269//2269 2270//2270 2260//2260
f 2260//2260 2270//2270 2261//2261
f 2261//2261 2270//2270 2255//2255
f 2270//2270 2264//2264 2255//2255
f 2264//2264 2271//2271 2265//2265
f 2270//2270 2271//2271 2264//2264
f 2265//2265 2271//2271 2266//2266
f 2266//2266 2271//2271 2267//2267
f 2267//2267 2271//2271 2268//2268
f 2268//2268 2271//2271 2269//2269
f 2269//2269 2271//2271 2270//2270
f 2264//2264 2265//2265 2271//2271
f 2265//2265 2272//2272 2271//2271
f 2272//2272 2266//2266 2271//2271
f 2266//2266 2267//2267 2271//2271
f 2267//2267 2268//2268 2271//2271
f 2268//2268 2269//2269 2271//2271
f 2269//2269 2270//2270 2271//2271
f 2270//2270 2264//2264 2271//2271
f 2273//2273 2274//2274 2264//2264
f 2264//2264 2274//2274 2265//2265
f 2274//2274 2275//2275 2265//2265
f 2265//2265 2275//2275 2272//2272
f 2275//2275 2276//2276 2272//2272
f 2272//2272 2276//2276 2266//2266
f 2276//2276 2277//2277 2266//2266
f 2266//2266 2277//2277 2267//2267
f 2277//2277 2278//2278 2267//2267
f 2267//2267 2278//2278 2268//2268
f 2278//2278 2279//2279 2268//2268
f 2268//2268 2279//2279 2269//2269
f 2279//2279 2280//2280 2269//2269
f 2269//2269 2280//2280 2270//2270
f 2280//2280 2273//2273 2270//2270
f 2270//2270 2273//2273 2264//2264
f 2273//2273 2281//2281 2274//2274
f 2274//2274 2281//2281 2275//2275
f 2275//2275 2281//2281 2276//2276
f 2276//2276 2281//2281 2277//2277
f 2277//2277 2281//2281 2278//2278
f 2278//2278 2281//2281 2279//2279
f 2279//2279 2281//2281 2280//2280
f 2280//2280 2281//2281 2273//2273
f 2274//2274 2276//2276 2281//2281
f 2276//2276 2277//2277 2281//2281
f 2277//2277 2278//2278 2281//2281
f 2278//2278 2279//2279 2281//2281
f 2279//2279 2280//2280 2281//2281
f 2280//2280 2273//2273 2281//2281
f 2273//2273 2274//2274 2281//2281
f 2282//2282 2283//2283 2274//2274
f 2273//2273 2282//2282 2274//2274
f 2283//2283 2284//2284 2274//2274
f 2274//2274 2284//2284 2276//2276
f 2284//2284 2285//2285 2276//2276
f 2285//2285 2286//2286 2276//2276
f 2276//2276 2286//2286 2277//2277
f 2277//2277 2286//2286 2278//2278
f 2286//2286 2287//2287 2278//2278
f 2287//2287 2288//2288 2278//2278
f 2278//2278 2288//2288 2279//2279
f 2279//2279 2288//2288 2280//2280
f 2288//2288 2289//2289 2280//2280
f 2289//2289 2282//2282 2280//2280
f 2280//2280 2282//2282 2273//2273
f 2282//2282 2290//2290 2283//2283
f 2283//2283 2290//2290 2284//2284
f 2284//2284 2290//2290 2285//2285
f 2285//2285 2290//2290 2286//2286
f 2286//2286 2290//2290 2287//2287
f 2287//2287 2290//2290 2288//2288
f 2288//2288 2290//2290 2289//2289
f 2289//2289 2290//2290 2282//2282
f 2283//2283 2285//2285 2290//2290
f 2285//2285 2286//2286 2290//2290
f 2286//2286 2287//2287 2290//2290
f 2287//2287 2288//2288 2290//2290
f 2288//2288 2289//2289 2290//2290
f 2289//2289 2282//2282 2290//2290
f 2282//2282 2283//2283 2290//2290
f 2291//2291 2292//2292 2283//2283
f 2282//2282 2291//2291 2283//2283
f 2292//2292 2293//2293 2283//2283
f 2283//2283 2293//2293 2285//2285
f 2293//2293 2294//2294 2285//2285
f 2285//2285 2294//2294 2286//2286
f 2294//2294 2295//2295 2286//2286
f 2286//2286 2295//2295 2287//2287
f 2295//2295 2296//2296 2287//2287
f 2287//2287 2296//2296 2288//2288
f 2296//2296 2297//2297 2288//2288
f 2288//2288 2297//2297 2289//2289
f 2297//2297 2298//2298 2289//2289
f 2289//2289 2298//2298 2282//2282
f 2298//2298 2291//2291 2282//2282
f 2291//2291 2299//2299 2292//2292
f 2298//2298 2299//2299 2291//2291
f 2292//2292 2299//2299 2293//2293
f 2293//2293 2299//2299 2294//2294
f 2294//2294 2299//2299 2295//2295
f 2295//2295 2299//2299 2296//2296
f 2296//2296 2299//2299 2297//2297
f 2297//2297 2299//2299 2298//2298
f 2291//2291 2293//2293 2299//2299
f 2293//2293 2294//2294 2299//2299
f 2294//2294 2295//2295 2299//2299
f 2295//2295 2296//2296 2299//2299
f 2296//2296 2297//2297 2299//2299
f 2297//2297 2298//2298 2299//2299
f 2298//2298 2291//2291 2299//2299
f 2300//2300 2301//2301 2291//2291
f 2291//2291 2301//2301 2293//2293
f 2301//2301 2302//2302 2293//2293
f 2302//2302 2303//2303 2293//2293
f 2293//2293 2303//2303 2294//2294
f 2294//2294 2303//2303 2295//2295
f 2303//2303 2304//2304 2295//2295
f 2304//2304 2305//2305 2295//2295
f 2295//2295 2305//2305 2296//2296
f 2296//2296 2305//2305 2297//2297
f 2305//2305 2306//2306 2297//2297
f 2306//2306 2307//2307 2297//2297
f 2297//2297 2307//2307 2298//2298
f 2298//2298 2307//2307 2291//2291
f 2307//2307 2300//2300 2291//2291
f 2300//2300 2308//2308 2301//2301
f 2307//2307 2308//2308 2300//2300
f 2301//2301 2308//2308 2302//2302
f 2302//2302 2308//2308 2303//2303
f 2303//2303 2308//2308 2304//2304
f 2304//2304 2308//2308 2305//2305
f 2305//2305 2308//2308 2306//2306
f 2306//2306 2308//2308 2307//2307
f 2300//2300 2302//2302 2308//2308
f 2302//2302 2303//2303 2308//2308
f 2303//2303 2304//2304 2308//2308
f 2304//2304 2305//2305 2308//2308
f 2305//2305 2306//2306 2308//2308
f 2306//2306 2307//2307 2308//2308
f 2307//2307 2300//2300 2308//2308
f 2309//2309 2310//2310 2300//2300
f 2300//2300 2310//2310 2302//2302
f 2310//2310 2311//2311 2302//2302
f 2302//2302 2311//2311 2303//2303
f 2311//2311 2312//2312 2303//2303
f 2303//2303 2312//2312 2304//2304
f 2312//2312 2313//2313 2304//2304
f 2304//2304 2313//2313 2305//2305
f 2305//2305 2313//2313 2306//2306
f 2313//2313 2314//2314 2306//2306
f 2314//2314 2315//2315 2306//2306
f 2306//2306 2315//2315 2307//2307
f 2307//2307 2315//2315 2300//2300
f 2315//2315 2309//2309 2300//2300
f 2309//2309 2316//2316 2310//2310
f 2315//2315 2316//2316 2309//2309
f 2310//2310 2316//2316 2311//2311
f 2311//2311 2316//2316 2312//2312
f 2312//2312 2316//2316 2313//2313
f 2313//2313 2316//2316 2314//2314
f 2314//2314 2316//2316 2315//2315
f 2309//2309 2310//2310 2316//2316
f 2310//2310 2311//2311 2316//2316
f 2311//2311 2312//2312 2316//2316
f 2312//2312 2313//2313 2316//2316
f 2313//2313 2314//2314 2316//2316
f 2314//2314 2315//2315 2316//2316
f 2315//2315 2309//2309 2316//2316
f 2309//2309 2317//2317 2310//2310
f 2317//2317 2318//2318 2310//2310
f 2310//2310 2318//2318 2311//2311
f 2318//2318 2319//2319 2311//2311
f 2319//2319 2320//2320 2311//2311
f 2311//2311 2320//2320 2312//2312
f 2320//2320 2321//2321 2312//2312
f 2312//2312 2321//2321 2313//2313
f 2313//2313 2321//2321 2314//2314
f 2321//2321 2322//2322 2314//2314
f 2322//2322 2323//2323 2314//2314
f 2314//2314 2323//2323 2315//2315
f 2315//2315 2323//2323 2309//2309
f 2323//2323 2317//2317 2309//2309
f 2323//2323 2324//2324 2317//2317
f 2317//2317 2324//2324 2318//2318
f 2318//2318 2324//2324 2319//2319
f 2319//2319 2324//2324 2320//2320
f 2320//2320 2324//2324 2321//2321
f 2321//2321 2324//2324 2322//2322
f 2322//2322 2324//2324 2323//2323
f 2317//2317 2319//2319 2324//2324
f 2319//2319 2320//2320 2324//2324
f 2320//2320 2321//2321 2324//2324
f 2321//2321 2322//2322 2324//2324
f 2322//2322 2323//2323 2324//2324
f 2323//2323 2317//2317 2324//2324
f 2323//2323 2325//2325 2317//2317
f 2325//2325 2326//2326 2317//2317
f 2317//2317 2326//2326 2319//2319
f 2326//2326 2327//2327 2319//2319
f 2319//2319 2327//2327 2320//2320
f 2327//2327 2328//2328 2320//2320
f 2320//2320 2328//2328 2321//2321
f 2321//2321 2328//2328 2322//2322
f 2328//2328 2329//2329 2322//2322
f 2329//2329 2330//2330 2322//2322
f 2322//2322 2330//2330 2323//2323
f 2330//2330 2325//2325 2323//2323
f 2330//2330 2331//2331 2325//2325
f 2325//2325 2331//2331 2326//2326
f 2326//2326 2331//2331 2327//2327
f 2327//2327 2331//2331 2328//2328
f 2328//2328 2331//2331 2329//2329
f 2329//2329 2331//2331 2330//2330
f 2325//2325 2326//2326 2331//2331
f 2326//2326 2327//2327 2331//2331
f 2327//2327 2328//2328 2331//2331
f 2328//2328 2329//2329 2331//2331
f 2329//2329 2330//2330 2331//2331
f 2330//2330 2325//2325 2331//2331
f 2330//2330 2332//2332 2325//2325
f 2332//2332 2333//2333 2325//2325
f 2325//2325 2333//2333 2326//2326
f 2333//2333 2334//2334 2326//2326
f 2326//2326 2334//2334 2327//2327
f 2334//2334 2335//2335 2327//2327
f 2327//2327 2335//2335 2328//2328
f 2328//2328 2335//2335 2329//2329
f 2335//2335 2336//2336 2329//2329
f 2336//2336 2337//2337 2329//2329
f 2329//2329 2337//2337 2330//2330
f 2337//2337 2332//2332 2330//2330
f 2337//2337 2338//2338 2332//2332
f 2332//2332 2338//2338 2333//2333
f 2333//2333 2338//2338 2334//2334
f 2334//2334 2338//2338 2335//2335
f 2335//2335 2338//2338 2336//2336
f 2336//2336 2338//2338 2337//2337
f 2332//2332 2333//2333 2338//2338
f 2333//2333 2334//2334 2338//2338
f 2334//2334 2335//2335 2338//2338
f 2335//2335 2336//2336 2338//2338
f 2336//2336 2337//2337 2338//2338
f 2337//2337 2332//2332 2338//2338
f 2337//2337 2339//2339 2332//2332
f 2339//2339 2340//2340 2332//2332
f 2332//2332 2340//2340 2333//2333
f 2340//2340 2341//2341 2333//2333
f 2333//2333 2341//2341 2334//2334
f 2341//2341 2342//2342 2334//2334
f 2334//2334 2342//2342 2335//2335
f 2342//2342 2343//2343 2335//2335
f 2335//2335 2343//2343 2336//2336
f 2343//2343 2344//2344 2336//2336
f 2336//2336 2344//2344 2337//2337
f 2344//2344 2339//2339 2337//2337
f 2344//2344 2345//2345 2339//2339
f 2339//2339 2345//2345 2340//2340
f 2340//2340 2345//2345 2341//2341
f 2341//2341 2345//2345 2342//2342
f 2342//2342 2345//2345 2343//2343
f 2343//2343 2345//2345 2344//2344
f 2339//2339 2340//2340 2345//2345
f 2340//2340 2341//2341 2345//2345
f 2341//2341 2342//2342 2345//2345
f 2342//2342 2343//2343 2345//2345
f 2343//2343 2344//2344 2345//2345
f 2344//2344 2339//2339 2345//2345
f 2344//2344 2346//2346 2339//2339
f 2346//2346 2347//2347 2339//2339
f 2339//2339 2347//2347 2340//2340
f 2347//2347 2348//2348 2340//2340
f 2340//2340 2348//2348 2341//2341
f 2348//2348 2349//2349 2341//2341
f 2341//2341 2349//2349 2342//2342
f 2342//2342 2349//2349 2343//2343
f 2349//2349 2350//2350 2343//2343
f 2350//2350 2351//2351 2343//2343
f 2343//2343 2351//2351 2344//2344
f 2351//2351 2346//2346 2344//2344
f 2351//2351 2352//2352 2346//2346
f 2346//2346 2352//2352 2347//2347
f 2347//2347 2352//2352 2348//2348
f 2348//2348 2352//2352 2349//2349
f 2349//2349 2352//2352 2350//2350
f 2350//2350 2352//2352 2351//2351
f 2346//2346 2353//2353 2352//2352
f 2353//2353 2347//2347 2352//2352
f 2347//2347 2348//2348 2352//2352
f 2348//2348 2349//2349 2352//2352
f 2349//2349 2350//2350 2352//2352
f 2350//2350 2351//2351 2352//2352
f 2351//2351 2346//2346 2352//2352
f 2346//2346 2354//2354 2353//2353
f 2351//2351 2354//2354 2346//2346
f 2354//2354 2355//2355 2353//2353
f 2353//2353 2355//2355 2347//2347
f 2355//2355 2356//2356 2347//2347
f 2347//2347 2356//2356 2348//2348
f 2356//2356 2357//2357 2348//2348
f 2357//2357 2358//2358 2348//2348
f 2348//2348 2358//2358 2349//2349
f 2349//2349 2358//2358 2350//2350
f 2358//2358 2359//2359 2350//2350
f 2359//2359 2360//2360 2350//2350
f 2350//2350 2360//2360 2351//2351
f 2360//2360 2354//2354 2351//2351
f 2360//2360 2361//2361 2354//2354
f 2354//2354 2361//2361 2355//2355
f 2355//2355 2361//2361 2356//2356
f 2356//2356 2361//2361 2357//2357
f 2357//2357 2361//2361 2358//2358
f 2358//2358 2361//2361 2359//2359
f 2359//2359 2361//2361 2360//2360
f 2354//2354 2355//2355 2361//2361
f 2355//2355 2356//2356 2361//2361
f 2356//2356 2357//2357 2361//2361
f 2357//2357 2358//2358 2361//2361
f 2358//2358 2359//2359 2361//2361
f 2359//2359 2360//2360 2361//2361
f 2360//2360 2354//2354 2361//2361
f 2362//2362 2363//2363 2354//2354
f 2354//2354 2363//2363 2355//2355
f 2360//2360 2362//2362 2354//2354
f 2363//2363 2364//2364 2355//2355
f 2355//2355 2364//2364 2356//2356
f 2364//2364 2365//2365 2356//2356
f 2356//2356 2365//2365 2357//2357
f 2365//2365 2366//2366 2357//2357
f 2357//2357 2366//2366 2358//2358
f 2366//2366 2367//2367 2358//2358
f 2358//2358 2367//2367 2359//2359
f 2367//2367 2368//2368 2359//2359
f 2359//2359 2368//2368 2360//2360
f 2368//2368 2362//2362 2360//2360
f 2362//2362 2369//2369 2363//2363
f 2363//2363 2369//2369 2364//2364
f 2364//2364 2369//2369 2365//2365
f 2365//2365 2369//2369 2366//2366
f 2366//2366 2369//2369 2367//2367
f 2367//2367 2369//2369 2368//2368
f 2368//2368 2369//2369 2362//2362
f 2363//2363 2364//2364 2369//2369
f 2364//2364 2365//2365 2369//2369
f 2365//2365 2366//2366 2369//2369
f 2366//2366 2367//2367 2369//2369
f 2367//2367 2368//2368 2369//2369
f 2368//2368 2362//2362 2369//2369
f 2362//2362 2363//2363 2369//2369
f 2362//2362 2370//2370 2363//2363
f 2370//2370 2371//2371 2363//2363
f 2363//2363 2371//2371 2364//2364
f 2364//2364 2371//2371 2365//2365
f 2371//2371 2372//2372 2365//2365
f 2372//2372 2373//2373 2365//2365
f 2365//2365 2373//2373 2366//2366
f 2366//2366 2373//2373 2367//2367
f 2373//2373 2374//2374 2367//2367
f 2374//2374 2375//2375 2367//2367
f 2367//2367 2375//2375 2368//2368
f 2375//2375 2376//2376 2368//2368
f 2368//2368 2376//2376 2362//2362
f 2376//2376 2370//2370 2362//2362
f 2376//2376 2377//2377 2370//2370
f 2370//2370 2377//2377 2371//2371
f 2371//2371 2377//2377 2372//2372
f 2372//2372 2377//2377 2373//2373
f 2373//2373 2377//2377 2374//2374
f 2374//2374 2377//2377 2375//2375
f 2375//2375 2377//2377 2376//2376
f 2370//2370 2378//2378 2377//2377
f 2378//2378 2371//2371 2377//2377
f 2371//2371 2372//2372 2377//2377
f 2372//2372 2373//2373 2377//2377
f 2373//2373 2374//2374 2377//2377
f 2374//2374 2375//2375 2377//2377
f 2375//2375 2376//2376 2377//2377
f 2376//2376 2370//2370 2377//2377
f 2370//2370 2379//2379 2378//2378
f 2376//2376 2379//2379 2370//2370
f 2379//2379 2380//2380 2378//2378
f 2378//2378 2380//2380 2371//2371
f 2371//2371 2380//2380 2372//2372
f 2380//2380 2381//2381 2372//2372
f 2381//2381 2382//2382 2372//2372
f 2372//2372 2382//2382 2373//2373
f 2373//2373 2382//2382 2374//2374
f 2382//2382 2383//2383 2374//2374
f 2383//2383 2384//2384 2374//2374
f 2374//2374 2384//2384 2375//2375
f 2375//2375 2384//2384 2376//2376
f 2384//2384 2385//2385 2376//2376
f 2385//2385 2379//2379 2376//2376
f 2385//2385 2386//2386 2379//2379
f 2379//2379 2386//2386 2380//2380
f 2380//2380 2386//2386 2381//2381
f 2381//2381 2386//2386 2382//2382
f 2382//2382 2386//2386 2383//2383
f 2383//2383 2386//2386 2384//2384
f 2384//2384 2386//2386 2385//2385
f 2379//2379 2387//2387 2386//2386
f 2387//2387 2380//2380 2386//2386
f 2380//2380 2381//2381 2386//2386
f 2381//2381 2382//2382 2386//2386
f 2382//2382 2383//2383 2386//2386
f 2383//2383 2384//2384 2386//2386
f 2384//2384 2385//2385 2386//2386
f 2385//2385 2379//2379 2386//2386
f 2379//2379 2388//2388 2387//2387
f 2385//2385 2388//2388 2379//2379
f 2388//2388 2389//2389 2387//2387
f 2387//2387 2389//2389 2380//2380
f 2380//2380 2389//2389 2381//2381
f 2389//2389 2390//2390 2381//2381
f 2390//2390 2391//2391 2381//2381
f 2381//2381 2391//2391 2382//2382
f 2382//2382 2391//2391 2383//2383
f 2391//2391 2392//2392 2383//2383
f 2392//2392 2393//2393 2383//2383
f 2383//2383 2393//2393 2384//2384
f 2384//2384 2393//2393 2385//2385
f 2393//2393 2394//2394 2385//2385
f 2394//2394 2388//2388 2385//2385
f 2394//2394 2395//2395 2388//2388
f 2388//2388 2395//2395 2389//2389
f 2389//2389 2395//2395 2390//2390
f 2390//2390 2395//2395 2391//2391
f 2391//2391 2395//2395 2392//2392
f 2392//2392 2395//2395 2393//2393
f 2393//2393 2395//2395 2394//2394
f 2388//2388 2396//2396 2395//2395
f 2396//2396 2389//2389 2395//2395
f 2389//2389 2390//2390 2395//2395
f 2390//2390 2391//2391 2395//2395
f 2391//2391 2392//2392 2395//2395
f 2392//2392 2393//2393 2395//2395
f 2393//2393 2394//2394 2395//2395
f 2394//2394 2388//2388 2395//2395
f 2397//2397 2398//2398 2388//2388
f 2388//2388 2398//2398 2396//2396
f 2394//2394 2397//2397 2388//2388
f 2396//2396 2398//2398 2389//2389
f 2398//2398 2399//2399 2389//2389
f 2389//2389 2399//2399 2390//2390
f 2399//2399 2400//2400 2390//2390
f 2390//2390 2400//2400 2391//2391
f 2400//2400 2401//2401 2391//2391
f 2391//2391 2401//2401 2392//2392
f 2401//2401 2402//2402 2392//2392
f 2392//2392 2402//2402 2393//2393
f 2402//2402 2403//2403 2393//2393
f 2393//2393 2403//2403 2394//2394
f 2403//2403 2397//2397 2394//2394
f 2397//2397 2404//2404 2398//2398
f 2398//2398 2404//2404 2399//2399
f 2399//2399 2404//2404 2400//2400
f 2400//2400 2404//2404 2401//2401
f 2401//2401 2404//2404 2402//2402
f 2402//2402 2404//2404 2403//2403
f 2403//2403 2404//2404 2397//2397
f 2405//2405 2398//2398 2404//2404
f 2398//2398 2399//2399 2404//2404
f 2399//2399 2400//2400 2404//2404
f 2400//2400 2401//2401 2404//2404
f 2401//2401 2402//2402 2404//2404
f 2402//2402 2403//2403 2404//2404
f 2403//2403 2397//2397 2404//2404
f 2397//2397 2405//2405 2404//2404
f 2406//2406 2407//2407 2405//2405
f 2405//2405 2407//2407 2398//2398
f 2397//2397 2406//2406 2405//2405
f 2407//2407 2408//2408 2398//2398
f 2398//2398 2408//2408 2399//2399
f 2408//2408 2409//2409 2399//2399
f 2399//2399 2409//2409 2400//2400
f 2409//2409 2410//2410 2400//2400
f 2400//2400 2410//2410 2401//2401
f 2410//2410 2411//2411 2401//2401
f 2401//2401 2411//2411 2402//2402
f 2411//2411 2412//2412 2402//2402
f 2402//2402 2412//2412 2403//2403
f 2412//2412 2413//2413 2403//2403
f 2403//2403 2413//2413 2397//2397
f 2413//2413 2406//2406 2397//2397
f 2406//2406 2414//2414 2407//2407
f 2413//2413 2414//2414 2406//2406
f 2407//2407 2414//2414 2408//2408
f 2408//2408 2414//2414 2409//2409
f 2409//2409 2414//2414 2410//2410
f 2410//2410 2414//2414 2411//2411
f 2411//2411 2414//2414 2412//2412
f 2412//2412 2414//2414 2413//2413
f 2407//2407 2408//2408 2414//2414
f 2408//2408 2409//2409 2414//2414
f 2409//2409 2410//2410 2414//2414
f 2410//2410 2411//2411 2414//2414
f 2411//2411 2412//2412 2414//2414
f 2412//2412 2413//2413 2414//2414
f 2413//2413 2407//2407 2414//2414
f 2415//2415 2416//2416 2407//2407
f 2413//2413 2415//2415 2407//2407
f 2416//2416 2417//2417 2407//2407
f 2407//2407 2417//2417 2408//2408
f 2408//2408 2417//2417 2409//2409
f 2417//2417 2418//2418 2409//2409
f 2418//2418 2419//2419 2409//2409
f 2409//2409 2419//2419 2410//2410
f 2410//2410 2419//2419 2411//2411
f 2419//2419 2420//2420 2411//2411
f 2420//2420 2421//2421 2411//2411
f 2411//2411 2421//2421 2412//2412
f 2412//2412 2421//2421 2413//2413
f 2421//2421 2422//2422 2413//2413
f 2422//2422 2415//2415 2413//2413
f 2415//2415 2423//2423 2416//2416
f 2422//2422 2423//2423 2415//2415
f 2416//2416 2423//2423 2417//2417
f 2417//2417 2423//2423 2418//2418
f 2418//2418 2423//2423 2419//2419
f 2419//2419 2423//2423 2420//2420
f 2420//2420 2423//2423 2421//2421
f 2421//2421 2423//2423 2422//2422
f 2416//2416 2417//2417 2423//2423
f 2417//2417 2418//2418 2423//2423
f 2418//2418 2419//2419 2423//2423
f 2419//2419 2420//2420 2423//2423
f 2420//2420 2421//2421 2423//2423
f 2421//2421 2422//2422 2423//2423
f 2422//2422 2416//2416 2423//2423
f 2424//2424 2425//2425 2416//2416
f 2422//2422 2424//2424 2416//2416
f 2425//2425 2426//2426 2416//2416
f 2416//2416 2426//2426 2417//2417
f 2417//2417 2426//2426 2418//2418
f 2426//2426 2427//2427 2418//2418
f 2427//2427 2428//2428 2418//2418
f 2418//2418 2428//2428 2419//2419
f 2419//2419 2428//2428 2420//2420
f 2428//2428 2429//2429 2420//2420
f 2429//2429 2430//2430 2420//2420
f 2420//2420 2430//2430 2421//2421
f 2421//2421 2430//2430 2422//2422
f 2430//2430 2431//2431 2422//2422
f 2431//2431 2424//2424 2422//2422
f 2424//2424 2432//2432 2425//2425
f 2431//2431 2432//2432 2424//2424
f 2425//2425 2432//2432 2426//2426
f 2426//2426 2432//2432 2427//2427
f 2427//2427 2432//2432 2428//2428
f 2428//2428 2432//2432 2429//2429
f 2429//2429 2432//2432 2430//2430
f 2430//2430 2432//2432 2431//2431
f 2425//2425 2426//2426 2432//2432
f 2426//2426 2427//2427 2432//2432
f 2427//2427 2428//2428 2432//2432
f 2428//2428 2429//2429 2432//2432
f 2429//2429 2430//2430 2432//2432
f 2430//2430 2431//2431 2432//2432
f 2431//2431 2425//2425 2432//2432
f 2433//2433 2434//2434 2425//2425
f 2431//2431 2433//2433 2425//2425
f 2425//2425 2434//2434 2426//2426
f 2434//2434 2435//2435 2426//2426
f 2426//2426 2435//2435 2427//2427
f 2435//2435 2436//2436 2427//2427
f 2427//2427 2436//2436 2428//2428
f 2436//2436 2437//2437 2428//2428
f 2428//2428 2437//2437 2429//2429
f 2437//2437 2438//2438 2429//2429
f 2429//2429 2438//2438 2430//2430
f 2438//2438 2439//2439 2430//2430
f 2430//2430 2439//2439 2431//2431
f 2439//2439 2440//2440 2431//2431
f 2440//2440 2433//2433 2431//2431
f 2433//2433 2441//2441 2434//2434
f 2440//2440 2441//2441 2433//2433
f 2434//2434 2441//2441 2435//2435
f 2435//2435 2441//2441 2436//2436
f 2436//2436 2441//2441 2437//2437
f 2437//2437 2441//2441 2438//2438
f 2438//2438 2441//2441 2439//2439
f 2439//2439 2441//2441 2440//2440
f 2433//2433 2434//2434 2441//2441
f 2434//2434 2435//2435 2441//2441
f 2435//2435 2436//2436 2441//2441
f 2436//2436 2437//2437 2441//2441
f 2437//2437 2438//2438 2441//2441
f 2438//2438 2439//2439 2441//2441
f 2439//2439 2433//2433 2441//2441
f 2442//2442 2443//2443 2433//2433
f 2433//2433 2443//2443 2434//2434
f 2434//2434 2443//2443 2435//2435
f 2443//2443 2444//2444 2435//2435
f 2444//2444 2445//2445 2435//2435
f 2435//2435 2445//2445 2436//2436
f 2436//2436 2445//2445 2437//2437
f 2445//2445 2446//2446 2437//2437
f 2446//2446 2447//2447 2437//2437
f 2437//2437 2447//2447 2438//2438
f 2438//2438 2447//2447 2439//2439
f 2447//2447 2448//2448 2439//2439
f 2448//2448 2449//2449 2439//2439
f 2439//2439 2449//2449 2433//2433
f 2449//2449 2442//2442 2433//2433
f 2442//2442 2450//2450 2443//2443
f 2449//2449 2450//2450 2442//2442
f 2443//2443 2450//2450 2444//2444
f 2444//2444 2450//2450 2445//2445
f 2445//2445 2450//2450 2446//2446
f 2446//2446 2450//2450 2447//2447
f 2447//2447 2450//2450 2448//2448
f 2448//2448 2450//2450 2449//2449
f 2442//2442 2443//2443 2450//2450
f 2443//2443 2444//2444 2450//2450
f 2444//2444 2445//2445 2450//2450
f 2445//2445 2446//2446 2450//2450
f 2446//2446 2447//2447 2450//2450
f 2447//2447 2448//2448 2450//2450
f 2448//2448 2442//2442 2450//2450
f 2442//2442 2451//2451 2443//2443
f 2451//2451 2452//2452 2443//2443
f 2443//2443 2452//2452 2444//2444
f 2452//2452 2453//2453 2444//2444
f 2444//2444 2453//2453 2445//2445
f 2453//2453 2454//2454 2445//2445
f 2445//2445 2454//2454 2446//2446
f 2454//2454 2455//2455 2446//2446
f 2446//2446 2455//2455 2447//2447
f 2455//2455 2456//2456 2447//2447
f 2447//2447 2456//2456 2448//2448
f 2456//2456 2457//2457 2448//2448
f 2448//2448 2457//2457 2442//2442
f 2457//2457 2451//2451 2442//2442
f 2457//2457 2458//2458 2451//2451
f 2451//2451 2458//2458 2452//2452
f 2452//2452 2458//2458 2453//2453
f 2453//2453 2458//2458 2454//2454
f 2454//2454 2458//2458 2455//2455
f 2455//2455 2458//2458 2456//2456
f 2456//2456 2458//2458 2457//2457
f 2451//2451 2452//2452 2458//2458
f 2452//2452 2453//2453 2458//2458
f 2453//2453 2454//2454 2458//2458
f 2454//2454 2455//2455 2458//2458
f 2455//2455 2456//2456 2458//2458
f 2456//2456 2457//2457 2458//2458
f 2457//2457 2451//2451 2458//2458
f 2459//2459 2460//2460 2451//2451
f 2451//2451 2460//2460 2452//2452
f 2457//2457 2459//2459 2451//2451
f 2460//2460 2461//2461 2452//2452
f 2452//2452 2461//2461 2453//2453
f 2461//2461 2462//2462 2453//2453
f 2453//2453 2462//2462 2454//2454
f 2462//2462 2463//2463 2454//2454
f 2454//2454 2463//2463 2455//2455
f 2463//2463 2464//2464 2455//2455
f 2464//2464 2465//2465 2455//2455
f 2455//2455 2465//2465 2456//2456
f 2456//2456 2465//2465 2457//2457
f 2465//2465 2459//2459 2457//2457
f 2459//2459 2466//2466 2460//2460
f 2460//2460 2466//2466 2461//2461
f 2461//2461 2466//2466 2462//2462
f 2462//2462 2466//2466 2463//2463
f 2463//2463 2466//2466 2464//2464
f 2464//2464 2466//2466 2465//2465
f 2465//2465 2466//2466 2459//2459
f 2460//2460 2461//2461 2466//2466
f 2461//2461 2462//2462 2466//2466
f 2462//2462 2463//2463 2466//2466
f 2463//2463 2465//2465 2466//2466
f 2465//2465 2459//2459 2466//2466
f 2459//2459 2460//2460 2466//2466
f 2467//2467 2468//2468 2460//2460
f 2459//2459 2467//2467 2460//2460
f 2460//2460 2468//2468 2461//2461
f 2468//2468 2469//2469 2461//2461
f 2461//2461 2469//2469 2462//2462
f 2469//2469 2470//2470 2462//2462
f 2462//2462 2470//2470 2463//2463
f 2470//2470 2471//2471 2463//2463
f 2463//2463 2471//2471 2465//2465
f 2471//2471 2472//2472 2465//2465
f 2465//2465 2472//2472 2459//2459
f 2472//2472 2467//2467 2459//2459
f 2467//2467 2473//2473 2468//2468
f 2472//2472 2473//2473 2467//2467
f 2468//2468 2473//2473 2469//2469
f 2469//2469 2473//2473 2470//2470
f 2470//2470 2473//2473 2471//2471
f 2471//2471 2473//2473 2472//2472
f 2467//2467 2468//2468 2473//2473
f 2468//2468 2469//2469 2473//2473
f 2469//2469 2470//2470 2473//2473
f 2470//2470 2471//2471 2473//2473
f 2471//2471 2472//2472 2473//2473
f 2472//2472 2467//2467 2473//2473
f 2474//2474 2475//2475 2467//2467
f 2467//2467 2475//2475 2468//2468
f 2475//2475 2476//2476 2468//2468
f 2468//2468 2476//2476 2469//2469
f 2476//2476 2477//2477 2469//2469
f 2469//2469 2477//2477 2470//2470
f 2477//2477 2478//2478 2470//2470
f 2470//2470 2478//2478 2471//2471
f 2478//2478 2479//2479 2471//2471
f 2471//2471 2479//2479 2472//2472
f 2479//2479 2474//2474 2472//2472
f 2472//2472 2474//2474 2467//2467
f 2474//2474 2480//2480 2475//2475
f 2475//2475 2480//2480 2476//2476
f 2476//2476 2480//2480 2477//2477
f 2477//2477 2480//2480 2478//2478
f 2478//2478 2480//2480 2479//2479
f 2479//2479 2480//2480 2474//2474
f 2474//2474 2475//2475 2480//2480
f 2475//2475 2476//2476 2480//2480
f 2476//2476 2477//2477 2480//2480
f 2477//2477 2481//2481 2480//2480
f 2481//2481 2478//2478 2480//2480
f 2478//2478 2479//2479 2480//2480
f 2479//2479 2474//2474 2480//2480
f 2482//2482 2483//2483 2474//2474
f 2474//2474 2483//2483 2475//2475
f 2475//2475 2483//2483 2476//2476
f 2483//2483 2484//2484 2476//2476
f 2484//2484 2485//2485 2476//2476
f 2476//2476 2485//2485 2477//2477
f 2485//2485 2486//2486 2477//2477
f 2477//2477 2486//2486 2481//2481
f 2486//2486 2487//2487 2481//2481
f 2481//2481 2487//2487 2478//2478
f 2478//2478 2487//2487 2479//2479
f 2487//2487 2488//2488 2479//2479
f 2479//2479 2488//2488 2474//2474
f 2488//2488 2482//2482 2474//2474
f 2482//2482 2489//2489 2483//2483
f 2483//2483 2489//2489 2484//2484
f 2484//2484 2489//2489 2485//2485
f 2485//2485 2489//2489 2486//2486
f 2486//2486 2489//2489 2487//2487
f 2487//2487 2489//2489 2488//2488
f 2488//2488 2489//2489 2482//2482
f 2482//2482 2483//2483 2489//2489
f 2483//2483 2484//2484 2489//2489
f 2484//2484 2485//2485 2489//2489
f 2485//2485 2486//2486 2489//2489
f 2486//2486 2487//2487 2489//2489
f 2487//2487 2488//2488 2489//2489
f 2488//2488 2482//2482 2489//2489
f 2482//2482 2490//2490 2483//2483
f 2490//2490 2491//2491 2483//2483
f 2483//2483 2491//2491 2484//2484
f 2491//2491 2492//2492 2484//2484
f 2484//2484 2492//2492 2485//2485
f 2492//2492 2493//2493 2485//2485
f 2485//2485 2493//2493 2486//2486
f 2493//2493 2494//2494 2486//2486
f 2486//2486 2494//2494 2487//2487
f 2494//2494 2495//2495 2487//2487
f 2487//2487 2495//2495 2488//2488
f 2495//2495 2496//2496 2488//2488
f 2488//2488 2496//2496 2482//2482
f 2496//2496 2490//2490 2482//2482
f 2496//2496 2497//2497 2490//2490
f 2490//2490 2497//2497 2491//2491
f 2491//2491 2497//2497 2492//2492
f 2492//2492 2497//2497 2493//2493
f 2493//2493 2497//2497 2494//2494
f 2494//2494 2497//2497 2495//2495
f 2495//2495 2497//2497 2496//2496
f 2490//2490 2491//2491 2497//2497
f 2491//2491 2492//2492 2497//2497
f 2492//2492 2498//2498 2497//2497
f 2498//2498 2493//2493 2497//2497
f 2493//2493 2494//2494 2497//2497
f 2494//2494 2495//2495 2497//2497
f 2495//2495 2496//2496 2497//2497
f 2496//2496 2490//2490 2497//2497
f 2499//2499 2500//2500 2490//2490
f 2490//2490 2500//2500 2491//2491
f 2496//2496 2499//2499 2490//2490
f 2500//2500 2501//2501 2491//2491
f 2491//2491 2501//2501 2492//2492
f 2501//2501 2502//2502 2492//2492
f 2492//2492 2502//2502 2498//2498
f 2498//2498 2502//2502 2493//2493
f 2502//2502 2503//2503 2493//2493
f 2493//2493 2503//2503 2494//2494
f 2503//2503 2504//2504 2494//2494
f 2494//2494 2504//2504 2495//2495
f 2504//2504 2505//2505 2495//2495
f 2495//2495 2505//2505 2496//2496
f 2505//2505 2499//2499 2496//2496
f 2499//2499 2506//2506 2500//2500
f 2500//2500 2506//2506 2501//2501
f 2501//2501 2506//2506 2502//2502
f 2502//2502 2506//2506 2503//2503
f 2503//2503 2506//2506 2504//2504
f 2504//2504 2506//2506 2505//2505
f 2505//2505 2506//2506 2499//2499
f 2500//2500 2501//2501 2506//2506
f 2501//2501 2507//2507 2506//2506
f 2507//2507 2502//2502 2506//2506
f 2502//2502 2503//2503 2506//2506
f 2503//2503 2504//2504 2506//2506
f 2504//2504 2505//2505 2506//2506
f 2505//2505 2499//2499 2506//2506
f 2499//2499 2500//2500 2506//2506
f 2508//2508 2509//2509 2500//2500
f 2499//2499 2508//2508 2500//2500
f 2509//2509 2510//2510 2500//2500
f 2500//2500 2510//2510 2501//2501
f 2501//2501 2510//2510 2507//2507
f 2510//2510 2511//2511 2507//2507
f 2507//2507 2511//2511 2502//2502
f 2502//2502 2511//2511 2503//2503
f 2511//2511 2512//2512 2503//2503
f 2512//2512 2513//2513 2503//2503
f 2503//2503 2513//2513 2504//2504
f 2504//2504 2513//2513 2505//2505
f 2513//2513 2514//2514 2505//2505
f 2514//2514 2508//2508 2505//2505
f 2505//2505 2508//2508 2499//2499
f 2508//2508 2515//2515 2509//2509
f 2509//2509 2515//2515 2510//2510
f 2510//2510 2515//2515 2511//2511
f 2511//2511 2515//2515 2512//2512
f 2512//2512 2515//2515 2513//2513
f 2513//2513 2515//2515 2514//2514
f 2514//2514 2515//2515 2508//2508
f 2509//2509 2510//2510 2515//2515
f 2510//2510 2516//2516 2515//2515
f 2516//2516 2511//2511 2515//2515
f 2511//2511 2512//2512 2515//2515
f 2512//2512 2513//2513 2515//2515
f 2513//2513 2514//2514 2515//2515
f 2514//2514 2508//2508 2515//2515
f 2508//2508 2509//2509 2515//2515
f 2517//2517 2518//2518 2509//2509
f 2508//2508 2517//2517 2509//2509
f 2518//2518 2519//2519 2509//2509
f 2509//2509 2519//2519 2510//2510
f 2510//2510 2519//2519 2516//2516
f 2519//2519 2520//2520 2516//2516
f 2516//2516 2520//2520 2511//2511
f 2511//2511 2520//2520 2512//2512
f 2520//2520 2521//2521 2512//2512
f 2521//2521 2522//2522 2512//2512
f 2512//2512 2522//2522 2513//2513
f 2513//2513 2522//2522 2514//2514
f 2522//2522 2523//2523 2514//2514
f 2523//2523 2517//2517 2514//2514
f 2514//2514 2517//2517 2508//2508
f 2517//2517 2524//2524 2518//2518
f 2518//2518 2524//2524 2519//2519
f 2519//2519 2524//2524 2520//2520
f 2520//2520 2524//2524 2521//2521
f 2521//2521 2524//2524 2522//2522
f 2522//2522 2524//2524 2523//2523
f 2523//2523 2524//2524 2517//2517
f 2518//2518 2519//2519 2524//2524
f 2519//2519 2525//2525 2524//2524
f 2525//2525 2520//2520 2524//2524
f 2520//2520 2521//2521 2524//2524
f 2521//2521 2522//2522 2524//2524
f 2522//2522 2523//2523 2524//2524
f 2523//2523 2517//2517 2524//2524
f 2517//2517 2518//2518 2524//2524
f 2526//2526 2527//2527 2518//2518
f 2517//2517 2526//2526 2518//2518
f 2518//2518 2527//2527 2519//2519
f 2527//2527 2528//2528 2519//2519
f 2519//2519 2528//2528 2525//2525
f 2525//2525 2528//2528 2520//2520
f 2528//2528 2529//2529 2520//2520
f 2520//2520 2529//2529 2521//2521
f 2529//2529 2530//2530 2521//2521
f 2521//2521 2530//2530 2522//2522
f 2530//2530 2531//2531 2522//2522
f 2522//2522 2531//2531 2523//2523
f 2531//2531 2532//2532 2523//2523
f 2523//2523 2532//2532 2517//2517
f 2532//2532 2526//2526 2517//2517
f 2526//2526 2533//2533 2527//2527
f 2532//2532 2533//2533 2526//2526
f 2527//2527 2533//2533 2528//2528
f 2528//2528 2533//2533 2529//2529
f 2529//2529 2533//2533 2530//2530
f 2530//2530 2533//2533 2531//2531
f 2531//2531 2533//2533 2532//2532
f 2526//2526 2527//2527 2533//2533
f 2527//2527 2534//2534 2533//2533
f 2534//2534 2528//2528 2533//2533
f 2528//2528 2529//2529 2533//2533
f 2529//2529 2530//2530 2533//2533
f 2530//2530 2531//2531 2533//2533
f 2531//2531 2532//2532 2533//2533
f 2532//2532 2526//2526 2533//2533
f 2535//2535 2536//2536 2526//2526
f 2526//2526 2536//2536 2527//2527
f 2527//2527 2536//2536 2534//2534
f 2536//2536 2537//2537 2534//2534
f 2534//2534 2537//2537 2528//2528
f 2528//2528 2537//2537 2529//2529
f 2537//2537 2538//2538 2529//2529
f 2538//2538 2539//2539 2529//2529
f 2529//2529 2539//2539 2530//2530
f 2530//2530 2539//2539 2531//2531
f 2539//2539 2540//2540 2531//2531
f 2540//2540 2541//2541 2531//2531
f 2531//2531 2541//2541 2532//2532
f 2532//2532 2541//2541 2526//2526
f 2541//2541 2535//2535 2526//2526
f 2535//2535 2542//2542 2536//2536
f 2541//2541 2542//2542 2535//2535
f 2536//2536 2542//2542 2537//2537
f 2537//2537 2542//2542 2538//2538
f 2538//2538 2542//2542 2539//2539
f 2539//2539 2542//2542 2540//2540
f 2540//2540 2542//2542 2541//2541
f 2535//2535 2536//2536 2542//2542
f 2536//2536 2543//2543 2542//2542
f 2543//2543 2537//2537 2542//2542
f 2537//2537 2538//2538 2542//2542
f 2538//2538 2539//2539 2542//2542
f 2539//2539 2540//2540 2542//2542
f 2540//2540 2541//2541 2542//2542
f 2541//2541 2535//2535 2542//2542
f 2544//2544 2545//2545 2535//2535
f 2535//2535 2545//2545 2536//2536
f 2545//2545 2546//2546 2536//2536
f 2536//2536 2546//2546 2543//2543
f 2546//2546 2547//2547 2543//2543
f 2543//2543 2547//2547 2537//2537
f 2547//2547 2548//2548 2537//2537
f 2537//2537 2548//2548 2538//2538
f 2548//2548 2549//2549 2538//2538
f 2538//2538 2549//2549 2539//2539
f 2549//2549 2550//2550 2539//2539
f 2539//2539 2550//2550 2540//2540
f 2550//2550 2551//2551 2540//2540
f 2540//2540 2551//2551 2541//2541
f 2551//2551 2544//2544 2541//2541
f 2541//2541 2544//2544 2535//2535
f 2544//2544 2552//2552 2545//2545
f 2545//2545 2552//2552 2546//2546
f 2546//2546 2552//2552 2547//2547
f 2547//2547 2552//2552 2548//2548
f 2548//2548 2552//2552 2549//2549
f 2549//2549 2552//2552 2550//2550
f 2550//2550 2552//2552 2551//2551
f 2551//2551 2552//2552 2544//2544
f 2545//2545 2547//2547 2552//2552
f 2547//2547 2548//2548 2552//2552
f 2548//2548 2549//2549 2552//2552
f 2549//2549 2550//2550 2552//2552
f 2550//2550 2551//2551 2552//2552
f 2551//2551 2544//2544 2552//2552
f 2544//2544 2545//2545 2552//2552
f 2553//2553 2554//2554 2545//2545
f 2544//2544 2553//2553 2545//2545
f 2554//2554 2555//2555 2545//2545
f 2545//2545 2555//2555 2547//2547
f 2555//2555 2556//2556 2547//2547
f 2556//2556 2557//2557 2547//2547
f 2547//2547 2557//2557 2548//2548
f 2548//2548 2557//2557 2549//2549
f 2557//2557 2558//2558 2549//2549
f 2558//2558 2559//2559 2549//2549
f 2549//2549 2559//2559 2550//2550
f 2550//2550 2559//2559 2551//2551
f 2559//2559 2560//2560 2551//2551
f 2560//2560 2553//2553 2551//2551
f 2551//2551 2553//2553 2544//2544
f 2553//2553 2561//2561 2554//2554
f 2554//2554 2561//2561 2555//2555
f 2555//2555 2561//2561 2556//2556
f 2556//2556 2561//2561 2557//2557
f 2557//2557 2561//2561 2558//2558
f 2558//2558 2561//2561 2559//2559
f 2559//2559 2561//2561 2560//2560
f 2560//2560 2561//2561 2553//2553
f 2554//2554 2556//2556 2561//2561
f 2556//2556 2557//2557 2561//2561
f 2557//2557 2558//2558 2561//2561
f 2558//2558 2559//2559 2561//2561
f 2559//2559 2560//2560 2561//2561
f 2560//2560 2553//2553 2561//2561
f 2553//2553 2554//2554 2561//2561
f 2562//2562 2563//2563 2554//2554
f 2553//2553 2562//2562 2554//2554
f 2563//2563 2564//2564 2554//2554
f 2554//2554 2564//2564 2556//2556
f 2564//2564 2565//2565 2556//2556
f 2556//2556 2565//2565 2557//2557
f 2565//2565 2566//2566 2557//2557
f 2557//2557 2566//2566 2558//2558
f 2566//2566 2567//2567 2558//2558
f 2558//2558 2567//2567 2559//2559
f 2567//2567 2568//2568 2559//2559
f 2559//2559 2568//2568 2560//2560
f 2568//2568 2569//2569 2560//2560
f 2560//2560 2569//2569 2553//2553
f 2569//2569 2562//2562 2553//2553
f 2562//2562 2570//2570 2563//2563
f 2569//2569 2570//2570 2562//2562
f 2563//2563 2570//2570 2564//2564
f 2564//2564 2570//2570 2565//2565
f 2565//2565 2570//2570 2566//2566
f 2566//2566 2570//2570 2567//2567
f 2567//2567 2570//2570 2568//2568
f 2568//2568 2570//2570 2569//2569
f 2562//2562 2564//2564 2570//2570
f 2564//2564 2565//2565 2570//2570
f 2565//2565 2566//2566 2570//2570
f 2566//2566 2567//2567 2570//2570
f 2567//2567 2568//2568 2570//2570
f 2568//2568 2569//2569 2570//2570
f 2569//2569 2562//2562 2570//2570
f 2571//2571 2572//2572 2562//2562
f 2562//2562 2572//2572 2564//2564
f 2572//2572 2573//2573 2564//2564
f 2573//2573 2574//2574 2564//2564
f 2564//2564 2574//2574 2565//2565
f 2565//2565 2574//2574 2566//2566
f 2574//2574 2575//2575 2566//2566
f 2575//2575 2576//2576 2566//2566
f 2566//2566 2576//2576 2567//2567
f 2567//2567 2576//2576 2568//2568
f 2576//2576 2577//2577 2568//2568
f 2577//2577 2578//2578 2568//2568
f 2568//2568 2578//2578 2569//2569
f 2569//2569 2578//2578 2562//2562
f 2578//2578 2571//2571 2562//2562
f 2571//2571 2579//2579 2572//2572
f 2578//2578 2579//2579 2571//2571
f 2572//2572 2579//2579 2573//2573
f 2573//2573 2579//2579 2574//2574
f 2574//2574 2579//2579 2575//2575
f 2575//2575 2579//2579 2576//2576
f 2576//2576 2579//2579 2577//2577
f 2577//2577 2579//2579 2578//2578
f 2571//2571 2573//2573 2579//2579
f 2573//2573 2574//2574 2579//2579
f 2574//2574 2575//2575 2579//2579
f 2575//2575 2576//2576 2579//2579
f 2576//2576 2577//2577 2579//2579
f 2577//2577 2578//2578 2579//2579
f 2578//2578 2571//2571 2579//2579
f 2580//2580 2581//2581 2571//2571
f 2571//2571 2581//2581 2573//2573
f 2581//2581 2582//2582 2573//2573
f 2573//2573 2582//2582 2574//2574
f 2582//2582 2583//2583 2574//2574
f 2574//2574 2583//2583 2575//2575
f 2583//2583 2584//2584 2575//2575
f 2575//2575 2584//2584 2576//2576
f 2576//2576 2584//2584 2577//2577
f 2584//2584 2585//2585 2577//2577
f 2585//2585 2586//2586 2577//2577
f 2577//2577 2586//2586 2578//2578
f 2578//2578 2586//2586 2571//2571
f 2586//2586 2580//2580 2571//2571
f 2580//2580 2587//2587 2581//2581
f 2586//2586 2587//2587 2580//2580
f 2581//2581 2587//2587 2582//2582
f 2582//2582 2587//2587 2583//2583
f 2583//2583 2587//2587 2584//2584
f 2584//2584 2587//2587 2585//2585
f 2585//2585 2587//2587 2586//2586
f 2580//2580 2581//2581 2587//2587
f 2581//2581 2582//2582 2587//2587
f 2582//2582 2583//2583 2587//2587
f 2583//2583 2584//2584 2587//2587
f 2584//2584 2585//2585 2587//2587
f 2585//2585 2586//2586 2587//2587
f 2586//2586 2580//2580 2587//2587
f 2580//2580 2588//2588 2581//2581
f 2588//2588 2589//2589 2581//2581
f 2581//2581 2589//2589 2582//2582
f 2589//2589 2590//2590 2582//2582
f 2590//2590 2591//2591 2582//2582
f 2582//2582 2591//2591 2583//2583
f 2591//2591 2592//2592 2583//2583
f 2583//2583 2592//2592 2584//2584
f 2584//2584 2592//2592 2585//2585
f 2592//2592 2593//2593 2585//2585
f 2593//2593 2594//2594 2585//2585
f 2585//2585 2594//2594 2586//2586
f 2586//2586 2594//2594 2580//2580
f 2594//2594 2588//2588 2580//2580
f 2594//2594 2595//2595 2588//2588
f 2588//2588 2595//2595 2589//2589
f 2589//2589 2595//2595 2590//2590
f 2590//2590 2595//2595 2591//2591
f 2591//2591 2595//2595 2592//2592
f 2592//2592 2595//2595 2593//2593
f 2593//2593 2595//2595 2594//2594
f 2588//2588 2590//2590 2595//2595
f 2590//2590 2591//2591 2595//2595
f 2591//2591 2592//2592 2595//2595
f 2592//2592 2593//2593 2595//2595
f 2593//2593 2594//2594 2595//2595
f 2594//2594 2588//2588 2595//2595
f 2594//2594 2596//2596 2588//2588
f 2596//2596 2597//2597 2588//2588
f 2588//2588 2597//2597 2590//2590
f 2597//2597 2598//2598 2590//2590
f 2590//2590 2598//2598 2591//2591
f 2598//2598 2599//2599 2591//2591
f 2591//2591 2599//2599 2592//2592
f 2592//2592 2599//2599 2593//2593
f 2599//2599 2600//2600 2593//2593
f 2600//2600 2601//2601 2593//2593
f 2593//2593 2601//2601 2594//2594
f 2601//2601 2596//2596 2594//2594
f 2601//2601 2602//2602 2596//2596
f 2596//2596 2602//2602 2597//2597
f 2597//2597 2602//2602 2598//2598
f 2598//2598 2602//2602 2599//2599
f 2599//2599 2602//2602 2600//2600
f 2600//2600 2602//2602 2601//2601
f 2596//2596 2597//2597 2602//2602
f 2597//2597 2598//2598 2602//2602
f 2598//2598 2599//2599 2602//2602
f 2599//2599 2600//2600 2602//2602
f 2600//2600 2601//2601 2602//2602
f 2601//2601 2596//2596 2602//2602
f 2601//2601 2603//2603 2596//2596
f 2603//2603 2604//2604 2596//2596
f 2596//2596 2604//2604 2597//2597
f 2604//2604 2605//2605 2597//2597
f 2597//2597 2605//2605 2598//2598
f 2605//2605 2606//2606 2598//2598
f 2598//2598 2606//2606 2599//2599
f 2599//2599 2606//2606 2600//2600
f 2606//2606 2607//2607 2600//2600
f 2607//2607 2608//2608 2600//2600
f 2600//2600 2608//2608 2601//2601
f 2608//2608 2603//2603 2601//2601
f 2608//2608 2609//2609 2603//2603
f 2603//2603 2609//2609 2604//2604
f 2604//2604 2609//2609 2605//2605
f 2605//2605 2609//2609 2606//2606
f 2606//2606 2609//2609 2607//2607
f 2607//2607 2609//2609 2608//2608
f 2603//2603 2604//2604 2609//2609
f 2604//2604 2605//2605 2609//2609
f 2605//2605 2606//2606 2609//2609
f 2606//2606 2607//2607 2609//2609
f 2607//2607 2608//2608 2609//2609
f 2608//2608 2603//2603 2609//2609
f 2608//2608 2610//2610 2603//2603
f 2610//2610 2611//2611 2603//2603
f 2603//2603 2611//2611 2604//2604
f 2611//2611 2612//2612 2604//2604
f 2604//2604 2612//2612 2605//2605
f 2612//2612 2613//2613 2605//2605
f 2605//2605 2613//2613 2606//2606
f 2613//2613 2614//2614 2606//2606
f 2606//2606 2614//2614 2607//2607
f 2614//2614 2615//2615 2607//2607
f 2607//2607 2615//2615 2608//2608
f 2615//2615 2610//2610 2608//2608
f 2615//2615 2616//2616 2610//2610
f 2610//2610 2616//2616 2611//2611
f 2611//2611 2616//2616 2612//2612
f 2612//2612 2616//2616 2613//2613
f 2613//2613 2616//2616 2614//2614
f 2614//2614 2616//2616 2615//2615
f 2610//2610 2611//2611 2616//2616
f 2611//2611 2612//2612 2616//2616
f 2612//2612 2613//2613 2616//2616
f 2613//2613 2614//2614 2616//2616
f 2614//2614 2615//2615 2616//2616
f 2615//2615 2610//2610 2616//2616
f 2615//2615 2617//2617 2610//2610
f 2617//2617 2618//2618 2610//2610
f 2610//2610 2618//2618 2611//2611
f 2618//2618 2619//2619 2611//2611
f 2611//2611 2619//2619 2612//2612
f 2619//2619 2620//2620 2612//2612
f 2612//2612 2620//2620 2613//2613
f 2613//2613 2620//2620 2614//2614
f 2620//2620 2621//2621 2614//2614
f 2621//2621 2622//2622 2614//2614
f 2614//2614 2622//2622 2615//2615
f 2622//2622 2617//2617 2615//2615
f 2622//2622 2623//2623 2617//2617
f 2617//2617 2623//2623 2618//2618
f 2618//2618 2623//2623 2619//2619
f 2619//2619 2623//2623 2620//2620
f 2620//2620 2623//2623 2621//2621
f 2621//2621 2623//2623 2622//2622
f 2617//2617 2624//2624 2623//2623
f 2624//2624 2618//2618 2623//2623
f 2618//2618 2619//2619 2623//2623
f 2619//2619 2620//2620 2623//2623
f 2620//2620 2621//2621 2623//2623
f 2621//2621 2622//2622 2623//2623
f 2622//2622 2617//2617 2623//2623
f 2617//2617 2625//2625 2624//2624
f 2622//2622 2625//2625 2617//2617
f 2625//2625 2626//2626 2624//2624
f 2624//2624 2626//2626 2618//2618
f 2626//2626 2627//2627 2618//2618
f 2618//2618 2627//2627 2619//2619
f 2627//2627 2628//2628 2619//2619
f 2628//2628 2629//2629 2619//2619
f 2619//2619 2629//2629 2620//2620
f 2620//2620 2629//2629 2621//2621
f 2629//2629 2630//2630 2621//2621
f 2630//2630 2631//2631 2621//2621
f 2621//2621 2631//2631 2622//2622
f 2631//2631 2625//2625 2622//2622
f 2631//2631 2632//2632 2625//2625
f 2625//2625 2632//2632 2626//2626
f 2626//2626 2632//2632 2627//2627
f 2627//2627 2632//2632 2628//2628
f 2628//2628 2632//2632 2629//2629
f 2629//2629 2632//2632 2630//2630
f 2630//2630 2632//2632 2631//2631
f 2625//2625 2626//2626 2632//2632
f 2626//2626 2627//2627 2632//2632
f 2627//2627 2628//2628 2632//2632
f 2628//2628 2629//2629 2632//2632
f 2629//2629 2630//2630 2632//2632
f 2630//2630 2631//2631 2632//2632
f 2631//2631 2625//2625 2632//2632
f 2633//2633 2634//2634 2625//2625
f 2625//2625 2634//2634 2626//2626
f 2631//2631 2633//2633 2625//2625
f 2634//2634 2635//2635 2626//2626
f 2626//2626 2635//2635 2627//2627
f 2635//2635 2636//2636 2627//2627
f 2627//2627 2636//2636 2628//2628
f 2636//2636 2637//2637 2628//2628
f 2628//2628 2637//2637 2629//2629
f 2637//2637 2638//2638 2629//2629
f 2629//2629 2638//2638 2630//2630
f 2638//2638 2639//2639 2630//2630
f 2630//2630 2639//2639 2631//2631
f 2639//2639 2633//2633 2631//2631
f 2633//2633 2640//2640 2634//2634
f 2634//2634 2640//2640 2635//2635
f 2635//2635 2640//2640 2636//2636
f 2636//2636 2640//2640 2637//2637
f 2637//2637 2640//2640 2638//2638
f 2638//2638 2640//2640 2639//2639
f 2639//2639 2640//2640 2633//2633
f 2634//2634 2635//2635 2640//2640
f 2635//2635 2636//2636 2640//2640
f 2636//2636 2637//2637 2640//2640
f 2637//2637 2638//2638 2640//2640
f 2638//2638 2639//2639 2640//2640
f 2639//2639 2633//2633 2640//2640
f 2633//2633 2634//2634 2640//2640
f 2633//2633 2641//2641 2634//2634
f 2641//2641 2642//2642 2634//2634
f 2634//2634 2642//2642 2635//2635
f 2635//2635 2642//2642 2636//2636
f 2642//2642 2643//2643 2636//2636
f 2643//2643 2644//2644 2636//2636
f 2636//2636 2644//2644 2637//2637
f 2637//2637 2644//2644 2638//2638
f 2644//2644 2645//2645 2638//2638
f 2645//2645 2646//2646 2638//2638
f 2638//2638 2646//2646 2639//2639
f 2646//2646 2647//2647 2639//2639
f 2639//2639 2647//2647 2633//2633
f 2647//2647 2641//2641 2633//2633
f 2647//2647 2648//2648 2641//2641
f 2641//2641 2648//2648 2642//2642
f 2642//2642 2648//2648 2643//2643
f 2643//2643 2648//2648 2644//2644
f 2644//2644 2648//2648 2645//2645
f 2645//2645 2648//2648 2646//2646
f 2646//2646 2648//2648 2647//2647
f 2641//2641 2649//2649 2648//2648
f 2649//2649 2642//2642 2648//2648
f 2642//2642 2643//2643 2648//2648
f 2643//2643 2644//2644 2648//2648
f 2644//2644 2645//2645 2648//2648
f 2645//2645 2646//2646 2648//2648
f 2646//2646 2647//2647 2648//2648
f 2647//2647 2641//2641 2648//2648
f 2641//2641 2650//2650 2649//2649
f 2647//2647 2650//2650 2641//2641
f 2650//2650 2651//2651 2649//2649
f 2649//2649 2651//2651 2642//2642
f 2642//2642 2651//2651 2643//2643
f 2651//2651 2652//2652 2643//2643
f 2652//2652 2653//2653 2643//2643
f 2643//2643 2653//2653 2644//2644
f 2644//2644 2653//2653 2645//2645
f 2653//2653 2654//2654 2645//2645
f 2654//2654 2655//2655 2645//2645
f 2645//2645 2655//2655 2646//2646
f 2646//2646 2655//2655 2647//2647
f 2655//2655 2656//2656 2647//2647
f 2656//2656 2650//2650 2647//2647
f 2656//2656 2657//2657 2650//2650
f 2650//2650 2657//2657 2651//2651
f 2651//2651 2657//2657 2652//2652
f 2652//2652 2657//2657 2653//2653
f 2653//2653 2657//2657 2654//2654
f 2654//2654 2657//2657 2655//2655
f 2655//2655 2657//2657 2656//2656
f 2650//2650 2658//2658 2657//2657
f 2658//2658 2651//2651 2657//2657
f 2651//2651 2652//2652 2657//2657
f 2652//2652 2653//2653 2657//2657
f 2653//2653 2654//2654 2657//2657
f 2654//2654 2655//2655 2657//2657
f 2655//2655 2656//2656 2657//2657
f 2656//2656 2650//2650 2657//2657
f 2659//2659 2660//2660 2650//2650
f 2650//2650 2660//2660 2658//2658
f 2656//2656 2659//2659 2650//2650
f 2660//2660 2661//2661 2658//2658
f 2658//2658 2661//2661 2651//2651
f 2661//2661 2662//2662 2651//2651
f 2651//2651 2662//2662 2652//2652
f 2662//2662 2663//2663 2652//2652
f 2652//2652 2663//2663 2653//2653
f 2663//2663 2664//2664 2653//2653
f 2653//2653 2664//2664 2654//2654
f 2664//2664 2665//2665 2654//2654
f 2654//2654 2665//2665 2655//2655
f 2665//2665 2666//2666 2655//2655
f 2655//2655 2666//2666 2656//2656
f 2666//2666 2659//2659 2656//2656
f 2659//2659 2667//2667 2660//2660
f 2666//2666 2667//2667 2659//2659
f 2660//2660 2667//2667 2661//2661
f 2661//2661 2667//2667 2662//2662
f 2662//2662 2667//2667 2663//2663
f 2663//2663 2667//2667 2664//2664
f 2664//2664 2667//2667 2665//2665
f 2665//2665 2667//2667 2666//2666
f 2659//2659 2661//2661 2667//2667
f 2661//2661 2662//2662 2667//2667
f 2662//2662 2663//2663 2667//2667
f 2663//2663 2664//2664 2667//2667
f 2664//2664 2665//2665 2667//2667
f 2665//2665 2666//2666 2667//2667
f 2666//2666 2659//2659 2667//2667
f 2668//2668 2669//2669 2659//2659
f 2659//2659 2669//2669 2661//2661
f 2669//2669 2670//2670 2661//2661
f 2661//2661 2670//2670 2662//2662
f 2670//2670 2671//2671 2662//2662
f 2662//2662 2671//2671 2663//2663
f 2671//2671 2672//2672 2663//2663
f 2663//2663 2672//2672 2664//2664
f 2672//2672 2673//2673 2664//2664
f 2664//2664 2673//2673 2665//2665
f 2673//2673 2674//2674 2665//2665
f 2665//2665 2674//2674 2666//2666
f 2674//2674 2668//2668 2666//2666
f 2666//2666 2668//2668 2659//2659
f 2668//2668 2675//2675 2669//2669
f 2669//2669 2675//2675 2670//2670
f 2670//2670 2675//2675 2671//2671
f 2671//2671 2675//2675 2672//2672
f 2672//2672 2675//2675 2673//2673
f 2673//2673 2675//2675 2674//2674
f 2674//2674 2675//2675 2668//2668
f 2676//2676 2669//2669 2675//2675
f 2669//2669 2670//2670 2675//2675
f 2670//2670 2671//2671 2675//2675
f 2671//2671 2672//2672 2675//2675
f 2672//2672 2673//2673 2675//2675
f 2673//2673 2674//2674 2675//2675
f 2674//2674 2668//2668 2675//2675
f 2668//2668 2676//2676 2675//2675
f 2677//2677 2678//2678 2676//2676
f 2676//2676 2678//2678 2669//2669
f 2668//2668 2677//2677 2676//2676
f 2678//2678 2679//2679 2669//2669
f 2669//2669 2679//2679 2670//2670
f 2679//2679 2680//2680 2670//2670
f 2670//2670 2680//2680 2671//2671
f 2680//2680 2681//2681 2671//2671
f 2671//2671 2681//2681 2672//2672
f 2681//2681 2682//2682 2672//2672
f 2672//2672 2682//2682 2673//2673
f 2682//2682 2683//2683 2673//2673
f 2673//2673 2683//2683 2674//2674
f 2683//2683 2684//2684 2674//2674
f 2674//2674 2684//2684 2668//2668
f 2684//2684 2677//2677 2668//2668
f 2677//2677 2685//2685 2678//2678
f 2684//2684 2685//2685 2677//2677
f 2678//2678 2685//2685 2679//2679
f 2679//2679 2685//2685 2680//2680
f 2680//2680 2685//2685 2681//2681
f 2681//2681 2685//2685 2682//2682
f 2682//2682 2685//2685 2683//2683
f 2683//2683 2685//2685 2684//2684
f 2678//2678 2679//2679 2685//2685
f 2679//2679 2680//2680 2685//2685
f 2680//2680 2681//2681 2685//2685
f 2681//2681 2682//2682 2685//2685
f 2682//2682 2683//2683 2685//2685
f 2683//2683 2684//2684 2685//2685
f 2684//2684 2678//2678 2685//2685
f 2686//2686 2687//2687 2678//2678
f 2684//2684 2686//2686 2678//2678
f 2687//2687 2688//2688 2678//2678
f 2678//2678 2688//2688 2679//2679
f 2679//2679 2688//2688 2680//2680
f 2688//2688 2689//2689 2680//2680
f 2689//2689 2690//2690 2680//2680
f 2680//2680 2690//2690 2681//2681
f 2681//2681 2690//2690 2682//2682
f 2690//2690 2691//2691 2682//2682
f 2691//2691 2692//2692 2682//2682
f 2682//2682 2692//2692 2683//2683
f 2683//2683 2692//2692 2684//2684
f 2692//2692 2693//2693 2684//2684
f 2693//2693 2686//2686 2684//2684
f 2686//2686 2694//2694 2687//2687
f 2693//2693 2694//2694 2686//2686
f 2687//2687 2694//2694 2688//2688
f 2688//2688 2694//2694 2689//2689
f 2689//2689 2694//2694 2690//2690
f 2690//2690 2694//2694 2691//2691
f 2691//2691 2694//2694 2692//2692
f 2692//2692 2694//2694 2693//2693
f 2687//2687 2688//2688 2694//2694
f 2688//2688 2689//2689 2694//2694
f 2689//2689 2690//2690 2694//2694
f 2690//2690 2691//2691 2694//2694
f 2691//2691 2692//2692 2694//2694
f 2692//2692 2693//2693 2694//2694
f 2693//2693 2687//2687 2694//2694
f 2695//2695 2696//2696 2687//2687
f 2693//2693 2695//2695 2687//2687
f 2687//2687 2696//2696 2688//2688
f 2696//2696 2697//2697 2688//2688
f 2688//2688 2697//2697 2689//2689
f 2697//2697 2698//2698 2689//2689
f 2689//2689 2698//2698 2690//2690
f 2698//2698 2699//2699 2690//2690
f 2690//2690 2699//2699 2691//2691
f 2699//2699 2700//2700 2691//2691
f 2691//2691 2700//2700 2692//2692
f 2700//2700 2701//2701 2692//2692
f 2692//2692 2701//2701 2693//2693
f 2701//2701 2702//2702 2693//2693
f 2702//2702 2695//2695 2693//2693
f 2695//2695 2703//2703 2696//2696
f 2702//2702 2703//2703 2695//2695
f 2696//2696 2703//2703 2697//2697
f 2697//2697 2703//2703 2698//2698
f 2698//2698 2703//2703 2699//2699
f 2699//2699 2703//2703 2700//2700
f 2700//2700 2703//2703 2701//2701
f 2701//2701 2703//2703 2702//2702
f 2695//2695 2696//2696 2703//2703
f 2696//2696 2697//2697 2703//2703
f 2697//2697 2698//2698 2703//2703
f 2698//2698 2699//2699 2703//2703
f 2699//2699 2700//2700 2703//2703
f 2700//2700 2701//2701 2703//2703
f 2701//2701 2695//2695 2703//2703
f 2704//2704 2705//2705 2695//2695
f 2695//2695 2705//2705 2696//2696
f 2696//2696 2705//2705 2697//2697
f 2705//2705 2706//2706 2697//2697
f 2706//2706 2707//2707 2697//2697
f 2697//2697 2707//2707 2698//2698
f 2698//2698 2707//2707 2699//2699
f 2707//2707 2708//2708 2699//2699
f 2708//2708 2709//2709 2699//2699
f 2699//2699 2709//2709 2700//2700
f 2700//2700 2709//2709 2701//2701
f 2709//2709 2710//2710 2701//2701
f 2710//2710 2711//2711 2701//2701
f 2701//2701 2711//2711 2695//2695
f 2711//2711 2704//2704 2695//2695
f 2704//2704 2712//2712 2705//2705
f 2711//2711 2712//2712 2704//2704
f 2705//2705 2712//2712 2706//2706
f 2706//2706 2712//2712 2707//2707
f 2707//2707 2712//2712 2708//2708
f 2708//2708 2712//2712 2709//2709
f 2709//2709 2712//2712 2710//2710
f 2710//2710 2712//2712 2711//2711
f 2704//2704 2705//2705 2712//2712
f 2705//2705 2706//2706 2712//2712
f 2706//2706 2707//2707 2712//2712
f 2707//2707 2708//2708 2712//2712
f 2708//2708 2709//2709 2712//2712
f 2709//2709 2710//2710 2712//2712
f 2710//2710 2704//2704 2712//2712
f 2713//2713 2714//2714 2704//2704
f 2704//2704 2714//2714 2705//2705
f 2705//2705 2714//2714 2706//2706
f 2714//2714 2715//2715 2706//2706
f 2715//2715 2716//2716 2706//2706
f 2706//2706 2716//2716 2707//2707
f 2707//2707 2716//2716 2708//2708
f 2716//2716 2717//2717 2708//2708
f 2717//2717 2718//2718 2708//2708
f 2708//2708 2718//2718 2709//2709
f 2709//2709 2718//2718 2710//2710
f 2718//2718 2719//2719 2710//2710
f 2719//2719 2720//2720 2710//2710
f 2710//2710 2720//2720 2704//2704
f 2720//2720 2713//2713 2704//2704
f 2713//2713 2721//2721 2714//2714
f 2720//2720 2721//2721 2713//2713
f 2714//2714 2721//2721 2715//2715
f 2715//2715 2721//2721 2716//2716
f 2716//2716 2721//2721 2717//2717
f 2717//2717 2721//2721 2718//2718
f 2718//2718 2721//2721 2719//2719
f 2719//2719 2721//2721 2720//2720
f 2713//2713 2714//2714 2721//2721
f 2714//2714 2715//2715 2721//2721
f 2715//2715 2716//2716 2721//2721
f 2716//2716 2717//2717 2721//2721
f 2717//2717 2718//2718 2721//2721
f 2718//2718 2719//2719 2721//2721
f 2719//2719 2713//2713 2721//2721
f 2713//2713 2722//2722 2714//2714
f 2722//2722 2723//2723 2714//2714
f 2714//2714 2723//2723 2715//2715
f 2723//2723 2724//2724 2715//2715
f 2715//2715 2724//2724 2716//2716
f 2724//2724 2725//2725 2716//2716
f 2716//2716 2725//2725 2717//2717
f 2725//2725 2726//2726 2717//2717
f 2717//2717 2726//2726 2718//2718
f 2726//2726 2727//2727 2718//2718
f 2718//2718 2727//2727 2719//2719
f 2727//2727 2728//2728 2719//2719
f 2719//2719 2728//2728 2713//2713
f 2728//2728 2722//2722 2713//2713
f 2728//2728 2729//2729 2722//2722
f 2722//2722 2729//2729 2723//2723
f 2723//2723 2729//2729 2724//2724
f 2724//2724 2729//2729 2725//2725
f 2725//2725 2729//2729 2726//2726
f 2726//2726 2729//2729 2727//2727
f 2727//2727 2729//2729 2728//2728
f 2722//2722 2723//2723 2729//2729
f 2723//2723 2724//2724 2729//2729
f 2724//2724 2725//2725 2729//2729
f 2725//2725 2726//2726 2729//2729
f 2726//2726 2727//2727 2729//2729
f 2727//2727 2728//2728 2729//2729
f 2728//2728 2722//2722 2729//2729
f 2730//2730 2731//2731 2722//2722
f 2722//2722 2731//2731 2723//2723
f 2728//2728 2730//2730 2722//2722
f 2731//2731 2732//2732 2723//2723
f 2723//2723 2732//2732 2724//2724
f 2732//2732 2733//2733 2724//2724
f 2724//2724 2733//2733 2725//2725
f 2733//2733 2734//2734 2725//2725
f 2725//2725 2734//2734 2726//2726
f 2734//2734 2735//2735 2726//2726
f 2735//2735 2736//2736 2726//2726
f 2726//2726 2736//2736 2727//2727
f 2727//2727 2736//2736 2728//2728
f 2736//2736 2730//2730 2728//2728
f 2730//2730 2737//2737 2731//2731
f 2731//2731 2737//2737 2732//2732
f 2732//2732 2737//2737 2733//2733
f 2733//2733 2737//2737 2734//2734
f 2734//2734 2737//2737 2735//2735
f 2735//2735 2737//2737 2736//2736
f 2736//2736 2737//2737 2730//2730
f 2731//2731 2732//2732 2737//2737
f 2732//2732 2733//2733 2737//2737
f 2733//2733 2734//2734 2737//2737
f 2734//2734 2736//2736 2737//2737
f 2736//2736 2730//2730 2737//2737
f 2730//2730 2731//2731 2737//2737
f 2730//2730 2738//2738 2731//2731
f 2738//2738 2739//2739 2731//2731
f 2731//2731 2739//2739 2732//2732
f 2739//2739 2740//2740 2732//2732
f 2732//2732 2740//2740 2733//2733
f 2740//2740 2741//2741 2733//2733
f 2733//2733 2741//2741 2734//2734
f 2741//2741 2742//2742 2734//2734
f 2734//2734 2742//2742 2736//2736
f 2742//2742 2743//2743 2736//2736
f 2736//2736 2743//2743 2730//2730
f 2743//2743 2738//2738 2730//2730
f 2743//2743 2744//2744 2738//2738
f 2738//2738 2744//2744 2739//2739
f 2739//2739 2744//2744 2740//2740
f 2740//2740 2744//2744 2741//2741
f 2741//2741 2744//2744 2742//2742
f 2742//2742 2744//2744 2743//2743
f 2738//2738 2739//2739 2744//2744
f 2739//2739 2740//2740 2744//2744
f 2740//2740 2741//2741 2744//2744
f 2741//2741 2742//2742 2744//2744
f 2742//2742 2743//2743 2744//2744
f 2743//2743 2738//2738 2744//2744
f 2745//2745 2746//2746 2738//2738
f 2738//2738 2746//2746 2739//2739
f 2746//2746 2747//2747 2739//2739
f 2739//2739 2747//2747 2740//2740
f 2747//2747 2748//2748 2740//2740
f 2740//2740 2748//2748 2741//2741
f 2748//2748 2749//2749 2741//2741
f 2741//2741 2749//2749 2742//2742
f 2749//2749 2750//2750 2742//2742
f 2742//2742 2750//2750 2743//2743
f 2750//2750 2745//2745 2743//2743
f 2743//2743 2745//2745 2738//2738
f 2745//2745 2751//2751 2746//2746
f 2746//2746 2751//2751 2747//2747
f 2747//2747 2751//2751 2748//2748
f 2748//2748 2751//2751 2749//2749
f 2749//2749 2751//2751 2750//2750
f 2750//2750 2751//2751 2745//2745
f 2745//2745 2746//2746 2751//2751
f 2746//2746 2747//2747 2751//2751
f 2747//2747 2748//2748 2751//2751
f 2748//2748 2752//2752 2751//2751
f 2752//2752 2749//2749 2751//2751
f 2749//2749 2750//2750 2751//2751
f 2750//2750 2745//2745 2751//2751
f 2753//2753 2754//2754 2745//2745
f 2745//2745 2754//2754 2746//2746
f 2746//2746 2754//2754 2747//2747
f 2754//2754 2755//2755 2747//2747
f 2755//2755 2756//2756 2747//2747
f 2747//2747 2756//2756 2748//2748
f 2756//2756 2757//2757 2748//2748
f 2748//2748 2757//2757 2752//2752
f 2757//2757 2758//2758 2752//2752
f 2752//2752 2758//2758 2749//2749
f 2749//2749 2758//2758 2750//2750
f 2758//2758 2759//2759 2750//2750
f 2750//2750 2759//2759 2745//2745
f 2759//2759 2753//2753 2745//2745
f 2753//2753 2760//2760 2754//2754
f 2754//2754 2760//2760 2755//2755
f 2755//2755 2760//2760 2756//2756
f 2756//2756 2760//2760 2757//2757
f 2757//2757 2760//2760 2758//2758
f 2758//2758 2760//2760 2759//2759
f 2759//2759 2760//2760 2753//2753
f 2753//2753 2754//2754 2760//2760
f 2754//2754 2755//2755 2760//2760
f 2755//2755 2756//2756 2760//2760
f 2756//2756 2757//2757 2760//2760
f 2757//2757 2758//2758 2760//2760
f 2758//2758 2759//2759 2760//2760
f 2759//2759 2753//2753 2760//2760
f 2753//2753 2761//2761 2754//2754
f 2761//2761 2762//2762 2754//2754
f 2754//2754 2762//2762 2755//2755
f 2762//2762 2763//2763 2755//2755
f 2755//2755 2763//2763 2756//2756
f 2763//2763 2764//2764 2756//2756
f 2756//2756 2764//2764 2757//2757
f 2764//2764 2765//2765 2757//2757
f 2757//2757 2765//2765 2758//2758
f 2765//2765 2766//2766 2758//2758
f 2758//2758 2766//2766 2759//2759
f 2766//2766 2767//2767 2759//2759
f 2759//2759 2767//2767 2753//2753
f 2767//2767 2761//2761 2753//2753
f 2767//2767 2768//2768 2761//2761
f 2761//2761 2768//2768 2762//2762
f 2762//2762 2768//2768 2763//2763
f 2763//2763 2768//2768 2764//2764
f 2764//2764 2768//2768 2765//2765
f 2765//2765 2768//2768 2766//2766
f 2766//2766 2768//2768 2767//2767
f 2761//2761 2762//2762 2768//2768
f 2762//2762 2763//2763 2768//2768
f 2763//2763 2769//2769 2768//2768
f 2769//2769 2764//2764 2768//2768
f 2764//2764 2765//2765 2768//2768
f 2765//2765 2766//2766 2768//2768
f 2766//2766 2767//2767 2768//2768
f 2767//2767 2761//2761 2768//2768
f 2770//2770 2771//2771 2761//2761
f 2761//2761 2771//2771 2762//2762
f 2767//2767 2770//2770 2761//2761
f 2771//2771 2772//2772 2762//2762
f 2762//2762 2772//2772 2763//2763
f 2772//2772 2773//2773 2763//2763
f 2763//2763 2773//2773 2769//2769
f 2769//2769 2773//2773 2764//2764
f 2773//2773 2774//2774 2764//2764
f 2764//2764 2774//2774 2765//2765
f 2774//2774 2775//2775 2765//2765
f 2765//2765 2775//2775 2766//2766
f 2775//2775 2776//2776 2766//2766
f 2766//2766 2776//2776 2767//2767
f 2776//2776 2770//2770 2767//2767
f 2770//2770 2777//2777 2771//2771
f 2771//2771 2777//2777 2772//2772
f 2772//2772 2777//2777 2773//2773
f 2773//2773 2777//2777 2774//2774
f 2774//2774 2777//2777 2775//2775
f 2775//2775 2777//2777 2776//2776
f 2776//2776 2777//2777 2770//2770
f 2771//2771 2772//2772 2777//2777
f 2772//2772 2778//2778 2777//2777
f 2778//2778 2773//2773 2777//2777
f 2773//2773 2774//2774 2777//2777
f 2774//2774 2775//2775 2777//2777
f 2775//2775 2776//2776 2777//2777
f 2776//2776 2770//2770 2777//2777
f 2770//2770 2771//2771 2777//2777
f 2779//2779 2780//2780 2771//2771
f 2770//2770 2779//2779 2771//2771
f 2780//2780 2781//2781 2771//2771
f 2771//2771 2781//2781 2772//2772
f 2772//2772 2781//2781 2778//2778
f 2781//2781 2782//2782 2778//2778
f 2778//2778 2782//2782 2773//2773
f 2773//2773 2782//2782 2774//2774
f 2782//2782 2783//2783 2774//2774
f 2783//2783 2784//2784 2774//2774
f 2774//2774 2784//2784 2775//2775
f 2775//2775 2784//2784 2776//2776
f 2784//2784 2785//2785 2776//2776
f 2785//2785 2779//2779 2776//2776
f 2776//2776 2779//2779 2770//2770
f 2779//2779 2786//2786 2780//2780
f 2780//2780 2786//2786 2781//2781
f 2781//2781 2786//2786 2782//2782
f 2782//2782 2786//2786 2783//2783
f 2783//2783 2786//2786 2784//2784
f 2784//2784 2786//2786 2785//2785
f 2785//2785 2786//2786 2779//2779
f 2780//2780 2781//2781 2786//2786
f 2781//2781 2787//2787 2786//2786
f 2787//2787 2782//2782 2786//2786
f 2782//2782 2783//2783 2786//2786
f 2783//2783 2784//2784 2786//2786
f 2784//2784 2785//2785 2786//2786
f 2785//2785 2779//2779 2786//2786
f 2779//2779 2780//2780 2786//2786
f 2788//2788 2789//2789 2780//2780
f 2779//2779 2788//2788 2780//2780
f 2789//2789 2790//2790 2780//2780
f 2780//2780 2790//2790 2781//2781
f 2781//2781 2790//2790 2787//2787
f 2790//2790 2791//2791 2787//2787
f 2787//2787 2791//2791 2782//2782
f 2782//2782 2791//2791 2783//2783
f 2791//2791 2792//2792 2783//2783
f 2792//2792 2793//2793 2783//2783
f 2783//2783 2793//2793 2784//2784
f 2784//2784 2793//2793 2785//2785
f 2793//2793 2794//2794 2785//2785
f 2794//2794 2788//2788 2785//2785
f 2785//2785 2788//2788 2779//2779
f 2788//2788 2795//2795 2789//2789
f 2789//2789 2795//2795 2790//2790
f 2790//2790 2795//2795 2791//2791
f 2791//2791 2795//2795 2792//2792
f 2792//2792 2795//2795 2793//2793
f 2793//2793 2795//2795 2794//2794
f 2794//2794 2795//2795 2788//2788
f 2789//2789 2790//2790 2795//2795
f 2790//2790 2796//2796 2795//2795
f 2796//2796 2791//2791 2795//2795
f 2791//2791 2792//2792 2795//2795
f 2792//2792 2793//2793 2795//2795
f 2793//2793 2794//2794 2795//2795
f 2794//2794 2788//2788 2795//2795
f 2788//2788 2789//2789 2795//2795
f 2797//2797 2798//2798 2789//2789
f 2788//2788 2797//2797 2789//2789
f 2789//2789 2798//2798 2790//2790
f 2798//2798 2799//2799 2790//2790
f 2790//2790 2799//2799 2796//2796
f 2796//2796 2799//2799 2791//2791
f 2799//2799 2800//2800 2791//2791
f 2791//2791 2800//2800 2792//2792
f 2800//2800 2801//2801 2792//2792
f 2792//2792 2801//2801 2793//2793
f 2801//2801 2802//2802 2793//2793
f 2793//2793 2802//2802 2794//2794
f 2802//2802 2803//2803 2794//2794
f 2794//2794 2803//2803 2788//2788
f 2803//2803 2797//2797 2788//2788
f 2797//2797 2804//2804 2798//2798
f 2803//2803 2804//2804 2797//2797
f 2798//2798 2804//2804 2799//2799
f 2799//2799 2804//2804 2800//2800
f 2800//2800 2804//2804 2801//2801
f 2801//2801 2804//2804 2802//2802
f 2802//2802 2804//2804 2803//2803
f 2797//2797 2798//2798 2804//2804
f 2798//2798 2805//2805 2804//2804
f 2805//2805 2799//2799 2804//2804
f 2799//2799 2800//2800 2804//2804
f 2800//2800 2801//2801 2804//2804
f 2801//2801 2802//2802 2804//2804
f 2802//2802 2803//2803 2804//2804
f 2803//2803 2797//2797 2804//2804
f 2806//2806 2807//2807 2797//2797
f 2797//2797 2807//2807 2798//2798
f 2798//2798 2807//2807 2805//2805
f 2807//2807 2808//2808 2805//2805
f 2805//2805 2808//2808 2799//2799
f 2799//2799 2808//2808 2800//2800
f 2808//2808 2809//2809 2800//2800
f 2809//2809 2810//2810 2800//2800
f 2800//2800 2810//2810 2801//2801
f 2801//2801 2810//2810 2802//2802
f 2810//2810 2811//2811 2802//2802
f 2811//2811 2812//2812 2802//2802
f 2802//2802 2812//2812 2803//2803
f 2803//2803 2812//2812 2797//2797
f 2812//2812 2806//2806 2797//2797
f 2806//2806 2813//2813 2807//2807
f 2812//2812 2813//2813 2806//2806
f 2807//2807 2813//2813 2808//2808
f 2808//2808 2813//2813 2809//2809
f 2809//2809 2813//2813 2810//2810
f 2810//2810 2813//2813 2811//2811
f 2811//2811 2813//2813 2812//2812
f 2806//2806 2807//2807 2813//2813
f 2807//2807 2814//2814 2813//2813
f 2814//2814 2808//2808 2813//2813
f 2808//2808 2809//2809 2813//2813
f 2809//2809 2810//2810 2813//2813
f 2810//2810 2811//2811 2813//2813
f 2811//2811 2812//2812 2813//2813
f 2812//2812 2806//2806 2813//2813
f 2815//2815 2816//2816 2806//2806
f 2806//2806 2816//2816 2807//2807
f 2816//2816 2817//2817 2807//2807
f 2807//2807 2817//2817 2814//2814
f 2817//2817 2818//2818 2814//2814
f 2814//2814 2818//2818 2808//2808
f 2818//2818 2819//2819 2808//2808
f 2808//2808 2819//2819 2809//2809
f 2819//2819 2820//2820 2809//2809
f 2809//2809 2820//2820 2810//2810
f 2820//2820 2821//2821 2810//2810
f 2810//2810 2821//2821 2811//2811
f 2821//2821 2822//2822 2811//2811
f 2811//2811 2822//2822 2812//2812
f 2822//2822 2815//2815 2812//2812
f 2812//2812 2815//2815 2806//2806
f 2815//2815 2823//2823 2816//2816
f 2816//2816 2823//2823 2817//2817
f 2817//2817 2823//2823 2818//2818
f 2818//2818 2823//2823 2819//2819
f 2819//2819 2823//2823 2820//2820
f 2820//2820 2823//2823 2821//2821
f 2821//2821 2823//2823 2822//2822
f 2822//2822 2823//2823 2815//2815
f 2816//2816 2818//2818 2823//2823
f 2818//2818 2819//2819 2823//2823
f 2819//2819 2820//2820 2823//2823
f 2820//2820 2821//2821 2823//2823
f 2821//2821 2822//2822 2823//2823
f 2822//2822 2815//2815 2823//2823
f 2815//2815 2816//2816 2823//2823
f 2824//2824 2825//2825 2816//2816
f 2815//2815 2824//2824 2816//2816
f 2825//2825 2826//2826 2816//2816
f 2816//2816 2826//2826 2818//2818
f 2826//2826 2827//2827 2818//2818
f 2827//2827 2828//2828 2818//2818
f 2818//2818 2828//2828 2819//2819
f 2819//2819 2828//2828 2820//2820
f 2828//2828 2829//2829 2820//2820
f 2829//2829 2830//2830 2820//2820
f 2820//2820 2830//2830 2821//2821
f 2821//2821 2830//2830 2822//2822
f 2830//2830 2831//2831 2822//2822
f 2831//2831 2824//2824 2822//2822
f 2822//2822 2824//2824 2815//2815
f 2824//2824 2832//2832 2825//2825
f 2825//2825 2832//2832 2826//2826
f 2826//2826 2832//2832 2827//2827
f 2827//2827 2832//2832 2828//2828
f 2828//2828 2832//2832 2829//2829
f 2829//2829 2832//2832 2830//2830
f 2830//2830 2832//2832 2831//2831
f 2831//2831 2832//2832 2824//2824
f 2825//2825 2827//2827 2832//2832
f 2827//2827 2828//2828 2832//2832
f 2828//2828 2829//2829 2832//2832
f 2829//2829 2830//2830 2832//2832
f 2830//2830 2831//2831 2832//2832
f 2831//2831 2824//2824 2832//2832
f 2824//2824 2825//2825 2832//2832
f 2833//2833 2834//2834 2825//2825
f 2824//2824 2833//2833 2825//2825
f 2834//2834 2835//2835 2825//2825
f 2825//2825 2835//2835 2827//2827
f 2835//2835 2836//2836 2827//2827
f 2827//2827 2836//2836 2828//2828
f 2836//2836 2837//2837 2828//2828
f 2828//2828 2837//2837 2829//2829
f 2837//2837 2838//2838 2829//2829
f 2829//2829 2838//2838 2830//2830
f 2838//2838 2839//2839 2830//2830
f 2830//2830 2839//2839 2831//2831
f 2839//2839 2840//2840 2831//2831
f 2831//2831 2840//2840 2824//2824
f 2840//2840 2833//2833 2824//2824
f 2833//2833 2841//2841 2834//2834
f 2840//2840 2841//2841 2833//2833
f 2834//2834 2841//2841 2835//2835
f 2835//2835 2841//2841 2836//2836
f 2836//2836 2841//2841 2837//2837
f 2837//2837 2841//2841 2838//2838
f 2838//2838 2841//2841 2839//2839
f 2839//2839 2841//2841 2840//2840
f 2833//2833 2835//2835 2841//2841
f 2835//2835 2836//2836 2841//2841
f 2836//2836 2837//2837 2841//2841
f 2837//2837 2838//2838 2841//2841
f 2838//2838 2839//2839 2841//2841
f 2839//2839 2840//2840 2841//2841
f 2840//2840 2833//2833 2841//2841
f 2842//2842 2843//2843 2833//2833
f 2833//2833 2843//2843 2835//2835
f 2843//2843 2844//2844 2835//2835
f 2844//2844 2845//2845 2835//2835
f 2835//2835 2845//2845 2836//2836
f 2836//2836 2845//2845 2837//2837
f 2845//2845 2846//2846 2837//2837
f 2846//2846 2847//2847 2837//2837
f 2837//2837 2847//2847 2838//2838
f 2838//2838 2847//2847 2839//2839
f 2847//2847 2848//2848 2839//2839
f 2848//2848 2849//2849 2839//2839
f 2839//2839 2849//2849 2840//2840
f 2840//2840 2849//2849 2833//2833
f 2849//2849 2842//2842 2833//2833
f 2842//2842 2850//2850 2843//2843
f 2849//2849 2850//2850 2842//2842
f 2843//2843 2850//2850 2844//2844
f 2844//2844 2850//2850 2845//2845
f 2845//2845 2850//2850 2846//2846
f 2846//2846 2850//2850 2847//2847
f 2847//2847 2850//2850 2848//2848
f 2848//2848 2850//2850 2849//2849
f 2842//2842 2844//2844 2850//2850
f 2844//2844 2845//2845 2850//2850
f 2845//2845 2846//2846 2850//2850
f 2846//2846 2847//2847 2850//2850
f 2847//2847 2848//2848 2850//2850
f 2848//2848 2849//2849 2850//2850
f 2849//2849 2842//2842 2850//2850
f 2851//2851 2852//2852 2842//2842
f 2842//2842 2852//2852 2844//2844
f 2852//2852 2853//2853 2844//2844
f 2844//2844 2853//2853 2845//2845
f 2853//2853 2854//2854 2845//2845
f 2845//2845 2854//2854 2846//2846
f 2854//2854 2855//2855 2846//2846
f 2846//2846 2855//2855 2847//2847
f 2847//2847 2855//2855 2848//2848
f 2855//2855 2856//2856 2848//2848
f 2856//2856 2857//2857 2848//2848
f 2848//2848 2857//2857 2849//2849
f 2849//2849 2857//2857 2842//2842
f 2857//2857 2851//2851 2842//2842
f 2851//2851 2858//2858 2852//2852
f 2857//2857 2858//2858 2851//2851
f 2852//2852 2858//2858 2853//2853
f 2853//2853 2858//2858 2854//2854
f 2854//2854 2858//2858 2855//2855
f 2855//2855 2858//2858 2856//2856
f 2856//2856 2858//2858 2857//2857
f 2851//2851 2852//2852 2858//2858
f 2852//2852 2853//2853 2858//2858
f 2853//2853 2854//2854 2858//2858
f 2854//2854 2855//2855 2858//2858
f 2855//2855 2856//2856 2858//2858
f 2856//2856 2857//2857 2858//2858
f 2857//2857 2851//2851 2858//2858
f 2851//2851 2859//2859 2852//2852
f 2859//2859 2860//2860 2852//2852
f 2852//2852 2860//2860 2853//2853
f 2860//2860 2861//2861 2853//2853
f 2861//2861 2862//2862 2853//2853
f 2853//2853 2862//2862 2854//2854
f 2862//2862 2863//2863 2854//2854
f 2854//2854 2863//2863 2855//2855
f 2855//2855 2863//2863 2856//2856
f 2863//2863 2864//2864 2856//2856
f 2864//2864 2865//2865 2856//2856
f 2856//2856 2865//2865 2857//2857
f 2857//2857 2865//2865 2851//2851
f 2865//2865 2859//2859 2851//2851
f 2865//2865 2866//2866 2859//2859
f 2859//2859 2866//2866 2860//2860
f 2860//2860 2866//2866 2861//2861
f 2861//2861 2866//2866 2862//2862
f 2862//2862 2866//2866 2863//2863
f 2863//2863 2866//2866 2864//2864
f 2864//2864 2866//2866 2865//2865
f 2859//2859 2861//2861 2866//2866
f 2861//2861 2862//2862 2866//2866
f 2862//2862 2863//2863 2866//2866
f 2863//2863 2864//2864 2866//2866
f 2864//2864 2865//2865 2866//2866
f 2865//2865 2859//2859 2866//2866
f 2865//2865 2867//2867 2859//2859
f 2867//2867 2868//2868 2859//2859
f 2859//2859 2868//2868 2861//2861
f 2868//2868 2869//2869 2861//2861
f 2861//2861 2869//2869 2862//2862
f 2869//2869 2870//2870 2862//2862
f 2862//2862 2870//2870 2863//2863
f 2863//2863 2870//2870 2864//2864
f 2870//2870 2871//2871 2864//2864
f 2871//2871 2872//2872 2864//2864
f 2864//2864 2872//2872 2865//2865
f 2872//2872 2867//2867 2865//2865
f 2872//2872 2873//2873 2867//2867
f 2867//2867 2873//2873 2868//2868
f 2868//2868 2873//2873 2869//2869
f 2869//2869 2873//2873 2870//2870
f 2870//2870 2873//2873 2871//2871
f 2871//2871 2873//2873 2872//2872
f 2867//2867 2868//2868 2873//2873
f 2868//2868 2869//2869 2873//2873
f 2869//2869 2870//2870 2873//2873
f 2870//2870 2871//2871 2873//2873
f 2871//2871 2872//2872 2873//2873
f 2872//2872 2867//2867 2873//2873
f 2872//2872 2874//2874 2867//2867
f 2874//2874 2875//2875 2867//2867
f 2867//2867 2875//2875 2868//2868
f 2875//2875 2876//2876 2868//2868
f 2868//2868 2876//2876 2869//2869
f 2876//2876 2877//2877 2869//2869
f 2869//2869 2877//2877 2870//2870
f 2870//2870 2877//2877 2871//2871
f 2877//2877 2878//2878 2871//2871
f 2878//2878 2879//2879 2871//2871
f 2871//2871 2879//2879 2872//2872
f 2879//2879 2874//2874 2872//2872
f 2879//2879 2880//2880 2874//2874
f 2874//2874 2880//2880 2875//2875
f 2875//2875 2880//2880 2876//2876
f 2876//2876 2880//2880 2877//2877
f 2877//2877 2880//2880 2878//2878
f 2878//2878 2880//2880 2879//2879
f 2874//2874 2875//2875 2880//2880
f 2875//2875 2876//2876 2880//2880
f 2876//2876 2877//2877 2880//2880
f 2877//2877 2878//2878 2880//2880
f 2878//2878 2879//2879 2880//2880
f 2879//2879 2874//2874 2880//2880
f 2879//2879 2881//2881 2874//2874
f 2881//2881 2882//2882 2874//2874
f 2874//2874 2882//2882 2875//2875
f 2882//2882 2883//2883 2875//2875
f 2875//2875 2883//2883 2876//2876
f 2883//2883 2884//2884 2876//2876
f 2876//2876 2884//2884 2877//2877
f 2884//2884 2885//2885 2877//2877
f 2877//2877 2885//2885 2878//2878
f 2885//2885 2886//2886 2878//2878
f 2878//2878 2886//2886 2879//2879
f 2886//2886 2881//2881 2879//2879
f 2886//2886 2887//2887 2881//2881
f 2881//2881 2887//2887 2882//2882
f 2882//2882 2887//2887 2883//2883
f 2883//2883 2887//2887 2884//2884
f 2884//2884 2887//2887 2885//2885
f 2885//2885 2887//2887 2886//2886
f 2881//2881 2888//2888 2887//2887
f 2888//2888 2882//2882 2887//2887
f 2882//2882 2883//2883 2887//2887
f 2883//2883 2884//2884 2887//2887
f 2884//2884 2885//2885 2887//2887
f 2885//2885 2886//2886 2887//2887
f 2886//2886 2881//2881 2887//2887
f 2881//2881 2889//2889 2888//2888
f 2886//2886 2889//2889 2881//2881
f 2889//2889 2890//2890 2888//2888
f 2888//2888 2890//2890 2882//2882
f 2890//2890 2891//2891 2882//2882
f 2882//2882 2891//2891 2883//2883
f 2891//2891 2892//2892 2883//2883
f 2892//2892 2893//2893 2883//2883
f 2883//2883 2893//2893 2884//2884
f 2884//2884 2893//2893 2885//2885
f 2893//2893 2894//2894 2885//2885
f 2894//2894 2895//2895 2885//2885
f 2885//2885 2895//2895 2886//2886
f 2895//2895 2889//2889 2886//2886
f 2895//2895 2896//2896 2889//2889
f 2889//2889 2896//2896 2890//2890
f 2890//2890 2896//2896 2891//2891
f 2891//2891 2896//2896 2892//2892
f 2892//2892 2896//2896 2893//2893
f 2893//2893 2896//2896 2894//2894
f 2894//2894 2896//2896 2895//2895
f 2889//2889 2890//2890 2896//2896
f 2890//2890 2891//2891 2896//2896
f 2891//2891 2892//2892 2896//2896
f 2892//2892 2893//2893 2896//2896
f 2893//2893 2894//2894 2896//2896
f 2894//2894 2895//2895 2896//2896
f 2895//2895 2889//2889 2896//2896
f 2897//2897 2898//2898 2889//2889
f 2889//2889 2898//2898 2890//2890
f 2895//2895 2897//2897 2889//2889
f 2898//2898 2899//2899 2890//2890
f 2890//2890 2899//2899 2891//2891
f 2891//2891 2899//2899 2892//2892
f 2899//2899 2900//2900 2892//2892
f 2900//2900 2901//2901 2892//2892
f 2892//2892 2901//2901 2893//2893
f 2893//2893 2901//2901 2894//2894
f 2901//2901 2902//2902 2894//2894
f 2902//2902 2903//2903 2894//2894
f 2894//2894 2903//2903 2895//2895
f 2903//2903 2897//2897 2895//2895
f 2897//2897 2904//2904 2898//2898
f 2903//2903 2904//2904 2897//2897
f 2898//2898 2904//2904 2899//2899
f 2899//2899 2904//2904 2900//2900
f 2900//2900 2904//2904 2901//2901
f 2901//2901 2904//2904 2902//2902
f 2902//2902 2904//2904 2903//2903
f 2897//2897 2898//2898 2904//2904
f 2898//2898 2905//2905 2904//2904
f 2905//2905 2899//2899 2904//2904
f 2899//2899 2900//2900 2904//2904
f 2900//2900 2901//2901 2904//2904
f 2901//2901 2902//2902 2904//2904
f 2902//2902 2903//2903 2904//2904
f 2903//2903 2897//2897 2904//2904
f 2906//2906 2907//2907 2897//2897
f 2897//2897 2907//2907 2898//2898
f 2907//2907 2908//2908 2898//2898
f 2898//2898 2908//2908 2905//2905
f 2905//2905 2908//2908 2899//2899
f 2908//2908 2909//2909 2899//2899
f 2899//2899 2909//2909 2900//2900
f 2909//2909 2910//2910 2900//2900
f 2900//2900 2910//2910 2901//2901
f 2910//2910 2911//2911 2901//2901
f 2901//2901 2911//2911 2902//2902
f 2911//2911 2912//2912 2902//2902
f 2902//2902 2912//2912 2903//2903
f 2912//2912 2906//2906 2903//2903
f 2903//2903 2906//2906 2897//2897
f 2906//2906 2913//2913 2907//2907
f 2907//2907 2913//2913 2908//2908
f 2908//2908 2913//2913 2909//2909
f 2909//2909 2913//2913 2910//2910
f 2910//2910 2913//2913 2911//2911
f 2911//2911 2913//2913 2912//2912
f 2912//2912 2913//2913 2906//2906
f 2907//2907 2908//2908 2913//2913
f 2908//2908 2909//2909 2913//2913
f 2909//2909 2910//2910 2913//2913
f 2910//2910 2911//2911 2913//2913
f 2911//2911 2912//2912 2913//2913
f 2912//2912 2906//2906 2913//2913
f 2906//2906 2907//2907 2913//2913
f 2906//2906 2914//2914 2907//2907
f 2914//2914 2915//2915 2907//2907
f 2907//2907 2915//2915 2908//2908
f 2908//2908 2915//2915 2909//2909
f 2915//2915 2916//2916 2909//2909
f 2916//2916 2917//2917 2909//2909
f 2909//2909 2917//2917 2910//2910
f 2910//2910 2917//2917 2911//2911
f 2917//2917 2918//2918 2911//2911
f 2918//2918 2919//2919 2911//2911
f 2911//2911 2919//2919 2912//2912
f 2919//2919 2920//2920 2912//2912
f 2912//2912 2920//2920 2906//2906
f 2920//2920 2914//2914 2906//2906
f 2920//2920 2921//2921 2914//2914
f 2914//2914 2921//2921 2915//2915
f 2915//2915 2921//2921 2916//2916
f 2916//2916 2921//2921 2917//2917
f 2917//2917 2921//2921 2918//2918
f 2918//2918 2921//2921 2919//2919
f 2919//2919 2921//2921 2920//2920
f 2914//2914 2922//2922 2921//2921
f 2922//2922 2915//2915 2921//2921
f 2915//2915 2916//2916 2921//2921
f 2916//2916 2917//2917 2921//2921
f 2917//2917 2918//2918 2921//2921
f 2918//2918 2919//2919 2921//2921
f 2919//2919 2920//2920 2921//2921
f 2920//2920 2914//2914 2921//2921
f 2914//2914 2923//2923 2922//2922
f 2920//2920 2923//2923 2914//2914
f 2923//2923 2924//2924 2922//2922
f 2922//2922 2924//2924 2915//2915
f 2915//2915 2924//2924 2916//2916
f 2924//2924 2925//2925 2916//2916
f 2925//2925 2926//2926 2916//2916
f 2916//2916 2926//2926 2917//2917
f 2917//2917 2926//2926 2918//2918
f 2926//2926 2927//2927 2918//2918
f 2927//2927 2928//2928 2918//2918
f 2918//2918 2928//2928 2919//2919
f 2919//2919 2928//2928 2920//2920
f 2928//2928 2929//2929 2920//2920
f 2929//2929 2923//2923 2920//2920
f 2929//2929 2930//2930 2923//2923
f 2923//2923 2930//2930 2924//2924
f 2924//2924 2930//2930 2925//2925
f 2925//2925 2930//2930 2926//2926
f 2926//2926 2930//2930 2927//2927
f 2927//2927 2930//2930 2928//2928
f 2928//2928 2930//2930 2929//2929
f 2923//2923 2931//2931 2930//2930
f 2931//2931 2924//2924 2930//2930
f 2924//2924 2925//2925 2930//2930
f 2925//2925 2926//2926 2930//2930
f 2926//2926 2927//2927 2930//2930
f 2927//2927 2928//2928 2930//2930
f 2928//2928 2929//2929 2930//2930
f 2929//2929 2923//2923 2930//2930
f 2932//2932 2933//2933 2923//2923
f 2923//2923 2933//2933 2931//2931
f 2929//2929 2932//2932 2923//2923
f 2933//2933 2934//2934 2931//2931
f 2931//2931 2934//2934 2924//2924
f 2934//2934 2935//2935 2924//2924
f 2924//2924 2935//2935 2925//2925
f 2935//2935 2936//2936 2925//2925
f 2925//2925 2936//2936 2926//2926
f 2936//2936 2937//2937 2926//2926
f 2926//2926 2937//2937 2927//2927
f 2937//2937 2938//2938 2927//2927
f 2927//2927 2938//2938 2928//2928
f 2938//2938 2939//2939 2928//2928
f 2928//2928 2939//2939 2929//2929
f 2939//2939 2932//2932 2929//2929
f 2932//2932 2940//2940 2933//2933
f 2939//2939 2940//2940 2932//2932
f 2933//2933 2940//2940 2934//2934
f 2934//2934 2940//2940 2935//2935
f 2935//2935 2940//2940 2936//2936
f 2936//2936 2940//2940 2937//2937
f 2937//2937 2940//2940 2938//2938
f 2938//2938 2940//2940 2939//2939
f 2932//2932 2934//2934 2940//2940
f 2934//2934 2935//2935 2940//2940
f 2935//2935 2936//2936 2940//2940
f 2936//2936 2937//2937 2940//2940
f 2937//2937 2938//2938 2940//2940
f 2938//2938 2939//2939 2940//2940
f 2939//2939 2932//2932 2940//2940
f 2941//2941 2942//2942 2932//2932
f 2932//2932 2942//2942 2934//2934
f 2942//2942 2943//2943 2934//2934
f 2934//2934 2943//2943 2935//2935
f 2943//2943 2944//2944 2935//2935
f 2935//2935 2944//2944 2936//2936
f 2944//2944 2945//2945 2936//2936
f 2936//2936 2945//2945 2937//2937
f 2945//2945 2946//2946 2937//2937
f 2937//2937 2946//2946 2938//2938
f 2946//2946 2947//2947 2938//2938
f 2938//2938 2947//2947 2939//2939
f 2947//2947 2941//2941 2939//2939
f 2939//2939 2941//2941 2932//2932
f 2941//2941 2948//2948 2942//2942
f 2942//2942 2948//2948 2943//2943
f 2943//2943 2948//2948 2944//2944
f 2944//2944 2948//2948 2945//2945
f 2945//2945 2948//2948 2946//2946
f 2946//2946 2948//2948 2947//2947
f 2947//2947 2948//2948 2941//2941
f 2949//2949 2942//2942 2948//2948
f 2942//2942 2943//2943 2948//2948
f 2943//2943 2944//2944 2948//2948
f 2944//2944 2945//2945 2948//2948
f 2945//2945 2946//2946 2948//2948
f 2946//2946 2947//2947 2948//2948
f 2947//2947 2941//2941 2948//2948
f 2941//2941 2949//2949 2948//2948
f 2950//2950 2951//2951 2949//2949
f 2949//2949 2951//2951 2942//2942
f 2941//2941 2950//2950 2949//2949
f 2951//2951 2952//2952 2942//2942
f 2942//2942 2952//2952 2943//2943
f 2952//2952 2953//2953 2943//2943
f 2943//2943 2953//2953 2944//2944
f 2953//2953 2954//2954 2944//2944
f 2944//2944 2954//2954 2945//2945
f 2954//2954 2955//2955 2945//2945
f 2945//2945 2955//2955 2946//2946
f 2955//2955 2956//2956 2946//2946
f 2946//2946 2956//2956 2947//2947
f 2956//2956 2957//2957 2947//2947
f 2947//2947 2957//2957 2941//2941
f 2957//2957 2950//2950 2941//2941
f 2950//2950 2958//2958 2951//2951
f 2957//2957 2958//2958 2950//2950
f 2951//2951 2958//2958 2952//2952
f 2952//2952 2958//2958 2953//2953
f 2953//2953 2958//2958 2954//2954
f 2954//2954 2958//2958 2955//2955
f 2955//2955 2958//2958 2956//2956
f 2956//2956 2958//2958 2957//2957
f 2951//2951 2952//2952 2958//2958
f 2952//2952 2953//2953 2958//2958
f 2953//2953 2954//2954 2958//2958
f 2954//2954 2955//2955 2958//2958
f 2955//2955 2956//2956 2958//2958
f 2956//2956 2957//2957 2958//2958
f 2957//2957 2951//2951 2958//2958
f 2959//2959 2960//2960 2951//2951
f 2957//2957 2959//2959 2951//2951
f 2960//2960 2961//2961 2951//2951
f 2951//2951 2961//2961 2952//2952
f 2952//2952 2961//2961 2953//2953
f 2961//2961 2962//2962 2953//2953
f 2962//2962 2963//2963 2953//2953
f 2953//2953 2963//2963 2954//2954
f 2954//2954 2963//2963 2955//2955
f 2963//2963 2964//2964 2955//2955
f 2964//2964 2965//2965 2955//2955
f 2955//2955 2965//2965 2956//2956
f 2956//2956 2965//2965 2957//2957
f 2965//2965 2966//2966 2957//2957
f 2966//2966 2959//2959 2957//2957
f 2959//2959 2967//2967 2960//2960
f 2966//2966 2967//2967 2959//2959
f 2960//2960 2967//2967 2961//2961
f 2961//2961 2967//2967 2962//2962
f 2962//2962 2967//2967 2963//2963
f 2963//2963 2967//2967 2964//2964
f 2964//2964 2967//2967 2965//2965
f 2965//2965 2967//2967 2966//2966
f 2960//2960 2961//2961 2967//2967
f 2961//2961 2962//2962 2967//2967
f 2962//2962 2963//2963 2967//2967
f 2963//2963 2964//2964 2967//2967
f 2964//2964 2965//2965 2967//2967
f 2965//2965 2966//2966 2967//2967
f 2966//2966 2960//2960 2967//2967
f 2968//2968 2969//2969 2960//2960
f 2966//2966 2968//2968 2960//2960
f 2960//2960 2969//2969 2961//2961
f 2969//2969 2970//2970 2961//2961
f 2961//2961 2970//2970 2962//2962
f 2970//2970 2971//2971 2962//2962
f 2962//2962 2971//2971 2963//2963
f 2971//2971 2972//2972 2963//2963
f 2963//2963 2972//2972 2964//2964
f 2972//2972 2973//2973 2964//2964
f 2964//2964 2973//2973 2965//2965
f 2973//2973 2974//2974 2965//2965
f 2965//2965 2974//2974 2966//2966
f 2974//2974 2975//2975 2966//2966
f 2975//2975 2968//2968 2966//2966
f 2968//2968 2976//2976 2969//2969
f 2975//2975 2976//2976 2968//2968
f 2969//2969 2976//2976 2970//2970
f 2970//2970 2976//2976 2971//2971
f 2971//2971 2976//2976 2972//2972
f 2972//2972 2976//2976 2973//2973
f 2973//2973 2976//2976 2974//2974
f 2974//2974 2976//2976 2975//2975
f 2968//2968 2969//2969 2976//2976
f 2969//2969 2970//2970 2976//2976
f 2970//2970 2971//2971 2976//2976
f 2971//2971 2972//2972 2976//2976
f 2972//2972 2973//2973 2976//2976
f 2973//2973 2974//2974 2976//2976
f 2974//2974 2968//2968 2976//2976
f 2977//2977 2978//2978 2968//2968
f 2968//2968 2978//2978 2969//2969
f 2969//2969 2978//2978 2970//2970
f 2978//2978 2979//2979 2970//2970
f 2979//2979 2980//2980 2970//2970
f 2970//2970 2980//2980 2971//2971
f 2971//2971 2980//2980 2972//2972
f 2980//2980 2981//2981 2972//2972
f 2981//2981 2982//2982 2972//2972
f 2972//2972 2982//2982 2973//2973
f 2973//2973 2982//2982 2974//2974
f 2982//2982 2983//2983 2974//2974
f 2983//2983 2984//2984 2974//2974
f 2974//2974 2984//2984 2968//2968
f 2984//2984 2977//2977 2968//2968
f 2977//2977 2985//2985 2978//2978
f 2984//2984 2985//2985 2977//2977
f 2978//2978 2985//2985 2979//2979
f 2979//2979 2985//2985 2980//2980
f 2980//2980 2985//2985 2981//2981
f 2981//2981 2985//2985 2982//2982
f 2982//2982 2985//2985 2983//2983
f 2983//2983 2985//2985 2984//2984
f 2977//2977 2978//2978 2985//2985
f 2978//2978 2979//2979 2985//2985
f 2979//2979 2980//2980 2985//2985
f 2980//2980 2981//2981 2985//2985
f 2981//2981 2982//2982 2985//2985
f 2982//2982 2983//2983 2985//2985
f 2983//2983 2977//2977 2985//2985
f 2977//2977 2986//2986 2978//2978
f 2986//2986 2987//2987 2978//2978
f 2978//2978 2987//2987 2979//2979
f 2987//2987 2988//2988 2979//2979
f 2979//2979 2988//2988 2980//2980
f 2988//2988 2989//2989 2980//2980
f 2980//2980 2989//2989 2981//2981
f 2989//2989 2990//2990 2981//2981
f 2981//2981 2990//2990 2982//2982
f 2990//2990 2991//2991 2982//2982
f 2982//2982 2991//2991 2983//2983
f 2991//2991 2992//2992 2983//2983
f 2983//2983 2992//2992 2977//2977
f 2992//2992 2986//2986 2977//2977
f 2992//2992 2993//2993 2986//2986
f 2986//2986 2993//2993 2987//2987
f 2987//2987 2993//2993 2988//2988
f 2988//2988 2993//2993 2989//2989
f 2989//2989 2993//2993 2990//2990
f 2990//2990 2993//2993 2991//2991
f 2991//2991 2993//2993 2992//2992
f 2986//2986 2987//2987 2993//2993
f 2987//2987 2988//2988 2993//2993
f 2988//2988 2989//2989 2993//2993
f 2989//2989 2990//2990 2993//2993
f 2990//2990 2991//2991 2993//2993
f 2991//2991 2992//2992 2993//2993
f 2992//2992 2986//2986 2993//2993
f 2986//2986 2994//2994 2987//2987
f 2992//2992 2994//2994 2986//2986
f 2994//2994 2995//2995 2987//2987
f 2995//2995 2996//2996 2987//2987
f 2987//2987 2996//2996 2988//2988
f 2988//2988 2996//2996 2989//2989
f 2996//2996 2997//2997 2989//2989
f 2989//2989 2997//2997 2990//2990
f 2997//2997 2998//2998 2990//2990
f 2998//2998 2999//2999 2990//2990
f 2990//2990 2999//2999 2991//2991
f 2991//2991 2999//2999 2992//2992
f 2999//2999 3000//3000 2992//2992
f 3000//3000 2994//2994 2992//2992
f 3000//3000 3001//3001 2994//2994
f 2994//2994 3001//3001 2995//2995
f 2995//2995 3001//3001 2996//2996
f 2996//2996 3001//3001 2997//2997
f 2997//2997 3001//3001 2998//2998
f 2998//2998 3001//3001 2999//2999
f 2999//2999 3001//3001 3000//3000
f 2994//2994 2995//2995 3001//3001
f 2995//2995 2996//2996 3001//3001
f 2996//2996 2997//2997 3001//3001
f 2997//2997 2998//2998 3001//3001
f 2998//2998 2999//2999 3001//3001
f 2999//2999 3000//3000 3001//3001
f 3000//3000 2994//2994 3001//3001
f 3002//3002 3003//3003 2994//2994
f 2994//2994 3003//3003 2995//2995
f 3000//3000 3002//3002 2994//2994
f 3003//3003 3004//3004 2995//2995
f 2995//2995 3004//3004 2996//2996
f 3004//3004 3005//3005 2996//2996
f 2996//2996 3005//3005 2997//2997
f 3005//3005 3006//3006 2997//2997
f 2997//2997 3006//3006 2998//2998
f 3006//3006 3007//3007 2998//2998
f 3007//3007 3008//3008 2998//2998
f 2998//2998 3008//3008 2999//2999
f 2999//2999 3008//3008 3000//3000
f 3008//3008 3002//3002 3000//3000
f 3002//3002 3009//3009 3003//3003
f 3003//3003 3009//3009 3004//3004
f 3004//3004 3009//3009 3005//3005
f 3005//3005 3009//3009 3006//3006
f 3006//3006 3009//3009 3007//3007
f 3007//3007 3009//3009 3008//3008
f 3008//3008 3009//3009 3002//3002
f 3003//3003 3004//3004 3009//3009
f 3004//3004 3005//3005 3009//3009
f 3005//3005 3006//3006 3009//3009
f 3006//3006 3008//3008 3009//3009
f 3008//3008 3002//3002 3009//3009
f 3002//3002 3003//3003 3009//3009
f 3002//3002 3010//3010 3003//3003
f 3010//3010 3011//3011 3003//3003
f 3003//3003 3011//3011 3004//3004
f 3011//3011 3012//3012 3004//3004
f 3004//3004 3012//3012 3005//3005
f 3012//3012 3013//3013 3005//3005
f 3005//3005 3013//3013 3006//3006
f 3013//3013 3014//3014 3006//3006
f 3006//3006 3014//3014 3008//3008
f 3014//3014 3015//3015 3008//3008
f 3008//3008 3015//3015 3002//3002
f 3015//3015 3010//3010 3002//3002
f 3015//3015 3016//3016 3010//3010
f 3010//3010 3016//3016 3011//3011
f 3011//3011 3016//3016 3012//3012
f 3012//3012 3016//3016 3013//3013
f 3013//3013 3016//3016 3014//3014
f 3014//3014 3016//3016 3015//3015
f 3010//3010 3011//3011 3016//3016
f 3011//3011 3012//3012 3016//3016
f 3012//3012 3013//3013 3016//3016
f 3013//3013 3014//3014 3016//3016
f 3014//3014 3015//3015 3016//3016
f 3015//3015 3010//3010 3016//3016
f 3017//3017 3018//3018 3010//3010
f 3010//3010 3018//3018 3011//3011
f 3018//3018 3019//3019 3011//3011
f 3011//3011 3019//3019 3012//3012
f 3019//3019 3020//3020 3012//3012
f 3012//3012 3020//3020 3013//3013
f 3020//3020 3021//3021 3013//3013
f 3013//3013 3021//3021 3014//3014
f 3021//3021 3022//3022 3014//3014
f 3014//3014 3022//3022 3015//3015
f 3022//3022 3017//3017 3015//3015
f 3015//3015 3017//3017 3010//3010
f 3017//3017 3023//3023 3018//3018
f 3018//3018 3023//3023 3019//3019
f 3019//3019 3023//3023 3020//3020
f 3020//3020 3023//3023 3021//3021
f 3021//3021 3023//3023 3022//3022
f 3022//3022 3023//3023 3017//3017
f 3017//3017 3018//3018 3023//3023
f 3018//3018 3019//3019 3023//3023
f 3019//3019 3020//3020 3023//3023
f 3020//3020 3024//3024 3023//3023
f 3024//3024 3021//3021 3023//3023
f 3021//3021 3022//3022 3023//3023
f 3022//3022 3017//3017 3023//3023
f 3017//3017 3025//3025 3018//3018
f 3025//3025 3026//3026 3018//3018
f 3018//3018 3026//3026 3019//3019
f 3026//3026 3027//3027 3019//3019
f 3019//3019 3027//3027 3020//3020
f 3027//3027 3028//3028 3020//3020
f 3020//3020 3028//3028 3024//3024
f 3028//3028 3029//3029 3024//3024
f 3024//3024 3029//3029 3021//3021
f 3029//3029 3030//3030 3021//3021
f 3021//3021 3030//3030 3022//3022
f 3030//3030 3031//3031 3022//3022
f 3022//3022 3031//3031 3017//3017
f 3031//3031 3025//3025 3017//3017
f 3031//3031 3032//3032 3025//3025
f 3025//3025 3032//3032 3026//3026
f 3026//3026 3032//3032 3027//3027
f 3027//3027 3032//3032 3028//3028
f 3028//3028 3032//3032 3029//3029
f 3029//3029 3032//3032 3030//3030
f 3030//3030 3032//3032 3031//3031
f 3025//3025 3026//3026 3032//3032
f 3026//3026 3027//3027 3032//3032
f 3027//3027 3033//3033 3032//3032
f 3033//3033 3028//3028 3032//3032
f 3028//3028 3029//3029 3032//3032
f 3029//3029 3030//3030 3032//3032
f 3030//3030 3031//3031 3032//3032
f 3031//3031 3025//3025 3032//3032
f 3025//3025 3034//3034 3026//3026
f 3031//3031 3034//3034 3025//3025
f 3034//3034 3035//3035 3026//3026
f 3035//3035 3036//3036 3026//3026
f 3026//3026 3036//3036 3027//3027
f 3027//3027 3036//3036 3033//3033
f 3036//3036 3037//3037 3033//3033
f 3033//3033 3037//3037 3028//3028
f 3028//3028 3037//3037 3029//3029
f 3037//3037 3038//3038 3029//3029
f 3038//3038 3039//3039 3029//3029
f 3029//3029 3039//3039 3030//3030
f 3030//3030 3039//3039 3031//3031
f 3039//3039 3040//3040 3031//3031
f 3040//3040 3034//3034 3031//3031
f 3040//3040 3041//3041 3034//3034
f 3034//3034 3041//3041 3035//3035
f 3035//3035 3041//3041 3036//3036
f 3036//3036 3041//3041 3037//3037
f 3037//3037 3041//3041 3038//3038
f 3038//3038 3041//3041 3039//3039
f 3039//3039 3041//3041 3040//3040
f 3034//3034 3035//3035 3041//3041
f 3035//3035 3036//3036 3041//3041
f 3036//3036 3042//3042 3041//3041
f 3042//3042 3037//3037 3041//3041
f 3037//3037 3038//3038 3041//3041
f 3038//3038 3039//3039 3041//3041
f 3039//3039 3040//3040 3041//3041
f 3040//3040 3034//3034 3041//3041
f 3043//3043 3044//3044 3034//3034
f 3034//3034 3044//3044 3035//3035
f 3040//3040 3043//3043 3034//3034
f 3044//3044 3045//3045 3035//3035
f 3035//3035 3045//3045 3036//3036
f 3045//3045 3046//3046 3036//3036
f 3036//3036 3046//3046 3042//3042
f 3042//3042 3046//3046 3037//3037
f 3046//3046 3047//3047 3037//3037
f 3037//3037 3047//3047 3038//3038
f 3047//3047 3048//3048 3038//3038
f 3038//3038 3048//3048 3039//3039
f 3048//3048 3049//3049 3039//3039
f 3039//3039 3049//3049 3040//3040
f 3049//3049 3043//3043 3040//3040
f 3043//3043 3050//3050 3044//3044
f 3044//3044 3050//3050 3045//3045
f 3045//3045 3050//3050 3046//3046
f 3046//3046 3050//3050 3047//3047
f 3047//3047 3050//3050 3048//3048
f 3048//3048 3050//3050 3049//3049
f 3049//3049 3050//3050 3043//3043
f 3044//3044 3045//3045 3050//3050
f 3045//3045 3051//3051 3050//3050
f 3051//3051 3046//3046 3050//3050
f 3046//3046 3047//3047 3050//3050
f 3047//3047 3048//3048 3050//3050
f 3048//3048 3049//3049 3050//3050
f 3049//3049 3043//3043 3050//3050
f 3043//3043 3044//3044 3050//3050
f 3052//3052 3053//3053 3044//3044
f 3043//3043 3052//3052 3044//3044
f 3053//3053 3054//3054 3044//3044
f 3044//3044 3054//3054 3045//3045
f 3045//3045 3054//3054 3051//3051
f 3054//3054 3055//3055 3051//3051
f 3051//3051 3055//3055 3046//3046
f 3046//3046 3055//3055 3047//3047
f 3055//3055 3056//3056 3047//3047
f 3056//3056 3057//3057 3047//3047
f 3047//3047 3057//3057 3048//3048
f 3048//3048 3057//3057 3049//3049
f 3057//3057 3058//3058 3049//3049
f 3058//3058 3052//3052 3049//3049
f 3049//3049 3052//3052 3043//3043
f 3052//3052 3059//3059 3053//3053
f 3053//3053 3059//3059 3054//3054
f 3054//3054 3059//3059 3055//3055
f 3055//3055 3059//3059 3056//3056
f 3056//3056 3059//3059 3057//3057
f 3057//3057 3059//3059 3058//3058
f 3058//3058 3059//3059 3052//3052
f 3053//3053 3054//3054 3059//3059
f 3054//3054 3060//3060 3059//3059
f 3060//3060 3055//3055 3059//3059
f 3055//3055 3056//3056 3059//3059
f 3056//3056 3057//3057 3059//3059
f 3057//3057 3058//3058 3059//3059
f 3058//3058 3052//3052 3059//3059
f 3052//3052 3053//3053 3059//3059
f 3061//3061 3062//3062 3053//3053
f 3052//3052 3061//3061 3053//3053
f 3062//3062 3063//3063 3053//3053
f 3053//3053 3063//3063 3054//3054
f 3054//3054 3063//3063 3060//3060
f 3063//3063 3064//3064 3060//3060
f 3060//3060 3064//3064 3055//3055
f 3055//3055 3064//3064 3056//3056
f 3064//3064 3065//3065 3056//3056
f 3065//3065 3066//3066 3056//3056
f 3056//3056 3066//3066 3057//3057
f 3057//3057 3066//3066 3058//3058
f 3066//3066 3067//3067 3058//3058
f 3067//3067 3061//3061 3058//3058
f 3058//3058 3061//3061 3052//3052
f 3061//3061 3068//3068 3062//3062
f 3062//3062 3068//3068 3063//3063
f 3063//3063 3068//3068 3064//3064
f 3064//3064 3068//3068 3065//3065
f 3065//3065 3068//3068 3066//3066
f 3066//3066 3068//3068 3067//3067
f 3067//3067 3068//3068 3061//3061
f 3062//3062 3063//3063 3068//3068
f 3063//3063 3069//3069 3068//3068
f 3069//3069 3064//3064 3068//3068
f 3064//3064 3065//3065 3068//3068
f 3065//3065 3066//3066 3068//3068
f 3066//3066 3067//3067 3068//3068
f 3067//3067 3061//3061 3068//3068
f 3061//3061 3062//3062 3068//3068
f 3070//3070 3071//3071 3062//3062
f 3061//3061 3070//3070 3062//3062
f 3062//3062 3071//3071 3063//3063
f 3071//3071 3072//3072 3063//3063
f 3063//3063 3072//3072 3069//3069
f 3069//3069 3072//3072 3064//3064
f 3072//3072 3073//3073 3064//3064
f 3064//3064 3073//3073 3065//3065
f 3073//3073 3074//3074 3065//3065
f 3065//3065 3074//3074 3066//3066
f 3074//3074 3075//3075 3066//3066
f 3066//3066 3075//3075 3067//3067
f 3075//3075 3076//3076 3067//3067
f 3067//3067 3076//3076 3061//3061
f 3076//3076 3070//3070 3061//3061
f 3070//3070 3077//3077 3071//3071
f 3076//3076 3077//3077 3070//3070
f 3071//3071 3077//3077 3072//3072
f 3072//3072 3077//3077 3073//3073
f 3073//3073 3077//3077 3074//3074
f 3074//3074 3077//3077 3075//3075
f 3075//3075 3077//3077 3076//3076
f 3070//3070 3071//3071 3077//3077
f 3071//3071 3078//3078 3077//3077
f 3078//3078 3072//3072 3077//3077
f 3072//3072 3073//3073 3077//3077
f 3073//3073 3074//3074 3077//3077
f 3074//3074 3075//3075 3077//3077
f 3075//3075 3076//3076 3077//3077
f 3076//3076 3070//3070 3077//3077
f 3079//3079 3080//3080 3070//3070
f 3070//3070 3080//3080 3071//3071
f 3071//3071 3080//3080 3078//3078
f 3080//3080 3081//3081 3078//3078
f 3078//3078 3081//3081 3072//3072
f 3072//3072 3081//3081 3073//3073
f 3081//3081 3082//3082 3073//3073
f 3082//3082 3083//3083 3073//3073
f 3073//3073 3083//3083 3074//3074
f 3074//3074 3083//3083 3075//3075
f 3083//3083 3084//3084 3075//3075
f 3084//3084 3085//3085 3075//3075
f 3075//3075 3085//3085 3076//3076
f 3076//3076 3085//3085 3070//3070
f 3085//3085 3079//3079 3070//3070
f 3079//3079 3086//3086 3080//3080
f 3085//3085 3086//3086 3079//3079
f 3080//3080 3086//3086 3081//3081
f 3081//3081 3086//3086 3082//3082
f 3082//3082 3086//3086 3083//3083
f 3083//3083 3086//3086 3084//3084
f 3084//3084 3086//3086 3085//3085
f 3079//3079 3080//3080 3086//3086
f 3080//3080 3087//3087 3086//3086
f 3087//3087 3081//3081 3086//3086
f 3081//3081 3082//3082 3086//3086
f 3082//3082 3083//3083 3086//3086
f 3083//3083 3084//3084 3086//3086
f 3084//3084 3085//3085 3086//3086
f 3085//3085 3079//3079 3086//3086
f 3088//3088 3089//3089 3079//3079
f 3079//3079 3089//3089 3080//3080
f 3089//3089 3090//3090 3080//3080
f 3080//3080 3090//3090 3087//3087
f 3090//3090 3091//3091 3087//3087
f 3087//3087 3091//3091 3081//3081
f 3091//3091 3092//3092 3081//3081
f 3081//3081 3092//3092 3082//3082
f 3092//3092 3093//3093 3082//3082
f 3082//3082 3093//3093 3083//3083
f 3093//3093 3094//3094 3083//3083
f 3083//3083 3094//3094 3084//3084
f 3094//3094 3095//3095 3084//3084
f 3084//3084 3095//3095 3085//3085
f 3095//3095 3088//3088 3085//3085
f 3085//3085 3088//3088 3079//3079
f 3088//3088 3096//3096 3089//3089
f 3089//3089 3096//3096 3090//3090
f 3090//3090 3096//3096 3091//3091
f 3091//3091 3096//3096 3092//3092
f 3092//3092 3096//3096 3093//3093
f 3093//3093 3096//3096 3094//3094
f 3094//3094 3096//3096 3095//3095
f 3095//3095 3096//3096 3088//3088
f 3089//3089 3091//3091 3096//3096
f 3091//3091 3092//3092 3096//3096
f 3092//3092 3093//3093 3096//3096
f 3093//3093 3094//3094 3096//3096
f 3094//3094 3095//3095 3096//3096
f 3095//3095 3088//3088 3096//3096
f 3088//3088 3089//3089 3096//3096
f 3097//3097 3098//3098 3089//3089
f 3088//3088 3097//3097 3089//3089
f 3098//3098 3099//3099 3089//3089
f 3089//3089 3099//3099 3091//3091
f 3099//3099 3100//3100 3091//3091
f 3100//3100 3101//3101 3091//3091
f 3091//3091 3101//3101 3092//3092
f 3092//3092 3101//3101 3093//3093
f 3101//3101 3102//3102 3093//3093
f 3102//3102 3103//3103 3093//3093
f 3093//3093 3103//3103 3094//3094
f 3094//3094 3103//3103 3095//3095
f 3103//3103 3104//3104 3095//3095
f 3104//3104 3097//3097 3095//3095
f 3095//3095 3097//3097 3088//3088
f 3097//3097 3105//3105 3098//3098
f 3098//3098 3105//3105 3099//3099
f 3099//3099 3105//3105 3100//3100
f 3100//3100 3105//3105 3101//3101
f 3101//3101 3105//3105 3102//3102
f 3102//3102 3105//3105 3103//3103
f 3103//3103 3105//3105 3104//3104
f 3104//3104 3105//3105 3097//3097
f 3098//3098 3100//3100 3105//3105
f 3100//3100 3101//3101 3105//3105
f 3101//3101 3102//3102 3105//3105
f 3102//3102 3103//3103 3105//3105
f 3103//3103 3104//3104 3105//3105
f 3104//3104 3097//3097 3105//3105
f 3097//3097 3098//3098 3105//3105
f 3106//3106 3107//3107 3098//3098
f 3097//3097 3106//3106 3098//3098
f 3107//3107 3108//3108 3098//3098
f 3098//3098 3108//3108 3100//3100
f 3108//3108 3109//3109 3100//3100
f 3100//3100 3109//3109 3101//3101
f 3109//3109 3110//3110 3101//3101
f 3101//3101 3110//3110 3102//3102
f 3110//3110 3111//3111 3102//3102
f 3102//3102 3111//3111 3103//3103
f 3111//3111 3112//3112 3103//3103
f 3103//3103 3112//3112 3104//3104
f 3112//3112 3113//3113 3104//3104
f 3104//3104 3113//3113 3097//3097
f 3113//3113 3106//3106 3097//3097
f 3106//3106 3114//3114 3107//3107
f 3113//3113 3114//3114 3106//3106
f 3107//3107 3114//3114 3108//3108
f 3108//3108 3114//3114 3109//3109
f 3109//3109 3114//3114 3110//3110
f 3110//3110 3114//3114 3111//3111
f 3111//3111 3114//3114 3112//3112
f 3112//3112 3114//3114 3113//3113
f 3106//3106 3108//3108 3114//3114
f 3108//3108 3109//3109 3114//3114
f 3109//3109 3110//3110 3114//3114
f 3110//3110 3111//3111 3114//3114
f 3111//3111 3112//3112 3114//3114
f 3112//3112 3113//3113 3114//3114
f 3113//3113 3106//3106 3114//3114
f 3115//3115 3116//3116 3106//3106
f 3106//3106 3116//3116 3108//3108
f 3116//3116 3117//3117 3108//3108
f 3117//3117 3118//3118 3108//3108
f 3108//3108 3118//3118 3109//3109
f 3109//3109 3118//3118 3110//3110
f 3118//3118 3119//3119 3110//3110
f 3119//3119 3120//3120 3110//3110
f 3110//3110 3120//3120 3111//3111
f 3111//3111 3120//3120 3112//3112
f 3120//3120 3121//3121 3112//3112
f 3121//3121 3122//3122 3112//3112
f 3112//3112 3122//3122 3113//3113
f 3113//3113 3122//3122 3106//3106
f 3122//3122 3115//3115 3106//3106
f 3115//3115 3123//3123 3116//3116
f 3122//3122 3123//3123 3115//3115
f 3116//3116 3123//3123 3117//3117
f 3117//3117 3123//3123 3118//3118
f 3118//3118 3123//3123 3119//3119
f 3119//3119 3123//3123 3120//3120
f 3120//3120 3123//3123 3121//3121
f 3121//3121 3123//3123 3122//3122
f 3115//3115 3117//3117 3123//3123
f 3117//3117 3118//3118 3123//3123
f 3118//3118 3119//3119 3123//3123
f 3119//3119 3120//3120 3123//3123
f 3120//3120 3121//3121 3123//3123
f 3121//3121 3122//3122 3123//3123
f 3122//3122 3115//3115 3123//3123
f 3124//3124 3125//3125 3115//3115
f 3115//3115 3125//3125 3117//3117
f 3125//3125 3126//3126 3117//3117
f 3117//3117 3126//3126 3118//3118
f 3126//3126 3127//3127 3118//3118
f 3118//3118 3127//3127 3119//3119
f 3127//3127 3128//3128 3119//3119
f 3119//3119 3128//3128 3120//3120
f 3120//3120 3128//3128 3121//3121
f 3128//3128 3129//3129 3121//3121
f 3129//3129 3130//3130 3121//3121
f 3121//3121 3130//3130 3122//3122
f 3122//3122 3130//3130 3115//3115
f 3130//3130 3124//3124 3115//3115
f 3124//3124 3131//3131 3125//3125
f 3130//3130 3131//3131 3124//3124
f 3125//3125 3131//3131 3126//3126
f 3126//3126 3131//3131 3127//3127
f 3127//3127 3131//3131 3128//3128
f 3128//3128 3131//3131 3129//3129
f 3129//3129 3131//3131 3130//3130
f 3124//3124 3125//3125 3131//3131
f 3125//3125 3126//3126 3131//3131
f 3126//3126 3127//3127 3131//3131
f 3127//3127 3128//3128 3131//3131
f 3128//3128 3129//3129 3131//3131
f 3129//3129 3130//3130 3131//3131
f 3130//3130 3124//3124 3131//3131
f 3124//3124 3132//3132 3125//3125
f 3132//3132 3133//3133 3125//3125
f 3125//3125 3133//3133 3126//3126
f 3133//3133 3134//3134 3126//3126
f 3134//3134 3135//3135 3126//3126
f 3126//3126 3135//3135 3127//3127
f 3135//3135 3136//3136 3127//3127
f 3127//3127 3136//3136 3128//3128
f 3128//3128 3136//3136 3129//3129
f 3136//3136 3137//3137 3129//3129
f 3137//3137 3138//3138 3129//3129
f 3129//3129 3138//3138 3130//3130
f 3130//3130 3138//3138 3124//3124
f 3138//3138 3132//3132 3124//3124
f 3138//3138 3139//3139 3132//3132
f 3132//3132 3139//3139 3133//3133
f 3133//3133 3139//3139 3134//3134
f 3134//3134 3139//3139 3135//3135
f 3135//3135 3139//3139 3136//3136
f 3136//3136 3139//3139 3137//3137
f 3137//3137 3139//3139 3138//3138
f 3132//3132 3134//3134 3139//3139
f 3134//3134 3135//3135 3139//3139
f 3135//3135 3136//3136 3139//3139
f 3136//3136 3137//3137 3139//3139
f 3137//3137 3138//3138 3139//3139
f 3138//3138 3132//3132 3139//3139
f 3138//3138 3140//3140 3132//3132
f 3140//3140 3141//3141 3132//3132
f 3132//3132 3141//3141 3134//3134
f 3141//3141 3142//3142 3134//3134
f 3134//3134 3142//3142 3135//3135
f 3142//3142 3143//3143 3135//3135
f 3135//3135 3143//3143 3136//3136
f 3136//3136 3143//3143 3137//3137
f 3143//3143 3144//3144 3137//3137
f 3144//3144 3145//3145 3137//3137
f 3137//3137 3145//3145 3138//3138
f 3145//3145 3140//3140 3138//3138
f 3145//3145 3146//3146 3140//3140
f 3140//3140 3146//3146 3141//3141
f 3141//3141 3146//3146 3142//3142
f 3142//3142 3146//3146 3143//3143
f 3143//3143 3146//3146 3144//3144
f 3144//3144 3146//3146 3145//3145
f 3140//3140 3141//3141 3146//3146
f 3141//3141 3142//3142 3146//3146
f 3142//3142 3143//3143 3146//3146
f 3143//3143 3144//3144 3146//3146
f 3144//3144 3145//3145 3146//3146
f 3145//3145 3140//3140 3146//3146
f 3147//3147 3148//3148 3140//3140
f 3145//3145 3147//3147 3140//3140
f 3140//3140 3148//3148 3141//3141
f 3148//3148 3149//3149 3141//3141
f 3141//3141 3149//3149 3142//3142
f 3149//3149 3150//3150 3142//3142
f 3142//3142 3150//3150 3143//3143
f 3150//3150 3151//3151 3143//3143
f 3143//3143 3151//3151 3144//3144
f 3151//3151 3152//3152 3144//3144
f 3144//3144 3152//3152 3145//3145
f 3152//3152 3147//3147 3145//3145
f 3147//3147 3153//3153 3148//3148
f 3148//3148 3153//3153 3149//3149
f 3149//3149 3153//3153 3150//3150
f 3150//3150 3153//3153 3151//3151
f 3151//3151 3153//3153 3152//3152
f 3152//3152 3153//3153 3147//3147
f 3147//3147 3148//3148 3153//3153
f 3148//3148 3149//3149 3153//3153
f 3149//3149 3150//3150 3153//3153
f 3150//3150 3151//3151 3153//3153
f 3151//3151 3152//3152 3153//3153
f 3152//3152 3147//3147 3153//3153
f 3147//3147 3154//3154 3148//3148
f 3154//3154 3155//3155 3148//3148
f 3148//3148 3155//3155 3149//3149
f 3155//3155 3156//3156 3149//3149
f 3149//3149 3156//3156 3150//3150
f 3156//3156 3157//3157 3150//3150
f 3150//3150 3157//3157 3151//3151
f 3157//3157 3158//3158 3151//3151
f 3151//3151 3158//3158 3152//3152
f 3158//3158 3159//3159 3152//3152
f 3152//3152 3159//3159 3147//3147
f 3159//3159 3154//3154 3147//3147
f 3159//3159 3160//3160 3154//3154
f 3154//3154 3160//3160 3155//3155
f 3155//3155 3160//3160 3156//3156
f 3156//3156 3160//3160 3157//3157
f 3157//3157 3160//3160 3158//3158
f 3158//3158 3160//3160 3159//3159
f 3154//3154 3161//3161 3160//3160
f 3161//3161 3155//3155 3160//3160
f 3155//3155 3156//3156 3160//3160
f 3156//3156 3157//3157 3160//3160
f 3157//3157 3158//3158 3160//3160
f 3158//3158 3159//3159 3160//3160
f 3159//3159 3154//3154 3160//3160
f 3154//3154 3162//3162 3161//3161
f 3159//3159 3162//3162 3154//3154
f 3162//3162 3163//3163 3161//3161
f 3161//3161 3163//3163 3155//3155
f 3163//3163 3164//3164 3155//3155
f 3155//3155 3164//3164 3156//3156
f 3164//3164 3165//3165 3156//3156
f 3165//3165 3166//3166 3156//3156
f 3156//3156 3166//3166 3157//3157
f 3157//3157 3166//3166 3158//3158
f 3166//3166 3167//3167 3158//3158
f 3167//3167 3168//3168 3158//3158
f 3158//3158 3168//3168 3159//3159
f 3168//3168 3162//3162 3159//3159
f 3168//3168 3169//3169 3162//3162
f 3162//3162 3169//3169 3163//3163
f 3163//3163 3169//3169 3164//3164
f 3164//3164 3169//3169 3165//3165
f 3165//3165 3169//3169 3166//3166
f 3166//3166 3169//3169 3167//3167
f 3167//3167 3169//3169 3168//3168
f 3162//3162 3163//3163 3169//3169
f 3163//3163 3164//3164 3169//3169
f 3164//3164 3165//3165 3169//3169
f 3165//3165 3166//3166 3169//3169
f 3166//3166 3167//3167 3169//3169
f 3167//3167 3168//3168 3169//3169
f 3168//3168 3162//3162 3169//3169
f 3170//3170 3171//3171 3162//3162
f 3162//3162 3171//3171 3163//3163
f 3168//3168 3170//3170 3162//3162
f 3171//3171 3172//3172 3163//3163
f 3163//3163 3172//3172 3164//3164
f 3164//3164 3172//3172 3165//3165
f 3172//3172 3173//3173 3165//3165
f 3173//3173 3174//3174 3165//3165
f 3165//3165 3174//3174 3166//3166
f 3166//3166 3174//3174 3167//3167
f 3174//3174 3175//3175 3167//3167
f 3175//3175 3176//3176 3167//3167
f 3167//3167 3176//3176 3168//3168
f 3176//3176 3170//3170 3168//3168
f 3170//3170 3177//3177 3171//3171
f 3176//3176 3177//3177 3170//3170
f 3171//3171 3177//3177 3172//3172
f 3172//3172 3177//3177 3173//3173
f 3173//3173 3177//3177 3174//3174
f 3174//3174 3177//3177 3175//3175
f 3175//3175 3177//3177 3176//3176
f 3170//3170 3171//3171 3177//3177
f 3171//3171 3178//3178 3177//3177
f 3178//3178 3172//3172 3177//3177
f 3172//3172 3173//3173 3177//3177
f 3173//3173 3174//3174 3177//3177
f 3174//3174 3175//3175 3177//3177
f 3175//3175 3176//3176 3177//3177
f 3176//3176 3170//3170 3177//3177
f 3170//3170 3179//3179 3171//3171
f 3179//3179 3180//3180 3171//3171
f 3171//3171 3180//3180 3178//3178
f 3178//3178 3180//3180 3172//3172
f 3180//3180 3181//3181 3172//3172
f 3172//3172 3181//3181 3173//3173
f 3181//3181 3182//3182 3173//3173
f 3173//3173 3182//3182 3174//3174
f 3182//3182 3183//3183 3174//3174
f 3174//3174 3183//3183 3175//3175
f 3183//3183 3184//3184 3175//3175
f 3175//3175 3184//3184 3176//3176
f 3184//3184 3185//3185 3176//3176
f 3176//3176 3185//3185 3170//3170
f 3185//3185 3179//3179 3170//3170
f 3185//3185 3186//3186 3179//3179
f 3179//3179 3186//3186 3180//3180
f 3180//3180 3186//3186 3181//3181
f 3181//3181 3186//3186 3182//3182
f 3182//3182 3186//3186 3183//3183
f 3183//3183 3186//3186 3184//3184
f 3184//3184 3186//3186 3185//3185
f 3179//3179 3187//3187 3186//3186
f 3187//3187 3180//3180 3186//3186
f 3180//3180 3181//3181 3186//3186
f 3181//3181 3182//3182 3186//3186
f 3182//3182 3183//3183 3186//3186
f 3183//3183 3184//3184 3186//3186
f 3184//3184 3185//3185 3186//3186
f 3185//3185 3179//3179 3186//3186
f 3179//3179 3188//3188 3187//3187
f 3185//3185 3188//3188 3179//3179
f 3188//3188 3189//3189 3187//3187
f 3187//3187 3189//3189 3180//3180
f 3180//3180 3189//3189 3181//3181
f 3189//3189 3190//3190 3181//3181
f 3190//3190 3191//3191 3181//3181
f 3181//3181 3191//3191 3182//3182
f 3182//3182 3191//3191 3183//3183
f 3191//3191 3192//3192 3183//3183
f 3192//3192 3193//3193 3183//3183
f 3183//3183 3193//3193 3184//3184
f 3184//3184 3193//3193 3185//3185
f 3193//3193 3194//3194 3185//3185
f 3194//3194 3188//3188 3185//3185
f 3194//3194 3195//3195 3188//3188
f 3188//3188 3195//3195 3189//3189
f 3189//3189 3195//3195 3190//3190
f 3190//3190 3195//3195 3191//3191
f 3191//3191 3195//3195 3192//3192
f 3192//3192 3195//3195 3193//3193
f 3193//3193 3195//3195 3194//3194
f 3188//3188 3196//3196 3195//3195
f 3196//3196 3189//3189 3195//3195
f 3189//3189 3190//3190 3195//3195
f 3190//3190 3191//3191 3195//3195
f 3191//3191 3192//3192 3195//3195
f 3192//3192 3193//3193 3195//3195
f 3193//3193 3194//3194 3195//3195
f 3194//3194 3188//3188 3195//3195
f 3188//3188 3197//3197 3196//3196
f 3194//3194 3197//3197 3188//3188
f 3197//3197 3198//3198 3196//3196
f 3196//3196 3198//3198 3189//3189
f 3189//3189 3198//3198 3190//3190
f 3198//3198 3199//3199 3190//3190
f 3199//3199 3200//3200 3190//3190
f 3190//3190 3200//3200 3191//3191
f 3191//3191 3200//3200 3192//3192
f 3200//3200 3201//3201 3192//3192
f 3201//3201 3202//3202 3192//3192
f 3192//3192 3202//3202 3193//3193
f 3193//3193 3202//3202 3194//3194
f 3202//3202 3203//3203 3194//3194
f 3203//3203 3197//3197 3194//3194
f 3203//3203 3204//3204 3197//3197
f 3197//3197 3204//3204 3198//3198
f 3198//3198 3204//3204 3199//3199
f 3199//3199 3204//3204 3200//3200
f 3200//3200 3204//3204 3201//3201
f 3201//3201 3204//3204 3202//3202
f 3202//3202 3204//3204 3203//3203
f 3197//3197 3205//3205 3204//3204
f 3205//3205 3198//3198 3204//3204
f 3198//3198 3199//3199 3204//3204
f 3199//3199 3200//3200 3204//3204
f 3200//3200 3201//3201 3204//3204
f 3201//3201 3202//3202 3204//3204
f 3202//3202 3203//3203 3204//3204
f 3203//3203 3197//3197 3204//3204
f 3206//3206 3207//3207 3197//3197
f 3197//3197 3207//3207 3205//3205
f 3203//3203 3206//3206 3197//3197
f 3207//3207 3208//3208 3205//3205
f 3205//3205 3208//3208 3198//3198
f 3208//3208 3209//3209 3198//3198
f 3198//3198 3209//3209 3199//3199
f 3209//3209 3210//3210 3199//3199
f 3199//3199 3210//3210 3200//3200
f 3210//3210 3211//3211 3200//3200
f 3200//3200 3211//3211 3201//3201
f 3211//3211 3212//3212 3201//3201
f 3201//3201 3212//3212 3202//3202
f 3212//3212 3213//3213 3202//3202
f 3202//3202 3213//3213 3203//3203
f 3213//3213 3206//3206 3203//3203
f 3206//3206 3214//3214 3207//3207
f 3213//3213 3214//3214 3206//3206
f 3207//3207 3214//3214 3208//3208
f 3208//3208 3214//3214 3209//3209
f 3209//3209 3214//3214 3210//3210
f 3210//3210 3214//3214 3211//3211
f 3211//3211 3214//3214 3212//3212
f 3212//3212 3214//3214 3213//3213
f 3206//3206 3208//3208 3214//3214
f 3208//3208 3209//3209 3214//3214
f 3209//3209 3210//3210 3214//3214
f 3210//3210 3211//3211 3214//3214
f 3211//3211 3212//3212 3214//3214
f 3212//3212 3213//3213 3214//3214
f 3213//3213 3206//3206 3214//3214
f 3215//3215 3216//3216 3206//3206
f 3206//3206 3216//3216 3208//3208
f 3216//3216 3217//3217 3208//3208
f 3208//3208 3217//3217 3209//3209
f 3217//3217 3218//3218 3209//3209
f 3209//3209 3218//3218 3210//3210
f 3218//3218 3219//3219 3210//3210
f 3210//3210 3219//3219 3211//3211
f 3219//3219 3220//3220 3211//3211
f 3211//3211 3220//3220 3212//3212
f 3220//3220 3221//3221 3212//3212
f 3212//3212 3221//3221 3213//3213
f 3221//3221 3215//3215 3213//3213
f 3213//3213 3215//3215 3206//3206
f 3215//3215 3222//3222 3216//3216
f 3216//3216 3222//3222 3217//3217
f 3217//3217 3222//3222 3218//3218
f 3218//3218 3222//3222 3219//3219
f 3219//3219 3222//3222 3220//3220
f 3220//3220 3222//3222 3221//3221
f 3221//3221 3222//3222 3215//3215
f 3223//3223 3216//3216 3222//3222
f 3216//3216 3217//3217 3222//3222
f 3217//3217 3218//3218 3222//3222
f 3218//3218 3219//3219 3222//3222
f 3219//3219 3220//3220 3222//3222
f 3220//3220 3221//3221 3222//3222
f 3221//3221 3215//3215 3222//3222
f 3215//3215 3223//3223 3222//3222
f 3224//3224 3225//3225 3223//3223
f 3223//3223 3225//3225 3216//3216
f 3215//3215 3224//3224 3223//3223
f 3225//3225 3226//3226 3216//3216
f 3216//3216 3226//3226 3217//3217
f 3226//3226 3227//3227 3217//3217
f 3217//3217 3227//3227 3218//3218
f 3227//3227 3228//3228 3218//3218
f 3218//3218 3228//3228 3219//3219
f 3228//3228 3229//3229 3219//3219
f 3219//3219 3229//3229 3220//3220
f 3229//3229 3230//3230 3220//3220
f 3220//3220 3230//3230 3221//3221
f 3230//3230 3231//3231 3221//3221
f 3221//3221 3231//3231 3215//3215
f 3231//3231 3224//3224 3215//3215
f 3224//3224 3232//3232 3225//3225
f 3231//3231 3232//3232 3224//3224
f 3225//3225 3232//3232 3226//3226
f 3226//3226 3232//3232 3227//3227
f 3227//3227 3232//3232 3228//3228
f 3228//3228 3232//3232 3229//3229
f 3229//3229 3232//3232 3230//3230
f 3230//3230 3232//3232 3231//3231
f 3225//3225 3226//3226 3232//3232
f 3226//3226 3227//3227 3232//3232
f 3227//3227 3228//3228 3232//3232
f 3228//3228 3229//3229 3232//3232
f 3229//3229 3230//3230 3232//3232
f 3230//3230 3231//3231 3232//3232
f 3231//3231 3225//3225 3232//3232
f 3233//3233 3234//3234 3225//3225
f 3231//3231 3233//3233 3225//3225
f 3234//3234 3235//3235 3225//3225
f 3225//3225 3235//3235 3226//3226
f 3226//3226 3235//3235 3227//3227
f 3235//3235 3236//3236 3227//3227
f 3236//3236 3237//3237 3227//3227
f 3227//3227 3237//3237 3228//3228
f 3228//3228 3237//3237 3229//3229
f 3237//3237 3238//3238 3229//3229
f 3238//3238 3239//3239 3229//3229
f 3229//3229 3239//3239 3230//3230
f 3230//3230 3239//3239 3231//3231
f 3239//3239 3240//3240 3231//3231
f 3240//3240 3233//3233 3231//3231
f 3233//3233 3241//3241 3234//3234
f 3240//3240 3241//3241 3233//3233
f 3234//3234 3241//3241 3235//3235
f 3235//3235 3241//3241 3236//3236
f 3236//3236 3241//3241 3237//3237
f 3237//3237 3241//3241 3238//3238
f 3238//3238 3241//3241 3239//3239
f 3239//3239 3241//3241 3240//3240
f 3234//3234 3235//3235 3241//3241
f 3235//3235 3236//3236 3241//3241
f 3236//3236 3237//3237 3241//3241
f 3237//3237 3238//3238 3241//3241
f 3238//3238 3239//3239 3241//3241
f 3239//3239 3240//3240 3241//3241
f 3240//3240 3234//3234 3241//3241
f 3240//3240 3242//3242 3234//3234
f 3242//3242 3243//3243 3234//3234
f 3234//3234 3243//3243 3235//3235
f 3235//3235 3243//3243 3236//3236
f 3243//3243 3244//3244 3236//3236
f 3236//3236 3244//3244 3237//3237
f 3244//3244 3245//3245 3237//3237
f 3237//3237 3245//3245 3238//3238
f 3245//3245 3246//3246 3238//3238
f 3238//3238 3246//3246 3239//3239
f 3239//3239 3246//3246 3240//3240
f 3246//3246 3247//3247 3240//3240
f 3247//3247 3242//3242 3240//3240
f 3247//3247 3248//3248 3242//3242
f 3242//3242 3248//3248 3243//3243
f 3243//3243 3248//3248 3244//3244
f 3244//3244 3248//3248 3245//3245
f 3245//3245 3248//3248 3246//3246
f 3246//3246 3248//3248 3247//3247
f 3249//3249 3249//3249 3249//3249
f 3249//3249 3250//3250 3251//3251
f 3252//3252 3249//3249 3251//3251
f 3251//3251 3250//3250 3253//3253
f 3253//3253 3252//3252 3251//3251
f 3249//3249 3254//3254 3250//3250
f 3255//3255 3249//3249 3252//3252
f 3255//3255 3254//3254 3249//3249
f 3250//3250 3254//3254 3253//3253
f 3256//3256 3252//3252 3253//3253
f 3256//3256 3255//3255 3252//3252
f 3253//3253 3254//3254 3256//3256
f 3254//3254 3255//3255 3256//3256
f 3257//3257 3257//3257 3257//3257
f 3257//3257 3258//3258 3259//3259
f 3257//3257 3259//3259 3260//3260
f 3260//3260 3259//3259 3261//3261
f 3259//3259 3258//3258 3262//3262
f 3259//3259 3262//3262 3261//3261
f 3263//3263 3258//3258 3257//3257
f 3263//3263 3257//3257 3264//3264
f 3264//3264 3257//3257 3260//3260
f 3265//3265 3258//3258 3266//3266
f 3266//3266 3258//3258 3267//3267
f 3267//3267 3258//3258 3268//3268
f 3268//3268 3258//3258 3269//3269
f 3269//3269 3258//3258 3270//3270
f 3270//3270 3258//3258 3271//3271
f 3271//3271 3258//3258 3272//3272
f 3272//3272 3258//3258 3273//3273
f 3273//3273 3258//3258 3274//3274
f 3274//3274 3258//3258 3275//3275
f 3275//3275 3258//3258 3276//3276
f 3276//3276 3258//3258 3277//3277
f 3277//3277 3258//3258 3278//3278
f 3278//3278 3258//3258 3263//3263
f 3262//3262 3258//3258 3279//3279
f 3279//3279 3258//3258 3280//3280
f 3280//3280 3258//3258 3281//3281
f 3281//3281 3258//3258 3282//3282
f 3282//3282 3258//3258 3283//3283
f 3283//3283 3258//3258 3284//3284
f 3284//3284 3258//3258 3285//3285
f 3285//3285 3258//3258 3286//3286
f 3286//3286 3258//3258 3287//3287
f 3287//3287 3258//3258 3288//3288
f 3288//3288 3258//3258 3289//3289
f 3289//3289 3258//3258 3290//3290
f 3290//3290 3258//3258 3291//3291
f 3291//3291 3258//3258 3292//3292
f 3292//3292 3258//3258 3265//3265
f 3264//3264 3260//3260 3293//3293
f 3260//3260 3261//3261 3293//3293
f 3261//3261 3262//3262 3294//3294
f 3261//3261 3294//3294 3293//3293
f 3262//3262 3279//3279 3294//3294
f 3278//3278 3263//3263 3295//3295
f 3295//3295 3263//3263 3264//3264
f 3295//3295 3264//3264 3293//3293
f 3265//3265 3266//3266 3296//3296
f 3292//3292 3265//3265 3297//3297
f 3297//3297 3265//3265 3296//3296
f 3296//3296 3266//3266 3298//3298
f 3266//3266 3267//3267 3298//3298
f 3298//3298 3267//3267 3299//3299
f 3267//3267 3268//3268 3299//3299
f 3299//3299 3268//3268 3300//3300
f 3268//3268 3269//3269 3300//3300
f 3300//3300 3269//3269 3301//3301
f 3269//3269 3270//3270 3301//3301
f 3301//3301 3270//3270 3302//3302
f 3270//3270 3271//3271 3302//3302
f 3302//3302 3271//3271 3303//3303
f 3271//3271 3272//3272 3303//3303
f 3303//3303 3272//3272 3304//3304
f 3272//3272 3273//3273 3304//3304
f 3304//3304 3273//3273 3305//3305
f 3273//3273 3274//3274 3305//3305
f 3305//3305 3274//3274 3306//3306
f 3274//3274 3275//3275 3306//3306
f 3306//3306 3275//3275 3307//3307
f 3275//3275 3276//3276 3307//3307
f 3307//3307 3276//3276 3308//3308
f 3276//3276 3277//3277 3308//3308
f 3308//3308 3277//3277 3309//3309
f 3277//3277 3278//3278 3309//3309
f 3309//3309 3278//3278 3295//3295
f 3294//3294 3279//3279 3310//3310
f 3279//3279 3280//3280 3310//3310
f 3310//3310 3280//3280 3311//3311
f 3280//3280 3281//3281 3311//3311
f 3311//3311 3281//3281 3312//3312
f 3281//3281 3282//3282 3312//3312
f 3312//3312 3282//3282 3313//3313
f 3282//3282 3283//3283 3313//3313
f 3313//3313 3283//3283 3314//3314
f 3283//3283 3284//3284 3314//3314
f 3314//3314 3284//3284 3315//3315
f 3284//3284 3285//3285 3315//3315
f 3315//3315 3285//3285 3316//3316
f 3285//3285 3286//3286 3316//3316
f 3316//3316 3286//3286 3317//3317
f 3286//3286 3287//3287 3317//3317
f 3317//3317 3287//3287 3318//3318
f 3287//3287 3288//3288 3318//3318
f 3318//3318 3288//3288 3319//3319
f 3288//3288 3289//3289 3319//3319
f 3319//3319 3289//3289 3320//3320
f 3289//3289 3290//3290 3320//3320
f 3320//3320 3290//3290 3321//3321
f 3290//3290 3291//3291 3321//3321
f 3321//3321 3291//3291 3322//3322
f 3291//3291 3292//3292 3322//3322
f 3322//3322 3292//3292 3297//3297
f 3296//3296 3298//3298 3293//3293
f 3298//3298 3299//3299 3293//3293
f 3299//3299 3300//3300 3293//3293
f 3300//3300 3301//3301 3293//3293
f 3301//3301 3302//3302 3293//3293
f 3302//3302 3303//3303 3293//3293
f 3303//3303 3304//3304 3293//3293
f 3304//3304 3305//3305 3293//3293
f 3305//3305 3306//3306 3293//3293
f 3306//3306 3307//3307 3293//3293
f 3307//3307 3308//3308 3293//3293
f 3308//3308 3309//3309 3293//3293
f 3309//3309 3295//3295 3293//3293
f 3294//3294 3310//3310 3293//3293
f 3310//3310 3311//3311 3293//3293
f 3311//3311 3312//3312 3293//3293
f 3312//3312 3313//3313 3293//3293
f 3313//3313 3314//3314 3293//3293
f 3314//3314 3315//3315 3293//3293
f 3315//3315 3316//3316 3293//3293
f 3316//3316 3317//3317 3293//3293
f 3317//3317 3318//3318 3293//3293
f 3318//3318 3319//3319 3293//3293
f 3319//3319 3320//3320 3293//3293
f 3320//3320 3321//3321 3293//3293
f 3321//3321 3322//3322 3293//3293
f 3322//3322 3297//3297 3293//3293
f 3297//3297 3296//3296 3293//3293
f 3323//3323 3323//3323 3323//3323
f 3323//3323 3324//3324 3325//3325
f 3323//3323 3325//3325 3326//3326
f 3326//3326 3325//3325 3327//3327
f 3325//3325 3324//3324 3328//3328
f 3325//3325 3328//3328 3327//3327
f 3329//3329 3324//3324 3323//3323
f 3329//3329 3323//3323 3330//3330
f 3330//3330 3323//3323 3326//3326
f 3331//3331 3324//3324 3332//3332
f 3332//3332 3324//3324 3333//3333
f 3333//3333 3324//3324 3334//3334
f 3334//3334 3324//3324 3335//3335
f 3335//3335 3324//3324 3336//3336
f 3336//3336 3324//3324 3337//3337
f 3337//3337 3324//3324 3338//3338
f 3338//3338 3324//3324 3339//3339
f 3339//3339 3324//3324 3340//3340
f 3340//3340 3324//3324 3341//3341
f 3341//3341 3324//3324 3342//3342
f 3342//3342 3324//3324 3343//3343
f 3343//3343 3324//3324 3344//3344
f 3344//3344 3324//3324 3345//3345
f 3345//3345 3324//3324 3346//3346
f 3346//3346 3324//3324 3347//3347
f 3347//3347 3324//3324 3348//3348
f 3348//3348 3324//3324 3349//3349
f 3349//3349 3324//3324 3350//3350
f 3350//3350 3324//3324 3351//3351
f 3351//3351 3324//3324 3352//3352
f 3352//3352 3324//3324 3329//3329
f 3328//3328 3324//3324 3353//3353
f 3353//3353 3324//3324 3354//3354
f 3354//3354 3324//3324 3355//3355
f 3355//3355 3324//3324 3356//3356
f 3356//3356 3324//3324 3357//3357
f 3357//3357 3324//3324 3358//3358
f 3358//3358 3324//3324 3331//3331
f 3330//3330 3326//3326 3359//3359
f 3326//3326 3327//3327 3359//3359
f 3327//3327 3328//3328 3360//3360
f 3327//3327 3360//3360 3359//3359
f 3328//3328 3353//3353 3360//3360
f 3352//3352 3329//3329 3361//3361
f 3361//3361 3329//3329 3330//3330
f 3361//3361 3330//3330 3359//3359
f 3331//3331 3332//3332 3362//3362
f 3358//3358 3331//3331 3363//3363
f 3363//3363 3331//3331 3362//3362
f 3362//3362 3332//3332 3364//3364
f 3332//3332 3333//3333 3364//3364
f 3364//3364 3333//3333 3365//3365
f 3333//3333 3334//3334 3365//3365
f 3365//3365 3334//3334 3366//3366
f 3334//3334 3335//3335 3366//3366
f 3366//3366 3335//3335 3367//3367
f 3335//3335 3336//3336 3367//3367
f 3367//3367 3336//3336 3368//3368
f 3336//3336 3337//3337 3368//3368
f 3368//3368 3337//3337 3369//3369
f 3337//3337 3338//3338 3369//3369
f 3369//3369 3338//3338 3370//3370
f 3338//3338 3339//3339 3370//3370
f 3370//3370 3339//3339 3371//3371
f 3339//3339 3340//3340 3371//3371
f 3371//3371 3340//3340 3372//3372
f 3340//3340 3341//3341 3372//3372
f 3372//3372 3341//3341 3373//3373
f 3341//3341 3342//3342 3373//3373
f 3373//3373 3342//3342 3374//3374
f 3342//3342 3343//3343 3374//3374
f 3374//3374 3343//3343 3375//3375
f 3343//3343 3344//3344 3375//3375
f 3375//3375 3344//3344 3376//3376
f 3344//3344 3345//3345 3376//3376
f 3376//3376 3345//3345 3377//3377
f 3345//3345 3346//3346 3377//3377
f 3377//3377 3346//3346 3378//3378
f 3346//3346 3347//3347 3378//3378
f 3378//3378 3347//3347 3379//3379
f 3347//3347 3348//3348 3379//3379
f 3379//3379 3348//3348 3380//3380
f 3348//3348 3349//3349 3380//3380
f 3380//3380 3349//3349 3381//3381
f 3349//3349 3350//3350 3381//3381
f 3381//3381 3350//3350 3382//3382
f 3350//3350 3351//3351 3382//3382
f 3382//3382 3351//3351 3383//3383
f 3351//3351 3352//3352 3383//3383
f 3383//3383 3352//3352 3361//3361
f 3360//3360 3353//3353 3384//3384
f 3353//3353 3354//3354 3384//3384
f 3384//3384 3354//3354 3385//3385
f 3354//3354 3355//3355 3385//3385
f 3385//3385 3355//3355 3386//3386
f 3355//3355 3356//3356 3386//3386
f 3386//3386 3356//3356 3387//3387
f 3356//3356 3357//3357 3387//3387
f 3387//3387 3357//3357 3388//3388
f 3357//3357 3358//3358 3388//3388
f 3388//3388 3358//3358 3363//3363
f 3362//3362 3364//3364 3359//3359
f 3364//3364 3365//3365 3359//3359
f 3365//3365 3366//3366 3359//3359
f 3366//3366 3367//3367 3359//3359
f 3367//3367 3368//3368 3359//3359
f 3368//3368 3369//3369 3359//3359
f 3369//3369 3370//3370 3359//3359
f 3370//3370 3371//3371 3359//3359
f 3371//3371 3372//3372 3359//3359
f 3372//3372 3373//3373 3359//3359
f 3373//3373 3374//3374 3359//3359
f 3374//3374 3375//3375 3359//3359
f 3375//3375 3376//3376 3359//3359
f 3376//3376 3377//3377 3359//3359
f 3377//3377 3378//3378 3359//3359
f 3378//3378 3379//3379 3359//3359
f 3379//3379 3380//3380 3359//3359
f 3380//3380 3381//3381 3359//3359
f 3381//3381 3382//3382 3359//3359
f 3382//3382 3383//3383 3359//3359
f 3383//3383 3361//3361 3359//3359
f 3360//3360 3384//3384 3359//3359
f 3384//3384 3385//3385 3359//3359
f 3385//3385 3386//3386 3359//3359
f 3386//3386 3387//3387 3359//3359
f 3387//3387 3388//3388 3359//3359
f 3388//3388 3363//3363 3359//3359
f 3363//3363 3362//3362 3359//3359
f 3389//3389 3389//3389 3389//3389
f 3389//3389 3390//3390 3391//3391
f 3389//3389 3391//3391 3392//3392
f 3392//3392 3391//3391 3393//3393
f 3391//3391 3390//3390 3394//3394
f 3391//3391 3394//3394 3393//3393
f 3395//3395 3390//3390 3389//3389
f 3395//3395 3389//3389 3396//3396
f 3396//3396 3389//3389 3392//3392
f 3397//3397 3390//3390 3398//3398
f 3398//3398 3390//3390 3399//3399
f 3399//3399 3390//3390 3400//3400
f 3400//3400 3390//3390 3401//3401
f 3401//3401 3390//3390 3402//3402
f 3402//3402 3390//3390 3403//3403
f 3403//3403 3390//3390 3404//3404
f 3404//3404 3390//3390 3405//3405
f 3405//3405 3390//3390 3406//3406
f 3406//3406 3390//3390 3407//3407
f 3407//3407 3390//3390 3408//3408
f 3408//3408 3390//3390 3409//3409
f 3409//3409 3390//3390 3410//3410
f 3410//3410 3390//3390 3395//3395
f 3394//3394 3390//3390 3411//3411
f 3411//3411 3390//3390 3412//3412
f 3412//3412 3390//3390 3413//3413
f 3413//3413 3390//3390 3414//3414
f 3414//3414 3390//3390 3415//3415
f 3415//3415 3390//3390 3416//3416
f 3416//3416 3390//3390 3417//3417
f 3417//3417 3390//3390 3418//3418
f 3418//3418 3390//3390 3419//3419
f 3419//3419 3390//3390 3420//3420
f 3420//3420 3390//3390 3421//3421
f 3421//3421 3390//3390 3422//3422
f 3422//3422 3390//3390 3423//3423
f 3423//3423 3390//3390 3424//3424
f 3424//3424 3390//3390 3397//3397
f 3396//3396 3392//3392 3425//3425
f 3392//3392 3393//3393 3425//3425
f 3393//3393 3394//3394 3426//3426
f 3393//3393 3426//3426 3425//3425
f 3394//3394 3411//3411 3426//3426
f 3410//3410 3395//3395 3427//3427
f 3427//3427 3395//3395 3396//3396
f 3427//3427 3396//3396 3425//3425
f 3397//3397 3398//3398 3428//3428
f 3424//3424 3397//3397 3429//3429
f 3429//3429 3397//3397 3428//3428
f 3428//3428 3398//3398 3430//3430
f 3398//3398 3399//3399 3430//3430
f 3430//3430 3399//3399 3431//3431
f 3399//3399 3400//3400 3431//3431
f 3431//3431 3400//3400 3432//3432
f 3400//3400 3401//3401 3432//3432
f 3432//3432 3401//3401 3433//3433
f 3401//3401 3402//3402 3433//3433
f 3433//3433 3402//3402 3434//3434
f 3402//3402 3403//3403 3434//3434
f 3434//3434 3403//3403 3435//3435
f 3403//3403 3404//3404 3435//3435
f 3435//3435 3404//3404 3436//3436
f 3404//3404 3405//3405 3436//3436
f 3436//3436 3405//3405 3437//3437
f 3405//3405 3406//3406 3437//3437
f 3437//3437 3406//3406 3438//3438
f 3406//3406 3407//3407 3438//3438
f 3438//3438 3407//3407 3439//3439
f 3407//3407 3408//3408 3439//3439
f 3439//3439 3408//3408 3440//3440
f 3408//3408 3409//3409 3440//3440
f 3440//3440 3409//3409 3441//3441
f 3409//3409 3410//3410 3441//3441
f 3441//3441 3410//3410 3427//3427
f 3426//3426 3411//3411 3442//3442
f 3411//3411 3412//3412 3442//3442
f 3442//3442 3412//3412 3443//3443
f 3412//3412 3413//3413 3443//3443
f 3443//3443 3413//3413 3444//3444
f 3413//3413 3414//3414 3444//3444
f 3444//3444 3414//3414 3445//3445
f 3414//3414 3415//3415 3445//3445
f 3445//3445 3415//3415 3446//3446
f 3415//3415 3416//3416 3446//3446
f 3446//3446 3416//3416 3447//3447
f 3416//3416 3417//3417 3447//3447
f 3447//3447 3417//3417 3448//3448
f 3417//3417 3418//3418 3448//3448
f 3448//3448 3418//3418 3449//3449
f 3418//3418 3419//3419 3449//3449
f 3449//3449 3419//3419 3450//3450
f 3419//3419 3420//3420 3450//3450
f 3450//3450 3420//3420 3451//3451
f 3420//3420 3421//3421 3451//3451
f 3451//3451 3421//3421 3452//3452
f 3421//3421 3422//3422 3452//3452
f 3452//3452 3422//3422 3453//3453
f 3422//3422 3423//3423 3453//3453
f 3453//3453 3423//3423 3454//3454
f 3423//3423 3424//3424 3454//3454
f 3454//3454 3424//3424 3429//3429
f 3428//3428 3430//3430 3425//3425
f 3430//3430 3431//3431 3425//3425
f 3431//3431 3432//3432 3425//3425
f 3432//3432 3433//3433 3425//3425
f 3433//3433 3434//3434 3425//3425
f 3434//3434 3435//3435 3425//3425
f 3435//3435 3436//3436 3425//3425
f 3436//3436 3437//3437 3425//3425
f 3437//3437 3438//3438 3425//3425
f 3438//3438 3439//3439 3425//3425
f 3439//3439 3440//3440 3425//3425
f 3440//3440 3441//3441 3425//3425
f 3441//3441 3427//3427 3425//3425
f 3426//3426 3442//3442 3425//3425
f 3442//3442 3443//3443 3425//3425
f 3443//3443 3444//3444 3425//3425
f 3444//3444 3445//3445 3425//3425
f 3445//3445 3446//3446 3425//3425
f 3446//3446 3447//3447 3425//3425
f 3447//3447 3448//3448 3425//3425
f 3448//3448 3449//3449 3425//3425
f 3449//3449 3450//3450 3425//3425
f 3450//3450 3451//3451 3425//3425
f 3451//3451 3452//3452 3425//3425
f 3452//3452 3453//3453 3425//3425
f 3453//3453 3454//3454 3425//3425
f 3454//3454 3429//3429 3425//3425
f 3429//3429 3428//3428 3425//3425
f 3455//3455 3455//3455 3455//3455
f 3455//3455 3456//3456 3457//3457
f 3455//3455 3457//3457 3458//3458
f 3458//3458 3457//3457 3459//3459
f 3457//3457 3456//3456 3460//3460
f 3457//3457 3460//3460 3459//3459
f 3461//3461 3456//3456 3455//3455
f 3461//3461 3455//3455 3462//3462
f 3462//3462 3455//3455 3458//3458
f 3463//3463 3456//3456 3464//3464
f 3464//3464 3456//3456 3465//3465
f 3465//3465 3456//3456 3466//3466
f 3466//3466 3456//3456 3467//3467
f 3467//3467 3456//3456 3468//3468
f 3468//3468 3456//3456 3469//3469
f 3469//3469 3456//3456 3470//3470
f 3470//3470 3456//3456 3471//3471
f 3471//3471 3456//3456 3472//3472
f 3472//3472 3456//3456 3473//3473
f 3473//3473 3456//3456 3474//3474
f 3474//3474 3456//3456 3475//3475
f 3475//3475 3456//3456 3476//3476
f 3476//3476 3456//3456 3461//3461
f 3460//3460 3456//3456 3477//3477
f 3477//3477 3456//3456 3478//3478
f 3478//3478 3456//3456 3479//3479
f 3479//3479 3456//3456 3480//3480
f 3480//3480 3456//3456 3481//3481
f 3481//3481 3456//3456 3482//3482
f 3482//3482 3456//3456 3483//3483
f 3483//3483 3456//3456 3484//3484
f 3484//3484 3456//3456 3485//3485
f 3485//3485 3456//3456 3486//3486
f 3486//3486 3456//3456 3487//3487
f 3487//3487 3456//3456 3488//3488
f 3488//3488 3456//3456 3489//3489
f 3489//3489 3456//3456 3490//3490
f 3490//3490 3456//3456 3463//3463
f 3462//3462 3458//3458 3491//3491
f 3458//3458 3459//3459 3491//3491
f 3459//3459 3460//3460 3492//3492
f 3459//3459 3492//3492 3491//3491
f 3460//3460 3477//3477 3492//3492
f 3476//3476 3461//3461 3493//3493
f 3493//3493 3461//3461 3462//3462
f 3493//3493 3462//3462 3491//3491
f 3463//3463 3464//3464 3494//3494
f 3490//3490 3463//3463 3495//3495
f 3495//3495 3463//3463 3494//3494
f 3494//3494 3464//3464 3496//3496
f 3464//3464 3465//3465 3496//3496
f 3496//3496 3465//3465 3497//3497
f 3465//3465 3466//3466 3497//3497
f 3497//3497 3466//3466 3498//3498
f 3466//3466 3467//3467 3498//3498
f 3498//3498 3467//3467 3499//3499
f 3467//3467 3468//3468 3499//3499
f 3499//3499 3468//3468 3500//3500
f 3468//3468 3469//3469 3500//3500
f 3500//3500 3469//3469 3501//3501
f 3469//3469 3470//3470 3501//3501
f 3501//3501 3470//3470 3502//3502
f 3470//3470 3471//3471 3502//3502
f 3502//3502 3471//3471 3503//3503
f 3471//3471 3472//3472 3503//3503
f 3503//3503 3472//3472 3504//3504
f 3472//3472 3473//3473 3504//3504
f 3504//3504 3473//3473 3505//3505
f 3473//3473 3474//3474 3505//3505
f 3505//3505 3474//3474 3506//3506
f 3474//3474 3475//3475 3506//3506
f 3506//3506 3475//3475 3507//3507
f 3475//3475 3476//3476 3507//3507
f 3507//3507 3476//3476 3493//3493
f 3492//3492 3477//3477 3508//3508
f 3477//3477 3478//3478 3508//3508
f 3508//3508 3478//3478 3509//3509
f 3478//3478 3479//3479 3509//3509
f 3509//3509 3479//3479 3510//3510
f 3479//3479 3480//3480 3510//3510
f 3510//3510 3480//3480 3511//3511
f 3480//3480 3481//3481 3511//3511
f 3511//3511 3481//3481 3512//3512
f 3481//3481 3482//3482 3512//3512
f 3512//3512 3482//3482 3513//3513
f 3482//3482 3483//3483 3513//3513
f 3513//3513 3483//3483 3514//3514
f 3483//3483 3484//3484 3514//3514
f 3514//3514 3484//3484 3515//3515
f 3484//3484 3485//3485 3515//3515
f 3515//3515 3485//3485 3516//3516
f 3485//3485 3486//3486 3516//3516
f 3516//3516 3486//3486 3517//3517
f 3486//3486 3487//3487 3517//3517
f 3517//3517 3487//3487 3518//3518
f 3487//3487 3488//3488 3518//3518
f 3518//3518 3488//3488 3519//3519
f 3488//3488 3489//3489 3519//3519
f 3519//3519 3489//3489 3520//3520
f 3489//3489 3490//3490 3520//3520
f 3520//3520 3490//3490 3495//3495
f 3494//3494 3496//3496 3491//3491
f 3496//3496 3497//3497 3491//3491
f 3497//3497 3498//3498 3491//3491
f 3498//3498 3499//3499 3491//3491
f 3499//3499 3500//3500 3491//3491
f 3500//3500 3501//3501 3491//3491
f 3501//3501 3502//3502 3491//3491
f 3502//3502 3503//3503 3491//3491
f 3503//3503 3504//3504 3491//3491
f 3504//3504 3505//3505 3491//3491
f 3505//3505 3506//3506 3491//3491
f 3506//3506 3507//3507 3491//3491
f 3507//3507 3493//3493 3491//3491
f 3492//3492 3508//3508 3491//3491
f 3508//3508 3509//3509 3491//3491
f 3509//3509 3510//3510 3491//3491
f 3510//3510 3511//3511 3491//3491
f 3511//3511 3512//3512 3491//3491
f 3512//3512 3513//3513 3491//3491
f 3513//3513 3514//3514 3491//3491
f 3514//3514 3515//3515 3491//3491
f 3515//3515 3516//3516 3491//3491
f 3516//3516 3517//3517 3491//3491
f 3517//3517 3518//3518 3491//3491
f 3518//3518 3519//3519 3491//3491
f 3519//3519 3520//3520 3491//3491
f 3520//3520 3495//3495 3491//3491
f 3495//3495 3494//3494 3491//3491
f 3521//3521 3521//3521 3521//3521
f 3521//3521 3522//3522 3523//3523
f 3521//3521 3523//3523 3524//3524
f 3524//3524 3523//3523 3525//3525
f 3523//3523 3522//3522 3526//3526
f 3523//3523 3526//3526 3525//3525
f 3527//3527 3522//3522 3521//3521
f 3527//3527 3521//3521 3528//3528
f 3528//3528 3521//3521 3524//3524
f 3529//3529 3522//3522 3530//3530
f 3530//3530 3522//3522 3531//3531
f 3531//3531 3522//3522 3532//3532
f 3532//3532 3522//3522 3533//3533
f 3533//3533 3522//3522 3534//3534
f 3534//3534 3522//3522 3535//3535
f 3535//3535 3522//3522 3536//3536
f 3536//3536 3522//3522 3537//3537
f 3537//3537 3522//3522 3538//3538
f 3538//3538 3522//3522 3539//3539
f 3539//3539 3522//3522 3540//3540
f 3540//3540 3522//3522 3541//3541
f 3541//3541 3522//3522 3542//3542
f 3542//3542 3522//3522 3543//3543
f 3543//3543 3522//3522 3544//3544
f 3544//3544 3522//3522 3545//3545
f 3545//3545 3522//3522 3546//3546
f 3546//3546 3522//3522 3547//3547
f 3547//3547 3522//3522 3548//3548
f 3548//3548 3522//3522 3549//3549
f 3549//3549 3522//3522 3550//3550
f 3550//3550 3522//3522 3527//3527
f 3526//3526 3522//3522 3551//3551
f 3551//3551 3522//3522 3552//3552
f 3552//3552 3522//3522 3553//3553
f 3553//3553 3522//3522 3554//3554
f 3554//3554 3522//3522 3555//3555
f 3555//3555 3522//3522 3556//3556
f 3556//3556 3522//3522 3529//3529
f 3528//3528 3524//3524 3557//3557
f 3524//3524 3525//3525 3557//3557
f 3525//3525 3526//3526 3558//3558
f 3525//3525 3558//3558 3557//3557
f 3526//3526 3551//3551 3558//3558
f 3550//3550 3527//3527 3559//3559
f 3559//3559 3527//3527 3528//3528
f 3559//3559 3528//3528 3557//3557
f 3529//3529 3530//3530 3560//3560
f 3556//3556 3529//3529 3561//3561
f 3561//3561 3529//3529 3560//3560
f 3560//3560 3530//3530 3562//3562
f 3530//3530 3531//3531 3562//3562
f 3562//3562 3531//3531 3563//3563
f 3531//3531 3532//3532 3563//3563
f 3563//3563 3532//3532 3564//3564
f 3532//3532 3533//3533 3564//3564
f 3564//3564 3533//3533 3565//3565
f 3533//3533 3534//3534 3565//3565
f 3565//3565 3534//3534 3566//3566
f 3534//3534 3535//3535 3566//3566
f 3566//3566 3535//3535 3567//3567
f 3535//3535 3536//3536 3567//3567
f 3567//3567 3536//3536 3568//3568
f 3536//3536 3537//3537 3568//3568
f 3568//3568 3537//3537 3569//3569
f 3537//3537 3538//3538 3569//3569
f 3569//3569 3538//3538 3570//3570
f 3538//3538 3539//3539 3570//3570
f 3570//3570 3539//3539 3571//3571
f 3539//3539 3540//3540 3571//3571
f 3571//3571 3540//3540 3572//3572
f 3540//3540 3541//3541 3572//3572
f 3572//3572 3541//3541 3573//3573
f 3541//3541 3542//3542 3573//3573
f 3573//3573 3542//3542 3574//3574
f 3542//3542 3543//3543 3574//3574
f 3574//3574 3543//3543 3575//3575
f 3543//3543 3544//3544 3575//3575
f 3575//3575 3544//3544 3576//3576
f 3544//3544 3545//3545 3576//3576
f 3576//3576 3545//3545 3577//3577
f 3545//3545 3546//3546 3577//3577
f 3577//3577 3546//3546 3578//3578
f 3546//3546 3547//3547 3578//3578
f 3578//3578 3547//3547 3579//3579
f 3547//3547 3548//3548 3579//3579
f 3579//3579 3548//3548 3580//3580
f 3548//3548 3549//3549 3580//3580
f 3580//3580 3549//3549 3581//3581
f 3549//3549 3550//3550 3581//3581
f 3581//3581 3550//3550 3559//3559
f 3558//3558 3551//3551 3582//3582
f 3551//3551 3552//3552 3582//3582
f 3582//3582 3552//3552 3583//3583
f 3552//3552 3553//3553 3583//3583
f 3583//3583 3553//3553 3584//3584
f 3553//3553 3554//3554 3584//3584
f 3584//3584 3554//3554 3585//3585
f 3554//3554 3555//3555 3585//3585
f 3585//3585 3555//3555 3586//3586
f 3555//3555 3556//3556 3586//3586
f 3586//3586 3556//3556 3561//3561
f 3560//3560 3562//3562 3557//3557
f 3562//3562 3563//3563 3557//3557
f 3563//3563 3564//3564 3557//3557
f 3564//3564 3565//3565 3557//3557
f 3565//3565 3566//3566 3557//3557
f 3566//3566 3567//3567 3557//3557
f 3567//3567 3568//3568 3557//3557
f 3568//3568 3569//3569 3557//3557
f 3569//3569 3570//3570 3557//3557
f 3570//3570 3571//3571 3557//3557
f 3571//3571 3572//3572 3557//3557
f 3572//3572 3573//3573 3557//3557
f 3573//3573 3574//3574 3557//3557
f 3574//3574 3575//3575 3557//3557
f 3575//3575 3576//3576 3557//3557
f 3576//3576 3577//3577 3557//3557
f 3577//3577 3578//3578 3557//3557
f 3578//3578 3579//3579 3557//3557
f 3579//3579 3580//3580 3557//3557
f 3580//3580 3581//3581 3557//3557
f 3581//3581 3559//3559 3557//3557
f 3558//3558 3582//3582 3557//3557
f 3582//3582 3583//3583 3557//3557
f 3583//3583 3584//3584 3557//3557
f 3584//3584 3585//3585 3557//3557
f 3585//3585 3586//3586 3557//3557
f 3586//3586 3561//3561 3557//3557
f 3561//3561 3560//3560 3557//3557
f 3587//3587 3587//3587 3587//3587
f 3587//3587 3588//3588 3589//3589
f 3590//3590 3587//3587 3589//3589
f 3589//3589 3588//3588 3591//3591
f 3591//3591 3590//3590 3589//3589
f 3587//3587 3592//3592 3588//3588
f 3593//3593 3587//3587 3590//3590
f 3593//3593 3592//3592 3587//3587
f 3588//3588 3592//3592 3591//3591
f 3594//3594 3590//3590 3591//3591
f 3594//3594 3593//3593 3590//3590
f 3591//3591 3592//3592 3594//3594
f 3592//3592 3593//3593 3594//3594
f 3595//3595 3595//3595 3595//3595
f 3595//3595 3596//3596 3597//3597
f 3598//3598 3595//3595 3597//3597
f 3597//3597 3596//3596 3599//3599
f 3599//3599 3598//3598 3597//3597
f 3595//3595 3600//3600 3596//3596
f 3601//3601 3595//3595 3598//3598
f 3601//3601 3600//3600 3595//3595
f 3596//3596 3600//3600 3599//3599
f 3602//3602 3598//3598 3599//3599
f 3602//3602 3601//3601 3598//3598
f 3599//3599 3600//3600 3602//3602
f 3600//3600 3601//3601 3602//3602
f 3603//3603 3603//3603 3603//3603
f 3603//3603 3604//3604 3605//3605
f 3606//3606 3603//3603 3605//3605
f 3605//3605 3604//3604 3607//3607
f 3607//3607 3606//3606 3605//3605
f 3603//3603 3608//3608 3604//3604
f 3609//3609 3603//3603 3606//3606
f 3609//3609 3608//3608 3603//3603
f 3604//3604 3608//3608 3607//3607
f 3610//3610 3606//3606 3607//3607
f 3610//3610 3609//3609 3606//3606
f 3607//3607 3608//3608 3610//3610
f 3608//3608 3609//3609 3610//3610
f 3611//3611 3611//3611 3611//3611
f 3611//3611 3612//3612 3613//3613
f 3614//3614 3611//3611 3613//3613
f 3613//3613 3612//3612 3615//3615
f 3615//3615 3614//3614 3613//3613
f 3611//3611 3616//3616 3612//3612
f 3617//3617 3611//3611 3614//3614
f 3617//3617 3616//3616 3611//3611
f 3612//3612 3616//3616 3615//3615
f 3618//3618 3614//3614 3615//3615
f 3618//3618 3617//3617 3614//3614
f 3615//3615 3616//3616 3618//3618
f 3616//3616 3617//3617 3618//3618
f 3619//3619 3619//3619 3619//3619
f 3619//3619 3620//3620 3621//3621
f 3622//3622 3619//3619 3621//3621
f 3621//3621 3620//3620 3623//3623
f 3623//3623 3622//3622 3621//3621
f 3619//3619 3624//3624 3620//3620
f 3625//3625 3619//3619 3622//3622
f 3625//3625 3624//3624 3619//3619
f 3620//3620 3624//3624 3623//3623
f 3626//3626 3622//3622 3623//3623
f 3626//3626 3625//3625 3622//3622
f 3623//3623 3624//3624 3626//3626
f 3624//3624 3625//3625 3626//3626
f 3627//3627 3627//3627 3627//3627
f 3627//3627 3628//3628 3629//3629
f 3630//3630 3627//3627 3629//3629
f 3629//3629 3628//3628 3631//3631
f 3631//3631 3630//3630 3629//3629
f 3627//3627 3632//3632 3628//3628
f 3633//3633 3627//3627 3630//3630
f 3633//3633 3632//3632 3627//3627
f 3628//3628 3632//3632 3631//3631
f 3634//3634 3630//3630 3631//3631
f 3634//3634 3633//3633 3630//3630
f 3631//3631 3632//3632 3634//3634
f 3632//3632 3633//3633 3634//3634
f 3635//3635 3635//3635 3635//3635
f 3635//3635 3636//3636 3637//3637
f 3638//3638 3635//3635 3637//3637
f 3637//3637 3636//3636 3639//3639
f 3639//3639 3638//3638 3637//3637
f 3635//3635 3640//3640 3636//3636
f 3641//3641 3635//3635 3638//3638
f 3641//3641 3640//3640 3635//3635
f 3636//3636 3640//3640 3639//3639
f 3642//3642 3638//3638 3639//3639
f 3642//3642 3641//3641 3638//3638
f 3639//3639 3640//3640 3642//3642
f 3640//3640 3641//3641 3642//3642
f 3643//3643 3643//3643 3643//3643
f 3643//3643 3644//3644 3645//3645
f 3646//3646 3643//3643 3645//3645
f 3645//3645 3644//3644 3647//3647
f 3647//3647 3646//3646 3645//3645
f 3643//3643 3648//3648 3644//3644
f 3649//3649 3643//3643 3646//3646
f 3649//3649 3648//3648 3643//3643
f 3644//3644 3648//3648 3647//3647
f 3650//3650 3646//3646 3647//3647
f 3650//3650 3649//3649 3646//3646
f 3647//3647 3648//3648 3650//3650
f 3648//3648 3649//3649 3650//3650
f 3651//3651 3651//3651 3651//3651
f 3651//3651 3652//3652 3653//3653
f 3654//3654 3651//3651 3653//3653
f 3653//3653 3652//3652 3655//3655
f 3655//3655 3654//3654 3653//3653
f 3651//3651 3656//3656 3652//3652
f 3657//3657 3651//3651 3654//3654
f 3657//3657 3656//3656 3651//3651
f 3652//3652 3656//3656 3655//3655
f 3658//3658 3654//3654 3655//3655
f 3658//3658 3657//3657 3654//3654
f 3655//3655 3656//3656 3658//3658
f 3656//3656 3657//3657 3658//3658
f 3659//3659 3659//3659 3659//3659
f 3659//3659 3660//3660 3661//3661
f 3662//3662 3659//3659 3661//3661
f 3661//3661 3660//3660 3663//3663
f 3663//3663 3662//3662 3661//3661
f 3659//3659 3664//3664 3660//3660
f 3665//3665 3659//3659 3662//3662
f 3665//3665 3664//3664 3659//3659
f 3660//3660 3664//3664 3663//3663
f 3666//3666 3662//3662 3663//3663
f 3666//3666 3665//3665 3662//3662
f 3663//3663 3664//3664 3666//3666
f 3664//3664 3665//3665 3666//3666
f 3667//3667 3667//3667 3667//3667
f 3667//3667 3668//3668 3669//3669
f 3670//3670 3667//3667 3669//3669
f 3669//3669 3668//3668 3671//3671
f 3671//3671 3670//3670 3669//3669
f 3667//3667 3672//3672 3668//3668
f 3673//3673 3667//3667 3670//3670
f 3673//3673 3672//3672 3667//3667
f 3668//3668 3672//3672 3671//3671
f 3674//3674 3670//3670 3671//3671
f 3674//3674 3673//3673 3670//3670
f 3671//3671 3672//3672 3674//3674
f 3672//3672 3673//3673 3674//3674
f 3675//3675 3675//3675 3675//3675
f 3675//3675 3676//3676 3677//3677
f 3678//3678 3675//3675 3677//3677
f 3677//3677 3676//3676 3679//3679
f 3679//3679 3678//3678 3677//3677
f 3675//3675 3680//3680 3676//3676
f 3681//3681 3675//3675 3678//3678
f 3681//3681 3680//3680 3675//3675
f 3676//3676 3680//3680 3679//3679
f 3682//3682 3678//3678 3679//3679
f 3682//3682 3681//3681 3678//3678
f 3679//3679 3680//3680 3682//3682
f 3680//3680 3681//3681 3682//3682
f 3683//3683 3683//3683 3683//3683
f 3683//3683 3684//3684 3685//3685
f 3686//3686 3683//3683 3685//3685
f 3685//3685 3684//3684 3687//3687
f 3687//3687 3686//3686 3685//3685
f 3683//3683 3688//3688 3684//3684
f 3689//3689 3683//3683 3686//3686
f 3689//3689 3688//3688 3683//3683
f 3684//3684 3688//3688 3687//3687
f 3690//3690 3686//3686 3687//3687
f 3690//3690 3689//3689 3686//3686
f 3687//3687 3688//3688 3690//3690
f 3688//3688 3689//3689 3690//3690
f 3691//3691 3691//3691 3691//3691
f 3691//3691 3692//3692 3693//3693
f 3694//3694 3691//3691 3693//3693
f 3693//3693 3692//3692 3695//3695
f 3695//3695 3694//3694 3693//3693
f 3691//3691 3696//3696 3692//3692
f 3697//3697 3691//3691 3694//3694
f 3697//3697 3696//3696 3691//3691
f 3692//3692 3696//3696 3695//3695
f 3698//3698 3694//3694 3695//3695
f 3698//3698 3697//3697 3694//3694
f 3695//3695 3696//3696 3698//3698
f 3696//3696 3697//3697 3698//3698
f 3699//3699 3699//3699 3699//3699
f 3699//3699 3700//3700 3701//3701
f 3702//3702 3699//3699 3701//3701
f 3701//3701 3700//3700 3703//3703
f 3703//3703 3702//3702 3701//3701
f 3699//3699 3704//3704 3700//3700
f 3705//3705 3699//3699 3702//3702
f 3705//3705 3704//3704 3699//3699
f 3700//3700 3704//3704 3703//3703
f 3706//3706 3702//3702 3703//3703
f 3706//3706 3705//3705 3702//3702
f 3703//3703 3704//3704 3706//3706
f 3704//3704 3705//3705 3706//3706
f 3707//3707 3707//3707 3707//3707
f 3707//3707 3708//3708 3709//3709
f 3710//3710 3707//3707 3709//3709
f 3709//3709 3708//3708 3711//3711
f 3711//3711 3710//3710 3709//3709
f 3707//3707 3712//3712 3708//3708
f 3713//3713 3707//3707 3710//3710
f 3713//3713 3712//3712 3707//3707
f 3708//3708 3712//3712 3711//3711
f 3714//3714 3710//3710 3711//3711
f 3714//3714 3713//3713 3710//3710
f 3711//3711 3712//3712 3714//3714
f 3712//3712 3713//3713 3714//3714
f 3715//3715 3715//3715 3715//3715
f 3715//3715 3716//3716 3717//3717
f 3718//3718 3715//3715 3717//3717
f 3717//3717 3716//3716 3719//3719
f 3719//3719 3718//3718 3717//3717
f 3715//3715 3720//3720 3716//3716
f 3721//3721 3715//3715 3718//3718
f 3721//3721 3720//3720 3715//3715
f 3716//3716 3720//3720 3719//3719
f 3722//3722 3718//3718 3719//3719
f 3722//3722 3721//3721 3718//3718
f 3719//3719 3720//3720 3722//3722
f 3720//3720 3721//3721 3722//3722
f 3723//3723 3723//3723 3723//3723
f 3723//3723 3724//3724 3725//3725
f 3726//3726 3723//3723 3725//3725
f 3725//3725 3724//3724 3727//3727
f 3727//3727 3726//3726 3725//3725
f 3723//3723 3728//3728 3724//3724
f 3729//3729 3723//3723 3726//3726
f 3729//3729 3728//3728 3723//3723
f 3724//3724 3728//3728 3727//3727
f 3730//3730 3726//3726 3727//3727
f 3730//3730 3729//3729 3726//3726
f 3727//3727 3728//3728 3730//3730
f 3728//3728 3729//3729 3730//3730
f 3731//3731 3731//3731 3731//3731
f 3731//3731 3732//3732 3733//3733
f 3734//3734 3731//3731 3733//3733
f 3733//3733 3732//3732 3735//3735
f 3735//3735 3734//3734 3733//3733
f 3731//3731 3736//3736 3732//3732
f 3737//3737 3731//3731 3734//3734
f 3737//3737 3736//3736 3731//3731
f 3732//3732 3736//3736 3735//3735
f 3738//3738 3734//3734 3735//3735
f 3738//3738 3737//3737 3734//3734
f 3735//3735 3736//3736 3738//3738
f 3736//3736 3737//3737 3738//3738
f 3739//3739 3739//3739 3739//3739
f 3739//3739 3740//3740 3741//3741
f 3742//3742 3739//3739 3741//3741
f 3741//3741 3740//3740 3743//3743
f 3743//3743 3742//3742 3741//3741
f 3739//3739 3744//3744 3740//3740
f 3745//3745 3739//3739 3742//3742
f 3745//3745 3744//3744 3739//3739
f 3740//3740 3744//3744 3743//3743
f 3746//3746 3742//3742 3743//3743
f 3746//3746 3745//3745 3742//3742
f 3743//3743 3744//3744 3746//3746
f 3744//3744 3745//3745 3746//3746
f 3747//3747 3747//3747 3747//3747
f 3747//3747 3748//3748 3749//3749
f 3750//3750 3747//3747 3749//3749
f 3749//3749 3748//3748 3751//3751
f 3751//3751 3750//3750 3749//3749
f 3747//3747 3752//3752 3748//3748
f 3753//3753 3747//3747 3750//3750
f 3753//3753 3752//3752 3747//3747
f 3748//3748 3752//3752 3751//3751
f 3754//3754 3750//3750 3751//3751
f 3754//3754 3753//3753 3750//3750
f 3751//3751 3752//3752 3754//3754
f 3752//3752 3753//3753 3754//3754
f 3755//3755 3755//3755 3755//3755
f 3755//3755 3756//3756 3757//3757
f 3758//3758 3755//3755 3757//3757
f 3757//3757 3756//3756 3759//3759
f 3759//3759 3758//3758 3757//3757
f 3755//3755 3760//3760 3756//3756
f 3761//3761 3755//3755 3758//3758
f 3761//3761 3760//3760 3755//3755
f 3756//3756 3760//3760 3759//3759
f 3762//3762 3758//3758 3759//3759
f 3762//3762 3761//3761 3758//3758
f 3759//3759 3760//3760 3762//3762
f 3760//3760 3761//3761 3762//3762
f 3763//3763 3763//3763 3763//3763
f 3763//3763 3764//3764 3765//3765
f 3766//3766 3763//3763 3765//3765
f 3765//3765 3764//3764 3767//3767
f 3767//3767 3766//3766 3765//3765
f 3763//3763 3768//3768 3764//3764
f 3769//3769 3763//3763 3766//3766
f 3769//3769 3768//3768 3763//3763
f 3764//3764 3768//3768 3767//3767
f 3770//3770 3766//3766 3767//3767
f 3770//3770 3769//3769 3766//3766
f 3767//3767 3768//3768 3770//3770
f 3768//3768 3769//3769 3770//3770
f 3771//3771 3771//3771 3771//3771
f 3771//3771 3772//3772 3773//3773
f 3774//3774 3771//3771 3773//3773
f 3773//3773 3772//3772 3775//3775
f 3775//3775 3774//3774 3773//3773
f 3771//3771 3776//3776 3772//3772
f 3777//3777 3771//3771 3774//3774
f 3777//3777 3776//3776 3771//3771
f 3772//3772 3776//3776 3775//3775
f 3778//3778 3774//3774 3775//3775
f 3778//3778 3777//3777 3774//3774
f 3775//3775 3776//3776 3778//3778
f 3776//3776 3777//3777 3778//3778
f 3779//3779 3779//3779 3779//3779
f 3779//3779 3780//3780 3781//3781
f 3782//3782 3779//3779 3781//3781
f 3781//3781 3780//3780 3783//3783
f 3783//3783 3782//3782 3781//3781
f 3779//3779 3784//3784 3780//3780
f 3785//3785 3779//3779 3782//3782
f 3785//3785 3784//3784 3779//3779
f 3780//3780 3784//3784 3783//3783
f 3786//3786 3782//3782 3783//3783
f 3786//3786 3785//3785 3782//3782
f 3783//3783 3784//3784 3786//3786
f 3784//3784 3785//3785 3786//3786
f 3787//3787 3787//3787 3787//3787
f 3787//3787 3788//3788 3789//3789
f 3790//3790 3787//3787 3789//3789
f 3789//3789 3788//3788 3791//3791
f 3791//3791 3790//3790 3789//3789
f 3787//3787 3792//3792 3788//3788
f 3793//3793 3787//3787 3790//3790
f 3793//3793 3792//3792 3787//3787
f 3788//3788 3792//3792 3791//3791
f 3794//3794 3790//3790 3791//3791
f 3794//3794 3793//3793 3790//3790
f 3791//3791 3792//3792 3794//3794
f 3792//3792 3793//3793 3794//3794
f 3795//3795 3795//3795 3795//3795
f 3795//3795 3796//3796 3797//3797
f 3798//3798 3795//3795 3797//3797
f 3797//3797 3796//3796 3799//3799
f 3799//3799 3798//3798 3797//3797
f 3795//3795 3800//3800 3796//3796
f 3801//3801 3795//3795 3798//3798
f 3801//3801 3800//3800 3795//3795
f 3796//3796 3800//3800 3799//3799
f 3802//3802 3798//3798 3799//3799
f 3802//3802 3801//3801 3798//3798
f 3799//3799 3800//3800 3802//3802
f 3800//3800 3801//3801 3802//3802
f 3803//3803 3803//3803 3803//3803
f 3803//3803 3804//3804 3805//3805
f 3806//3806 3803//3803 3805//3805
f 3805//3805 3804//3804 3807//3807
f 3807//3807 3806//3806 3805//3805
f 3803//3803 3808//3808 3804//3804
f 3809//3809 3803//3803 3806//3806
f 3809//3809 3808//3808 3803//3803
f 3804//3804 3808//3808 3807//3807
f 3810//3810 3806//3806 3807//3807
f 3810//3810 3809//3809 3806//3806
f 3807//3807 3808//3808 3810//3810
f 3808//3808 3809//3809 3810//3810
f 3811//3811 3811//3811 3811//3811
f 3811//3811 3812//3812 3813//3813
f 3814//3814 3811//3811 3813//3813
f 3813//3813 3812//3812 3815//3815
f 3815//3815 3814//3814 3813//3813
f 3811//3811 3816//3816 3812//3812
f 3817//3817 3811//3811 3814//3814
f 3817//3817 3816//3816 3811//3811
f 3812//3812 3816//3816 3815//3815
f 3818//3818 3814//3814 3815//3815
f 3818//3818 3817//3817 3814//3814
f 3815//3815 3816//3816 3818//3818
f 3816//3816 3817//3817 3818//3818
f 3819//3819 3819//3819 3819//3819
f 3819//3819 3820//3820 3821//3821
f 3822//3822 3819//3819 3821//3821
f 3821//3821 3820//3820 3823//3823
f 3823//3823 3822//3822 3821//3821
f 3819//3819 3824//3824 3820//3820
f 3825//3825 3819//3819 3822//3822
f 3825//3825 3824//3824 3819//3819
f 3820//3820 3824//3824 3823//3823
f 3826//3826 3822//3822 3823//3823
f 3826//3826 3825//3825 3822//3822
f 3823//3823 3824//3824 3826//3826
f 3824//3824 3825//3825 3826//3826
f 3827//3827 3827//3827 3827//3827
f 3827//3827 3828//3828 3829//3829
f 3830//3830 3827//3827 3829//3829
f 3829//3829 3828//3828 3831//3831
f 3831//3831 3830//3830 3829//3829
f 3827//3827 3832//3832 3828//3828
f 3833//3833 3827//3827 3830//3830
f 3833//3833 3832//3832 3827//3827
f 3828//3828 3832//3832 3831//3831
f 3834//3834 3830//3830 3831//3831
f 3834//3834 3833//3833 3830//3830
f 3831//3831 3832//3832 3834//3834
f 3832//3832 3833//3833 3834//3834
f 3835//3835 3835//3835 3835//3835
f 3835//3835 3836//3836 3837//3837
f 3838//3838 3835//3835 3837//3837
f 3837//3837 3836//3836 3839//3839
f 3839//3839 3838//3838 3837//3837
f 3835//3835 3840//3840 3836//3836
f 3841//3841 3835//3835 3838//3838
f 3841//3841 3840//3840 3835//3835
f 3836//3836 3840//3840 3839//3839
f 3842//3842 3838//3838 3839//3839
f 3842//3842 3841//3841 3838//3838
f 3839//3839 3840//3840 3842//3842
f 3840//3840 3841//3841 3842//3842
f 3843//3843 3843//3843 3843//3843
f 3843//3843 3844//3844 3845//3845
f 3846//3846 3843//3843 3845//3845
f 3845//3845 3844//3844 3847//3847
f 3847//3847 3846//3846 3845//3845
f 3843//3843 3848//3848 3844//3844
f 3849//3849 3843//3843 3846//3846
f 3849//3849 3848//3848 3843//3843
f 3844//3844 3848//3848 3847//3847
f 3850//3850 3846//3846 3847//3847
f 3850//3850 3849//3849 3846//3846
f 3847//3847 3848//3848 3850//3850
f 3848//3848 3849//3849 3850//3850
f 3851//3851 3851//3851 3851//3851
f 3851//3851 3852//3852 3853//3853
f 3854//3854 3851//3851 3853//3853
f 3853//3853 3852//3852 3855//3855
f 3855//3855 3854//3854 3853//3853
f 3851//3851 3856//3856 3852//3852
f 3857//3857 3851//3851 3854//3854
f 3857//3857 3856//3856 3851//3851
f 3852//3852 3856//3856 3855//3855
f 3858//3858 3854//3854 3855//3855
f 3858//3858 3857//3857 3854//3854
f 3855//3855 3856//3856 3858//3858
f 3856//3856 3857//3857 3858//3858
f 3859//3859 3859//3859 3859//3859
f 3859//3859 3860//3860 3861//3861
f 3862//3862 3859//3859 3861//3861
f 3861//3861 3860//3860 3863//3863
f 3863//3863 3862//3862 3861//3861
f 3859//3859 3864//3864 3860//3860
f 3865//3865 3859//3859 3862//3862
f 3865//3865 3864//3864 3859//3859
f 3860//3860 3864//3864 3863//3863
f 3866//3866 3862//3862 3863//3863
f 3866//3866 3865//3865 3862//3862
f 3863//3863 3864//3864 3866//3866
f 3864//3864 3865//3865 3866//3866
f 3867//3867 3867//3867 3867//3867
f 3867//3867 3868//3868 3869//3869
f 3870//3870 3867//3867 3869//3869
f 3869//3869 3868//3868 3871//3871
f 3871//3871 3870//3870 3869//3869
f 3867//3867 3872//3872 3868//3868
f 3873//3873 3867//3867 3870//3870
f 3873//3873 3872//3872 3867//3867
f 3868//3868 3872//3872 3871//3871
f 3874//3874 3870//3870 3871//3871
f 3874//3874 3873//3873 3870//3870
f 3871//3871 3872//3872 3874//3874
f 3872//3872 3873//3873 3874//3874
f 3875//3875 3875//3875 3875//3875
f 3875//3875 3876//3876 3877//3877
f 3878//3878 3875//3875 3877//3877
f 3877//3877 3876//3876 3879//3879
f 3879//3879 3878//3878 3877//3877
f 3875//3875 3880//3880 3876//3876
f 3881//3881 3875//3875 3878//3878
f 3881//3881 3880//3880 3875//3875
f 3876//3876 3880//3880 3879//3879
f 3882//3882 3878//3878 3879//3879
f 3882//3882 3881//3881 3878//3878
f 3879//3879 3880//3880 3882//3882
f 3880//3880 3881//3881 3882//3882
f 3883//3883 3883//3883 3883//3883
f 3883//3883 3884//3884 3885//3885
f 3886//3886 3883//3883 3885//3885
f 3885//3885 3884//3884 3887//3887
f 3887//3887 3886//3886 3885//3885
f 3883//3883 3888//3888 3884//3884
f 3889//3889 3883//3883 3886//3886
f 3889//3889 3888//3888 3883//3883
f 3884//3884 3888//3888 3887//3887
f 3890//3890 3886//3886 3887//3887
f 3890//3890 3889//3889 3886//3886
f 3887//3887 3888//3888 3890//3890
f 3888//3888 3889//3889 3890//3890
f 3891//3891 3891//3891 3891//3891
f 3891//3891 3892//3892 3893//3893
f 3894//3894 3891//3891 3893//3893
f 3893//3893 3892//3892 3895//3895
f 3895//3895 3894//3894 3893//3893
f 3891//3891 3896//3896 3892//3892
f 3897//3897 3891//3891 3894//3894
f 3897//3897 3896//3896 3891//3891
f 3892//3892 3896//3896 3895//3895
f 3898//3898 3894//3894 3895//3895
f 3898//3898 3897//3897 3894//3894
f 3895//3895 3896//3896 3898//3898
f 3896//3896 3897//3897 3898//3898
f 3899//3899 3899//3899 3899//3899
f 3899//3899 3900//3900 3901//3901
f 3902//3902 3899//3899 3901//3901
f 3901//3901 3900//3900 3903//3903
f 3903//3903 3902//3902 3901//3901
f 3899//3899 3904//3904 3900//3900
f 3905//3905 3899//3899 3902//3902
f 3905//3905 3904//3904 3899//3899
f 3900//3900 3904//3904 3903//3903
f 3906//3906 3902//3902 3903//3903
f 3906//3906 3905//3905 3902//3902
f 3903//3903 3904//3904 3906//3906
f 3904//3904 3905//3905 3906//3906
f 3907//3907 3907//3907 3907//3907
f 3907//3907 3908//3908 3909//3909
f 3910//3910 3907//3907 3909//3909
f 3909//3909 3908//3908 3911//3911
f 3911//3911 3910//3910 3909//3909
f 3907//3907 3912//3912 3908//3908
f 3913//3913 3907//3907 3910//3910
f 3913//3913 3912//3912 3907//3907
f 3908//3908 3912//3912 3911//3911
f 3914//3914 3910//3910 3911//3911
f 3914//3914 3913//3913 3910//3910
f 3911//3911 3912//3912 3914//3914
f 3912//3912 3913//3913 3914//3914
f 3915//3915 3915//3915 3915//3915
f 3915//3915 3916//3916 3917//3917
f 3918//3918 3915//3915 3917//3917
f 3917//3917 3916//3916 3919//3919
f 3919//3919 3918//3918 3917//3917
f 3915//3915 3920//3920 3916//3916
f 3921//3921 3915//3915 3918//3918
f 3921//3921 3920//3920 3915//3915
f 3916//3916 3920//3920 3919//3919
f 3922//3922 3918//3918 3919//3919
f 3922//3922 3921//3921 3918//3918
f 3919//3919 3920//3920 3922//3922
f 3920//3920 3921//3921 3922//3922
f 3923//3923 3923//3923 3923//3923
f 3923//3923 3924//3924 3925//3925
f 3926//3926 3923//3923 3925//3925
f 3925//3925 3924//3924 3927//3927
f 3927//3927 3926//3926 3925//3925
f 3923//3923 3928//3928 3924//3924
f 3929//3929 3923//3923 3926//3926
f 3929//3929 3928//3928 3923//3923
f 3924//3924 3928//3928 3927//3927
f 3930//3930 3926//3926 3927//3927
f 3930//3930 3929//3929 3926//3926
f 3927//3927 3928//3928 3930//3930
f 3928//3928 3929//3929 3930//3930
f 3931//3931 3931//3931 3931//3931
f 3931//3931 3932//3932 3933//3933
f 3934//3934 3931//3931 3933//3933
f 3933//3933 3932//3932 3935//3935
f 3935//3935 3934//3934 3933//3933
f 3931//3931 3936//3936 3932//3932
f 3937//3937 3931//3931 3934//3934
f 3937//3937 3936//3936 3931//3931
f 3932//3932 3936//3936 3935//3935
f 3938//3938 3934//3934 3935//3935
f 3938//3938 3937//3937 3934//3934
f 3935//3935 3936//3936 3938//3938
f 3936//3936 3937//3937 3938//3938
f 3939//3939 3939//3939 3939//3939
f 3939//3939 3940//3940 3941//3941
f 3942//3942 3939//3939 3941//3941
f 3941//3941 3940//3940 3943//3943
f 3943//3943 3942//3942 3941//3941
f 3939//3939 3944//3944 3940//3940
f 3945//3945 3939//3939 3942//3942
f 3945//3945 3944//3944 3939//3939
f 3940//3940 3944//3944 3943//3943
f 3946//3946 3942//3942 3943//3943
f 3946//3946 3945//3945 3942//3942
f 3943//3943 3944//3944 3946//3946
f 3944//3944 3945//3945 3946//3946
f 3947//3947 3947//3947 3947//3947
f 3947//3947 3948//3948 3949//3949
f 3950//3950 3947//3947 3949//3949
f 3949//3949 3948//3948 3951//3951
f 3951//3951 3950//3950 3949//3949
f 3947//3947 3952//3952 3948//3948
f 3953//3953 3947//3947 3950//3950
f 3953//3953 3952//3952 3947//3947
f 3948//3948 3952//3952 3951//3951
f 3954//3954 3950//3950 3951//3951
f 3954//3954 3953//3953 3950//3950
f 3951//3951 3952//3952 3954//3954
f 3952//3952 3953//3953 3954//3954
f 3955//3955 3955//3955 3955//3955
f 3955//3955 3956//3956 3957//3957
f 3958//3958 3955//3955 3957//3957
f 3957//3957 3956//3956 3959//3959
f 3959//3959 3958//3958 3957//3957
f 3955//3955 3960//3960 3956//3956
f 3961//3961 3955//3955 3958//3958
f 3961//3961 3960//3960 3955//3955
f 3956//3956 3960//3960 3959//3959
f 3962//3962 3958//3958 3959//3959
f 3962//3962 3961//3961 3958//3958
f 3959//3959 3960//3960 3962//3962
f 3960//3960 3961//3961 3962//3962
f 3963//3963 3963//3963 3963//3963
f 3963//3963 3964//3964 3965//3965
f 3966//3966 3963//3963 3965//3965
f 3965//3965 3964//3964 3967//3967
f 3967//3967 3966//3966 3965//3965
f 3963//3963 3968//3968 3964//3964
f 3969//3969 3963//3963 3966//3966
f 3969//3969 3968//3968 3963//3963
f 3964//3964 3968//3968 3967//3967
f 3970//3970 3966//3966 3967//3967
f 3970//3970 3969//3969 3966//3966
f 3967//3967 3968//3968 3970//3970
f 3968//3968 3969//3969 3970//3970
f 3971//3971 3971//3971 3971//3971
f 3971//3971 3972//3972 3973//3973
f 3974//3974 3971//3971 3973//3973
f 3973//3973 3972//3972 3975//3975
f 3975//3975 3974//3974 3973//3973
f 3971//3971 3976//3976 3972//3972
f 3977//3977 3971//3971 3974//3974
f 3977//3977 3976//3976 3971//3971
f 3972//3972 3976//3976 3975//3975
f 3978//3978 3974//3974 3975//3975
f 3978//3978 3977//3977 3974//3974
f 3975//3975 3976//3976 3978//3978
f 3976//3976 3977//3977 3978//3978
f 3979//3979 3979//3979 3979//3979
f 3979//3979 3980//3980 3981//3981
f 3982//3982 3979//3979 3981//3981
f 3981//3981 3980//3980 3983//3983
f 3983//3983 3982//3982 3981//3981
f 3979//3979 3984//3984 3980//3980
f 3985//3985 3979//3979 3982//3982
f 3985//3985 3984//3984 3979//3979
f 3980//3980 3984//3984 3983//3983
f 3986//3986 3982//3982 3983//3983
f 3986//3986 3985//3985 3982//3982
f 3983//3983 3984//3984 3986//3986
f 3984//3984 3985//3985 3986//3986
f 3987//3987 3987//3987 3987//3987
f 3987//3987 3988//3988 3989//3989
f 3990//3990 3987//3987 3989//3989
f 3989//3989 3988//3988 3991//3991
f 3991//3991 3990//3990 3989//3989
f 3987//3987 3992//3992 3988//3988
f 3993//3993 3987//3987 3990//3990
f 3993//3993 3992//3992 3987//3987
f 3988//3988 3992//3992 3991//3991
f 3994//3994 3990//3990 3991//3991
f 3994//3994 3993//3993 3990//3990
f 3991//3991 3992//3992 3994//3994
f 3992//3992 3993//3993 3994//3994
f 3995//3995 3995//3995 3995//3995
f 3995//3995 3996//3996 3997//3997
f 3998//3998 3995//3995 3997//3997
f 3997//3997 3996//3996 3999//3999
f 3999//3999 3998//3998 3997//3997
f 3995//3995 4000//4000 3996//3996
f 4001//4001 3995//3995 3998//3998
f 4001//4001 4000//4000 3995//3995
f 3996//3996 4000//4000 3999//3999
f 4002//4002 3998//3998 3999//3999
f 4002//4002 4001//4001 3998//3998
f 3999//3999 4000//4000 4002//4002
f 4000//4000 4001//4001 4002//4002
f 4003//4003 4003//4003 4003//4003
f 4003//4003 4004//4004 4005//4005
f 4006//4006 4003//4003 4005//4005
f 4005//4005 4004//4004 4007//4007
f 4007//4007 4006//4006 4005//4005
f 4003//4003 4008//4008 4004//4004
f 4009//4009 4003//4003 4006//4006
f 4009//4009 4008//4008 4003//4003
f 4004//4004 4008//4008 4007//4007
f 4010//4010 4006//4006 4007//4007
f 4010//4010 4009//4009 4006//4006
f 4007//4007 4008//4008 4010//4010
f 4008//4008 4009//4009 4010//4010
f 4011//4011 4011//4011 4011//4011
f 4011//4011 4012//4012 4013//4013
f 4014//4014 4011//4011 4013//4013
f 4013//4013 4012//4012 4015//4015
f 4015//4015 4014//4014 4013//4013
f 4011//4011 4016//4016 4012//4012
f 4017//4017 4011//4011 4014//4014
f 4017//4017 4016//4016 4011//4011
f 4012//4012 4016//4016 4015//4015
f 4018//4018 4014//4014 4015//4015
f 4018//4018 4017//4017 4014//4014
f 4015//4015 4016//4016 4018//4018
f 4016//4016 4017//4017 4018//4018
f 4019//4019 4019//4019 4019//4019
f 4019//4019 4020//4020 4021//4021
f 4022//4022 4019//4019 4021//4021
f 4021//4021 4020//4020 4023//4023
f 4023//4023 4022//4022 4021//4021
f 4019//4019 4024//4024 4020//4020
f 4025//4025 4019//4019 4022//4022
f 4025//4025 4024//4024 4019//4019
f 4020//4020 4024//4024 4023//4023
f 4026//4026 4022//4022 4023//4023
f 4026//4026 4025//4025 4022//4022
f 4023//4023 4024//4024 4026//4026
f 4024//4024 4025//4025 4026//4026
f 4027//4027 4027//4027 4027//4027
f 4027//4027 4028//4028 4029//4029
f 4030//4030 4027//4027 4029//4029
f 4029//4029 4028//4028 4031//4031
f 4031//4031 4030//4030 4029//4029
f 4027//4027 4032//4032 4028//4028
f 4033//4033 4027//4027 4030//4030
f 4033//4033 4032//4032 4027//4027
f 4028//4028 4032//4032 4031//4031
f 4034//4034 4030//4030 4031//4031
f 4034//4034 4033//4033 4030//4030
f 4031//4031 4032//4032 4034//4034
f 4032//4032 4033//4033 4034//4034
f 4035//4035 4035//4035 4035//4035
f 4035//4035 4036//4036 4037//4037
f 4038//4038 4035//4035 4037//4037
f 4037//4037 4036//4036 4039//4039
f 4039//4039 4038//4038 4037//4037
f 4035//4035 4040//4040 4036//4036
f 4041//4041 4035//4035 4038//4038
f 4041//4041 4040//4040 4035//4035
f 4036//4036 4040//4040 4039//4039
f 4042//4042 4038//4038 4039//4039
f 4042//4042 4041//4041 4038//4038
f 4039//4039 4040//4040 4042//4042
f 4040//4040 4041//4041 4042//4042
f 4043//4043 4043//4043 4043//4043
f 4043//4043 4044//4044 4045//4045
f 4046//4046 4043//4043 4045//4045
f 4045//4045 4044//4044 4047//4047
f 4047//4047 4046//4046 4045//4045
f 4043//4043 4048//4048 4044//4044
f 4049//4049 4043//4043 4046//4046
f 4049//4049 4048//4048 4043//4043
f 4044//4044 4048//4048 4047//4047
f 4050//4050 4046//4046 4047//4047
f 4050//4050 4049//4049 4046//4046
f 4047//4047 4048//4048 4050//4050
f 4048//4048 4049//4049 4050//4050
f 4051//4051 4051//4051 4051//4051
f 4051//4051 4052//4052 4053//4053
f 4054//4054 4051//4051 4053//4053
f 4053//4053 4052//4052 4055//4055
f 4055//4055 4054//4054 4053//4053
f 4051//4051 4056//4056 4052//4052
f 4057//4057 4051//4051 4054//4054
f 4057//4057 4056//4056 4051//4051
f 4052//4052 4056//4056 4055//4055
f 4058//4058 4054//4054 4055//4055
f 4058//4058 4057//4057 4054//4054
f 4055//4055 4056//4056 4058//4058
f 4056//4056 4057//4057 4058//4058
f 4059//4059 4059//4059 4059//4059
f 4059//4059 4060//4060 4061//4061
f 4062//4062 4059//4059 4061//4061
f 4061//4061 4060//4060 4063//4063
f 4063//4063 4062//4062 4061//4061
f 4059//4059 4064//4064 4060//4060
f 4065//4065 4059//4059 4062//4062
f 4065//4065 4064//4064 4059//4059
f 4060//4060 4064//4064 4063//4063
f 4066//4066 4062//4062 4063//4063
f 4066//4066 4065//4065 4062//4062
f 4063//4063 4064//4064 4066//4066
f 4064//4064 4065//4065 4066//4066
f 4067//4067 4067//4067 4067//4067
f 4067//4067 4068//4068 4069//4069
f 4070//4070 4067//4067 4069//4069
f 4069//4069 4068//4068 4071//4071
f 4071//4071 4070//4070 4069//4069
f 4067//4067 4072//4072 4068//4068
f 4073//4073 4067//4067 4070//4070
f 4073//4073 4072//4072 4067//4067
f 4068//4068 4072//4072 4071//4071
f 4074//4074 4070//4070 4071//4071
f 4074//4074 4073//4073 4070//4070
f 4071//4071 4072//4072 4074//4074
f 4072//4072 4073//4073 4074//4074
f 4075//4075 4075//4075 4075//4075
f 4075//4075 4076//4076 4077//4077
f 4078//4078 4075//4075 4077//4077
f 4077//4077 4076//4076 4079//4079
f 4079//4079 4078//4078 4077//4077
f 4075//4075 4080//4080 4076//4076
f 4081//4081 4075//4075 4078//4078
f 4081//4081 4080//4080 4075//4075
f 4076//4076 4080//4080 4079//4079
f 4082//4082 4078//4078 4079//4079
f 4082//4082 4081//4081 4078//4078
f 4079//4079 4080//4080 4082//4082
f 4080//4080 4081//4081 4082//4082
f 4083//4083 4083//4083 4083//4083
f 4083//4083 4084//4084 4085//4085
f 4086//4086 4083//4083 4085//4085
f 4085//4085 4084//4084 4087//4087
f 4087//4087 4086//4086 4085//4085
f 4083//4083 4088//4088 4084//4084
f 4089//4089 4083//4083 4086//4086
f 4089//4089 4088//4088 4083//4083
f 4084//4084 4088//4088 4087//4087
f 4090//4090 4086//4086 4087//4087
f 4090//4090 4089//4089 4086//4086
f 4087//4087 4088//4088 4090//4090
f 4088//4088 4089//4089 4090//4090
f 4091//4091 4091//4091 4091//4091
f 4091//4091 4092//4092 4093//4093
f 4094//4094 4091//4091 4093//4093
f 4093//4093 4092//4092 4095//4095
f 4095//4095 4094//4094 4093//4093
f 4091//4091 4096//4096 4092//4092
f 4097//4097 4091//4091 4094//4094
f 4097//4097 4096//4096 4091//4091
f 4092//4092 4096//4096 4095//4095
f 4098//4098 4094//4094 4095//4095
f 4098//4098 4097//4097 4094//4094
f 4095//4095 4096//4096 4098//4098
f 4096//4096 4097//4097 4098//4098
f 4099//4099 4099//4099 4099//4099
f 4099//4099 4100//4100 4101//4101
f 4102//4102 4099//4099 4101//4101
f 4101//4101 4100//4100 4103//4103
f 4103//4103 4102//4102 4101//4101
f 4099//4099 4104//4104 4100//4100
f 4105//4105 4099//4099 4102//4102
f 4105//4105 4104//4104 4099//4099
f 4100//4100 4104//4104 4103//4103
f 4106//4106 4102//4102 4103//4103
f 4106//4106 4105//4105 4102//4102
f 4103//4103 4104//4104 4106//4106
f 4104//4104 4105//4105 4106//4106
f 4107//4107 4107//4107 4107//4107
f 4107//4107 4108//4108 4109//4109
f 4110//4110 4107//4107 4109//4109
f 4109//4109 4108//4108 4111//4111
f 4111//4111 4110//4110 4109//4109
f 4107//4107 4112//4112 4108//4108
f 4113//4113 4107//4107 4110//4110
f 4113//4113 4112//4112 4107//4107
f 4108//4108 4112//4112 4111//4111
f 4114//4114 4110//4110 4111//4111
f 4114//4114 4113//4113 4110//4110
f 4111//4111 4112//4112 4114//4114
f 4112//4112 4113//4113 4114//4114
f 4115//4115 4115//4115 4115//4115
f 4115//4115 4116//4116 4117//4117
f 4118//4118 4115//4115 4117//4117
f 4117//4117 4116//4116 4119//4119
f 4119//4119 4118//4118 4117//4117
f 4115//4115 4120//4120 4116//4116
f 4121//4121 4115//4115 4118//4118
f 4121//4121 4120//4120 4115//4115
f 4116//4116 4120//4120 4119//4119
f 4122//4122 4118//4118 4119//4119
f 4122//4122 4121//4121 4118//4118
f 4119//4119 4120//4120 4122//4122
f 4120//4120 4121//4121 4122//4122
f 4123//4123 4123//4123 4123//4123
f 4123//4123 4124//4124 4125//4125
f 4126//4126 4123//4123 4125//4125
f 4125//4125 4124//4124 4127//4127
f 4127//4127 4126//4126 4125//4125
f 4123//4123 4128//4128 4124//4124
f 4129//4129 4123//4123 4126//4126
f 4129//4129 4128//4128 4123//4123
f 4124//4124 4128//4128 4127//4127
f 4130//4130 4126//4126 4127//4127
f 4130//4130 4129//4129 4126//4126
f 4127//4127 4128//4128 4130//4130
f 4128//4128 4129//4129 4130//4130
f 4131//4131 4131//4131 4131//4131
f 4131//4131 4132//4132 4133//4133
f 4134//4134 4131//4131 4133//4133
f 4133//4133 4132//4132 4135//4135
f 4135//4135 4134//4134 4133//4133
f 4131//4131 4136//4136 4132//4132
f 4137//4137 4131//4131 4134//4134
f 4137//4137 4136//4136 4131//4131
f 4132//4132 4136//4136 4135//4135
f 4138//4138 4134//4134 4135//4135
f 4138//4138 4137//4137 4134//4134
f 4135//4135 4136//4136 4138//4138
f 4136//4136 4137//4137 4138//4138
f 4139//4139 4139//4139 4139//4139
f 4139//4139 4140//4140 4141//4141
f 4142//4142 4139//4139 4141//4141
f 4141//4141 4140//4140 4143//4143
f 4143//4143 4142//4142 4141//4141
f 4139//4139 4144//4144 4140//4140
f 4145//4145 4139//4139 4142//4142
f 4145//4145 4144//4144 4139//4139
f 4140//4140 4144//4144 4143//4143
f 4146//4146 4142//4142 4143//4143
f 4146//4146 4145//4145 4142//4142
f 4143//4143 4144//4144 4146//4146
f 4144//4144 4145//4145 4146//4146
f 4147//4147 4147//4147 4147//4147
f 4147//4147 4148//4148 4149//4149
f 4150//4150 4147//4147 4149//4149
f 4149//4149 4148//4148 4151//4151
f 4151//4151 4150//4150 4149//4149
f 4147//4147 4152//4152 4148//4148
f 4153//4153 4147//4147 4150//4150
f 4153//4153 4152//4152 4147//4147
f 4148//4148 4152//4152 4151//4151
f 4154//4154 4150//4150 4151//4151
f 4154//4154 4153//4153 4150//4150
f 4151//4151 4152//4152 4154//4154
f 4152//4152 4153//4153 4154//4154
f 4155//4155 4155//4155 4155//4155
f 4155//4155 4156//4156 4157//4157
f 4158//4158 4155//4155 4157//4157
f 4157//4157 4156//4156 4159//4159
f 4159//4159 4158//4158 4157//4157
f 4155//4155 4160//4160 4156//4156
f 4161//4161 4155//4155 4158//4158
f 4161//4161 4160//4160 4155//4155
f 4156//4156 4160//4160 4159//4159
f 4162//4162 4158//4158 4159//4159
f 4162//4162 4161//4161 4158//4158
f 4159//4159 4160//4160 4162//4162
f 4160//4160 4161//4161 4162//4162
f 4163//4163 4163//4163 4163//4163
f 4163//4163 4164//4164 4165//4165
f 4163//4163 4165//4165 4166//4166
f 4166//4166 4165//4165 4167//4167
f 4165//4165 4164//4164 4168//4168
f 4165//4165 4168//4168 4167//4167
f 4169//4169 4164//4164 4163//4163
f 4169//4169 4163//4163 4170//4170
f 4170//4170 4163//4163 4166//4166
f 4171//4171 4164//4164 4172//4172
f 4172//4172 4164//4164 4173//4173
f 4173//4173 4164//4164 4174//4174
f 4174//4174 4164//4164 4175//4175
f 4175//4175 4164//4164 4176//4176
f 4176//4176 4164//4164 4177//4177
f 4177//4177 4164//4164 4178//4178
f 4178//4178 4164//4164 4179//4179
f 4179//4179 4164//4164 4180//4180
f 4180//4180 4164//4164 4169//4169
f 4168//4168 4164//4164 4181//4181
f 4181//4181 4164//4164 4182//4182
f 4182//4182 4164//4164 4183//4183
f 4183//4183 4164//4164 4184//4184
f 4184//4184 4164//4164 4185//4185
f 4185//4185 4164//4164 4186//4186
f 4186//4186 4164//4164 4187//4187
f 4187//4187 4164//4164 4188//4188
f 4188//4188 4164//4164 4189//4189
f 4189//4189 4164//4164 4190//4190
f 4190//4190 4164//4164 4171//4171
f 4170//4170 4166//4166 4191//4191
f 4166//4166 4167//4167 4191//4191
f 4167//4167 4168//4168 4192//4192
f 4167//4167 4192//4192 4191//4191
f 4168//4168 4181//4181 4192//4192
f 4180//4180 4169//4169 4193//4193
f 4193//4193 4169//4169 4170//4170
f 4193//4193 4170//4170 4191//4191
f 4171//4171 4172//4172 4194//4194
f 4190//4190 4171//4171 4195//4195
f 4195//4195 4171//4171 4194//4194
f 4194//4194 4172//4172 4196//4196
f 4172//4172 4173//4173 4196//4196
f 4196//4196 4173//4173 4197//4197
f 4173//4173 4174//4174 4197//4197
f 4197//4197 4174//4174 4198//4198
f 4174//4174 4175//4175 4198//4198
f 4198//4198 4175//4175 4199//4199
f 4175//4175 4176//4176 4199//4199
f 4199//4199 4176//4176 4200//4200
f 4176//4176 4177//4177 4200//4200
f 4200//4200 4177//4177 4201//4201
f 4177//4177 4178//4178 4201//4201
f 4201//4201 4178//4178 4202//4202
f 4178//4178 4179//4179 4202//4202
f 4202//4202 4179//4179 4203//4203
f 4179//4179 4180//4180 4203//4203
f 4203//4203 4180//4180 4193//4193
f 4192//4192 4181//4181 4204//4204
f 4181//4181 4182//4182 4204//4204
f 4204//4204 4182//4182 4205//4205
f 4182//4182 4183//4183 4205//4205
f 4205//4205 4183//4183 4206//4206
f 4183//4183 4184//4184 4206//4206
f 4206//4206 4184//4184 4207//4207
f 4184//4184 4185//4185 4207//4207
f 4207//4207 4185//4185 4208//4208
f 4185//4185 4186//4186 4208//4208
f 4208//4208 4186//4186 4209//4209
f 4186//4186 4187//4187 4209//4209
f 4209//4209 4187//4187 4210//4210
f 4187//4187 4188//4188 4210//4210
f 4210//4210 4188//4188 4211//4211
f 4188//4188 4189//4189 4211//4211
f 4211//4211 4189//4189 4212//4212
f 4189//4189 4190//4190 4212//4212
f 4212//4212 4190//4190 4195//4195
f 4194//4194 4196//4196 4191//4191
f 4196//4196 4197//4197 4191//4191
f 4197//4197 4198//4198 4191//4191
f 4198//4198 4199//4199 4191//4191
f 4199//4199 4200//4200 4191//4191
f 4200//4200 4201//4201 4191//4191
f 4201//4201 4202//4202 4191//4191
f 4202//4202 4203//4203 4191//4191
f 4203//4203 4193//4193 4191//4191
f 4192//4192 4204//4204 4191//4191
f 4204//4204 4205//4205 4191//4191
f 4205//4205 4206//4206 4191//4191
f 4206//4206 4207//4207 4191//4191
f 4207//4207 4208//4208 4191//4191
f 4208//4208 4209//4209 4191//4191
f 4209//4209 4210//4210 4191//4191
f 4210//4210 4211//4211 4191//4191
f 4211//4211 4212//4212 4191//4191
f 4212//4212 4195//4195 4191//4191
f 4195//4195 4194//4194 4191//4191
f 4213//4213 4213//4213 4213//4213
f 4213//4213 4214//4214 4215//4215
f 4213//4213 4215//4215 4216//4216
f 4216//4216 4215//4215 4217//4217
f 4215//4215 4214//4214 4218//4218
f 4215//4215 4218//4218 4217//4217
f 4219//4219 4214//4214 4213//4213
f 4219//4219 4213//4213 4220//4220
f 4220//4220 4213//4213 4216//4216
f 4221//4221 4214//4214 4222//4222
f 4222//4222 4214//4214 4223//4223
f 4223//4223 4214//4214 4224//4224
f 4224//4224 4214//4214 4225//4225
f 4225//4225 4214//4214 4226//4226
f 4226//4226 4214//4214 4227//4227
f 4227//4227 4214//4214 4228//4228
f 4228//4228 4214//4214 4229//4229
f 4229//4229 4214//4214 4230//4230
f 4230//4230 4214//4214 4219//4219
f 4218//4218 4214//4214 4231//4231
f 4231//4231 4214//4214 4232//4232
f 4232//4232 4214//4214 4233//4233
f 4233//4233 4214//4214 4234//4234
f 4234//4234 4214//4214 4235//4235
f 4235//4235 4214//4214 4236//4236
f 4236//4236 4214//4214 4237//4237
f 4237//4237 4214//4214 4238//4238
f 4238//4238 4214//4214 4239//4239
f 4239//4239 4214//4214 4240//4240
f 4240//4240 4214//4214 4221//4221
f 4220//4220 4216//4216 4241//4241
f 4216//4216 4217//4217 4241//4241
f 4217//4217 4218//4218 4242//4242
f 4217//4217 4242//4242 4241//4241
f 4218//4218 4231//4231 4242//4242
f 4230//4230 4219//4219 4243//4243
f 4243//4243 4219//4219 4220//4220
f 4243//4243 4220//4220 4241//4241
f 4221//4221 4222//4222 4244//4244
f 4240//4240 4221//4221 4245//4245
f 4245//4245 4221//4221 4244//4244
f 4244//4244 4222//4222 4246//4246
f 4222//4222 4223//4223 4246//4246
f 4246//4246 4223//4223 4247//4247
f 4223//4223 4224//4224 4247//4247
f 4247//4247 4224//4224 4248//4248
f 4224//4224 4225//4225 4248//4248
f 4248//4248 4225//4225 4249//4249
f 4225//4225 4226//4226 4249//4249
f 4249//4249 4226//4226 4250//4250
f 4226//4226 4227//4227 4250//4250
f 4250//4250 4227//4227 4251//4251
f 4227//4227 4228//4228 4251//4251
f 4251//4251 4228//4228 4252//4252
f 4228//4228 4229//4229 4252//4252
f 4252//4252 4229//4229 4253//4253
f 4229//4229 4230//4230 4253//4253
f 4253//4253 4230//4230 4243//4243
f 4242//4242 4231//4231 4254//4254
f 4231//4231 4232//4232 4254//4254
f 4254//4254 4232//4232 4255//4255
f 4232//4232 4233//4233 4255//4255
f 4255//4255 4233//4233 4256//4256
f 4233//4233 4234//4234 4256//4256
f 4256//4256 4234//4234 4257//4257
f 4234//4234 4235//4235 4257//4257
f 4257//4257 4235//4235 4258//4258
f 4235//4235 4236//4236 4258//4258
f 4258//4258 4236//4236 4259//4259
f 4236//4236 4237//4237 4259//4259
f 4259//4259 4237//4237 4260//4260
f 4237//4237 4238//4238 4260//4260
f 4260//4260 4238//4238 4261//4261
f 4238//4238 4239//4239 4261//4261
f 4261//4261 4239//4239 4262//4262
f 4239//4239 4240//4240 4262//4262
f 4262//4262 4240//4240 4245//4245
f 4244//4244 4246//4246 4241//4241
f 4246//4246 4247//4247 4241//4241
f 4247//4247 4248//4248 4241//4241
f 4248//4248 4249//4249 4241//4241
f 4249//4249 4250//4250 4241//4241
f 4250//4250 4251//4251 4241//4241
f 4251//4251 4252//4252 4241//4241
f 4252//4252 4253//4253 4241//4241
f 4253//4253 4243//4243 4241//4241
f 4242//4242 4254//4254 4241//4241
f 4254//4254 4255//4255 4241//4241
f 4255//4255 4256//4256 4241//4241
f 4256//4256 4257//4257 4241//4241
f 4257//4257 4258//4258 4241//4241
f 4258//4258 4259//4259 4241//4241
f 4259//4259 4260//4260 4241//4241
f 4260//4260 4261//4261 4241//4241
f 4261//4261 4262//4262 4241//4241
f 4262//4262 4245//4245 4241//4241
f 4245//4245 4244//4244 4241//4241
f 4263//4263 4263//4263 4263//4263
f 4263//4263 4264//4264 4265//4265
f 4263//4263 4265//4265 4266//4266
f 4266//4266 4265//4265 4267//4267
f 4265//4265 4264//4264 4268//4268
f 4265//4265 4268//4268 4267//4267
f 4269//4269 4264//4264 4263//4263
f 4269//4269 4263//4263 4270//4270
f 4270//4270 4263//4263 4266//4266
f 4271//4271 4264//4264 4272//4272
f 4272//4272 4264//4264 4273//4273
f 4273//4273 4264//4264 4274//4274
f 4274//4274 4264//4264 4275//4275
f 4275//4275 4264//4264 4276//4276
f 4276//4276 4264//4264 4277//4277
f 4277//4277 4264//4264 4278//4278
f 4278//4278 4264//4264 4279//4279
f 4279//4279 4264//4264 4280//4280
f 4280//4280 4264//4264 4281//4281
f 4281//4281 4264//4264 4282//4282
f 4282//4282 4264//4264 4283//4283
f 4283//4283 4264//4264 4284//4284
f 4284//4284 4264//4264 4269//4269
f 4268//4268 4264//4264 4285//4285
f 4285//4285 4264//4264 4286//4286
f 4286//4286 4264//4264 4287//4287
f 4287//4287 4264//4264 4288//4288
f 4288//4288 4264//4264 4289//4289
f 4289//4289 4264//4264 4290//4290
f 4290//4290 4264//4264 4291//4291
f 4291//4291 4264//4264 4292//4292
f 4292//4292 4264//4264 4293//4293
f 4293//4293 4264//4264 4294//4294
f 4294//4294 4264//4264 4295//4295
f 4295//4295 4264//4264 4296//4296
f 4296//4296 4264//4264 4297//4297
f 4297//4297 4264//4264 4298//4298
f 4298//4298 4264//4264 4271//4271
f 4270//4270 4266//4266 4299//4299
f 4266//4266 4267//4267 4299//4299
f 4267//4267 4268//4268 4300//4300
f 4267//4267 4300//4300 4299//4299
f 4268//4268 4285//4285 4300//4300
f 4284//4284 4269//4269 4301//4301
f 4301//4301 4269//4269 4270//4270
f 4301//4301 4270//4270 4299//4299
f 4271//4271 4272//4272 4302//4302
f 4298//4298 4271//4271 4303//4303
f 4303//4303 4271//4271 4302//4302
f 4302//4302 4272//4272 4304//4304
f 4272//4272 4273//4273 4304//4304
f 4304//4304 4273//4273 4305//4305
f 4273//4273 4274//4274 4305//4305
f 4305//4305 4274//4274 4306//4306
f 4274//4274 4275//4275 4306//4306
f 4306//4306 4275//4275 4307//4307
f 4275//4275 4276//4276 4307//4307
f 4307//4307 4276//4276 4308//4308
f 4276//4276 4277//4277 4308//4308
f 4308//4308 4277//4277 4309//4309
f 4277//4277 4278//4278 4309//4309
f 4309//4309 4278//4278 4310//4310
f 4278//4278 4279//4279 4310//4310
f 4310//4310 4279//4279 4311//4311
f 4279//4279 4280//4280 4311//4311
f 4311//4311 4280//4280 4312//4312
f 4280//4280 4281//4281 4312//4312
f 4312//4312 4281//4281 4313//4313
f 4281//4281 4282//4282 4313//4313
f 4313//4313 4282//4282 4314//4314
f 4282//4282 4283//4283 4314//4314
f 4314//4314 4283//4283 4315//4315
f 4283//4283 4284//4284 4315//4315
f 4315//4315 4284//4284 4301//4301
f 4300//4300 4285//4285 4316//4316
f 4285//4285 4286//4286 4316//4316
f 4316//4316 4286//4286 4317//4317
f 4286//4286 4287//4287 4317//4317
f 4317//4317 4287//4287 4318//4318
f 4287//4287 4288//4288 4318//4318
f 4318//4318 4288//4288 4319//4319
f 4288//4288 4289//4289 4319//4319
f 4319//4319 4289//4289 4320//4320
f 4289//4289 4290//4290 4320//4320
f 4320//4320 4290//4290 4321//4321
f 4290//4290 4291//4291 4321//4321
f 4321//4321 4291//4291 4322//4322
f 4291//4291 4292//4292 4322//4322
f 4322//4322 4292//4292 4323//4323
f 4292//4292 4293//4293 4323//4323
f 4323//4323 4293//4293 4324//4324
f 4293//4293 4294//4294 4324//4324
f 4324//4324 4294//4294 4325//4325
f 4294//4294 4295//4295 4325//4325
f 4325//4325 4295//4295 4326//4326
f 4295//4295 4296//4296 4326//4326
f 4326//4326 4296//4296 4327//4327
f 4296//4296 4297//4297 4327//4327
f 4327//4327 4297//4297 4328//4328
f 4297//4297 4298//4298 4328//4328
f 4328//4328 4298//4298 4303//4303
f 4302//4302 4304//4304 4299//4299
f 4304//4304 4305//4305 4299//4299
f 4305//4305 4306//4306 4299//4299
f 4306//4306 4307//4307 4299//4299
f 4307//4307 4308//4308 4299//4299
f 4308//4308 4309//4309 4299//4299
f 4309//4309 4310//4310 4299//4299
f 4310//4310 4311//4311 4299//4299
f 4311//4311 4312//4312 4299//4299
f 4312//4312 4313//4313 4299//4299
f 4313//4313 4314//4314 4299//4299
f 4314//4314 4315//4315 4299//4299
f 4315//4315 4301//4301 4299//4299
f 4300//4300 4316//4316 4299//4299
f 4316//4316 4317//4317 4299//4299
f 4317//4317 4318//4318 4299//4299
f 4318//4318 4319//4319 4299//4299
f 4319//4319 4320//4320 4299//4299
f 4320//4320 4321//4321 4299//4299
f 4321//4321 4322//4322 4299//4299
f 4322//4322 4323//4323 4299//4299
f 4323//4323 4324//4324 4299//4299
f 4324//4324 4325//4325 4299//4299
f 4325//4325 4326//4326 4299//4299
f 4326//4326 4327//4327 4299//4299
f 4327//4327 4328//4328 4299//4299
f 4328//4328 4303//4303 4299//4299
f 4303//4303 4302//4302 4299//4299
f 4329//4329 4329//4329 4329//4329
f 4329//4329 4330//4330 4331//4331
f 4332//4332 4329//4329 4331//4331
f 4331//4331 4330//4330 4333//4333
f 4333//4333 4332//4332 4331//4331
f 4329//4329 4334//4334 4330//4330
f 4335//4335 4329//4329 4332//4332
f 4335//4335 4334//4334 4329//4329
f 4330//4330 4334//4334 4333//4333
f 4336//4336 4332//4332 4333//4333
f 4336//4336 4335//4335 4332//4332
f 4333//4333 4334//4334 4336//4336
f 4334//4334 4335//4335 4336//4336
f 4337//4337 4337//4337 4337//4337
f 4337//4337 4338//4338 4339//4339
f 4340//4340 4337//4337 4339//4339
f 4339//4339 4338//4338 4341//4341
f 4341//4341 4340//4340 4339//4339
f 4337//4337 4342//4342 4338//4338
f 4343//4343 4337//4337 4340//4340
f 4343//4343 4342//4342 4337//4337
f 4338//4338 4342//4342 4341//4341
f 4344//4344 4340//4340 4341//4341
f 4344//4344 4343//4343 4340//4340
f 4341//4341 4342//4342 4344//4344
f 4342//4342 4343//4343 4344//4344
f 4345//4345 4345//4345 4345//4345
f 4345//4345 4346//4346 4347//4347
f 4348//4348 4345//4345 4347//4347
f 4345//4345 4349//4349 4346//4346
f 4350//4350 4345//4345 4348//4348
f 4350//4350 4349//4349 4345//4345
f 4347//4347 4346//4346 4351//4351
f 4346//4346 4349//4349 4351//4351
f 4351//4351 4348//4348 4347//4347
f 4352//4352 4348//4348 4351//4351
f 4352//4352 4350//4350 4348//4348
f 4351//4351 4349//4349 4352//4352
f 4349//4349 4350//4350 4352//4352
f 4353//4353 4353//4353 4353//4353
f 4353//4353 4354//4354 4355//4355
f 4356//4356 4353//4353 4355//4355
f 4353//4353 4357//4357 4354//4354
f 4358//4358 4353//4353 4356//4356
f 4358//4358 4357//4357 4353//4353
f 4355//4355 4354//4354 4359//4359
f 4354//4354 4357//4357 4359//4359
f 4359//4359 4356//4356 4355//4355
f 4360//4360 4356//4356 4359//4359
f 4360//4360 4358//4358 4356//4356
f 4359//4359 4357//4357 4360//4360
f 4357//4357 4358//4358 4360//4360
f 4361//4361 4361//4361 4361//4361
f 4361//4361 4362//4362 4363//4363
f 4364//4364 4361//4361 4363//4363
f 4361//4361 4365//4365 4362//4362
f 4366//4366 4361//4361 4364//4364
f 4366//4366 4365//4365 4361//4361
f 4363//4363 4362//4362 4367//4367
f 4362//4362 4365//4365 4367//4367
f 4367//4367 4364//4364 4363//4363
f 4368//4368 4364//4364 4367//4367
f 4368//4368 4366//4366 4364//4364
f 4367//4367 4365//4365 4368//4368
f 4365//4365 4366//4366 4368//4368
f 4369//4369 4369//4369 4369//4369
f 4369//4369 4370//4370 4371//4371
f 4372//4372 4369//4369 4371//4371
f 4369//4369 4373//4373 4370//4370
f 4374//4374 4369//4369 4372//4372
f 4374//4374 4373//4373 4369//4369
f 4371//4371 4370//4370 4375//4375
f 4370//4370 4373//4373 4375//4375
f 4375//4375 4372//4372 4371//4371
f 4376//4376 4372//4372 4375//4375
f 4376//4376 4374//4374 4372//4372
f 4375//4375 4373//4373 4376//4376
f 4373//4373 4374//4374 4376//4376
f 4377//4377 4377//4377 4377//4377
f 4377//4377 4378//4378 4379//4379
f 4380//4380 4377//4377 4379//4379
f 4377//4377 4381//4381 4378//4378
f 4382//4382 4377//4377 4380//4380
f 4382//4382 4381//4381 4377//4377
f 4379//4379 4378//4378 4383//4383
f 4378//4378 4381//4381 4383//4383
f 4383//4383 4380//4380 4379//4379
f 4384//4384 4380//4380 4383//4383
f 4384//4384 4382//4382 4380//4380
f 4383//4383 4381//4381 4384//4384
f 4381//4381 4382//4382 4384//4384
f 4385//4385 4385//4385 4385//4385
f 4385//4385 4386//4386 4387//4387
f 4388//4388 4385//4385 4387//4387
f 4385//4385 4389//4389 4386//4386
f 4390//4390 4385//4385 4388//4388
f 4390//4390 4389//4389 4385//4385
f 4387//4387 4386//4386 4391//4391
f 4386//4386 4389//4389 4391//4391
f 4391//4391 4388//4388 4387//4387
f 4392//4392 4388//4388 4391//4391
f 4392//4392 4390//4390 4388//4388
f 4391//4391 4389//4389 4392//4392
f 4389//4389 4390//4390 4392//4392
f 4393//4393 4393//4393 4393//4393
f 4393//4393 4394//4394 4395//4395
f 4396//4396 4393//4393 4395//4395
f 4393//4393 4397//4397 4394//4394
f 4398//4398 4393//4393 4396//4396
f 4398//4398 4397//4397 4393//4393
f 4395//4395 4394//4394 4399//4399
f 4394//4394 4397//4397 4399//4399
f 4399//4399 4396//4396 4395//4395
f 4400//4400 4396//4396 4399//4399
f 4400//4400 4398//4398 4396//4396
f 4399//4399 4397//4397 4400//4400
f 4397//4397 4398//4398 4400//4400
f 4401//4401 4401//4401 4401//4401
f 4401//4401 4402//4402 4403//4403
f 4404//4404 4401//4401 4403//4403
f 4401//4401 4405//4405 4402//4402
f 4406//4406 4401//4401 4404//4404
f 4406//4406 4405//4405 4401//4401
f 4403//4403 4402//4402 4407//4407
f 4402//4402 4405//4405 4407//4407
f 4407//4407 4404//4404 4403//4403
f 4408//4408 4404//4404 4407//4407
f 4408//4408 4406//4406 4404//4404
f 4407//4407 4405//4405 4408//4408
f 4405//4405 4406//4406 4408//4408
f 4409//4409 4409//4409 4409//4409
f 4409//4409 4410//4410 4411//4411
f 4412//4412 4409//4409 4411//4411
f 4409//4409 4413//4413 4410//4410
f 4414//4414 4409//4409 4412//4412
f 4414//4414 4413//4413 4409//4409
f 4411//4411 4410//4410 4415//4415
f 4410//4410 4413//4413 4415//4415
f 4415//4415 4412//4412 4411//4411
f 4416//4416 4412//4412 4415//4415
f 4416//4416 4414//4414 4412//4412
f 4415//4415 4413//4413 4416//4416
f 4413//4413 4414//4414 4416//4416
f 4417//4417 4417//4417 4417//4417
f 4417//4417 4418//4418 4419//4419
f 4420//4420 4417//4417 4419//4419
f 4417//4417 4421//4421 4418//4418
f 4422//4422 4417//4417 4420//4420
f 4422//4422 4421//4421 4417//4417
f 4419//4419 4418//4418 4423//4423
f 4418//4418 4421//4421 4423//4423
f 4423//4423 4420//4420 4419//4419
f 4424//4424 4420//4420 4423//4423
f 4424//4424 4422//4422 4420//4420
f 4423//4423 4421//4421 4424//4424
f 4421//4421 4422//4422 4424//4424
f 4425//4425 4425//4425 4425//4425
f 4425//4425 4426//4426 4427//4427
f 4428//4428 4425//4425 4427//4427
f 4425//4425 4429//4429 4426//4426
f 4430//4430 4425//4425 4428//4428
f 4430//4430 4429//4429 4425//4425
f 4427//4427 4426//4426 4431//4431
f 4426//4426 4429//4429 4431//4431
f 4431//4431 4428//4428 4427//4427
f 4432//4432 4428//4428 4431//4431
f 4432//4432 4430//4430 4428//4428
f 4431//4431 4429//4429 4432//4432
f 4429//4429 4430//4430 4432//4432
f 4433//4433 4433//4433 4433//4433
f 4433//4433 4434//4434 4435//4435
f 4436//4436 4433//4433 4435//4435
f 4433//4433 4437//4437 4434//4434
f 4438//4438 4433//4433 4436//4436
f 4438//4438 4437//4437 4433//4433
f 4435//4435 4434//4434 4439//4439
f 4434//4434 4437//4437 4439//4439
f 4439//4439 4436//4436 4435//4435
f 4440//4440 4436//4436 4439//4439
f 4440//4440 4438//4438 4436//4436
f 4439//4439 4437//4437 4440//4440
f 4437//4437 4438//4438 4440//4440
f 4441//4441 4441//4441 4441//4441
f 4441//4441 4442//4442 4443//4443
f 4444//4444 4441//4441 4443//4443
f 4441//4441 4445//4445 4442//4442
f 4446//4446 4441//4441 4444//4444
f 4446//4446 4445//4445 4441//4441
f 4443//4443 4442//4442 4447//4447
f 4442//4442 4445//4445 4447//4447
f 4447//4447 4444//4444 4443//4443
f 4448//4448 4444//4444 4447//4447
f 4448//4448 4446//4446 4444//4444
f 4447//4447 4445//4445 4448//4448
f 4445//4445 4446//4446 4448//4448
f 4449//4449 4449//4449 4449//4449
f 4449//4449 4450//4450 4451//4451
f 4452//4452 4449//4449 4451//4451
f 4449//4449 4453//4453 4450//4450
f 4454//4454 4449//4449 4452//4452
f 4454//4454 4453//4453 4449//4449
f 4451//4451 4450//4450 4455//4455
f 4450//4450 4453//4453 4455//4455
f 4455//4455 4452//4452 4451//4451
f 4456//4456 4452//4452 4455//4455
f 4456//4456 4454//4454 4452//4452
f 4455//4455 4453//4453 4456//4456
f 4453//4453 4454//4454 4456//4456
f 4457//4457 4457//4457 4457//4457
f 4457//4457 4458//4458 4459//4459
f 4460//4460 4457//4457 4459//4459
f 4457//4457 4461//4461 4458//4458
f 4462//4462 4457//4457 4460//4460
f 4462//4462 4461//4461 4457//4457
f 4459//4459 4458//4458 4463//4463
f 4458//4458 4461//4461 4463//4463
f 4463//4463 4460//4460 4459//4459
f 4464//4464 4460//4460 4463//4463
f 4464//4464 4462//4462 4460//4460
f 4463//4463 4461//4461 4464//4464
f 4461//4461 4462//4462 4464//4464
f 4465//4465 4465//4465 4465//4465
f 4465//4465 4466//4466 4467//4467
f 4468//4468 4465//4465 4467//4467
f 4465//4465 4469//4469 4466//4466
f 4470//4470 4465//4465 4468//4468
f 4470//4470 4469//4469 4465//4465
f 4467//4467 4466//4466 4471//4471
f 4466//4466 4469//4469 4471//4471
f 4471//4471 4468//4468 4467//4467
f 4472//4472 4468//4468 4471//4471
f 4472//4472 4470//4470 4468//4468
f 4471//4471 4469//4469 4472//4472
f 4469//4469 4470//4470 4472//4472
f 4473//4473 4473//4473 4473//4473
f 4473//4473 4474//4474 4475//4475
f 4476//4476 4473//4473 4475//4475
f 4473//4473 4477//4477 4474//4474
f 4478//4478 4473//4473 4476//4476
f 4478//4478 4477//4477 4473//4473
f 4475//4475 4474//4474 4479//4479
f 4474//4474 4477//4477 4479//4479
f 4479//4479 4476//4476 4475//4475
f 4480//4480 4476//4476 4479//4479
f 4480//4480 4478//4478 4476//4476
f 4479//4479 4477//4477 4480//4480
f 4477//4477 4478//4478 4480//4480
f 4481//4481 4481//4481 4481//4481
f 4481//4481 4482//4482 4483//4483
f 4484//4484 4481//4481 4483//4483
f 4481//4481 4485//4485 4482//4482
f 4486//4486 4481//4481 4484//4484
f 4486//4486 4485//4485 4481//4481
f 4483//4483 4482//4482 4487//4487
f 4482//4482 4485//4485 4487//4487
f 4487//4487 4484//4484 4483//4483
f 4488//4488 4484//4484 4487//4487
f 4488//4488 4486//4486 4484//4484
f 4487//4487 4485//4485 4488//4488
f 4485//4485 4486//4486 4488//4488
f 4489//4489 4489//4489 4489//4489
f 4489//4489 4490//4490 4491//4491
f 4492//4492 4489//4489 4491//4491
f 4489//4489 4493//4493 4490//4490
f 4494//4494 4489//4489 4492//4492
f 4494//4494 4493//4493 4489//4489
f 4491//4491 4490//4490 4495//4495
f 4490//4490 4493//4493 4495//4495
f 4495//4495 4492//4492 4491//4491
f 4496//4496 4492//4492 4495//4495
f 4496//4496 4494//4494 4492//4492
f 4495//4495 4493//4493 4496//4496
f 4493//4493 4494//4494 4496//4496
f 4497//4497 4497//4497 4497//4497
f 4497//4497 4498//4498 4499//4499
f 4500//4500 4497//4497 4499//4499
f 4497//4497 4501//4501 4498//4498
f 4502//4502 4497//4497 4500//4500
f 4502//4502 4501//4501 4497//4497
f 4499//4499 4498//4498 4503//4503
f 4498//4498 4501//4501 4503//4503
f 4503//4503 4500//4500 4499//4499
f 4504//4504 4500//4500 4503//4503
f 4504//4504 4502//4502 4500//4500
f 4503//4503 4501//4501 4504//4504
f 4501//4501 4502//4502 4504//4504
f 4505//4505 4505//4505 4505//4505
f 4505//4505 4506//4506 4507//4507
f 4508//4508 4505//4505 4507//4507
f 4505//4505 4509//4509 4506//4506
f 4510//4510 4505//4505 4508//4508
f 4510//4510 4509//4509 4505//4505
f 4507//4507 4506//4506 4511//4511
f 4506//4506 4509//4509 4511//4511
f 4511//4511 4508//4508 4507//4507
f 4512//4512 4508//4508 4511//4511
f 4512//4512 4510//4510 4508//4508
f 4511//4511 4509//4509 4512//4512
f 4509//4509 4510//4510 4512//4512
f 4513//4513 4513//4513 4513//4513
f 4513//4513 4514//4514 4515//4515
f 4516//4516 4513//4513 4515//4515
f 4513//4513 4517//4517 4514//4514
f 4518//4518 4513//4513 4516//4516
f 4518//4518 4517//4517 4513//4513
f 4515//4515 4514//4514 4519//4519
f 4514//4514 4517//4517 4519//4519
f 4519//4519 4516//4516 4515//4515
f 4520//4520 4516//4516 4519//4519
f 4520//4520 4518//4518 4516//4516
f 4519//4519 4517//4517 4520//4520
f 4517//4517 4518//4518 4520//4520
f 4521//4521 4521//4521 4521//4521
f 4521//4521 4522//4522 4523//4523
f 4524//4524 4521//4521 4523//4523
f 4521//4521 4525//4525 4522//4522
f 4526//4526 4521//4521 4524//4524
f 4526//4526 4525//4525 4521//4521
f 4523//4523 4522//4522 4527//4527
f 4522//4522 4525//4525 4527//4527
f 4527//4527 4524//4524 4523//4523
f 4528//4528 4524//4524 4527//4527
f 4528//4528 4526//4526 4524//4524
f 4527//4527 4525//4525 4528//4528
f 4525//4525 4526//4526 4528//4528
f 4529//4529 4529//4529 4529//4529
f 4529//4529 4530//4530 4531//4531
f 4532//4532 4529//4529 4531//4531
f 4529//4529 4533//4533 4530//4530
f 4534//4534 4529//4529 4532//4532
f 4534//4534 4533//4533 4529//4529
f 4531//4531 4530//4530 4535//4535
f 4530//4530 4533//4533 4535//4535
f 4535//4535 4532//4532 4531//4531
f 4536//4536 4532//4532 4535//4535
f 4536//4536 4534//4534 4532//4532
f 4535//4535 4533//4533 4536//4536
f 4533//4533 4534//4534 4536//4536
f 4537//4537 4537//4537 4537//4537
f 4537//4537 4538//4538 4539//4539
f 4540//4540 4537//4537 4539//4539
f 4537//4537 4541//4541 4538//4538
f 4542//4542 4537//4537 4540//4540
f 4542//4542 4541//4541 4537//4537
f 4539//4539 4538//4538 4543//4543
f 4538//4538 4541//4541 4543//4543
f 4543//4543 4540//4540 4539//4539
f 4544//4544 4540//4540 4543//4543
f 4544//4544 4542//4542 4540//4540
f 4543//4543 4541//4541 4544//4544
f 4541//4541 4542//4542 4544//4544
f 4545//4545 4545//4545 4545//4545
f 4545//4545 4546//4546 4547//4547
f 4548//4548 4545//4545 4547//4547
f 4545//4545 4549//4549 4546//4546
f 4550//4550 4545//4545 4548//4548
f 4550//4550 4549//4549 4545//4545
f 4547//4547 4546//4546 4551//4551
f 4546//4546 4549//4549 4551//4551
f 4551//4551 4548//4548 4547//4547
f 4552//4552 4548//4548 4551//4551
f 4552//4552 4550//4550 4548//4548
f 4551//4551 4549//4549 4552//4552
f 4549//4549 4550//4550 4552//4552
f 4553//4553 4553//4553 4553//4553
f 4553//4553 4554//4554 4555//4555
f 4556//4556 4553//4553 4555//4555
f 4553//4553 4557//4557 4554//4554
f 4558//4558 4553//4553 4556//4556
f 4558//4558 4557//4557 4553//4553
f 4555//4555 4554//4554 4559//4559
f 4554//4554 4557//4557 4559//4559
f 4559//4559 4556//4556 4555//4555
f 4560//4560 4556//4556 4559//4559
f 4560//4560 4558//4558 4556//4556
f 4559//4559 4557//4557 4560//4560
f 4557//4557 4558//4558 4560//4560
f 4561//4561 4561//4561 4561//4561
f 4561//4561 4562//4562 4563//4563
f 4564//4564 4561//4561 4563//4563
f 4561//4561 4565//4565 4562//4562
f 4566//4566 4561//4561 4564//4564
f 4566//4566 4565//4565 4561//4561
f 4563//4563 4562//4562 4567//4567
f 4562//4562 4565//4565 4567//4567
f 4567//4567 4564//4564 4563//4563
f 4568//4568 4564//4564 4567//4567
f 4568//4568 4566//4566 4564//4564
f 4567//4567 4565//4565 4568//4568
f 4565//4565 4566//4566 4568//4568
f 4569//4569 4569//4569 4569//4569
f 4569//4569 4570//4570 4571//4571
f 4572//4572 4569//4569 4571//4571
f 4569//4569 4573//4573 4570//4570
f 4574//4574 4569//4569 4572//4572
f 4574//4574 4573//4573 4569//4569
f 4571//4571 4570//4570 4575//4575
f 4570//4570 4573//4573 4575//4575
f 4575//4575 4572//4572 4571//4571
f 4576//4576 4572//4572 4575//4575
f 4576//4576 4574//4574 4572//4572
f 4575//4575 4573//4573 4576//4576
f 4573//4573 4574//4574 4576//4576
f 4577//4577 4577//4577 4577//4577
f 4577//4577 4578//4578 4579//4579
f 4580//4580 4577//4577 4579//4579
f 4577//4577 4581//4581 4578//4578
f 4582//4582 4577//4577 4580//4580
f 4582//4582 4581//4581 4577//4577
f 4579//4579 4578//4578 4583//4583
f 4578//4578 4581//4581 4583//4583
f 4583//4583 4580//4580 4579//4579
f 4584//4584 4580//4580 4583//4583
f 4584//4584 4582//4582 4580//4580
f 4583//4583 4581//4581 4584//4584
f 4581//4581 4582//4582 4584//4584
f 4585//4585 4585//4585 4585//4585
f 4585//4585 4586//4586 4587//4587
f 4588//4588 4585//4585 4587//4587
f 4585//4585 4589//4589 4586//4586
f 4590//4590 4585//4585 4588//4588
f 4590//4590 4589//4589 4585//4585
f 4587//4587 4586//4586 4591//4591
f 4586//4586 4589//4589 4591//4591
f 4591//4591 4588//4588 4587//4587
f 4592//4592 4588//4588 4591//4591
f 4592//4592 4590//4590 4588//4588
f 4591//4591 4589//4589 4592//4592
f 4589//4589 4590//4590 4592//4592
f 4593//4593 4593//4593 4593//4593
f 4593//4593 4594//4594 4595//4595
f 4596//4596 4593//4593 4595//4595
f 4593//4593 4597//4597 4594//4594
f 4598//4598 4593//4593 4596//4596
f 4598//4598 4597//4597 4593//4593
f 4595//4595 4594//4594 4599//4599
f 4594//4594 4597//4597 4599//4599
f 4599//4599 4596//4596 4595//4595
f 4600//4600 4596//4596 4599//4599
f 4600//4600 4598//4598 4596//4596
f 4599//4599 4597//4597 4600//4600
f 4597//4597 4598//4598 4600//4600
f 4601//4601 4601//4601 4601//4601
f 4601//4601 4602//4602 4603//4603
f 4604//4604 4601//4601 4603//4603
f 4601//4601 4605//4605 4602//4602
f 4606//4606 4601//4601 4604//4604
f 4606//4606 4605//4605 4601//4601
f 4603//4603 4602//4602 4607//4607
f 4602//4602 4605//4605 4607//4607
f 4607//4607 4604//4604 4603//4603
f 4608//4608 4604//4604 4607//4607
f 4608//4608 4606//4606 4604//4604
f 4607//4607 4605//4605 4608//4608
f 4605//4605 4606//4606 4608//4608
f 4609//4609 4609//4609 4609//4609
f 4609//4609 4610//4610 4611//4611
f 4612//4612 4609//4609 4611//4611
f 4609//4609 4613//4613 4610//4610
f 4614//4614 4609//4609 4612//4612
f 4614//4614 4613//4613 4609//4609
f 4611//4611 4610//4610 4615//4615
f 4610//4610 4613//4613 4615//4615
f 4615//4615 4612//4612 4611//4611
f 4616//4616 4612//4612 4615//4615
f 4616//4616 4614//4614 4612//4612
f 4615//4615 4613//4613 4616//4616
f 4613//4613 4614//4614 4616//4616
f 4617//4617 4617//4617 4617//4617
f 4617//4617 4618//4618 4619//4619
f 4620//4620 4617//4617 4619//4619
f 4617//4617 4621//4621 4618//4618
f 4622//4622 4617//4617 4620//4620
f 4622//4622 4621//4621 4617//4617
f 4619//4619 4618//4618 4623//4623
f 4618//4618 4621//4621 4623//4623
f 4623//4623 4620//4620 4619//4619
f 4624//4624 4620//4620 4623//4623
f 4624//4624 4622//4622 4620//4620
f 4623//4623 4621//4621 4624//4624
f 4621//4621 4622//4622 4624//4624
f 4625//4625 4625//4625 4625//4625
f 4625//4625 4626//4626 4627//4627
f 4628//4628 4625//4625 4627//4627
f 4625//4625 4629//4629 4626//4626
f 4630//4630 4625//4625 4628//4628
f 4630//4630 4629//4629 4625//4625
f 4627//4627 4626//4626 4631//4631
f 4626//4626 4629//4629 4631//4631
f 4631//4631 4628//4628 4627//4627
f 4632//4632 4628//4628 4631//4631
f 4632//4632 4630//4630 4628//4628
f 4631//4631 4629//4629 4632//4632
f 4629//4629 4630//4630 4632//4632
f 4633//4633 4633//4633 4633//4633
f 4633//4633 4634//4634 4635//4635
f 4636//4636 4633//4633 4635//4635
f 4633//4633 4637//4637 4634//4634
f 4638//4638 4633//4633 4636//4636
f 4638//4638 4637//4637 4633//4633
f 4635//4635 4634//4634 4639//4639
f 4634//4634 4637//4637 4639//4639
f 4639//4639 4636//4636 4635//4635
f 4640//4640 4636//4636 4639//4639
f 4640//4640 4638//4638 4636//4636
f 4639//4639 4637//4637 4640//4640
f 4637//4637 4638//4638 4640//4640
f 4641//4641 4641//4641 4641//4641
f 4641//4641 4642//4642 4643//4643
f 4644//4644 4641//4641 4643//4643
f 4641//4641 4645//4645 4642//4642
f 4646//4646 4641//4641 4644//4644
f 4646//4646 4645//4645 4641//4641
f 4643//4643 4642//4642 4647//4647
f 4642//4642 4645//4645 4647//4647
f 4647//4647 4644//4644 4643//4643
f 4648//4648 4644//4644 4647//4647
f 4648//4648 4646//4646 4644//4644
f 4647//4647 4645//4645 4648//4648
f 4645//4645 4646//4646 4648//4648
f 4649//4649 4649//4649 4649//4649
f 4649//4649 4650//4650 4651//4651
f 4652//4652 4649//4649 4651//4651
f 4649//4649 4653//4653 4650//4650
f 4654//4654 4649//4649 4652//4652
f 4654//4654 4653//4653 4649//4649
f 4651//4651 4650//4650 4655//4655
f 4650//4650 4653//4653 4655//4655
f 4655//4655 4652//4652 4651//4651
f 4656//4656 4652//4652 4655//4655
f 4656//4656 4654//4654 4652//4652
f 4655//4655 4653//4653 4656//4656
f 4653//4653 4654//4654 4656//4656
f 4657//4657 4657//4657 4657//4657
f 4657//4657 4658//4658 4659//4659
f 4660//4660 4657//4657 4659//4659
f 4657//4657 4661//4661 4658//4658
f 4662//4662 4657//4657 4660//4660
f 4662//4662 4661//4661 4657//4657
f 4659//4659 4658//4658 4663//4663
f 4658//4658 4661//4661 4663//4663
f 4663//4663 4660//4660 4659//4659
f 4664//4664 4660//4660 4663//4663
f 4664//4664 4662//4662 4660//4660
f 4663//4663 4661//4661 4664//4664
f 4661//4661 4662//4662 4664//4664
f 4665//4665 4665//4665 4665//4665
f 4665//4665 4666//4666 4667//4667
f 4668//4668 4665//4665 4667//4667
f 4665//4665 4669//4669 4666//4666
f 4670//4670 4665//4665 4668//4668
f 4670//4670 4669//4669 4665//4665
f 4667//4667 4666//4666 4671//4671
f 4666//4666 4669//4669 4671//4671
f 4671//4671 4668//4668 4667//4667
f 4672//4672 4668//4668 4671//4671
f 4672//4672 4670//4670 4668//4668
f 4671//4671 4669//4669 4672//4672
f 4669//4669 4670//4670 4672//4672
f 4673//4673 4673//4673 4673//4673
f 4673//4673 4674//4674 4675//4675
f 4676//4676 4673//4673 4675//4675
f 4673//4673 4677//4677 4674//4674
f 4678//4678 4673//4673 4676//4676
f 4678//4678 4677//4677 4673//4673
f 4675//4675 4674//4674 4679//4679
f 4674//4674 4677//4677 4679//4679
f 4679//4679 4676//4676 4675//4675
f 4680//4680 4676//4676 4679//4679
f 4680//4680 4678//4678 4676//4676
f 4679//4679 4677//4677 4680//4680
f 4677//4677 4678//4678 4680//4680
f 4681//4681 4681//4681 4681//4681
f 4681//4681 4682//4682 4683//4683
f 4684//4684 4681//4681 4683//4683
f 4681//4681 4685//4685 4682//4682
f 4686//4686 4681//4681 4684//4684
f 4686//4686 4685//4685 4681//4681
f 4683//4683 4682//4682 4687//4687
f 4682//4682 4685//4685 4687//4687
f 4687//4687 4684//4684 4683//4683
f 4688//4688 4684//4684 4687//4687
f 4688//4688 4686//4686 4684//4684
f 4687//4687 4685//4685 4688//4688
f 4685//4685 4686//4686 4688//4688
f 4689//4689 4689//4689 4689//4689
f 4689//4689 4690//4690 4691//4691
f 4692//4692 4689//4689 4691//4691
f 4689//4689 4693//4693 4690//4690
f 4694//4694 4689//4689 4692//4692
f 4694//4694 4693//4693 4689//4689
f 4691//4691 4690//4690 4695//4695
f 4690//4690 4693//4693 4695//4695
f 4695//4695 4692//4692 4691//4691
f 4696//4696 4692//4692 4695//4695
f 4696//4696 4694//4694 4692//4692
f 4695//4695 4693//4693 4696//4696
f 4693//4693 4694//4694 4696//4696
f 4697//4697 4697//4697 4697//4697
f 4697//4697 4698//4698 4699//4699
f 4700//4700 4697//4697 4699//4699
f 4697//4697 4701//4701 4698//4698
f 4702//4702 4697//4697 4700//4700
f 4702//4702 4701//4701 4697//4697
f 4699//4699 4698//4698 4703//4703
f 4698//4698 4701//4701 4703//4703
f 4703//4703 4700//4700 4699//4699
f 4704//4704 4700//4700 4703//4703
f 4704//4704 4702//4702 4700//4700
f 4703//4703 4701//4701 4704//4704
f 4701//4701 4702//4702 4704//4704
f 4705//4705 4705//4705 4705//4705
f 4705//4705 4706//4706 4707//4707
f 4708//4708 4705//4705 4707//4707
f 4705//4705 4709//4709 4706//4706
f 4710//4710 4705//4705 4708//4708
f 4710//4710 4709//4709 4705//4705
f 4707//4707 4706//4706 4711//4711
f 4706//4706 4709//4709 4711//4711
f 4711//4711 4708//4708 4707//4707
f 4712//4712 4708//4708 4711//4711
f 4712//4712 4710//4710 4708//4708
f 4711//4711 4709//4709 4712//4712
f 4709//4709 4710//4710 4712//4712
f 4713//4713 4713//4713 4713//4713
f 4713//4713 4714//4714 4715//4715
f 4716//4716 4713//4713 4715//4715
f 4713//4713 4717//4717 4714//4714
f 4718//4718 4713//4713 4716//4716
f 4718//4718 4717//4717 4713//4713
f 4715//4715 4714//4714 4719//4719
f 4714//4714 4717//4717 4719//4719
f 4719//4719 4716//4716 4715//4715
f 4720//4720 4716//4716 4719//4719
f 4720//4720 4718//4718 4716//4716
f 4719//4719 4717//4717 4720//4720
f 4717//4717 4718//4718 4720//4720
f 4721//4721 4721//4721 4721//4721
f 4721//4721 4722//4722 4723//4723
f 4724//4724 4721//4721 4723//4723
f 4721//4721 4725//4725 4722//4722
f 4726//4726 4721//4721 4724//4724
f 4726//4726 4725//4725 4721//4721
f 4723//4723 4722//4722 4727//4727
f 4722//4722 4725//4725 4727//4727
f 4727//4727 4724//4724 4723//4723
f 4728//4728 4724//4724 4727//4727
f 4728//4728 4726//4726 4724//4724
f 4727//4727 4725//4725 4728//4728
f 4725//4725 4726//4726 4728//4728
f 4729//4729 4729//4729 4729//4729
f 4729//4729 4730//4730 4731//4731
f 4732//4732 4729//4729 4731//4731
f 4729//4729 4733//4733 4730//4730
f 4734//4734 4729//4729 4732//4732
f 4734//4734 4733//4733 4729//4729
f 4731//4731 4730//4730 4735//4735
f 4730//4730 4733//4733 4735//4735
f 4735//4735 4732//4732 4731//4731
f 4736//4736 4732//4732 4735//4735
f 4736//4736 4734//4734 4732//4732
f 4735//4735 4733//4733 4736//4736
f 4733//4733 4734//4734 4736//4736
f 4737//4737 4737//4737 4737//4737
f 4737//4737 4738//4738 4739//4739
f 4740//4740 4737//4737 4739//4739
f 4737//4737 4741//4741 4738//4738
f 4742//4742 4737//4737 4740//4740
f 4742//4742 4741//4741 4737//4737
f 4739//4739 4738//4738 4743//4743
f 4738//4738 4741//4741 4743//4743
f 4743//4743 4740//4740 4739//4739
f 4744//4744 4740//4740 4743//4743
f 4744//4744 4742//4742 4740//4740
f 4743//4743 4741//4741 4744//4744
f 4741//4741 4742//4742 4744//4744
f 4745//4745 4745//4745 4745//4745
f 4745//4745 4746//4746 4747//4747
f 4748//4748 4745//4745 4747//4747
f 4745//4745 4749//4749 4746//4746
f 4750//4750 4745//4745 4748//4748
f 4750//4750 4749//4749 4745//4745
f 4747//4747 4746//4746 4751//4751
f 4746//4746 4749//4749 4751//4751
f 4751//4751 4748//4748 4747//4747
f 4752//4752 4748//4748 4751//4751
f 4752//4752 4750//4750 4748//4748
f 4751//4751 4749//4749 4752//4752
f 4749//4749 4750//4750 4752//4752
f 4753//4753 4753//4753 4753//4753
f 4753//4753 4754//4754 4755//4755
f 4756//4756 4753//4753 4755//4755
f 4753//4753 4757//4757 4754//4754
f 4758//4758 4753//4753 4756//4756
f 4758//4758 4757//4757 4753//4753
f 4755//4755 4754//4754 4759//4759
f 4754//4754 4757//4757 4759//4759
f 4759//4759 4756//4756 4755//4755
f 4760//4760 4756//4756 4759//4759
f 4760//4760 4758//4758 4756//4756
f 4759//4759 4757//4757 4760//4760
f 4757//4757 4758//4758 4760//4760
f 4761//4761 4761//4761 4761//4761
f 4761//4761 4762//4762 4763//4763
f 4764//4764 4761//4761 4763//4763
f 4761//4761 4765//4765 4762//4762
f 4766//4766 4761//4761 4764//4764
f 4766//4766 4765//4765 4761//4761
f 4763//4763 4762//4762 4767//4767
f 4762//4762 4765//4765 4767//4767
f 4767//4767 4764//4764 4763//4763
f 4768//4768 4764//4764 4767//4767
f 4768//4768 4766//4766 4764//4764
f 4767//4767 4765//4765 4768//4768
f 4765//4765 4766//4766 4768//4768
f 4769//4769 4769//4769 4769//4769
f 4769//4769 4770//4770 4771//4771
f 4772//4772 4769//4769 4771//4771
f 4769//4769 4773//4773 4770//4770
f 4774//4774 4769//4769 4772//4772
f 4774//4774 4773//4773 4769//4769
f 4771//4771 4770//4770 4775//4775
f 4770//4770 4773//4773 4775//4775
f 4775//4775 4772//4772 4771//4771
f 4776//4776 4772//4772 4775//4775
f 4776//4776 4774//4774 4772//4772
f 4775//4775 4773//4773 4776//4776
f 4773//4773 4774//4774 4776//4776
f 4777//4777 4777//4777 4777//4777
f 4777//4777 4778//4778 4779//4779
f 4780//4780 4777//4777 4779//4779
f 4777//4777 4781//4781 4778//4778
f 4782//4782 4777//4777 4780//4780
f 4782//4782 4781//4781 4777//4777
f 4779//4779 4778//4778 4783//4783
f 4778//4778 4781//4781 4783//4783
f 4783//4783 4780//4780 4779//4779
f 4784//4784 4780//4780 4783//4783
f 4784//4784 4782//4782 4780//4780
f 4783//4783 4781//4781 4784//4784
f 4781//4781 4782//4782 4784//4784
f 4785//4785 4785//4785 4785//4785
f 4785//4785 4786//4786 4787//4787
f 4788//4788 4785//4785 4787//4787
f 4785//4785 4789//4789 4786//4786
f 4790//4790 4785//4785 4788//4788
f 4790//4790 4789//4789 4785//4785
f 4787//4787 4786//4786 4791//4791
f 4786//4786 4789//4789 4791//4791
f 4791//4791 4788//4788 4787//4787
f 4792//4792 4788//4788 4791//4791
f 4792//4792 4790//4790 4788//4788
f 4791//4791 4789//4789 4792//4792
f 4789//4789 4790//4790 4792//4792
f 4793//4793 4793//4793 4793//4793
f 4793//4793 4794//4794 4795//4795
f 4796//4796 4793//4793 4795//4795
f 4795//4795 4794//4794 4797//4797
f 4797//4797 4796//4796 4795//4795
f 4793//4793 4798//4798 4794//4794
f 4799//4799 4793//4793 4796//4796
f 4799//4799 4798//4798 4793//4793
f 4794//4794 4798//4798 4797//4797
f 4800//4800 4796//4796 4797//4797
f 4800//4800 4799//4799 4796//4796
f 4797//4797 4798//4798 4800//4800
f 4798//4798 4799//4799 4800//4800
f 4801//4801 4801//4801 4801//4801
f 4801//4801 4802//4802 4803//4803
f 4801//4801 4803//4803 4804//4804
f 4804//4804 4803//4803 4805//4805
f 4803//4803 4802//4802 4806//4806
f 4803//4803 4806//4806 4805//4805
f 4807//4807 4802//4802 4801//4801
f 4807//4807 4801//4801 4808//4808
f 4808//4808 4801//4801 4804//4804
f 4809//4809 4802//4802 4810//4810
f 4810//4810 4802//4802 4811//4811
f 4811//4811 4802//4802 4812//4812
f 4812//4812 4802//4802 4813//4813
f 4813//4813 4802//4802 4814//4814
f 4814//4814 4802//4802 4815//4815
f 4815//4815 4802//4802 4816//4816
f 4816//4816 4802//4802 4817//4817
f 4817//4817 4802//4802 4818//4818
f 4818//4818 4802//4802 4807//4807
f 4806//4806 4802//4802 4819//4819
f 4819//4819 4802//4802 4820//4820
f 4820//4820 4802//4802 4821//4821
f 4821//4821 4802//4802 4822//4822
f 4822//4822 4802//4802 4823//4823
f 4823//4823 4802//4802 4824//4824
f 4824//4824 4802//4802 4825//4825
f 4825//4825 4802//4802 4826//4826
f 4826//4826 4802//4802 4827//4827
f 4827//4827 4802//4802 4828//4828
f 4828//4828 4802//4802 4809//4809
f 4808//4808 4804//4804 4829//4829
f 4804//4804 4805//4805 4829//4829
f 4805//4805 4806//4806 4830//4830
f 4805//4805 4830//4830 4829//4829
f 4806//4806 4819//4819 4830//4830
f 4818//4818 4807//4807 4831//4831
f 4831//4831 4807//4807 4808//4808
f 4831//4831 4808//4808 4829//4829
f 4809//4809 4810//4810 4832//4832
f 4828//4828 4809//4809 4833//4833
f 4833//4833 4809//4809 4832//4832
f 4832//4832 4810//4810 4834//4834
f 4810//4810 4811//4811 4834//4834
f 4834//4834 4811//4811 4835//4835
f 4811//4811 4812//4812 4835//4835
f 4835//4835 4812//4812 4836//4836
f 4812//4812 4813//4813 4836//4836
f 4836//4836 4813//4813 4837//4837
f 4813//4813 4814//4814 4837//4837
f 4837//4837 4814//4814 4838//4838
f 4814//4814 4815//4815 4838//4838
f 4838//4838 4815//4815 4839//4839
f 4815//4815 4816//4816 4839//4839
f 4839//4839 4816//4816 4840//4840
f 4816//4816 4817//4817 4840//4840
f 4840//4840 4817//4817 4841//4841
f 4817//4817 4818//4818 4841//4841
f 4841//4841 4818//4818 4831//4831
f 4830//4830 4819//4819 4842//4842
f 4819//4819 4820//4820 4842//4842
f 4842//4842 4820//4820 4843//4843
f 4820//4820 4821//4821 4843//4843
f 4843//4843 4821//4821 4844//4844
f 4821//4821 4822//4822 4844//4844
f 4844//4844 4822//4822 4845//4845
f 4822//4822 4823//4823 4845//4845
f 4845//4845 4823//4823 4846//4846
f 4823//4823 4824//4824 4846//4846
f 4846//4846 4824//4824 4847//4847
f 4824//4824 4825//4825 4847//4847
f 4847//4847 4825//4825 4848//4848
f 4825//4825 4826//4826 4848//4848
f 4848//4848 4826//4826 4849//4849
f 4826//4826 4827//4827 4849//4849
f 4849//4849 4827//4827 4850//4850
f 4827//4827 4828//4828 4850//4850
f 4850//4850 4828//4828 4833//4833
f 4832//4832 4834//4834 4829//4829
f 4834//4834 4835//4835 4829//4829
f 4835//4835 4836//4836 4829//4829
f 4836//4836 4837//4837 4829//4829
f 4837//4837 4838//4838 4829//4829
f 4838//4838 4839//4839 4829//4829
f 4839//4839 4840//4840 4829//4829
f 4840//4840 4841//4841 4829//4829
f 4841//4841 4831//4831 4829//4829
f 4830//4830 4842//4842 4829//4829
f 4842//4842 4843//4843 4829//4829
f 4843//4843 4844//4844 4829//4829
f 4844//4844 4845//4845 4829//4829
f 4845//4845 4846//4846 4829//4829
f 4846//4846 4847//4847 4829//4829
f 4847//4847 4848//4848 4829//4829
f 4848//4848 4849//4849 4829//4829
f 4849//4849 4850//4850 4829//4829
f 4850//4850 4833//4833 4829//4829
f 4833//4833 4832//4832 4829//4829
f 4851//4851 4851//4851 4851//4851
f 4851//4851 4852//4852 4853//4853
f 4851//4851 4853//4853 4854//4854
f 4854//4854 4853//4853 4855//4855
f 4853//4853 4852//4852 4856//4856
f 4853//4853 4856//4856 4855//4855
f 4857//4857 4852//4852 4851//4851
f 4857//4857 4851//4851 4858//4858
f 4858//4858 4851//4851 4854//4854
f 4859//4859 4852//4852 4860//4860
f 4860//4860 4852//4852 4861//4861
f 4861//4861 4852//4852 4862//4862
f 4862//4862 4852//4852 4863//4863
f 4863//4863 4852//4852 4864//4864
f 4864//4864 4852//4852 4865//4865
f 4865//4865 4852//4852 4866//4866
f 4866//4866 4852//4852 4867//4867
f 4867//4867 4852//4852 4868//4868
f 4868//4868 4852//4852 4857//4857
f 4856//4856 4852//4852 4869//4869
f 4869//4869 4852//4852 4870//4870
f 4870//4870 4852//4852 4871//4871
f 4871//4871 4852//4852 4872//4872
f 4872//4872 4852//4852 4873//4873
f 4873//4873 4852//4852 4874//4874
f 4874//4874 4852//4852 4875//4875
f 4875//4875 4852//4852 4876//4876
f 4876//4876 4852//4852 4877//4877
f 4877//4877 4852//4852 4878//4878
f 4878//4878 4852//4852 4859//4859
f 4858//4858 4854//4854 4879//4879
f 4854//4854 4855//4855 4879//4879
f 4855//4855 4856//4856 4880//4880
f 4855//4855 4880//4880 4879//4879
f 4856//4856 4869//4869 4880//4880
f 4868//4868 4857//4857 4881//4881
f 4881//4881 4857//4857 4858//4858
f 4881//4881 4858//4858 4879//4879
f 4859//4859 4860//4860 4882//4882
f 4878//4878 4859//4859 4883//4883
f 4883//4883 4859//4859 4882//4882
f 4882//4882 4860//4860 4884//4884
f 4860//4860 4861//4861 4884//4884
f 4884//4884 4861//4861 4885//4885
f 4861//4861 4862//4862 4885//4885
f 4885//4885 4862//4862 4886//4886
f 4862//4862 4863//4863 4886//4886
f 4886//4886 4863//4863 4887//4887
f 4863//4863 4864//4864 4887//4887
f 4887//4887 4864//4864 4888//4888
f 4864//4864 4865//4865 4888//4888
f 4888//4888 4865//4865 4889//4889
f 4865//4865 4866//4866 4889//4889
f 4889//4889 4866//4866 4890//4890
f 4866//4866 4867//4867 4890//4890
f 4890//4890 4867//4867 4891//4891
f 4867//4867 4868//4868 4891//4891
f 4891//4891 4868//4868 4881//4881
f 4880//4880 4869//4869 4892//4892
f 4869//4869 4870//4870 4892//4892
f 4892//4892 4870//4870 4893//4893
f 4870//4870 4871//4871 4893//4893
f 4893//4893 4871//4871 4894//4894
f 4871//4871 4872//4872 4894//4894
f 4894//4894 4872//4872 4895//4895
f 4872//4872 4873//4873 4895//4895
f 4895//4895 4873//4873 4896//4896
f 4873//4873 4874//4874 4896//4896
f 4896//4896 4874//4874 4897//4897
f 4874//4874 4875//4875 4897//4897
f 4897//4897 4875//4875 4898//4898
f 4875//4875 4876//4876 4898//4898
f 4898//4898 4876//4876 4899//4899
f 4876//4876 4877//4877 4899//4899
f 4899//4899 4877//4877 4900//4900
f 4877//4877 4878//4878 4900//4900
f 4900//4900 4878//4878 4883//4883
f 4882//4882 4884//4884 4879//4879
f 4884//4884 4885//4885 4879//4879
f 4885//4885 4886//4886 4879//4879
f 4886//4886 4887//4887 4879//4879
f 4887//4887 4888//4888 4879//4879
f 4888//4888 4889//4889 4879//4879
f 4889//4889 4890//4890 4879//4879
f 4890//4890 4891//4891 4879//4879
f 4891//4891 4881//4881 4879//4879
f 4880//4880 4892//4892 4879//4879
f 4892//4892 4893//4893 4879//4879
f 4893//4893 4894//4894 4879//4879
f 4894//4894 4895//4895 4879//4879
f 4895//4895 4896//4896 4879//4879
f 4896//4896 4897//4897 4879//4879
f 4897//4897 4898//4898 4879//4879
f 4898//4898 4899//4899 4879//4879
f 4899//4899 4900//4900 4879//4879
f 4900//4900 4883//4883 4879//4879
f 4883//4883 4882//4882 4879//4879

